{
	"credit": "Made with Blockbench",
	"textures": {
		"8": "block/yellow_wool",
		"texture": "block/brown_mushroom_block",
		"texture1": "block/nether_bricks",
		"texture2": "block/sandstone_bottom",
		"texture3": "block/gray_wool",
		"texture4": "block/gray_wool",
		"texture6": "block/jungle_planks",
		"texture7": "block/cobblestone"
	},
	"elements": [
		{
			"name": "Box1",
			"from": [-5, 4.625, -0.375],
			"to": [21.3, 5.625, -0.075],
			"faces": {
				"north": {"uv": [0, 10.375, 16, 11.375], "texture": "#texture1"},
				"east": {"uv": [0.075, 10.375, 0.375, 11.375], "texture": "#texture1"},
				"south": {"uv": [0, 10.375, 16, 11.375], "texture": "#texture1"},
				"west": {"uv": [15.625, 10.375, 15.925, 11.375], "texture": "#texture1"},
				"up": {"uv": [0, 0, 3, 1], "texture": "#texture1"},
				"down": {"uv": [0, 0.075, 16, 0.375], "texture": "#texture1"}
			}
		},
		{
			"name": "Box1",
			"from": [18.125, 3.625, -1],
			"to": [20.625, 4.625, -0.2],
			"rotation": {"angle": 22.5, "axis": "z", "origin": [18.125, 3.625, -1]},
			"faces": {
				"north": {"uv": [0.499, 13.499, 3.497, 14.499], "texture": "#texture"},
				"east": {"uv": [1, 12.5, 3.996, 14.249], "texture": "#texture"},
				"south": {"uv": [1.5, 13, 4.497, 14.498], "texture": "#texture"},
				"west": {"uv": [1.25, 12.75, 3.746, 13.749], "texture": "#texture"},
				"up": {"uv": [2.25, 13.248, 5.25, 14.247], "texture": "#texture"},
				"down": {"uv": [0, 15, 3, 16], "texture": "#texture"}
			}
		},
		{
			"name": "Box1",
			"from": [-5, 1.5, 16.2],
			"to": [21, 5, 17],
			"faces": {
				"north": {"uv": [0.499, 13.499, 3.497, 14.499], "texture": "#texture"},
				"east": {"uv": [1, 12.5, 3.996, 14.249], "texture": "#texture"},
				"south": {"uv": [1.5, 13, 4.497, 14.498], "texture": "#texture"},
				"west": {"uv": [1.25, 12.75, 3.746, 13.749], "texture": "#texture"},
				"up": {"uv": [2.25, 13.248, 5.25, 14.247], "texture": "#texture"},
				"down": {"uv": [2, 12.25, 4.999, 13.249], "texture": "#texture"}
			}
		},
		{
			"name": "Box1",
			"from": [-11.75, 2.75, 2.25],
			"to": [-9.25, 4.75, 5.25],
			"rotation": {"angle": -22.5, "axis": "y", "origin": [-11.75, 2.75, 2.25]},
			"faces": {
				"north": {"uv": [13, 15, 16, 16], "texture": "#texture1"},
				"east": {"uv": [15, 15, 16, 16], "texture": "#texture1"},
				"south": {"uv": [0, 15, 3, 16], "texture": "#texture1"},
				"west": {"uv": [0, 15, 1, 16], "texture": "#texture1"},
				"up": {"uv": [0, 0, 3, 1], "texture": "#texture1"},
				"down": {"uv": [0, 15, 3, 16], "texture": "#texture1"}
			}
		},
		{
			"name": "Box1",
			"from": [21, 1.5, -1],
			"to": [27, 5.5, 0],
			"rotation": {"angle": -22.5, "axis": "y", "origin": [21, 1.5, -1]},
			"faces": {
				"north": {"uv": [0.499, 13.499, 3.497, 14.499], "texture": "#texture"},
				"east": {"uv": [1, 12.5, 3.996, 14.249], "texture": "#texture"},
				"south": {"uv": [1.5, 13, 4.497, 14.498], "texture": "#texture"},
				"west": {"uv": [1.25, 12.75, 3.746, 13.749], "texture": "#texture"},
				"up": {"uv": [2.25, 13.248, 5.25, 14.247], "texture": "#texture"},
				"down": {"uv": [2, 12.25, 4.999, 13.249], "texture": "#texture"}
			}
		},
		{
			"name": "Box1",
			"from": [-10.625, 1.5, 1.25],
			"to": [-7.625, 5.5, 5.25],
			"rotation": {"angle": -22.5, "axis": "y", "origin": [-10.625, 1.5, 1.25]},
			"faces": {
				"north": {"uv": [0.499, 13.499, 3.497, 14.499], "texture": "#texture"},
				"east": {"uv": [1, 12.5, 3.996, 14.249], "texture": "#texture"},
				"south": {"uv": [1.5, 13, 4.497, 14.498], "texture": "#texture"},
				"west": {"uv": [1.25, 12.75, 3.746, 13.749], "texture": "#texture"},
				"up": {"uv": [0, 13.5, 0.75, 14.248], "texture": "#texture"},
				"down": {"uv": [2, 12.25, 4.999, 13.249], "texture": "#texture"}
			}
		},
		{
			"name": "Box1",
			"from": [-10.125, 1.5, 13.75],
			"to": [-4.125, 5.5, 14.75],
			"rotation": {"angle": -22.5, "axis": "y", "origin": [-10.125, 1.5, 13.75]},
			"faces": {
				"north": {"uv": [0.499, 13.499, 3.497, 14.499], "texture": "#texture"},
				"east": {"uv": [1, 12.5, 3.996, 14.249], "texture": "#texture"},
				"south": {"uv": [1.5, 13, 4.497, 14.498], "texture": "#texture"},
				"west": {"uv": [1.25, 12.75, 3.746, 13.749], "texture": "#texture"},
				"up": {"uv": [2.25, 13.248, 5.25, 14.247], "texture": "#texture"},
				"down": {"uv": [2, 12.25, 4.999, 13.249], "texture": "#texture"}
			}
		},
		{
			"name": "Box1",
			"from": [-5.125, 4.875, 16],
			"to": [-4.125, 5.875, 16.5],
			"faces": {
				"north": {"uv": [0.499, 13.499, 3.497, 14.499], "texture": "#texture"},
				"east": {"uv": [1, 12.5, 3.996, 14.249], "texture": "#texture"},
				"south": {"uv": [1.5, 13, 4.497, 14.498], "texture": "#texture"},
				"west": {"uv": [1.25, 12.75, 3.746, 13.749], "texture": "#texture"},
				"up": {"uv": [2.25, 13.248, 5.25, 14.247], "texture": "#texture"},
				"down": {"uv": [2, 12.25, 4.999, 13.249], "texture": "#texture"}
			}
		},
		{
			"name": "Box7",
			"from": [-13, 2.5, 4.5],
			"to": [-11, 5, 11.5],
			"faces": {
				"north": {"uv": [11, 11, 13, 13.5], "texture": "#texture1"},
				"east": {"uv": [4.5, 11, 11.5, 13.5], "texture": "#texture1"},
				"south": {"uv": [3, 11, 5, 13.5], "texture": "#texture1"},
				"west": {"uv": [4.5, 11, 11.5, 13.5], "texture": "#texture1"},
				"up": {"uv": [3, 4.5, 5, 11.5], "texture": "#texture1"},
				"down": {"uv": [3, 4.5, 5, 11.5], "texture": "#texture1"}
			}
		},
		{
			"name": "Box7",
			"from": [23.25, 3.875, 2.625],
			"to": [25.75, 7.875, 4.625],
			"rotation": {"angle": 22.5, "axis": "y", "origin": [23.25, 3.875, 2.625]},
			"faces": {
				"north": {"uv": [0, 0, 1.999, 2.25], "texture": "#texture2"},
				"east": {"uv": [0, 0, 2, 2], "texture": "#texture2"},
				"south": {"uv": [0, 0, 1.999, 1.5], "texture": "#texture2"},
				"west": {"uv": [0, 0, 1.749, 1.75], "texture": "#texture2"},
				"up": {"uv": [0, 0, 1.498, 1.75], "texture": "#texture2"},
				"down": {"uv": [0, 0, 1.749, 1.75], "texture": "#texture2"}
			}
		},
		{
			"name": "Box12",
			"from": [26.125, 1.5, 3],
			"to": [27.125, 6, 13],
			"faces": {
				"north": {"uv": [0.499, 13.499, 3.497, 14.499], "texture": "#texture"},
				"east": {"uv": [1, 12.5, 3.996, 14.249], "texture": "#texture"},
				"south": {"uv": [1.5, 13, 4.497, 14.498], "texture": "#texture"},
				"west": {"uv": [1.25, 12.75, 3.746, 13.749], "texture": "#texture"},
				"up": {"uv": [2.25, 13.248, 5.25, 14.247], "texture": "#texture"},
				"down": {"uv": [2, 12.25, 4.999, 13.249], "texture": "#texture"}
			}
		},
		{
			"name": "Box1",
			"from": [22.625, 4.875, -0.25],
			"to": [26.625, 5.875, 0.75],
			"rotation": {"angle": -22.5, "axis": "y", "origin": [22.625, 4.875, -0.25]},
			"faces": {
				"north": {"uv": [0.499, 13.499, 3.497, 14.499], "texture": "#texture"},
				"east": {"uv": [1, 12.5, 3.996, 14.249], "texture": "#texture"},
				"south": {"uv": [1.5, 13, 4.497, 14.498], "texture": "#texture"},
				"west": {"uv": [1.25, 12.75, 3.746, 13.749], "texture": "#texture"},
				"up": {"uv": [2.25, 13.248, 5.25, 14.247], "texture": "#texture"},
				"down": {"uv": [2, 12.25, 4.999, 13.249], "texture": "#texture"}
			}
		},
		{
			"name": "Box1",
			"from": [21.5, 4.625, -1.375],
			"to": [25, 5.625, -0.075],
			"rotation": {"angle": -22.5, "axis": "y", "origin": [21.5, 4.625, -1.375]},
			"faces": {
				"north": {"uv": [13, 15, 16, 16], "texture": "#texture1"},
				"east": {"uv": [15, 15, 16, 16], "texture": "#texture1"},
				"south": {"uv": [0, 15, 3, 16], "texture": "#texture1"},
				"west": {"uv": [0, 15, 1, 16], "texture": "#texture1"},
				"up": {"uv": [0, 0, 3, 1], "texture": "#texture1"},
				"down": {"uv": [0, 15, 3, 16], "texture": "#texture1"}
			}
		},
		{
			"name": "Box1",
			"from": [20, 4.5, 16],
			"to": [21, 5.5, 17],
			"faces": {
				"north": {"uv": [0.249, 13, 3.249, 14], "texture": "#texture1"},
				"east": {"uv": [0.75, 12.5, 3.998, 14.499], "texture": "#texture1"},
				"south": {"uv": [1, 13, 3.999, 14], "texture": "#texture1"},
				"west": {"uv": [0, 15, 1, 16], "texture": "#texture1"},
				"up": {"uv": [1.25, 13.249, 4.249, 14.249], "texture": "#texture1"},
				"down": {"uv": [1, 13, 3.999, 14], "texture": "#texture1"}
			}
		},
		{
			"name": "Box1",
			"from": [18.125, 3.625, 16.2],
			"to": [20.625, 4.625, 17],
			"rotation": {"angle": 22.5, "axis": "z", "origin": [18.125, 3.625, 16]},
			"faces": {
				"north": {"uv": [0.499, 13.499, 3.497, 14.499], "texture": "#texture"},
				"east": {"uv": [1, 12.5, 3.996, 14.249], "texture": "#texture"},
				"south": {"uv": [1.5, 13, 4.497, 14.498], "texture": "#texture"},
				"west": {"uv": [1.25, 12.75, 3.746, 13.749], "texture": "#texture"},
				"up": {"uv": [2.25, 13.248, 5.25, 14.247], "texture": "#texture"},
				"down": {"uv": [2, 12.25, 4.999, 13.249], "texture": "#texture"}
			}
		},
		{
			"name": "Box1",
			"from": [-5, 1.5, -1],
			"to": [21, 5, -0.2],
			"faces": {
				"north": {"uv": [0.499, 13.499, 3.497, 14.499], "texture": "#texture"},
				"east": {"uv": [1, 12.5, 3.996, 14.249], "texture": "#texture"},
				"south": {"uv": [1.5, 13, 4.497, 14.498], "texture": "#texture"},
				"west": {"uv": [1.25, 12.75, 3.746, 13.749], "texture": "#texture"},
				"up": {"uv": [2.25, 13.248, 5.25, 14.247], "texture": "#texture"},
				"down": {"uv": [2, 12.25, 4.999, 13.249], "texture": "#texture"}
			}
		},
		{
			"name": "Box1",
			"from": [-5, 4.5, 16],
			"to": [21, 5.5, 16.5],
			"faces": {
				"north": {"uv": [0.499, 13.499, 3.497, 14.499], "texture": "#texture1"},
				"east": {"uv": [1, 12.5, 3.996, 14.249], "texture": "#texture1"},
				"south": {"uv": [1.5, 13, 4.497, 14.498], "texture": "#texture1"},
				"west": {"uv": [1.25, 12.75, 3.746, 13.749], "texture": "#texture1"},
				"up": {"uv": [2.25, 13.248, 5.25, 14.247], "texture": "#texture1"},
				"down": {"uv": [2, 12.25, 4.999, 13.249], "texture": "#texture1"}
			}
		},
		{
			"name": "Box1",
			"from": [-10.5, 1.5, 1.25],
			"to": [-4.5, 5.5, 1.75],
			"rotation": {"angle": 22.5, "axis": "y", "origin": [-10.5, 1.5, 1.25]},
			"faces": {
				"north": {"uv": [0.499, 13.499, 3.497, 14.499], "texture": "#texture"},
				"east": {"uv": [1, 12.5, 3.996, 14.249], "texture": "#texture"},
				"south": {"uv": [1.5, 13, 4.497, 14.498], "texture": "#texture"},
				"west": {"uv": [1.25, 12.75, 3.746, 13.749], "texture": "#texture"},
				"up": {"uv": [2.25, 13.248, 5.25, 14.247], "texture": "#texture"},
				"down": {"uv": [2, 12.25, 4.999, 13.249], "texture": "#texture"}
			}
		},
		{
			"name": "Box1",
			"from": [-9.625, 1.875, 13.875],
			"to": [-4.125, 5.875, 14.375],
			"rotation": {"angle": -22.5, "axis": "y", "origin": [-9.625, 1.875, 13.875]},
			"faces": {
				"north": {"uv": [0.499, 13.499, 3.497, 14.499], "texture": "#texture"},
				"east": {"uv": [1, 12.5, 3.996, 14.249], "texture": "#texture"},
				"south": {"uv": [1.5, 13, 4.497, 14.498], "texture": "#texture"},
				"west": {"uv": [1.25, 12.75, 3.746, 13.749], "texture": "#texture"},
				"up": {"uv": [2.25, 13.248, 5.25, 14.247], "texture": "#texture"},
				"down": {"uv": [2, 12.25, 4.999, 13.249], "texture": "#texture"}
			}
		},
		{
			"name": "Box23",
			"from": [-10.25, 6.5, 8],
			"to": [-9.95, 6.8, 16],
			"rotation": {"angle": 22.5, "axis": "y", "origin": [-10.25, 6.5, 8]},
			"faces": {
				"north": {"uv": [7.5, 15, 8.5, 16], "texture": "#texture4"},
				"east": {"uv": [10.5, 15, 15, 16], "texture": "#texture4"},
				"south": {"uv": [7.5, 15, 8.5, 16], "texture": "#texture4"},
				"west": {"uv": [1, 15, 5.5, 16], "texture": "#texture4"},
				"up": {"uv": [7.5, 1, 8.5, 5.5], "texture": "#texture4"},
				"down": {"uv": [7.5, 10.5, 8.5, 15], "texture": "#texture4"}
			}
		},
		{
			"name": "Box23",
			"from": [-7.25, 6.5, 0.625],
			"to": [-6.95, 6.8, 8.625],
			"rotation": {"angle": -22.5, "axis": "y", "origin": [-7.25, 6.5, 0.625]},
			"faces": {
				"north": {"uv": [7.5, 15, 8.5, 16], "texture": "#texture4"},
				"east": {"uv": [10.5, 15, 15, 16], "texture": "#texture4"},
				"south": {"uv": [7.5, 15, 8.5, 16], "texture": "#texture4"},
				"west": {"uv": [1, 15, 5.5, 16], "texture": "#texture4"},
				"up": {"uv": [7.5, 1, 8.5, 5.5], "texture": "#texture4"},
				"down": {"uv": [7.5, 10.5, 8.5, 15], "texture": "#texture4"}
			}
		},
		{
			"name": "Box25",
			"from": [-11.375, 4, 8.875],
			"to": [-9.875, 5.5, 10.875],
			"rotation": {"angle": 22.5, "axis": "y", "origin": [-11.375, 4, 8.875]},
			"faces": {
				"north": {"uv": [0.499, 13.499, 3.497, 14.499], "texture": "#texture"},
				"east": {"uv": [1, 12.5, 3.996, 14.249], "texture": "#texture"},
				"south": {"uv": [1.5, 13, 4.497, 14.498], "texture": "#texture"},
				"west": {"uv": [1.25, 12.75, 3.746, 13.749], "texture": "#texture"},
				"up": {"uv": [0, 13.5, 0.75, 14.248], "texture": "#texture"},
				"down": {"uv": [2, 12.25, 4.999, 13.249], "texture": "#texture"}
			}
		},
		{
			"name": "Box25",
			"from": [-10.75, 4, 5.25],
			"to": [-9.25, 5.5, 7.25],
			"rotation": {"angle": -22.5, "axis": "y", "origin": [-10.75, 4, 5.25]},
			"faces": {
				"north": {"uv": [0.499, 13.499, 3.497, 14.499], "texture": "#texture"},
				"east": {"uv": [1, 12.5, 3.996, 14.249], "texture": "#texture"},
				"south": {"uv": [1.5, 13, 4.497, 14.498], "texture": "#texture"},
				"west": {"uv": [1.25, 12.75, 3.746, 13.749], "texture": "#texture"},
				"up": {"uv": [0, 13.5, 0.75, 14.248], "texture": "#texture"},
				"down": {"uv": [2, 12.25, 4.999, 13.249], "texture": "#texture"}
			}
		},
		{
			"name": "Box25",
			"from": [-8.25, 4, 0.375],
			"to": [-7.25, 5.5, 1.375],
			"rotation": {"angle": -22.5, "axis": "y", "origin": [-8.25, 4, 0.375]},
			"faces": {
				"north": {"uv": [7.5, 10.5, 9, 11.5], "texture": "#texture"},
				"east": {"uv": [13.5, 10.5, 15, 11.5], "texture": "#texture"},
				"south": {"uv": [7, 10.5, 8.5, 11.5], "texture": "#texture"},
				"west": {"uv": [1, 10.5, 2.5, 11.5], "texture": "#texture"},
				"up": {"uv": [7, 1, 8.5, 2.5], "texture": "#texture"},
				"down": {"uv": [7, 13.5, 8.5, 15], "texture": "#texture"}
			}
		},
		{
			"name": "Box25",
			"from": [-9.5, 4, 13.5],
			"to": [-8, 5.5, 15.5],
			"rotation": {"angle": 22.5, "axis": "y", "origin": [-9.5, 4, 13.5]},
			"faces": {
				"north": {"uv": [7.5, 10.5, 9, 11.5], "texture": "#texture"},
				"east": {"uv": [13.5, 10.5, 15, 11.5], "texture": "#texture"},
				"south": {"uv": [7, 10.5, 8.5, 11.5], "texture": "#texture"},
				"west": {"uv": [1, 10.5, 2.5, 11.5], "texture": "#texture"},
				"up": {"uv": [0, 13.5, 0.75, 14.248], "texture": "#texture"},
				"down": {"uv": [7, 13.5, 8.5, 15], "texture": "#texture"}
			}
		},
		{
			"name": "Box29",
			"from": [20, 3.125, 0.5],
			"to": [22.5, 4.125, 15.5],
			"faces": {
				"north": {"uv": [1, 15, 2, 16], "texture": "#texture1"},
				"east": {"uv": [1, 15, 2, 16], "texture": "#texture1"},
				"south": {"uv": [14, 15, 15, 16], "texture": "#texture1"},
				"west": {"uv": [14, 15, 15, 16], "texture": "#texture1"},
				"up": {"uv": [0.5, 10, 16, 12], "texture": "#texture1"},
				"down": {"uv": [1, 2, 13.5, 5], "texture": "#texture1"}
			}
		},
		{
			"name": "Box30",
			"from": [23.2, 5.5, 3.5],
			"to": [26, 8, 12.5],
			"faces": {
				"north": {"uv": [0, 0, 1.999, 2.25], "texture": "#texture2"},
				"east": {"uv": [0, 0, 2, 2], "texture": "#texture2"},
				"south": {"uv": [0, 0, 1.999, 1.5], "texture": "#texture2"},
				"west": {"uv": [0, 0, 1.749, 1.75], "texture": "#texture2"},
				"up": {"uv": [0, 0, 1.498, 1.75], "texture": "#texture2"},
				"down": {"uv": [0, 0, 1.749, 1.75], "texture": "#texture2"}
			}
		},
		{
			"name": "Box29",
			"from": [-5.75, 1.5, 0],
			"to": [22.75, 2, 16],
			"faces": {
				"north": {"uv": [2, 2.5, 15, 6.5], "texture": "#texture3"},
				"east": {"uv": [2, 2.5, 15, 6.5], "texture": "#texture3"},
				"south": {"uv": [2, 2.5, 15, 6.5], "texture": "#texture3"},
				"west": {"uv": [2, 2.5, 15, 6.5], "texture": "#texture3"},
				"up": {"uv": [0, 6.5, 16, 8], "texture": "#texture3"},
				"down": {"uv": [2, 2.5, 15, 6.5], "texture": "#texture3"}
			}
		},
		{
			"name": "Box29",
			"from": [3, 3, 0],
			"to": [6.5, 4, 16],
			"faces": {
				"north": {"uv": [1, 15, 2, 16], "texture": "#texture2"},
				"east": {"uv": [1, 15, 2, 16], "texture": "#texture2"},
				"south": {"uv": [14, 15, 15, 16], "texture": "#texture2"},
				"west": {"uv": [14, 15, 15, 16], "texture": "#texture2"},
				"up": {"uv": [14, 14, 15, 15], "texture": "#texture2"},
				"down": {"uv": [1, 2, 13.5, 5], "texture": "#texture2"}
			}
		},
		{
			"name": "Box29",
			"from": [-5.5, 3, 0],
			"to": [-2, 4, 16],
			"faces": {
				"north": {"uv": [1, 15, 2, 16], "texture": "#texture2"},
				"east": {"uv": [1, 15, 2, 16], "texture": "#texture2"},
				"south": {"uv": [14, 15, 15, 16], "texture": "#texture2"},
				"west": {"uv": [14, 15, 15, 16], "texture": "#texture2"},
				"up": {"uv": [14, 14, 15, 15], "texture": "#texture2"},
				"down": {"uv": [1, 2, 13.5, 5], "texture": "#texture2"}
			}
		},
		{
			"name": "Box29",
			"from": [11.75, 3, 0],
			"to": [15.25, 4, 16],
			"faces": {
				"north": {"uv": [1, 15, 2, 16], "texture": "#texture2"},
				"east": {"uv": [1, 15, 2, 16], "texture": "#texture2"},
				"south": {"uv": [14, 15, 15, 16], "texture": "#texture2"},
				"west": {"uv": [14, 15, 15, 16], "texture": "#texture2"},
				"up": {"uv": [14, 14, 15, 15], "texture": "#texture2"},
				"down": {"uv": [1, 2, 13.5, 5], "texture": "#texture2"}
			}
		},
		{
			"name": "Box29",
			"from": [19.625, 3, 14],
			"to": [22.125, 4, 16],
			"faces": {
				"north": {"uv": [1, 15, 2, 16], "texture": "#texture2"},
				"east": {"uv": [1, 15, 2, 16], "texture": "#texture2"},
				"south": {"uv": [14, 15, 15, 16], "texture": "#texture2"},
				"west": {"uv": [14, 15, 15, 16], "texture": "#texture2"},
				"up": {"uv": [14, 14, 15, 15], "texture": "#texture2"},
				"down": {"uv": [1, 2, 13.5, 5], "texture": "#texture2"}
			}
		},
		{
			"name": "Box35",
			"from": [23, 1.875, 0.875],
			"to": [26, 7.375, 1.875],
			"rotation": {"angle": -22.5, "axis": "y", "origin": [23, 1.875, 0.875]},
			"faces": {
				"north": {"uv": [0, 0, 1.999, 2.25], "texture": "#texture2"},
				"east": {"uv": [0, 0, 2, 2], "texture": "#texture2"},
				"south": {"uv": [0, 0, 1.999, 1.5], "texture": "#texture2"},
				"west": {"uv": [0, 0, 1.749, 1.75], "texture": "#texture2"},
				"up": {"uv": [0, 0, 1.498, 1.75], "texture": "#texture2"},
				"down": {"uv": [0, 0, 1.749, 1.75], "texture": "#texture2"}
			}
		},
		{
			"name": "Box35",
			"from": [22.625, 1.875, 14.25],
			"to": [25.625, 7.375, 15.25],
			"rotation": {"angle": 22.5, "axis": "y", "origin": [22.625, 1.875, 14.25]},
			"faces": {
				"north": {"uv": [0, 0, 1.999, 2.25], "texture": "#texture2"},
				"east": {"uv": [0, 0, 2, 2], "texture": "#texture2"},
				"south": {"uv": [0, 0, 1.999, 1.5], "texture": "#texture2"},
				"west": {"uv": [0, 0, 1.749, 1.75], "texture": "#texture2"},
				"up": {"uv": [0, 0, 1.498, 1.75], "texture": "#texture2"},
				"down": {"uv": [0, 0, 1.749, 1.75], "texture": "#texture2"}
			}
		},
		{
			"name": "Box7",
			"from": [26.25, 1.5, 12.625],
			"to": [27.25, 6, 14.625],
			"rotation": {"angle": -22.5, "axis": "y", "origin": [26.25, 1.5, 12.625]},
			"faces": {
				"north": {"uv": [0.499, 13.499, 3.497, 14.499], "texture": "#texture"},
				"east": {"uv": [1, 12.5, 3.996, 14.249], "texture": "#texture"},
				"south": {"uv": [1.5, 13, 4.497, 14.498], "texture": "#texture"},
				"west": {"uv": [1.25, 12.75, 3.746, 13.749], "texture": "#texture"},
				"up": {"uv": [2.25, 13.248, 5.25, 14.247], "texture": "#texture"},
				"down": {"uv": [2, 12.25, 4.999, 13.249], "texture": "#texture"}
			}
		},
		{
			"name": "Box7",
			"from": [24, 2.375, 11.625],
			"to": [26.5, 7.875, 13.625],
			"rotation": {"angle": -22.5, "axis": "y", "origin": [24, 2.375, 11.625]},
			"faces": {
				"north": {"uv": [0, 0, 1.999, 2.25], "texture": "#texture2"},
				"east": {"uv": [0, 0, 2, 2], "texture": "#texture2"},
				"south": {"uv": [0, 0, 1.999, 1.5], "texture": "#texture2"},
				"west": {"uv": [0, 0, 1.749, 1.75], "texture": "#texture2"},
				"up": {"uv": [0, 0, 1.498, 1.75], "texture": "#texture2"},
				"down": {"uv": [0, 0, 1.749, 1.75], "texture": "#texture2"}
			}
		},
		{
			"name": "Box7",
			"from": [25.5, 1.5, 1.625],
			"to": [26.5, 6, 3.625],
			"rotation": {"angle": 22.5, "axis": "y", "origin": [25.5, 1.5, 1.625]},
			"faces": {
				"north": {"uv": [0.499, 13.499, 3.497, 14.499], "texture": "#texture"},
				"east": {"uv": [1, 12.5, 3.996, 14.249], "texture": "#texture"},
				"south": {"uv": [1.5, 13, 4.497, 14.498], "texture": "#texture"},
				"west": {"uv": [1.25, 12.75, 3.746, 13.749], "texture": "#texture"},
				"up": {"uv": [2.25, 13.248, 5.25, 14.247], "texture": "#texture"},
				"down": {"uv": [2, 12.25, 4.999, 13.249], "texture": "#texture"}
			}
		},
		{
			"name": "Box1",
			"from": [20.625, 1.5, 16.125],
			"to": [26.625, 5.5, 17.125],
			"rotation": {"angle": 22.5, "axis": "y", "origin": [20.625, 1.5, 16.125]},
			"faces": {
				"north": {"uv": [0.499, 13.499, 3.497, 14.499], "texture": "#texture"},
				"east": {"uv": [1, 12.5, 3.996, 14.249], "texture": "#texture"},
				"south": {"uv": [1.5, 13, 4.497, 14.498], "texture": "#texture"},
				"west": {"uv": [1.25, 12.75, 3.746, 13.749], "texture": "#texture"},
				"up": {"uv": [2.25, 13.248, 5.25, 14.247], "texture": "#texture"},
				"down": {"uv": [2, 12.25, 4.999, 13.249], "texture": "#texture"}
			}
		},
		{
			"name": "Box41",
			"from": [23.375, 4.625, 4.5],
			"to": [26.375, 8.125, 6],
			"faces": {
				"north": {"uv": [0, 0, 1.999, 2.25], "texture": "#texture2"},
				"east": {"uv": [0, 0, 2, 2], "texture": "#texture2"},
				"south": {"uv": [0, 0, 1.999, 1.5], "texture": "#texture2"},
				"west": {"uv": [0, 0, 1.749, 1.75], "texture": "#texture2"},
				"up": {"uv": [0, 0, 1.498, 1.75], "texture": "#texture2"},
				"down": {"uv": [0, 0, 1.749, 1.75], "texture": "#texture2"}
			}
		},
		{
			"name": "Box41",
			"from": [25.25, 2.375, 3.5],
			"to": [26.25, 6.375, 12.5],
			"faces": {
				"north": {"uv": [0, 0, 1.999, 2.25], "texture": "#texture2"},
				"east": {"uv": [0, 0, 2, 2], "texture": "#texture2"},
				"south": {"uv": [0, 0, 1.999, 1.5], "texture": "#texture2"},
				"west": {"uv": [0, 0, 1.749, 1.75], "texture": "#texture2"},
				"up": {"uv": [0, 0, 1.498, 1.75], "texture": "#texture2"},
				"down": {"uv": [0, 0, 1.749, 1.75], "texture": "#texture2"}
			}
		},
		{
			"name": "Box41",
			"from": [23, 7.5, 6.75],
			"to": [26, 8, 9.25],
			"faces": {
				"north": {"uv": [6, 8, 9, 8.5], "texture": "#texture2"},
				"east": {"uv": [6.75, 8, 9.25, 8.5], "texture": "#texture2"},
				"south": {"uv": [7, 8, 10, 8.5], "texture": "#texture2"},
				"west": {"uv": [6.75, 8, 9.25, 8.5], "texture": "#texture2"},
				"up": {"uv": [7, 6.75, 10, 9.25], "texture": "#texture2"},
				"down": {"uv": [7, 6.75, 10, 9.25], "texture": "#texture2"}
			}
		},
		{
			"name": "Box45",
			"from": [23, 5.375, 1.5],
			"to": [24, 7.375, 14.5],
			"faces": {
				"north": {"uv": [0, 0, 1.999, 2.25], "texture": "#texture2"},
				"east": {"uv": [0, 0, 2, 2], "texture": "#texture2"},
				"south": {"uv": [0, 0, 1.999, 1.5], "texture": "#texture2"},
				"west": {"uv": [0, 0, 1.749, 1.75], "texture": "#texture2"},
				"up": {"uv": [0, 0, 1.498, 1.75], "texture": "#texture2"},
				"down": {"uv": [0, 0, 1.749, 1.75], "texture": "#texture2"}
			}
		},
		{
			"name": "Box45",
			"from": [22.75, 3.625, 1.5],
			"to": [23.75, 5.125, 14.5],
			"faces": {
				"north": {"uv": [0, 0, 1.999, 2.25], "texture": "#texture2"},
				"east": {"uv": [0, 0, 2, 2], "texture": "#texture2"},
				"south": {"uv": [0, 0, 1.999, 1.5], "texture": "#texture2"},
				"west": {"uv": [0, 0, 1.749, 1.75], "texture": "#texture2"},
				"up": {"uv": [0, 0, 1.498, 1.75], "texture": "#texture2"},
				"down": {"uv": [0, 0, 1.749, 1.75], "texture": "#texture2"}
			}
		},
		{
			"name": "Box41",
			"from": [23.375, 4.75, 6.75],
			"to": [26.375, 8.25, 9.25],
			"faces": {
				"north": {"uv": [0, 0, 1.999, 2.25], "texture": "#texture2"},
				"east": {"uv": [0, 0, 2, 2], "texture": "#texture2"},
				"south": {"uv": [0, 0, 1.999, 1.5], "texture": "#texture2"},
				"west": {"uv": [0, 0, 1.749, 1.75], "texture": "#texture2"},
				"up": {"uv": [0, 0, 1.498, 1.75], "texture": "#texture2"},
				"down": {"uv": [0, 0, 1.749, 1.75], "texture": "#texture2"}
			}
		},
		{
			"name": "Box41",
			"from": [23.375, 5.125, 10],
			"to": [26.375, 8.125, 11.5],
			"faces": {
				"north": {"uv": [0, 0, 1.999, 2.25], "texture": "#texture2"},
				"east": {"uv": [0, 0, 2, 2], "texture": "#texture2"},
				"south": {"uv": [0, 0, 1.999, 1.5], "texture": "#texture2"},
				"west": {"uv": [0, 0, 1.749, 1.75], "texture": "#texture2"},
				"up": {"uv": [0, 0, 1.498, 1.75], "texture": "#texture2"},
				"down": {"uv": [0, 0, 1.749, 1.75], "texture": "#texture2"}
			}
		},
		{
			"name": "Box45",
			"from": [23, 4.875, 1.5],
			"to": [24, 6.875, 14.5],
			"faces": {
				"north": {"uv": [0, 0, 1.999, 2.25], "texture": "#texture2"},
				"east": {"uv": [0, 0, 2, 2], "texture": "#texture2"},
				"south": {"uv": [0, 0, 1.999, 1.5], "texture": "#texture2"},
				"west": {"uv": [0, 0, 1.749, 1.75], "texture": "#texture2"},
				"up": {"uv": [0, 0, 1.498, 1.75], "texture": "#texture2"},
				"down": {"uv": [0, 0, 1.749, 1.75], "texture": "#texture2"}
			}
		},
		{
			"name": "Box29",
			"from": [12.25, 3.125, 0.5],
			"to": [14.75, 4.125, 15.5],
			"faces": {
				"north": {"uv": [1, 15, 2, 16], "texture": "#texture1"},
				"east": {"uv": [1, 15, 16, 16], "texture": "#texture1"},
				"south": {"uv": [14, 15, 15, 16], "texture": "#texture1"},
				"west": {"uv": [14, 15, 15, 16], "texture": "#texture1"},
				"up": {"uv": [0.5, 10, 16, 12], "texture": "#texture1"},
				"down": {"uv": [1, 2, 13.5, 5], "texture": "#texture1"}
			}
		},
		{
			"name": "Box29",
			"from": [19.625, 3, 0.5],
			"to": [23.125, 4, 15.5],
			"faces": {
				"north": {"uv": [1, 15, 2, 16], "texture": "#texture2"},
				"east": {"uv": [1, 15, 2, 16], "texture": "#texture2"},
				"south": {"uv": [14, 15, 15, 16], "texture": "#texture2"},
				"west": {"uv": [14, 15, 15, 16], "texture": "#texture2"},
				"up": {"uv": [14, 14, 15, 15], "texture": "#texture2"},
				"down": {"uv": [1, 2, 13.5, 5], "texture": "#texture2"}
			}
		},
		{
			"name": "Box29",
			"from": [19.625, 3, -0.125],
			"to": [22.125, 4, 1.875],
			"faces": {
				"north": {"uv": [1, 15, 2, 16], "texture": "#texture2"},
				"east": {"uv": [1, 15, 2, 16], "texture": "#texture2"},
				"south": {"uv": [14, 15, 15, 16], "texture": "#texture2"},
				"west": {"uv": [14, 15, 15, 16], "texture": "#texture2"},
				"up": {"uv": [14, 14, 15, 15], "texture": "#texture2"},
				"down": {"uv": [1, 2, 13.5, 5], "texture": "#texture2"}
			}
		},
		{
			"name": "Box30",
			"from": [15.375, 4.375, 0],
			"to": [15.675, 6.375, 16],
			"faces": {
				"north": {"uv": [0, 0, 1.999, 2.25], "texture": "#texture2"},
				"east": {"uv": [0, 0, 2, 2], "texture": "#texture2"},
				"south": {"uv": [0, 0, 1.999, 1.5], "texture": "#texture2"},
				"west": {"uv": [0, 0, 1.749, 1.75], "texture": "#texture2"},
				"up": {"uv": [0, 0, 1.498, 1.75], "texture": "#texture2"},
				"down": {"uv": [0, 0, 1.749, 1.75], "texture": "#texture2"}
			}
		},
		{
			"name": "Box29",
			"from": [-4.875, 3.125, 0.5],
			"to": [-2.375, 4.125, 15.5],
			"faces": {
				"north": {"uv": [1, 15, 2, 16], "texture": "#texture1"},
				"east": {"uv": [1, 15, 2, 16], "texture": "#texture1"},
				"south": {"uv": [14, 15, 15, 16], "texture": "#texture1"},
				"west": {"uv": [14, 15, 15, 16], "texture": "#texture1"},
				"up": {"uv": [0.5, 10, 16, 12], "texture": "#texture1"},
				"down": {"uv": [1, 2, 13.5, 5], "texture": "#texture1"}
			}
		},
		{
			"name": "Box29",
			"from": [3.5, 3.125, 0.5],
			"to": [6, 4.125, 15.5],
			"faces": {
				"north": {"uv": [1, 15, 2, 16], "texture": "#texture1"},
				"east": {"uv": [1, 15, 2, 16], "texture": "#texture1"},
				"south": {"uv": [14, 15, 15, 16], "texture": "#texture1"},
				"west": {"uv": [14, 15, 15, 16], "texture": "#texture1"},
				"up": {"uv": [0.5, 10, 16, 12], "texture": "#texture1"},
				"down": {"uv": [1, 2, 13.5, 5], "texture": "#texture1"}
			}
		},
		{
			"name": "Box57",
			"from": [-9.75, 1.5, 1.125],
			"to": [-6.25, 2, 14.625],
			"faces": {
				"north": {"uv": [0, 6.5, 16, 8], "texture": "#texture3"},
				"east": {"uv": [0, 6.5, 16, 8], "texture": "#texture3"},
				"south": {"uv": [0, 6.5, 16, 8], "texture": "#texture3"},
				"west": {"uv": [0, 6.5, 16, 8], "texture": "#texture3"},
				"up": {"uv": [0, 6.5, 16, 8], "texture": "#texture3"},
				"down": {"uv": [0, 6.5, 16, 8], "texture": "#texture3"}
			}
		},
		{
			"name": "Box25",
			"from": [-8.875, 4, 0.625],
			"to": [-7.375, 5.5, 2.625],
			"rotation": {"angle": -22.5, "axis": "y", "origin": [-8.875, 4, 0.625]},
			"faces": {
				"north": {"uv": [7.5, 10.5, 9, 11.5], "texture": "#texture"},
				"east": {"uv": [13.5, 10.5, 15, 11.5], "texture": "#texture"},
				"south": {"uv": [7, 10.5, 8.5, 11.5], "texture": "#texture"},
				"west": {"uv": [1, 10.5, 2.5, 11.5], "texture": "#texture"},
				"up": {"uv": [0, 13.5, 0.75, 14.248], "texture": "#texture"},
				"down": {"uv": [7, 13.5, 8.5, 15], "texture": "#texture"}
			}
		},
		{
			"name": "Box30",
			"from": [15.25, 3.5, 0],
			"to": [15.75, 5.5, 16],
			"faces": {
				"north": {"uv": [0, 0, 1.999, 2.25], "texture": "#texture2"},
				"east": {"uv": [0, 0, 2, 2], "texture": "#texture2"},
				"south": {"uv": [0, 0, 1.999, 1.5], "texture": "#texture2"},
				"west": {"uv": [0, 0, 1.749, 1.75], "texture": "#texture2"},
				"up": {"uv": [0, 0, 1.498, 1.75], "texture": "#texture2"},
				"down": {"uv": [0, 0, 1.749, 1.75], "texture": "#texture2"}
			}
		},
		{
			"name": "Box30",
			"from": [15.375, 7.125, 0],
			"to": [15.875, 7.625, 16],
			"faces": {
				"north": {"uv": [0, 0, 1.999, 2.25], "texture": "#texture2"},
				"east": {"uv": [0, 0, 2, 2], "texture": "#texture2"},
				"south": {"uv": [0, 0, 1.999, 1.5], "texture": "#texture2"},
				"west": {"uv": [0, 0, 1.749, 1.75], "texture": "#texture2"},
				"up": {"uv": [0, 0, 1.498, 1.75], "texture": "#texture2"},
				"down": {"uv": [0, 0, 1.749, 1.75], "texture": "#texture2"}
			}
		},
		{
			"name": "Box30",
			"from": [-1.875, 3.5, 15.5],
			"to": [-1.375, 7.5, 16],
			"faces": {
				"north": {"uv": [0, 0, 1.999, 2.25], "texture": "#texture2"},
				"east": {"uv": [0, 0, 2, 2], "texture": "#texture2"},
				"south": {"uv": [0, 0, 1.999, 1.5], "texture": "#texture2"},
				"west": {"uv": [0, 0, 1.749, 1.75], "texture": "#texture2"},
				"up": {"uv": [0, 0, 1.498, 1.75], "texture": "#texture2"},
				"down": {"uv": [0, 0, 1.749, 1.75], "texture": "#texture2"}
			}
		},
		{
			"name": "Box30",
			"from": [-2, 3.5, 0],
			"to": [-1.5, 5.5, 16],
			"faces": {
				"north": {"uv": [0, 0, 1.999, 2.25], "texture": "#texture2"},
				"east": {"uv": [0, 0, 2, 2], "texture": "#texture2"},
				"south": {"uv": [0, 0, 1.999, 1.5], "texture": "#texture2"},
				"west": {"uv": [0, 0, 1.749, 1.75], "texture": "#texture2"},
				"up": {"uv": [0, 0, 1.498, 1.75], "texture": "#texture2"},
				"down": {"uv": [0, 0, 1.749, 1.75], "texture": "#texture2"}
			}
		},
		{
			"name": "Box30",
			"from": [-2, 5.625, 0],
			"to": [-1.5, 7.625, 16],
			"faces": {
				"north": {"uv": [0, 0, 1.999, 2.25], "texture": "#texture2"},
				"east": {"uv": [0, 0, 2, 2], "texture": "#texture2"},
				"south": {"uv": [0, 0, 1.999, 1.5], "texture": "#texture2"},
				"west": {"uv": [0, 0, 1.749, 1.75], "texture": "#texture2"},
				"up": {"uv": [0, 0, 1.498, 1.75], "texture": "#texture2"},
				"down": {"uv": [0, 0, 1.749, 1.75], "texture": "#texture2"}
			}
		},
		{
			"name": "Box30",
			"from": [-1.875, 4.375, 0],
			"to": [-1.874, 6.375, 16],
			"faces": {
				"north": {"uv": [0, 0, 1.999, 2.25], "texture": "#texture2"},
				"east": {"uv": [0, 0, 2, 2], "texture": "#texture2"},
				"south": {"uv": [0, 0, 1.999, 1.5], "texture": "#texture2"},
				"west": {"uv": [0, 0, 1.749, 1.75], "texture": "#texture2"},
				"up": {"uv": [0, 0, 1.498, 1.75], "texture": "#texture2"},
				"down": {"uv": [0, 0, 1.749, 1.75], "texture": "#texture2"}
			}
		},
		{
			"name": "Box30",
			"from": [-1.875, 7.125, 0],
			"to": [-1.375, 7.625, 16],
			"faces": {
				"north": {"uv": [0, 0, 1.999, 2.25], "texture": "#texture2"},
				"east": {"uv": [0, 0, 2, 2], "texture": "#texture2"},
				"south": {"uv": [0, 0, 1.999, 1.5], "texture": "#texture2"},
				"west": {"uv": [0, 0, 1.749, 1.75], "texture": "#texture2"},
				"up": {"uv": [0, 0, 1.498, 1.75], "texture": "#texture2"},
				"down": {"uv": [0, 0, 1.749, 1.75], "texture": "#texture2"}
			}
		},
		{
			"name": "Box30",
			"from": [6.5, 3.5, 0],
			"to": [7, 5.5, 16],
			"faces": {
				"north": {"uv": [0, 0, 1.999, 2.25], "texture": "#texture2"},
				"east": {"uv": [0, 0, 2, 2], "texture": "#texture2"},
				"south": {"uv": [0, 0, 1.999, 1.5], "texture": "#texture2"},
				"west": {"uv": [0, 0, 1.749, 1.75], "texture": "#texture2"},
				"up": {"uv": [0, 0, 1.498, 1.75], "texture": "#texture2"},
				"down": {"uv": [0, 0, 1.749, 1.75], "texture": "#texture2"}
			}
		},
		{
			"name": "Box30",
			"from": [6.5, 5.625, 0],
			"to": [7, 7.625, 16],
			"faces": {
				"north": {"uv": [0, 0, 1.999, 2.25], "texture": "#texture2"},
				"east": {"uv": [0, 0, 2, 2], "texture": "#texture2"},
				"south": {"uv": [0, 0, 1.999, 1.5], "texture": "#texture2"},
				"west": {"uv": [0, 0, 1.749, 1.75], "texture": "#texture2"},
				"up": {"uv": [0, 0, 1.498, 1.75], "texture": "#texture2"},
				"down": {"uv": [0, 0, 1.749, 1.75], "texture": "#texture2"}
			}
		},
		{
			"name": "Box30",
			"from": [6.625, 4.375, 0],
			"to": [6.925, 6.375, 16],
			"faces": {
				"north": {"uv": [0, 0, 1.999, 2.25], "texture": "#texture2"},
				"east": {"uv": [0, 0, 2, 2], "texture": "#texture2"},
				"south": {"uv": [0, 0, 1.999, 1.5], "texture": "#texture2"},
				"west": {"uv": [0, 0, 1.749, 1.75], "texture": "#texture2"},
				"up": {"uv": [0, 0, 1.498, 1.75], "texture": "#texture2"},
				"down": {"uv": [0, 0, 1.749, 1.75], "texture": "#texture2"}
			}
		},
		{
			"name": "Box30",
			"from": [6.625, 7.125, 0],
			"to": [7.125, 7.625, 16],
			"faces": {
				"north": {"uv": [0, 0, 1.999, 2.25], "texture": "#texture2"},
				"east": {"uv": [0, 0, 2, 2], "texture": "#texture2"},
				"south": {"uv": [0, 0, 1.999, 1.5], "texture": "#texture2"},
				"west": {"uv": [0, 0, 1.749, 1.75], "texture": "#texture2"},
				"up": {"uv": [0, 0, 1.498, 1.75], "texture": "#texture2"},
				"down": {"uv": [0, 0, 1.749, 1.75], "texture": "#texture2"}
			}
		},
		{
			"name": "Box30",
			"from": [15.25, 5.625, 0],
			"to": [15.75, 7.625, 16],
			"faces": {
				"north": {"uv": [0, 0, 1.999, 2.25], "texture": "#texture2"},
				"east": {"uv": [0, 0, 2, 2], "texture": "#texture2"},
				"south": {"uv": [0, 0, 1.999, 1.5], "texture": "#texture2"},
				"west": {"uv": [0, 0, 1.749, 1.75], "texture": "#texture2"},
				"up": {"uv": [0, 0, 1.498, 1.75], "texture": "#texture2"},
				"down": {"uv": [0, 0, 1.749, 1.75], "texture": "#texture2"}
			}
		},
		{
			"name": "Box30",
			"from": [15.375, 3.5, 0],
			"to": [15.875, 7.5, 0.5],
			"faces": {
				"north": {"uv": [0, 0, 1.999, 2.25], "texture": "#texture2"},
				"east": {"uv": [0, 0, 2, 2], "texture": "#texture2"},
				"south": {"uv": [0, 0, 1.999, 1.5], "texture": "#texture2"},
				"west": {"uv": [0, 0, 1.749, 1.75], "texture": "#texture2"},
				"up": {"uv": [0, 0, 1.498, 1.75], "texture": "#texture2"},
				"down": {"uv": [0, 0, 1.749, 1.75], "texture": "#texture2"}
			}
		},
		{
			"name": "Box30",
			"from": [15.375, 3.5, 15.5],
			"to": [15.875, 7.5, 16],
			"faces": {
				"north": {"uv": [0, 0, 1.999, 2.25], "texture": "#texture2"},
				"east": {"uv": [0, 0, 2, 2], "texture": "#texture2"},
				"south": {"uv": [0, 0, 1.999, 1.5], "texture": "#texture2"},
				"west": {"uv": [0, 0, 1.749, 1.75], "texture": "#texture2"},
				"up": {"uv": [0, 0, 1.498, 1.75], "texture": "#texture2"},
				"down": {"uv": [0, 0, 1.749, 1.75], "texture": "#texture2"}
			}
		},
		{
			"name": "Box30",
			"from": [6.625, 3.5, 15.5],
			"to": [7.125, 7.5, 16],
			"faces": {
				"north": {"uv": [0, 0, 1.999, 2.25], "texture": "#texture2"},
				"east": {"uv": [0, 0, 2, 2], "texture": "#texture2"},
				"south": {"uv": [0, 0, 1.999, 1.5], "texture": "#texture2"},
				"west": {"uv": [0, 0, 1.749, 1.75], "texture": "#texture2"},
				"up": {"uv": [0, 0, 1.498, 1.75], "texture": "#texture2"},
				"down": {"uv": [0, 0, 1.749, 1.75], "texture": "#texture2"}
			}
		},
		{
			"name": "Box30",
			"from": [6.625, 3.5, 0],
			"to": [7.125, 7.5, 0.5],
			"faces": {
				"north": {"uv": [0, 0, 1.999, 2.25], "texture": "#texture2"},
				"east": {"uv": [0, 0, 2, 2], "texture": "#texture2"},
				"south": {"uv": [0, 0, 1.999, 1.5], "texture": "#texture2"},
				"west": {"uv": [0, 0, 1.749, 1.75], "texture": "#texture2"},
				"up": {"uv": [0, 0, 1.498, 1.75], "texture": "#texture2"},
				"down": {"uv": [0, 0, 1.749, 1.75], "texture": "#texture2"}
			}
		},
		{
			"name": "Box30",
			"from": [-1.875, 3.5, 0],
			"to": [-1.375, 7.5, 0.5],
			"faces": {
				"north": {"uv": [0, 0, 1.999, 2.25], "texture": "#texture2"},
				"east": {"uv": [0, 0, 2, 2], "texture": "#texture2"},
				"south": {"uv": [0, 0, 1.999, 1.5], "texture": "#texture2"},
				"west": {"uv": [0, 0, 1.749, 1.75], "texture": "#texture2"},
				"up": {"uv": [0, 0, 1.498, 1.75], "texture": "#texture2"},
				"down": {"uv": [0, 0, 1.749, 1.75], "texture": "#texture2"}
			}
		},
		{
			"name": "Box30",
			"from": [15.375, 3.5, 11.875],
			"to": [15.875, 7.5, 12.375],
			"faces": {
				"north": {"uv": [0, 0, 1.999, 2.25], "texture": "#texture2"},
				"east": {"uv": [0, 0, 2, 2], "texture": "#texture2"},
				"south": {"uv": [0, 0, 1.999, 1.5], "texture": "#texture2"},
				"west": {"uv": [0, 0, 1.749, 1.75], "texture": "#texture2"},
				"up": {"uv": [0, 0, 1.498, 1.75], "texture": "#texture2"},
				"down": {"uv": [0, 0, 1.749, 1.75], "texture": "#texture2"}
			}
		},
		{
			"name": "Box30",
			"from": [15.375, 3.5, 3.625],
			"to": [15.875, 7.5, 4.125],
			"faces": {
				"north": {"uv": [0, 0, 1.999, 2.25], "texture": "#texture2"},
				"east": {"uv": [0, 0, 2, 2], "texture": "#texture2"},
				"south": {"uv": [0, 0, 1.999, 1.5], "texture": "#texture2"},
				"west": {"uv": [0, 0, 1.749, 1.75], "texture": "#texture2"},
				"up": {"uv": [0, 0, 1.498, 1.75], "texture": "#texture2"},
				"down": {"uv": [0, 0, 1.749, 1.75], "texture": "#texture2"}
			}
		},
		{
			"name": "Box30",
			"from": [-1.875, 3.5, 11.875],
			"to": [-1.375, 7.5, 12.375],
			"faces": {
				"north": {"uv": [0, 0, 1.999, 2.25], "texture": "#texture2"},
				"east": {"uv": [0, 0, 2, 2], "texture": "#texture2"},
				"south": {"uv": [0, 0, 1.999, 1.5], "texture": "#texture2"},
				"west": {"uv": [0, 0, 1.749, 1.75], "texture": "#texture2"},
				"up": {"uv": [0, 0, 1.498, 1.75], "texture": "#texture2"},
				"down": {"uv": [0, 0, 1.749, 1.75], "texture": "#texture2"}
			}
		},
		{
			"name": "Box30",
			"from": [15.375, 3.5, 7.625],
			"to": [15.875, 7.5, 8.125],
			"faces": {
				"north": {"uv": [0, 0, 1.999, 2.25], "texture": "#texture2"},
				"east": {"uv": [0, 0, 2, 2], "texture": "#texture2"},
				"south": {"uv": [0, 0, 1.999, 1.5], "texture": "#texture2"},
				"west": {"uv": [0, 0, 1.749, 1.75], "texture": "#texture2"},
				"up": {"uv": [0, 0, 1.498, 1.75], "texture": "#texture2"},
				"down": {"uv": [0, 0, 1.749, 1.75], "texture": "#texture2"}
			}
		},
		{
			"name": "Box30",
			"from": [-1.875, 3.5, 3.625],
			"to": [-1.375, 7.5, 4.125],
			"faces": {
				"north": {"uv": [0, 0, 1.999, 2.25], "texture": "#texture2"},
				"east": {"uv": [0, 0, 2, 2], "texture": "#texture2"},
				"south": {"uv": [0, 0, 1.999, 1.5], "texture": "#texture2"},
				"west": {"uv": [0, 0, 1.749, 1.75], "texture": "#texture2"},
				"up": {"uv": [0, 0, 1.498, 1.75], "texture": "#texture2"},
				"down": {"uv": [0, 0, 1.749, 1.75], "texture": "#texture2"}
			}
		},
		{
			"name": "Box30",
			"from": [6.625, 3.5, 3.625],
			"to": [7.125, 7.5, 4.125],
			"faces": {
				"north": {"uv": [0, 0, 1.999, 2.25], "texture": "#texture2"},
				"east": {"uv": [0, 0, 2, 2], "texture": "#texture2"},
				"south": {"uv": [0, 0, 1.999, 1.5], "texture": "#texture2"},
				"west": {"uv": [0, 0, 1.749, 1.75], "texture": "#texture2"},
				"up": {"uv": [0, 0, 1.498, 1.75], "texture": "#texture2"},
				"down": {"uv": [0, 0, 1.749, 1.75], "texture": "#texture2"}
			}
		},
		{
			"name": "Box30",
			"from": [6.625, 3.5, 11.875],
			"to": [7.125, 7.5, 12.375],
			"faces": {
				"north": {"uv": [0, 0, 1.999, 2.25], "texture": "#texture2"},
				"east": {"uv": [0, 0, 2, 2], "texture": "#texture2"},
				"south": {"uv": [0, 0, 1.999, 1.5], "texture": "#texture2"},
				"west": {"uv": [0, 0, 1.749, 1.75], "texture": "#texture2"},
				"up": {"uv": [0, 0, 1.498, 1.75], "texture": "#texture2"},
				"down": {"uv": [0, 0, 1.749, 1.75], "texture": "#texture2"}
			}
		},
		{
			"name": "Box57",
			"from": [-7.75, 1.5, 0.25],
			"to": [0.25, 2, 15.75],
			"faces": {
				"north": {"uv": [0, 6.5, 16, 8], "texture": "#texture3"},
				"east": {"uv": [0, 6.5, 16, 8], "texture": "#texture3"},
				"south": {"uv": [0, 6.5, 16, 8], "texture": "#texture3"},
				"west": {"uv": [0, 6.5, 16, 8], "texture": "#texture3"},
				"up": {"uv": [0, 6.5, 16, 8], "texture": "#texture3"},
				"down": {"uv": [0, 6.5, 16, 8], "texture": "#texture3"}
			}
		},
		{
			"name": "Box1",
			"from": [20, 4.5, -1],
			"to": [21, 5.5, 0],
			"faces": {
				"north": {"uv": [0.249, 13, 3.249, 14], "texture": "#texture1"},
				"east": {"uv": [0.75, 12.5, 3.998, 14.499], "texture": "#texture1"},
				"south": {"uv": [1, 13, 3.999, 14], "texture": "#texture1"},
				"west": {"uv": [0, 15, 1, 16], "texture": "#texture1"},
				"up": {"uv": [1.25, 13.249, 4.249, 14.249], "texture": "#texture1"},
				"down": {"uv": [1, 13, 3.999, 14], "texture": "#texture1"}
			}
		},
		{
			"name": "Box1",
			"from": [23.875, 4.5, 15.625],
			"to": [25.875, 5.5, 16.625],
			"rotation": {"angle": 45, "axis": "y", "origin": [23.875, 4.5, 15.625]},
			"faces": {
				"north": {"uv": [0.499, 13.499, 3.497, 14.499], "texture": "#texture"},
				"east": {"uv": [1, 12.5, 3.996, 14.249], "texture": "#texture"},
				"south": {"uv": [1.5, 13, 4.497, 14.498], "texture": "#texture"},
				"west": {"uv": [1.25, 12.75, 3.746, 13.749], "texture": "#texture"},
				"up": {"uv": [2.25, 13.248, 5.25, 14.247], "texture": "#texture"},
				"down": {"uv": [2, 12.25, 4.999, 13.249], "texture": "#texture"}
			}
		},
		{
			"name": "Box1",
			"from": [20.125, 4.625, -0.75],
			"to": [21.725, 5.625, -0.05],
			"rotation": {"angle": 22.5, "axis": "y", "origin": [20.125, 4.625, -0.75]},
			"faces": {
				"north": {"uv": [13, 15, 16, 16], "texture": "#texture1"},
				"east": {"uv": [15, 15, 16, 16], "texture": "#texture1"},
				"south": {"uv": [0, 15, 3, 16], "texture": "#texture1"},
				"west": {"uv": [0, 15, 1, 16], "texture": "#texture1"},
				"up": {"uv": [0, 0, 3, 1], "texture": "#texture1"},
				"down": {"uv": [0, 15, 3, 16], "texture": "#texture1"}
			}
		},
		{
			"name": "Box1",
			"from": [20, 4.5, -1.125],
			"to": [21.5, 5.5, -0.125],
			"rotation": {"angle": 22.5, "axis": "y", "origin": [20, 4.5, -1.125]},
			"faces": {
				"north": {"uv": [0.499, 13.499, 3.497, 14.499], "texture": "#texture"},
				"east": {"uv": [1, 12.5, 3.996, 14.249], "texture": "#texture"},
				"south": {"uv": [1.5, 13, 4.497, 14.498], "texture": "#texture"},
				"west": {"uv": [1.25, 12.75, 3.746, 13.749], "texture": "#texture"},
				"up": {"uv": [2.25, 13.248, 5.25, 14.247], "texture": "#texture"},
				"down": {"uv": [2, 12.25, 4.999, 13.249], "texture": "#texture"}
			}
		},
		{
			"name": "Box1",
			"from": [21.375, 4.5, -1.75],
			"to": [24.875, 5.5, -0.25],
			"rotation": {"angle": -22.5, "axis": "y", "origin": [21.375, 4.5, -1.75]},
			"faces": {
				"north": {"uv": [0.499, 13.499, 3.497, 14.499], "texture": "#texture"},
				"east": {"uv": [1, 12.5, 3.996, 14.249], "texture": "#texture"},
				"south": {"uv": [1.5, 13, 4.497, 14.498], "texture": "#texture"},
				"west": {"uv": [1.25, 12.75, 3.746, 13.749], "texture": "#texture"},
				"up": {"uv": [2.25, 13.248, 5.25, 14.247], "texture": "#texture"},
				"down": {"uv": [2, 12.25, 4.999, 13.249], "texture": "#texture"}
			}
		},
		{
			"name": "Box1",
			"from": [24.625, 4.5, -0.375],
			"to": [26.625, 5.5, 0.625],
			"rotation": {"angle": -45, "axis": "y", "origin": [24.625, 4.5, -0.375]},
			"faces": {
				"north": {"uv": [0.499, 13.499, 3.497, 14.499], "texture": "#texture"},
				"east": {"uv": [1, 12.5, 3.996, 14.249], "texture": "#texture"},
				"south": {"uv": [1.5, 13, 4.497, 14.498], "texture": "#texture"},
				"west": {"uv": [1.25, 12.75, 3.746, 13.749], "texture": "#texture"},
				"up": {"uv": [2.25, 13.248, 5.25, 14.247], "texture": "#texture"},
				"down": {"uv": [2, 12.25, 4.999, 13.249], "texture": "#texture"}
			}
		},
		{
			"name": "Box1",
			"from": [22.25, 4.875, 15.375],
			"to": [26.25, 5.875, 16.375],
			"rotation": {"angle": 22.5, "axis": "y", "origin": [22.25, 4.875, 15.375]},
			"faces": {
				"north": {"uv": [0.499, 13.499, 3.497, 14.499], "texture": "#texture"},
				"east": {"uv": [1, 12.5, 3.996, 14.249], "texture": "#texture"},
				"south": {"uv": [1.5, 13, 4.497, 14.498], "texture": "#texture"},
				"west": {"uv": [1.25, 12.75, 3.746, 13.749], "texture": "#texture"},
				"up": {"uv": [2.25, 13.248, 5.25, 14.247], "texture": "#texture"},
				"down": {"uv": [2, 12.25, 4.999, 13.249], "texture": "#texture"}
			}
		},
		{
			"name": "Box7",
			"from": [26.25, 1.5, 1.875],
			"to": [27.25, 5.8, 3.375],
			"rotation": {"angle": 22.5, "axis": "y", "origin": [26.25, 1.5, 1.875]},
			"faces": {
				"north": {"uv": [5.5, 15, 6.5, 16], "texture": "#texture6"},
				"east": {"uv": [10.5, 15, 14.5, 16], "texture": "#texture6"},
				"south": {"uv": [9.5, 15, 10.5, 16], "texture": "#texture6"},
				"west": {"uv": [1.5, 15, 5.5, 16], "texture": "#texture6"},
				"up": {"uv": [9.5, 1.5, 10.5, 5.5], "texture": "#texture6"},
				"down": {"uv": [9.5, 10.5, 10.5, 14.5], "texture": "#texture6"}
			}
		},
		{
			"name": "Box7",
			"from": [26.875, 1.5, 12.875],
			"to": [27.875, 5.8, 14.375],
			"rotation": {"angle": -22.5, "axis": "y", "origin": [26.875, 1.5, 12.875]},
			"faces": {
				"north": {"uv": [5.5, 15, 6.5, 16], "texture": "#texture6"},
				"east": {"uv": [10.5, 15, 14.5, 16], "texture": "#texture6"},
				"south": {"uv": [9.5, 15, 10.5, 16], "texture": "#texture6"},
				"west": {"uv": [1.5, 15, 5.5, 16], "texture": "#texture6"},
				"up": {"uv": [9.5, 1.5, 10.5, 5.5], "texture": "#texture6"},
				"down": {"uv": [9.5, 10.5, 10.5, 14.5], "texture": "#texture6"}
			}
		},
		{
			"name": "Box12",
			"from": [27.125, 1.5, 10.25],
			"to": [28.125, 5.9, 12.25],
			"faces": {
				"north": {"uv": [3.875, 10.1, 4.875, 14.5], "texture": "#texture6"},
				"east": {"uv": [3.75, 10.1, 7.75, 14.5], "texture": "#texture6"},
				"south": {"uv": [11.125, 10.1, 12.125, 14.5], "texture": "#texture6"},
				"west": {"uv": [8.25, 10.1, 12.25, 14.5], "texture": "#texture6"},
				"up": {"uv": [11.125, 8.25, 12.125, 12.25], "texture": "#texture6"},
				"down": {"uv": [11.125, 3.75, 12.125, 7.75], "texture": "#texture6"}
			}
		},
		{
			"name": "Box12",
			"from": [26.75, 1.5, 7],
			"to": [27.75, 5.9, 9],
			"faces": {
				"north": {"uv": [4.25, 10.1, 5.25, 14.5], "texture": "#texture6"},
				"east": {"uv": [6, 10.1, 10, 14.5], "texture": "#texture6"},
				"south": {"uv": [10.75, 10.1, 11.75, 14.5], "texture": "#texture6"},
				"west": {"uv": [6, 10.1, 10, 14.5], "texture": "#texture6"},
				"up": {"uv": [10.75, 6, 11.75, 10], "texture": "#texture6"},
				"down": {"uv": [10.75, 6, 11.75, 10], "texture": "#texture6"}
			}
		},
		{
			"name": "Box12",
			"from": [27.125, 1.5, 3.75],
			"to": [28.125, 5.9, 5.75],
			"faces": {
				"north": {"uv": [3.875, 10.1, 4.875, 14.5], "texture": "#texture6"},
				"east": {"uv": [8.25, 10.1, 12.25, 14.5], "texture": "#texture6"},
				"south": {"uv": [11.125, 10.1, 12.125, 14.5], "texture": "#texture6"},
				"west": {"uv": [3.75, 10.1, 7.75, 14.5], "texture": "#texture6"},
				"up": {"uv": [11.125, 3.75, 12.125, 7.75], "texture": "#texture6"},
				"down": {"uv": [11.125, 8.25, 12.125, 12.25], "texture": "#texture6"}
			}
		},
		{
			"name": "Box12",
			"from": [26.75, 1.5, 2.875],
			"to": [27.75, 5.8, 6.875],
			"faces": {
				"north": {"uv": [4.25, 10.2, 5.25, 14.5], "texture": "#texture6"},
				"east": {"uv": [9.125, 10.2, 13.125, 14.5], "texture": "#texture6"},
				"south": {"uv": [10.75, 10.2, 11.75, 14.5], "texture": "#texture6"},
				"west": {"uv": [2.875, 10.2, 6.875, 14.5], "texture": "#texture6"},
				"up": {"uv": [10.75, 2.875, 11.75, 6.875], "texture": "#texture6"},
				"down": {"uv": [10.75, 9.125, 11.75, 13.125], "texture": "#texture6"}
			}
		},
		{
			"name": "Box12",
			"from": [26.75, 1.5, 9.25],
			"to": [27.75, 5.8, 13.25],
			"faces": {
				"north": {"uv": [4.25, 10.2, 5.25, 14.5], "texture": "#texture6"},
				"east": {"uv": [2.75, 10.2, 6.75, 14.5], "texture": "#texture6"},
				"south": {"uv": [10.75, 10.2, 11.75, 14.5], "texture": "#texture6"},
				"west": {"uv": [9.25, 10.2, 13.25, 14.5], "texture": "#texture6"},
				"up": {"uv": [10.75, 9.25, 11.75, 13.25], "texture": "#texture6"},
				"down": {"uv": [10.75, 2.75, 11.75, 6.75], "texture": "#texture6"}
			}
		},
		{
			"name": "Box1",
			"from": [-9, 1.875, 1.5],
			"to": [-3.5, 5.875, 2],
			"rotation": {"angle": 22.5, "axis": "y", "origin": [-10, 1.875, 1.5]},
			"faces": {
				"north": {"uv": [0.499, 13.499, 3.497, 14.499], "texture": "#texture"},
				"east": {"uv": [1, 12.5, 3.996, 14.249], "texture": "#texture"},
				"south": {"uv": [1.5, 13, 4.497, 14.498], "texture": "#texture"},
				"west": {"uv": [1.25, 12.75, 3.746, 13.749], "texture": "#texture"},
				"up": {"uv": [2.25, 13.248, 5.25, 14.247], "texture": "#texture"},
				"down": {"uv": [2, 12.25, 4.999, 13.249], "texture": "#texture"}
			}
		},
		{
			"name": "Box1",
			"from": [-5.5, 2.625, 16],
			"to": [-3.5, 6.125, 16.5],
			"rotation": {"angle": -22.5, "axis": "z", "origin": [-5.5, 2.625, 16]},
			"faces": {
				"north": {"uv": [0.499, 13.499, 3.497, 14.499], "texture": "#texture1"},
				"east": {"uv": [1, 12.5, 3.996, 14.249], "texture": "#texture1"},
				"south": {"uv": [1.5, 13, 4.497, 14.498], "texture": "#texture1"},
				"west": {"uv": [1.25, 12.75, 3.746, 13.749], "texture": "#texture1"},
				"up": {"uv": [2.25, 13.248, 5.25, 14.247], "texture": "#texture1"},
				"down": {"uv": [2, 12.25, 4.999, 13.249], "texture": "#texture1"}
			}
		},
		{
			"name": "Box1",
			"from": [-10, 1.5, 1.5],
			"to": [-4.5, 5.5, 2],
			"rotation": {"angle": 22.5, "axis": "y", "origin": [-10, 1.5, 1.5]},
			"faces": {
				"north": {"uv": [0.249, 13, 3.249, 14], "texture": "#texture"},
				"east": {"uv": [0.75, 12.5, 3.998, 14.499], "texture": "#texture"},
				"south": {"uv": [1, 13, 3.999, 14], "texture": "#texture"},
				"west": {"uv": [0, 15, 1, 16], "texture": "#texture"},
				"up": {"uv": [1.25, 13.249, 4.249, 14.249], "texture": "#texture"},
				"down": {"uv": [1, 13, 3.999, 14], "texture": "#texture"}
			}
		},
		{
			"name": "Box1",
			"from": [-5, 4.375, 16.5],
			"to": [-4, 5.375, 17],
			"faces": {
				"north": {"uv": [0.499, 13.499, 3.497, 14.499], "texture": "#texture"},
				"east": {"uv": [1, 12.5, 3.996, 14.249], "texture": "#texture"},
				"south": {"uv": [1.5, 13, 4.497, 14.498], "texture": "#texture"},
				"west": {"uv": [1.25, 12.75, 3.746, 13.749], "texture": "#texture"},
				"up": {"uv": [2.25, 13.248, 5.25, 14.247], "texture": "#texture"},
				"down": {"uv": [2, 12.25, 4.999, 13.249], "texture": "#texture"}
			}
		},
		{
			"name": "Box1",
			"from": [-5, 3, 16.5],
			"to": [-3.5, 5.5, 17],
			"rotation": {"angle": -22.5, "axis": "z", "origin": [-5, 3, 16.5]},
			"faces": {
				"north": {"uv": [0.499, 13.499, 3.497, 14.499], "texture": "#texture"},
				"east": {"uv": [1, 12.5, 3.996, 14.249], "texture": "#texture"},
				"south": {"uv": [1.5, 13, 4.497, 14.498], "texture": "#texture"},
				"west": {"uv": [1.25, 12.75, 3.746, 13.749], "texture": "#texture"},
				"up": {"uv": [2.25, 13.248, 5.25, 14.247], "texture": "#texture"},
				"down": {"uv": [2, 12.25, 4.999, 13.249], "texture": "#texture"}
			}
		},
		{
			"name": "Box1",
			"from": [-5.5, 2.625, -0.5],
			"to": [-3.5, 6.125, 0],
			"rotation": {"angle": -22.5, "axis": "z", "origin": [-5.5, 2.625, -0.5]},
			"faces": {
				"north": {"uv": [0.499, 13.499, 3.497, 14.499], "texture": "#texture1"},
				"east": {"uv": [1, 12.5, 3.996, 14.249], "texture": "#texture1"},
				"south": {"uv": [1.5, 13, 4.497, 14.498], "texture": "#texture1"},
				"west": {"uv": [1.25, 12.75, 3.746, 13.749], "texture": "#texture1"},
				"up": {"uv": [2.25, 13.248, 5.25, 14.247], "texture": "#texture1"},
				"down": {"uv": [2, 12.25, 4.999, 13.249], "texture": "#texture1"}
			}
		},
		{
			"name": "Box1",
			"from": [-5.125, 4.875, -0.5],
			"to": [-4.125, 5.875, 0],
			"faces": {
				"north": {"uv": [0.499, 13.499, 3.497, 14.499], "texture": "#texture"},
				"east": {"uv": [1, 12.5, 3.996, 14.249], "texture": "#texture"},
				"south": {"uv": [1.5, 13, 4.497, 14.498], "texture": "#texture"},
				"west": {"uv": [1.25, 12.75, 3.746, 13.749], "texture": "#texture"},
				"up": {"uv": [2.25, 13.248, 5.25, 14.247], "texture": "#texture"},
				"down": {"uv": [2, 12.25, 4.999, 13.249], "texture": "#texture"}
			}
		},
		{
			"name": "Box1",
			"from": [-5, 4.375, -1],
			"to": [-4, 5.375, -0.5],
			"faces": {
				"north": {"uv": [0.499, 13.499, 3.497, 14.499], "texture": "#texture"},
				"east": {"uv": [1, 12.5, 3.996, 14.249], "texture": "#texture"},
				"south": {"uv": [1.5, 13, 4.497, 14.498], "texture": "#texture"},
				"west": {"uv": [1.25, 12.75, 3.746, 13.749], "texture": "#texture"},
				"up": {"uv": [2.25, 13.248, 5.25, 14.247], "texture": "#texture"},
				"down": {"uv": [2, 12.25, 4.999, 13.249], "texture": "#texture"}
			}
		},
		{
			"name": "Box1",
			"from": [-5, 3, -1],
			"to": [-3.5, 5.5, -0.5],
			"rotation": {"angle": -22.5, "axis": "z", "origin": [-5, 3, -1]},
			"faces": {
				"north": {"uv": [0.499, 13.499, 3.497, 14.499], "texture": "#texture"},
				"east": {"uv": [1, 12.5, 3.996, 14.249], "texture": "#texture"},
				"south": {"uv": [1.5, 13, 4.497, 14.498], "texture": "#texture"},
				"west": {"uv": [1.25, 12.75, 3.746, 13.749], "texture": "#texture"},
				"up": {"uv": [2.25, 13.248, 5.25, 14.247], "texture": "#texture"},
				"down": {"uv": [2, 12.25, 4.999, 13.249], "texture": "#texture"}
			}
		},
		{
			"name": "Box7",
			"from": [-12.125, 1.5, 4.5],
			"to": [-10.125, 5.5, 11.5],
			"faces": {
				"north": {"uv": [0.499, 13.499, 3.497, 14.499], "texture": "#texture"},
				"east": {"uv": [1, 12.5, 3.996, 14.249], "texture": "#texture"},
				"south": {"uv": [1.5, 13, 4.497, 14.498], "texture": "#texture"},
				"west": {"uv": [1.25, 12.75, 3.746, 13.749], "texture": "#texture"},
				"up": {"uv": [0, 13.5, 0.75, 14.248], "texture": "#texture"},
				"down": {"uv": [2, 12.25, 4.999, 13.249], "texture": "#texture"}
			}
		},
		{
			"name": "Box1",
			"from": [-12.25, 1.5, 11],
			"to": [-9.25, 5.5, 15],
			"rotation": {"angle": 22.5, "axis": "y", "origin": [-12.25, 1.5, 11]},
			"faces": {
				"north": {"uv": [0.499, 13.499, 3.497, 14.499], "texture": "#texture"},
				"east": {"uv": [1, 12.5, 3.996, 14.249], "texture": "#texture"},
				"south": {"uv": [1.5, 13, 4.497, 14.498], "texture": "#texture"},
				"west": {"uv": [1.25, 12.75, 3.746, 13.749], "texture": "#texture"},
				"up": {"uv": [0, 13.5, 0.75, 14.248], "texture": "#texture"},
				"down": {"uv": [2, 12.25, 4.999, 13.249], "texture": "#texture"}
			}
		},
		{
			"name": "Box1",
			"from": [-13, 2.75, 11],
			"to": [-10.5, 4.75, 14],
			"rotation": {"angle": 22.5, "axis": "y", "origin": [-13, 2.75, 11]},
			"faces": {
				"north": {"uv": [13, 15, 16, 16], "texture": "#texture1"},
				"east": {"uv": [15, 15, 16, 16], "texture": "#texture1"},
				"south": {"uv": [0, 15, 3, 16], "texture": "#texture1"},
				"west": {"uv": [0, 15, 1, 16], "texture": "#texture1"},
				"up": {"uv": [0, 0, 3, 1], "texture": "#texture1"},
				"down": {"uv": [0, 15, 3, 16], "texture": "#texture1"}
			}
		},
		{
			"name": "Box116",
			"from": [-10.125, 5.75, 7.875],
			"to": [-9.825, 6.75, 8.175],
			"faces": {
				"north": {"uv": [9.825, 9.25, 10.125, 10.25], "texture": "#texture4"},
				"east": {"uv": [7.825, 9.25, 8.125, 10.25], "texture": "#texture4"},
				"south": {"uv": [5.875, 9.25, 6.175, 10.25], "texture": "#texture4"},
				"west": {"uv": [7.875, 9.25, 8.175, 10.25], "texture": "#texture4"},
				"up": {"uv": [5.875, 7.875, 6.175, 8.175], "texture": "#texture4"},
				"down": {"uv": [5.875, 7.825, 6.175, 8.125], "texture": "#texture4"}
			}
		},
		{
			"name": "Box23",
			"from": [-7.25, 1.375, 0.625],
			"to": [-6.75, 5.875, 8.625],
			"rotation": {"angle": -22.5, "axis": "y", "origin": [-7.25, 1.375, 0.625]},
			"faces": {
				"north": {"uv": [0.499, 13.499, 3.497, 14.499], "texture": "#texture"},
				"east": {"uv": [1, 12.5, 3.996, 14.249], "texture": "#texture"},
				"south": {"uv": [1.5, 13, 4.497, 14.498], "texture": "#texture"},
				"west": {"uv": [1.25, 12.75, 3.746, 13.749], "texture": "#texture"},
				"up": {"uv": [2.25, 13.248, 5.25, 14.247], "texture": "#texture"},
				"down": {"uv": [2, 12.25, 4.999, 13.249], "texture": "#texture"}
			}
		},
		{
			"name": "Box116",
			"from": [-7.25, 5.75, 14.875],
			"to": [-6.95, 6.75, 15.175],
			"faces": {
				"north": {"uv": [6.95, 9.25, 7.25, 10.25], "texture": "#texture4"},
				"east": {"uv": [0.825, 9.25, 1.125, 10.25], "texture": "#texture4"},
				"south": {"uv": [8.75, 9.25, 9.05, 10.25], "texture": "#texture4"},
				"west": {"uv": [14.875, 9.25, 15.175, 10.25], "texture": "#texture4"},
				"up": {"uv": [8.75, 14.875, 9.05, 15.175], "texture": "#texture4"},
				"down": {"uv": [8.75, 0.825, 9.05, 1.125], "texture": "#texture4"}
			}
		},
		{
			"name": "Box23",
			"from": [-10.25, 1.375, 8],
			"to": [-9.75, 5.875, 16],
			"rotation": {"angle": 22.5, "axis": "y", "origin": [-10.25, 1.375, 8]},
			"faces": {
				"north": {"uv": [0.499, 13.499, 3.497, 14.499], "texture": "#texture"},
				"east": {"uv": [1, 12.5, 3.996, 14.249], "texture": "#texture"},
				"south": {"uv": [1.5, 13, 4.497, 14.498], "texture": "#texture"},
				"west": {"uv": [1.25, 12.75, 3.746, 13.749], "texture": "#texture"},
				"up": {"uv": [2.25, 13.248, 5.25, 14.247], "texture": "#texture"},
				"down": {"uv": [2, 12.25, 4.999, 13.249], "texture": "#texture"}
			}
		},
		{
			"name": "Box116",
			"from": [-7.25, 5.75, 0.5],
			"to": [-6.95, 6.75, 0.8],
			"faces": {
				"north": {"uv": [6.95, 9.25, 7.25, 10.25], "texture": "#texture4"},
				"east": {"uv": [15.2, 9.25, 15.5, 10.25], "texture": "#texture4"},
				"south": {"uv": [8.75, 9.25, 9.05, 10.25], "texture": "#texture4"},
				"west": {"uv": [0.5, 9.25, 0.8, 10.25], "texture": "#texture4"},
				"up": {"uv": [8.75, 0.5, 9.05, 0.8], "texture": "#texture4"},
				"down": {"uv": [8.75, 15.2, 9.05, 15.5], "texture": "#texture4"}
			}
		},
		{
			"name": "Box121",
			"from": [-2.5, 2, -0.25],
			"to": [-1.5, 3.5, 16.25],
			"faces": {
				"north": {"uv": [1.5, 12.5, 2.5, 14], "texture": "#texture1"},
				"east": {"uv": [0, 12.5, 16, 14], "texture": "#texture1"},
				"south": {"uv": [13.5, 12.5, 14.5, 14], "texture": "#texture1"},
				"west": {"uv": [0, 12.5, 16, 14], "texture": "#texture1"},
				"up": {"uv": [13.5, 0, 14.5, 16], "texture": "#texture1"},
				"down": {"uv": [13.5, 0, 14.5, 16], "texture": "#texture1"}
			}
		},
		{
			"name": "Box121",
			"from": [14.75, 2, -0.25],
			"to": [15.75, 3.5, 16.25],
			"faces": {
				"north": {"uv": [0.25, 12.5, 1.25, 14], "texture": "#texture1"},
				"east": {"uv": [0, 12.5, 16, 14], "texture": "#texture1"},
				"south": {"uv": [14.75, 12.5, 15.75, 14], "texture": "#texture1"},
				"west": {"uv": [0, 12.5, 16, 14], "texture": "#texture1"},
				"up": {"uv": [14.75, 0, 15.75, 16], "texture": "#texture1"},
				"down": {"uv": [14.75, 0, 15.75, 16], "texture": "#texture1"}
			}
		},
		{
			"name": "Box121",
			"from": [6, 2, -0.25],
			"to": [7, 3.5, 16.25],
			"faces": {
				"north": {"uv": [9, 12.5, 10, 14], "texture": "#texture1"},
				"east": {"uv": [0, 12.5, 16, 14], "texture": "#texture1"},
				"south": {"uv": [6, 12.5, 7, 14], "texture": "#texture1"},
				"west": {"uv": [0, 12.5, 16, 14], "texture": "#texture1"},
				"up": {"uv": [6, 0, 7, 16], "texture": "#texture1"},
				"down": {"uv": [6, 0, 7, 16], "texture": "#texture1"}
			}
		},
		{
			"name": "Box1",
			"from": [-5, 4.5, -0.5],
			"to": [21, 5.5, 0],
			"faces": {
				"north": {"uv": [0.499, 13.499, 3.497, 14.499], "texture": "#texture1"},
				"east": {"uv": [1, 12.5, 3.996, 14.249], "texture": "#texture1"},
				"south": {"uv": [1.5, 13, 4.497, 14.498], "texture": "#texture1"},
				"west": {"uv": [1.25, 12.75, 3.746, 13.749], "texture": "#texture1"},
				"up": {"uv": [2.25, 13.248, 5.25, 14.247], "texture": "#texture1"},
				"down": {"uv": [2, 12.25, 4.999, 13.249], "texture": "#texture1"}
			}
		},
		{
			"name": "Box1",
			"from": [-5, 4.625, 16.125],
			"to": [21.5, 5.625, 16.425],
			"faces": {
				"north": {"uv": [0, 10.375, 16, 11.375], "texture": "#texture1"},
				"east": {"uv": [15.575, 10.375, 15.875, 11.375], "texture": "#texture1"},
				"south": {"uv": [0, 10.375, 16, 11.375], "texture": "#texture1"},
				"west": {"uv": [0.125, 10.375, 0.425, 11.375], "texture": "#texture1"},
				"up": {"uv": [0, 0.125, 16, 0.425], "texture": "#texture1"},
				"down": {"uv": [0, 15.575, 16, 15.875], "texture": "#texture1"}
			}
		},
		{
			"name": "Box1",
			"from": [20.375, 4.5, 16.125],
			"to": [21.875, 5.5, 17.125],
			"rotation": {"angle": -22.5, "axis": "y", "origin": [20.375, 4.5, 16.125]},
			"faces": {
				"north": {"uv": [0.499, 13.499, 3.497, 14.499], "texture": "#texture"},
				"east": {"uv": [1, 12.5, 3.996, 14.249], "texture": "#texture"},
				"south": {"uv": [1.5, 13, 4.497, 14.498], "texture": "#texture"},
				"west": {"uv": [1.25, 12.75, 3.746, 13.749], "texture": "#texture"},
				"up": {"uv": [2.25, 13.248, 5.25, 14.247], "texture": "#texture"},
				"down": {"uv": [2, 12.25, 4.999, 13.249], "texture": "#texture"}
			}
		},
		{
			"name": "Box1",
			"from": [20.875, 4.5, 16.25],
			"to": [24.375, 5.5, 17.75],
			"rotation": {"angle": 22.5, "axis": "y", "origin": [20.875, 4.5, 16.25]},
			"faces": {
				"north": {"uv": [0.499, 13.499, 3.497, 14.499], "texture": "#texture"},
				"east": {"uv": [1, 12.5, 3.996, 14.249], "texture": "#texture"},
				"south": {"uv": [1.5, 13, 4.497, 14.498], "texture": "#texture"},
				"west": {"uv": [1.25, 12.75, 3.746, 13.749], "texture": "#texture"},
				"up": {"uv": [2.25, 13.248, 5.25, 14.247], "texture": "#texture"},
				"down": {"uv": [2, 12.25, 4.999, 13.249], "texture": "#texture"}
			}
		},
		{
			"name": "Box1",
			"from": [20.375, 4.625, 16.125],
			"to": [21.875, 5.625, 16.925],
			"rotation": {"angle": -22.5, "axis": "y", "origin": [20.375, 4.625, 16.125]},
			"faces": {
				"north": {"uv": [13, 15, 16, 16], "texture": "#texture1"},
				"east": {"uv": [15, 15, 16, 16], "texture": "#texture1"},
				"south": {"uv": [0, 15, 3, 16], "texture": "#texture1"},
				"west": {"uv": [0, 15, 1, 16], "texture": "#texture1"},
				"up": {"uv": [0, 0, 3, 1], "texture": "#texture1"},
				"down": {"uv": [0, 15, 3, 16], "texture": "#texture1"}
			}
		},
		{
			"name": "Box1",
			"from": [20.875, 4.625, 16.25],
			"to": [24.375, 5.625, 17.55],
			"rotation": {"angle": 22.5, "axis": "y", "origin": [20.875, 4.625, 16.25]},
			"faces": {
				"north": {"uv": [13, 15, 16, 16], "texture": "#texture1"},
				"east": {"uv": [15, 15, 16, 16], "texture": "#texture1"},
				"south": {"uv": [0, 15, 3, 16], "texture": "#texture1"},
				"west": {"uv": [0, 15, 1, 16], "texture": "#texture1"},
				"up": {"uv": [0, 0, 3, 1], "texture": "#texture1"},
				"down": {"uv": [0, 15, 3, 16], "texture": "#texture1"}
			}
		},
		{
			"name": "Box130",
			"from": [11.625, 0.875, 1.5],
			"to": [26.125, 1.875, 14.5],
			"faces": {
				"north": {"uv": [0.499, 13.499, 3.497, 14.499], "texture": "#texture"},
				"east": {"uv": [1, 12.5, 3.996, 14.249], "texture": "#texture"},
				"south": {"uv": [1.5, 13, 4.497, 14.498], "texture": "#texture"},
				"west": {"uv": [1.25, 12.75, 3.746, 13.749], "texture": "#texture"},
				"up": {"uv": [2.25, 13.248, 5.25, 14.247], "texture": "#texture"},
				"down": {"uv": [2, 12.25, 4.999, 13.249], "texture": "#texture"}
			}
		},
		{
			"name": "Box130",
			"from": [-5.5, 0.75, 13.25],
			"to": [22, 1.75, 16.25],
			"faces": {
				"north": {"uv": [0.499, 13.499, 3.497, 14.499], "texture": "#texture"},
				"east": {"uv": [1, 12.5, 3.996, 14.249], "texture": "#texture"},
				"south": {"uv": [1.5, 13, 4.497, 14.498], "texture": "#texture"},
				"west": {"uv": [1.25, 12.75, 3.746, 13.749], "texture": "#texture"},
				"up": {"uv": [2.25, 13.248, 5.25, 14.247], "texture": "#texture"},
				"down": {"uv": [2, 12.25, 4.999, 13.249], "texture": "#texture"}
			}
		},
		{
			"name": "Box130",
			"from": [-10, 0.75, 1.5],
			"to": [24.5, 1.75, 14.5],
			"faces": {
				"north": {"uv": [0.499, 13.499, 3.497, 14.499], "texture": "#texture"},
				"east": {"uv": [1, 12.5, 3.996, 14.249], "texture": "#texture"},
				"south": {"uv": [1.5, 13, 4.497, 14.498], "texture": "#texture"},
				"west": {"uv": [1.25, 12.75, 3.746, 13.749], "texture": "#texture"},
				"up": {"uv": [2.25, 13.248, 5.25, 14.247], "texture": "#texture"},
				"down": {"uv": [2, 12.25, 4.999, 13.249], "texture": "#texture"}
			}
		},
		{
			"name": "Box130",
			"from": [-5.5, 0.75, -0.25],
			"to": [22, 1.75, 2.75],
			"faces": {
				"north": {"uv": [0.499, 13.499, 3.497, 14.499], "texture": "#texture"},
				"east": {"uv": [1, 12.5, 3.996, 14.249], "texture": "#texture"},
				"south": {"uv": [1.5, 13, 4.497, 14.498], "texture": "#texture"},
				"west": {"uv": [1.25, 12.75, 3.746, 13.749], "texture": "#texture"},
				"up": {"uv": [2.25, 13.248, 5.25, 14.247], "texture": "#texture"},
				"down": {"uv": [2, 12.25, 4.999, 13.249], "texture": "#texture"}
			}
		},
		{
			"name": "Box135",
			"from": [15.375, 6.125, 1.375],
			"to": [15.875, 6.625, 2.875],
			"faces": {
				"north": {"uv": [0.125, 9.375, 0.625, 9.875], "texture": "#texture6"},
				"east": {"uv": [13.125, 9.375, 14.625, 9.875], "texture": "#texture6"},
				"south": {"uv": [15.375, 9.375, 15.875, 9.875], "texture": "#texture6"},
				"west": {"uv": [1.375, 9.375, 2.875, 9.875], "texture": "#texture6"},
				"up": {"uv": [15.375, 1.375, 15.875, 2.875], "texture": "#texture6"},
				"down": {"uv": [15.375, 13.125, 15.875, 14.625], "texture": "#texture6"}
			}
		},
		{
			"name": "Box135",
			"from": [15.375, 6.125, 13.25],
			"to": [15.875, 6.625, 14.75],
			"faces": {
				"north": {"uv": [0.125, 9.375, 0.625, 9.875], "texture": "#texture6"},
				"east": {"uv": [1.25, 9.375, 2.75, 9.875], "texture": "#texture6"},
				"south": {"uv": [15.375, 9.375, 15.875, 9.875], "texture": "#texture6"},
				"west": {"uv": [13.25, 9.375, 14.75, 9.875], "texture": "#texture6"},
				"up": {"uv": [15.375, 13.25, 15.875, 14.75], "texture": "#texture6"},
				"down": {"uv": [15.375, 1.25, 15.875, 2.75], "texture": "#texture6"}
			}
		},
		{
			"name": "Box135",
			"from": [6.625, 6.125, 13.625],
			"to": [7.125, 6.625, 15.125],
			"faces": {
				"north": {"uv": [8.875, 9.375, 9.375, 9.875], "texture": "#texture6"},
				"east": {"uv": [0.875, 9.375, 2.375, 9.875], "texture": "#texture6"},
				"south": {"uv": [6.625, 9.375, 7.125, 9.875], "texture": "#texture6"},
				"west": {"uv": [13.625, 9.375, 15.125, 9.875], "texture": "#texture6"},
				"up": {"uv": [6.625, 13.625, 7.125, 15.125], "texture": "#texture6"},
				"down": {"uv": [6.625, 0.875, 7.125, 2.375], "texture": "#texture6"}
			}
		},
		{
			"name": "Box135",
			"from": [-1.875, 6.125, 13.25],
			"to": [-1.375, 6.625, 14.75],
			"faces": {
				"north": {"uv": [1.375, 9.375, 1.875, 9.875], "texture": "#texture6"},
				"east": {"uv": [1.25, 9.375, 2.75, 9.875], "texture": "#texture6"},
				"south": {"uv": [14.125, 9.375, 14.625, 9.875], "texture": "#texture6"},
				"west": {"uv": [13.25, 9.375, 14.75, 9.875], "texture": "#texture6"},
				"up": {"uv": [14.125, 13.25, 14.625, 14.75], "texture": "#texture6"},
				"down": {"uv": [14.125, 1.25, 14.625, 2.75], "texture": "#texture6"}
			}
		},
		{
			"name": "Box30",
			"from": [-1.875, 3.5, 7.625],
			"to": [-1.375, 7.5, 8.125],
			"faces": {
				"north": {"uv": [0, 0, 1.999, 2.25], "texture": "#texture2"},
				"east": {"uv": [0, 0, 2, 2], "texture": "#texture2"},
				"south": {"uv": [0, 0, 1.999, 1.5], "texture": "#texture2"},
				"west": {"uv": [0, 0, 1.749, 1.75], "texture": "#texture2"},
				"up": {"uv": [0, 0, 1.498, 1.75], "texture": "#texture2"},
				"down": {"uv": [0, 0, 1.749, 1.75], "texture": "#texture2"}
			}
		},
		{
			"name": "Box135",
			"from": [-1.875, 6.125, 1.375],
			"to": [-1.375, 6.625, 2.875],
			"faces": {
				"north": {"uv": [1.375, 9.375, 1.875, 9.875], "texture": "#texture6"},
				"east": {"uv": [13.125, 9.375, 14.625, 9.875], "texture": "#texture6"},
				"south": {"uv": [14.125, 9.375, 14.625, 9.875], "texture": "#texture6"},
				"west": {"uv": [1.375, 9.375, 2.875, 9.875], "texture": "#texture6"},
				"up": {"uv": [14.125, 1.375, 14.625, 2.875], "texture": "#texture6"},
				"down": {"uv": [14.125, 13.125, 14.625, 14.625], "texture": "#texture6"}
			}
		},
		{
			"name": "Box30",
			"from": [6.625, 3.5, 7.625],
			"to": [7.125, 7.5, 8.125],
			"faces": {
				"north": {"uv": [0, 0, 1.999, 2.25], "texture": "#texture2"},
				"east": {"uv": [0, 0, 2, 2], "texture": "#texture2"},
				"south": {"uv": [0, 0, 1.999, 1.5], "texture": "#texture2"},
				"west": {"uv": [0, 0, 1.749, 1.75], "texture": "#texture2"},
				"up": {"uv": [0, 0, 1.498, 1.75], "texture": "#texture2"},
				"down": {"uv": [0, 0, 1.749, 1.75], "texture": "#texture2"}
			}
		},
		{
			"name": "Box135",
			"from": [6.625, 6.125, 1.375],
			"to": [7.125, 6.625, 2.875],
			"faces": {
				"north": {"uv": [8.875, 9.375, 9.375, 9.875], "texture": "#texture6"},
				"east": {"uv": [13.125, 9.375, 14.625, 9.875], "texture": "#texture6"},
				"south": {"uv": [6.625, 9.375, 7.125, 9.875], "texture": "#texture6"},
				"west": {"uv": [1.375, 9.375, 2.875, 9.875], "texture": "#texture6"},
				"up": {"uv": [6.625, 1.375, 7.125, 2.875], "texture": "#texture6"},
				"down": {"uv": [6.625, 13.125, 7.125, 14.625], "texture": "#texture6"}
			}
		},
		{
			"name": "Box143",
			"from": [24.875, 4.625, 15.5],
			"to": [25.875, 4.925, 16],
			"rotation": {"angle": 45, "axis": "y", "origin": [24.875, 4.625, 15.5]},
			"faces": {
				"north": {"uv": [8.5, 15, 9.5, 16], "texture": "#texture1"},
				"east": {"uv": [14.5, 15, 15.5, 16], "texture": "#texture1"},
				"south": {"uv": [6.5, 15, 7.5, 16], "texture": "#texture1"},
				"west": {"uv": [0.5, 15, 1.5, 16], "texture": "#texture1"},
				"up": {"uv": [6.5, 0.5, 7.5, 1.5], "texture": "#texture1"},
				"down": {"uv": [6.5, 14.5, 7.5, 15.5], "texture": "#texture1"}
			}
		},
		{
			"name": "Box143",
			"from": [23.75, 3.875, 15.625],
			"to": [24.25, 4.375, 16.125],
			"rotation": {"angle": 22.5, "axis": "y", "origin": [23.75, 3.875, 15.625]},
			"faces": {
				"north": {"uv": [8.5, 15, 9.5, 16], "texture": "#texture7"},
				"east": {"uv": [14.5, 15, 15.5, 16], "texture": "#texture7"},
				"south": {"uv": [6.5, 15, 7.5, 16], "texture": "#texture7"},
				"west": {"uv": [0.5, 15, 1.5, 16], "texture": "#texture7"},
				"up": {"uv": [6.5, 0.5, 7.5, 1.5], "texture": "#texture7"},
				"down": {"uv": [6.5, 14.5, 7.5, 15.5], "texture": "#texture7"}
			}
		},
		{
			"name": "Box143",
			"from": [24, 3.875, 0],
			"to": [24.5, 4.375, 0.5],
			"rotation": {"angle": -22.5, "axis": "y", "origin": [24, 3.875, 0]},
			"faces": {
				"north": {"uv": [8.5, 15, 9.5, 16], "texture": "#texture7"},
				"east": {"uv": [14.5, 15, 15.5, 16], "texture": "#texture7"},
				"south": {"uv": [6.5, 15, 7.5, 16], "texture": "#texture7"},
				"west": {"uv": [0.5, 15, 1.5, 16], "texture": "#texture7"},
				"up": {"uv": [6.5, 0.5, 7.5, 1.5], "texture": "#texture7"},
				"down": {"uv": [6.5, 14.5, 7.5, 15.5], "texture": "#texture7"}
			}
		},
		{
			"name": "Box143",
			"from": [25.25, 4.625, 0.125],
			"to": [26.25, 4.925, 0.625],
			"rotation": {"angle": -45, "axis": "y", "origin": [25.25, 4.625, 0.125]},
			"faces": {
				"north": {"uv": [8.5, 15, 9.5, 16], "texture": "#texture1"},
				"east": {"uv": [14.5, 15, 15.5, 16], "texture": "#texture1"},
				"south": {"uv": [6.5, 15, 7.5, 16], "texture": "#texture1"},
				"west": {"uv": [0.5, 15, 1.5, 16], "texture": "#texture1"},
				"up": {"uv": [6.5, 0.5, 7.5, 1.5], "texture": "#texture1"},
				"down": {"uv": [6.5, 14.5, 7.5, 15.5], "texture": "#texture1"}
			}
		},
		{
			"name": "Box2",
			"from": [-4, 3.625, 17.125],
			"to": [20.5, 4.125, 17.425],
			"faces": {
				"north": {"uv": [0, 10.375, 16, 11.375], "texture": "#8"},
				"east": {"uv": [15.575, 10.375, 15.875, 11.375], "texture": "#8"},
				"south": {"uv": [0, 10.375, 16, 11.375], "texture": "#8"},
				"west": {"uv": [0.125, 10.375, 0.425, 11.375], "texture": "#8"},
				"up": {"uv": [0, 0.125, 16, 0.425], "texture": "#8"},
				"down": {"uv": [0, 15.575, 16, 15.875], "texture": "#8"}
			}
		},
		{
			"name": "Box3",
			"from": [-4, 3.625, -1.425],
			"to": [20.5, 4.125, -1.125],
			"faces": {
				"north": {"uv": [16, 10.375, 0, 11.375], "texture": "#8"},
				"east": {"uv": [15.875, 10.375, 15.575, 11.375], "texture": "#8"},
				"south": {"uv": [16, 10.375, 0, 11.375], "texture": "#8"},
				"west": {"uv": [0.425, 10.375, 0.125, 11.375], "texture": "#8"},
				"up": {"uv": [0, 0.425, 16, 0.125], "texture": "#8"},
				"down": {"uv": [0, 15.875, 16, 15.575], "texture": "#8"}
			}
		}
	],
	"display": {
		"thirdperson_righthand": {
			"rotation": [75, -59, -3],
			"translation": [-1.2718, 1.4242, 1.3913],
			"scale": [0.49, 0.49, 0.49]
		},
		"thirdperson_lefthand": {
			"rotation": [75, -59, -3],
			"translation": [3.4782, 1.3915, 1.3913],
			"scale": [1, 0.9652, 1]
		},
		"gui": {
			"rotation": [0, 90, 0],
			"translation": [-1.389, 4.8695, 3.4775]
		},
		"head": {
			"rotation": [0, 270, 0],
			"translation": [0, 10, 69.25],
			"scale": [4, 4, 4]
		}
	}
}