{
	"credit": "Made with Blockbench",
	"texture_size": [256, 256],
	"textures": {
		"0": "ohben/JourneyToAtlantis",
		"particle": "ohben/JourneyToAtlantis"
	},
	"elements": [
		{
			"from": [-11, 1, -10],
			"to": [27, 4, 17],
			"rotation": {"angle": 0, "axis": "y", "origin": [15, 9, -6]},
			"faces": {
				"north": {"uv": [2.375, 2.0625, 4.75, 2.25], "texture": "#0"},
				"east": {"uv": [9.375, 9.1875, 12.8125, 9.375], "texture": "#0"},
				"south": {"uv": [4.75, 4.5625, 7.125, 4.75], "texture": "#0"},
				"west": {"uv": [9.5, 7.3125, 12.9375, 7.5], "texture": "#0"},
				"up": {"uv": [2.375, 3.4375, 0, 0], "texture": "#0"},
				"down": {"uv": [4.75, 2.375, 2.375, 5.8125], "texture": "#0"}
			}
		},
		{
			"from": [-14, 1, 17],
			"to": [30, 17, 24.75],
			"rotation": {"angle": 0, "axis": "y", "origin": [12, 13, 27]},
			"faces": {
				"north": {"uv": [2.375, 0, 5.125, 1.375], "texture": "#0"},
				"east": {"uv": [5.375, 7.9375, 5.875, 9.3125], "texture": "#0"},
				"south": {"uv": [4.75, 4.75, 7.5, 6.125], "texture": "#0"},
				"west": {"uv": [5.875, 7.9375, 6.375, 9.3125], "texture": "#0"},
				"up": {"uv": [10.25, 1.875, 7.5, 1.375], "texture": "#0"},
				"down": {"uv": [10.25, 1.875, 7.5, 2.375], "texture": "#0"}
			}
		},
		{
			"from": [19, 4, -5],
			"to": [27, 9, 2],
			"rotation": {"angle": 0, "axis": "y", "origin": [32.5, 12, 3]},
			"faces": {
				"north": {"uv": [6.375, 7.9375, 6.875, 8.25], "texture": "#0"},
				"east": {"uv": [4.3125, 5.8125, 4.75, 6.125], "texture": "#0"},
				"south": {"uv": [8.875, 8.5, 9.375, 8.8125], "texture": "#0"},
				"west": {"uv": [11.9375, 6.6875, 12.375, 7], "texture": "#0"},
				"up": {"uv": [10.5, 7.125, 10, 6.6875], "texture": "#0"},
				"down": {"uv": [10.5625, 0, 10.0625, 0.4375], "texture": "#0"}
			}
		},
		{
			"from": [19, 4, 9],
			"to": [27, 9, 16],
			"rotation": {"angle": 0, "axis": "y", "origin": [32.5, 12, 17]},
			"faces": {
				"north": {"uv": [1.875, 11.8125, 2.375, 12.125], "texture": "#0"},
				"east": {"uv": [12.375, 1.0625, 12.8125, 1.375], "texture": "#0"},
				"south": {"uv": [11.8125, 9.875, 12.3125, 10.1875], "texture": "#0"},
				"west": {"uv": [12.375, 1.375, 12.8125, 1.6875], "texture": "#0"},
				"up": {"uv": [9.0625, 11.125, 8.5625, 10.6875], "texture": "#0"},
				"down": {"uv": [7.4375, 10.75, 6.9375, 11.1875], "texture": "#0"}
			}
		},
		{
			"from": [9, 4, -5],
			"to": [17, 9, 2],
			"rotation": {"angle": 0, "axis": "y", "origin": [22.5, 12, 3]},
			"faces": {
				"north": {"uv": [11.3125, 9.875, 11.8125, 10.1875], "texture": "#0"},
				"east": {"uv": [12, 0.75, 12.4375, 1.0625], "texture": "#0"},
				"south": {"uv": [11.3125, 10.1875, 11.8125, 10.5], "texture": "#0"},
				"west": {"uv": [12, 4.5, 12.4375, 4.8125], "texture": "#0"},
				"up": {"uv": [10.5625, 0.875, 10.0625, 0.4375], "texture": "#0"},
				"down": {"uv": [10.5625, 0.875, 10.0625, 1.3125], "texture": "#0"}
			}
		},
		{
			"from": [9, 4, 9],
			"to": [17, 9, 16],
			"rotation": {"angle": 0, "axis": "y", "origin": [22.5, 12, 17]},
			"faces": {
				"north": {"uv": [0.875, 11.8125, 1.375, 12.125], "texture": "#0"},
				"east": {"uv": [8.5625, 12.375, 9, 12.6875], "texture": "#0"},
				"south": {"uv": [1.375, 11.8125, 1.875, 12.125], "texture": "#0"},
				"west": {"uv": [12.0625, 12.375, 12.5, 12.6875], "texture": "#0"},
				"up": {"uv": [5.8125, 11.125, 5.3125, 10.6875], "texture": "#0"},
				"down": {"uv": [6.3125, 10.6875, 5.8125, 11.125], "texture": "#0"}
			}
		},
		{
			"from": [-1, 4, -5],
			"to": [7, 9, 2],
			"rotation": {"angle": 0, "axis": "y", "origin": [12.5, 12, 3]},
			"faces": {
				"north": {"uv": [3.5, 11.375, 4, 11.6875], "texture": "#0"},
				"east": {"uv": [12, 5.4375, 12.4375, 5.75], "texture": "#0"},
				"south": {"uv": [4, 11.375, 4.5, 11.6875], "texture": "#0"},
				"west": {"uv": [6.9375, 12.0625, 7.375, 12.375], "texture": "#0"},
				"up": {"uv": [10.625, 5.875, 10.125, 5.4375], "texture": "#0"},
				"down": {"uv": [9.0625, 10.25, 8.5625, 10.6875], "texture": "#0"}
			}
		},
		{
			"from": [-11, 4, -5],
			"to": [-3, 9, 2],
			"rotation": {"angle": 0, "axis": "y", "origin": [2.5, 12, 3]},
			"faces": {
				"north": {"uv": [11.4375, 6.6875, 11.9375, 7], "texture": "#0"},
				"east": {"uv": [12.0625, 2.625, 12.5, 2.9375], "texture": "#0"},
				"south": {"uv": [0.875, 11.5, 1.375, 11.8125], "texture": "#0"},
				"west": {"uv": [12.0625, 2.9375, 12.5, 3.25], "texture": "#0"},
				"up": {"uv": [7.4375, 10.75, 6.9375, 10.3125], "texture": "#0"},
				"down": {"uv": [7.9375, 10.3125, 7.4375, 10.75], "texture": "#0"}
			}
		},
		{
			"from": [-11, 4, 9],
			"to": [-3, 9, 16],
			"rotation": {"angle": 0, "axis": "y", "origin": [2.5, 12, 17]},
			"faces": {
				"north": {"uv": [11.6875, 11.6875, 12.1875, 12], "texture": "#0"},
				"east": {"uv": [12.25, 3.75, 12.6875, 4.0625], "texture": "#0"},
				"south": {"uv": [11.6875, 11.3125, 12.1875, 11.625], "texture": "#0"},
				"west": {"uv": [12.25, 8.625, 12.6875, 8.9375], "texture": "#0"},
				"up": {"uv": [11.125, 5.4375, 10.625, 5], "texture": "#0"},
				"down": {"uv": [11.125, 5.4375, 10.625, 5.875], "texture": "#0"}
			}
		},
		{
			"from": [-1, 4, 9],
			"to": [7, 9, 16],
			"rotation": {"angle": 0, "axis": "y", "origin": [12.5, 12, 17]},
			"faces": {
				"north": {"uv": [6.9375, 11.75, 7.4375, 12.0625], "texture": "#0"},
				"east": {"uv": [12.3125, 9.8125, 12.75, 10.125], "texture": "#0"},
				"south": {"uv": [8.5625, 11.75, 9.0625, 12.0625], "texture": "#0"},
				"west": {"uv": [6.9375, 12.375, 7.375, 12.6875], "texture": "#0"},
				"up": {"uv": [11.125, 8.25, 10.625, 7.8125], "texture": "#0"},
				"down": {"uv": [11.125, 8.25, 10.625, 8.6875], "texture": "#0"}
			}
		},
		{
			"from": [27, 1, -9],
			"to": [30, 6, 17],
			"rotation": {"angle": 0, "axis": "y", "origin": [35, 14, 42]},
			"faces": {
				"north": {"uv": [12.75, 9.625, 12.9375, 10.0625], "texture": "#0"},
				"east": {"uv": [4.75, 4.125, 8.1875, 4.5625], "texture": "#0"},
				"south": {"uv": [12.8125, 1.0625, 13, 1.5], "texture": "#0"},
				"west": {"uv": [5.125, 0.9375, 8.5625, 1.375], "texture": "#0"},
				"up": {"uv": [0.6875, 13.1875, 0.5, 9.75], "texture": "#0"},
				"down": {"uv": [0.875, 9.75, 0.6875, 13.1875], "texture": "#0"}
			}
		},
		{
			"from": [-14, 1, -9],
			"to": [-11, 6, 17],
			"rotation": {"angle": 0, "axis": "y", "origin": [-6, 14, 32]},
			"faces": {
				"north": {"uv": [12.875, 7.5, 13.0625, 7.9375], "texture": "#0"},
				"east": {"uv": [3.4375, 7.0625, 6.875, 7.5], "texture": "#0"},
				"south": {"uv": [12.875, 11.6875, 13.0625, 12.125], "texture": "#0"},
				"west": {"uv": [3.4375, 7.5, 6.875, 7.9375], "texture": "#0"},
				"up": {"uv": [5.3125, 13.1875, 5.125, 9.75], "texture": "#0"},
				"down": {"uv": [6.5625, 9.875, 6.375, 13.3125], "texture": "#0"}
			}
		},
		{
			"from": [27, 6, -9],
			"to": [30, 17, 17],
			"rotation": {"angle": 0, "axis": "y", "origin": [35, 19, 42]},
			"faces": {
				"north": {"uv": [1, 8.375, 1.1875, 9.3125], "texture": "#0"},
				"east": {"uv": [5.125, 0, 8.5625, 0.9375], "texture": "#0"},
				"south": {"uv": [1.1875, 8.375, 1.375, 9.3125], "texture": "#0"},
				"west": {"uv": [0, 5.8125, 3.4375, 6.75], "texture": "#0"},
				"up": {"uv": [4.9375, 13.1875, 4.75, 9.75], "texture": "#0"},
				"down": {"uv": [5.125, 9.75, 4.9375, 13.1875], "texture": "#0"}
			}
		},
		{
			"from": [-14, 6, -9],
			"to": [-11, 17, 17],
			"rotation": {"angle": 0, "axis": "y", "origin": [-6, 19, 32]},
			"faces": {
				"north": {"uv": [2.625, 11.0625, 2.8125, 12], "texture": "#0"},
				"east": {"uv": [3.4375, 6.125, 6.875, 7.0625], "texture": "#0"},
				"south": {"uv": [2.8125, 11.0625, 3, 12], "texture": "#0"},
				"west": {"uv": [0, 6.75, 3.4375, 7.6875], "texture": "#0"},
				"up": {"uv": [6.75, 13.3125, 6.5625, 9.875], "texture": "#0"},
				"down": {"uv": [6.9375, 9.875, 6.75, 13.3125], "texture": "#0"}
			}
		},
		{
			"from": [27, 17, 13],
			"to": [30, 23, 24.75],
			"rotation": {"angle": 0, "axis": "y", "origin": [35, 30, 30.75]},
			"faces": {
				"north": {"uv": [12.875, 12.125, 13.0625, 12.5], "texture": "#0"},
				"east": {"uv": [9.875, 3.5, 10.625, 3.875], "texture": "#0"},
				"south": {"uv": [12.9375, 3.875, 13.125, 4.25], "texture": "#0"},
				"west": {"uv": [9.875, 7.8125, 10.625, 8.1875], "texture": "#0"},
				"up": {"uv": [12.0625, 3.375, 11.875, 2.625], "texture": "#0"},
				"down": {"uv": [12.0625, 5.9375, 11.875, 6.6875], "texture": "#0"}
			}
		},
		{
			"from": [-14, 17, 1],
			"to": [-11, 23, 5],
			"rotation": {"angle": 0, "axis": "y", "origin": [-6, 30, 11]},
			"faces": {
				"north": {"uv": [9, 13, 9.1875, 13.375], "texture": "#0"},
				"east": {"uv": [7.375, 12.625, 7.625, 13], "texture": "#0"},
				"south": {"uv": [13, 13, 13.1875, 13.375], "texture": "#0"},
				"west": {"uv": [9, 12.625, 9.25, 13], "texture": "#0"},
				"up": {"uv": [13.6875, 6.5625, 13.5, 6.3125], "texture": "#0"},
				"down": {"uv": [13.6875, 9.25, 13.5, 9.5], "texture": "#0"}
			}
		},
		{
			"from": [27, 17, 1],
			"to": [30, 23, 5],
			"rotation": {"angle": 0, "axis": "y", "origin": [35, 30, 11]},
			"faces": {
				"north": {"uv": [13, 0, 13.1875, 0.375], "texture": "#0"},
				"east": {"uv": [12.625, 11, 12.875, 11.375], "texture": "#0"},
				"south": {"uv": [13, 1.0625, 13.1875, 1.4375], "texture": "#0"},
				"west": {"uv": [12.625, 11.375, 12.875, 11.75], "texture": "#0"},
				"up": {"uv": [9.4375, 13.8125, 9.25, 13.5625], "texture": "#0"},
				"down": {"uv": [9.625, 13.5625, 9.4375, 13.8125], "texture": "#0"}
			}
		},
		{
			"from": [-14, 17, -2],
			"to": [-11, 21, 1],
			"rotation": {"angle": 0, "axis": "y", "origin": [-6, 30, 7]},
			"faces": {
				"north": {"uv": [13.5, 10.6875, 13.6875, 10.9375], "texture": "#0"},
				"east": {"uv": [13.5, 10.9375, 13.6875, 11.1875], "texture": "#0"},
				"south": {"uv": [13.5, 11.1875, 13.6875, 11.4375], "texture": "#0"},
				"west": {"uv": [13.5, 12.625, 13.6875, 12.875], "texture": "#0"},
				"up": {"uv": [13.8125, 10.25, 13.625, 10.0625], "texture": "#0"},
				"down": {"uv": [13.8125, 10.25, 13.625, 10.4375], "texture": "#0"}
			}
		},
		{
			"from": [27, 17, -2],
			"to": [30, 21, 1],
			"rotation": {"angle": 0, "axis": "y", "origin": [35, 30, 7]},
			"faces": {
				"north": {"uv": [9.625, 13.5625, 9.8125, 13.8125], "texture": "#0"},
				"east": {"uv": [9.8125, 13.5625, 10, 13.8125], "texture": "#0"},
				"south": {"uv": [10.375, 13.5625, 10.5625, 13.8125], "texture": "#0"},
				"west": {"uv": [10.5625, 13.5625, 10.75, 13.8125], "texture": "#0"},
				"up": {"uv": [2.1875, 13.875, 2, 13.6875], "texture": "#0"},
				"down": {"uv": [2.375, 13.6875, 2.1875, 13.875], "texture": "#0"}
			}
		},
		{
			"from": [-14, 17, -5],
			"to": [-11, 19, -2],
			"rotation": {"angle": 0, "axis": "y", "origin": [-6, 30, 4]},
			"faces": {
				"north": {"uv": [3.5625, 13.75, 3.75, 13.875], "texture": "#0"},
				"east": {"uv": [3.75, 13.75, 3.9375, 13.875], "texture": "#0"},
				"south": {"uv": [3.9375, 13.75, 4.125, 13.875], "texture": "#0"},
				"west": {"uv": [4.75, 13.75, 4.9375, 13.875], "texture": "#0"},
				"up": {"uv": [13.8125, 10.625, 13.625, 10.4375], "texture": "#0"},
				"down": {"uv": [13.8125, 12.4375, 13.625, 12.625], "texture": "#0"}
			}
		},
		{
			"from": [27, 17, -5],
			"to": [30, 19, -2],
			"rotation": {"angle": 0, "axis": "y", "origin": [35, 30, 4]},
			"faces": {
				"north": {"uv": [4.9375, 13.75, 5.125, 13.875], "texture": "#0"},
				"east": {"uv": [5.125, 13.75, 5.3125, 13.875], "texture": "#0"},
				"south": {"uv": [5.3125, 13.75, 5.5, 13.875], "texture": "#0"},
				"west": {"uv": [5.5, 13.75, 5.6875, 13.875], "texture": "#0"},
				"up": {"uv": [6, 13.875, 5.8125, 13.6875], "texture": "#0"},
				"down": {"uv": [13.875, 13.6875, 13.6875, 13.875], "texture": "#0"}
			}
		},
		{
			"from": [-14, 17, 12.75],
			"to": [-11, 23, 24.75],
			"rotation": {"angle": 0, "axis": "y", "origin": [-6, 30, 30.75]},
			"faces": {
				"north": {"uv": [12.9375, 10.375, 13.125, 10.75], "texture": "#0"},
				"east": {"uv": [9.875, 8.1875, 10.625, 8.5625], "texture": "#0"},
				"south": {"uv": [7.375, 13, 7.5625, 13.375], "texture": "#0"},
				"west": {"uv": [9.875, 8.5625, 10.625, 8.9375], "texture": "#0"},
				"up": {"uv": [12.0625, 8.25, 11.875, 7.5], "texture": "#0"},
				"down": {"uv": [12.1875, 0, 12, 0.75], "texture": "#0"}
			}
		},
		{
			"from": [-11, 4, 16],
			"to": [-3, 21, 17],
			"rotation": {"angle": 0, "axis": "y", "origin": [9, 12, 24]},
			"faces": {
				"north": {"uv": [0, 8.375, 0.5, 9.75], "texture": "#0"},
				"east": {"uv": [6.3125, 10.6875, 6.375, 12.0625], "texture": "#0"},
				"south": {"uv": [0.5, 8.375, 1, 9.75], "texture": "#0"},
				"west": {"uv": [6.3125, 12.0625, 6.375, 13.4375], "texture": "#0"},
				"up": {"uv": [2.375, 5.6875, 1.875, 5.625], "texture": "#0"},
				"down": {"uv": [3.9375, 6.0625, 3.4375, 6.125], "texture": "#0"}
			}
		},
		{
			"from": [-1, 4, 16],
			"to": [7, 21, 17],
			"rotation": {"angle": 0, "axis": "y", "origin": [19, 12, 24]},
			"faces": {
				"north": {"uv": [9.625, 4.5625, 10.125, 5.9375], "texture": "#0"},
				"east": {"uv": [7.625, 12.625, 7.6875, 14], "texture": "#0"},
				"south": {"uv": [1, 9.6875, 1.5, 11.0625], "texture": "#0"},
				"west": {"uv": [2.5625, 12.6875, 2.625, 14.0625], "texture": "#0"},
				"up": {"uv": [9.375, 8.875, 8.875, 8.8125], "texture": "#0"},
				"down": {"uv": [10, 7.5, 9.5, 7.5625], "texture": "#0"}
			}
		},
		{
			"from": [9, 4, 16],
			"to": [17, 21, 17],
			"rotation": {"angle": 0, "axis": "y", "origin": [29, 12, 24]},
			"faces": {
				"north": {"uv": [1.5, 9.6875, 2, 11.0625], "texture": "#0"},
				"east": {"uv": [8.9375, 12.6875, 9, 14.0625], "texture": "#0"},
				"south": {"uv": [2, 9.6875, 2.5, 11.0625], "texture": "#0"},
				"west": {"uv": [12.4375, 12.6875, 12.5, 14.0625], "texture": "#0"},
				"up": {"uv": [10.5, 7.3125, 10, 7.25], "texture": "#0"},
				"down": {"uv": [10.5, 7.5, 10, 7.5625], "texture": "#0"}
			}
		},
		{
			"from": [19, 4, 16],
			"to": [27, 21, 17],
			"rotation": {"angle": 0, "axis": "y", "origin": [39, 12, 24]},
			"faces": {
				"north": {"uv": [2.5, 9.6875, 3, 11.0625], "texture": "#0"},
				"east": {"uv": [10.25, 12.875, 10.3125, 14.25], "texture": "#0"},
				"south": {"uv": [0, 9.75, 0.5, 11.125], "texture": "#0"},
				"west": {"uv": [10.3125, 12.875, 10.375, 14.25], "texture": "#0"},
				"up": {"uv": [10.625, 5.9375, 10.125, 5.875], "texture": "#0"},
				"down": {"uv": [10.875, 10.3125, 10.375, 10.375], "texture": "#0"}
			}
		},
		{
			"from": [-11, 4, 2],
			"to": [-3, 21, 4],
			"rotation": {"angle": 0, "axis": "y", "origin": [9, 12, 10]},
			"faces": {
				"north": {"uv": [9.125, 4.5625, 9.625, 5.9375], "texture": "#0"},
				"east": {"uv": [10.3125, 11.25, 10.4375, 12.625], "texture": "#0"},
				"south": {"uv": [5.375, 9.3125, 5.875, 10.6875], "texture": "#0"},
				"west": {"uv": [10.4375, 11.25, 10.5625, 12.625], "texture": "#0"},
				"up": {"uv": [13.5, 6.5625, 13, 6.4375], "texture": "#0"},
				"down": {"uv": [13.5, 6.6875, 13, 6.8125], "texture": "#0"}
			}
		},
		{
			"from": [-1, 4, 2],
			"to": [7, 21, 4],
			"rotation": {"angle": 0, "axis": "y", "origin": [19, 12, 10]},
			"faces": {
				"north": {"uv": [5.875, 9.3125, 6.375, 10.6875], "texture": "#0"},
				"east": {"uv": [10.5625, 11.25, 10.6875, 12.625], "texture": "#0"},
				"south": {"uv": [9.375, 9.375, 9.875, 10.75], "texture": "#0"},
				"west": {"uv": [10.6875, 11.25, 10.8125, 12.625], "texture": "#0"},
				"up": {"uv": [13.5, 9.4375, 13, 9.3125], "texture": "#0"},
				"down": {"uv": [13.5, 9.4375, 13, 9.5625], "texture": "#0"}
			}
		},
		{
			"from": [9, 4, 2],
			"to": [17, 21, 4],
			"rotation": {"angle": 0, "axis": "y", "origin": [29, 12, 10]},
			"faces": {
				"north": {"uv": [9.375, 2.375, 9.875, 3.75], "texture": "#0"},
				"east": {"uv": [10.8125, 11.25, 10.9375, 12.625], "texture": "#0"},
				"south": {"uv": [9.375, 7.8125, 9.875, 9.1875], "texture": "#0"},
				"west": {"uv": [10.9375, 11.25, 11.0625, 12.625], "texture": "#0"},
				"up": {"uv": [13.5, 10.875, 13, 10.75], "texture": "#0"},
				"down": {"uv": [13.5, 10.875, 13, 11], "texture": "#0"}
			}
		},
		{
			"from": [19, 4, 2],
			"to": [27, 21, 4],
			"rotation": {"angle": 0, "axis": "y", "origin": [39, 12, 10]},
			"faces": {
				"north": {"uv": [9.5, 5.9375, 10, 7.3125], "texture": "#0"},
				"east": {"uv": [11.0625, 11.25, 11.1875, 12.625], "texture": "#0"},
				"south": {"uv": [9.5625, 0, 10.0625, 1.375], "texture": "#0"},
				"west": {"uv": [11.1875, 11.25, 11.3125, 12.625], "texture": "#0"},
				"up": {"uv": [13.5, 11.125, 13, 11], "texture": "#0"},
				"down": {"uv": [13.5, 11.125, 13, 11.25], "texture": "#0"}
			}
		},
		{
			"from": [-10, 21, 2],
			"to": [-4, 24, 4],
			"rotation": {"angle": 0, "axis": "y", "origin": [9, 29, 10]},
			"faces": {
				"north": {"uv": [12.5625, 10.125, 12.9375, 10.375], "texture": "#0"},
				"east": {"uv": [0, 13.75, 0.125, 14], "texture": "#0"},
				"south": {"uv": [12.5625, 10.5, 12.9375, 10.75], "texture": "#0"},
				"west": {"uv": [0.125, 13.75, 0.25, 14], "texture": "#0"},
				"up": {"uv": [13.8125, 5.5625, 13.4375, 5.4375], "texture": "#0"},
				"down": {"uv": [13.8125, 5.5625, 13.4375, 5.6875], "texture": "#0"}
			}
		},
		{
			"from": [0, 21, 2],
			"to": [6, 24, 4],
			"rotation": {"angle": 0, "axis": "y", "origin": [19, 29, 10]},
			"faces": {
				"north": {"uv": [0.875, 12.625, 1.25, 12.875], "texture": "#0"},
				"east": {"uv": [0.25, 13.75, 0.375, 14], "texture": "#0"},
				"south": {"uv": [1.25, 12.625, 1.625, 12.875], "texture": "#0"},
				"west": {"uv": [0.375, 13.75, 0.5, 14], "texture": "#0"},
				"up": {"uv": [13.8125, 6.9375, 13.4375, 6.8125], "texture": "#0"},
				"down": {"uv": [13.8125, 6.9375, 13.4375, 7.0625], "texture": "#0"}
			}
		},
		{
			"from": [10, 21, 2],
			"to": [16, 24, 4],
			"rotation": {"angle": 0, "axis": "y", "origin": [29, 29, 10]},
			"faces": {
				"north": {"uv": [1.625, 12.625, 2, 12.875], "texture": "#0"},
				"east": {"uv": [2.625, 13.75, 2.75, 14], "texture": "#0"},
				"south": {"uv": [8.0625, 12.625, 8.4375, 12.875], "texture": "#0"},
				"west": {"uv": [2.75, 13.75, 2.875, 14], "texture": "#0"},
				"up": {"uv": [13.8125, 7.375, 13.4375, 7.25], "texture": "#0"},
				"down": {"uv": [13.8125, 7.375, 13.4375, 7.5], "texture": "#0"}
			}
		},
		{
			"from": [20, 21, 2],
			"to": [26, 24, 4],
			"rotation": {"angle": 0, "axis": "y", "origin": [39, 29, 10]},
			"faces": {
				"north": {"uv": [10.0625, 12.625, 10.4375, 12.875], "texture": "#0"},
				"east": {"uv": [2.875, 13.75, 3, 14], "texture": "#0"},
				"south": {"uv": [10.4375, 12.625, 10.8125, 12.875], "texture": "#0"},
				"west": {"uv": [3, 13.75, 3.125, 14], "texture": "#0"},
				"up": {"uv": [13.8125, 13.4375, 13.4375, 13.3125], "texture": "#0"},
				"down": {"uv": [0.875, 13.5, 0.5, 13.625], "texture": "#0"}
			}
		},
		{
			"from": [20, 21, 16],
			"to": [26, 24, 17],
			"rotation": {"angle": 0, "axis": "y", "origin": [39, 29, 24]},
			"faces": {
				"north": {"uv": [10.8125, 12.625, 11.1875, 12.875], "texture": "#0"},
				"east": {"uv": [3.375, 7.6875, 3.4375, 7.9375], "texture": "#0"},
				"south": {"uv": [12.625, 12.625, 13, 12.875], "texture": "#0"},
				"west": {"uv": [11.25, 11, 11.3125, 11.25], "texture": "#0"},
				"up": {"uv": [4.3125, 6.125, 3.9375, 6.0625], "texture": "#0"},
				"down": {"uv": [7.5, 4.6875, 7.125, 4.75], "texture": "#0"}
			}
		},
		{
			"from": [10, 21, 16],
			"to": [16, 24, 17],
			"rotation": {"angle": 0, "axis": "y", "origin": [29, 29, 24]},
			"faces": {
				"north": {"uv": [12.625, 0, 13, 0.25], "texture": "#0"},
				"east": {"uv": [12.8125, 11.75, 12.875, 12], "texture": "#0"},
				"south": {"uv": [12.625, 0.25, 13, 0.5], "texture": "#0"},
				"west": {"uv": [11.625, 12.9375, 11.6875, 13.1875], "texture": "#0"},
				"up": {"uv": [3.75, 8.375, 3.375, 8.3125], "texture": "#0"},
				"down": {"uv": [3.375, 9.6875, 3, 9.75], "texture": "#0"}
			}
		},
		{
			"from": [0, 21, 16],
			"to": [6, 24, 17],
			"rotation": {"angle": 0, "axis": "y", "origin": [19, 29, 24]},
			"faces": {
				"north": {"uv": [12.625, 2.3125, 13, 2.5625], "texture": "#0"},
				"east": {"uv": [13.1875, 3.5, 13.25, 3.75], "texture": "#0"},
				"south": {"uv": [12.625, 2.5625, 13, 2.8125], "texture": "#0"},
				"west": {"uv": [8.875, 13.75, 8.9375, 14], "texture": "#0"},
				"up": {"uv": [11.25, 10.8125, 10.875, 10.75], "texture": "#0"},
				"down": {"uv": [11.5625, 4.5, 11.1875, 4.5625], "texture": "#0"}
			}
		},
		{
			"from": [-10, 21, 16],
			"to": [-4, 24, 17],
			"rotation": {"angle": 0, "axis": "y", "origin": [9, 29, 24]},
			"faces": {
				"north": {"uv": [12.625, 2.8125, 13, 3.0625], "texture": "#0"},
				"east": {"uv": [12.0625, 13.75, 12.125, 14], "texture": "#0"},
				"south": {"uv": [12.625, 10.75, 13, 11], "texture": "#0"},
				"west": {"uv": [13.75, 3.3125, 13.8125, 3.5625], "texture": "#0"},
				"up": {"uv": [11.875, 1.3125, 11.5, 1.25], "texture": "#0"},
				"down": {"uv": [12, 8.625, 11.625, 8.6875], "texture": "#0"}
			}
		},
		{
			"from": [7, 4, -5],
			"to": [9, 11, 2],
			"rotation": {"angle": 0, "axis": "y", "origin": [15, 15, 3]},
			"faces": {
				"north": {"uv": [4.125, 13.1875, 4.25, 13.625], "texture": "#0"},
				"east": {"uv": [7.4375, 10.75, 7.875, 11.1875], "texture": "#0"},
				"south": {"uv": [4.25, 13.1875, 4.375, 13.625], "texture": "#0"},
				"west": {"uv": [7.875, 10.75, 8.3125, 11.1875], "texture": "#0"},
				"up": {"uv": [4.5, 13.625, 4.375, 13.1875], "texture": "#0"},
				"down": {"uv": [7.25, 13.1875, 7.125, 13.625], "texture": "#0"}
			}
		},
		{
			"from": [7, 4, 9],
			"to": [9, 11, 16],
			"rotation": {"angle": 0, "axis": "y", "origin": [15, 15, 17]},
			"faces": {
				"north": {"uv": [6.625, 13.3125, 6.75, 13.75], "texture": "#0"},
				"east": {"uv": [11.0625, 0.875, 11.5, 1.3125], "texture": "#0"},
				"south": {"uv": [6.75, 13.3125, 6.875, 13.75], "texture": "#0"},
				"west": {"uv": [0, 11.125, 0.4375, 11.5625], "texture": "#0"},
				"up": {"uv": [7.9375, 13.75, 7.8125, 13.3125], "texture": "#0"},
				"down": {"uv": [8.0625, 13.3125, 7.9375, 13.75], "texture": "#0"}
			}
		},
		{
			"from": [17, 4, 2],
			"to": [19, 21, 4],
			"rotation": {"angle": 0, "axis": "y", "origin": [25, 15, 10]},
			"faces": {
				"north": {"uv": [11.5625, 11.75, 11.6875, 12.9375], "texture": "#0"},
				"east": {"uv": [0, 11.875, 0.125, 13.0625], "texture": "#0"},
				"south": {"uv": [0.125, 11.875, 0.25, 13.0625], "texture": "#0"},
				"west": {"uv": [0.25, 11.875, 0.375, 13.0625], "texture": "#0"},
				"up": {"uv": [11.9375, 13.875, 11.8125, 13.75], "texture": "#0"},
				"down": {"uv": [12.0625, 13.75, 11.9375, 13.875], "texture": "#0"}
			}
		},
		{
			"from": [7, 4, 2],
			"to": [9, 21, 4],
			"rotation": {"angle": 0, "axis": "y", "origin": [15, 15, 10]},
			"faces": {
				"north": {"uv": [0.375, 11.875, 0.5, 13.0625], "texture": "#0"},
				"east": {"uv": [5.3125, 11.875, 5.4375, 13.0625], "texture": "#0"},
				"south": {"uv": [5.4375, 11.875, 5.5625, 13.0625], "texture": "#0"},
				"west": {"uv": [5.5625, 11.875, 5.6875, 13.0625], "texture": "#0"},
				"up": {"uv": [12.625, 13.875, 12.5, 13.75], "texture": "#0"},
				"down": {"uv": [13.3125, 13.75, 13.1875, 13.875], "texture": "#0"}
			}
		},
		{
			"from": [-3, 4, 2],
			"to": [-1, 21, 4],
			"rotation": {"angle": 0, "axis": "y", "origin": [5, 15, 10]},
			"faces": {
				"north": {"uv": [5.6875, 11.875, 5.8125, 13.0625], "texture": "#0"},
				"east": {"uv": [11.875, 4.5, 12, 5.6875], "texture": "#0"},
				"south": {"uv": [2.625, 12, 2.75, 13.1875], "texture": "#0"},
				"west": {"uv": [2.75, 12, 2.875, 13.1875], "texture": "#0"},
				"up": {"uv": [13.4375, 13.875, 13.3125, 13.75], "texture": "#0"},
				"down": {"uv": [13.875, 2.5625, 13.75, 2.6875], "texture": "#0"}
			}
		},
		{
			"from": [-3, 4, 16],
			"to": [-1, 21, 17],
			"rotation": {"angle": 0, "axis": "y", "origin": [5, 15, 23.25]},
			"faces": {
				"north": {"uv": [11.3125, 11.75, 11.4375, 12.9375], "texture": "#0"},
				"east": {"uv": [11.125, 12.875, 11.1875, 14.0625], "texture": "#0"},
				"south": {"uv": [11.4375, 11.75, 11.5625, 12.9375], "texture": "#0"},
				"west": {"uv": [11.3125, 12.9375, 11.375, 14.125], "texture": "#0"},
				"up": {"uv": [9.5, 6.125, 9.375, 6.0625], "texture": "#0"},
				"down": {"uv": [1.375, 9.625, 1.25, 9.6875], "texture": "#0"}
			}
		},
		{
			"from": [7, 4, 16],
			"to": [9, 21, 17],
			"rotation": {"angle": 0, "axis": "y", "origin": [15, 15, 23.25]},
			"faces": {
				"north": {"uv": [3.875, 12, 4, 13.1875], "texture": "#0"},
				"east": {"uv": [11.375, 12.9375, 11.4375, 14.125], "texture": "#0"},
				"south": {"uv": [4, 12, 4.125, 13.1875], "texture": "#0"},
				"west": {"uv": [11.4375, 12.9375, 11.5, 14.125], "texture": "#0"},
				"up": {"uv": [12, 1.3125, 11.875, 1.25], "texture": "#0"},
				"down": {"uv": [12, 5.6875, 11.875, 5.75], "texture": "#0"}
			}
		},
		{
			"from": [17, 4, 16],
			"to": [19, 21, 17],
			"rotation": {"angle": 0, "axis": "y", "origin": [25, 15, 23.25]},
			"faces": {
				"north": {"uv": [4.125, 12, 4.25, 13.1875], "texture": "#0"},
				"east": {"uv": [11.5, 12.9375, 11.5625, 14.125], "texture": "#0"},
				"south": {"uv": [4.25, 12, 4.375, 13.1875], "texture": "#0"},
				"west": {"uv": [11.5625, 12.9375, 11.625, 14.125], "texture": "#0"},
				"up": {"uv": [12.1875, 11.6875, 12.0625, 11.625], "texture": "#0"},
				"down": {"uv": [8.5625, 12.625, 8.4375, 12.6875], "texture": "#0"}
			}
		},
		{
			"from": [17, 4, -5],
			"to": [19, 11, 2],
			"rotation": {"angle": 0, "axis": "y", "origin": [25, 15, 3]},
			"faces": {
				"north": {"uv": [7.25, 13.1875, 7.375, 13.625], "texture": "#0"},
				"east": {"uv": [9.0625, 10.75, 9.5, 11.1875], "texture": "#0"},
				"south": {"uv": [12.125, 13.1875, 12.25, 13.625], "texture": "#0"},
				"west": {"uv": [9.5, 10.75, 9.9375, 11.1875], "texture": "#0"},
				"up": {"uv": [12.375, 13.625, 12.25, 13.1875], "texture": "#0"},
				"down": {"uv": [13.3125, 2.1875, 13.1875, 2.625], "texture": "#0"}
			}
		},
		{
			"from": [17, 4, 9],
			"to": [19, 11, 16],
			"rotation": {"angle": 0, "axis": "y", "origin": [25, 15, 17]},
			"faces": {
				"north": {"uv": [8.4375, 13.3125, 8.5625, 13.75], "texture": "#0"},
				"east": {"uv": [5.3125, 11.125, 5.75, 11.5625], "texture": "#0"},
				"south": {"uv": [8.5625, 13.3125, 8.6875, 13.75], "texture": "#0"},
				"west": {"uv": [5.75, 11.125, 6.1875, 11.5625], "texture": "#0"},
				"up": {"uv": [8.8125, 13.75, 8.6875, 13.3125], "texture": "#0"},
				"down": {"uv": [8.9375, 13.3125, 8.8125, 13.75], "texture": "#0"}
			}
		},
		{
			"from": [-3, 4, -5],
			"to": [-1, 11, 2],
			"rotation": {"angle": 0, "axis": "y", "origin": [5, 15, 3]},
			"faces": {
				"north": {"uv": [2, 13.25, 2.125, 13.6875], "texture": "#0"},
				"east": {"uv": [9.9375, 10.75, 10.375, 11.1875], "texture": "#0"},
				"south": {"uv": [2.125, 13.25, 2.25, 13.6875], "texture": "#0"},
				"west": {"uv": [10.375, 10.8125, 10.8125, 11.25], "texture": "#0"},
				"up": {"uv": [2.375, 13.6875, 2.25, 13.25], "texture": "#0"},
				"down": {"uv": [2.5, 13.25, 2.375, 13.6875], "texture": "#0"}
			}
		},
		{
			"from": [-3, 4, 9],
			"to": [-1, 11, 16],
			"rotation": {"angle": 0, "axis": "y", "origin": [5, 15, 17]},
			"faces": {
				"north": {"uv": [5.625, 13.3125, 5.75, 13.75], "texture": "#0"},
				"east": {"uv": [11.0625, 0, 11.5, 0.4375], "texture": "#0"},
				"south": {"uv": [6.1875, 13.3125, 6.3125, 13.75], "texture": "#0"},
				"west": {"uv": [11.0625, 0.4375, 11.5, 0.875], "texture": "#0"},
				"up": {"uv": [6.5, 13.75, 6.375, 13.3125], "texture": "#0"},
				"down": {"uv": [6.625, 13.3125, 6.5, 13.75], "texture": "#0"}
			}
		},
		{
			"from": [9, 13, -8],
			"to": [17, 15, -6],
			"rotation": {"angle": 22.5, "axis": "x", "origin": [12, 16, -5]},
			"faces": {
				"north": {"uv": [12.9375, 7, 13.4375, 7.125], "texture": "#0"},
				"east": {"uv": [2.1875, 13, 2.3125, 13.125], "texture": "#0"},
				"south": {"uv": [12.9375, 7.25, 13.4375, 7.375], "texture": "#0"},
				"west": {"uv": [13.25, 8.5, 13.375, 8.625], "texture": "#0"},
				"up": {"uv": [13.4375, 7.5, 12.9375, 7.375], "texture": "#0"},
				"down": {"uv": [13.5, 0.375, 13, 0.5], "texture": "#0"}
			}
		},
		{
			"from": [-1, 13, -8],
			"to": [7, 15, -6],
			"rotation": {"angle": 22.5, "axis": "x", "origin": [2, 16, -5]},
			"faces": {
				"north": {"uv": [8.4375, 13.0625, 8.9375, 13.1875], "texture": "#0"},
				"east": {"uv": [9.875, 13.8125, 10, 13.9375], "texture": "#0"},
				"south": {"uv": [13.0625, 0.75, 13.5625, 0.875], "texture": "#0"},
				"west": {"uv": [10.375, 13.8125, 10.5, 13.9375], "texture": "#0"},
				"up": {"uv": [13.5625, 3.3125, 13.0625, 3.1875], "texture": "#0"},
				"down": {"uv": [13.5625, 4.4375, 13.0625, 4.5625], "texture": "#0"}
			}
		},
		{
			"from": [-11, 13, -8],
			"to": [-3, 15, -6],
			"rotation": {"angle": 22.5, "axis": "x", "origin": [-8, 16, -5]},
			"faces": {
				"north": {"uv": [13.0625, 4.5625, 13.5625, 4.6875], "texture": "#0"},
				"east": {"uv": [10.5, 13.8125, 10.625, 13.9375], "texture": "#0"},
				"south": {"uv": [13.0625, 6.5625, 13.5625, 6.6875], "texture": "#0"},
				"west": {"uv": [10.625, 13.8125, 10.75, 13.9375], "texture": "#0"},
				"up": {"uv": [13.5625, 7.625, 13.0625, 7.5], "texture": "#0"},
				"down": {"uv": [13.5625, 7.625, 13.0625, 7.75], "texture": "#0"}
			}
		},
		{
			"from": [19, 13, -8],
			"to": [27, 15, -6],
			"rotation": {"angle": 22.5, "axis": "x", "origin": [22, 16, -5]},
			"faces": {
				"north": {"uv": [13.0625, 7.75, 13.5625, 7.875], "texture": "#0"},
				"east": {"uv": [10.75, 13.8125, 10.875, 13.9375], "texture": "#0"},
				"south": {"uv": [13.0625, 7.875, 13.5625, 8], "texture": "#0"},
				"west": {"uv": [10.875, 13.8125, 11, 13.9375], "texture": "#0"},
				"up": {"uv": [13.5625, 8.25, 13.0625, 8.125], "texture": "#0"},
				"down": {"uv": [13.5625, 11.625, 13.0625, 11.75], "texture": "#0"}
			}
		},
		{
			"from": [19, 13, 6],
			"to": [27, 15, 8],
			"rotation": {"angle": 22.5, "axis": "x", "origin": [22, 16, 9]},
			"faces": {
				"north": {"uv": [13.0625, 11.75, 13.5625, 11.875], "texture": "#0"},
				"east": {"uv": [11, 13.8125, 11.125, 13.9375], "texture": "#0"},
				"south": {"uv": [13.0625, 11.875, 13.5625, 12], "texture": "#0"},
				"west": {"uv": [12.625, 13.8125, 12.75, 13.9375], "texture": "#0"},
				"up": {"uv": [13.5625, 12.125, 13.0625, 12], "texture": "#0"},
				"down": {"uv": [13.5625, 12.125, 13.0625, 12.25], "texture": "#0"}
			}
		},
		{
			"from": [9, 13, 6],
			"to": [17, 15, 8],
			"rotation": {"angle": 22.5, "axis": "x", "origin": [12, 16, 9]},
			"faces": {
				"north": {"uv": [13.0625, 12.25, 13.5625, 12.375], "texture": "#0"},
				"east": {"uv": [12.75, 13.8125, 12.875, 13.9375], "texture": "#0"},
				"south": {"uv": [13.0625, 12.375, 13.5625, 12.5], "texture": "#0"},
				"west": {"uv": [12.875, 13.8125, 13, 13.9375], "texture": "#0"},
				"up": {"uv": [2.5, 13.25, 2, 13.125], "texture": "#0"},
				"down": {"uv": [13.625, 2.0625, 13.125, 2.1875], "texture": "#0"}
			}
		},
		{
			"from": [-1, 13, 6],
			"to": [7, 15, 8],
			"rotation": {"angle": 22.5, "axis": "x", "origin": [2, 16, 9]},
			"faces": {
				"north": {"uv": [13.125, 3.875, 13.625, 4], "texture": "#0"},
				"east": {"uv": [13.4375, 13.8125, 13.5625, 13.9375], "texture": "#0"},
				"south": {"uv": [13.125, 4, 13.625, 4.125], "texture": "#0"},
				"west": {"uv": [13.8125, 1.75, 13.9375, 1.875], "texture": "#0"},
				"up": {"uv": [13.625, 4.25, 13.125, 4.125], "texture": "#0"},
				"down": {"uv": [13.625, 4.6875, 13.125, 4.8125], "texture": "#0"}
			}
		},
		{
			"from": [-11, 13, 6],
			"to": [-3, 15, 8],
			"rotation": {"angle": 22.5, "axis": "x", "origin": [-8, 16, 9]},
			"faces": {
				"north": {"uv": [13.125, 4.8125, 13.625, 4.9375], "texture": "#0"},
				"east": {"uv": [13.8125, 1.875, 13.9375, 2], "texture": "#0"},
				"south": {"uv": [13.125, 4.9375, 13.625, 5.0625], "texture": "#0"},
				"west": {"uv": [13.8125, 2, 13.9375, 2.125], "texture": "#0"},
				"up": {"uv": [13.625, 5.1875, 13.125, 5.0625], "texture": "#0"},
				"down": {"uv": [13.625, 5.1875, 13.125, 5.3125], "texture": "#0"}
			}
		},
		{
			"from": [12, 8, -10],
			"to": [14, 14, -9],
			"rotation": {"angle": 22.5, "axis": "x", "origin": [13, 10, -8]},
			"faces": {
				"north": {"uv": [7.8125, 12.5625, 7.9375, 13.3125], "texture": "#0"},
				"east": {"uv": [11.1875, 13.375, 11.25, 14.125], "texture": "#0"},
				"south": {"uv": [7.9375, 12.5625, 8.0625, 13.3125], "texture": "#0"},
				"west": {"uv": [11.25, 13.375, 11.3125, 14.125], "texture": "#0"},
				"up": {"uv": [11.125, 7.8125, 11, 7.75], "texture": "#0"},
				"down": {"uv": [11.625, 7.25, 11.5, 7.3125], "texture": "#0"}
			}
		},
		{
			"from": [22, 8, -10],
			"to": [24, 14, -9],
			"rotation": {"angle": 22.5, "axis": "x", "origin": [23, 10, -8]},
			"faces": {
				"north": {"uv": [9.25, 12.8125, 9.375, 13.5625], "texture": "#0"},
				"east": {"uv": [4.375, 13.625, 4.4375, 14.375], "texture": "#0"},
				"south": {"uv": [9.375, 12.8125, 9.5, 13.5625], "texture": "#0"},
				"west": {"uv": [4.4375, 13.625, 4.5, 14.375], "texture": "#0"},
				"up": {"uv": [13.625, 2.0625, 13.5, 2], "texture": "#0"},
				"down": {"uv": [13.625, 9.5, 13.5, 9.5625], "texture": "#0"}
			}
		},
		{
			"from": [-8, 8, -10],
			"to": [-6, 14, -9],
			"rotation": {"angle": 22.5, "axis": "x", "origin": [-7, 10, -8]},
			"faces": {
				"north": {"uv": [9.5, 12.8125, 9.625, 13.5625], "texture": "#0"},
				"east": {"uv": [7.125, 13.625, 7.1875, 14.375], "texture": "#0"},
				"south": {"uv": [9.625, 12.8125, 9.75, 13.5625], "texture": "#0"},
				"west": {"uv": [7.1875, 13.625, 7.25, 14.375], "texture": "#0"},
				"up": {"uv": [13.6875, 5.75, 13.5625, 5.6875], "texture": "#0"},
				"down": {"uv": [13.6875, 7.1875, 13.5625, 7.25], "texture": "#0"}
			}
		},
		{
			"from": [-8, 8, 4],
			"to": [-6, 14, 5],
			"rotation": {"angle": 22.5, "axis": "x", "origin": [-7, 10, 6]},
			"faces": {
				"north": {"uv": [9.75, 12.8125, 9.875, 13.5625], "texture": "#0"},
				"east": {"uv": [7.25, 13.625, 7.3125, 14.375], "texture": "#0"},
				"south": {"uv": [9.875, 12.8125, 10, 13.5625], "texture": "#0"},
				"west": {"uv": [7.3125, 13.625, 7.375, 14.375], "texture": "#0"},
				"up": {"uv": [13.6875, 13.1875, 13.5625, 13.125], "texture": "#0"},
				"down": {"uv": [13.8125, 0.6875, 13.6875, 0.75], "texture": "#0"}
			}
		},
		{
			"from": [2, 8, 4],
			"to": [4, 14, 5],
			"rotation": {"angle": 22.5, "axis": "x", "origin": [3, 10, 6]},
			"faces": {
				"north": {"uv": [0.875, 12.875, 1, 13.625], "texture": "#0"},
				"east": {"uv": [8.0625, 13.625, 8.125, 14.375], "texture": "#0"},
				"south": {"uv": [1, 12.875, 1.125, 13.625], "texture": "#0"},
				"west": {"uv": [8.125, 13.625, 8.1875, 14.375], "texture": "#0"},
				"up": {"uv": [13.8125, 1.625, 13.6875, 1.5625], "texture": "#0"},
				"down": {"uv": [13.8125, 7.1875, 13.6875, 7.25], "texture": "#0"}
			}
		},
		{
			"from": [12, 8, 4],
			"to": [14, 14, 5],
			"rotation": {"angle": 22.5, "axis": "x", "origin": [13, 10, 6]},
			"faces": {
				"north": {"uv": [6.1875, 12.5, 6.3125, 13.3125], "texture": "#0"},
				"east": {"uv": [2.5, 13.0625, 2.5625, 13.875], "texture": "#0"},
				"south": {"uv": [12.5, 12.5, 12.625, 13.3125], "texture": "#0"},
				"west": {"uv": [6, 13.125, 6.0625, 13.9375], "texture": "#0"},
				"up": {"uv": [13.8125, 9.5, 13.6875, 9.4375], "texture": "#0"},
				"down": {"uv": [13.8125, 11.375, 13.6875, 11.4375], "texture": "#0"}
			}
		},
		{
			"from": [22, 8, 4],
			"to": [24, 14, 5],
			"rotation": {"angle": 22.5, "axis": "x", "origin": [23, 10, 6]},
			"faces": {
				"north": {"uv": [2.1875, 12.125, 2.3125, 13], "texture": "#0"},
				"east": {"uv": [5.3125, 9.75, 5.375, 10.625], "texture": "#0"},
				"south": {"uv": [12.4375, 4.6875, 12.5625, 5.5625], "texture": "#0"},
				"west": {"uv": [9.1875, 13, 9.25, 13.875], "texture": "#0"},
				"up": {"uv": [13.8125, 13.3125, 13.6875, 13.25], "texture": "#0"},
				"down": {"uv": [13.9375, 0.6875, 13.8125, 0.75], "texture": "#0"}
			}
		},
		{
			"from": [2, 8, -10],
			"to": [4, 14, -9],
			"rotation": {"angle": 22.5, "axis": "x", "origin": [3, 10, -8]},
			"faces": {
				"north": {"uv": [11.1875, 12.625, 11.3125, 13.375], "texture": "#0"},
				"east": {"uv": [1.875, 13.625, 1.9375, 14.375], "texture": "#0"},
				"south": {"uv": [6.0625, 12.75, 6.1875, 13.5], "texture": "#0"},
				"west": {"uv": [1.9375, 13.625, 2, 14.375], "texture": "#0"},
				"up": {"uv": [13.5625, 2.625, 13.4375, 2.5625], "texture": "#0"},
				"down": {"uv": [13.5625, 7.0625, 13.4375, 7.125], "texture": "#0"}
			}
		},
		{
			"from": [-14, 17, -9],
			"to": [-11, 17.25, -5],
			"rotation": {"angle": 0, "axis": "y", "origin": [-6, 25, 2]},
			"faces": {
				"north": {"uv": [12.75, 10.0625, 12.9375, 10.125], "texture": "#0"},
				"east": {"uv": [9.25, 6.8125, 9.5, 6.875], "texture": "#0"},
				"south": {"uv": [12.8125, 9.3125, 13, 9.375], "texture": "#0"},
				"west": {"uv": [4.5, 10.875, 4.75, 10.9375], "texture": "#0"},
				"up": {"uv": [13.75, 8, 13.5625, 7.75], "texture": "#0"},
				"down": {"uv": [13.75, 8.5, 13.5625, 8.75], "texture": "#0"}
			}
		},
		{
			"from": [27, 17, -9],
			"to": [30, 17.25, -5],
			"rotation": {"angle": 0, "axis": "y", "origin": [35, 25, 2]},
			"faces": {
				"north": {"uv": [12.875, 3.1875, 13.0625, 3.25], "texture": "#0"},
				"east": {"uv": [12, 8.625, 12.25, 8.6875], "texture": "#0"},
				"south": {"uv": [12.875, 7.9375, 13.0625, 8], "texture": "#0"},
				"west": {"uv": [12.3125, 10.125, 12.5625, 10.1875], "texture": "#0"},
				"up": {"uv": [13.75, 11.8125, 13.5625, 11.5625], "texture": "#0"},
				"down": {"uv": [13.75, 11.8125, 13.5625, 12.0625], "texture": "#0"}
			}
		},
		{
			"from": [-14, 17, 5],
			"to": [-11, 17.25, 13],
			"rotation": {"angle": 0, "axis": "y", "origin": [-6, 25, 16]},
			"faces": {
				"north": {"uv": [13.25, 6.8125, 13.4375, 6.875], "texture": "#0"},
				"east": {"uv": [10.625, 5.875, 11.125, 5.9375], "texture": "#0"},
				"south": {"uv": [13.3125, 4.375, 13.5, 4.4375], "texture": "#0"},
				"west": {"uv": [11, 7.25, 11.5, 7.3125], "texture": "#0"},
				"up": {"uv": [2.1875, 13.125, 2, 12.625], "texture": "#0"},
				"down": {"uv": [7.375, 12.6875, 7.1875, 13.1875], "texture": "#0"}
			}
		},
		{
			"from": [27, 17, 5],
			"to": [30, 17.25, 13],
			"rotation": {"angle": 0, "axis": "y", "origin": [35, 25, 16]},
			"faces": {
				"north": {"uv": [13.3125, 9.25, 13.5, 9.3125], "texture": "#0"},
				"east": {"uv": [8.5625, 11.125, 9.0625, 11.1875], "texture": "#0"},
				"south": {"uv": [13.375, 2.875, 13.5625, 2.9375], "texture": "#0"},
				"west": {"uv": [11.125, 8.625, 11.625, 8.6875], "texture": "#0"},
				"up": {"uv": [12.25, 13.1875, 12.0625, 12.6875], "texture": "#0"},
				"down": {"uv": [12.4375, 12.6875, 12.25, 13.1875], "texture": "#0"}
			}
		},
		{
			"from": [-11, 17, 17],
			"to": [27, 23, 24.75],
			"rotation": {"angle": 0, "axis": "y", "origin": [8, 25, 32]},
			"faces": {
				"north": {"uv": [7.5, 3.75, 9.875, 4.125], "texture": "#0"},
				"east": {"uv": [8.8125, 9.875, 8.875, 10.25], "texture": "#0"},
				"south": {"uv": [1.375, 7.9375, 3.75, 8.3125], "texture": "#0"},
				"west": {"uv": [0.4375, 11.125, 0.5, 11.5], "texture": "#0"},
				"up": {"uv": [9.25, 6.875, 6.875, 6.8125], "texture": "#0"},
				"down": {"uv": [12.625, 2.3125, 10.25, 2.375], "texture": "#0"}
			}
		},
		{
			"from": [-7, 23, 17],
			"to": [23, 26, 24.75],
			"rotation": {"angle": 0, "axis": "y", "origin": [8, 31, 32]},
			"faces": {
				"north": {"uv": [0, 5.5, 1.875, 5.6875], "texture": "#0"},
				"east": {"uv": [2.125, 12.4375, 2.1875, 12.625], "texture": "#0"},
				"south": {"uv": [7.5, 5.9375, 9.375, 6.125], "texture": "#0"},
				"west": {"uv": [12.5625, 11, 12.625, 11.1875], "texture": "#0"},
				"up": {"uv": [13.75, 5.8125, 11.875, 5.75], "texture": "#0"},
				"down": {"uv": [13.75, 8.4375, 11.875, 8.5], "texture": "#0"}
			}
		}
	],
	"display": {
		"thirdperson_righthand": {
			"translation": [0, 3, 1],
			"scale": [0.1, 0.1, 0.1]
		},
		"thirdperson_lefthand": {
			"translation": [0, 3, 1],
			"scale": [0.1, 0.1, 0.1]
		},
		"firstperson_righthand": {
			"translation": [1.13, 3.2, 1.13],
			"scale": [0.1, 0.1, 0.1]
		},
		"firstperson_lefthand": {
			"translation": [1.13, 3.2, 1.13],
			"scale": [0.1, 0.1, 0.1]
		},
		"ground": {
			"translation": [0, 2, 0],
			"scale": [0.1, 0.1, 0.1]
		},
		"gui": {
			"rotation": [0, 90, 0],
			"scale": [0.1, 0.1, 0.1]
		},
		"head": {
			"translation": [0, -40.75, 34.75],
			"scale": [2, 2, 2]
		},
		"fixed": {
			"rotation": [0, 180, 0],
			"scale": [0.1, 0.1, 0]
		}
	}
}