{
	"credit": "Made with Blockbench",
	"texture_size": [32, 32],
	"textures": {
		"0": "ohben/RipTideArm",
		"particle": "ohben/RipTideArm"
	},
	"elements": [
		{
			"from": [6, 14, 0],
			"to": [10, 16, 16],
			"rotation": {"angle": 0, "axis": "y", "origin": [15, 23, 8]},
			"faces": {
				"north": {"uv": [0, 8, 2, 9], "texture": "#0"},
				"east": {"uv": [4, 2, 12, 3], "texture": "#0"},
				"south": {"uv": [8, 8, 10, 9], "texture": "#0"},
				"west": {"uv": [4, 3, 12, 4], "texture": "#0"},
				"up": {"uv": [6, 12, 4, 4], "texture": "#0"},
				"down": {"uv": [8, 6, 6, 14], "texture": "#0"}
			}
		},
		{
			"from": [6, 11.01465, -15.00835],
			"to": [10, 13.01465, 0.99165],
			"rotation": {"angle": -22.5, "axis": "x", "origin": [15, 12.01465, -7.00835]},
			"faces": {
				"north": {"uv": [6, 4, 8, 5], "texture": "#0"},
				"east": {"uv": [2, 0, 10, 1], "texture": "#0"},
				"south": {"uv": [6, 5, 8, 6], "texture": "#0"},
				"west": {"uv": [2, 1, 10, 2], "texture": "#0"},
				"up": {"uv": [2, 8, 0, 0], "texture": "#0"},
				"down": {"uv": [4, 2, 2, 10], "texture": "#0"}
			}
		}
	],
	"display": {
		"thirdperson_righthand": {
			"translation": [0, -1.75, 1],
			"scale": [0.3, 0.3, 0.3]
		},
		"thirdperson_lefthand": {
			"translation": [0, -1.75, 1],
			"scale": [0.3, 0.3, 0.3]
		},
		"firstperson_righthand": {
			"rotation": [0, 45, 25],
			"translation": [0, 0, 1],
			"scale": [0.5, 0.5, 0.5]
		},
		"firstperson_lefthand": {
			"rotation": [0, 45, 25],
			"translation": [0, 0, 1],
			"scale": [0.5, 0.5, 0.5]
		},
		"ground": {
			"scale": [0.5, 0.5, 0.5]
		},
		"gui": {
			"rotation": [0, 90, 0],
			"translation": [3.75, 0, 0],
			"scale": [0.5, 0.5, 0.5]
		},
		"head": {
			"scale": [2, 2, 2]
		},
		"fixed": {
			"rotation": [0, 90, 0],
			"translation": [2.25, -0.75, 0],
			"scale": [0.5, 0.5, 0.5]
		}
	}
}