{
	"credit": "Made with Blockbench",
	"texture_size": [64, 64],
	"textures": {
		"0": "ohben/SeaSwingBeam",
		"particle": "ohben/SeaSwingBeam"
	},
	"elements": [
		{
			"from": [6, -16, 6],
			"to": [10, 32, 10],
			"rotation": {"angle": 0, "axis": "y", "origin": [15, -8, 15]},
			"faces": {
				"north": {"uv": [0, 0, 1, 12], "texture": "#0"},
				"east": {"uv": [1, 1, 2, 13], "texture": "#0"},
				"south": {"uv": [2, 2, 3, 14], "texture": "#0"},
				"west": {"uv": [3, 3, 4, 15], "texture": "#0"},
				"up": {"uv": [2, 1, 1, 0], "texture": "#0"},
				"down": {"uv": [3, 0, 2, 1], "texture": "#0"}
			}
		}
	],
	"display": {
		"thirdperson_righthand": {
			"scale": [0.3, 0.3, 0.3]
		},
		"thirdperson_lefthand": {
			"scale": [0.3, 0.3, 0.3]
		},
		"firstperson_righthand": {
			"rotation": [0, -90, 25],
			"translation": [1.13, 3.2, 1.13],
			"scale": [0.3, 0.3, 0.3]
		},
		"firstperson_lefthand": {
			"rotation": [0, -90, 25],
			"translation": [1.13, 3.2, 1.13],
			"scale": [0.3, 0.3, 0.3]
		},
		"ground": {
			"translation": [0, 2, 0],
			"scale": [0.3, 0.3, 0.3]
		},
		"gui": {
			"scale": [0.3, 0.3, 1]
		},
		"head": {
			"translation": [0, -80, 0],
			"scale": [3, 4, 3]
		},
		"fixed": {
			"scale": [0.3, 0.3, 1]
		}
	}
}