{
	"credit": "Made with Blockbench",
	"texture_size": [128, 128],
	"textures": {
		"0": "ohben/SesameDRPT",
		"particle": "ohben/SesameDRPT"
	},
	"elements": [
		{
			"from": [-12, 3, 6],
			"to": [28, 4, 11],
			"rotation": {"angle": 0, "axis": "y", "origin": [8, 11, 14]},
			"faces": {
				"north": {"uv": [5, 4.875, 10, 5], "texture": "#0"},
				"east": {"uv": [5, 8, 5.625, 8.125], "texture": "#0"},
				"south": {"uv": [6, 5.625, 11, 5.75], "texture": "#0"},
				"west": {"uv": [5.625, 8, 6.25, 8.125], "texture": "#0"},
				"up": {"uv": [10, 5.625, 5, 5], "texture": "#0"},
				"down": {"uv": [10, 0, 5, 0.625], "texture": "#0"}
			}
		},
		{
			"from": [9, 4, 10],
			"to": [17, 13, 11],
			"rotation": {"angle": 0, "axis": "y", "origin": [24, 11, 18]},
			"faces": {
				"north": {"uv": [5, 5.625, 6, 6.75], "texture": "#0"},
				"east": {"uv": [2.75, 7.375, 2.875, 8.5], "texture": "#0"},
				"south": {"uv": [0, 5.75, 1, 6.875], "texture": "#0"},
				"west": {"uv": [2.875, 7.375, 3, 8.5], "texture": "#0"},
				"up": {"uv": [2.125, 7.75, 1.125, 7.625], "texture": "#0"},
				"down": {"uv": [4.75, 7.625, 3.75, 7.75], "texture": "#0"}
			}
		},
		{
			"from": [19, 4, 10],
			"to": [27, 13, 11],
			"rotation": {"angle": 0, "axis": "y", "origin": [34, 11, 18]},
			"faces": {
				"north": {"uv": [1, 5.75, 2, 6.875], "texture": "#0"},
				"east": {"uv": [3, 7.375, 3.125, 8.5], "texture": "#0"},
				"south": {"uv": [2, 5.75, 3, 6.875], "texture": "#0"},
				"west": {"uv": [3.125, 7.375, 3.25, 8.5], "texture": "#0"},
				"up": {"uv": [8.625, 7.75, 7.625, 7.625], "texture": "#0"},
				"down": {"uv": [8.625, 7.5, 7.625, 7.625], "texture": "#0"}
			}
		},
		{
			"from": [-1, 4, 10],
			"to": [7, 13, 11],
			"rotation": {"angle": 0, "axis": "y", "origin": [14, 11, 18]},
			"faces": {
				"north": {"uv": [3, 5.75, 4, 6.875], "texture": "#0"},
				"east": {"uv": [7.25, 7.5, 7.375, 8.625], "texture": "#0"},
				"south": {"uv": [4, 5.75, 5, 6.875], "texture": "#0"},
				"west": {"uv": [7.375, 7.5, 7.5, 8.625], "texture": "#0"},
				"up": {"uv": [2.125, 7.875, 1.125, 7.75], "texture": "#0"},
				"down": {"uv": [4.25, 7.75, 3.25, 7.875], "texture": "#0"}
			}
		},
		{
			"from": [-11, 4, 10],
			"to": [-3, 13, 11],
			"rotation": {"angle": 0, "axis": "y", "origin": [4, 11, 18]},
			"faces": {
				"north": {"uv": [6, 6, 7, 7.125], "texture": "#0"},
				"east": {"uv": [7.5, 7.5, 7.625, 8.625], "texture": "#0"},
				"south": {"uv": [5, 6.75, 6, 7.875], "texture": "#0"},
				"west": {"uv": [1, 7.625, 1.125, 8.75], "texture": "#0"},
				"up": {"uv": [7, 7.875, 6, 7.75], "texture": "#0"},
				"down": {"uv": [8.625, 7.75, 7.625, 7.875], "texture": "#0"}
			}
		},
		{
			"from": [-12, 0, 11],
			"to": [28, 23, 13],
			"rotation": {"angle": 0, "axis": "y", "origin": [15, 11, 19]},
			"faces": {
				"north": {"uv": [0, 0, 5, 2.875], "texture": "#0"},
				"east": {"uv": [0, 6.875, 0.25, 9.75], "texture": "#0"},
				"south": {"uv": [0, 2.875, 5, 5.75], "texture": "#0"},
				"west": {"uv": [0.25, 6.875, 0.5, 9.75], "texture": "#0"},
				"up": {"uv": [10, 1.625, 5, 1.375], "texture": "#0"},
				"down": {"uv": [10, 1.625, 5, 1.875], "texture": "#0"}
			}
		},
		{
			"from": [7, 4, 6],
			"to": [9, 6, 11],
			"rotation": {"angle": 0, "axis": "y", "origin": [15, 12, 14]},
			"faces": {
				"north": {"uv": [6.625, 8, 6.875, 8.25], "texture": "#0"},
				"east": {"uv": [2, 7.125, 2.625, 7.375], "texture": "#0"},
				"south": {"uv": [7.625, 8, 7.875, 8.25], "texture": "#0"},
				"west": {"uv": [2.625, 7.125, 3.25, 7.375], "texture": "#0"},
				"up": {"uv": [3.5, 7.75, 3.25, 7.125], "texture": "#0"},
				"down": {"uv": [3.75, 7.125, 3.5, 7.75], "texture": "#0"}
			}
		},
		{
			"from": [17, 4, 6],
			"to": [19, 6, 11],
			"rotation": {"angle": 0, "axis": "y", "origin": [25, 12, 14]},
			"faces": {
				"north": {"uv": [7.875, 8, 8.125, 8.25], "texture": "#0"},
				"east": {"uv": [3.75, 7.125, 4.375, 7.375], "texture": "#0"},
				"south": {"uv": [1.125, 8.125, 1.375, 8.375], "texture": "#0"},
				"west": {"uv": [4.375, 7.125, 5, 7.375], "texture": "#0"},
				"up": {"uv": [0.75, 8, 0.5, 7.375], "texture": "#0"},
				"down": {"uv": [1, 7.375, 0.75, 8], "texture": "#0"}
			}
		},
		{
			"from": [-3, 4, 6],
			"to": [-1, 6, 11],
			"rotation": {"angle": 0, "axis": "y", "origin": [5, 12, 14]},
			"faces": {
				"north": {"uv": [1.375, 8.125, 1.625, 8.375], "texture": "#0"},
				"east": {"uv": [1, 7.375, 1.625, 7.625], "texture": "#0"},
				"south": {"uv": [1.625, 8.125, 1.875, 8.375], "texture": "#0"},
				"west": {"uv": [1.625, 7.375, 2.25, 7.625], "texture": "#0"},
				"up": {"uv": [2.5, 8, 2.25, 7.375], "texture": "#0"},
				"down": {"uv": [2.75, 7.375, 2.5, 8], "texture": "#0"}
			}
		},
		{
			"from": [-12, 4, 6],
			"to": [-11, 6, 11],
			"rotation": {"angle": 0, "axis": "y", "origin": [-4, 12, 14]},
			"faces": {
				"north": {"uv": [2.125, 7.625, 2.25, 7.875], "texture": "#0"},
				"east": {"uv": [3.75, 7.375, 4.375, 7.625], "texture": "#0"},
				"south": {"uv": [6.875, 8, 7, 8.25], "texture": "#0"},
				"west": {"uv": [4.375, 7.375, 5, 7.625], "texture": "#0"},
				"up": {"uv": [2.75, 8.625, 2.625, 8], "texture": "#0"},
				"down": {"uv": [6.375, 8, 6.25, 8.625], "texture": "#0"}
			}
		},
		{
			"from": [27, 4, 6],
			"to": [28, 6, 11],
			"rotation": {"angle": 0, "axis": "y", "origin": [35, 12, 14]},
			"faces": {
				"north": {"uv": [6.875, 8.25, 7, 8.5], "texture": "#0"},
				"east": {"uv": [6, 7.5, 6.625, 7.75], "texture": "#0"},
				"south": {"uv": [2.125, 8.375, 2.25, 8.625], "texture": "#0"},
				"west": {"uv": [6.625, 7.5, 7.25, 7.75], "texture": "#0"},
				"up": {"uv": [6.5, 8.625, 6.375, 8], "texture": "#0"},
				"down": {"uv": [6.625, 8, 6.5, 8.625], "texture": "#0"}
			}
		},
		{
			"from": [10, 13, 10],
			"to": [16, 15, 11],
			"rotation": {"angle": 0, "axis": "y", "origin": [18, 21, 18]},
			"faces": {
				"north": {"uv": [0.5, 6.875, 1.25, 7.125], "texture": "#0"},
				"east": {"uv": [2.25, 8.375, 2.375, 8.625], "texture": "#0"},
				"south": {"uv": [1.25, 6.875, 2, 7.125], "texture": "#0"},
				"west": {"uv": [2.375, 8.375, 2.5, 8.625], "texture": "#0"},
				"up": {"uv": [5, 7.875, 4.25, 7.75], "texture": "#0"},
				"down": {"uv": [1.875, 7.875, 1.125, 8], "texture": "#0"}
			}
		},
		{
			"from": [20, 13, 10],
			"to": [26, 15, 11],
			"rotation": {"angle": 0, "axis": "y", "origin": [28, 21, 18]},
			"faces": {
				"north": {"uv": [2, 6.875, 2.75, 7.125], "texture": "#0"},
				"east": {"uv": [2.5, 8.375, 2.625, 8.625], "texture": "#0"},
				"south": {"uv": [2.75, 6.875, 3.5, 7.125], "texture": "#0"},
				"west": {"uv": [3.25, 8.375, 3.375, 8.625], "texture": "#0"},
				"up": {"uv": [4, 8, 3.25, 7.875], "texture": "#0"},
				"down": {"uv": [4.75, 7.875, 4, 8], "texture": "#0"}
			}
		},
		{
			"from": [0, 13, 10],
			"to": [6, 15, 11],
			"rotation": {"angle": 0, "axis": "y", "origin": [8, 21, 18]},
			"faces": {
				"north": {"uv": [3.5, 6.875, 4.25, 7.125], "texture": "#0"},
				"east": {"uv": [3.375, 8.375, 3.5, 8.625], "texture": "#0"},
				"south": {"uv": [4.25, 6.875, 5, 7.125], "texture": "#0"},
				"west": {"uv": [3.5, 8.375, 3.625, 8.625], "texture": "#0"},
				"up": {"uv": [5.5, 8, 4.75, 7.875], "texture": "#0"},
				"down": {"uv": [6.25, 7.875, 5.5, 8], "texture": "#0"}
			}
		},
		{
			"from": [-10, 13, 10],
			"to": [-4, 15, 11],
			"rotation": {"angle": 0, "axis": "y", "origin": [-2, 21, 18]},
			"faces": {
				"north": {"uv": [0.5, 7.125, 1.25, 7.375], "texture": "#0"},
				"east": {"uv": [3.625, 8.375, 3.75, 8.625], "texture": "#0"},
				"south": {"uv": [1.25, 7.125, 2, 7.375], "texture": "#0"},
				"west": {"uv": [3.75, 8.375, 3.875, 8.625], "texture": "#0"},
				"up": {"uv": [7, 8, 6.25, 7.875], "texture": "#0"},
				"down": {"uv": [8.375, 7.875, 7.625, 8], "texture": "#0"}
			}
		},
		{
			"from": [11, 15, 10],
			"to": [15, 16, 11],
			"rotation": {"angle": 0, "axis": "y", "origin": [19, 23, 18]},
			"faces": {
				"north": {"uv": [1.875, 8.125, 2.375, 8.25], "texture": "#0"},
				"east": {"uv": [2.125, 7.875, 2.25, 8], "texture": "#0"},
				"south": {"uv": [3.25, 8.125, 3.75, 8.25], "texture": "#0"},
				"west": {"uv": [6.75, 8.5, 6.875, 8.625], "texture": "#0"},
				"up": {"uv": [4.25, 8.25, 3.75, 8.125], "texture": "#0"},
				"down": {"uv": [4.75, 8.125, 4.25, 8.25], "texture": "#0"}
			}
		},
		{
			"from": [21, 15, 10],
			"to": [25, 16, 11],
			"rotation": {"angle": 0, "axis": "y", "origin": [29, 23, 18]},
			"faces": {
				"north": {"uv": [5, 8.125, 5.5, 8.25], "texture": "#0"},
				"east": {"uv": [6.875, 8.5, 7, 8.625], "texture": "#0"},
				"south": {"uv": [5.5, 8.125, 6, 8.25], "texture": "#0"},
				"west": {"uv": [7, 8.5, 7.125, 8.625], "texture": "#0"},
				"up": {"uv": [8.625, 8.25, 8.125, 8.125], "texture": "#0"},
				"down": {"uv": [8.625, 8, 8.125, 8.125], "texture": "#0"}
			}
		},
		{
			"from": [1, 15, 10],
			"to": [5, 16, 11],
			"rotation": {"angle": 0, "axis": "y", "origin": [9, 23, 18]},
			"faces": {
				"north": {"uv": [1.875, 8.25, 2.375, 8.375], "texture": "#0"},
				"east": {"uv": [7.125, 8.5, 7.25, 8.625], "texture": "#0"},
				"south": {"uv": [3.25, 8.25, 3.75, 8.375], "texture": "#0"},
				"west": {"uv": [7.625, 8.5, 7.75, 8.625], "texture": "#0"},
				"up": {"uv": [4.25, 8.375, 3.75, 8.25], "texture": "#0"},
				"down": {"uv": [4.75, 8.25, 4.25, 8.375], "texture": "#0"}
			}
		},
		{
			"from": [-9, 15, 10],
			"to": [-5, 16, 11],
			"rotation": {"angle": 0, "axis": "y", "origin": [-1, 23, 18]},
			"faces": {
				"north": {"uv": [5, 8.25, 5.5, 8.375], "texture": "#0"},
				"east": {"uv": [7.75, 8.5, 7.875, 8.625], "texture": "#0"},
				"south": {"uv": [5.5, 8.25, 6, 8.375], "texture": "#0"},
				"west": {"uv": [7.875, 8.5, 8, 8.625], "texture": "#0"},
				"up": {"uv": [8.125, 8.375, 7.625, 8.25], "texture": "#0"},
				"down": {"uv": [8.625, 8.25, 8.125, 8.375], "texture": "#0"}
			}
		},
		{
			"from": [12, 4, 6],
			"to": [14, 5, 8],
			"rotation": {"angle": 0, "axis": "y", "origin": [21, 12, 14]},
			"faces": {
				"north": {"uv": [4.75, 7.625, 5, 7.75], "texture": "#0"},
				"east": {"uv": [1.875, 7.875, 2.125, 8], "texture": "#0"},
				"south": {"uv": [3.875, 8.375, 4.125, 8.5], "texture": "#0"},
				"west": {"uv": [4.125, 8.375, 4.375, 8.5], "texture": "#0"},
				"up": {"uv": [2.625, 8.375, 2.375, 8.125], "texture": "#0"},
				"down": {"uv": [6.25, 8.125, 6, 8.375], "texture": "#0"}
			}
		},
		{
			"from": [2, 4, 6],
			"to": [4, 5, 8],
			"rotation": {"angle": 0, "axis": "y", "origin": [11, 12, 14]},
			"faces": {
				"north": {"uv": [4.375, 8.375, 4.625, 8.5], "texture": "#0"},
				"east": {"uv": [4.625, 8.375, 4.875, 8.5], "texture": "#0"},
				"south": {"uv": [4.875, 8.375, 5.125, 8.5], "texture": "#0"},
				"west": {"uv": [5.125, 8.375, 5.375, 8.5], "texture": "#0"},
				"up": {"uv": [6.875, 8.5, 6.625, 8.25], "texture": "#0"},
				"down": {"uv": [1, 8.375, 0.75, 8.625], "texture": "#0"}
			}
		},
		{
			"from": [-8, 4, 6],
			"to": [-6, 5, 8],
			"rotation": {"angle": 0, "axis": "y", "origin": [1, 12, 14]},
			"faces": {
				"north": {"uv": [5.375, 8.375, 5.625, 8.5], "texture": "#0"},
				"east": {"uv": [5.625, 8.375, 5.875, 8.5], "texture": "#0"},
				"south": {"uv": [5.875, 8.375, 6.125, 8.5], "texture": "#0"},
				"west": {"uv": [7.625, 8.375, 7.875, 8.5], "texture": "#0"},
				"up": {"uv": [1.375, 8.625, 1.125, 8.375], "texture": "#0"},
				"down": {"uv": [1.625, 8.375, 1.375, 8.625], "texture": "#0"}
			}
		},
		{
			"from": [22, 4, 6],
			"to": [24, 5, 8],
			"rotation": {"angle": 0, "axis": "y", "origin": [31, 12, 14]},
			"faces": {
				"north": {"uv": [7.875, 8.375, 8.125, 8.5], "texture": "#0"},
				"east": {"uv": [8.125, 8.375, 8.375, 8.5], "texture": "#0"},
				"south": {"uv": [8.375, 8.375, 8.625, 8.5], "texture": "#0"},
				"west": {"uv": [8.375, 7.875, 8.625, 8], "texture": "#0"},
				"up": {"uv": [1.875, 8.625, 1.625, 8.375], "texture": "#0"},
				"down": {"uv": [2.125, 8.375, 1.875, 8.625], "texture": "#0"}
			}
		},
		{
			"from": [-13, 10, 11],
			"to": [-12, 11, 13],
			"rotation": {"angle": 0, "axis": "x", "origin": [-12.5, 10.5, 11.5]},
			"faces": {
				"north": {"uv": [8, 8.5, 8.125, 8.625], "texture": "#0"},
				"east": {"uv": [2.75, 8.5, 3, 8.625], "texture": "#0"},
				"south": {"uv": [8.125, 8.5, 8.25, 8.625], "texture": "#0"},
				"west": {"uv": [3, 8.5, 3.25, 8.625], "texture": "#0"},
				"up": {"uv": [6.25, 8.625, 6.125, 8.375], "texture": "#0"},
				"down": {"uv": [4, 8.5, 3.875, 8.75], "texture": "#0"}
			}
		},
		{
			"from": [28, 10, 11],
			"to": [29, 11, 13],
			"rotation": {"angle": 0, "axis": "x", "origin": [28.5, 10.5, 11.5]},
			"faces": {
				"north": {"uv": [8.25, 8.5, 8.375, 8.625], "texture": "#0"},
				"east": {"uv": [4, 8.5, 4.25, 8.625], "texture": "#0"},
				"south": {"uv": [8.375, 8.5, 8.5, 8.625], "texture": "#0"},
				"west": {"uv": [4.25, 8.5, 4.5, 8.625], "texture": "#0"},
				"up": {"uv": [4.625, 8.75, 4.5, 8.5], "texture": "#0"},
				"down": {"uv": [4.75, 8.5, 4.625, 8.75], "texture": "#0"}
			}
		},
		{
			"from": [-13, 9.84672, 5.2294],
			"to": [-12, 10.84672, 11.2294],
			"rotation": {"angle": -22.5, "axis": "x", "origin": [-12.5, 10.34672, 10.7294]},
			"faces": {
				"north": {"uv": [8.5, 8.5, 8.625, 8.625], "texture": "#0"},
				"east": {"uv": [1.125, 8, 1.875, 8.125], "texture": "#0"},
				"south": {"uv": [0.75, 8.625, 0.875, 8.75], "texture": "#0"},
				"west": {"uv": [1.875, 8, 2.625, 8.125], "texture": "#0"},
				"up": {"uv": [7.125, 8.5, 7, 7.75], "texture": "#0"},
				"down": {"uv": [7.25, 7.75, 7.125, 8.5], "texture": "#0"}
			}
		},
		{
			"from": [-12, 9.84672, 5.2294],
			"to": [28, 10.84672, 6.2294],
			"rotation": {"angle": -22.5, "axis": "x", "origin": [-11.5, 10.34672, 10.7294]},
			"faces": {
				"north": {"uv": [6, 5.75, 11, 5.875], "texture": "#0"},
				"east": {"uv": [1.25, 8.625, 1.375, 8.75], "texture": "#0"},
				"south": {"uv": [6, 5.875, 11, 6], "texture": "#0"},
				"west": {"uv": [1.375, 8.625, 1.5, 8.75], "texture": "#0"},
				"up": {"uv": [12, 7.125, 7, 7], "texture": "#0"},
				"down": {"uv": [12, 6, 7, 6.125], "texture": "#0"}
			}
		},
		{
			"from": [28, 9.84672, 5.2294],
			"to": [29, 10.84672, 11.2294],
			"rotation": {"angle": -22.5, "axis": "x", "origin": [28.5, 10.34672, 10.7294]},
			"faces": {
				"north": {"uv": [0.875, 8.625, 1, 8.75], "texture": "#0"},
				"east": {"uv": [3.25, 8, 4, 8.125], "texture": "#0"},
				"south": {"uv": [1.125, 8.625, 1.25, 8.75], "texture": "#0"},
				"west": {"uv": [4, 8, 4.75, 8.125], "texture": "#0"},
				"up": {"uv": [0.625, 8.75, 0.5, 8], "texture": "#0"},
				"down": {"uv": [0.75, 8, 0.625, 8.75], "texture": "#0"}
			}
		},
		{
			"from": [-12, 1.7294, 6.15328],
			"to": [28, 3.2294, 7.15328],
			"rotation": {"angle": -22.5, "axis": "x", "origin": [-11.5, 2.7294, 6.65328]},
			"faces": {
				"north": {"uv": [5, 1.875, 10, 2.125], "texture": "#0"},
				"east": {"uv": [4.75, 8.5, 4.875, 8.75], "texture": "#0"},
				"south": {"uv": [5, 2.125, 10, 2.375], "texture": "#0"},
				"west": {"uv": [4.875, 8.5, 5, 8.75], "texture": "#0"},
				"up": {"uv": [12, 6.25, 7, 6.125], "texture": "#0"},
				"down": {"uv": [12, 6.25, 7, 6.375], "texture": "#0"}
			}
		},
		{
			"from": [-12, 0.6874, 6.95791],
			"to": [28, 2.1874, 7.95791],
			"rotation": {"angle": -45, "axis": "x", "origin": [8, 1.4374, 7.45791]},
			"faces": {
				"north": {"uv": [5, 2.375, 10, 2.625], "texture": "#0"},
				"east": {"uv": [5, 8.5, 5.125, 8.75], "texture": "#0"},
				"south": {"uv": [5, 2.625, 10, 2.875], "texture": "#0"},
				"west": {"uv": [5.125, 8.5, 5.25, 8.75], "texture": "#0"},
				"up": {"uv": [12, 6.5, 7, 6.375], "texture": "#0"},
				"down": {"uv": [12, 6.5, 7, 6.625], "texture": "#0"}
			}
		},
		{
			"from": [-12, 0.22845, 7.76894],
			"to": [28, 1.22845, 9.26894],
			"rotation": {"angle": 22.5, "axis": "x", "origin": [8, 0.72845, 8.51894]},
			"faces": {
				"north": {"uv": [7, 6.625, 12, 6.75], "texture": "#0"},
				"east": {"uv": [5.25, 8.5, 5.5, 8.625], "texture": "#0"},
				"south": {"uv": [7, 6.75, 12, 6.875], "texture": "#0"},
				"west": {"uv": [5.5, 8.5, 5.75, 8.625], "texture": "#0"},
				"up": {"uv": [10, 3.125, 5, 2.875], "texture": "#0"},
				"down": {"uv": [10, 3.125, 5, 3.375], "texture": "#0"}
			}
		},
		{
			"from": [-12, -0.0205, 9.0205],
			"to": [28, 2.9795, 11.0205],
			"rotation": {"angle": 0, "axis": "x", "origin": [8, 0.4795, 9.7705]},
			"faces": {
				"north": {"uv": [5, 0.625, 10, 1], "texture": "#0"},
				"east": {"uv": [0.75, 8, 1, 8.375], "texture": "#0"},
				"south": {"uv": [5, 1, 10, 1.375], "texture": "#0"},
				"west": {"uv": [4.75, 8, 5, 8.375], "texture": "#0"},
				"up": {"uv": [10, 3.625, 5, 3.375], "texture": "#0"},
				"down": {"uv": [10, 3.625, 5, 3.875], "texture": "#0"}
			}
		},
		{
			"from": [-12, 1, 8],
			"to": [28, 3, 9],
			"rotation": {"angle": 0, "axis": "y", "origin": [-4, 10, 16]},
			"faces": {
				"north": {"uv": [5, 3.875, 10, 4.125], "texture": "#0"},
				"east": {"uv": [5.75, 8.5, 5.875, 8.75], "texture": "#0"},
				"south": {"uv": [5, 4.125, 10, 4.375], "texture": "#0"},
				"west": {"uv": [5.875, 8.5, 6, 8.75], "texture": "#0"},
				"up": {"uv": [12, 7, 7, 6.875], "texture": "#0"},
				"down": {"uv": [11, 7.125, 6, 7.25], "texture": "#0"}
			}
		},
		{
			"from": [-12, 1.5, 7],
			"to": [28, 3, 8],
			"rotation": {"angle": 0, "axis": "y", "origin": [-4, 10, 15]},
			"faces": {
				"north": {"uv": [5, 4.375, 10, 4.625], "texture": "#0"},
				"east": {"uv": [6, 8.5, 6.125, 8.75], "texture": "#0"},
				"south": {"uv": [5, 4.625, 10, 4.875], "texture": "#0"},
				"west": {"uv": [6.625, 8.5, 6.75, 8.75], "texture": "#0"},
				"up": {"uv": [11, 7.375, 6, 7.25], "texture": "#0"},
				"down": {"uv": [11, 7.375, 6, 7.5], "texture": "#0"}
			}
		}
	],
	"display": {
		"thirdperson_righthand": {
			"translation": [0, 3, 1],
			"scale": [0.55, 0.55, 0.55]
		},
		"thirdperson_lefthand": {
			"translation": [0, 3, 1],
			"scale": [0.55, 0.55, 0.55]
		},
		"firstperson_righthand": {
			"rotation": [0, -90, 25],
			"translation": [1.13, 3.2, 1.13],
			"scale": [0.68, 0.68, 0.68]
		},
		"firstperson_lefthand": {
			"rotation": [0, -90, 25],
			"translation": [1.13, 3.2, 1.13],
			"scale": [0.68, 0.68, 0.68]
		},
		"ground": {
			"translation": [0, 2, 0],
			"scale": [0.5, 0.5, 0.5]
		},
		"gui": {
			"rotation": [0, -180, 0],
			"scale": [0.3457, 0.35156, 1]
		},
		"head": {
			"scale": [2, 2, 2]
		},
		"fixed": {
			"translation": [0, 0, 10.25],
			"scale": [2, 2, 2]
		}
	}
}