{
	"credit": "Made with Blockbench",
	"ambientocclusion": false,
	"texture_size": [128, 128],
	"textures": {
		"0": "ohben/SteeleelFRNT",
		"1": "ohben/SEARMS",
		"particle": "ohben/SteeleelFRNT"
	},
	"elements": [
		{
			"from": [-3, 0, 22],
			"to": [-2, 10, 30],
			"rotation": {"angle": 0, "axis": "y", "origin": [5, 8, 24]},
			"faces": {
				"north": {"uv": [7.75, 10.75, 7.875, 12], "texture": "#0"},
				"east": {"uv": [6.75, 10.75, 7.75, 12], "texture": "#0"},
				"south": {"uv": [8.875, 10.75, 9, 12], "texture": "#0"},
				"west": {"uv": [7.875, 10.75, 8.875, 12], "texture": "#0"},
				"up": {"uv": [7.875, 10.75, 7.75, 9.75], "texture": "#0"},
				"down": {"uv": [8, 9.75, 7.875, 10.75], "texture": "#0"}
			}
		},
		{
			"from": [-3, 0, 10],
			"to": [-2, 10, 18],
			"rotation": {"angle": 0, "axis": "y", "origin": [5, 8, 12]},
			"faces": {
				"north": {"uv": [3.25, 10.625, 3.375, 11.875], "texture": "#0"},
				"east": {"uv": [2.25, 10.625, 3.25, 11.875], "texture": "#0"},
				"south": {"uv": [4.375, 10.625, 4.5, 11.875], "texture": "#0"},
				"west": {"uv": [3.375, 10.625, 4.375, 11.875], "texture": "#0"},
				"up": {"uv": [3.375, 10.625, 3.25, 9.625], "texture": "#0"},
				"down": {"uv": [3.5, 9.625, 3.375, 10.625], "texture": "#0"}
			}
		},
		{
			"from": [18, 0, 10],
			"to": [19, 10, 18],
			"rotation": {"angle": 0, "axis": "y", "origin": [26, 8, 12]},
			"faces": {
				"north": {"uv": [2.25, 2.25, 2.375, 3.5], "texture": "#0"},
				"east": {"uv": [1.25, 2.25, 2.25, 3.5], "texture": "#0"},
				"south": {"uv": [3.375, 2.25, 3.5, 3.5], "texture": "#0"},
				"west": {"uv": [2.375, 2.25, 3.375, 3.5], "texture": "#0"},
				"up": {"uv": [2.375, 2.25, 2.25, 1.25], "texture": "#0"},
				"down": {"uv": [2.5, 1.25, 2.375, 2.25], "texture": "#0"}
			}
		},
		{
			"from": [18, 0, 22],
			"to": [19, 10, 30],
			"rotation": {"angle": 0, "axis": "y", "origin": [26, 8, 24]},
			"faces": {
				"north": {"uv": [5.5, 10.75, 5.625, 12], "texture": "#0"},
				"east": {"uv": [4.5, 10.75, 5.5, 12], "texture": "#0"},
				"south": {"uv": [6.625, 10.75, 6.75, 12], "texture": "#0"},
				"west": {"uv": [5.625, 10.75, 6.625, 12], "texture": "#0"},
				"up": {"uv": [5.625, 10.75, 5.5, 9.75], "texture": "#0"},
				"down": {"uv": [5.75, 9.75, 5.625, 10.75], "texture": "#0"}
			}
		},
		{
			"from": [-2, 0, 29],
			"to": [18, 10, 30],
			"rotation": {"angle": 0, "axis": "y", "origin": [8, 8, 37]},
			"faces": {
				"north": {"uv": [9.5, 0.125, 12, 1.375], "texture": "#0"},
				"east": {"uv": [9.375, 0.125, 9.5, 1.375], "texture": "#0"},
				"south": {"uv": [12.125, 0.125, 14.625, 1.375], "texture": "#0"},
				"west": {"uv": [12, 0.125, 12.125, 1.375], "texture": "#0"},
				"up": {"uv": [12, 0.125, 9.5, 0], "texture": "#0"},
				"down": {"uv": [14.5, 0, 12, 0.125], "texture": "#0"}
			}
		},
		{
			"from": [-1, 10, 29],
			"to": [17, 13, 30],
			"rotation": {"angle": 0, "axis": "y", "origin": [8, 18, 37]},
			"faces": {
				"north": {"uv": [9.5, 3.375, 11.75, 3.75], "texture": "#0"},
				"east": {"uv": [9.375, 3.375, 9.5, 3.75], "texture": "#0"},
				"south": {"uv": [11.875, 3.375, 14.125, 3.75], "texture": "#0"},
				"west": {"uv": [11.75, 3.375, 11.875, 3.75], "texture": "#0"},
				"up": {"uv": [11.75, 3.375, 9.5, 3.25], "texture": "#0"},
				"down": {"uv": [14, 3.25, 11.75, 3.375], "texture": "#0"}
			}
		},
		{
			"from": [17, 10, 29],
			"to": [18, 11, 30],
			"rotation": {"angle": 0, "axis": "y", "origin": [26, 18, 37]},
			"faces": {
				"north": {"uv": [0.625, 0.125, 0.75, 0.25], "texture": "#0"},
				"east": {"uv": [0.5, 0.125, 0.625, 0.25], "texture": "#0"},
				"south": {"uv": [0.875, 0.125, 1, 0.25], "texture": "#0"},
				"west": {"uv": [0.75, 0.125, 0.875, 0.25], "texture": "#0"},
				"up": {"uv": [0.75, 0.125, 0.625, 0], "texture": "#0"},
				"down": {"uv": [0.875, 0, 0.75, 0.125], "texture": "#0"}
			}
		},
		{
			"from": [-2, 10, 29],
			"to": [-1, 11, 30],
			"rotation": {"angle": 0, "axis": "y", "origin": [7, 18, 37]},
			"faces": {
				"north": {"uv": [0.125, 0.125, 0.25, 0.25], "texture": "#0"},
				"east": {"uv": [0, 0.125, 0.125, 0.25], "texture": "#0"},
				"south": {"uv": [0.375, 0.125, 0.5, 0.25], "texture": "#0"},
				"west": {"uv": [0.25, 0.125, 0.375, 0.25], "texture": "#0"},
				"up": {"uv": [0.25, 0.125, 0.125, 0], "texture": "#0"},
				"down": {"uv": [0.375, 0, 0.25, 0.125], "texture": "#0"}
			}
		},
		{
			"from": [-2, 0, 6],
			"to": [18, 1, 29],
			"rotation": {"angle": 0, "axis": "y", "origin": [8, 8, 10]},
			"faces": {
				"north": {"uv": [4.375, 4.375, 6.875, 4.5], "texture": "#0"},
				"east": {"uv": [0, 4.375, 4.375, 4.5], "texture": "#0"},
				"south": {"uv": [11.25, 4.375, 13.75, 4.5], "texture": "#0"},
				"west": {"uv": [6.875, 4.375, 11.25, 4.5], "texture": "#0"},
				"up": {"uv": [6.875, 4.375, 4.375, 0], "texture": "#0"},
				"down": {"uv": [9.375, 0, 6.875, 4.375], "texture": "#0"}
			}
		},
		{
			"from": [-1, 1, 28],
			"to": [17, 13, 29],
			"rotation": {"angle": 0, "axis": "y", "origin": [8, 9, 36]},
			"faces": {
				"north": {"uv": [9.5, 1.5, 11.75, 3], "texture": "#0"},
				"east": {"uv": [9.375, 1.5, 9.5, 3], "texture": "#0"},
				"south": {"uv": [11.875, 1.5, 14.125, 3], "texture": "#0"},
				"west": {"uv": [11.75, 1.5, 11.875, 3], "texture": "#0"},
				"up": {"uv": [11.75, 1.5, 9.5, 1.375], "texture": "#0"},
				"down": {"uv": [14, 1.375, 11.75, 1.5], "texture": "#0"}
			}
		},
		{
			"from": [-1, 1, 16],
			"to": [17, 13, 18],
			"rotation": {"angle": 0, "axis": "y", "origin": [8, 9, 24]},
			"faces": {
				"north": {"uv": [5.25, 8.25, 7.5, 9.75], "texture": "#0"},
				"east": {"uv": [5, 8.25, 5.25, 9.75], "texture": "#0"},
				"south": {"uv": [7.75, 8.25, 10, 9.75], "texture": "#0"},
				"west": {"uv": [7.5, 8.25, 7.75, 9.75], "texture": "#0"},
				"up": {"uv": [7.5, 8.25, 5.25, 8], "texture": "#0"},
				"down": {"uv": [9.75, 8, 7.5, 8.25], "texture": "#0"}
			}
		},
		{
			"from": [-1, 1, 23],
			"to": [7, 3, 27],
			"rotation": {"angle": 0, "axis": "y", "origin": [7, 9, 34]},
			"faces": {
				"north": {"uv": [11.75, 10, 12.75, 10.25], "texture": "#0"},
				"east": {"uv": [11.25, 10, 11.75, 10.25], "texture": "#0"},
				"south": {"uv": [13.25, 10, 14.25, 10.25], "texture": "#0"},
				"west": {"uv": [12.75, 10, 13.25, 10.25], "texture": "#0"},
				"up": {"uv": [12.75, 10, 11.75, 9.5], "texture": "#0"},
				"down": {"uv": [13.75, 9.5, 12.75, 10], "texture": "#0"}
			}
		},
		{
			"from": [-1, 1, 11],
			"to": [7, 3, 15],
			"rotation": {"angle": 0, "axis": "y", "origin": [7, 9, 22]},
			"faces": {
				"north": {"uv": [10.75, 9.25, 11.75, 9.5], "texture": "#0"},
				"east": {"uv": [10.25, 9.25, 10.75, 9.5], "texture": "#0"},
				"south": {"uv": [12.25, 9.25, 13.25, 9.5], "texture": "#0"},
				"west": {"uv": [11.75, 9.25, 12.25, 9.5], "texture": "#0"},
				"up": {"uv": [11.75, 9.25, 10.75, 8.75], "texture": "#0"},
				"down": {"uv": [12.75, 8.75, 11.75, 9.25], "texture": "#0"}
			}
		},
		{
			"from": [9, 1, 11],
			"to": [17, 3, 15],
			"rotation": {"angle": 0, "axis": "y", "origin": [17, 9, 22]},
			"faces": {
				"north": {"uv": [10.5, 8.5, 11.5, 8.75], "texture": "#0"},
				"east": {"uv": [10, 8.5, 10.5, 8.75], "texture": "#0"},
				"south": {"uv": [12, 8.5, 13, 8.75], "texture": "#0"},
				"west": {"uv": [11.5, 8.5, 12, 8.75], "texture": "#0"},
				"up": {"uv": [11.5, 8.5, 10.5, 8], "texture": "#0"},
				"down": {"uv": [12.5, 8, 11.5, 8.5], "texture": "#0"}
			}
		},
		{
			"from": [9, 1, 23],
			"to": [17, 3, 27],
			"rotation": {"angle": 0, "axis": "y", "origin": [17, 9, 34]},
			"faces": {
				"north": {"uv": [11.25, 11.25, 12.25, 11.5], "texture": "#0"},
				"east": {"uv": [10.75, 11.25, 11.25, 11.5], "texture": "#0"},
				"south": {"uv": [12.75, 11.25, 13.75, 11.5], "texture": "#0"},
				"west": {"uv": [12.25, 11.25, 12.75, 11.5], "texture": "#0"},
				"up": {"uv": [12.25, 11.25, 11.25, 10.75], "texture": "#0"},
				"down": {"uv": [13.25, 10.75, 12.25, 11.25], "texture": "#0"}
			}
		},
		{
			"from": [-1, 1, 27],
			"to": [7, 10, 28],
			"rotation": {"angle": 0, "axis": "y", "origin": [7, 9, 35]},
			"faces": {
				"north": {"uv": [9.75, 13.625, 10.75, 14.75], "texture": "#0"},
				"east": {"uv": [9.625, 13.625, 9.75, 14.75], "texture": "#0"},
				"south": {"uv": [10.875, 13.625, 11.875, 14.75], "texture": "#0"},
				"west": {"uv": [10.75, 13.625, 10.875, 14.75], "texture": "#0"},
				"up": {"uv": [10.75, 13.625, 9.75, 13.5], "texture": "#0"},
				"down": {"uv": [11.75, 13.5, 10.75, 13.625], "texture": "#0"}
			}
		},
		{
			"from": [-1, 1, 15],
			"to": [7, 10, 16],
			"rotation": {"angle": 0, "axis": "y", "origin": [7, 9, 23]},
			"faces": {
				"north": {"uv": [13.125, 7.5, 14.125, 8.625], "texture": "#0"},
				"east": {"uv": [13, 7.5, 13.125, 8.625], "texture": "#0"},
				"south": {"uv": [14.25, 7.5, 15.25, 8.625], "texture": "#0"},
				"west": {"uv": [14.125, 7.5, 14.25, 8.625], "texture": "#0"},
				"up": {"uv": [14.125, 7.5, 13.125, 7.375], "texture": "#0"},
				"down": {"uv": [15.125, 7.375, 14.125, 7.5], "texture": "#0"}
			}
		},
		{
			"from": [9, 1, 27],
			"to": [17, 10, 28],
			"rotation": {"angle": 0, "axis": "y", "origin": [17, 9, 35]},
			"faces": {
				"north": {"uv": [7.5, 13.25, 8.5, 14.375], "texture": "#0"},
				"east": {"uv": [7.375, 13.25, 7.5, 14.375], "texture": "#0"},
				"south": {"uv": [8.625, 13.25, 9.625, 14.375], "texture": "#0"},
				"west": {"uv": [8.5, 13.25, 8.625, 14.375], "texture": "#0"},
				"up": {"uv": [8.5, 13.25, 7.5, 13.125], "texture": "#0"},
				"down": {"uv": [9.5, 13.125, 8.5, 13.25], "texture": "#0"}
			}
		},
		{
			"from": [9, 1, 15],
			"to": [17, 10, 16],
			"rotation": {"angle": 0, "axis": "y", "origin": [17, 9, 23]},
			"faces": {
				"north": {"uv": [12.875, 4.625, 13.875, 5.75], "texture": "#0"},
				"east": {"uv": [12.75, 4.625, 12.875, 5.75], "texture": "#0"},
				"south": {"uv": [14, 4.625, 15, 5.75], "texture": "#0"},
				"west": {"uv": [13.875, 4.625, 14, 5.75], "texture": "#0"},
				"up": {"uv": [13.875, 4.625, 12.875, 4.5], "texture": "#0"},
				"down": {"uv": [14.875, 4.5, 13.875, 4.625], "texture": "#0"}
			}
		},
		{
			"from": [0, 10, 27],
			"to": [6, 12, 28],
			"rotation": {"angle": 0, "axis": "y", "origin": [7, 18, 35]},
			"faces": {
				"north": {"uv": [3.125, 13.875, 3.875, 14.125], "texture": "#0"},
				"east": {"uv": [3, 13.875, 3.125, 14.125], "texture": "#0"},
				"south": {"uv": [4, 13.875, 4.75, 14.125], "texture": "#0"},
				"west": {"uv": [3.875, 13.875, 4, 14.125], "texture": "#0"},
				"up": {"uv": [3.875, 13.875, 3.125, 13.75], "texture": "#0"},
				"down": {"uv": [4.625, 13.75, 3.875, 13.875], "texture": "#0"}
			}
		},
		{
			"from": [0, 10, 15],
			"to": [6, 12, 16],
			"rotation": {"angle": 0, "axis": "y", "origin": [7, 18, 23]},
			"faces": {
				"north": {"uv": [13.625, 12.875, 14.375, 13.125], "texture": "#0"},
				"east": {"uv": [13.5, 12.875, 13.625, 13.125], "texture": "#0"},
				"south": {"uv": [14.5, 12.875, 15.25, 13.125], "texture": "#0"},
				"west": {"uv": [14.375, 12.875, 14.5, 13.125], "texture": "#0"},
				"up": {"uv": [14.375, 12.875, 13.625, 12.75], "texture": "#0"},
				"down": {"uv": [15.125, 12.75, 14.375, 12.875], "texture": "#0"}
			}
		},
		{
			"from": [10, 10, 27],
			"to": [16, 12, 28],
			"rotation": {"angle": 0, "axis": "y", "origin": [17, 18, 35]},
			"faces": {
				"north": {"uv": [13.625, 13.25, 14.375, 13.5], "texture": "#0"},
				"east": {"uv": [13.5, 13.25, 13.625, 13.5], "texture": "#0"},
				"south": {"uv": [14.5, 13.25, 15.25, 13.5], "texture": "#0"},
				"west": {"uv": [14.375, 13.25, 14.5, 13.5], "texture": "#0"},
				"up": {"uv": [14.375, 13.25, 13.625, 13.125], "texture": "#0"},
				"down": {"uv": [15.125, 13.125, 14.375, 13.25], "texture": "#0"}
			}
		},
		{
			"from": [10, 10, 15],
			"to": [16, 12, 16],
			"rotation": {"angle": 0, "axis": "y", "origin": [17, 18, 23]},
			"faces": {
				"north": {"uv": [13.625, 12.5, 14.375, 12.75], "texture": "#0"},
				"east": {"uv": [13.5, 12.5, 13.625, 12.75], "texture": "#0"},
				"south": {"uv": [14.5, 12.5, 15.25, 12.75], "texture": "#0"},
				"west": {"uv": [14.375, 12.5, 14.5, 12.75], "texture": "#0"},
				"up": {"uv": [14.375, 12.5, 13.625, 12.375], "texture": "#0"},
				"down": {"uv": [15.125, 12.375, 14.375, 12.5], "texture": "#0"}
			}
		},
		{
			"from": [-2, 1, 28],
			"to": [-1, 11, 29],
			"rotation": {"angle": 0, "axis": "y", "origin": [6, 9, 36]},
			"faces": {
				"north": {"uv": [3.125, 14.25, 3.25, 15.5], "texture": "#0"},
				"east": {"uv": [3, 14.25, 3.125, 15.5], "texture": "#0"},
				"south": {"uv": [3.375, 14.25, 3.5, 15.5], "texture": "#0"},
				"west": {"uv": [3.25, 14.25, 3.375, 15.5], "texture": "#0"},
				"up": {"uv": [3.25, 14.25, 3.125, 14.125], "texture": "#0"},
				"down": {"uv": [3.375, 14.125, 3.25, 14.25], "texture": "#0"}
			}
		},
		{
			"from": [-2, 1, 16],
			"to": [-1, 11, 18],
			"rotation": {"angle": 0, "axis": "y", "origin": [6, 9, 24]},
			"faces": {
				"north": {"uv": [2.5, 14, 2.625, 15.25], "texture": "#0"},
				"east": {"uv": [2.25, 14, 2.5, 15.25], "texture": "#0"},
				"south": {"uv": [2.875, 14, 3, 15.25], "texture": "#0"},
				"west": {"uv": [2.625, 14, 2.875, 15.25], "texture": "#0"},
				"up": {"uv": [2.625, 14, 2.5, 13.75], "texture": "#0"},
				"down": {"uv": [2.75, 13.75, 2.625, 14], "texture": "#0"}
			}
		},
		{
			"from": [17, 1, 16],
			"to": [18, 11, 18],
			"rotation": {"angle": 0, "axis": "y", "origin": [25, 9, 24]},
			"faces": {
				"north": {"uv": [1.75, 14, 1.875, 15.25], "texture": "#0"},
				"east": {"uv": [1.5, 14, 1.75, 15.25], "texture": "#0"},
				"south": {"uv": [2.125, 14, 2.25, 15.25], "texture": "#0"},
				"west": {"uv": [1.875, 14, 2.125, 15.25], "texture": "#0"},
				"up": {"uv": [1.875, 14, 1.75, 13.75], "texture": "#0"},
				"down": {"uv": [2, 13.75, 1.875, 14], "texture": "#0"}
			}
		},
		{
			"from": [17, 1, 28],
			"to": [18, 11, 29],
			"rotation": {"angle": 0, "axis": "y", "origin": [25, 9, 36]},
			"faces": {
				"north": {"uv": [13.25, 14.125, 13.375, 15.375], "texture": "#0"},
				"east": {"uv": [13.125, 14.125, 13.25, 15.375], "texture": "#0"},
				"south": {"uv": [13.5, 14.125, 13.625, 15.375], "texture": "#0"},
				"west": {"uv": [13.375, 14.125, 13.5, 15.375], "texture": "#0"},
				"up": {"uv": [13.375, 14.125, 13.25, 14], "texture": "#0"},
				"down": {"uv": [13.5, 14, 13.375, 14.125], "texture": "#0"}
			}
		},
		{
			"from": [-3, 0, 6],
			"to": [-2, 1, 10],
			"rotation": {"angle": 0, "axis": "y", "origin": [5, 8, 17]},
			"faces": {
				"north": {"uv": [12.375, 14.5, 12.5, 14.625], "texture": "#0"},
				"east": {"uv": [11.875, 14.5, 12.375, 14.625], "texture": "#0"},
				"south": {"uv": [13, 14.5, 13.125, 14.625], "texture": "#0"},
				"west": {"uv": [12.5, 14.5, 13, 14.625], "texture": "#0"},
				"up": {"uv": [12.5, 14.5, 12.375, 14], "texture": "#0"},
				"down": {"uv": [12.625, 14, 12.5, 14.5], "texture": "#0"}
			}
		},
		{
			"from": [-3, 0, 18],
			"to": [-2, 1, 22],
			"rotation": {"angle": 0, "axis": "y", "origin": [5, 8, 29]},
			"faces": {
				"north": {"uv": [6.625, 14.5, 6.75, 14.625], "texture": "#0"},
				"east": {"uv": [6.125, 14.5, 6.625, 14.625], "texture": "#0"},
				"south": {"uv": [7.25, 14.5, 7.375, 14.625], "texture": "#0"},
				"west": {"uv": [6.75, 14.5, 7.25, 14.625], "texture": "#0"},
				"up": {"uv": [6.75, 14.5, 6.625, 14], "texture": "#0"},
				"down": {"uv": [6.875, 14, 6.75, 14.5], "texture": "#0"}
			}
		},
		{
			"from": [18, 0, 18],
			"to": [19, 1, 22],
			"rotation": {"angle": 0, "axis": "y", "origin": [26, 8, 29]},
			"faces": {
				"north": {"uv": [14.25, 11.625, 14.375, 11.75], "texture": "#0"},
				"east": {"uv": [13.75, 11.625, 14.25, 11.75], "texture": "#0"},
				"south": {"uv": [14.875, 11.625, 15, 11.75], "texture": "#0"},
				"west": {"uv": [14.375, 11.625, 14.875, 11.75], "texture": "#0"},
				"up": {"uv": [14.375, 11.625, 14.25, 11.125], "texture": "#0"},
				"down": {"uv": [14.5, 11.125, 14.375, 11.625], "texture": "#0"}
			}
		},
		{
			"from": [18, 0, 6],
			"to": [19, 1, 10],
			"rotation": {"angle": 0, "axis": "y", "origin": [26, 8, 17]},
			"faces": {
				"north": {"uv": [3.25, 12.375, 3.375, 12.5], "texture": "#0"},
				"east": {"uv": [2.75, 12.375, 3.25, 12.5], "texture": "#0"},
				"south": {"uv": [3.875, 12.375, 4, 12.5], "texture": "#0"},
				"west": {"uv": [3.375, 12.375, 3.875, 12.5], "texture": "#0"},
				"up": {"uv": [3.375, 12.375, 3.25, 11.875], "texture": "#0"},
				"down": {"uv": [3.5, 11.875, 3.375, 12.375], "texture": "#0"}
			}
		},
		{
			"from": [16, 2, 7],
			"to": [17, 10, 8],
			"rotation": {"angle": 22.5, "axis": "x", "origin": [17, 7, 7]},
			"faces": {
				"north": {"uv": [3.625, 14.25, 3.75, 15.25], "texture": "#0"},
				"east": {"uv": [3.5, 14.25, 3.625, 15.25], "texture": "#0"},
				"south": {"uv": [3.875, 14.25, 4, 15.25], "texture": "#0"},
				"west": {"uv": [3.75, 14.25, 3.875, 15.25], "texture": "#0"},
				"up": {"uv": [3.75, 14.25, 3.625, 14.125], "texture": "#0"},
				"down": {"uv": [3.875, 14.125, 3.75, 14.25], "texture": "#0"}
			}
		},
		{
			"from": [16, 2, 19],
			"to": [17, 10, 20],
			"rotation": {"angle": 22.5, "axis": "x", "origin": [17, 7, 19]},
			"faces": {
				"north": {"uv": [7.625, 12.125, 7.75, 13.125], "texture": "#0"},
				"east": {"uv": [7.5, 12.125, 7.625, 13.125], "texture": "#0"},
				"south": {"uv": [7.875, 12.125, 8, 13.125], "texture": "#0"},
				"west": {"uv": [7.75, 12.125, 7.875, 13.125], "texture": "#0"},
				"up": {"uv": [7.75, 12.125, 7.625, 12], "texture": "#0"},
				"down": {"uv": [7.875, 12, 7.75, 12.125], "texture": "#0"}
			}
		},
		{
			"from": [9, 2, 7],
			"to": [10, 10, 8],
			"rotation": {"angle": 22.5, "axis": "x", "origin": [10, 7, 7]},
			"faces": {
				"north": {"uv": [14.25, 1.5, 14.375, 2.5], "texture": "#0"},
				"east": {"uv": [14.125, 1.5, 14.25, 2.5], "texture": "#0"},
				"south": {"uv": [14.5, 1.5, 14.625, 2.5], "texture": "#0"},
				"west": {"uv": [14.375, 1.5, 14.5, 2.5], "texture": "#0"},
				"up": {"uv": [14.375, 1.5, 14.25, 1.375], "texture": "#0"},
				"down": {"uv": [14.5, 1.375, 14.375, 1.5], "texture": "#0"}
			}
		},
		{
			"from": [9, 2, 19],
			"to": [10, 10, 20],
			"rotation": {"angle": 22.5, "axis": "x", "origin": [10, 7, 19]},
			"faces": {
				"north": {"uv": [4.125, 14.25, 4.25, 15.25], "texture": "#0"},
				"east": {"uv": [4, 14.25, 4.125, 15.25], "texture": "#0"},
				"south": {"uv": [4.375, 14.25, 4.5, 15.25], "texture": "#0"},
				"west": {"uv": [4.25, 14.25, 4.375, 15.25], "texture": "#0"},
				"up": {"uv": [4.25, 14.25, 4.125, 14.125], "texture": "#0"},
				"down": {"uv": [4.375, 14.125, 4.25, 14.25], "texture": "#0"}
			}
		},
		{
			"from": [6, 2, 7],
			"to": [7, 10, 8],
			"rotation": {"angle": 22.5, "axis": "x", "origin": [7, 7, 7]},
			"faces": {
				"north": {"uv": [8, 14.5, 8.125, 15.5], "texture": "#0"},
				"east": {"uv": [7.875, 14.5, 8, 15.5], "texture": "#0"},
				"south": {"uv": [8.25, 14.5, 8.375, 15.5], "texture": "#0"},
				"west": {"uv": [8.125, 14.5, 8.25, 15.5], "texture": "#0"},
				"up": {"uv": [8.125, 14.5, 8, 14.375], "texture": "#0"},
				"down": {"uv": [8.25, 14.375, 8.125, 14.5], "texture": "#0"}
			}
		},
		{
			"from": [6, 2, 19],
			"to": [7, 10, 20],
			"rotation": {"angle": 22.5, "axis": "x", "origin": [7, 7, 19]},
			"faces": {
				"north": {"uv": [7.5, 14.5, 7.625, 15.5], "texture": "#0"},
				"east": {"uv": [7.375, 14.5, 7.5, 15.5], "texture": "#0"},
				"south": {"uv": [7.75, 14.5, 7.875, 15.5], "texture": "#0"},
				"west": {"uv": [7.625, 14.5, 7.75, 15.5], "texture": "#0"},
				"up": {"uv": [7.625, 14.5, 7.5, 14.375], "texture": "#0"},
				"down": {"uv": [7.75, 14.375, 7.625, 14.5], "texture": "#0"}
			}
		},
		{
			"from": [-1, 2, 7],
			"to": [0, 10, 8],
			"rotation": {"angle": 22.5, "axis": "x", "origin": [0, 7, 7]},
			"faces": {
				"north": {"uv": [14.625, 14.625, 14.75, 15.625], "texture": "#0"},
				"east": {"uv": [14.5, 14.625, 14.625, 15.625], "texture": "#0"},
				"south": {"uv": [14.875, 14.625, 15, 15.625], "texture": "#0"},
				"west": {"uv": [14.75, 14.625, 14.875, 15.625], "texture": "#0"},
				"up": {"uv": [14.75, 14.625, 14.625, 14.5], "texture": "#0"},
				"down": {"uv": [14.875, 14.5, 14.75, 14.625], "texture": "#0"}
			}
		},
		{
			"from": [-1, 2, 19],
			"to": [0, 10, 20],
			"rotation": {"angle": 22.5, "axis": "x", "origin": [0, 7, 19]},
			"faces": {
				"north": {"uv": [8.5, 14.5, 8.625, 15.5], "texture": "#0"},
				"east": {"uv": [8.375, 14.5, 8.5, 15.5], "texture": "#0"},
				"south": {"uv": [8.75, 14.5, 8.875, 15.5], "texture": "#0"},
				"west": {"uv": [8.625, 14.5, 8.75, 15.5], "texture": "#0"},
				"up": {"uv": [8.625, 14.5, 8.5, 14.375], "texture": "#0"},
				"down": {"uv": [8.75, 14.375, 8.625, 14.5], "texture": "#0"}
			}
		},
		{
			"from": [10, 9, 7],
			"to": [16, 10, 8],
			"rotation": {"angle": 22.5, "axis": "x", "origin": [11, 7, 7]},
			"faces": {
				"north": {"uv": [13.5, 3.875, 14.25, 4], "texture": "#0"},
				"east": {"uv": [13.375, 3.875, 13.5, 4], "texture": "#0"},
				"south": {"uv": [14.375, 3.875, 15.125, 4], "texture": "#0"},
				"west": {"uv": [14.25, 3.875, 14.375, 4], "texture": "#0"},
				"up": {"uv": [14.25, 3.875, 13.5, 3.75], "texture": "#0"},
				"down": {"uv": [15, 3.75, 14.25, 3.875], "texture": "#0"}
			}
		},
		{
			"from": [0, 9, 7],
			"to": [6, 10, 8],
			"rotation": {"angle": 22.5, "axis": "x", "origin": [1, 7, 7]},
			"faces": {
				"north": {"uv": [11.125, 11.625, 11.875, 11.75], "texture": "#0"},
				"east": {"uv": [11, 11.625, 11.125, 11.75], "texture": "#0"},
				"south": {"uv": [12, 11.625, 12.75, 11.75], "texture": "#0"},
				"west": {"uv": [11.875, 11.625, 12, 11.75], "texture": "#0"},
				"up": {"uv": [11.875, 11.625, 11.125, 11.5], "texture": "#0"},
				"down": {"uv": [12.625, 11.5, 11.875, 11.625], "texture": "#0"}
			}
		},
		{
			"from": [0, 9, 19],
			"to": [6, 10, 20],
			"rotation": {"angle": 22.5, "axis": "x", "origin": [1, 7, 19]},
			"faces": {
				"north": {"uv": [11.375, 4.25, 12.125, 4.375], "texture": "#0"},
				"east": {"uv": [11.25, 4.25, 11.375, 4.375], "texture": "#0"},
				"south": {"uv": [12.25, 4.25, 13, 4.375], "texture": "#0"},
				"west": {"uv": [12.125, 4.25, 12.25, 4.375], "texture": "#0"},
				"up": {"uv": [12.125, 4.25, 11.375, 4.125], "texture": "#0"},
				"down": {"uv": [12.875, 4.125, 12.125, 4.25], "texture": "#0"}
			}
		},
		{
			"from": [10, 9, 19],
			"to": [16, 10, 20],
			"rotation": {"angle": 22.5, "axis": "x", "origin": [11, 7, 19]},
			"faces": {
				"north": {"uv": [8.125, 9.875, 8.875, 10], "texture": "#0"},
				"east": {"uv": [8, 9.875, 8.125, 10], "texture": "#0"},
				"south": {"uv": [9, 9.875, 9.75, 10], "texture": "#0"},
				"west": {"uv": [8.875, 9.875, 9, 10], "texture": "#0"},
				"up": {"uv": [8.875, 9.875, 8.125, 9.75], "texture": "#0"},
				"down": {"uv": [9.625, 9.75, 8.875, 9.875], "texture": "#0"}
			}
		},
		{
			"from": [-2, 1, 10],
			"to": [-1, 10, 16],
			"rotation": {"angle": 0, "axis": "y", "origin": [6, 10, 15]},
			"faces": {
				"north": {"uv": [0.75, 12.625, 0.875, 13.75], "texture": "#0"},
				"east": {"uv": [0, 12.625, 0.75, 13.75], "texture": "#0"},
				"south": {"uv": [1.625, 12.625, 1.75, 13.75], "texture": "#0"},
				"west": {"uv": [0.875, 12.625, 1.625, 13.75], "texture": "#0"},
				"up": {"uv": [0.875, 12.625, 0.75, 11.875], "texture": "#0"},
				"down": {"uv": [1, 11.875, 0.875, 12.625], "texture": "#0"}
			}
		},
		{
			"from": [-2, 1, 22],
			"to": [-1, 10, 28],
			"rotation": {"angle": 0, "axis": "y", "origin": [6, 10, 27]},
			"faces": {
				"north": {"uv": [12.5, 12.5, 12.625, 13.625], "texture": "#0"},
				"east": {"uv": [11.75, 12.5, 12.5, 13.625], "texture": "#0"},
				"south": {"uv": [13.375, 12.5, 13.5, 13.625], "texture": "#0"},
				"west": {"uv": [12.625, 12.5, 13.375, 13.625], "texture": "#0"},
				"up": {"uv": [12.625, 12.5, 12.5, 11.75], "texture": "#0"},
				"down": {"uv": [12.75, 11.75, 12.625, 12.5], "texture": "#0"}
			}
		},
		{
			"from": [17, 1, 22],
			"to": [18, 10, 28],
			"rotation": {"angle": 0, "axis": "y", "origin": [25, 10, 27]},
			"faces": {
				"north": {"uv": [10.75, 12.25, 10.875, 13.375], "texture": "#0"},
				"east": {"uv": [10, 12.25, 10.75, 13.375], "texture": "#0"},
				"south": {"uv": [11.625, 12.25, 11.75, 13.375], "texture": "#0"},
				"west": {"uv": [10.875, 12.25, 11.625, 13.375], "texture": "#0"},
				"up": {"uv": [10.875, 12.25, 10.75, 11.5], "texture": "#0"},
				"down": {"uv": [11, 11.5, 10.875, 12.25], "texture": "#0"}
			}
		},
		{
			"from": [17, 1, 10],
			"to": [18, 10, 16],
			"rotation": {"angle": 0, "axis": "y", "origin": [25, 10, 15]},
			"faces": {
				"north": {"uv": [9, 12, 9.125, 13.125], "texture": "#0"},
				"east": {"uv": [8.25, 12, 9, 13.125], "texture": "#0"},
				"south": {"uv": [9.875, 12, 10, 13.125], "texture": "#0"},
				"west": {"uv": [9.125, 12, 9.875, 13.125], "texture": "#0"},
				"up": {"uv": [9.125, 12, 9, 11.25], "texture": "#0"},
				"down": {"uv": [9.25, 11.25, 9.125, 12], "texture": "#0"}
			}
		},
		{
			"from": [7, 1, 15],
			"to": [9, 10, 16],
			"rotation": {"angle": 0, "axis": "y", "origin": [15, 14, 23]},
			"faces": {
				"north": {"uv": [4.75, 14.125, 5, 15.25], "texture": "#0"},
				"east": {"uv": [4.625, 14.125, 4.75, 15.25], "texture": "#0"},
				"south": {"uv": [5.125, 14.125, 5.375, 15.25], "texture": "#0"},
				"west": {"uv": [5, 14.125, 5.125, 15.25], "texture": "#0"},
				"up": {"uv": [5, 14.125, 4.75, 14], "texture": "#0"},
				"down": {"uv": [5.25, 14, 5, 14.125], "texture": "#0"}
			}
		},
		{
			"from": [7, 1, 27],
			"to": [9, 10, 28],
			"rotation": {"angle": 0, "axis": "y", "origin": [15, 14, 35]},
			"faces": {
				"north": {"uv": [13.875, 14, 14.125, 15.125], "texture": "#0"},
				"east": {"uv": [13.75, 14, 13.875, 15.125], "texture": "#0"},
				"south": {"uv": [14.25, 14, 14.5, 15.125], "texture": "#0"},
				"west": {"uv": [14.125, 14, 14.25, 15.125], "texture": "#0"},
				"up": {"uv": [14.125, 14, 13.875, 13.875], "texture": "#0"},
				"down": {"uv": [14.375, 13.875, 14.125, 14], "texture": "#0"}
			}
		},
		{
			"from": [7, 1, 11],
			"to": [9, 4, 15],
			"rotation": {"angle": 0, "axis": "y", "origin": [15, 10, 20]},
			"faces": {
				"north": {"uv": [13.75, 9.125, 14, 9.5], "texture": "#0"},
				"east": {"uv": [13.25, 9.125, 13.75, 9.5], "texture": "#0"},
				"south": {"uv": [14.5, 9.125, 14.75, 9.5], "texture": "#0"},
				"west": {"uv": [14, 9.125, 14.5, 9.5], "texture": "#0"},
				"up": {"uv": [14, 9.125, 13.75, 8.625], "texture": "#0"},
				"down": {"uv": [14.25, 8.625, 14, 9.125], "texture": "#0"}
			}
		},
		{
			"from": [7, 1, 23],
			"to": [9, 4, 27],
			"rotation": {"angle": 0, "axis": "y", "origin": [15, 10, 32]},
			"faces": {
				"north": {"uv": [13.25, 12, 13.5, 12.375], "texture": "#0"},
				"east": {"uv": [12.75, 12, 13.25, 12.375], "texture": "#0"},
				"south": {"uv": [14, 12, 14.25, 12.375], "texture": "#0"},
				"west": {"uv": [13.5, 12, 14, 12.375], "texture": "#0"},
				"up": {"uv": [13.5, 12, 13.25, 11.5], "texture": "#0"},
				"down": {"uv": [13.75, 11.5, 13.5, 12], "texture": "#0"}
			}
		},
		{
			"from": [17, 10, 10],
			"to": [19, 10.5, 15],
			"rotation": {"angle": 0, "axis": "y", "origin": [26, 18, 21]},
			"faces": {
				"north": {"uv": [3.5, 2.25, 3.75, 2.25], "texture": "#1"},
				"east": {"uv": [2.875, 2.25, 3.5, 2.25], "texture": "#1"},
				"south": {"uv": [4.375, 2.25, 4.625, 2.25], "texture": "#1"},
				"west": {"uv": [3.75, 2.25, 4.375, 2.25], "texture": "#1"},
				"up": {"uv": [3.75, 2.25, 3.5, 1.625], "texture": "#1"},
				"down": {"uv": [4, 1.625, 3.75, 2.25], "texture": "#1"}
			}
		},
		{
			"from": [-3, 10, 10],
			"to": [-1, 10.5, 15],
			"rotation": {"angle": 0, "axis": "y", "origin": [6, 18, 21]},
			"faces": {
				"north": {"uv": [3.5, 3.5, 3.75, 3.5], "texture": "#1"},
				"east": {"uv": [2.875, 3.5, 3.5, 3.5], "texture": "#1"},
				"south": {"uv": [4.375, 3.5, 4.625, 3.5], "texture": "#1"},
				"west": {"uv": [3.75, 3.5, 4.375, 3.5], "texture": "#1"},
				"up": {"uv": [3.75, 3.5, 3.5, 2.875], "texture": "#1"},
				"down": {"uv": [4, 2.875, 3.75, 3.5], "texture": "#1"}
			}
		},
		{
			"from": [-3, 10, 22],
			"to": [-1, 10.5, 27],
			"rotation": {"angle": 0, "axis": "y", "origin": [6, 18, 33]},
			"faces": {
				"north": {"uv": [3, 2.25, 3.25, 2.25], "texture": "#1"},
				"east": {"uv": [2.375, 2.25, 3, 2.25], "texture": "#1"},
				"south": {"uv": [3.875, 2.25, 4.125, 2.25], "texture": "#1"},
				"west": {"uv": [3.25, 2.25, 3.875, 2.25], "texture": "#1"},
				"up": {"uv": [3.25, 2.25, 3, 1.625], "texture": "#1"},
				"down": {"uv": [3.5, 1.625, 3.25, 2.25], "texture": "#1"}
			}
		},
		{
			"from": [17, 10, 22],
			"to": [19, 10.5, 27],
			"rotation": {"angle": 0, "axis": "y", "origin": [26, 18, 33]},
			"faces": {
				"north": {"uv": [2.5, 2.25, 2.75, 2.25], "texture": "#1"},
				"east": {"uv": [1.875, 2.25, 2.5, 2.25], "texture": "#1"},
				"south": {"uv": [3.375, 2.25, 3.625, 2.25], "texture": "#1"},
				"west": {"uv": [2.75, 2.25, 3.375, 2.25], "texture": "#1"},
				"up": {"uv": [2.75, 2.25, 2.5, 1.625], "texture": "#1"},
				"down": {"uv": [3, 1.625, 2.75, 2.25], "texture": "#1"}
			}
		},
		{
			"from": [-3.25, 1, 10],
			"to": [-3, 5, 18],
			"rotation": {"angle": 0, "axis": "y", "origin": [3.75, 9, 18]},
			"faces": {
				"north": {"uv": [6.75, 10.25, 6.75, 10.75], "texture": "#0"},
				"east": {"uv": [5.75, 10.25, 6.75, 10.75], "texture": "#0"},
				"south": {"uv": [7.75, 10.25, 7.75, 10.75], "texture": "#0"},
				"west": {"uv": [6.75, 10.25, 7.75, 10.75], "texture": "#0"},
				"up": {"uv": [6.75, 10.25, 6.75, 9.25], "texture": "#0"},
				"down": {"uv": [6.75, 9.25, 6.75, 10.25], "texture": "#0"}
			}
		},
		{
			"from": [-3.25, 1, 22],
			"to": [-3, 5, 30],
			"rotation": {"angle": 0, "axis": "y", "origin": [3.75, 9, 30]},
			"faces": {
				"north": {"uv": [2.25, 10.125, 2.25, 10.625], "texture": "#0"},
				"east": {"uv": [1.25, 10.125, 2.25, 10.625], "texture": "#0"},
				"south": {"uv": [3.25, 10.125, 3.25, 10.625], "texture": "#0"},
				"west": {"uv": [2.25, 10.125, 3.25, 10.625], "texture": "#0"},
				"up": {"uv": [2.25, 10.125, 2.25, 9.125], "texture": "#0"},
				"down": {"uv": [2.25, 9.125, 2.25, 10.125], "texture": "#0"}
			}
		},
		{
			"from": [19, 1, 22],
			"to": [19.25, 5, 30],
			"rotation": {"angle": 0, "axis": "y", "origin": [26, 9, 30]},
			"faces": {
				"north": {"uv": [6.75, 9.75, 6.75, 10.25], "texture": "#0"},
				"east": {"uv": [5.75, 9.75, 6.75, 10.25], "texture": "#0"},
				"south": {"uv": [7.75, 9.75, 7.75, 10.25], "texture": "#0"},
				"west": {"uv": [6.75, 9.75, 7.75, 10.25], "texture": "#0"},
				"up": {"uv": [6.75, 9.75, 6.75, 8.75], "texture": "#0"},
				"down": {"uv": [6.75, 8.75, 6.75, 9.75], "texture": "#0"}
			}
		},
		{
			"from": [19, 1, 10],
			"to": [19.25, 5, 18],
			"rotation": {"angle": 0, "axis": "y", "origin": [26, 9, 18]},
			"faces": {
				"north": {"uv": [4.5, 9.75, 4.5, 10.25], "texture": "#0"},
				"east": {"uv": [3.5, 9.75, 4.5, 10.25], "texture": "#0"},
				"south": {"uv": [5.5, 9.75, 5.5, 10.25], "texture": "#0"},
				"west": {"uv": [4.5, 9.75, 5.5, 10.25], "texture": "#0"},
				"up": {"uv": [4.5, 9.75, 4.5, 8.75], "texture": "#0"},
				"down": {"uv": [4.5, 8.75, 4.5, 9.75], "texture": "#0"}
			}
		},
		{
			"from": [-3.25, 5, 10],
			"to": [-3, 8, 18],
			"rotation": {"angle": 0, "axis": "y", "origin": [4, 13, 20]},
			"faces": {
				"north": {"uv": [6.25, 13.625, 6.25, 14], "texture": "#0"},
				"east": {"uv": [5.25, 13.625, 6.25, 14], "texture": "#0"},
				"south": {"uv": [7.25, 13.625, 7.25, 14], "texture": "#0"},
				"west": {"uv": [6.25, 13.625, 7.25, 14], "texture": "#0"},
				"up": {"uv": [6.25, 13.625, 6.25, 12.625], "texture": "#0"},
				"down": {"uv": [6.25, 12.625, 6.25, 13.625], "texture": "#0"}
			}
		},
		{
			"from": [-3.25, 5, 22],
			"to": [-3, 8, 30],
			"rotation": {"angle": 0, "axis": "y", "origin": [4, 13, 32]},
			"faces": {
				"north": {"uv": [6.25, 13.25, 6.25, 13.625], "texture": "#0"},
				"east": {"uv": [5.25, 13.25, 6.25, 13.625], "texture": "#0"},
				"south": {"uv": [7.25, 13.25, 7.25, 13.625], "texture": "#0"},
				"west": {"uv": [6.25, 13.25, 7.25, 13.625], "texture": "#0"},
				"up": {"uv": [6.25, 13.25, 6.25, 12.25], "texture": "#0"},
				"down": {"uv": [6.25, 12.25, 6.25, 13.25], "texture": "#0"}
			}
		},
		{
			"from": [19, 5, 22],
			"to": [19.25, 8, 30],
			"rotation": {"angle": 0, "axis": "y", "origin": [26.25, 13, 32]},
			"faces": {
				"north": {"uv": [12.375, 3.75, 12.375, 4.125], "texture": "#0"},
				"east": {"uv": [11.375, 3.75, 12.375, 4.125], "texture": "#0"},
				"south": {"uv": [13.375, 3.75, 13.375, 4.125], "texture": "#0"},
				"west": {"uv": [12.375, 3.75, 13.375, 4.125], "texture": "#0"},
				"up": {"uv": [12.375, 3.75, 12.375, 2.75], "texture": "#0"},
				"down": {"uv": [12.375, 2.75, 12.375, 3.75], "texture": "#0"}
			}
		},
		{
			"from": [19, 5, 10],
			"to": [19.25, 8, 18],
			"rotation": {"angle": 0, "axis": "y", "origin": [26.25, 13, 20]},
			"faces": {
				"north": {"uv": [12.25, 10.25, 12.25, 10.625], "texture": "#0"},
				"east": {"uv": [11.25, 10.25, 12.25, 10.625], "texture": "#0"},
				"south": {"uv": [13.25, 10.25, 13.25, 10.625], "texture": "#0"},
				"west": {"uv": [12.25, 10.25, 13.25, 10.625], "texture": "#0"},
				"up": {"uv": [12.25, 10.25, 12.25, 9.25], "texture": "#0"},
				"down": {"uv": [12.25, 9.25, 12.25, 10.25], "texture": "#0"}
			}
		}
	],
	"display": {
		"thirdperson_righthand": {
			"rotation": [0, 90, 0],
			"translation": [0, -1, -2.5],
			"scale": [0.25, 0.25, 0.25]
		},
		"thirdperson_lefthand": {
			"rotation": [0, 90, 0],
			"translation": [0, 3, -2.5],
			"scale": [0.25, 0.25, 0.25]
		},
		"firstperson_righthand": {
			"rotation": [0, -25, 0],
			"translation": [-16.37, 5.2, 5.63],
			"scale": [0.25, 0.25, 0.25]
		},
		"firstperson_lefthand": {
			"rotation": [0, -25, 0],
			"translation": [-16.37, 5.2, 5.63],
			"scale": [0.25, 0.25, 0.25]
		},
		"ground": {
			"scale": [0.25, 0.25, 0.25]
		},
		"gui": {
			"rotation": [0, 90, 0],
			"scale": [0.25, 0.25, 0.25]
		},
		"head": {
			"scale": [2, 2, 2]
		},
		"fixed": {
			"rotation": [0, 90, 0],
			"scale": [0.25, 0.25, 0.25]
		}
	}
}