{"credit":"Copyright 2020 MagicalDreams.US - Made With Blockbench","textures":{"14":"block/black_wool","15":"block/black_terracotta","particle":"custom/safety"},"elements":[{"from":[-1.175,-2.2,22.97609],"to":[1.325,-0.2,23.37391],"rotation":{"angle":22.5,"axis":"x","origin":[-0.675,-1.2,23.175]},"faces":{"north":{"uv":[0,0,1,1],"texture":"#14"},"east":{"uv":[0,0,1,1],"texture":"#14"},"south":{"uv":[0,0,1,1],"texture":"#14"},"west":{"uv":[0,0,1,1],"texture":"#14"},"up":{"uv":[0,0,1,1],"texture":"#14"},"down":{"uv":[0,0,1,1],"texture":"#14"}}},{"from":[-1.175,-2.2,-9.22391],"to":[1.325,-0.2,-8.82609],"rotation":{"angle":22.5,"axis":"x","origin":[-0.675,-1.2,-9.025]},"faces":{"north":{"uv":[0,0,1,1],"texture":"#14"},"east":{"uv":[0,0,1,1],"texture":"#14"},"south":{"uv":[0,0,1,1],"texture":"#14"},"west":{"uv":[0,0,1,1],"texture":"#14"},"up":{"uv":[0,0,1,1],"texture":"#14"},"down":{"uv":[0,0,1,1],"texture":"#14"}}},{"from":[-0.925,-1.89619,19.675],"to":[1.075,-0.50381,20.675],"rotation":{"angle":-45,"axis":"x","origin":[0.075,-1.2,23.175]},"faces":{"north":{"uv":[0,0,1,1],"texture":"#14"},"east":{"uv":[0,0,1,1],"texture":"#14"},"south":{"uv":[0,0,1,1],"texture":"#14"},"west":{"uv":[0,0,1,1],"texture":"#14"},"up":{"uv":[0,0,1,1],"texture":"#14"},"down":{"uv":[0,0,1,1],"texture":"#14"}}},{"from":[-0.925,-1.89619,-12.525],"to":[1.075,-0.50381,-11.525],"rotation":{"angle":-45,"axis":"x","origin":[0.075,-1.2,-9.025]},"faces":{"north":{"uv":[0,0,1,1],"texture":"#14"},"east":{"uv":[0,0,1,1],"texture":"#14"},"south":{"uv":[0,0,1,1],"texture":"#14"},"west":{"uv":[0,0,1,1],"texture":"#14"},"up":{"uv":[0,0,1,1],"texture":"#14"},"down":{"uv":[0,0,1,1],"texture":"#14"}}},{"from":[-0.925,-1.89619,19.675],"to":[1.075,-0.50381,20.675],"rotation":{"angle":-22.5,"axis":"x","origin":[0.075,-1.2,23.175]},"faces":{"north":{"uv":[0,0,1,1],"texture":"#14"},"east":{"uv":[0,0,1,1],"texture":"#14"},"south":{"uv":[0,0,1,1],"texture":"#14"},"west":{"uv":[0,0,1,1],"texture":"#14"},"up":{"uv":[0,0,1,1],"texture":"#14"},"down":{"uv":[0,0,1,1],"texture":"#14"}}},{"from":[-0.925,-1.89619,-12.525],"to":[1.075,-0.50381,-11.525],"rotation":{"angle":-22.5,"axis":"x","origin":[0.075,-1.2,-9.025]},"faces":{"north":{"uv":[0,0,1,1],"texture":"#14"},"east":{"uv":[0,0,1,1],"texture":"#14"},"south":{"uv":[0,0,1,1],"texture":"#14"},"west":{"uv":[0,0,1,1],"texture":"#14"},"up":{"uv":[0,0,1,1],"texture":"#14"},"down":{"uv":[0,0,1,1],"texture":"#14"}}},{"from":[-0.925,-1.89619,19.675],"to":[1.075,-0.50381,20.675],"rotation":{"angle":0,"axis":"x","origin":[0.075,-1.2,23.175]},"faces":{"north":{"uv":[0,0,1,1],"texture":"#14"},"east":{"uv":[0,0,1,1],"texture":"#14"},"south":{"uv":[0,0,1,1],"texture":"#14"},"west":{"uv":[0,0,1,1],"texture":"#14"},"up":{"uv":[0,0,1,1],"texture":"#14"},"down":{"uv":[0,0,1,1],"texture":"#14"}}},{"from":[-0.925,-1.89619,-12.525],"to":[1.075,-0.50381,-11.525],"rotation":{"angle":0,"axis":"x","origin":[0.075,-1.2,-9.025]},"faces":{"north":{"uv":[0,0,1,1],"texture":"#14"},"east":{"uv":[0,0,1,1],"texture":"#14"},"south":{"uv":[0,0,1,1],"texture":"#14"},"west":{"uv":[0,0,1,1],"texture":"#14"},"up":{"uv":[0,0,1,1],"texture":"#14"},"down":{"uv":[0,0,1,1],"texture":"#14"}}},{"from":[-0.925,-1.89619,19.675],"to":[1.075,-0.50381,20.675],"rotation":{"angle":22.5,"axis":"x","origin":[0.075,-1.2,23.175]},"faces":{"north":{"uv":[0,0,1,1],"texture":"#14"},"east":{"uv":[0,0,1,1],"texture":"#14"},"south":{"uv":[0,0,1,1],"texture":"#14"},"west":{"uv":[0,0,1,1],"texture":"#14"},"up":{"uv":[0,0,1,1],"texture":"#14"},"down":{"uv":[0,0,1,1],"texture":"#14"}}},{"from":[-0.925,-1.89619,-12.525],"to":[1.075,-0.50381,-11.525],"rotation":{"angle":22.5,"axis":"x","origin":[0.075,-1.2,-9.025]},"faces":{"north":{"uv":[0,0,1,1],"texture":"#14"},"east":{"uv":[0,0,1,1],"texture":"#14"},"south":{"uv":[0,0,1,1],"texture":"#14"},"west":{"uv":[0,0,1,1],"texture":"#14"},"up":{"uv":[0,0,1,1],"texture":"#14"},"down":{"uv":[0,0,1,1],"texture":"#14"}}},{"from":[-0.925,-1.89619,19.675],"to":[1.075,-0.50381,20.675],"rotation":{"angle":45,"axis":"x","origin":[0.075,-1.2,23.175]},"faces":{"north":{"uv":[0,0,1,1],"texture":"#14"},"east":{"uv":[0,0,1,1],"texture":"#14"},"south":{"uv":[0,0,1,1],"texture":"#14"},"west":{"uv":[0,0,1,1],"texture":"#14"},"up":{"uv":[0,0,1,1],"texture":"#14"},"down":{"uv":[0,0,1,1],"texture":"#14"}}},{"from":[-0.925,-1.89619,-12.525],"to":[1.075,-0.50381,-11.525],"rotation":{"angle":45,"axis":"x","origin":[0.075,-1.2,-9.025]},"faces":{"north":{"uv":[0,0,1,1],"texture":"#14"},"east":{"uv":[0,0,1,1],"texture":"#14"},"south":{"uv":[0,0,1,1],"texture":"#14"},"west":{"uv":[0,0,1,1],"texture":"#14"},"up":{"uv":[0,0,1,1],"texture":"#14"},"down":{"uv":[0,0,1,1],"texture":"#14"}}},{"from":[-0.925,-1.89619,25.675],"to":[1.075,-0.50381,26.675],"rotation":{"angle":-45,"axis":"x","origin":[0.075,-1.2,23.175]},"faces":{"north":{"uv":[0,0,1,1],"texture":"#14"},"east":{"uv":[0,0,1,1],"texture":"#14"},"south":{"uv":[0,0,1,1],"texture":"#14"},"west":{"uv":[0,0,1,1],"texture":"#14"},"up":{"uv":[0,0,1,1],"texture":"#14"},"down":{"uv":[0,0,1,1],"texture":"#14"}}},{"from":[-0.925,-1.89619,-6.525],"to":[1.075,-0.50381,-5.525],"rotation":{"angle":-45,"axis":"x","origin":[0.075,-1.2,-9.025]},"faces":{"north":{"uv":[0,0,1,1],"texture":"#14"},"east":{"uv":[0,0,1,1],"texture":"#14"},"south":{"uv":[0,0,1,1],"texture":"#14"},"west":{"uv":[0,0,1,1],"texture":"#14"},"up":{"uv":[0,0,1,1],"texture":"#14"},"down":{"uv":[0,0,1,1],"texture":"#14"}}},{"from":[-0.925,-1.89619,25.675],"to":[1.075,-0.50381,26.675],"rotation":{"angle":-22.5,"axis":"x","origin":[0.075,-1.2,23.175]},"faces":{"north":{"uv":[0,0,1,1],"texture":"#14"},"east":{"uv":[0,0,1,1],"texture":"#14"},"south":{"uv":[0,0,1,1],"texture":"#14"},"west":{"uv":[0,0,1,1],"texture":"#14"},"up":{"uv":[0,0,1,1],"texture":"#14"},"down":{"uv":[0,0,1,1],"texture":"#14"}}},{"from":[-0.925,-1.89619,-6.525],"to":[1.075,-0.50381,-5.525],"rotation":{"angle":-22.5,"axis":"x","origin":[0.075,-1.2,-9.025]},"faces":{"north":{"uv":[0,0,1,1],"texture":"#14"},"east":{"uv":[0,0,1,1],"texture":"#14"},"south":{"uv":[0,0,1,1],"texture":"#14"},"west":{"uv":[0,0,1,1],"texture":"#14"},"up":{"uv":[0,0,1,1],"texture":"#14"},"down":{"uv":[0,0,1,1],"texture":"#14"}}},{"from":[-0.925,-1.89619,25.675],"to":[1.075,-0.50381,26.675],"rotation":{"angle":0,"axis":"x","origin":[0.075,-1.2,23.175]},"faces":{"north":{"uv":[0,0,1,1],"texture":"#14"},"east":{"uv":[0,0,1,1],"texture":"#14"},"south":{"uv":[0,0,1,1],"texture":"#14"},"west":{"uv":[0,0,1,1],"texture":"#14"},"up":{"uv":[0,0,1,1],"texture":"#14"},"down":{"uv":[0,0,1,1],"texture":"#14"}}},{"from":[-0.925,-1.89619,-6.525],"to":[1.075,-0.50381,-5.525],"rotation":{"angle":0,"axis":"x","origin":[0.075,-1.2,-9.025]},"faces":{"north":{"uv":[0,0,1,1],"texture":"#14"},"east":{"uv":[0,0,1,1],"texture":"#14"},"south":{"uv":[0,0,1,1],"texture":"#14"},"west":{"uv":[0,0,1,1],"texture":"#14"},"up":{"uv":[0,0,1,1],"texture":"#14"},"down":{"uv":[0,0,1,1],"texture":"#14"}}},{"from":[-0.925,-1.89619,25.675],"to":[1.075,-0.50381,26.675],"rotation":{"angle":22.5,"axis":"x","origin":[0.075,-1.2,23.175]},"faces":{"north":{"uv":[0,0,1,1],"texture":"#14"},"east":{"uv":[0,0,1,1],"texture":"#14"},"south":{"uv":[0,0,1,1],"texture":"#14"},"west":{"uv":[0,0,1,1],"texture":"#14"},"up":{"uv":[0,0,1,1],"texture":"#14"},"down":{"uv":[0,0,1,1],"texture":"#14"}}},{"from":[-0.925,-1.89619,-6.525],"to":[1.075,-0.50381,-5.525],"rotation":{"angle":22.5,"axis":"x","origin":[0.075,-1.2,-9.025]},"faces":{"north":{"uv":[0,0,1,1],"texture":"#14"},"east":{"uv":[0,0,1,1],"texture":"#14"},"south":{"uv":[0,0,1,1],"texture":"#14"},"west":{"uv":[0,0,1,1],"texture":"#14"},"up":{"uv":[0,0,1,1],"texture":"#14"},"down":{"uv":[0,0,1,1],"texture":"#14"}}},{"from":[-0.925,-1.89619,25.675],"to":[1.075,-0.50381,26.675],"rotation":{"angle":45,"axis":"x","origin":[0.075,-1.2,23.175]},"faces":{"north":{"uv":[0,0,1,1],"texture":"#14"},"east":{"uv":[0,0,1,1],"texture":"#14"},"south":{"uv":[0,0,1,1],"texture":"#14"},"west":{"uv":[0,0,1,1],"texture":"#14"},"up":{"uv":[0,0,1,1],"texture":"#14"},"down":{"uv":[0,0,1,1],"texture":"#14"}}},{"from":[-0.925,-1.89619,-6.525],"to":[1.075,-0.50381,-5.525],"rotation":{"angle":45,"axis":"x","origin":[0.075,-1.2,-9.025]},"faces":{"north":{"uv":[0,0,1,1],"texture":"#14"},"east":{"uv":[0,0,1,1],"texture":"#14"},"south":{"uv":[0,0,1,1],"texture":"#14"},"west":{"uv":[0,0,1,1],"texture":"#14"},"up":{"uv":[0,0,1,1],"texture":"#14"},"down":{"uv":[0,0,1,1],"texture":"#14"}}},{"from":[-0.925,-4.7,22.47881],"to":[1.075,-3.7,23.87119],"rotation":{"angle":-22.5,"axis":"x","origin":[0.075,-1.2,23.175]},"faces":{"north":{"uv":[0,0,1,1],"texture":"#14"},"east":{"uv":[0,0,1,1],"texture":"#14"},"south":{"uv":[0,0,1,1],"texture":"#14"},"west":{"uv":[0,0,1,1],"texture":"#14"},"up":{"uv":[0,0,1,1],"texture":"#14"},"down":{"uv":[0,0,1,1],"texture":"#14"}}},{"from":[-0.925,-4.7,-9.72119],"to":[1.075,-3.7,-8.32881],"rotation":{"angle":-22.5,"axis":"x","origin":[0.075,-1.2,-9.025]},"faces":{"north":{"uv":[0,0,1,1],"texture":"#14"},"east":{"uv":[0,0,1,1],"texture":"#14"},"south":{"uv":[0,0,1,1],"texture":"#14"},"west":{"uv":[0,0,1,1],"texture":"#14"},"up":{"uv":[0,0,1,1],"texture":"#14"},"down":{"uv":[0,0,1,1],"texture":"#14"}}},{"from":[-0.925,-4.7,22.47881],"to":[1.075,-3.7,23.87119],"rotation":{"angle":0,"axis":"x","origin":[0.075,-1.2,23.175]},"faces":{"north":{"uv":[0,0,1,1],"texture":"#14"},"east":{"uv":[0,0,1,1],"texture":"#14"},"south":{"uv":[0,0,1,1],"texture":"#14"},"west":{"uv":[0,0,1,1],"texture":"#14"},"up":{"uv":[0,0,1,1],"texture":"#14"},"down":{"uv":[0,0,1,1],"texture":"#14"}}},{"from":[-0.925,-4.7,-9.72119],"to":[1.075,-3.7,-8.32881],"rotation":{"angle":0,"axis":"x","origin":[0.075,-1.2,-9.025]},"faces":{"north":{"uv":[0,0,1,1],"texture":"#14"},"east":{"uv":[0,0,1,1],"texture":"#14"},"south":{"uv":[0,0,1,1],"texture":"#14"},"west":{"uv":[0,0,1,1],"texture":"#14"},"up":{"uv":[0,0,1,1],"texture":"#14"},"down":{"uv":[0,0,1,1],"texture":"#14"}}},{"from":[-0.925,-4.7,22.47881],"to":[1.075,-3.7,23.87119],"rotation":{"angle":22.5,"axis":"x","origin":[0.075,-1.2,23.175]},"faces":{"north":{"uv":[0,0,1,1],"texture":"#14"},"east":{"uv":[0,0,1,1],"texture":"#14"},"south":{"uv":[0,0,1,1],"texture":"#14"},"west":{"uv":[0,0,1,1],"texture":"#14"},"up":{"uv":[0,0,1,1],"texture":"#14"},"down":{"uv":[0,0,1,1],"texture":"#14"}}},{"from":[-0.925,-4.7,-9.72119],"to":[1.075,-3.7,-8.32881],"rotation":{"angle":22.5,"axis":"x","origin":[0.075,-1.2,-9.025]},"faces":{"north":{"uv":[0,0,1,1],"texture":"#14"},"east":{"uv":[0,0,1,1],"texture":"#14"},"south":{"uv":[0,0,1,1],"texture":"#14"},"west":{"uv":[0,0,1,1],"texture":"#14"},"up":{"uv":[0,0,1,1],"texture":"#14"},"down":{"uv":[0,0,1,1],"texture":"#14"}}},{"from":[-0.925,1.3,22.47881],"to":[1.075,2.3,23.87119],"rotation":{"angle":-22.5,"axis":"x","origin":[0.075,-1.2,23.175]},"faces":{"north":{"uv":[0,0,1,1],"texture":"#14"},"east":{"uv":[0,0,1,1],"texture":"#14"},"south":{"uv":[0,0,1,1],"texture":"#14"},"west":{"uv":[0,0,1,1],"texture":"#14"},"up":{"uv":[0,0,1,1],"texture":"#14"},"down":{"uv":[0,0,1,1],"texture":"#14"}}},{"from":[-0.925,1.3,-9.72119],"to":[1.075,2.3,-8.32881],"rotation":{"angle":-22.5,"axis":"x","origin":[0.075,-1.2,-9.025]},"faces":{"north":{"uv":[0,0,1,1],"texture":"#14"},"east":{"uv":[0,0,1,1],"texture":"#14"},"south":{"uv":[0,0,1,1],"texture":"#14"},"west":{"uv":[0,0,1,1],"texture":"#14"},"up":{"uv":[0,0,1,1],"texture":"#14"},"down":{"uv":[0,0,1,1],"texture":"#14"}}},{"from":[-0.925,1.3,22.47881],"to":[1.075,2.3,23.87119],"rotation":{"angle":0,"axis":"x","origin":[0.075,-1.2,23.175]},"faces":{"north":{"uv":[0,0,1,1],"texture":"#14"},"east":{"uv":[0,0,1,1],"texture":"#14"},"south":{"uv":[0,0,1,1],"texture":"#14"},"west":{"uv":[0,0,1,1],"texture":"#14"},"up":{"uv":[0,0,1,1],"texture":"#14"},"down":{"uv":[0,0,1,1],"texture":"#14"}}},{"from":[-0.925,1.3,-9.72119],"to":[1.075,2.3,-8.32881],"rotation":{"angle":0,"axis":"x","origin":[0.075,-1.2,-9.025]},"faces":{"north":{"uv":[0,0,1,1],"texture":"#14"},"east":{"uv":[0,0,1,1],"texture":"#14"},"south":{"uv":[0,0,1,1],"texture":"#14"},"west":{"uv":[0,0,1,1],"texture":"#14"},"up":{"uv":[0,0,1,1],"texture":"#14"},"down":{"uv":[0,0,1,1],"texture":"#14"}}},{"from":[-0.925,1.3,22.47881],"to":[1.075,2.3,23.87119],"rotation":{"angle":22.5,"axis":"x","origin":[0.075,-1.2,23.175]},"faces":{"north":{"uv":[0,0,1,1],"texture":"#14"},"east":{"uv":[0,0,1,1],"texture":"#14"},"south":{"uv":[0,0,1,1],"texture":"#14"},"west":{"uv":[0,0,1,1],"texture":"#14"},"up":{"uv":[0,0,1,1],"texture":"#14"},"down":{"uv":[0,0,1,1],"texture":"#14"}}},{"from":[-0.925,1.3,-9.72119],"to":[1.075,2.3,-8.32881],"rotation":{"angle":22.5,"axis":"x","origin":[0.075,-1.2,-9.025]},"faces":{"north":{"uv":[0,0,1,1],"texture":"#14"},"east":{"uv":[0,0,1,1],"texture":"#14"},"south":{"uv":[0,0,1,1],"texture":"#14"},"west":{"uv":[0,0,1,1],"texture":"#14"},"up":{"uv":[0,0,1,1],"texture":"#14"},"down":{"uv":[0,0,1,1],"texture":"#14"}}},{"from":[-0.425,-1.87147,19.925],"to":[0.575,-0.57853,26.425],"rotation":{"angle":-45,"axis":"x","origin":[0.075,-1.225,23.175]},"faces":{"north":{"uv":[0,0,1,1],"texture":"#14"},"east":{"uv":[0,0,1,1],"texture":"#14"},"south":{"uv":[0,0,1,1],"texture":"#14"},"west":{"uv":[0,0,1,1],"texture":"#14"},"up":{"uv":[0,0,1,1],"texture":"#14"},"down":{"uv":[0,0,1,1],"texture":"#14"}}},{"from":[-0.425,-1.87147,-12.275],"to":[0.575,-0.57853,-5.775],"rotation":{"angle":-45,"axis":"x","origin":[0.075,-1.225,-9.025]},"faces":{"north":{"uv":[0,0,1,1],"texture":"#14"},"east":{"uv":[0,0,1,1],"texture":"#14"},"south":{"uv":[0,0,1,1],"texture":"#14"},"west":{"uv":[0,0,1,1],"texture":"#14"},"up":{"uv":[0,0,1,1],"texture":"#14"},"down":{"uv":[0,0,1,1],"texture":"#14"}}},{"from":[-0.425,-1.87147,19.925],"to":[0.575,-0.57853,26.425],"rotation":{"angle":-22.5,"axis":"x","origin":[0.075,-1.225,23.175]},"faces":{"north":{"uv":[0,0,1,1],"texture":"#14"},"east":{"uv":[0,0,1,1],"texture":"#14"},"south":{"uv":[0,0,1,1],"texture":"#14"},"west":{"uv":[0,0,1,1],"texture":"#14"},"up":{"uv":[0,0,1,1],"texture":"#14"},"down":{"uv":[0,0,1,1],"texture":"#14"}}},{"from":[-0.425,-1.87147,-12.275],"to":[0.575,-0.57853,-5.775],"rotation":{"angle":-22.5,"axis":"x","origin":[0.075,-1.225,-9.025]},"faces":{"north":{"uv":[0,0,1,1],"texture":"#14"},"east":{"uv":[0,0,1,1],"texture":"#14"},"south":{"uv":[0,0,1,1],"texture":"#14"},"west":{"uv":[0,0,1,1],"texture":"#14"},"up":{"uv":[0,0,1,1],"texture":"#14"},"down":{"uv":[0,0,1,1],"texture":"#14"}}},{"from":[-0.425,-1.87147,19.925],"to":[0.575,-0.57853,26.425],"rotation":{"angle":0,"axis":"x","origin":[0.075,-1.225,23.175]},"faces":{"north":{"uv":[0,0,1,1],"texture":"#14"},"east":{"uv":[0,0,1,1],"texture":"#14"},"south":{"uv":[0,0,1,1],"texture":"#14"},"west":{"uv":[0,0,1,1],"texture":"#14"},"up":{"uv":[0,0,1,1],"texture":"#14"},"down":{"uv":[0,0,1,1],"texture":"#14"}}},{"from":[-0.425,-1.87147,-12.275],"to":[0.575,-0.57853,-5.775],"rotation":{"angle":0,"axis":"x","origin":[0.075,-1.225,-9.025]},"faces":{"north":{"uv":[0,0,1,1],"texture":"#14"},"east":{"uv":[0,0,1,1],"texture":"#14"},"south":{"uv":[0,0,1,1],"texture":"#14"},"west":{"uv":[0,0,1,1],"texture":"#14"},"up":{"uv":[0,0,1,1],"texture":"#14"},"down":{"uv":[0,0,1,1],"texture":"#14"}}},{"from":[-0.425,-1.87147,19.925],"to":[0.575,-0.57853,26.425],"rotation":{"angle":22.5,"axis":"x","origin":[0.075,-1.225,23.175]},"faces":{"north":{"uv":[0,0,1,1],"texture":"#14"},"east":{"uv":[0,0,1,1],"texture":"#14"},"south":{"uv":[0,0,1,1],"texture":"#14"},"west":{"uv":[0,0,1,1],"texture":"#14"},"up":{"uv":[0,0,1,1],"texture":"#14"},"down":{"uv":[0,0,1,1],"texture":"#14"}}},{"from":[-0.425,-1.87147,-12.275],"to":[0.575,-0.57853,-5.775],"rotation":{"angle":22.5,"axis":"x","origin":[0.075,-1.225,-9.025]},"faces":{"north":{"uv":[0,0,1,1],"texture":"#14"},"east":{"uv":[0,0,1,1],"texture":"#14"},"south":{"uv":[0,0,1,1],"texture":"#14"},"west":{"uv":[0,0,1,1],"texture":"#14"},"up":{"uv":[0,0,1,1],"texture":"#14"},"down":{"uv":[0,0,1,1],"texture":"#14"}}},{"from":[-0.425,-1.87147,19.925],"to":[0.575,-0.57853,26.425],"rotation":{"angle":45,"axis":"x","origin":[0.075,-1.225,23.175]},"faces":{"north":{"uv":[0,0,1,1],"texture":"#14"},"east":{"uv":[0,0,1,1],"texture":"#14"},"south":{"uv":[0,0,1,1],"texture":"#14"},"west":{"uv":[0,0,1,1],"texture":"#14"},"up":{"uv":[0,0,1,1],"texture":"#14"},"down":{"uv":[0,0,1,1],"texture":"#14"}}},{"from":[-0.425,-1.87147,-12.275],"to":[0.575,-0.57853,-5.775],"rotation":{"angle":45,"axis":"x","origin":[0.075,-1.225,-9.025]},"faces":{"north":{"uv":[0,0,1,1],"texture":"#14"},"east":{"uv":[0,0,1,1],"texture":"#14"},"south":{"uv":[0,0,1,1],"texture":"#14"},"west":{"uv":[0,0,1,1],"texture":"#14"},"up":{"uv":[0,0,1,1],"texture":"#14"},"down":{"uv":[0,0,1,1],"texture":"#14"}}},{"from":[-0.425,-4.475,22.52853],"to":[0.575,2.025,23.82147],"rotation":{"angle":-22.5,"axis":"x","origin":[0.075,-1.225,23.175]},"faces":{"north":{"uv":[0,0,1,1],"texture":"#14"},"east":{"uv":[0,0,1,1],"texture":"#14"},"south":{"uv":[0,0,1,1],"texture":"#14"},"west":{"uv":[0,0,1,1],"texture":"#14"},"up":{"uv":[0,0,1,1],"texture":"#14"},"down":{"uv":[0,0,1,1],"texture":"#14"}}},{"from":[-0.425,-4.475,-9.67147],"to":[0.575,2.025,-8.37853],"rotation":{"angle":-22.5,"axis":"x","origin":[0.075,-1.225,-9.025]},"faces":{"north":{"uv":[0,0,1,1],"texture":"#14"},"east":{"uv":[0,0,1,1],"texture":"#14"},"south":{"uv":[0,0,1,1],"texture":"#14"},"west":{"uv":[0,0,1,1],"texture":"#14"},"up":{"uv":[0,0,1,1],"texture":"#14"},"down":{"uv":[0,0,1,1],"texture":"#14"}}},{"from":[-0.425,-4.475,22.52853],"to":[0.575,2.025,23.82147],"rotation":{"angle":0,"axis":"x","origin":[0.075,-1.225,23.175]},"faces":{"north":{"uv":[0,0,1,1],"texture":"#14"},"east":{"uv":[0,0,1,1],"texture":"#14"},"south":{"uv":[0,0,1,1],"texture":"#14"},"west":{"uv":[0,0,1,1],"texture":"#14"},"up":{"uv":[0,0,1,1],"texture":"#14"},"down":{"uv":[0,0,1,1],"texture":"#14"}}},{"from":[-0.425,-4.475,-9.67147],"to":[0.575,2.025,-8.37853],"rotation":{"angle":0,"axis":"x","origin":[0.075,-1.225,-9.025]},"faces":{"north":{"uv":[0,0,1,1],"texture":"#14"},"east":{"uv":[0,0,1,1],"texture":"#14"},"south":{"uv":[0,0,1,1],"texture":"#14"},"west":{"uv":[0,0,1,1],"texture":"#14"},"up":{"uv":[0,0,1,1],"texture":"#14"},"down":{"uv":[0,0,1,1],"texture":"#14"}}},{"from":[-0.425,-4.475,22.52853],"to":[0.575,2.025,23.82147],"rotation":{"angle":22.5,"axis":"x","origin":[0.075,-1.225,23.175]},"faces":{"north":{"uv":[0,0,1,1],"texture":"#14"},"east":{"uv":[0,0,1,1],"texture":"#14"},"south":{"uv":[0,0,1,1],"texture":"#14"},"west":{"uv":[0,0,1,1],"texture":"#14"},"up":{"uv":[0,0,1,1],"texture":"#14"},"down":{"uv":[0,0,1,1],"texture":"#14"}}},{"from":[-0.425,-4.475,-9.67147],"to":[0.575,2.025,-8.37853],"rotation":{"angle":22.5,"axis":"x","origin":[0.075,-1.225,-9.025]},"faces":{"north":{"uv":[0,0,1,1],"texture":"#14"},"east":{"uv":[0,0,1,1],"texture":"#14"},"south":{"uv":[0,0,1,1],"texture":"#14"},"west":{"uv":[0,0,1,1],"texture":"#14"},"up":{"uv":[0,0,1,1],"texture":"#14"},"down":{"uv":[0,0,1,1],"texture":"#14"}}},{"from":[-1.175,-1.39891,22.175],"to":[1.325,-1.00109,24.175],"rotation":{"angle":-45,"axis":"x","origin":[-0.675,-1.2,23.175]},"faces":{"north":{"uv":[0,0,1,1],"texture":"#14"},"east":{"uv":[0,0,1,1],"texture":"#14"},"south":{"uv":[0,0,1,1],"texture":"#14"},"west":{"uv":[0,0,1,1],"texture":"#14"},"up":{"uv":[0,0,1,1],"texture":"#14"},"down":{"uv":[0,0,1,1],"texture":"#14"}}},{"from":[-1.175,-1.39891,-10.025],"to":[1.325,-1.00109,-8.025],"rotation":{"angle":-45,"axis":"x","origin":[-0.675,-1.2,-9.025]},"faces":{"north":{"uv":[0,0,1,1],"texture":"#14"},"east":{"uv":[0,0,1,1],"texture":"#14"},"south":{"uv":[0,0,1,1],"texture":"#14"},"west":{"uv":[0,0,1,1],"texture":"#14"},"up":{"uv":[0,0,1,1],"texture":"#14"},"down":{"uv":[0,0,1,1],"texture":"#14"}}},{"from":[-1.175,-1.39891,22.175],"to":[1.325,-1.00109,24.175],"rotation":{"angle":-22.5,"axis":"x","origin":[-0.675,-1.2,23.175]},"faces":{"north":{"uv":[0,0,1,1],"texture":"#14"},"east":{"uv":[0,0,1,1],"texture":"#14"},"south":{"uv":[0,0,1,1],"texture":"#14"},"west":{"uv":[0,0,1,1],"texture":"#14"},"up":{"uv":[0,0,1,1],"texture":"#14"},"down":{"uv":[0,0,1,1],"texture":"#14"}}},{"from":[-1.175,-1.39891,-10.025],"to":[1.325,-1.00109,-8.025],"rotation":{"angle":-22.5,"axis":"x","origin":[-0.675,-1.2,-9.025]},"faces":{"north":{"uv":[0,0,1,1],"texture":"#14"},"east":{"uv":[0,0,1,1],"texture":"#14"},"south":{"uv":[0,0,1,1],"texture":"#14"},"west":{"uv":[0,0,1,1],"texture":"#14"},"up":{"uv":[0,0,1,1],"texture":"#14"},"down":{"uv":[0,0,1,1],"texture":"#14"}}},{"from":[-1.175,-1.39891,22.175],"to":[1.325,-1.00109,24.175],"rotation":{"angle":0,"axis":"x","origin":[-0.675,-1.2,23.175]},"faces":{"north":{"uv":[0,0,1,1],"texture":"#14"},"east":{"uv":[0,0,1,1],"texture":"#14"},"south":{"uv":[0,0,1,1],"texture":"#14"},"west":{"uv":[0,0,1,1],"texture":"#14"},"up":{"uv":[0,0,1,1],"texture":"#14"},"down":{"uv":[0,0,1,1],"texture":"#14"}}},{"from":[-1.175,-1.39891,-10.025],"to":[1.325,-1.00109,-8.025],"rotation":{"angle":0,"axis":"x","origin":[-0.675,-1.2,-9.025]},"faces":{"north":{"uv":[0,0,1,1],"texture":"#14"},"east":{"uv":[0,0,1,1],"texture":"#14"},"south":{"uv":[0,0,1,1],"texture":"#14"},"west":{"uv":[0,0,1,1],"texture":"#14"},"up":{"uv":[0,0,1,1],"texture":"#14"},"down":{"uv":[0,0,1,1],"texture":"#14"}}},{"from":[-1.175,-1.39891,22.175],"to":[1.325,-1.00109,24.175],"rotation":{"angle":22.5,"axis":"x","origin":[-0.675,-1.2,23.175]},"faces":{"north":{"uv":[0,0,1,1],"texture":"#14"},"east":{"uv":[0,0,1,1],"texture":"#14"},"south":{"uv":[0,0,1,1],"texture":"#14"},"west":{"uv":[0,0,1,1],"texture":"#14"},"up":{"uv":[0,0,1,1],"texture":"#14"},"down":{"uv":[0,0,1,1],"texture":"#14"}}},{"from":[-1.175,-1.39891,-10.025],"to":[1.325,-1.00109,-8.025],"rotation":{"angle":22.5,"axis":"x","origin":[-0.675,-1.2,-9.025]},"faces":{"north":{"uv":[0,0,1,1],"texture":"#14"},"east":{"uv":[0,0,1,1],"texture":"#14"},"south":{"uv":[0,0,1,1],"texture":"#14"},"west":{"uv":[0,0,1,1],"texture":"#14"},"up":{"uv":[0,0,1,1],"texture":"#14"},"down":{"uv":[0,0,1,1],"texture":"#14"}}},{"from":[-1.175,-1.39891,22.175],"to":[1.325,-1.00109,24.175],"rotation":{"angle":45,"axis":"x","origin":[-0.675,-1.2,23.175]},"faces":{"north":{"uv":[0,0,1,1],"texture":"#14"},"east":{"uv":[0,0,1,1],"texture":"#14"},"south":{"uv":[0,0,1,1],"texture":"#14"},"west":{"uv":[0,0,1,1],"texture":"#14"},"up":{"uv":[0,0,1,1],"texture":"#14"},"down":{"uv":[0,0,1,1],"texture":"#14"}}},{"from":[-1.175,-1.39891,-10.025],"to":[1.325,-1.00109,-8.025],"rotation":{"angle":45,"axis":"x","origin":[-0.675,-1.2,-9.025]},"faces":{"north":{"uv":[0,0,1,1],"texture":"#14"},"east":{"uv":[0,0,1,1],"texture":"#14"},"south":{"uv":[0,0,1,1],"texture":"#14"},"west":{"uv":[0,0,1,1],"texture":"#14"},"up":{"uv":[0,0,1,1],"texture":"#14"},"down":{"uv":[0,0,1,1],"texture":"#14"}}},{"from":[-1.175,-2.2,22.97609],"to":[1.325,-0.2,23.37391],"rotation":{"angle":-22.5,"axis":"x","origin":[-0.675,-1.2,23.175]},"faces":{"north":{"uv":[0,0,1,1],"texture":"#14"},"east":{"uv":[0,0,1,1],"texture":"#14"},"south":{"uv":[0,0,1,1],"texture":"#14"},"west":{"uv":[0,0,1,1],"texture":"#14"},"up":{"uv":[0,0,1,1],"texture":"#14"},"down":{"uv":[0,0,1,1],"texture":"#14"}}},{"from":[-1.175,-2.2,-9.22391],"to":[1.325,-0.2,-8.82609],"rotation":{"angle":-22.5,"axis":"x","origin":[-0.675,-1.2,-9.025]},"faces":{"north":{"uv":[0,0,1,1],"texture":"#14"},"east":{"uv":[0,0,1,1],"texture":"#14"},"south":{"uv":[0,0,1,1],"texture":"#14"},"west":{"uv":[0,0,1,1],"texture":"#14"},"up":{"uv":[0,0,1,1],"texture":"#14"},"down":{"uv":[0,0,1,1],"texture":"#14"}}},{"from":[-1.175,-2.2,22.97609],"to":[1.325,-0.2,23.37391],"rotation":{"angle":0,"axis":"x","origin":[-0.675,-1.2,23.175]},"faces":{"north":{"uv":[0,0,1,1],"texture":"#14"},"east":{"uv":[0,0,1,1],"texture":"#14"},"south":{"uv":[0,0,1,1],"texture":"#14"},"west":{"uv":[0,0,1,1],"texture":"#14"},"up":{"uv":[0,0,1,1],"texture":"#14"},"down":{"uv":[0,0,1,1],"texture":"#14"}}},{"from":[-1.175,-2.2,-9.22391],"to":[1.325,-0.2,-8.82609],"rotation":{"angle":0,"axis":"x","origin":[-0.675,-1.2,-9.025]},"faces":{"north":{"uv":[0,0,1,1],"texture":"#14"},"east":{"uv":[0,0,1,1],"texture":"#14"},"south":{"uv":[0,0,1,1],"texture":"#14"},"west":{"uv":[0,0,1,1],"texture":"#14"},"up":{"uv":[0,0,1,1],"texture":"#14"},"down":{"uv":[0,0,1,1],"texture":"#14"}}},{"from":[17.875,-2.2,22.97609],"to":[20.375,-0.2,23.37391],"rotation":{"angle":22.5,"axis":"x","origin":[18.375,-1.2,23.175]},"faces":{"north":{"uv":[0,0,1,1],"texture":"#14"},"east":{"uv":[0,0,1,1],"texture":"#14"},"south":{"uv":[0,0,1,1],"texture":"#14"},"west":{"uv":[0,0,1,1],"texture":"#14"},"up":{"uv":[0,0,1,1],"texture":"#14"},"down":{"uv":[0,0,1,1],"texture":"#14"}}},{"from":[17.875,-2.2,-9.22391],"to":[20.375,-0.2,-8.82609],"rotation":{"angle":22.5,"axis":"x","origin":[18.375,-1.2,-9.025]},"faces":{"north":{"uv":[0,0,1,1],"texture":"#14"},"east":{"uv":[0,0,1,1],"texture":"#14"},"south":{"uv":[0,0,1,1],"texture":"#14"},"west":{"uv":[0,0,1,1],"texture":"#14"},"up":{"uv":[0,0,1,1],"texture":"#14"},"down":{"uv":[0,0,1,1],"texture":"#14"}}},{"from":[18.125,-1.89619,19.675],"to":[20.125,-0.50381,20.675],"rotation":{"angle":-45,"axis":"x","origin":[19.125,-1.2,23.175]},"faces":{"north":{"uv":[0,0,1,1],"texture":"#14"},"east":{"uv":[0,0,1,1],"texture":"#14"},"south":{"uv":[0,0,1,1],"texture":"#14"},"west":{"uv":[0,0,1,1],"texture":"#14"},"up":{"uv":[0,0,1,1],"texture":"#14"},"down":{"uv":[0,0,1,1],"texture":"#14"}}},{"from":[18.125,-1.89619,-12.525],"to":[20.125,-0.50381,-11.525],"rotation":{"angle":-45,"axis":"x","origin":[19.125,-1.2,-9.025]},"faces":{"north":{"uv":[0,0,1,1],"texture":"#14"},"east":{"uv":[0,0,1,1],"texture":"#14"},"south":{"uv":[0,0,1,1],"texture":"#14"},"west":{"uv":[0,0,1,1],"texture":"#14"},"up":{"uv":[0,0,1,1],"texture":"#14"},"down":{"uv":[0,0,1,1],"texture":"#14"}}},{"from":[18.125,-1.89619,19.675],"to":[20.125,-0.50381,20.675],"rotation":{"angle":-22.5,"axis":"x","origin":[19.125,-1.2,23.175]},"faces":{"north":{"uv":[0,0,1,1],"texture":"#14"},"east":{"uv":[0,0,1,1],"texture":"#14"},"south":{"uv":[0,0,1,1],"texture":"#14"},"west":{"uv":[0,0,1,1],"texture":"#14"},"up":{"uv":[0,0,1,1],"texture":"#14"},"down":{"uv":[0,0,1,1],"texture":"#14"}}},{"from":[18.125,-1.89619,-12.525],"to":[20.125,-0.50381,-11.525],"rotation":{"angle":-22.5,"axis":"x","origin":[19.125,-1.2,-9.025]},"faces":{"north":{"uv":[0,0,1,1],"texture":"#14"},"east":{"uv":[0,0,1,1],"texture":"#14"},"south":{"uv":[0,0,1,1],"texture":"#14"},"west":{"uv":[0,0,1,1],"texture":"#14"},"up":{"uv":[0,0,1,1],"texture":"#14"},"down":{"uv":[0,0,1,1],"texture":"#14"}}},{"from":[18.125,-1.89619,19.675],"to":[20.125,-0.50381,20.675],"rotation":{"angle":0,"axis":"x","origin":[19.125,-1.2,23.175]},"faces":{"north":{"uv":[0,0,1,1],"texture":"#14"},"east":{"uv":[0,0,1,1],"texture":"#14"},"south":{"uv":[0,0,1,1],"texture":"#14"},"west":{"uv":[0,0,1,1],"texture":"#14"},"up":{"uv":[0,0,1,1],"texture":"#14"},"down":{"uv":[0,0,1,1],"texture":"#14"}}},{"from":[18.125,-1.89619,-12.525],"to":[20.125,-0.50381,-11.525],"rotation":{"angle":0,"axis":"x","origin":[19.125,-1.2,-9.025]},"faces":{"north":{"uv":[0,0,1,1],"texture":"#14"},"east":{"uv":[0,0,1,1],"texture":"#14"},"south":{"uv":[0,0,1,1],"texture":"#14"},"west":{"uv":[0,0,1,1],"texture":"#14"},"up":{"uv":[0,0,1,1],"texture":"#14"},"down":{"uv":[0,0,1,1],"texture":"#14"}}},{"from":[18.125,-1.89619,19.675],"to":[20.125,-0.50381,20.675],"rotation":{"angle":22.5,"axis":"x","origin":[19.125,-1.2,23.175]},"faces":{"north":{"uv":[0,0,1,1],"texture":"#14"},"east":{"uv":[0,0,1,1],"texture":"#14"},"south":{"uv":[0,0,1,1],"texture":"#14"},"west":{"uv":[0,0,1,1],"texture":"#14"},"up":{"uv":[0,0,1,1],"texture":"#14"},"down":{"uv":[0,0,1,1],"texture":"#14"}}},{"from":[18.125,-1.89619,-12.525],"to":[20.125,-0.50381,-11.525],"rotation":{"angle":22.5,"axis":"x","origin":[19.125,-1.2,-9.025]},"faces":{"north":{"uv":[0,0,1,1],"texture":"#14"},"east":{"uv":[0,0,1,1],"texture":"#14"},"south":{"uv":[0,0,1,1],"texture":"#14"},"west":{"uv":[0,0,1,1],"texture":"#14"},"up":{"uv":[0,0,1,1],"texture":"#14"},"down":{"uv":[0,0,1,1],"texture":"#14"}}},{"from":[18.125,-1.89619,19.675],"to":[20.125,-0.50381,20.675],"rotation":{"angle":45,"axis":"x","origin":[19.125,-1.2,23.175]},"faces":{"north":{"uv":[0,0,1,1],"texture":"#14"},"east":{"uv":[0,0,1,1],"texture":"#14"},"south":{"uv":[0,0,1,1],"texture":"#14"},"west":{"uv":[0,0,1,1],"texture":"#14"},"up":{"uv":[0,0,1,1],"texture":"#14"},"down":{"uv":[0,0,1,1],"texture":"#14"}}},{"from":[18.125,-1.89619,-12.525],"to":[20.125,-0.50381,-11.525],"rotation":{"angle":45,"axis":"x","origin":[19.125,-1.2,-9.025]},"faces":{"north":{"uv":[0,0,1,1],"texture":"#14"},"east":{"uv":[0,0,1,1],"texture":"#14"},"south":{"uv":[0,0,1,1],"texture":"#14"},"west":{"uv":[0,0,1,1],"texture":"#14"},"up":{"uv":[0,0,1,1],"texture":"#14"},"down":{"uv":[0,0,1,1],"texture":"#14"}}},{"from":[18.125,-1.89619,25.675],"to":[20.125,-0.50381,26.675],"rotation":{"angle":-45,"axis":"x","origin":[19.125,-1.2,23.175]},"faces":{"north":{"uv":[0,0,1,1],"texture":"#14"},"east":{"uv":[0,0,1,1],"texture":"#14"},"south":{"uv":[0,0,1,1],"texture":"#14"},"west":{"uv":[0,0,1,1],"texture":"#14"},"up":{"uv":[0,0,1,1],"texture":"#14"},"down":{"uv":[0,0,1,1],"texture":"#14"}}},{"from":[18.125,-1.89619,-6.525],"to":[20.125,-0.50381,-5.525],"rotation":{"angle":-45,"axis":"x","origin":[19.125,-1.2,-9.025]},"faces":{"north":{"uv":[0,0,1,1],"texture":"#14"},"east":{"uv":[0,0,1,1],"texture":"#14"},"south":{"uv":[0,0,1,1],"texture":"#14"},"west":{"uv":[0,0,1,1],"texture":"#14"},"up":{"uv":[0,0,1,1],"texture":"#14"},"down":{"uv":[0,0,1,1],"texture":"#14"}}},{"from":[18.125,-1.89619,25.675],"to":[20.125,-0.50381,26.675],"rotation":{"angle":-22.5,"axis":"x","origin":[19.125,-1.2,23.175]},"faces":{"north":{"uv":[0,0,1,1],"texture":"#14"},"east":{"uv":[0,0,1,1],"texture":"#14"},"south":{"uv":[0,0,1,1],"texture":"#14"},"west":{"uv":[0,0,1,1],"texture":"#14"},"up":{"uv":[0,0,1,1],"texture":"#14"},"down":{"uv":[0,0,1,1],"texture":"#14"}}},{"from":[18.125,-1.89619,-6.525],"to":[20.125,-0.50381,-5.525],"rotation":{"angle":-22.5,"axis":"x","origin":[19.125,-1.2,-9.025]},"faces":{"north":{"uv":[0,0,1,1],"texture":"#14"},"east":{"uv":[0,0,1,1],"texture":"#14"},"south":{"uv":[0,0,1,1],"texture":"#14"},"west":{"uv":[0,0,1,1],"texture":"#14"},"up":{"uv":[0,0,1,1],"texture":"#14"},"down":{"uv":[0,0,1,1],"texture":"#14"}}},{"from":[18.125,-1.89619,25.675],"to":[20.125,-0.50381,26.675],"rotation":{"angle":0,"axis":"x","origin":[19.125,-1.2,23.175]},"faces":{"north":{"uv":[0,0,1,1],"texture":"#14"},"east":{"uv":[0,0,1,1],"texture":"#14"},"south":{"uv":[0,0,1,1],"texture":"#14"},"west":{"uv":[0,0,1,1],"texture":"#14"},"up":{"uv":[0,0,1,1],"texture":"#14"},"down":{"uv":[0,0,1,1],"texture":"#14"}}},{"from":[18.125,-1.89619,-6.525],"to":[20.125,-0.50381,-5.525],"rotation":{"angle":0,"axis":"x","origin":[19.125,-1.2,-9.025]},"faces":{"north":{"uv":[0,0,1,1],"texture":"#14"},"east":{"uv":[0,0,1,1],"texture":"#14"},"south":{"uv":[0,0,1,1],"texture":"#14"},"west":{"uv":[0,0,1,1],"texture":"#14"},"up":{"uv":[0,0,1,1],"texture":"#14"},"down":{"uv":[0,0,1,1],"texture":"#14"}}},{"from":[18.125,-1.89619,25.675],"to":[20.125,-0.50381,26.675],"rotation":{"angle":22.5,"axis":"x","origin":[19.125,-1.2,23.175]},"faces":{"north":{"uv":[0,0,1,1],"texture":"#14"},"east":{"uv":[0,0,1,1],"texture":"#14"},"south":{"uv":[0,0,1,1],"texture":"#14"},"west":{"uv":[0,0,1,1],"texture":"#14"},"up":{"uv":[0,0,1,1],"texture":"#14"},"down":{"uv":[0,0,1,1],"texture":"#14"}}},{"from":[18.125,-1.89619,-6.525],"to":[20.125,-0.50381,-5.525],"rotation":{"angle":22.5,"axis":"x","origin":[19.125,-1.2,-9.025]},"faces":{"north":{"uv":[0,0,1,1],"texture":"#14"},"east":{"uv":[0,0,1,1],"texture":"#14"},"south":{"uv":[0,0,1,1],"texture":"#14"},"west":{"uv":[0,0,1,1],"texture":"#14"},"up":{"uv":[0,0,1,1],"texture":"#14"},"down":{"uv":[0,0,1,1],"texture":"#14"}}},{"from":[18.125,-1.89619,25.675],"to":[20.125,-0.50381,26.675],"rotation":{"angle":45,"axis":"x","origin":[19.125,-1.2,23.175]},"faces":{"north":{"uv":[0,0,1,1],"texture":"#14"},"east":{"uv":[0,0,1,1],"texture":"#14"},"south":{"uv":[0,0,1,1],"texture":"#14"},"west":{"uv":[0,0,1,1],"texture":"#14"},"up":{"uv":[0,0,1,1],"texture":"#14"},"down":{"uv":[0,0,1,1],"texture":"#14"}}},{"from":[18.125,-1.89619,-6.525],"to":[20.125,-0.50381,-5.525],"rotation":{"angle":45,"axis":"x","origin":[19.125,-1.2,-9.025]},"faces":{"north":{"uv":[0,0,1,1],"texture":"#14"},"east":{"uv":[0,0,1,1],"texture":"#14"},"south":{"uv":[0,0,1,1],"texture":"#14"},"west":{"uv":[0,0,1,1],"texture":"#14"},"up":{"uv":[0,0,1,1],"texture":"#14"},"down":{"uv":[0,0,1,1],"texture":"#14"}}},{"from":[18.125,-4.7,22.47881],"to":[20.125,-3.7,23.87119],"rotation":{"angle":-22.5,"axis":"x","origin":[19.125,-1.2,23.175]},"faces":{"north":{"uv":[0,0,1,1],"texture":"#14"},"east":{"uv":[0,0,1,1],"texture":"#14"},"south":{"uv":[0,0,1,1],"texture":"#14"},"west":{"uv":[0,0,1,1],"texture":"#14"},"up":{"uv":[0,0,1,1],"texture":"#14"},"down":{"uv":[0,0,1,1],"texture":"#14"}}},{"from":[18.125,-4.7,-9.72119],"to":[20.125,-3.7,-8.32881],"rotation":{"angle":-22.5,"axis":"x","origin":[19.125,-1.2,-9.025]},"faces":{"north":{"uv":[0,0,1,1],"texture":"#14"},"east":{"uv":[0,0,1,1],"texture":"#14"},"south":{"uv":[0,0,1,1],"texture":"#14"},"west":{"uv":[0,0,1,1],"texture":"#14"},"up":{"uv":[0,0,1,1],"texture":"#14"},"down":{"uv":[0,0,1,1],"texture":"#14"}}},{"from":[18.125,-4.7,22.47881],"to":[20.125,-3.7,23.87119],"rotation":{"angle":0,"axis":"x","origin":[19.125,-1.2,23.175]},"faces":{"north":{"uv":[0,0,1,1],"texture":"#14"},"east":{"uv":[0,0,1,1],"texture":"#14"},"south":{"uv":[0,0,1,1],"texture":"#14"},"west":{"uv":[0,0,1,1],"texture":"#14"},"up":{"uv":[0,0,1,1],"texture":"#14"},"down":{"uv":[0,0,1,1],"texture":"#14"}}},{"from":[18.125,-4.7,-9.72119],"to":[20.125,-3.7,-8.32881],"rotation":{"angle":0,"axis":"x","origin":[19.125,-1.2,-9.025]},"faces":{"north":{"uv":[0,0,1,1],"texture":"#14"},"east":{"uv":[0,0,1,1],"texture":"#14"},"south":{"uv":[0,0,1,1],"texture":"#14"},"west":{"uv":[0,0,1,1],"texture":"#14"},"up":{"uv":[0,0,1,1],"texture":"#14"},"down":{"uv":[0,0,1,1],"texture":"#14"}}},{"from":[18.125,-4.7,22.47881],"to":[20.125,-3.7,23.87119],"rotation":{"angle":22.5,"axis":"x","origin":[19.125,-1.2,23.175]},"faces":{"north":{"uv":[0,0,1,1],"texture":"#14"},"east":{"uv":[0,0,1,1],"texture":"#14"},"south":{"uv":[0,0,1,1],"texture":"#14"},"west":{"uv":[0,0,1,1],"texture":"#14"},"up":{"uv":[0,0,1,1],"texture":"#14"},"down":{"uv":[0,0,1,1],"texture":"#14"}}},{"from":[18.125,-4.7,-9.72119],"to":[20.125,-3.7,-8.32881],"rotation":{"angle":22.5,"axis":"x","origin":[19.125,-1.2,-9.025]},"faces":{"north":{"uv":[0,0,1,1],"texture":"#14"},"east":{"uv":[0,0,1,1],"texture":"#14"},"south":{"uv":[0,0,1,1],"texture":"#14"},"west":{"uv":[0,0,1,1],"texture":"#14"},"up":{"uv":[0,0,1,1],"texture":"#14"},"down":{"uv":[0,0,1,1],"texture":"#14"}}},{"from":[18.125,1.3,22.47881],"to":[20.125,2.3,23.87119],"rotation":{"angle":-22.5,"axis":"x","origin":[19.125,-1.2,23.175]},"faces":{"north":{"uv":[0,0,1,1],"texture":"#14"},"east":{"uv":[0,0,1,1],"texture":"#14"},"south":{"uv":[0,0,1,1],"texture":"#14"},"west":{"uv":[0,0,1,1],"texture":"#14"},"up":{"uv":[0,0,1,1],"texture":"#14"},"down":{"uv":[0,0,1,1],"texture":"#14"}}},{"from":[18.125,1.3,-9.72119],"to":[20.125,2.3,-8.32881],"rotation":{"angle":-22.5,"axis":"x","origin":[19.125,-1.2,-9.025]},"faces":{"north":{"uv":[0,0,1,1],"texture":"#14"},"east":{"uv":[0,0,1,1],"texture":"#14"},"south":{"uv":[0,0,1,1],"texture":"#14"},"west":{"uv":[0,0,1,1],"texture":"#14"},"up":{"uv":[0,0,1,1],"texture":"#14"},"down":{"uv":[0,0,1,1],"texture":"#14"}}},{"from":[18.125,1.3,22.47881],"to":[20.125,2.3,23.87119],"rotation":{"angle":0,"axis":"x","origin":[19.125,-1.2,23.175]},"faces":{"north":{"uv":[0,0,1,1],"texture":"#14"},"east":{"uv":[0,0,1,1],"texture":"#14"},"south":{"uv":[0,0,1,1],"texture":"#14"},"west":{"uv":[0,0,1,1],"texture":"#14"},"up":{"uv":[0,0,1,1],"texture":"#14"},"down":{"uv":[0,0,1,1],"texture":"#14"}}},{"from":[18.125,1.3,-9.72119],"to":[20.125,2.3,-8.32881],"rotation":{"angle":0,"axis":"x","origin":[19.125,-1.2,-9.025]},"faces":{"north":{"uv":[0,0,1,1],"texture":"#14"},"east":{"uv":[0,0,1,1],"texture":"#14"},"south":{"uv":[0,0,1,1],"texture":"#14"},"west":{"uv":[0,0,1,1],"texture":"#14"},"up":{"uv":[0,0,1,1],"texture":"#14"},"down":{"uv":[0,0,1,1],"texture":"#14"}}},{"from":[18.125,1.3,22.47881],"to":[20.125,2.3,23.87119],"rotation":{"angle":22.5,"axis":"x","origin":[19.125,-1.2,23.175]},"faces":{"north":{"uv":[0,0,1,1],"texture":"#14"},"east":{"uv":[0,0,1,1],"texture":"#14"},"south":{"uv":[0,0,1,1],"texture":"#14"},"west":{"uv":[0,0,1,1],"texture":"#14"},"up":{"uv":[0,0,1,1],"texture":"#14"},"down":{"uv":[0,0,1,1],"texture":"#14"}}},{"from":[18.125,1.3,-9.72119],"to":[20.125,2.3,-8.32881],"rotation":{"angle":22.5,"axis":"x","origin":[19.125,-1.2,-9.025]},"faces":{"north":{"uv":[0,0,1,1],"texture":"#14"},"east":{"uv":[0,0,1,1],"texture":"#14"},"south":{"uv":[0,0,1,1],"texture":"#14"},"west":{"uv":[0,0,1,1],"texture":"#14"},"up":{"uv":[0,0,1,1],"texture":"#14"},"down":{"uv":[0,0,1,1],"texture":"#14"}}},{"from":[18.625,-1.87147,19.925],"to":[19.625,-0.57853,26.425],"rotation":{"angle":-45,"axis":"x","origin":[19.125,-1.225,23.175]},"faces":{"north":{"uv":[0,0,1,1],"texture":"#14"},"east":{"uv":[0,0,1,1],"texture":"#14"},"south":{"uv":[0,0,1,1],"texture":"#14"},"west":{"uv":[0,0,1,1],"texture":"#14"},"up":{"uv":[0,0,1,1],"texture":"#14"},"down":{"uv":[0,0,1,1],"texture":"#14"}}},{"from":[18.625,-1.87147,-12.275],"to":[19.625,-0.57853,-5.775],"rotation":{"angle":-45,"axis":"x","origin":[19.125,-1.225,-9.025]},"faces":{"north":{"uv":[0,0,1,1],"texture":"#14"},"east":{"uv":[0,0,1,1],"texture":"#14"},"south":{"uv":[0,0,1,1],"texture":"#14"},"west":{"uv":[0,0,1,1],"texture":"#14"},"up":{"uv":[0,0,1,1],"texture":"#14"},"down":{"uv":[0,0,1,1],"texture":"#14"}}},{"from":[18.625,-1.87147,19.925],"to":[19.625,-0.57853,26.425],"rotation":{"angle":-22.5,"axis":"x","origin":[19.125,-1.225,23.175]},"faces":{"north":{"uv":[0,0,1,1],"texture":"#14"},"east":{"uv":[0,0,1,1],"texture":"#14"},"south":{"uv":[0,0,1,1],"texture":"#14"},"west":{"uv":[0,0,1,1],"texture":"#14"},"up":{"uv":[0,0,1,1],"texture":"#14"},"down":{"uv":[0,0,1,1],"texture":"#14"}}},{"from":[18.625,-1.87147,-12.275],"to":[19.625,-0.57853,-5.775],"rotation":{"angle":-22.5,"axis":"x","origin":[19.125,-1.225,-9.025]},"faces":{"north":{"uv":[0,0,1,1],"texture":"#14"},"east":{"uv":[0,0,1,1],"texture":"#14"},"south":{"uv":[0,0,1,1],"texture":"#14"},"west":{"uv":[0,0,1,1],"texture":"#14"},"up":{"uv":[0,0,1,1],"texture":"#14"},"down":{"uv":[0,0,1,1],"texture":"#14"}}},{"from":[18.625,-1.87147,19.925],"to":[19.625,-0.57853,26.425],"rotation":{"angle":0,"axis":"x","origin":[19.125,-1.225,23.175]},"faces":{"north":{"uv":[0,0,1,1],"texture":"#14"},"east":{"uv":[0,0,1,1],"texture":"#14"},"south":{"uv":[0,0,1,1],"texture":"#14"},"west":{"uv":[0,0,1,1],"texture":"#14"},"up":{"uv":[0,0,1,1],"texture":"#14"},"down":{"uv":[0,0,1,1],"texture":"#14"}}},{"from":[18.625,-1.87147,-12.275],"to":[19.625,-0.57853,-5.775],"rotation":{"angle":0,"axis":"x","origin":[19.125,-1.225,-9.025]},"faces":{"north":{"uv":[0,0,1,1],"texture":"#14"},"east":{"uv":[0,0,1,1],"texture":"#14"},"south":{"uv":[0,0,1,1],"texture":"#14"},"west":{"uv":[0,0,1,1],"texture":"#14"},"up":{"uv":[0,0,1,1],"texture":"#14"},"down":{"uv":[0,0,1,1],"texture":"#14"}}},{"from":[18.625,-1.87147,19.925],"to":[19.625,-0.57853,26.425],"rotation":{"angle":22.5,"axis":"x","origin":[19.125,-1.225,23.175]},"faces":{"north":{"uv":[0,0,1,1],"texture":"#14"},"east":{"uv":[0,0,1,1],"texture":"#14"},"south":{"uv":[0,0,1,1],"texture":"#14"},"west":{"uv":[0,0,1,1],"texture":"#14"},"up":{"uv":[0,0,1,1],"texture":"#14"},"down":{"uv":[0,0,1,1],"texture":"#14"}}},{"from":[18.625,-1.87147,-12.275],"to":[19.625,-0.57853,-5.775],"rotation":{"angle":22.5,"axis":"x","origin":[19.125,-1.225,-9.025]},"faces":{"north":{"uv":[0,0,1,1],"texture":"#14"},"east":{"uv":[0,0,1,1],"texture":"#14"},"south":{"uv":[0,0,1,1],"texture":"#14"},"west":{"uv":[0,0,1,1],"texture":"#14"},"up":{"uv":[0,0,1,1],"texture":"#14"},"down":{"uv":[0,0,1,1],"texture":"#14"}}},{"from":[18.625,-1.87147,19.925],"to":[19.625,-0.57853,26.425],"rotation":{"angle":45,"axis":"x","origin":[19.125,-1.225,23.175]},"faces":{"north":{"uv":[0,0,1,1],"texture":"#14"},"east":{"uv":[0,0,1,1],"texture":"#14"},"south":{"uv":[0,0,1,1],"texture":"#14"},"west":{"uv":[0,0,1,1],"texture":"#14"},"up":{"uv":[0,0,1,1],"texture":"#14"},"down":{"uv":[0,0,1,1],"texture":"#14"}}},{"from":[18.625,-1.87147,-12.275],"to":[19.625,-0.57853,-5.775],"rotation":{"angle":45,"axis":"x","origin":[19.125,-1.225,-9.025]},"faces":{"north":{"uv":[0,0,1,1],"texture":"#14"},"east":{"uv":[0,0,1,1],"texture":"#14"},"south":{"uv":[0,0,1,1],"texture":"#14"},"west":{"uv":[0,0,1,1],"texture":"#14"},"up":{"uv":[0,0,1,1],"texture":"#14"},"down":{"uv":[0,0,1,1],"texture":"#14"}}},{"from":[18.625,-4.475,22.52853],"to":[19.625,2.025,23.82147],"rotation":{"angle":-22.5,"axis":"x","origin":[19.125,-1.225,23.175]},"faces":{"north":{"uv":[0,0,1,1],"texture":"#14"},"east":{"uv":[0,0,1,1],"texture":"#14"},"south":{"uv":[0,0,1,1],"texture":"#14"},"west":{"uv":[0,0,1,1],"texture":"#14"},"up":{"uv":[0,0,1,1],"texture":"#14"},"down":{"uv":[0,0,1,1],"texture":"#14"}}},{"from":[18.625,-4.475,-9.67147],"to":[19.625,2.025,-8.37853],"rotation":{"angle":-22.5,"axis":"x","origin":[19.125,-1.225,-9.025]},"faces":{"north":{"uv":[0,0,1,1],"texture":"#14"},"east":{"uv":[0,0,1,1],"texture":"#14"},"south":{"uv":[0,0,1,1],"texture":"#14"},"west":{"uv":[0,0,1,1],"texture":"#14"},"up":{"uv":[0,0,1,1],"texture":"#14"},"down":{"uv":[0,0,1,1],"texture":"#14"}}},{"from":[18.625,-4.475,22.52853],"to":[19.625,2.025,23.82147],"rotation":{"angle":0,"axis":"x","origin":[19.125,-1.225,23.175]},"faces":{"north":{"uv":[0,0,1,1],"texture":"#14"},"east":{"uv":[0,0,1,1],"texture":"#14"},"south":{"uv":[0,0,1,1],"texture":"#14"},"west":{"uv":[0,0,1,1],"texture":"#14"},"up":{"uv":[0,0,1,1],"texture":"#14"},"down":{"uv":[0,0,1,1],"texture":"#14"}}},{"from":[18.625,-4.475,-9.67147],"to":[19.625,2.025,-8.37853],"rotation":{"angle":0,"axis":"x","origin":[19.125,-1.225,-9.025]},"faces":{"north":{"uv":[0,0,1,1],"texture":"#14"},"east":{"uv":[0,0,1,1],"texture":"#14"},"south":{"uv":[0,0,1,1],"texture":"#14"},"west":{"uv":[0,0,1,1],"texture":"#14"},"up":{"uv":[0,0,1,1],"texture":"#14"},"down":{"uv":[0,0,1,1],"texture":"#14"}}},{"from":[18.625,-4.475,22.52853],"to":[19.625,2.025,23.82147],"rotation":{"angle":22.5,"axis":"x","origin":[19.125,-1.225,23.175]},"faces":{"north":{"uv":[0,0,1,1],"texture":"#14"},"east":{"uv":[0,0,1,1],"texture":"#14"},"south":{"uv":[0,0,1,1],"texture":"#14"},"west":{"uv":[0,0,1,1],"texture":"#14"},"up":{"uv":[0,0,1,1],"texture":"#14"},"down":{"uv":[0,0,1,1],"texture":"#14"}}},{"from":[18.625,-4.475,-9.67147],"to":[19.625,2.025,-8.37853],"rotation":{"angle":22.5,"axis":"x","origin":[19.125,-1.225,-9.025]},"faces":{"north":{"uv":[0,0,1,1],"texture":"#14"},"east":{"uv":[0,0,1,1],"texture":"#14"},"south":{"uv":[0,0,1,1],"texture":"#14"},"west":{"uv":[0,0,1,1],"texture":"#14"},"up":{"uv":[0,0,1,1],"texture":"#14"},"down":{"uv":[0,0,1,1],"texture":"#14"}}},{"from":[17.875,-1.39891,22.175],"to":[20.375,-1.00109,24.175],"rotation":{"angle":-45,"axis":"x","origin":[18.375,-1.2,23.175]},"faces":{"north":{"uv":[0,0,1,1],"texture":"#14"},"east":{"uv":[0,0,1,1],"texture":"#14"},"south":{"uv":[0,0,1,1],"texture":"#14"},"west":{"uv":[0,0,1,1],"texture":"#14"},"up":{"uv":[0,0,1,1],"texture":"#14"},"down":{"uv":[0,0,1,1],"texture":"#14"}}},{"from":[17.875,-1.39891,-10.025],"to":[20.375,-1.00109,-8.025],"rotation":{"angle":-45,"axis":"x","origin":[18.375,-1.2,-9.025]},"faces":{"north":{"uv":[0,0,1,1],"texture":"#14"},"east":{"uv":[0,0,1,1],"texture":"#14"},"south":{"uv":[0,0,1,1],"texture":"#14"},"west":{"uv":[0,0,1,1],"texture":"#14"},"up":{"uv":[0,0,1,1],"texture":"#14"},"down":{"uv":[0,0,1,1],"texture":"#14"}}},{"from":[17.875,-1.39891,22.175],"to":[20.375,-1.00109,24.175],"rotation":{"angle":-22.5,"axis":"x","origin":[18.375,-1.2,23.175]},"faces":{"north":{"uv":[0,0,1,1],"texture":"#14"},"east":{"uv":[0,0,1,1],"texture":"#14"},"south":{"uv":[0,0,1,1],"texture":"#14"},"west":{"uv":[0,0,1,1],"texture":"#14"},"up":{"uv":[0,0,1,1],"texture":"#14"},"down":{"uv":[0,0,1,1],"texture":"#14"}}},{"from":[17.875,-1.39891,-10.025],"to":[20.375,-1.00109,-8.025],"rotation":{"angle":-22.5,"axis":"x","origin":[18.375,-1.2,-9.025]},"faces":{"north":{"uv":[0,0,1,1],"texture":"#14"},"east":{"uv":[0,0,1,1],"texture":"#14"},"south":{"uv":[0,0,1,1],"texture":"#14"},"west":{"uv":[0,0,1,1],"texture":"#14"},"up":{"uv":[0,0,1,1],"texture":"#14"},"down":{"uv":[0,0,1,1],"texture":"#14"}}},{"from":[17.875,-1.39891,22.175],"to":[20.375,-1.00109,24.175],"rotation":{"angle":0,"axis":"x","origin":[18.375,-1.2,23.175]},"faces":{"north":{"uv":[0,0,1,1],"texture":"#14"},"east":{"uv":[0,0,1,1],"texture":"#14"},"south":{"uv":[0,0,1,1],"texture":"#14"},"west":{"uv":[0,0,1,1],"texture":"#14"},"up":{"uv":[0,0,1,1],"texture":"#14"},"down":{"uv":[0,0,1,1],"texture":"#14"}}},{"from":[17.875,-1.39891,-10.025],"to":[20.375,-1.00109,-8.025],"rotation":{"angle":0,"axis":"x","origin":[18.375,-1.2,-9.025]},"faces":{"north":{"uv":[0,0,1,1],"texture":"#14"},"east":{"uv":[0,0,1,1],"texture":"#14"},"south":{"uv":[0,0,1,1],"texture":"#14"},"west":{"uv":[0,0,1,1],"texture":"#14"},"up":{"uv":[0,0,1,1],"texture":"#14"},"down":{"uv":[0,0,1,1],"texture":"#14"}}},{"from":[17.875,-1.39891,22.175],"to":[20.375,-1.00109,24.175],"rotation":{"angle":22.5,"axis":"x","origin":[18.375,-1.2,23.175]},"faces":{"north":{"uv":[0,0,1,1],"texture":"#14"},"east":{"uv":[0,0,1,1],"texture":"#14"},"south":{"uv":[0,0,1,1],"texture":"#14"},"west":{"uv":[0,0,1,1],"texture":"#14"},"up":{"uv":[0,0,1,1],"texture":"#14"},"down":{"uv":[0,0,1,1],"texture":"#14"}}},{"from":[17.875,-1.39891,-10.025],"to":[20.375,-1.00109,-8.025],"rotation":{"angle":22.5,"axis":"x","origin":[18.375,-1.2,-9.025]},"faces":{"north":{"uv":[0,0,1,1],"texture":"#14"},"east":{"uv":[0,0,1,1],"texture":"#14"},"south":{"uv":[0,0,1,1],"texture":"#14"},"west":{"uv":[0,0,1,1],"texture":"#14"},"up":{"uv":[0,0,1,1],"texture":"#14"},"down":{"uv":[0,0,1,1],"texture":"#14"}}},{"from":[17.875,-1.39891,22.175],"to":[20.375,-1.00109,24.175],"rotation":{"angle":45,"axis":"x","origin":[18.375,-1.2,23.175]},"faces":{"north":{"uv":[0,0,1,1],"texture":"#14"},"east":{"uv":[0,0,1,1],"texture":"#14"},"south":{"uv":[0,0,1,1],"texture":"#14"},"west":{"uv":[0,0,1,1],"texture":"#14"},"up":{"uv":[0,0,1,1],"texture":"#14"},"down":{"uv":[0,0,1,1],"texture":"#14"}}},{"from":[17.875,-1.39891,-10.025],"to":[20.375,-1.00109,-8.025],"rotation":{"angle":45,"axis":"x","origin":[18.375,-1.2,-9.025]},"faces":{"north":{"uv":[0,0,1,1],"texture":"#14"},"east":{"uv":[0,0,1,1],"texture":"#14"},"south":{"uv":[0,0,1,1],"texture":"#14"},"west":{"uv":[0,0,1,1],"texture":"#14"},"up":{"uv":[0,0,1,1],"texture":"#14"},"down":{"uv":[0,0,1,1],"texture":"#14"}}},{"from":[17.875,-2.2,22.97609],"to":[20.375,-0.2,23.37391],"rotation":{"angle":-22.5,"axis":"x","origin":[18.375,-1.2,23.175]},"faces":{"north":{"uv":[0,0,1,1],"texture":"#14"},"east":{"uv":[0,0,1,1],"texture":"#14"},"south":{"uv":[0,0,1,1],"texture":"#14"},"west":{"uv":[0,0,1,1],"texture":"#14"},"up":{"uv":[0,0,1,1],"texture":"#14"},"down":{"uv":[0,0,1,1],"texture":"#14"}}},{"from":[17.875,-2.2,-9.22391],"to":[20.375,-0.2,-8.82609],"rotation":{"angle":-22.5,"axis":"x","origin":[18.375,-1.2,-9.025]},"faces":{"north":{"uv":[0,0,1,1],"texture":"#14"},"east":{"uv":[0,0,1,1],"texture":"#14"},"south":{"uv":[0,0,1,1],"texture":"#14"},"west":{"uv":[0,0,1,1],"texture":"#14"},"up":{"uv":[0,0,1,1],"texture":"#14"},"down":{"uv":[0,0,1,1],"texture":"#14"}}},{"from":[17.875,-2.2,22.97609],"to":[20.375,-0.2,23.37391],"rotation":{"angle":0,"axis":"x","origin":[18.375,-1.2,23.175]},"faces":{"north":{"uv":[0,0,1,1],"texture":"#14"},"east":{"uv":[0,0,1,1],"texture":"#14"},"south":{"uv":[0,0,1,1],"texture":"#14"},"west":{"uv":[0,0,1,1],"texture":"#14"},"up":{"uv":[0,0,1,1],"texture":"#14"},"down":{"uv":[0,0,1,1],"texture":"#14"}}},{"from":[17.875,-2.2,-9.22391],"to":[20.375,-0.2,-8.82609],"rotation":{"angle":0,"axis":"x","origin":[18.375,-1.2,-9.025]},"faces":{"north":{"uv":[0,0,1,1],"texture":"#14"},"east":{"uv":[0,0,1,1],"texture":"#14"},"south":{"uv":[0,0,1,1],"texture":"#14"},"west":{"uv":[0,0,1,1],"texture":"#14"},"up":{"uv":[0,0,1,1],"texture":"#14"},"down":{"uv":[0,0,1,1],"texture":"#14"}}},{"from":[1.125,-1.34918,22.425],"to":[18.125,-1.05082,23.925],"rotation":{"angle":-45,"axis":"x","origin":[1.625,-1.2,23.175]},"faces":{"north":{"uv":[0,0,1,1],"texture":"#14"},"east":{"uv":[0,0,1,1],"texture":"#14"},"south":{"uv":[0,0,1,1],"texture":"#14"},"west":{"uv":[0,0,1,1],"texture":"#14"},"up":{"uv":[0,0,1,1],"texture":"#14"},"down":{"uv":[0,0,1,1],"texture":"#14"}}},{"from":[1.125,-1.34918,-9.775],"to":[18.125,-1.05082,-8.275],"rotation":{"angle":-45,"axis":"x","origin":[1.625,-1.2,-9.025]},"faces":{"north":{"uv":[0,0,1,1],"texture":"#14"},"east":{"uv":[0,0,1,1],"texture":"#14"},"south":{"uv":[0,0,1,1],"texture":"#14"},"west":{"uv":[0,0,1,1],"texture":"#14"},"up":{"uv":[0,0,1,1],"texture":"#14"},"down":{"uv":[0,0,1,1],"texture":"#14"}}},{"from":[1.125,-1.34918,22.425],"to":[18.125,-1.05082,23.925],"rotation":{"angle":-22.5,"axis":"x","origin":[1.625,-1.2,23.175]},"faces":{"north":{"uv":[0,0,1,1],"texture":"#14"},"east":{"uv":[0,0,1,1],"texture":"#14"},"south":{"uv":[0,0,1,1],"texture":"#14"},"west":{"uv":[0,0,1,1],"texture":"#14"},"up":{"uv":[0,0,1,1],"texture":"#14"},"down":{"uv":[0,0,1,1],"texture":"#14"}}},{"from":[1.125,-1.34918,-9.775],"to":[18.125,-1.05082,-8.275],"rotation":{"angle":-22.5,"axis":"x","origin":[1.625,-1.2,-9.025]},"faces":{"north":{"uv":[0,0,1,1],"texture":"#14"},"east":{"uv":[0,0,1,1],"texture":"#14"},"south":{"uv":[0,0,1,1],"texture":"#14"},"west":{"uv":[0,0,1,1],"texture":"#14"},"up":{"uv":[0,0,1,1],"texture":"#14"},"down":{"uv":[0,0,1,1],"texture":"#14"}}},{"from":[1.125,-1.34918,22.425],"to":[18.125,-1.05082,23.925],"rotation":{"angle":0,"axis":"x","origin":[1.625,-1.2,23.175]},"faces":{"north":{"uv":[0,0,1,1],"texture":"#14"},"east":{"uv":[0,0,1,1],"texture":"#14"},"south":{"uv":[0,0,1,1],"texture":"#14"},"west":{"uv":[0,0,1,1],"texture":"#14"},"up":{"uv":[0,0,1,1],"texture":"#14"},"down":{"uv":[0,0,1,1],"texture":"#14"}}},{"from":[1.125,-1.34918,-9.775],"to":[18.125,-1.05082,-8.275],"rotation":{"angle":0,"axis":"x","origin":[1.625,-1.2,-9.025]},"faces":{"north":{"uv":[0,0,1,1],"texture":"#14"},"east":{"uv":[0,0,1,1],"texture":"#14"},"south":{"uv":[0,0,1,1],"texture":"#14"},"west":{"uv":[0,0,1,1],"texture":"#14"},"up":{"uv":[0,0,1,1],"texture":"#14"},"down":{"uv":[0,0,1,1],"texture":"#14"}}},{"from":[1.125,-1.34918,22.425],"to":[18.125,-1.05082,23.925],"rotation":{"angle":22.5,"axis":"x","origin":[1.625,-1.2,23.175]},"faces":{"north":{"uv":[0,0,1,1],"texture":"#14"},"east":{"uv":[0,0,1,1],"texture":"#14"},"south":{"uv":[0,0,1,1],"texture":"#14"},"west":{"uv":[0,0,1,1],"texture":"#14"},"up":{"uv":[0,0,1,1],"texture":"#14"},"down":{"uv":[0,0,1,1],"texture":"#14"}}},{"from":[1.125,-1.34918,-9.775],"to":[18.125,-1.05082,-8.275],"rotation":{"angle":22.5,"axis":"x","origin":[1.625,-1.2,-9.025]},"faces":{"north":{"uv":[0,0,1,1],"texture":"#14"},"east":{"uv":[0,0,1,1],"texture":"#14"},"south":{"uv":[0,0,1,1],"texture":"#14"},"west":{"uv":[0,0,1,1],"texture":"#14"},"up":{"uv":[0,0,1,1],"texture":"#14"},"down":{"uv":[0,0,1,1],"texture":"#14"}}},{"from":[1.125,-1.34918,22.425],"to":[18.125,-1.05082,23.925],"rotation":{"angle":45,"axis":"x","origin":[1.625,-1.2,23.175]},"faces":{"north":{"uv":[0,0,1,1],"texture":"#14"},"east":{"uv":[0,0,1,1],"texture":"#14"},"south":{"uv":[0,0,1,1],"texture":"#14"},"west":{"uv":[0,0,1,1],"texture":"#14"},"up":{"uv":[0,0,1,1],"texture":"#14"},"down":{"uv":[0,0,1,1],"texture":"#14"}}},{"from":[1.125,-1.34918,-9.775],"to":[18.125,-1.05082,-8.275],"rotation":{"angle":45,"axis":"x","origin":[1.625,-1.2,-9.025]},"faces":{"north":{"uv":[0,0,1,1],"texture":"#14"},"east":{"uv":[0,0,1,1],"texture":"#14"},"south":{"uv":[0,0,1,1],"texture":"#14"},"west":{"uv":[0,0,1,1],"texture":"#14"},"up":{"uv":[0,0,1,1],"texture":"#14"},"down":{"uv":[0,0,1,1],"texture":"#14"}}},{"from":[1.125,-1.95,23.02582],"to":[18.125,-0.45,23.32418],"rotation":{"angle":-22.5,"axis":"x","origin":[1.625,-1.2,23.175]},"faces":{"north":{"uv":[0,0,1,1],"texture":"#14"},"east":{"uv":[0,0,1,1],"texture":"#14"},"south":{"uv":[0,0,1,1],"texture":"#14"},"west":{"uv":[0,0,1,1],"texture":"#14"},"up":{"uv":[0,0,1,1],"texture":"#14"},"down":{"uv":[0,0,1,1],"texture":"#14"}}},{"from":[1.125,-1.95,-9.17418],"to":[18.125,-0.45,-8.87582],"rotation":{"angle":-22.5,"axis":"x","origin":[1.625,-1.2,-9.025]},"faces":{"north":{"uv":[0,0,1,1],"texture":"#14"},"east":{"uv":[0,0,1,1],"texture":"#14"},"south":{"uv":[0,0,1,1],"texture":"#14"},"west":{"uv":[0,0,1,1],"texture":"#14"},"up":{"uv":[0,0,1,1],"texture":"#14"},"down":{"uv":[0,0,1,1],"texture":"#14"}}},{"from":[1.125,-1.95,23.02582],"to":[18.125,-0.45,23.32418],"rotation":{"angle":0,"axis":"x","origin":[1.625,-1.2,23.175]},"faces":{"north":{"uv":[0,0,1,1],"texture":"#14"},"east":{"uv":[0,0,1,1],"texture":"#14"},"south":{"uv":[0,0,1,1],"texture":"#14"},"west":{"uv":[0,0,1,1],"texture":"#14"},"up":{"uv":[0,0,1,1],"texture":"#14"},"down":{"uv":[0,0,1,1],"texture":"#14"}}},{"from":[1.125,-1.95,-9.17418],"to":[18.125,-0.45,-8.87582],"rotation":{"angle":0,"axis":"x","origin":[1.625,-1.2,-9.025]},"faces":{"north":{"uv":[0,0,1,1],"texture":"#14"},"east":{"uv":[0,0,1,1],"texture":"#14"},"south":{"uv":[0,0,1,1],"texture":"#14"},"west":{"uv":[0,0,1,1],"texture":"#14"},"up":{"uv":[0,0,1,1],"texture":"#14"},"down":{"uv":[0,0,1,1],"texture":"#14"}}},{"from":[1.125,-1.95,23.02582],"to":[18.125,-0.45,23.32418],"rotation":{"angle":22.5,"axis":"x","origin":[1.625,-1.2,23.175]},"faces":{"north":{"uv":[0,0,1,1],"texture":"#14"},"east":{"uv":[0,0,1,1],"texture":"#14"},"south":{"uv":[0,0,1,1],"texture":"#14"},"west":{"uv":[0,0,1,1],"texture":"#14"},"up":{"uv":[0,0,1,1],"texture":"#14"},"down":{"uv":[0,0,1,1],"texture":"#14"}}},{"from":[1.125,-1.95,-9.17418],"to":[18.125,-0.45,-8.87582],"rotation":{"angle":22.5,"axis":"x","origin":[1.625,-1.2,-9.025]},"faces":{"north":{"uv":[0,0,1,1],"texture":"#14"},"east":{"uv":[0,0,1,1],"texture":"#14"},"south":{"uv":[0,0,1,1],"texture":"#14"},"west":{"uv":[0,0,1,1],"texture":"#14"},"up":{"uv":[0,0,1,1],"texture":"#14"},"down":{"uv":[0,0,1,1],"texture":"#14"}}},{"from":[4.41452,-2.17733,22.94512],"to":[14.78952,4.32267,30.19512],"rotation":{"angle":0,"axis":"y","origin":[10.91452,11.57267,38.19512]},"faces":{"north":{"uv":[0,0,10.375,6.5],"texture":"#14"},"east":{"uv":[0,0,7.25,6.5],"texture":"#14"},"south":{"uv":[0,0,10.375,6.5],"texture":"#14"},"west":{"uv":[0,0,7.25,6.5],"texture":"#14"},"up":{"uv":[0,0,10.375,7.25],"texture":"#14"},"down":{"uv":[0,0,10.375,7.25],"texture":"#14"}}},{"from":[10.41452,1.39767,23.22012],"to":[14.03952,2.89767,30.47012],"rotation":{"angle":0,"axis":"y","origin":[10.16452,13.14767,38.47012]},"faces":{"north":{"uv":[0,0,3.625,1.5],"texture":"#15"},"east":{"uv":[0,0,7.25,1.5],"texture":"#15"},"south":{"uv":[0,0,3.625,1.5],"texture":"#15"},"west":{"uv":[0,0,7.25,1.5],"texture":"#15"},"up":{"uv":[0,0,3.625,7.25],"texture":"#15"},"down":{"uv":[0,0,3.625,7.25],"texture":"#15"}}},{"from":[10.41452,0.14767,23.09512],"to":[11.03952,0.64767,30.34512],"rotation":{"angle":0,"axis":"y","origin":[10.16452,10.89767,38.34512]},"faces":{"north":{"uv":[0,0,0.625,0.5],"texture":"#15"},"east":{"uv":[0,0,7.25,0.5],"texture":"#15"},"south":{"uv":[0,0,0.625,0.5],"texture":"#15"},"west":{"uv":[0,0,7.25,0.5],"texture":"#15"},"up":{"uv":[0,0,0.625,7.25],"texture":"#15"},"down":{"uv":[0,0,0.625,7.25],"texture":"#15"}}},{"from":[11.91452,0.14767,23.09512],"to":[12.53952,0.64767,30.34512],"rotation":{"angle":0,"axis":"y","origin":[11.66452,10.89767,38.34512]},"faces":{"north":{"uv":[0,0,0.625,0.5],"texture":"#15"},"east":{"uv":[0,0,7.25,0.5],"texture":"#15"},"south":{"uv":[0,0,0.625,0.5],"texture":"#15"},"west":{"uv":[0,0,7.25,0.5],"texture":"#15"},"up":{"uv":[0,0,0.625,7.25],"texture":"#15"},"down":{"uv":[0,0,0.625,7.25],"texture":"#15"}}},{"from":[13.41452,0.14767,23.09512],"to":[14.03952,0.64767,30.34512],"rotation":{"angle":0,"axis":"y","origin":[13.16452,10.89767,38.34512]},"faces":{"north":{"uv":[0,0,0.625,0.5],"texture":"#15"},"east":{"uv":[0,0,7.25,0.5],"texture":"#15"},"south":{"uv":[0,0,0.625,0.5],"texture":"#15"},"west":{"uv":[0,0,7.25,0.5],"texture":"#15"},"up":{"uv":[0,0,0.625,7.25],"texture":"#15"},"down":{"uv":[0,0,0.625,7.25],"texture":"#15"}}},{"from":[5.21452,0.24767,23.09512],"to":[9.58952,2.64767,30.34512],"rotation":{"angle":0,"axis":"y","origin":[5.71452,13.14767,38.34512]},"faces":{"north":{"uv":[0,0,4.375,2.4],"texture":"#15"},"east":{"uv":[0,0,7.25,2.4],"texture":"#15"},"south":{"uv":[0,0,4.375,2.4],"texture":"#15"},"west":{"uv":[0,0,7.25,2.4],"texture":"#15"},"up":{"uv":[0,0,4.375,7.25],"texture":"#15"},"down":{"uv":[0,0,4.375,7.25],"texture":"#15"}}},{"from":[5.41452,-1.22733,22.94512],"to":[5.78952,-0.60233,31.65],"rotation":{"angle":0,"axis":"y","origin":[10.91452,11.64767,38.19512]},"faces":{"north":{"uv":[0,0,0.375,0.625],"texture":"#14"},"east":{"uv":[0,0,8.70488,0.625],"texture":"#14"},"south":{"uv":[0,0,0.375,0.625],"texture":"#14"},"west":{"uv":[0,0,8.70488,0.625],"texture":"#14"},"up":{"uv":[0,0,0.375,8.70488],"texture":"#14"},"down":{"uv":[0,0,0.375,8.70488],"texture":"#14"}}},{"from":[5.41452,-1.22733,-15.675],"to":[5.78952,-0.60233,-6.97012],"rotation":{"angle":0,"axis":"y","origin":[10.91452,11.64767,-22.22012]},"faces":{"north":{"uv":[0.375,0,0.75,0.625],"texture":"#14"},"east":{"uv":[7.29512,0,16,0.625],"texture":"#14"},"south":{"uv":[0.375,0,0.75,0.625],"texture":"#14"},"west":{"uv":[7.29512,0,16,0.625],"texture":"#14"},"up":{"uv":[0,7.29512,0.375,16],"texture":"#14"},"down":{"uv":[0,7.29512,0.375,16],"texture":"#14"}}},{"from":[-0.70041,-1.22733,-12.88506],"to":[5.02946,-0.60233,-12.51006],"rotation":{"angle":-22.5,"axis":"y","origin":[3.65202,-0.91483,-12.69756]},"faces":{"north":{"uv":[0,0,5.72988,0.625],"texture":"#14"},"east":{"uv":[0.375,0,0.75,0.625],"texture":"#14"},"south":{"uv":[0,0,5.72988,0.625],"texture":"#14"},"west":{"uv":[0.375,0,0.75,0.625],"texture":"#14"},"up":{"uv":[0,0,0.375,5.72988],"rotation":90,"texture":"#14"},"down":{"uv":[0,0,0.375,5.72988],"rotation":270,"texture":"#14"}}},{"from":[-0.70041,-1.22733,28.51006],"to":[5.02946,-0.60233,28.88506],"rotation":{"angle":22.5,"axis":"y","origin":[3.65202,-0.91483,28.69756]},"faces":{"north":{"uv":[5.72988,0,0,0.625],"texture":"#14"},"east":{"uv":[0.75,0,0.375,0.625],"texture":"#14"},"south":{"uv":[5.72988,0,0,0.625],"texture":"#14"},"west":{"uv":[0.75,0,0.375,0.625],"texture":"#14"},"up":{"uv":[0.375,0,0,5.72988],"rotation":90,"texture":"#14"},"down":{"uv":[0.375,0,0,5.72988],"rotation":270,"texture":"#14"}}},{"from":[13.97054,-1.22733,-12.88506],"to":[19.70041,-0.60233,-12.51006],"rotation":{"angle":22.5,"axis":"y","origin":[15.34798,-0.91483,-12.69756]},"faces":{"north":{"uv":[5.72988,0,11.45976,0.625],"texture":"#14"},"east":{"uv":[0.75,0,1.125,0.625],"texture":"#14"},"south":{"uv":[5.72988,0,11.45976,0.625],"texture":"#14"},"west":{"uv":[0.75,0,1.125,0.625],"texture":"#14"},"up":{"uv":[0,5.72988,0.375,11.45976],"rotation":90,"texture":"#14"},"down":{"uv":[0,5.72988,0.375,11.45976],"rotation":270,"texture":"#14"}}},{"from":[13.97054,-1.22733,28.51006],"to":[19.70041,-0.60233,28.88506],"rotation":{"angle":-22.5,"axis":"y","origin":[15.34798,-0.91483,28.69756]},"faces":{"north":{"uv":[11.45976,0,5.72988,0.625],"texture":"#14"},"east":{"uv":[1.125,0,0.75,0.625],"texture":"#14"},"south":{"uv":[11.45976,0,5.72988,0.625],"texture":"#14"},"west":{"uv":[1.125,0,0.75,0.625],"texture":"#14"},"up":{"uv":[0.375,5.72988,0,11.45976],"rotation":90,"texture":"#14"},"down":{"uv":[0.375,5.72988,0,11.45976],"rotation":270,"texture":"#14"}}},{"from":[13.41452,-1.22733,22.94512],"to":[13.78952,-0.60233,31.65],"rotation":{"angle":0,"axis":"y","origin":[10.91452,11.64767,38.19512]},"faces":{"north":{"uv":[0,0,0.375,0.625],"texture":"#14"},"east":{"uv":[0,0,8.70488,0.625],"texture":"#14"},"south":{"uv":[0,0,0.375,0.625],"texture":"#14"},"west":{"uv":[0,0,8.70488,0.625],"texture":"#14"},"up":{"uv":[0,0,0.375,8.70488],"texture":"#14"},"down":{"uv":[0,0,0.375,8.70488],"texture":"#14"}}},{"from":[13.41452,-1.22733,-15.675],"to":[13.78952,-0.60233,-6.97012],"rotation":{"angle":0,"axis":"y","origin":[10.91452,11.64767,-22.22012]},"faces":{"north":{"uv":[0.375,0,0.75,0.625],"texture":"#14"},"east":{"uv":[7.29512,0,16,0.625],"texture":"#14"},"south":{"uv":[0.375,0,0.75,0.625],"texture":"#14"},"west":{"uv":[7.29512,0,16,0.625],"texture":"#14"},"up":{"uv":[0,7.29512,0.375,16],"texture":"#14"},"down":{"uv":[0,7.29512,0.375,16],"texture":"#14"}}},{"from":[2.41452,-1.92733,31.47012],"to":[16.78952,0.07267,31.97012],"rotation":{"angle":0,"axis":"y","origin":[10.91452,11.82267,39.99512]},"faces":{"north":{"uv":[0,0,14.375,2],"texture":"#14"},"east":{"uv":[0,0,0.5,2],"texture":"#14"},"south":{"uv":[0,0,14.375,2],"texture":"#14"},"west":{"uv":[0,0,0.5,2],"texture":"#14"},"up":{"uv":[0,0,14.375,0.5],"texture":"#14"},"down":{"uv":[0,0,14.375,0.5],"texture":"#14"}}},{"from":[2.41452,-1.92733,-15.99512],"to":[16.78952,0.07267,-15.49512],"rotation":{"angle":0,"axis":"y","origin":[10.91452,11.82267,-24.02012]},"faces":{"north":{"uv":[1.625,0,16,2],"texture":"#14"},"east":{"uv":[0.5,0,1,2],"texture":"#14"},"south":{"uv":[1.625,0,16,2],"texture":"#14"},"west":{"uv":[0.5,0,1,2],"texture":"#14"},"up":{"uv":[0,0.5,14.375,1],"texture":"#14"},"down":{"uv":[0,0.5,14.375,1],"texture":"#14"}}},{"from":[16.65104,-1.92733,31.27389],"to":[19.15104,0.07267,31.77389],"rotation":{"angle":22.5,"axis":"y","origin":[17.21354,-0.92733,31.52389]},"faces":{"north":{"uv":[0,0,2.5,2],"texture":"#14"},"east":{"uv":[0,0,0.5,2],"texture":"#14"},"south":{"uv":[0,0,2.5,2],"texture":"#14"},"west":{"uv":[0,0,0.5,2],"texture":"#14"},"up":{"uv":[0,0,2.5,0.5],"texture":"#14"},"down":{"uv":[0,0,2.5,0.5],"texture":"#14"}}},{"from":[16.65104,-1.92733,-15.79889],"to":[19.15104,0.07267,-15.29889],"rotation":{"angle":-22.5,"axis":"y","origin":[17.21354,-0.92733,-15.54889]},"faces":{"north":{"uv":[2.5,0,5,2],"texture":"#14"},"east":{"uv":[0.5,0,1,2],"texture":"#14"},"south":{"uv":[2.5,0,5,2],"texture":"#14"},"west":{"uv":[0.5,0,1,2],"texture":"#14"},"up":{"uv":[0,0.5,2.5,1],"texture":"#14"},"down":{"uv":[0,0.5,2.5,1],"texture":"#14"}}},{"from":[0.05301,-1.92733,31.27389],"to":[2.55301,0.07267,31.77389],"rotation":{"angle":-22.5,"axis":"y","origin":[1.99051,-0.92733,31.52389]},"faces":{"north":{"uv":[2.5,0,5,2],"texture":"#14"},"east":{"uv":[0.5,0,1,2],"texture":"#14"},"south":{"uv":[2.5,0,5,2],"texture":"#14"},"west":{"uv":[0.5,0,1,2],"texture":"#14"},"up":{"uv":[2.5,0,5,0.5],"texture":"#14"},"down":{"uv":[2.5,0,5,0.5],"texture":"#14"}}},{"from":[0.05301,-1.92733,-15.79889],"to":[2.55301,0.07267,-15.29889],"rotation":{"angle":22.5,"axis":"y","origin":[1.99051,-0.92733,-15.54889]},"faces":{"north":{"uv":[5,0,7.5,2],"texture":"#14"},"east":{"uv":[1,0,1.5,2],"texture":"#14"},"south":{"uv":[5,0,7.5,2],"texture":"#14"},"west":{"uv":[1,0,1.5,2],"texture":"#14"},"up":{"uv":[2.5,0.5,5,1],"texture":"#14"},"down":{"uv":[2.5,0.5,5,1],"texture":"#14"}}},{"from":[18.75769,-1.92733,30.18889],"to":[20.75769,0.07267,30.68889],"rotation":{"angle":45,"axis":"y","origin":[19.32019,-0.92733,30.43889]},"faces":{"north":{"uv":[0,0,2,2],"texture":"#14"},"east":{"uv":[0,0,0.5,2],"texture":"#14"},"south":{"uv":[0,0,2,2],"texture":"#14"},"west":{"uv":[0,0,0.5,2],"texture":"#14"},"up":{"uv":[0,0,2,0.5],"texture":"#14"},"down":{"uv":[0,0,2,0.5],"texture":"#14"}}},{"from":[18.75769,-1.92733,-14.71389],"to":[20.75769,0.07267,-14.21389],"rotation":{"angle":-45,"axis":"y","origin":[19.32019,-0.92733,-14.46389]},"faces":{"north":{"uv":[2,0,4,2],"texture":"#14"},"east":{"uv":[0.5,0,1,2],"texture":"#14"},"south":{"uv":[2,0,4,2],"texture":"#14"},"west":{"uv":[0.5,0,1,2],"texture":"#14"},"up":{"uv":[0,0.5,2,1],"texture":"#14"},"down":{"uv":[0,0.5,2,1],"texture":"#14"}}},{"from":[-1.55364,-1.92733,30.18889],"to":[0.44636,0.07267,30.68889],"rotation":{"angle":-45,"axis":"y","origin":[-0.11614,-0.92733,30.43889]},"faces":{"north":{"uv":[2,0,4,2],"texture":"#14"},"east":{"uv":[0.5,0,1,2],"texture":"#14"},"south":{"uv":[2,0,4,2],"texture":"#14"},"west":{"uv":[0.5,0,1,2],"texture":"#14"},"up":{"uv":[2,0,4,0.5],"texture":"#14"},"down":{"uv":[2,0,4,0.5],"texture":"#14"}}},{"from":[-1.55364,-1.92733,-14.71389],"to":[0.44636,0.07267,-14.21389],"rotation":{"angle":45,"axis":"y","origin":[-0.11614,-0.92733,-14.46389]},"faces":{"north":{"uv":[4,0,6,2],"texture":"#14"},"east":{"uv":[1,0,1.5,2],"texture":"#14"},"south":{"uv":[4,0,6,2],"texture":"#14"},"west":{"uv":[1,0,1.5,2],"texture":"#14"},"up":{"uv":[2,0.5,4,1],"texture":"#14"},"down":{"uv":[2,0.5,4,1],"texture":"#14"}}},{"from":[3.41452,-2.17733,-5.95488],"to":[15.78952,-0.02733,17.64512],"rotation":{"angle":0,"axis":"y","origin":[10.91452,11.57267,30.94512]},"faces":{"north":{"uv":[0,0,12.375,2.15],"texture":"#14"},"east":{"uv":[0,0,16,2.15],"texture":"#14"},"south":{"uv":[0,0,12.375,2.15],"texture":"#14"},"west":{"uv":[0,0,16,2.15],"texture":"#14"},"up":{"uv":[0,0,12.375,16],"texture":"#14"},"down":{"uv":[0,0,12.375,16],"texture":"#14"}}},{"from":[4.41452,-2.17733,-13.97988],"to":[14.78952,4.39767,-5.95488],"rotation":{"angle":0,"axis":"x","origin":[9.60202,1.11017,-11.30488]},"faces":{"north":{"uv":[0,0,10.375,6.575],"texture":"#14"},"east":{"uv":[0,0,8.025,6.575],"texture":"#14"},"south":{"uv":[0,0,10.375,6.575],"texture":"#14"},"west":{"uv":[0,0,8.025,6.575],"texture":"#14"},"up":{"uv":[0,0,10.375,8.025],"texture":"#14"},"down":{"uv":[0,0,10.375,8.025],"texture":"#14"}}},{"from":[6.41452,-0.60233,-14.10488],"to":[12.78952,3.97267,-13.80488],"rotation":{"angle":0,"axis":"x","origin":[9.60202,0.71017,-11.17988]},"faces":{"north":{"uv":[0,0,6.375,4.575],"texture":"#15"},"east":{"uv":[0,0,0.3,4.575],"texture":"#15"},"south":{"uv":[0,0,6.375,4.575],"texture":"#15"},"west":{"uv":[0,0,0.3,4.575],"texture":"#15"},"up":{"uv":[0,0,6.375,0.3],"texture":"#15"},"down":{"uv":[0,0,6.375,0.3],"texture":"#15"}}},{"from":[4.41452,-2.17733,-8.20488],"to":[14.78952,-0.65233,-4.95488],"rotation":{"angle":0,"axis":"x","origin":[9.60202,1.11017,-11.30488]},"faces":{"north":{"uv":[0,0,10.375,1.525],"texture":"#14"},"east":{"uv":[0,0,3.25,1.525],"texture":"#14"},"south":{"uv":[0,0,10.375,1.525],"texture":"#14"},"west":{"uv":[0,0,3.25,1.525],"texture":"#14"},"up":{"uv":[0,0,10.375,3.25],"texture":"#14"},"down":{"uv":[0,0,10.375,3.25],"texture":"#14"}}},{"from":[4.41452,-2.17733,17.62012],"to":[14.78952,1.34767,22.94512],"rotation":{"angle":0,"axis":"y","origin":[10.91452,11.57267,30.94512]},"faces":{"north":{"uv":[0,0,10.375,3.525],"texture":"#14"},"east":{"uv":[0,0,5.325,3.525],"texture":"#14"},"south":{"uv":[0,0,10.375,3.525],"texture":"#14"},"west":{"uv":[0,0,5.325,3.525],"texture":"#14"},"up":{"uv":[0,0,10.375,5.325],"texture":"#14"},"down":{"uv":[0,0,10.375,5.325],"texture":"#14"}}},{"from":[13.65039,-2.17733,17.41853],"to":[14.77539,-0.02733,22.74353],"rotation":{"angle":-22.5,"axis":"y","origin":[14.71289,-1.10233,20.08103]},"faces":{"north":{"uv":[0,0,1.125,2.15],"texture":"#14"},"east":{"uv":[0,0,5.325,2.15],"texture":"#14"},"south":{"uv":[0,0,1.125,2.15],"texture":"#14"},"west":{"uv":[0,0,5.325,2.15],"texture":"#14"},"up":{"uv":[0,0,1.125,5.325],"texture":"#14"},"down":{"uv":[0,0,1.125,5.325],"texture":"#14"}}},{"from":[13.65039,-2.17733,-11.05329],"to":[14.77539,-0.02733,-5.72829],"rotation":{"angle":22.5,"axis":"y","origin":[14.71289,-1.10233,-8.39079]},"faces":{"north":{"uv":[1.125,0,2.25,2.15],"texture":"#14"},"east":{"uv":[5.325,0,10.65,2.15],"texture":"#14"},"south":{"uv":[1.125,0,2.25,2.15],"texture":"#14"},"west":{"uv":[5.325,0,10.65,2.15],"texture":"#14"},"up":{"uv":[0,5.325,1.125,10.65],"texture":"#14"},"down":{"uv":[0,5.325,1.125,10.65],"texture":"#14"}}},{"from":[4.35254,-2.17733,17.03585],"to":[5.47754,-0.02733,22.36085],"rotation":{"angle":22.5,"axis":"y","origin":[5.41504,-1.10233,19.69835]},"faces":{"north":{"uv":[0,0,1.125,2.15],"texture":"#14"},"east":{"uv":[0,0,5.325,2.15],"texture":"#14"},"south":{"uv":[0,0,1.125,2.15],"texture":"#14"},"west":{"uv":[0,0,5.325,2.15],"texture":"#14"},"up":{"uv":[0,0,1.125,5.325],"texture":"#14"},"down":{"uv":[0,0,1.125,5.325],"texture":"#14"}}},{"from":[4.35254,-2.17733,-10.67061],"to":[5.47754,-0.02733,-5.34561],"rotation":{"angle":-22.5,"axis":"y","origin":[5.41504,-1.10233,-8.00811]},"faces":{"north":{"uv":[1.125,0,2.25,2.15],"texture":"#14"},"east":{"uv":[5.325,0,10.65,2.15],"texture":"#14"},"south":{"uv":[1.125,0,2.25,2.15],"texture":"#14"},"west":{"uv":[5.325,0,10.65,2.15],"texture":"#14"},"up":{"uv":[0,5.325,1.125,10.65],"texture":"#14"},"down":{"uv":[0,5.325,1.125,10.65],"texture":"#14"}}},{"from":[4.41452,0.50292,18.54831],"to":[14.78952,3.47792,23.99831],"rotation":{"angle":-22.5,"axis":"x","origin":[9.60202,1.25292,21.34831]},"faces":{"north":{"uv":[0,0,10.375,2.975],"texture":"#14"},"east":{"uv":[0,0,5.45,2.975],"texture":"#14"},"south":{"uv":[0,0,10.375,2.975],"texture":"#14"},"west":{"uv":[0,0,5.45,2.975],"texture":"#14"},"up":{"uv":[0,0,10.375,5.45],"texture":"#14"},"down":{"uv":[0,0,10.375,5.45],"texture":"#14"}}},{"from":[4.41452,-1.17193,15.69022],"to":[14.78952,2.32807,17.69022],"rotation":{"angle":45,"axis":"x","origin":[9.60202,-0.39693,16.69022]},"faces":{"north":{"uv":[0,0,10.375,3.5],"rotation":180,"texture":"#14"},"east":{"uv":[0,0,3.5,2],"rotation":90,"texture":"#14"},"south":{"uv":[0,0,10.375,3.5],"texture":"#14"},"west":{"uv":[0,0,3.5,2],"rotation":270,"texture":"#14"},"up":{"uv":[0,0,10.375,2],"texture":"#14"},"down":{"uv":[0,0,10.375,2],"rotation":180,"texture":"#14"}}}],"display":{"thirdperson_righthand":{"rotation":[-4,-47,0],"translation":[0,-3.25,0]},"thirdperson_lefthand":{"scale":[0.175,0.45,0.175]},"firstperson_righthand":{"scale":[0.225,0.55,0.275]},"firstperson_lefthand":{"scale":[0.275,0.25,0.225]},"gui":{"rotation":[19,31,7],"scale":[0.35,0.35,0.35]},"head":{"translation":[-6.25,-8.75,50.5],"scale":[4,4,4]}},"groups":[{"name":"Side Panel 1","origin":[15.75,6.67158,-0.80342],"children":[]},{"name":"Side Panel 1","origin":[15.75,6.67158,-0.80342],"children":[]},{"name":"Side Panel 1","origin":[15.75,6.67158,-0.80342],"children":[]},{"name":"Back","origin":[15.75,6.67158,-0.80342],"children":[]},{"name":"Side Bot 1","origin":[15.75,6.67158,-0.80342],"children":[]},{"name":"Side Front","origin":[15.75,5.14618,-4.02173],"children":[]},{"name":"Side Panel 1","origin":[15.75,6.67158,-0.80342],"children":[]},{"name":"hexadecagon","origin":[8,8,8],"children":[]},{"name":"hexadecagon","origin":[8,8,8],"children":[]},{"name":"Seat 1","origin":[3.059,6.93069,9.78865],"children":[]},{"name":"Seat 1","origin":[3.059,6.93069,9.78865],"children":[]},{"name":"Seat 1","origin":[3.059,6.93069,9.78865],"children":[]},{"name":"hexadecagon","origin":[8,8,8],"children":[]},{"name":"hexadecagon","origin":[8,8,8],"children":[]},{"name":"hexadecagon","origin":[8,8,8],"children":[]},{"name":"hexadecagon","origin":[8,8,8],"children":[]},{"name":"hexadecagon","origin":[8,8,8],"children":[]},{"name":"hexadecagon","origin":[8,8,8],"children":[]},{"name":"hexadecagon","origin":[8,8,8],"children":[]},{"name":"hexadecagon","origin":[8,8,8],"children":[]},{"name":"hexadecagon","origin":[8,8,8],"children":[]},{"name":"hexadecagon","origin":[8,8,8],"children":[]},{"name":"Bottom","origin":[8,8,8],"children":[{"name":"Tire","origin":[8,8,8],"children":[0,1,2,3,4,5,6,7,8,9,10,11,12,13,14,15,16,17,18,19,20,21,22,23,24,25,26,27,28,29,30,31,32,33,34,35,36,37,38,39,40,41,42,43,44,45,46,47,48,49,50,51,52,53,54,55,56,57,58,59,60,61,62,63]},{"name":"Tire","origin":[8,8,8],"children":[64,65,66,67,68,69,70,71,72,73,74,75,76,77,78,79,80,81,82,83,84,85,86,87,88,89,90,91,92,93,94,95,96,97,98,99,100,101,102,103,104,105,106,107,108,109,110,111,112,113,114,115,116,117,118,119,120,121,122,123,124,125,126,127]},{"name":"hexadecagon","origin":[8,8,8],"children":[128,129,130,131,132,133,134,135,136,137,138,139,140,141,142,143]},144,145,146,147,148,149,150,151,152,153,154,155,156,157,158,159,160,161,162,163,164,165,166,167,168,169,170,171,172,173,174,175,176,177,178]}]}