{
  "textures": {
    "texture": "block/1222386915"
  },
  "elements": [
    {
      "from": [
        -6.88,
        -4.96,
        2.33143
      ],
      "to": [
        22.88,
        -3.54286,
        3.74857
      ],
      "faces": {
        "down": {
          "uv": [
            0.5,
            0,
            0.625,
            2.625
          ],
          "rotation": 270,
          "texture": "#texture"
        },
        "up": {
          "uv": [
            0.5,
            0,
            0.625,
            2.625
          ],
          "rotation": 270,
          "texture": "#texture"
        },
        "north": {
          "uv": [
            1,
            6.625,
            3.625,
            6.75
          ],
          "texture": "#texture"
        },
        "south": {
          "uv": [
            3.625,
            6.625,
            6.25,
            6.75
          ],
          "texture": "#texture"
        },
        "west": {
          "uv": [
            3.5,
            6.625,
            3.625,
            6.75
          ],
          "texture": "#texture"
        },
        "east": {
          "uv": [
            1,
            6.625,
            1.125,
            6.75
          ],
          "texture": "#texture"
        }
      }
    },
    {
      "from": [
        -5.46286,
        -4.96,
        0.914286
      ],
      "to": [
        22.88,
        -2.12571,
        2.33143
      ],
      "faces": {
        "down": {
          "uv": [
            2.125,
            0,
            2.25,
            2.5
          ],
          "rotation": 270,
          "texture": "#texture"
        },
        "up": {
          "uv": [
            2.25,
            0,
            2.375,
            2.5
          ],
          "rotation": 270,
          "texture": "#texture"
        },
        "north": {
          "uv": [
            2.5,
            4.875,
            5,
            5.125
          ],
          "texture": "#texture"
        },
        "west": {
          "uv": [
            4.875,
            4.875,
            5,
            5.125
          ],
          "texture": "#texture"
        },
        "east": {
          "uv": [
            2.5,
            4.875,
            2.625,
            5.125
          ],
          "texture": "#texture"
        }
      }
    },
    {
      "from": [
        -6.88,
        -3.54286,
        6.58286
      ],
      "to": [
        22.88,
        -2.12571,
        9.41714
      ],
      "faces": {
        "down": {
          "uv": [
            0,
            0,
            0.25,
            2.625
          ],
          "rotation": 270,
          "texture": "#texture"
        },
        "up": {
          "uv": [
            0.25,
            0,
            0.5,
            2.625
          ],
          "rotation": 270,
          "texture": "#texture"
        },
        "north": {
          "uv": [
            6.25,
            6.625,
            8.875,
            6.75
          ],
          "texture": "#texture"
        },
        "south": {
          "uv": [
            8.875,
            6.625,
            11.5,
            6.75
          ],
          "texture": "#texture"
        },
        "west": {
          "uv": [
            0,
            0,
            0.25,
            0.125
          ],
          "texture": "#texture"
        },
        "east": {
          "uv": [
            0.25,
            2.5,
            0.5,
            2.625
          ],
          "texture": "#texture"
        }
      }
    },
    {
      "from": [
        -5.46286,
        -3.54286,
        2.33143
      ],
      "to": [
        22.88,
        -2.12571,
        3.74857
      ],
      "faces": {
        "up": {
          "uv": [
            2.375,
            0,
            2.5,
            2.5
          ],
          "rotation": 270,
          "texture": "#texture"
        },
        "south": {
          "uv": [
            2.5,
            6.875,
            5,
            7
          ],
          "texture": "#texture"
        },
        "west": {
          "uv": [
            7,
            6.625,
            7.125,
            6.75
          ],
          "texture": "#texture"
        },
        "east": {
          "uv": [
            11.5,
            6.625,
            11.625,
            6.75
          ],
          "texture": "#texture"
        }
      }
    },
    {
      "from": [
        -5.46286,
        -2.12571,
        6.58286
      ],
      "to": [
        22.88,
        0.708571,
        9.41714
      ],
      "faces": {
        "up": {
          "uv": [
            0.625,
            0,
            0.875,
            2.5
          ],
          "rotation": 270,
          "texture": "#texture"
        },
        "north": {
          "uv": [
            7.5,
            4.875,
            10,
            5.125
          ],
          "texture": "#texture"
        },
        "south": {
          "uv": [
            10,
            4.875,
            12.5,
            5.125
          ],
          "texture": "#texture"
        },
        "west": {
          "uv": [
            14,
            6.375,
            14.25,
            6.625
          ],
          "texture": "#texture"
        },
        "east": {
          "uv": [
            0.25,
            6.625,
            0.5,
            6.875
          ],
          "texture": "#texture"
        }
      }
    },
    {
      "from": [
        -6.88,
        -6.37714,
        12.2514
      ],
      "to": [
        21.4629,
        -3.54286,
        13.6686
      ],
      "faces": {
        "down": {
          "uv": [
            2.5,
            0,
            2.625,
            2.5
          ],
          "rotation": 270,
          "texture": "#texture"
        },
        "up": {
          "uv": [
            2.625,
            0,
            2.75,
            2.5
          ],
          "rotation": 270,
          "texture": "#texture"
        },
        "south": {
          "uv": [
            5,
            5.125,
            7.5,
            5.375
          ],
          "texture": "#texture"
        },
        "west": {
          "uv": [
            4.875,
            5.125,
            5,
            5.375
          ],
          "texture": "#texture"
        },
        "east": {
          "uv": [
            2.5,
            5.125,
            2.625,
            5.375
          ],
          "texture": "#texture"
        }
      }
    },
    {
      "from": [
        -6.88,
        -6.37714,
        9.41714
      ],
      "to": [
        21.4629,
        -2.12571,
        12.2514
      ],
      "faces": {
        "down": {
          "uv": [
            0.875,
            0,
            1.125,
            2.5
          ],
          "rotation": 270,
          "texture": "#texture"
        },
        "up": {
          "uv": [
            1.125,
            0,
            1.375,
            2.5
          ],
          "rotation": 270,
          "texture": "#texture"
        },
        "south": {
          "uv": [
            7.125,
            4.375,
            9.625,
            4.75
          ],
          "texture": "#texture"
        },
        "west": {
          "uv": [
            12.125,
            4.375,
            12.375,
            4.75
          ],
          "texture": "#texture"
        },
        "east": {
          "uv": [
            12.375,
            4.375,
            12.625,
            4.75
          ],
          "texture": "#texture"
        }
      }
    },
    {
      "from": [
        -6.88,
        -6.37714,
        6.58286
      ],
      "to": [
        21.4629,
        -3.54286,
        9.41714
      ],
      "faces": {
        "down": {
          "uv": [
            1.375,
            0,
            1.625,
            2.5
          ],
          "rotation": 270,
          "texture": "#texture"
        },
        "west": {
          "uv": [
            0.5,
            6.625,
            0.75,
            6.875
          ],
          "texture": "#texture"
        },
        "east": {
          "uv": [
            0.75,
            6.625,
            1,
            6.875
          ],
          "texture": "#texture"
        }
      }
    },
    {
      "from": [
        -6.88,
        -6.37714,
        3.74857
      ],
      "to": [
        21.4629,
        -2.12571,
        6.58286
      ],
      "faces": {
        "down": {
          "uv": [
            1.625,
            0,
            1.875,
            2.5
          ],
          "rotation": 270,
          "texture": "#texture"
        },
        "up": {
          "uv": [
            1.875,
            0,
            2.125,
            2.5
          ],
          "rotation": 270,
          "texture": "#texture"
        },
        "north": {
          "uv": [
            9.625,
            4.375,
            12.125,
            4.75
          ],
          "texture": "#texture"
        },
        "west": {
          "uv": [
            12.625,
            4.375,
            12.875,
            4.75
          ],
          "texture": "#texture"
        },
        "east": {
          "uv": [
            12.875,
            4.375,
            13.125,
            4.75
          ],
          "texture": "#texture"
        }
      }
    },
    {
      "from": [
        -6.88,
        -6.37714,
        2.33143
      ],
      "to": [
        21.4629,
        -4.96,
        3.74857
      ],
      "faces": {
        "down": {
          "uv": [
            2.75,
            0,
            2.875,
            2.5
          ],
          "rotation": 270,
          "texture": "#texture"
        },
        "north": {
          "uv": [
            5,
            6.875,
            7.5,
            7
          ],
          "texture": "#texture"
        },
        "west": {
          "uv": [
            7.875,
            6.625,
            8,
            6.75
          ],
          "texture": "#texture"
        },
        "east": {
          "uv": [
            7.5,
            4.5,
            7.625,
            4.625
          ],
          "texture": "#texture"
        }
      }
    },
    {
      "from": [
        -5.46286,
        -2.12571,
        9.41714
      ],
      "to": [
        21.4629,
        0.708571,
        10.8343
      ],
      "faces": {
        "up": {
          "uv": [
            2.875,
            0,
            3,
            2.375
          ],
          "rotation": 270,
          "texture": "#texture"
        },
        "south": {
          "uv": [
            9.875,
            5.125,
            12.25,
            5.375
          ],
          "texture": "#texture"
        },
        "west": {
          "uv": [
            9.75,
            5.125,
            9.875,
            5.375
          ],
          "texture": "#texture"
        },
        "east": {
          "uv": [
            7.5,
            4.875,
            7.625,
            5.125
          ],
          "texture": "#texture"
        }
      }
    },
    {
      "from": [
        -5.46286,
        -2.12571,
        5.16571
      ],
      "to": [
        21.4629,
        0.708571,
        6.58286
      ],
      "faces": {
        "up": {
          "uv": [
            3,
            0,
            3.125,
            2.375
          ],
          "rotation": 270,
          "texture": "#texture"
        },
        "north": {
          "uv": [
            2.375,
            5.375,
            4.75,
            5.625
          ],
          "texture": "#texture"
        },
        "west": {
          "uv": [
            4.625,
            5.375,
            4.75,
            5.625
          ],
          "texture": "#texture"
        },
        "east": {
          "uv": [
            7.5,
            4.875,
            7.625,
            5.125
          ],
          "texture": "#texture"
        }
      }
    },
    {
      "from": [
        -4.04571,
        0.708571,
        6.58286
      ],
      "to": [
        21.4629,
        2.12571,
        9.41714
      ],
      "faces": {
        "up": {
          "uv": [
            5.125,
            0,
            5.375,
            2.25
          ],
          "rotation": 270,
          "texture": "#texture"
        },
        "north": {
          "uv": [
            7.5,
            6.875,
            9.75,
            7
          ],
          "texture": "#texture"
        },
        "south": {
          "uv": [
            9.75,
            6.875,
            12,
            7
          ],
          "texture": "#texture"
        },
        "west": {
          "uv": [
            3.25,
            4.875,
            3.5,
            5
          ],
          "texture": "#texture"
        },
        "east": {
          "uv": [
            7.5,
            5,
            7.75,
            5.125
          ],
          "texture": "#texture"
        }
      }
    },
    {
      "from": [
        -5.46286,
        -7.79429,
        13.6686
      ],
      "to": [
        20.0457,
        -2.12571,
        15.0857
      ],
      "faces": {
        "down": {
          "uv": [
            5.375,
            0,
            5.5,
            2.25
          ],
          "rotation": 270,
          "texture": "#texture"
        },
        "up": {
          "uv": [
            5.5,
            0,
            5.625,
            2.25
          ],
          "rotation": 270,
          "texture": "#texture"
        },
        "south": {
          "uv": [
            2.25,
            4.375,
            4.5,
            4.875
          ],
          "texture": "#texture"
        },
        "west": {
          "uv": [
            13.375,
            2.625,
            13.5,
            3.125
          ],
          "texture": "#texture"
        },
        "east": {
          "uv": [
            11.25,
            2.625,
            11.375,
            3.125
          ],
          "texture": "#texture"
        }
      }
    },
    {
      "from": [
        -5.46286,
        -7.79429,
        2.33143
      ],
      "to": [
        20.0457,
        -6.37714,
        13.6686
      ],
      "faces": {
        "down": {
          "uv": [
            3.125,
            0,
            4.125,
            2.25
          ],
          "rotation": 270,
          "texture": "#texture"
        },
        "west": {
          "uv": [
            3.125,
            0,
            4.125,
            0.125
          ],
          "texture": "#texture"
        },
        "east": {
          "uv": [
            4.125,
            2.125,
            5.125,
            2.25
          ],
          "texture": "#texture"
        }
      }
    },
    {
      "from": [
        -5.46286,
        -7.79429,
        0.914286
      ],
      "to": [
        20.0457,
        -4.96,
        2.33143
      ],
      "faces": {
        "down": {
          "uv": [
            5.625,
            0,
            5.75,
            2.25
          ],
          "rotation": 270,
          "texture": "#texture"
        },
        "north": {
          "uv": [
            4.75,
            5.375,
            7,
            5.625
          ],
          "texture": "#texture"
        },
        "west": {
          "uv": [
            6.875,
            5.375,
            7,
            5.625
          ],
          "texture": "#texture"
        },
        "east": {
          "uv": [
            4.75,
            5.375,
            4.875,
            5.625
          ],
          "texture": "#texture"
        }
      }
    },
    {
      "from": [
        -5.46286,
        -6.37714,
        15.0857
      ],
      "to": [
        20.0457,
        -3.54286,
        16.5029
      ],
      "faces": {
        "down": {
          "uv": [
            5.75,
            0,
            5.875,
            2.25
          ],
          "rotation": 270,
          "texture": "#texture"
        },
        "up": {
          "uv": [
            5.875,
            0,
            6,
            2.25
          ],
          "rotation": 270,
          "texture": "#texture"
        },
        "south": {
          "uv": [
            9.25,
            5.375,
            11.5,
            5.625
          ],
          "texture": "#texture"
        },
        "west": {
          "uv": [
            7.75,
            4.875,
            7.875,
            5.125
          ],
          "texture": "#texture"
        },
        "east": {
          "uv": [
            7,
            5.375,
            7.125,
            5.625
          ],
          "texture": "#texture"
        }
      }
    },
    {
      "from": [
        -5.46286,
        -6.37714,
        -0.502857
      ],
      "to": [
        20.0457,
        -3.54286,
        0.914286
      ],
      "faces": {
        "down": {
          "uv": [
            6,
            0,
            6.125,
            2.25
          ],
          "rotation": 270,
          "texture": "#texture"
        },
        "up": {
          "uv": [
            6.125,
            0,
            6.25,
            2.25
          ],
          "rotation": 270,
          "texture": "#texture"
        },
        "north": {
          "uv": [
            2.25,
            5.625,
            4.5,
            5.875
          ],
          "texture": "#texture"
        },
        "west": {
          "uv": [
            1.5,
            1.125,
            1.625,
            1.375
          ],
          "texture": "#texture"
        },
        "east": {
          "uv": [
            2.25,
            5.625,
            2.375,
            5.875
          ],
          "texture": "#texture"
        }
      }
    },
    {
      "from": [
        -5.46286,
        -3.54286,
        12.2514
      ],
      "to": [
        20.0457,
        -0.708571,
        13.6686
      ],
      "faces": {
        "up": {
          "uv": [
            6.25,
            0,
            6.375,
            2.25
          ],
          "rotation": 270,
          "texture": "#texture"
        },
        "south": {
          "uv": [
            6.75,
            5.625,
            9,
            5.875
          ],
          "texture": "#texture"
        },
        "west": {
          "uv": [
            6.625,
            5.625,
            6.75,
            5.875
          ],
          "texture": "#texture"
        },
        "east": {
          "uv": [
            8.375,
            4.875,
            8.5,
            5.125
          ],
          "texture": "#texture"
        }
      }
    },
    {
      "from": [
        -5.46286,
        -2.12571,
        10.8343
      ],
      "to": [
        20.0457,
        0.708571,
        12.2514
      ],
      "faces": {
        "up": {
          "uv": [
            6.375,
            0,
            6.5,
            2.25
          ],
          "rotation": 270,
          "texture": "#texture"
        },
        "south": {
          "uv": [
            9,
            5.625,
            11.25,
            5.875
          ],
          "texture": "#texture"
        },
        "west": {
          "uv": [
            0.25,
            0.875,
            0.375,
            1.125
          ],
          "texture": "#texture"
        },
        "east": {
          "uv": [
            0.25,
            0.625,
            0.375,
            0.875
          ],
          "texture": "#texture"
        }
      }
    },
    {
      "from": [
        -5.46286,
        -2.12571,
        3.74857
      ],
      "to": [
        20.0457,
        0.708571,
        5.16571
      ],
      "faces": {
        "up": {
          "uv": [
            6.625,
            0,
            6.75,
            2.25
          ],
          "rotation": 270,
          "texture": "#texture"
        },
        "north": {
          "uv": [
            11.25,
            5.625,
            13.5,
            5.875
          ],
          "texture": "#texture"
        },
        "west": {
          "uv": [
            13.375,
            5.625,
            13.5,
            5.875
          ],
          "texture": "#texture"
        },
        "east": {
          "uv": [
            11.25,
            5.625,
            11.375,
            5.875
          ],
          "texture": "#texture"
        }
      }
    },
    {
      "from": [
        -5.46286,
        -2.12571,
        2.33143
      ],
      "to": [
        20.0457,
        -0.708571,
        3.74857
      ],
      "faces": {
        "up": {
          "uv": [
            6.75,
            0,
            6.875,
            2.25
          ],
          "rotation": 270,
          "texture": "#texture"
        },
        "north": {
          "uv": [
            6.75,
            7,
            9,
            7.125
          ],
          "texture": "#texture"
        },
        "west": {
          "uv": [
            7,
            6.625,
            7.125,
            6.75
          ],
          "texture": "#texture"
        },
        "east": {
          "uv": [
            12.125,
            6.625,
            12.25,
            6.75
          ],
          "texture": "#texture"
        }
      }
    },
    {
      "from": [
        -4.04571,
        -9.21143,
        0.914286
      ],
      "to": [
        18.6286,
        -7.79429,
        15.0857
      ],
      "faces": {
        "down": {
          "uv": [
            8.25,
            0,
            9.5,
            2
          ],
          "rotation": 270,
          "texture": "#texture"
        },
        "north": {
          "uv": [
            2,
            7.125,
            4,
            7.25
          ],
          "texture": "#texture"
        },
        "south": {
          "uv": [
            4,
            7.125,
            6,
            7.25
          ],
          "texture": "#texture"
        },
        "west": {
          "uv": [
            8.25,
            0,
            9.5,
            0.125
          ],
          "texture": "#texture"
        },
        "east": {
          "uv": [
            9.5,
            1.875,
            10.75,
            2
          ],
          "texture": "#texture"
        }
      }
    },
    {
      "from": [
        -4.04571,
        -7.79429,
        15.0857
      ],
      "to": [
        18.6286,
        -6.37714,
        16.5029
      ],
      "faces": {
        "down": {
          "uv": [
            11.25,
            0,
            11.375,
            2
          ],
          "rotation": 270,
          "texture": "#texture"
        },
        "south": {
          "uv": [
            6,
            7.125,
            8,
            7.25
          ],
          "texture": "#texture"
        },
        "west": {
          "uv": [
            4.875,
            7,
            5,
            7.125
          ],
          "texture": "#texture"
        },
        "east": {
          "uv": [
            2.625,
            7,
            2.75,
            7.125
          ],
          "texture": "#texture"
        }
      }
    },
    {
      "from": [
        -4.04571,
        -7.79429,
        -0.502857
      ],
      "to": [
        18.6286,
        -6.37714,
        0.914286
      ],
      "faces": {
        "down": {
          "uv": [
            11.375,
            0,
            11.5,
            2
          ],
          "rotation": 270,
          "texture": "#texture"
        },
        "north": {
          "uv": [
            8,
            7.125,
            10,
            7.25
          ],
          "texture": "#texture"
        },
        "west": {
          "uv": [
            11.625,
            3,
            11.75,
            3.125
          ],
          "texture": "#texture"
        },
        "east": {
          "uv": [
            11.875,
            3,
            12,
            3.125
          ],
          "texture": "#texture"
        }
      }
    },
    {
      "from": [
        -4.04571,
        -6.37714,
        16.5029
      ],
      "to": [
        18.6286,
        -3.54286,
        17.92
      ],
      "faces": {
        "down": {
          "uv": [
            11.5,
            0,
            11.625,
            2
          ],
          "rotation": 270,
          "texture": "#texture"
        },
        "up": {
          "uv": [
            11.625,
            0,
            11.75,
            2
          ],
          "rotation": 270,
          "texture": "#texture"
        },
        "south": {
          "uv": [
            4,
            5.875,
            6,
            6.125
          ],
          "texture": "#texture"
        },
        "west": {
          "uv": [
            3.875,
            5.875,
            4,
            6.125
          ],
          "texture": "#texture"
        },
        "east": {
          "uv": [
            2,
            5.875,
            2.125,
            6.125
          ],
          "texture": "#texture"
        }
      }
    },
    {
      "from": [
        -4.04571,
        -6.37714,
        -1.92
      ],
      "to": [
        18.6286,
        -3.54286,
        -0.502857
      ],
      "faces": {
        "down": {
          "uv": [
            11.75,
            0,
            11.875,
            2
          ],
          "rotation": 270,
          "texture": "#texture"
        },
        "up": {
          "uv": [
            11.875,
            0,
            12,
            2
          ],
          "rotation": 270,
          "texture": "#texture"
        },
        "north": {
          "uv": [
            6,
            5.875,
            8,
            6.125
          ],
          "texture": "#texture"
        },
        "west": {
          "uv": [
            7.875,
            5.875,
            8,
            6.125
          ],
          "texture": "#texture"
        },
        "east": {
          "uv": [
            6,
            5.875,
            6.125,
            6.125
          ],
          "texture": "#texture"
        }
      }
    },
    {
      "from": [
        -4.04571,
        -3.54286,
        15.0857
      ],
      "to": [
        18.6286,
        -0.708571,
        16.5029
      ],
      "faces": {
        "up": {
          "uv": [
            12,
            0,
            12.125,
            2
          ],
          "rotation": 270,
          "texture": "#texture"
        },
        "south": {
          "uv": [
            10,
            5.875,
            12,
            6.125
          ],
          "texture": "#texture"
        },
        "west": {
          "uv": [
            9.875,
            5.875,
            10,
            6.125
          ],
          "texture": "#texture"
        },
        "east": {
          "uv": [
            8,
            5.875,
            8.125,
            6.125
          ],
          "texture": "#texture"
        }
      }
    },
    {
      "from": [
        -4.04571,
        -3.54286,
        -0.502857
      ],
      "to": [
        18.6286,
        -0.708571,
        0.914286
      ],
      "faces": {
        "up": {
          "uv": [
            12.125,
            0,
            12.25,
            2
          ],
          "rotation": 270,
          "texture": "#texture"
        },
        "north": {
          "uv": [
            12,
            5.875,
            14,
            6.125
          ],
          "texture": "#texture"
        },
        "west": {
          "uv": [
            13.875,
            5.875,
            14,
            6.125
          ],
          "texture": "#texture"
        },
        "east": {
          "uv": [
            0.25,
            0.75,
            0.375,
            1
          ],
          "texture": "#texture"
        }
      }
    },
    {
      "from": [
        -4.04571,
        -2.12571,
        13.6686
      ],
      "to": [
        18.6286,
        0.708571,
        15.0857
      ],
      "faces": {
        "up": {
          "uv": [
            12.25,
            0,
            12.375,
            2
          ],
          "rotation": 270,
          "texture": "#texture"
        },
        "south": {
          "uv": [
            2,
            6.125,
            4,
            6.375
          ],
          "texture": "#texture"
        },
        "west": {
          "uv": [
            9.875,
            0.75,
            10,
            1
          ],
          "texture": "#texture"
        },
        "east": {
          "uv": [
            9.375,
            4.875,
            9.5,
            5.125
          ],
          "texture": "#texture"
        }
      }
    },
    {
      "from": [
        -4.04571,
        -2.12571,
        0.914286
      ],
      "to": [
        18.6286,
        0.708571,
        2.33143
      ],
      "faces": {
        "up": {
          "uv": [
            12.375,
            0,
            12.5,
            2
          ],
          "rotation": 270,
          "texture": "#texture"
        },
        "north": {
          "uv": [
            4,
            6.125,
            6,
            6.375
          ],
          "texture": "#texture"
        },
        "west": {
          "uv": [
            0.625,
            0.25,
            0.75,
            0.5
          ],
          "texture": "#texture"
        },
        "east": {
          "uv": [
            4,
            6.125,
            4.125,
            6.375
          ],
          "texture": "#texture"
        }
      }
    },
    {
      "from": [
        -4.04571,
        -0.708571,
        12.2514
      ],
      "to": [
        18.6286,
        0.708571,
        13.6686
      ],
      "faces": {
        "up": {
          "uv": [
            12.5,
            0,
            12.625,
            2
          ],
          "rotation": 270,
          "texture": "#texture"
        },
        "west": {
          "uv": [
            7,
            6.625,
            7.125,
            6.75
          ],
          "texture": "#texture"
        },
        "east": {
          "uv": [
            7.75,
            6.625,
            7.875,
            6.75
          ],
          "texture": "#texture"
        }
      }
    },
    {
      "from": [
        -4.04571,
        -0.708571,
        2.33143
      ],
      "to": [
        18.6286,
        0.708571,
        3.74857
      ],
      "faces": {
        "up": {
          "uv": [
            12.625,
            0,
            12.75,
            2
          ],
          "rotation": 270,
          "texture": "#texture"
        },
        "west": {
          "uv": [
            6.625,
            6.625,
            6.75,
            6.75
          ],
          "texture": "#texture"
        },
        "east": {
          "uv": [
            10.125,
            5,
            10.25,
            5.125
          ],
          "texture": "#texture"
        }
      }
    },
    {
      "from": [
        -4.04571,
        0.708571,
        9.41714
      ],
      "to": [
        18.6286,
        2.12571,
        12.2514
      ],
      "faces": {
        "up": {
          "uv": [
            11,
            0,
            11.25,
            2
          ],
          "rotation": 270,
          "texture": "#texture"
        },
        "south": {
          "uv": [
            10,
            7.125,
            12,
            7.25
          ],
          "texture": "#texture"
        },
        "west": {
          "uv": [
            10.75,
            0,
            11,
            0.125
          ],
          "texture": "#texture"
        },
        "east": {
          "uv": [
            11,
            1.875,
            11.25,
            2
          ],
          "texture": "#texture"
        }
      }
    },
    {
      "from": [
        -5.46286,
        0.708571,
        5.16571
      ],
      "to": [
        18.6286,
        2.12571,
        6.58286
      ],
      "faces": {
        "up": {
          "uv": [
            6.875,
            0,
            7,
            2.125
          ],
          "rotation": 270,
          "texture": "#texture"
        },
        "north": {
          "uv": [
            9,
            7,
            11.125,
            7.125
          ],
          "texture": "#texture"
        },
        "south": {
          "uv": [
            11.125,
            7,
            13.25,
            7.125
          ],
          "texture": "#texture"
        },
        "west": {
          "uv": [
            7.625,
            6.875,
            7.75,
            7
          ],
          "texture": "#texture"
        },
        "east": {
          "uv": [
            4,
            4.875,
            4.125,
            5
          ],
          "texture": "#texture"
        }
      }
    },
    {
      "from": [
        -4.04571,
        0.708571,
        3.74857
      ],
      "to": [
        18.6286,
        2.12571,
        5.16571
      ],
      "faces": {
        "up": {
          "uv": [
            12.75,
            0,
            12.875,
            2
          ],
          "rotation": 270,
          "texture": "#texture"
        },
        "north": {
          "uv": [
            12,
            7.125,
            14,
            7.25
          ],
          "texture": "#texture"
        },
        "west": {
          "uv": [
            11.375,
            4.875,
            11.5,
            5
          ],
          "texture": "#texture"
        },
        "east": {
          "uv": [
            2.75,
            4.875,
            2.875,
            5
          ],
          "texture": "#texture"
        }
      }
    },
    {
      "from": [
        -2.62857,
        -9.21143,
        15.0857
      ],
      "to": [
        17.2114,
        -7.79429,
        16.5029
      ],
      "faces": {
        "down": {
          "uv": [
            15.625,
            0,
            15.75,
            1.75
          ],
          "rotation": 270,
          "texture": "#texture"
        },
        "south": {
          "uv": [
            1.75,
            7.25,
            3.5,
            7.375
          ],
          "texture": "#texture"
        },
        "west": {
          "uv": [
            12.125,
            5,
            12.25,
            5.125
          ],
          "texture": "#texture"
        },
        "east": {
          "uv": [
            10.125,
            5,
            10.25,
            5.125
          ],
          "texture": "#texture"
        }
      }
    },
    {
      "from": [
        -2.62857,
        -9.21143,
        -0.502857
      ],
      "to": [
        17.2114,
        -7.79429,
        0.914286
      ],
      "faces": {
        "down": {
          "uv": [
            15.75,
            0,
            15.875,
            1.75
          ],
          "rotation": 270,
          "texture": "#texture"
        },
        "north": {
          "uv": [
            3.5,
            7.25,
            5.25,
            7.375
          ],
          "texture": "#texture"
        },
        "west": {
          "uv": [
            12.125,
            5,
            12.25,
            5.125
          ],
          "texture": "#texture"
        },
        "east": {
          "uv": [
            6.625,
            6.625,
            6.75,
            6.75
          ],
          "texture": "#texture"
        }
      }
    },
    {
      "from": [
        -2.62857,
        -7.79429,
        16.5029
      ],
      "to": [
        17.2114,
        -6.37714,
        17.92
      ],
      "faces": {
        "down": {
          "uv": [
            15.875,
            0,
            16,
            1.75
          ],
          "rotation": 270,
          "texture": "#texture"
        },
        "south": {
          "uv": [
            5.25,
            7.25,
            7,
            7.375
          ],
          "texture": "#texture"
        },
        "west": {
          "uv": [
            12.25,
            3,
            12.375,
            3.125
          ],
          "texture": "#texture"
        },
        "east": {
          "uv": [
            11.5,
            3,
            11.625,
            3.125
          ],
          "texture": "#texture"
        }
      }
    },
    {
      "from": [
        -2.62857,
        -7.79429,
        -1.92
      ],
      "to": [
        17.2114,
        -6.37714,
        -0.502857
      ],
      "faces": {
        "down": {
          "uv": [
            0,
            2.625,
            0.125,
            4.375
          ],
          "rotation": 270,
          "texture": "#texture"
        },
        "north": {
          "uv": [
            7,
            7.25,
            8.75,
            7.375
          ],
          "texture": "#texture"
        },
        "west": {
          "uv": [
            2.625,
            7,
            2.75,
            7.125
          ],
          "texture": "#texture"
        },
        "east": {
          "uv": [
            11.5,
            3,
            11.625,
            3.125
          ],
          "texture": "#texture"
        }
      }
    },
    {
      "from": [
        -2.62857,
        -6.37714,
        17.92
      ],
      "to": [
        17.2114,
        -3.54286,
        19.3371
      ],
      "faces": {
        "down": {
          "uv": [
            0.125,
            2.625,
            0.25,
            4.375
          ],
          "rotation": 270,
          "texture": "#texture"
        },
        "up": {
          "uv": [
            0.25,
            2.625,
            0.375,
            4.375
          ],
          "rotation": 270,
          "texture": "#texture"
        },
        "south": {
          "uv": [
            7.75,
            6.125,
            9.5,
            6.375
          ],
          "texture": "#texture"
        },
        "west": {
          "uv": [
            7.625,
            6.125,
            7.75,
            6.375
          ],
          "texture": "#texture"
        },
        "east": {
          "uv": [
            6,
            6.125,
            6.125,
            6.375
          ],
          "texture": "#texture"
        }
      }
    },
    {
      "from": [
        -2.62857,
        -6.37714,
        -3.33714
      ],
      "to": [
        17.2114,
        -3.54286,
        -1.92
      ],
      "faces": {
        "down": {
          "uv": [
            0.375,
            2.625,
            0.5,
            4.375
          ],
          "rotation": 270,
          "texture": "#texture"
        },
        "up": {
          "uv": [
            0.5,
            2.625,
            0.625,
            4.375
          ],
          "rotation": 270,
          "texture": "#texture"
        },
        "north": {
          "uv": [
            9.5,
            6.125,
            11.25,
            6.375
          ],
          "texture": "#texture"
        },
        "west": {
          "uv": [
            11.125,
            6.125,
            11.25,
            6.375
          ],
          "texture": "#texture"
        },
        "east": {
          "uv": [
            9.5,
            6.125,
            9.625,
            6.375
          ],
          "texture": "#texture"
        }
      }
    },
    {
      "from": [
        -2.62857,
        -3.54286,
        16.5029
      ],
      "to": [
        17.2114,
        -0.708571,
        17.92
      ],
      "faces": {
        "up": {
          "uv": [
            0.625,
            2.625,
            0.75,
            4.375
          ],
          "rotation": 270,
          "texture": "#texture"
        },
        "south": {
          "uv": [
            11.25,
            6.125,
            13,
            6.375
          ],
          "texture": "#texture"
        },
        "west": {
          "uv": [
            6.25,
            1.75,
            6.375,
            2
          ],
          "texture": "#texture"
        },
        "east": {
          "uv": [
            6.75,
            1,
            6.875,
            1.25
          ],
          "texture": "#texture"
        }
      }
    },
    {
      "from": [
        -2.62857,
        -3.54286,
        -1.92
      ],
      "to": [
        17.2114,
        -0.708571,
        -0.502857
      ],
      "faces": {
        "up": {
          "uv": [
            0.75,
            2.625,
            0.875,
            4.375
          ],
          "rotation": 270,
          "texture": "#texture"
        },
        "north": {
          "uv": [
            1.75,
            6.375,
            3.5,
            6.625
          ],
          "texture": "#texture"
        },
        "west": {
          "uv": [
            3.375,
            6.375,
            3.5,
            6.625
          ],
          "texture": "#texture"
        },
        "east": {
          "uv": [
            4.875,
            5.125,
            5,
            5.375
          ],
          "texture": "#texture"
        }
      }
    },
    {
      "from": [
        -2.62857,
        -0.708571,
        15.0857
      ],
      "to": [
        17.2114,
        0.708571,
        16.5029
      ],
      "faces": {
        "up": {
          "uv": [
            0.875,
            2.625,
            1,
            4.375
          ],
          "rotation": 270,
          "texture": "#texture"
        },
        "south": {
          "uv": [
            8.75,
            7.25,
            10.5,
            7.375
          ],
          "texture": "#texture"
        },
        "west": {
          "uv": [
            3.5,
            6.625,
            3.625,
            6.75
          ],
          "texture": "#texture"
        },
        "east": {
          "uv": [
            7.75,
            6.625,
            7.875,
            6.75
          ],
          "texture": "#texture"
        }
      }
    },
    {
      "from": [
        -2.62857,
        -0.708571,
        -0.502857
      ],
      "to": [
        17.2114,
        0.708571,
        0.914286
      ],
      "faces": {
        "up": {
          "uv": [
            1,
            2.625,
            1.125,
            4.375
          ],
          "rotation": 270,
          "texture": "#texture"
        },
        "north": {
          "uv": [
            10.5,
            7.25,
            12.25,
            7.375
          ],
          "texture": "#texture"
        },
        "west": {
          "uv": [
            9.875,
            5,
            10,
            5.125
          ],
          "texture": "#texture"
        },
        "east": {
          "uv": [
            6.625,
            6.625,
            6.75,
            6.75
          ],
          "texture": "#texture"
        }
      }
    },
    {
      "from": [
        -2.62857,
        0.708571,
        12.2514
      ],
      "to": [
        17.2114,
        2.12571,
        15.0857
      ],
      "faces": {
        "up": {
          "uv": [
            15.125,
            0,
            15.375,
            1.75
          ],
          "rotation": 270,
          "texture": "#texture"
        },
        "south": {
          "uv": [
            12.25,
            7.25,
            14,
            7.375
          ],
          "texture": "#texture"
        },
        "west": {
          "uv": [
            6.75,
            4.875,
            7,
            5
          ],
          "texture": "#texture"
        },
        "east": {
          "uv": [
            15.125,
            1.625,
            15.375,
            1.75
          ],
          "texture": "#texture"
        }
      }
    },
    {
      "from": [
        -2.62857,
        0.708571,
        0.914286
      ],
      "to": [
        17.2114,
        2.12571,
        3.74857
      ],
      "faces": {
        "up": {
          "uv": [
            15.375,
            0,
            15.625,
            1.75
          ],
          "rotation": 270,
          "texture": "#texture"
        },
        "north": {
          "uv": [
            1.75,
            7.375,
            3.5,
            7.5
          ],
          "texture": "#texture"
        },
        "west": {
          "uv": [
            11.125,
            4.875,
            11.375,
            5
          ],
          "texture": "#texture"
        },
        "east": {
          "uv": [
            7.375,
            6.625,
            7.625,
            6.75
          ],
          "texture": "#texture"
        }
      }
    },
    {
      "from": [
        -2.62857,
        2.12571,
        3.74857
      ],
      "to": [
        17.2114,
        3.54286,
        12.2514
      ],
      "faces": {
        "up": {
          "uv": [
            14.375,
            0,
            15.125,
            1.75
          ],
          "rotation": 270,
          "texture": "#texture"
        },
        "north": {
          "uv": [
            3.5,
            7.375,
            5.25,
            7.5
          ],
          "texture": "#texture"
        },
        "south": {
          "uv": [
            5.25,
            7.375,
            7,
            7.5
          ],
          "texture": "#texture"
        },
        "west": {
          "uv": [
            12.875,
            0,
            13.625,
            0.125
          ],
          "texture": "#texture"
        },
        "east": {
          "uv": [
            14.375,
            1.625,
            15.125,
            1.75
          ],
          "texture": "#texture"
        }
      }
    },
    {
      "from": [
        -1.21143,
        -9.21143,
        16.5029
      ],
      "to": [
        15.7943,
        -7.79429,
        17.92
      ],
      "faces": {
        "down": {
          "uv": [
            3.625,
            2.625,
            3.75,
            4.125
          ],
          "rotation": 270,
          "texture": "#texture"
        },
        "south": {
          "uv": [
            7,
            7.375,
            8.5,
            7.5
          ],
          "texture": "#texture"
        },
        "west": {
          "uv": [
            2.75,
            4.875,
            2.875,
            5
          ],
          "texture": "#texture"
        },
        "east": {
          "uv": [
            4.75,
            4.875,
            4.875,
            5
          ],
          "texture": "#texture"
        }
      }
    },
    {
      "from": [
        -1.21143,
        -9.21143,
        -1.92
      ],
      "to": [
        15.7943,
        -7.79429,
        -0.502857
      ],
      "faces": {
        "down": {
          "uv": [
            3.75,
            2.625,
            3.875,
            4.125
          ],
          "rotation": 270,
          "texture": "#texture"
        },
        "north": {
          "uv": [
            8.5,
            7.375,
            10,
            7.5
          ],
          "texture": "#texture"
        },
        "west": {
          "uv": [
            7,
            6.625,
            7.125,
            6.75
          ],
          "texture": "#texture"
        },
        "east": {
          "uv": [
            10,
            4.875,
            10.125,
            5
          ],
          "texture": "#texture"
        }
      }
    },
    {
      "from": [
        -1.21143,
        -7.79429,
        17.92
      ],
      "to": [
        15.7943,
        -6.37714,
        19.3371
      ],
      "faces": {
        "down": {
          "uv": [
            3.875,
            2.625,
            4,
            4.125
          ],
          "rotation": 270,
          "texture": "#texture"
        },
        "south": {
          "uv": [
            10,
            7.375,
            11.5,
            7.5
          ],
          "texture": "#texture"
        },
        "west": {
          "uv": [
            11.625,
            3,
            11.75,
            3.125
          ],
          "texture": "#texture"
        },
        "east": {
          "uv": [
            11.5,
            3,
            11.625,
            3.125
          ],
          "texture": "#texture"
        }
      }
    },
    {
      "from": [
        -1.21143,
        -7.79429,
        -3.33714
      ],
      "to": [
        15.7943,
        -6.37714,
        -1.92
      ],
      "faces": {
        "down": {
          "uv": [
            4,
            2.625,
            4.125,
            4.125
          ],
          "rotation": 270,
          "texture": "#texture"
        },
        "north": {
          "uv": [
            11.5,
            7.375,
            13,
            7.5
          ],
          "texture": "#texture"
        },
        "west": {
          "uv": [
            6.5,
            7,
            6.625,
            7.125
          ],
          "texture": "#texture"
        },
        "east": {
          "uv": [
            2.5,
            7,
            2.625,
            7.125
          ],
          "texture": "#texture"
        }
      }
    },
    {
      "from": [
        -1.21143,
        -6.37714,
        19.3371
      ],
      "to": [
        15.7943,
        -3.54286,
        20.7543
      ],
      "faces": {
        "down": {
          "uv": [
            4.125,
            2.625,
            4.25,
            4.125
          ],
          "rotation": 270,
          "texture": "#texture"
        },
        "up": {
          "uv": [
            4.25,
            2.625,
            4.375,
            4.125
          ],
          "rotation": 270,
          "texture": "#texture"
        },
        "south": {
          "uv": [
            5,
            6.375,
            6.5,
            6.625
          ],
          "texture": "#texture"
        },
        "west": {
          "uv": [
            0.5,
            3.875,
            0.625,
            4.125
          ],
          "texture": "#texture"
        },
        "east": {
          "uv": [
            3.5,
            6.375,
            3.625,
            6.625
          ],
          "texture": "#texture"
        }
      }
    },
    {
      "from": [
        -1.21143,
        -6.37714,
        -4.75429
      ],
      "to": [
        15.7943,
        -3.54286,
        -3.33714
      ],
      "faces": {
        "down": {
          "uv": [
            4.375,
            2.625,
            4.5,
            4.125
          ],
          "rotation": 270,
          "texture": "#texture"
        },
        "up": {
          "uv": [
            4.5,
            2.625,
            4.625,
            4.125
          ],
          "rotation": 270,
          "texture": "#texture"
        },
        "north": {
          "uv": [
            6.5,
            6.375,
            8,
            6.625
          ],
          "texture": "#texture"
        },
        "west": {
          "uv": [
            1.875,
            2,
            2,
            2.25
          ],
          "texture": "#texture"
        },
        "east": {
          "uv": [
            6.5,
            6.375,
            6.625,
            6.625
          ],
          "texture": "#texture"
        }
      }
    },
    {
      "from": [
        -1.21143,
        -3.54286,
        17.92
      ],
      "to": [
        15.7943,
        -0.708571,
        19.3371
      ],
      "faces": {
        "up": {
          "uv": [
            4.625,
            2.625,
            4.75,
            4.125
          ],
          "rotation": 270,
          "texture": "#texture"
        },
        "south": {
          "uv": [
            8,
            6.375,
            9.5,
            6.625
          ],
          "texture": "#texture"
        },
        "west": {
          "uv": [
            0.25,
            0.875,
            0.375,
            1.125
          ],
          "texture": "#texture"
        },
        "east": {
          "uv": [
            9.5,
            0.875,
            9.625,
            1.125
          ],
          "texture": "#texture"
        }
      }
    },
    {
      "from": [
        -1.21143,
        -3.54286,
        -3.33714
      ],
      "to": [
        15.7943,
        -0.708571,
        -1.92
      ],
      "faces": {
        "up": {
          "uv": [
            4.75,
            2.625,
            4.875,
            4.125
          ],
          "rotation": 270,
          "texture": "#texture"
        },
        "north": {
          "uv": [
            9.5,
            6.375,
            11,
            6.625
          ],
          "texture": "#texture"
        },
        "west": {
          "uv": [
            0.25,
            0.125,
            0.375,
            0.375
          ],
          "texture": "#texture"
        },
        "east": {
          "uv": [
            0.25,
            0.875,
            0.375,
            1.125
          ],
          "texture": "#texture"
        }
      }
    },
    {
      "from": [
        -1.21143,
        -0.708571,
        16.5029
      ],
      "to": [
        15.7943,
        0.708571,
        17.92
      ],
      "faces": {
        "up": {
          "uv": [
            5,
            2.625,
            5.125,
            4.125
          ],
          "rotation": 270,
          "texture": "#texture"
        },
        "south": {
          "uv": [
            1.5,
            7.5,
            3,
            7.625
          ],
          "texture": "#texture"
        },
        "west": {
          "uv": [
            4.125,
            4.875,
            4.25,
            5
          ],
          "texture": "#texture"
        },
        "east": {
          "uv": [
            7,
            6.625,
            7.125,
            6.75
          ],
          "texture": "#texture"
        }
      }
    },
    {
      "from": [
        -1.21143,
        -0.708571,
        -1.92
      ],
      "to": [
        15.7943,
        0.708571,
        -0.502857
      ],
      "faces": {
        "up": {
          "uv": [
            5.125,
            2.625,
            5.25,
            4.125
          ],
          "rotation": 270,
          "texture": "#texture"
        },
        "north": {
          "uv": [
            3,
            7.5,
            4.5,
            7.625
          ],
          "texture": "#texture"
        },
        "west": {
          "uv": [
            3.5,
            6.625,
            3.625,
            6.75
          ],
          "texture": "#texture"
        },
        "east": {
          "uv": [
            6.5,
            6.625,
            6.625,
            6.75
          ],
          "texture": "#texture"
        }
      }
    },
    {
      "from": [
        -1.21143,
        0.708571,
        15.0857
      ],
      "to": [
        15.7943,
        2.12571,
        16.5029
      ],
      "faces": {
        "up": {
          "uv": [
            5.25,
            2.625,
            5.375,
            4.125
          ],
          "rotation": 270,
          "texture": "#texture"
        },
        "south": {
          "uv": [
            4.5,
            7.5,
            6,
            7.625
          ],
          "texture": "#texture"
        },
        "west": {
          "uv": [
            2.75,
            4.875,
            2.875,
            5
          ],
          "texture": "#texture"
        },
        "east": {
          "uv": [
            4.125,
            4.875,
            4.25,
            5
          ],
          "texture": "#texture"
        }
      }
    },
    {
      "from": [
        -1.21143,
        0.708571,
        -0.502857
      ],
      "to": [
        15.7943,
        2.12571,
        0.914286
      ],
      "faces": {
        "up": {
          "uv": [
            5.375,
            2.625,
            5.5,
            4.125
          ],
          "rotation": 270,
          "texture": "#texture"
        },
        "north": {
          "uv": [
            6,
            7.5,
            7.5,
            7.625
          ],
          "texture": "#texture"
        },
        "west": {
          "uv": [
            3.5,
            6.625,
            3.625,
            6.75
          ],
          "texture": "#texture"
        },
        "east": {
          "uv": [
            2.75,
            4.875,
            2.875,
            5
          ],
          "texture": "#texture"
        }
      }
    },
    {
      "from": [
        -1.21143,
        2.12571,
        12.2514
      ],
      "to": [
        15.7943,
        3.54286,
        15.0857
      ],
      "faces": {
        "up": {
          "uv": [
            2.875,
            2.625,
            3.125,
            4.125
          ],
          "rotation": 270,
          "texture": "#texture"
        },
        "south": {
          "uv": [
            7.5,
            7.5,
            9,
            7.625
          ],
          "texture": "#texture"
        },
        "west": {
          "uv": [
            2.625,
            2.625,
            2.875,
            2.75
          ],
          "texture": "#texture"
        },
        "east": {
          "uv": [
            2.875,
            4,
            3.125,
            4.125
          ],
          "texture": "#texture"
        }
      }
    },
    {
      "from": [
        -1.21143,
        2.12571,
        0.914286
      ],
      "to": [
        15.7943,
        3.54286,
        3.74857
      ],
      "faces": {
        "up": {
          "uv": [
            3.375,
            2.625,
            3.625,
            4.125
          ],
          "rotation": 270,
          "texture": "#texture"
        },
        "north": {
          "uv": [
            9,
            7.5,
            10.5,
            7.625
          ],
          "texture": "#texture"
        },
        "west": {
          "uv": [
            3.125,
            2.625,
            3.375,
            2.75
          ],
          "texture": "#texture"
        },
        "east": {
          "uv": [
            3.375,
            4,
            3.625,
            4.125
          ],
          "texture": "#texture"
        }
      }
    },
    {
      "from": [
        -1.21143,
        3.54286,
        3.74857
      ],
      "to": [
        15.7943,
        4.96,
        12.2514
      ],
      "faces": {
        "up": {
          "uv": [
            1.875,
            2.625,
            2.625,
            4.125
          ],
          "rotation": 270,
          "texture": "#texture"
        },
        "north": {
          "uv": [
            10.5,
            7.5,
            12,
            7.625
          ],
          "texture": "#texture"
        },
        "south": {
          "uv": [
            12,
            7.5,
            13.5,
            7.625
          ],
          "texture": "#texture"
        },
        "west": {
          "uv": [
            1.125,
            2.625,
            1.875,
            2.75
          ],
          "texture": "#texture"
        },
        "east": {
          "uv": [
            1.875,
            4,
            2.625,
            4.125
          ],
          "texture": "#texture"
        }
      }
    },
    {
      "from": [
        0.205714,
        -9.21143,
        17.92
      ],
      "to": [
        14.3771,
        -7.79429,
        19.3371
      ],
      "faces": {
        "down": {
          "uv": [
            5.625,
            2.625,
            5.75,
            3.875
          ],
          "rotation": 270,
          "texture": "#texture"
        },
        "south": {
          "uv": [
            1.25,
            7.625,
            2.5,
            7.75
          ],
          "texture": "#texture"
        },
        "west": {
          "uv": [
            11.375,
            4.875,
            11.5,
            5
          ],
          "texture": "#texture"
        },
        "east": {
          "uv": [
            11.375,
            4.875,
            11.5,
            5
          ],
          "texture": "#texture"
        }
      }
    },
    {
      "from": [
        0.205714,
        -9.21143,
        -3.33714
      ],
      "to": [
        14.3771,
        -7.79429,
        -1.92
      ],
      "faces": {
        "down": {
          "uv": [
            5.75,
            2.625,
            5.875,
            3.875
          ],
          "rotation": 270,
          "texture": "#texture"
        },
        "north": {
          "uv": [
            2.5,
            7.625,
            3.75,
            7.75
          ],
          "texture": "#texture"
        },
        "west": {
          "uv": [
            6.75,
            6.625,
            6.875,
            6.75
          ],
          "texture": "#texture"
        },
        "east": {
          "uv": [
            4.125,
            4.875,
            4.25,
            5
          ],
          "texture": "#texture"
        }
      }
    },
    {
      "from": [
        0.205714,
        -7.79429,
        19.3371
      ],
      "to": [
        14.3771,
        -6.37714,
        20.7543
      ],
      "faces": {
        "down": {
          "uv": [
            5.875,
            2.625,
            6,
            3.875
          ],
          "rotation": 270,
          "texture": "#texture"
        },
        "south": {
          "uv": [
            3.75,
            7.625,
            5,
            7.75
          ],
          "texture": "#texture"
        },
        "west": {
          "uv": [
            12.625,
            3,
            12.75,
            3.125
          ],
          "texture": "#texture"
        },
        "east": {
          "uv": [
            13.25,
            3,
            13.375,
            3.125
          ],
          "texture": "#texture"
        }
      }
    },
    {
      "from": [
        0.205714,
        -7.79429,
        -4.75429
      ],
      "to": [
        14.3771,
        -6.37714,
        -3.33714
      ],
      "faces": {
        "down": {
          "uv": [
            6,
            2.625,
            6.125,
            3.875
          ],
          "rotation": 270,
          "texture": "#texture"
        },
        "north": {
          "uv": [
            5,
            7.625,
            6.25,
            7.75
          ],
          "texture": "#texture"
        },
        "west": {
          "uv": [
            2.25,
            7,
            2.375,
            7.125
          ],
          "texture": "#texture"
        },
        "east": {
          "uv": [
            6.5,
            7,
            6.625,
            7.125
          ],
          "texture": "#texture"
        }
      }
    },
    {
      "from": [
        0.205714,
        -3.54286,
        19.3371
      ],
      "to": [
        14.3771,
        -2.12571,
        20.7543
      ],
      "faces": {
        "up": {
          "uv": [
            6.125,
            2.625,
            6.25,
            3.875
          ],
          "rotation": 270,
          "texture": "#texture"
        },
        "south": {
          "uv": [
            6.25,
            7.625,
            7.5,
            7.75
          ],
          "texture": "#texture"
        },
        "west": {
          "uv": [
            10.75,
            6.625,
            10.875,
            6.75
          ],
          "texture": "#texture"
        },
        "east": {
          "uv": [
            2.75,
            4.875,
            2.875,
            5
          ],
          "texture": "#texture"
        }
      }
    },
    {
      "from": [
        0.205714,
        -3.54286,
        -4.75429
      ],
      "to": [
        14.3771,
        -2.12571,
        -3.33714
      ],
      "faces": {
        "up": {
          "uv": [
            6.25,
            2.625,
            6.375,
            3.875
          ],
          "rotation": 270,
          "texture": "#texture"
        },
        "north": {
          "uv": [
            7.5,
            7.625,
            8.75,
            7.75
          ],
          "texture": "#texture"
        },
        "west": {
          "uv": [
            7.75,
            6.625,
            7.875,
            6.75
          ],
          "texture": "#texture"
        },
        "east": {
          "uv": [
            10.125,
            5,
            10.25,
            5.125
          ],
          "texture": "#texture"
        }
      }
    },
    {
      "from": [
        0.205714,
        -0.708571,
        17.92
      ],
      "to": [
        14.3771,
        0.708571,
        19.3371
      ],
      "faces": {
        "up": {
          "uv": [
            6.375,
            2.625,
            6.5,
            3.875
          ],
          "rotation": 270,
          "texture": "#texture"
        },
        "south": {
          "uv": [
            8.75,
            7.625,
            10,
            7.75
          ],
          "texture": "#texture"
        },
        "west": {
          "uv": [
            7.875,
            6.625,
            8,
            6.75
          ],
          "texture": "#texture"
        },
        "east": {
          "uv": [
            2.75,
            4.875,
            2.875,
            5
          ],
          "texture": "#texture"
        }
      }
    },
    {
      "from": [
        0.205714,
        -0.708571,
        -3.33714
      ],
      "to": [
        14.3771,
        0.708571,
        -1.92
      ],
      "faces": {
        "up": {
          "uv": [
            6.5,
            2.625,
            6.625,
            3.875
          ],
          "rotation": 270,
          "texture": "#texture"
        },
        "north": {
          "uv": [
            10,
            7.625,
            11.25,
            7.75
          ],
          "texture": "#texture"
        },
        "west": {
          "uv": [
            7.75,
            6.625,
            7.875,
            6.75
          ],
          "texture": "#texture"
        },
        "east": {
          "uv": [
            12.125,
            5,
            12.25,
            5.125
          ],
          "texture": "#texture"
        }
      }
    },
    {
      "from": [
        0.205714,
        0.708571,
        16.5029
      ],
      "to": [
        14.3771,
        2.12571,
        17.92
      ],
      "faces": {
        "up": {
          "uv": [
            6.625,
            2.625,
            6.75,
            3.875
          ],
          "rotation": 270,
          "texture": "#texture"
        },
        "south": {
          "uv": [
            12.5,
            7.625,
            13.75,
            7.75
          ],
          "texture": "#texture"
        },
        "west": {
          "uv": [
            2.75,
            5,
            2.875,
            5.125
          ],
          "texture": "#texture"
        },
        "east": {
          "uv": [
            11.25,
            7.625,
            11.375,
            7.75
          ],
          "texture": "#texture"
        }
      }
    },
    {
      "from": [
        0.205714,
        0.708571,
        -1.92
      ],
      "to": [
        14.3771,
        2.12571,
        -0.502857
      ],
      "faces": {
        "up": {
          "uv": [
            6.75,
            2.625,
            6.875,
            3.875
          ],
          "rotation": 270,
          "texture": "#texture"
        },
        "north": {
          "uv": [
            1.25,
            7.75,
            2.5,
            7.875
          ],
          "texture": "#texture"
        },
        "west": {
          "uv": [
            2.75,
            5,
            2.875,
            5.125
          ],
          "texture": "#texture"
        },
        "east": {
          "uv": [
            4.625,
            4.5,
            4.75,
            4.625
          ],
          "texture": "#texture"
        }
      }
    },
    {
      "from": [
        0.205714,
        2.12571,
        15.0857
      ],
      "to": [
        14.3771,
        3.54286,
        16.5029
      ],
      "faces": {
        "up": {
          "uv": [
            6.875,
            2.625,
            7,
            3.875
          ],
          "rotation": 270,
          "texture": "#texture"
        },
        "south": {
          "uv": [
            2.5,
            7.75,
            3.75,
            7.875
          ],
          "texture": "#texture"
        },
        "west": {
          "uv": [
            2.75,
            6.625,
            2.875,
            6.75
          ],
          "texture": "#texture"
        },
        "east": {
          "uv": [
            2.75,
            6.625,
            2.875,
            6.75
          ],
          "texture": "#texture"
        }
      }
    },
    {
      "from": [
        0.205714,
        2.12571,
        -0.502857
      ],
      "to": [
        14.3771,
        3.54286,
        0.914286
      ],
      "faces": {
        "up": {
          "uv": [
            7,
            2.625,
            7.125,
            3.875
          ],
          "rotation": 270,
          "texture": "#texture"
        },
        "north": {
          "uv": [
            3.75,
            7.75,
            5,
            7.875
          ],
          "texture": "#texture"
        },
        "west": {
          "uv": [
            6.875,
            4.5,
            7,
            4.625
          ],
          "texture": "#texture"
        },
        "east": {
          "uv": [
            3.125,
            5.25,
            3.25,
            5.375
          ],
          "texture": "#texture"
        }
      }
    },
    {
      "from": [
        0.205714,
        3.54286,
        12.2514
      ],
      "to": [
        14.3771,
        4.96,
        13.6686
      ],
      "faces": {
        "up": {
          "uv": [
            7.125,
            2.625,
            7.25,
            3.875
          ],
          "rotation": 270,
          "texture": "#texture"
        },
        "south": {
          "uv": [
            5,
            7.75,
            6.25,
            7.875
          ],
          "texture": "#texture"
        },
        "west": {
          "uv": [
            11.875,
            3,
            12,
            3.125
          ],
          "texture": "#texture"
        },
        "east": {
          "uv": [
            13.25,
            7.5,
            13.375,
            7.625
          ],
          "texture": "#texture"
        }
      }
    },
    {
      "from": [
        0.205714,
        3.54286,
        2.33143
      ],
      "to": [
        14.3771,
        4.96,
        3.74857
      ],
      "faces": {
        "up": {
          "uv": [
            7.25,
            2.625,
            7.375,
            3.875
          ],
          "rotation": 270,
          "texture": "#texture"
        },
        "north": {
          "uv": [
            6.25,
            7.75,
            7.5,
            7.875
          ],
          "texture": "#texture"
        },
        "west": {
          "uv": [
            12.5,
            7.5,
            12.625,
            7.625
          ],
          "texture": "#texture"
        },
        "east": {
          "uv": [
            10.875,
            7.5,
            11,
            7.625
          ],
          "texture": "#texture"
        }
      }
    },
    {
      "from": [
        1.62286,
        -6.37714,
        20.7543
      ],
      "to": [
        12.96,
        -3.54286,
        22.1714
      ],
      "faces": {
        "down": {
          "uv": [
            8.75,
            2.625,
            8.875,
            3.625
          ],
          "rotation": 270,
          "texture": "#texture"
        },
        "up": {
          "uv": [
            8.875,
            2.625,
            9,
            3.625
          ],
          "rotation": 270,
          "texture": "#texture"
        },
        "south": {
          "uv": [
            12,
            6.375,
            13,
            6.625
          ],
          "texture": "#texture"
        },
        "west": {
          "uv": [
            11.875,
            6.375,
            12,
            6.625
          ],
          "texture": "#texture"
        },
        "east": {
          "uv": [
            11,
            6.375,
            11.125,
            6.625
          ],
          "texture": "#texture"
        }
      }
    },
    {
      "from": [
        1.62286,
        -6.37714,
        -6.17143
      ],
      "to": [
        12.96,
        -3.54286,
        -4.75429
      ],
      "faces": {
        "down": {
          "uv": [
            9,
            2.625,
            9.125,
            3.625
          ],
          "rotation": 270,
          "texture": "#texture"
        },
        "up": {
          "uv": [
            9.125,
            2.625,
            9.25,
            3.625
          ],
          "rotation": 270,
          "texture": "#texture"
        },
        "north": {
          "uv": [
            13,
            6.375,
            14,
            6.625
          ],
          "texture": "#texture"
        },
        "west": {
          "uv": [
            6.5,
            0.75,
            6.625,
            1
          ],
          "texture": "#texture"
        },
        "east": {
          "uv": [
            13,
            6.375,
            13.125,
            6.625
          ],
          "texture": "#texture"
        }
      }
    },
    {
      "from": [
        1.62286,
        -2.12571,
        19.3371
      ],
      "to": [
        12.96,
        -0.708571,
        20.7543
      ],
      "faces": {
        "up": {
          "uv": [
            9.25,
            2.625,
            9.375,
            3.625
          ],
          "rotation": 270,
          "texture": "#texture"
        },
        "south": {
          "uv": [
            10.75,
            7.75,
            11.75,
            7.875
          ],
          "texture": "#texture"
        },
        "west": {
          "uv": [
            3.5,
            6.625,
            3.625,
            6.75
          ],
          "texture": "#texture"
        },
        "east": {
          "uv": [
            7.75,
            6.625,
            7.875,
            6.75
          ],
          "texture": "#texture"
        }
      }
    },
    {
      "from": [
        1.62286,
        -2.12571,
        -4.75429
      ],
      "to": [
        12.96,
        -0.708571,
        -3.33714
      ],
      "faces": {
        "up": {
          "uv": [
            9.375,
            2.625,
            9.5,
            3.625
          ],
          "rotation": 270,
          "texture": "#texture"
        },
        "north": {
          "uv": [
            11.75,
            7.75,
            12.75,
            7.875
          ],
          "texture": "#texture"
        },
        "west": {
          "uv": [
            2.75,
            5,
            2.875,
            5.125
          ],
          "texture": "#texture"
        },
        "east": {
          "uv": [
            7,
            6.625,
            7.125,
            6.75
          ],
          "texture": "#texture"
        }
      }
    },
    {
      "from": [
        1.62286,
        3.54286,
        13.6686
      ],
      "to": [
        12.96,
        4.96,
        15.0857
      ],
      "faces": {
        "up": {
          "uv": [
            9.5,
            2.625,
            9.625,
            3.625
          ],
          "rotation": 270,
          "texture": "#texture"
        },
        "south": {
          "uv": [
            12.75,
            7.75,
            13.75,
            7.875
          ],
          "texture": "#texture"
        },
        "west": {
          "uv": [
            2,
            2.875,
            2.125,
            3
          ],
          "texture": "#texture"
        },
        "east": {
          "uv": [
            10.875,
            7.5,
            11,
            7.625
          ],
          "texture": "#texture"
        }
      }
    },
    {
      "from": [
        1.62286,
        3.54286,
        0.914286
      ],
      "to": [
        12.96,
        4.96,
        2.33143
      ],
      "faces": {
        "up": {
          "uv": [
            9.625,
            2.625,
            9.75,
            3.625
          ],
          "rotation": 270,
          "texture": "#texture"
        },
        "north": {
          "uv": [
            13.75,
            7.75,
            14.75,
            7.875
          ],
          "texture": "#texture"
        },
        "west": {
          "uv": [
            12.75,
            7.5,
            12.875,
            7.625
          ],
          "texture": "#texture"
        },
        "east": {
          "uv": [
            11.25,
            3,
            11.375,
            3.125
          ],
          "texture": "#texture"
        }
      }
    },
    {
      "from": [
        1.62286,
        4.96,
        9.41714
      ],
      "to": [
        12.96,
        6.37714,
        12.2514
      ],
      "faces": {
        "up": {
          "uv": [
            8.5,
            2.625,
            8.75,
            3.625
          ],
          "rotation": 270,
          "texture": "#texture"
        },
        "south": {
          "uv": [
            1,
            7.875,
            2,
            8
          ],
          "texture": "#texture"
        },
        "west": {
          "uv": [
            8.25,
            2.625,
            8.5,
            2.75
          ],
          "texture": "#texture"
        },
        "east": {
          "uv": [
            8.5,
            3.5,
            8.75,
            3.625
          ],
          "texture": "#texture"
        }
      }
    },
    {
      "from": [
        0.205714,
        4.96,
        8
      ],
      "to": [
        12.96,
        6.37714,
        9.41714
      ],
      "faces": {
        "up": {
          "uv": [
            7.375,
            2.625,
            7.5,
            3.75
          ],
          "rotation": 270,
          "texture": "#texture"
        },
        "north": {
          "uv": [
            7.5,
            7.75,
            8.625,
            7.875
          ],
          "texture": "#texture"
        },
        "south": {
          "uv": [
            8.625,
            7.75,
            9.75,
            7.875
          ],
          "texture": "#texture"
        },
        "west": {
          "uv": [
            4.75,
            4.875,
            4.875,
            5
          ],
          "texture": "#texture"
        },
        "east": {
          "uv": [
            12.125,
            5,
            12.25,
            5.125
          ],
          "texture": "#texture"
        }
      }
    },
    {
      "from": [
        1.62286,
        4.96,
        3.74857
      ],
      "to": [
        12.96,
        6.37714,
        8
      ],
      "faces": {
        "up": {
          "uv": [
            7.875,
            2.625,
            8.25,
            3.625
          ],
          "rotation": 270,
          "texture": "#texture"
        },
        "north": {
          "uv": [
            2,
            7.875,
            3,
            8
          ],
          "texture": "#texture"
        },
        "west": {
          "uv": [
            7.5,
            2.625,
            7.875,
            2.75
          ],
          "texture": "#texture"
        },
        "east": {
          "uv": [
            7.875,
            3.5,
            8.25,
            3.625
          ],
          "texture": "#texture"
        }
      }
    },
    {
      "from": [
        3.04,
        -3.54286,
        20.7543
      ],
      "to": [
        11.5429,
        -2.12571,
        22.1714
      ],
      "faces": {
        "up": {
          "uv": [
            9.75,
            2.625,
            9.875,
            3.375
          ],
          "rotation": 270,
          "texture": "#texture"
        },
        "south": {
          "uv": [
            3,
            7.875,
            3.75,
            8
          ],
          "texture": "#texture"
        },
        "west": {
          "uv": [
            7.125,
            6.625,
            7.25,
            6.75
          ],
          "texture": "#texture"
        },
        "east": {
          "uv": [
            12.125,
            5,
            12.25,
            5.125
          ],
          "texture": "#texture"
        }
      }
    },
    {
      "from": [
        3.04,
        -3.54286,
        -6.17143
      ],
      "to": [
        11.5429,
        -2.12571,
        -4.75429
      ],
      "faces": {
        "up": {
          "uv": [
            9.875,
            2.625,
            10,
            3.375
          ],
          "rotation": 270,
          "texture": "#texture"
        },
        "north": {
          "uv": [
            3.75,
            7.875,
            4.5,
            8
          ],
          "texture": "#texture"
        },
        "west": {
          "uv": [
            4.375,
            7.875,
            4.5,
            8
          ],
          "texture": "#texture"
        },
        "east": {
          "uv": [
            4.125,
            4.875,
            4.25,
            5
          ],
          "texture": "#texture"
        }
      }
    },
    {
      "from": [
        3.04,
        -0.708571,
        19.3371
      ],
      "to": [
        11.5429,
        0.708571,
        20.7543
      ],
      "faces": {
        "up": {
          "uv": [
            10,
            2.625,
            10.125,
            3.375
          ],
          "rotation": 270,
          "texture": "#texture"
        },
        "south": {
          "uv": [
            4.5,
            7.875,
            5.25,
            8
          ],
          "texture": "#texture"
        },
        "west": {
          "uv": [
            10,
            6.625,
            10.125,
            6.75
          ],
          "texture": "#texture"
        },
        "east": {
          "uv": [
            7.875,
            6.625,
            8,
            6.75
          ],
          "texture": "#texture"
        }
      }
    },
    {
      "from": [
        3.04,
        -0.708571,
        -4.75429
      ],
      "to": [
        11.5429,
        0.708571,
        -3.33714
      ],
      "faces": {
        "up": {
          "uv": [
            10.125,
            2.625,
            10.25,
            3.375
          ],
          "rotation": 270,
          "texture": "#texture"
        },
        "north": {
          "uv": [
            5.25,
            7.875,
            6,
            8
          ],
          "texture": "#texture"
        },
        "west": {
          "uv": [
            5.875,
            7.875,
            6,
            8
          ],
          "texture": "#texture"
        },
        "east": {
          "uv": [
            5.25,
            7.875,
            5.375,
            8
          ],
          "texture": "#texture"
        }
      }
    },
    {
      "from": [
        3.04,
        0.708571,
        17.92
      ],
      "to": [
        11.5429,
        2.12571,
        19.3371
      ],
      "faces": {
        "up": {
          "uv": [
            10.25,
            2.625,
            10.375,
            3.375
          ],
          "rotation": 270,
          "texture": "#texture"
        },
        "south": {
          "uv": [
            6,
            7.875,
            6.75,
            8
          ],
          "texture": "#texture"
        },
        "west": {
          "uv": [
            3.125,
            4.875,
            3.25,
            5
          ],
          "texture": "#texture"
        },
        "east": {
          "uv": [
            4.125,
            4.875,
            4.25,
            5
          ],
          "texture": "#texture"
        }
      }
    },
    {
      "from": [
        3.04,
        0.708571,
        -3.33714
      ],
      "to": [
        11.5429,
        2.12571,
        -1.92
      ],
      "faces": {
        "up": {
          "uv": [
            10.375,
            2.625,
            10.5,
            3.375
          ],
          "rotation": 270,
          "texture": "#texture"
        },
        "north": {
          "uv": [
            6.75,
            7.875,
            7.5,
            8
          ],
          "texture": "#texture"
        },
        "west": {
          "uv": [
            10.375,
            7.75,
            10.5,
            7.875
          ],
          "texture": "#texture"
        },
        "east": {
          "uv": [
            2.75,
            4.875,
            2.875,
            5
          ],
          "texture": "#texture"
        }
      }
    },
    {
      "from": [
        3.04,
        2.12571,
        16.5029
      ],
      "to": [
        11.5429,
        3.54286,
        17.92
      ],
      "faces": {
        "up": {
          "uv": [
            10.5,
            2.625,
            10.625,
            3.375
          ],
          "rotation": 270,
          "texture": "#texture"
        },
        "south": {
          "uv": [
            7.5,
            7.875,
            8.25,
            8
          ],
          "texture": "#texture"
        },
        "west": {
          "uv": [
            2.25,
            6.625,
            2.375,
            6.75
          ],
          "texture": "#texture"
        },
        "east": {
          "uv": [
            8,
            4.625,
            8.125,
            4.75
          ],
          "texture": "#texture"
        }
      }
    },
    {
      "from": [
        3.04,
        2.12571,
        -1.92
      ],
      "to": [
        11.5429,
        3.54286,
        -0.502857
      ],
      "faces": {
        "up": {
          "uv": [
            10.625,
            2.625,
            10.75,
            3.375
          ],
          "rotation": 270,
          "texture": "#texture"
        },
        "north": {
          "uv": [
            8.25,
            7.875,
            9,
            8
          ],
          "texture": "#texture"
        },
        "west": {
          "uv": [
            2.625,
            6.625,
            2.75,
            6.75
          ],
          "texture": "#texture"
        },
        "east": {
          "uv": [
            4.5,
            5,
            4.625,
            5.125
          ],
          "texture": "#texture"
        }
      }
    },
    {
      "from": [
        3.04,
        3.54286,
        15.0857
      ],
      "to": [
        11.5429,
        4.96,
        16.5029
      ],
      "faces": {
        "up": {
          "uv": [
            10.75,
            2.625,
            10.875,
            3.375
          ],
          "rotation": 270,
          "texture": "#texture"
        },
        "south": {
          "uv": [
            9,
            7.875,
            9.75,
            8
          ],
          "texture": "#texture"
        },
        "west": {
          "uv": [
            6.5,
            7,
            6.625,
            7.125
          ],
          "texture": "#texture"
        },
        "east": {
          "uv": [
            12.625,
            7.5,
            12.75,
            7.625
          ],
          "texture": "#texture"
        }
      }
    },
    {
      "from": [
        3.04,
        3.54286,
        -0.502857
      ],
      "to": [
        11.5429,
        4.96,
        0.914286
      ],
      "faces": {
        "up": {
          "uv": [
            10.875,
            2.625,
            11,
            3.375
          ],
          "rotation": 270,
          "texture": "#texture"
        },
        "north": {
          "uv": [
            9.75,
            7.875,
            10.5,
            8
          ],
          "texture": "#texture"
        },
        "west": {
          "uv": [
            11.5,
            3,
            11.625,
            3.125
          ],
          "texture": "#texture"
        },
        "east": {
          "uv": [
            2.5,
            7,
            2.625,
            7.125
          ],
          "texture": "#texture"
        }
      }
    },
    {
      "from": [
        3.04,
        4.96,
        12.2514
      ],
      "to": [
        11.5429,
        6.37714,
        13.6686
      ],
      "faces": {
        "up": {
          "uv": [
            11,
            2.625,
            11.125,
            3.375
          ],
          "rotation": 270,
          "texture": "#texture"
        },
        "south": {
          "uv": [
            10.5,
            7.875,
            11.25,
            8
          ],
          "texture": "#texture"
        },
        "west": {
          "uv": [
            11.5,
            3,
            11.625,
            3.125
          ],
          "texture": "#texture"
        },
        "east": {
          "uv": [
            2,
            3.25,
            2.125,
            3.375
          ],
          "texture": "#texture"
        }
      }
    },
    {
      "from": [
        3.04,
        4.96,
        2.33143
      ],
      "to": [
        11.5429,
        6.37714,
        3.74857
      ],
      "faces": {
        "up": {
          "uv": [
            11.125,
            2.625,
            11.25,
            3.375
          ],
          "rotation": 270,
          "texture": "#texture"
        },
        "north": {
          "uv": [
            11.25,
            7.875,
            12,
            8
          ],
          "texture": "#texture"
        },
        "west": {
          "uv": [
            12.75,
            7.5,
            12.875,
            7.625
          ],
          "texture": "#texture"
        },
        "east": {
          "uv": [
            11.5,
            3,
            11.625,
            3.125
          ],
          "texture": "#texture"
        }
      }
    },
    {
      "from": [
        0.205714,
        6.37714,
        8
      ],
      "to": [
        1.62286,
        12.0457,
        9.41714
      ],
      "faces": {
        "up": {
          "uv": [
            4.75,
            4.875,
            4.875,
            5
          ],
          "rotation": 270,
          "texture": "#texture"
        },
        "north": {
          "uv": [
            4.5,
            4.375,
            4.625,
            4.875
          ],
          "texture": "#texture"
        },
        "south": {
          "uv": [
            4.5,
            4.375,
            4.625,
            4.875
          ],
          "texture": "#texture"
        },
        "west": {
          "uv": [
            4.5,
            4.375,
            4.625,
            4.875
          ],
          "texture": "#texture"
        },
        "east": {
          "uv": [
            4.5,
            4.375,
            4.625,
            4.875
          ],
          "texture": "#texture"
        }
      }
    },
    {
      "from": [
        -5.46286,
        2.12571,
        5.16571
      ],
      "to": [
        -4.04571,
        19.1314,
        6.58286
      ],
      "faces": {
        "up": {
          "uv": [
            5.5,
            2.625,
            5.625,
            2.75
          ],
          "rotation": 270,
          "texture": "#texture"
        },
        "north": {
          "uv": [
            5.5,
            2.625,
            5.625,
            4.125
          ],
          "texture": "#texture"
        },
        "south": {
          "uv": [
            5.5,
            2.625,
            5.625,
            4.125
          ],
          "texture": "#texture"
        },
        "west": {
          "uv": [
            5.5,
            2.625,
            5.625,
            4.125
          ],
          "texture": "#texture"
        },
        "east": {
          "uv": [
            5.5,
            2.625,
            5.625,
            4.125
          ],
          "texture": "#texture"
        }
      }
    }
  ],
  "display": {
    "thirdperson_righthand": {
      "rotation": [
        62,
        41,
        0
      ],
      "translation": [
        0,
        0,
        0
      ],
      "scale": [
        0.2,
        0.2,
        0.2
      ]
    },
    "thirdperson_lefthand": {
      "rotation": [
        62,
        41,
        0
      ],
      "translation": [
        0,
        0,
        0
      ],
      "scale": [
        0.2,
        0.2,
        0.2
      ]
    },
    "ground": {
      "rotation": [
        0,
        0,
        0
      ],
      "translation": [
        0,
        0,
        0
      ],
      "scale": [
        0.31,
        0.31,
        0.31
      ]
    },
    "fixed": {
      "rotation": [
        0,
        0,
        0
      ],
      "translation": [
        0,
        0,
        0
      ],
      "scale": [
        0.31,
        0.31,
        0.31
      ]
    },
    "head": {
      "rotation": [
        0,
        0,
        0
      ],
      "translation": [
        0,
        0,
        0
      ],
      "scale": [
        0.31,
        0.31,
        0.31
      ]
    },
    "firstperson_righthand": {
      "rotation": [
        10,
        48,
        -3
      ],
      "translation": [
        -1.89,
        0,
        0
      ],
      "scale": [
        0.19,
        0.19,
        0.19
      ]
    },
    "firstperson_lefthand": {
      "rotation": [
        10,
        48,
        -3
      ],
      "translation": [
        -1.89,
        0,
        0
      ],
      "scale": [
        0.19,
        0.19,
        0.19
      ]
    },
    "gui": {
      "rotation": [
        30,
        225,
        0
      ],
      "translation": [
        0,
        0,
        0
      ],
      "scale": [
        0.3125,
        0.3125,
        0.3125
      ]
    }
  }
}
