{
	"credit": "Made with Blockbench",
	"textures": {
		"0": "custom/buytop",
		"1": "custom/buybottom",
		"2": "custom/wood",
		"3": "custom/woodvert",
		"particle": "custom/buytop"
	},
	"elements": [
		{
			"from": [0, 0, 15],
			"to": [1, 32, 16],
			"faces": {
				"north": {"uv": [0, 0, 1, 16], "texture": "#3"},
				"east": {"uv": [0, 0, 1, 16], "texture": "#3"},
				"south": {"uv": [0, 0, 1, 16], "texture": "#3"},
				"west": {"uv": [0, 0, 1, 16], "texture": "#3"},
				"up": {"uv": [0, 0, 1, 1], "texture": "#3"},
				"down": {"uv": [0, 0, 1, 1], "texture": "#3"}
			}
		},
		{
			"from": [15, 0, 15],
			"to": [16, 32, 16],
			"faces": {
				"north": {"uv": [0, 0, 1, 16], "texture": "#3"},
				"east": {"uv": [0, 0, 1, 16], "texture": "#3"},
				"south": {"uv": [0, 0, 1, 16], "texture": "#3"},
				"west": {"uv": [0, 0, 1, 16], "texture": "#3"},
				"up": {"uv": [0, 0, 1, 1], "rotation": 90, "texture": "#3"},
				"down": {"uv": [0, 0, 1, 1], "rotation": 270, "texture": "#3"}
			}
		},
		{
			"from": [1, 0, 15],
			"to": [15, 1, 16],
			"faces": {
				"north": {"uv": [0, 0, 14, 1], "texture": "#2"},
				"east": {"uv": [0, 0, 1, 1], "texture": "#2"},
				"south": {"uv": [0, 0, 14, 1], "texture": "#2"},
				"west": {"uv": [0, 0, 1, 1], "texture": "#2"},
				"up": {"uv": [0, 0, 14, 1], "texture": "#2"},
				"down": {"uv": [0, 0, 14, 1], "texture": "#2"}
			}
		},
		{
			"from": [1, 31, 15],
			"to": [15, 32, 16],
			"faces": {
				"north": {"uv": [0, 0, 14, 1], "texture": "#2"},
				"east": {"uv": [0, 0, 1, 1], "texture": "#2"},
				"south": {"uv": [0, 0, 14, 1], "texture": "#2"},
				"west": {"uv": [0, 0, 1, 1], "texture": "#2"},
				"up": {"uv": [0, 0, 14, 1], "texture": "#2"},
				"down": {"uv": [0, 0, 14, 1], "texture": "#2"}
			}
		},
		{
			"from": [1, 1, 16],
			"to": [15, 16, 16],
			"faces": {
				"north": {"uv": [0, 0, 15.969, 15.969], "texture": "#1"},
				"east": {"uv": [0, 0, 0, 15], "texture": "#missing"},
				"south": {"uv": [0, 0, 16, 16], "texture": "#3"},
				"west": {"uv": [0, 0, 0, 15], "texture": "#missing"},
				"up": {"uv": [0, 0, 14, 0], "texture": "#missing"},
				"down": {"uv": [0, 0, 14, 0], "texture": "#missing"}
			}
		},
		{
			"from": [1, 16, 16],
			"to": [15, 31, 16],
			"faces": {
				"north": {"uv": [0, 0, 16, 16], "texture": "#0"},
				"east": {"uv": [0, 0, 0, 15], "texture": "#2"},
				"south": {"uv": [0, 0, 16, 16], "texture": "#3"},
				"west": {"uv": [0, 0, 0, 15], "texture": "#2"},
				"up": {"uv": [0, 0, 14, 0], "texture": "#2"},
				"down": {"uv": [0, 0, 14, 0], "texture": "#2"}
			}
		}
	],
	"display": {
		"fixed": {
			"rotation": [0, 0, -7],
			"translation": [-1.25, -11, -9.25],
			"scale": [1.6, 1.5, 1]
		}
	}
}