{
	"credit": "Made with Blockbench",
	"textures": {
		"texture": "majorisbr/stingray1",
		"coal_block": "majorisbr/stingray2",
		"quartz_block_side": "majorisbr/stingray3"
	},
	"elements": [
		{
			"from": [2, 3.5, 2],
			"to": [14, 5, 14],
			"faces": {
				"north": {"uv": [3, 0, 13, 1], "texture": "#texture"},
				"east": {"uv": [7, 0, 8, 1], "texture": "#texture"},
				"south": {"uv": [3, 0, 13, 1], "texture": "#texture"},
				"west": {"uv": [8, 0, 9, 1], "texture": "#texture"},
				"up": {"uv": [3, 8, 13, 9], "texture": "#texture"},
				"down": {"uv": [13, 9, 3, 8], "texture": "#texture"}
			}
		},
		{
			"from": [3, 3.5, 1],
			"to": [13, 5, 15],
			"faces": {
				"north": {"uv": [3, 0, 13, 1], "texture": "#texture"},
				"east": {"uv": [7, 0, 8, 1], "texture": "#texture"},
				"south": {"uv": [3, 0, 13, 1], "texture": "#texture"},
				"west": {"uv": [8, 0, 9, 1], "texture": "#texture"},
				"up": {"uv": [3, 8, 13, 9], "texture": "#texture"},
				"down": {"uv": [13, 9, 3, 8], "texture": "#texture"}
			}
		},
		{
			"from": [1, 3.5, 3],
			"to": [15, 5, 13],
			"faces": {
				"north": {"uv": [3, 0, 13, 1], "texture": "#texture"},
				"east": {"uv": [7, 0, 8, 1], "texture": "#texture"},
				"south": {"uv": [3, 0, 13, 1], "texture": "#texture"},
				"west": {"uv": [8, 0, 9, 1], "texture": "#texture"},
				"up": {"uv": [3, 8, 13, 9], "texture": "#texture"},
				"down": {"uv": [13, 9, 3, 8], "texture": "#texture"}
			}
		},
		{
			"from": [2.5, 4.5, 2.5],
			"to": [13.5, 6, 13.5],
			"faces": {
				"north": {"uv": [3, 0, 13, 1], "texture": "#texture"},
				"east": {"uv": [7, 0, 8, 1], "texture": "#texture"},
				"south": {"uv": [3, 0, 13, 1], "texture": "#texture"},
				"west": {"uv": [8, 0, 9, 1], "texture": "#texture"},
				"up": {"uv": [0, 0, 16, 16], "texture": "#texture"},
				"down": {"uv": [13, 9, 3, 8], "texture": "#texture"}
			}
		},
		{
			"from": [5, 5, 10.5],
			"to": [11, 6, 17.5],
			"faces": {
				"north": {"uv": [3, 0, 13, 1], "texture": "#texture"},
				"east": {"uv": [7, 0, 8, 1], "texture": "#texture"},
				"south": {"uv": [3, 0, 13, 1], "texture": "#texture"},
				"west": {"uv": [8, 0, 9, 1], "texture": "#texture"},
				"up": {"uv": [3, 8, 13, 9], "texture": "#texture"},
				"down": {"uv": [13, 9, 3, 8], "texture": "#texture"}
			}
		},
		{
			"from": [3, 3, 15],
			"to": [13, 5, 16.5],
			"faces": {
				"north": {"uv": [3, 11, 13, 13], "texture": "#quartz_block_side"},
				"east": {"uv": [0, 11, 1, 13], "texture": "#quartz_block_side"},
				"south": {"uv": [3, 11, 13, 13], "texture": "#quartz_block_side"},
				"west": {"uv": [15, 11, 16, 13], "texture": "#quartz_block_side"},
				"up": {"uv": [3, 15, 13, 16], "texture": "#quartz_block_side"},
				"down": {"uv": [13, 16, 3, 15], "texture": "#quartz_block_side"}
			}
		},
		{
			"from": [3, 3, 2],
			"to": [13, 3.5, 16],
			"faces": {
				"north": {"uv": [3, 12.5, 13, 13], "texture": "#quartz_block_side"},
				"east": {"uv": [0, 12.5, 14, 13], "texture": "#quartz_block_side"},
				"south": {"uv": [3, 12.5, 13, 13], "texture": "#quartz_block_side"},
				"west": {"uv": [2, 12.5, 16, 13], "texture": "#quartz_block_side"},
				"up": {"uv": [3, 2, 13, 16], "texture": "#quartz_block_side"},
				"down": {"uv": [13, 16, 3, 2], "texture": "#quartz_block_side"}
			}
		},
		{
			"from": [3.5, 3.5, 16],
			"to": [6, 5, 19.5],
			"faces": {
				"north": {"uv": [10, 11, 12.5, 12.5], "texture": "#quartz_block_side"},
				"east": {"uv": [0, 11, 0, 12.5], "texture": "#quartz_block_side"},
				"south": {"uv": [3.5, 11, 6, 12.5], "texture": "#quartz_block_side"},
				"west": {"uv": [16, 11, 16, 12.5], "texture": "#quartz_block_side"},
				"up": {"uv": [3.5, 16, 6, 16], "texture": "#quartz_block_side"},
				"down": {"uv": [12.5, 16, 10, 16], "texture": "#quartz_block_side"}
			}
		},
		{
			"from": [10, 3.5, 16],
			"to": [12.5, 5, 19.5],
			"faces": {
				"north": {"uv": [3.5, 11, 6, 12.5], "texture": "#quartz_block_side"},
				"east": {"uv": [0, 11, 0, 12.5], "texture": "#quartz_block_side"},
				"south": {"uv": [10, 11, 12.5, 12.5], "texture": "#quartz_block_side"},
				"west": {"uv": [16, 11, 16, 12.5], "texture": "#quartz_block_side"},
				"up": {"uv": [10, 16, 12.5, 16], "texture": "#quartz_block_side"},
				"down": {"uv": [6, 16, 3.5, 16], "texture": "#quartz_block_side"}
			}
		},
		{
			"from": [5, 3.5, 17.5],
			"to": [6.5, 5, 21.5],
			"faces": {
				"north": {"uv": [9.5, 11, 11, 12.5], "texture": "#quartz_block_side"},
				"east": {"uv": [0, 11, 0, 12.5], "texture": "#quartz_block_side"},
				"south": {"uv": [5, 11, 6.5, 12.5], "texture": "#quartz_block_side"},
				"west": {"uv": [16, 11, 16, 12.5], "texture": "#quartz_block_side"},
				"up": {"uv": [5, 16, 6.5, 16], "texture": "#quartz_block_side"},
				"down": {"uv": [11, 16, 9.5, 16], "texture": "#quartz_block_side"}
			}
		},
		{
			"from": [10, 3.5, 17.5],
			"to": [11.5, 5, 21.5],
			"faces": {
				"north": {"uv": [4.5, 11, 6, 12.5], "texture": "#quartz_block_side"},
				"east": {"uv": [0, 11, 0, 12.5], "texture": "#quartz_block_side"},
				"south": {"uv": [10, 11, 11.5, 12.5], "texture": "#quartz_block_side"},
				"west": {"uv": [16, 11, 16, 12.5], "texture": "#quartz_block_side"},
				"up": {"uv": [10, 16, 11.5, 16], "texture": "#quartz_block_side"},
				"down": {"uv": [6, 16, 4.5, 16], "texture": "#quartz_block_side"}
			}
		},
		{
			"from": [5.5, 3.5, 17.5],
			"to": [10.5, 6, 18.5],
			"faces": {
				"north": {"uv": [5.5, 10, 10.5, 12.5], "texture": "#quartz_block_side"},
				"east": {"uv": [0, 10, 0, 12.5], "texture": "#quartz_block_side"},
				"south": {"uv": [5.5, 10, 10.5, 12.5], "texture": "#quartz_block_side"},
				"west": {"uv": [16, 10, 16, 12.5], "texture": "#quartz_block_side"},
				"up": {"uv": [5.5, 16, 10.5, 16], "texture": "#quartz_block_side"},
				"down": {"uv": [10.5, 16, 5.5, 16], "texture": "#quartz_block_side"}
			}
		},
		{
			"from": [4.5, 5.5, 16.5],
			"to": [11.5, 6, 17],
			"faces": {
				"north": {"uv": [4.5, 10, 11.5, 10.5], "texture": "#coal_block"},
				"east": {"uv": [0, 10, 0, 10.5], "texture": "#coal_block"},
				"south": {"uv": [4.5, 10, 11.5, 10.5], "texture": "#coal_block"},
				"west": {"uv": [16, 10, 16, 10.5], "texture": "#coal_block"},
				"up": {"uv": [4.5, 16, 11.5, 16], "texture": "#coal_block"},
				"down": {"uv": [11.5, 16, 4.5, 16], "texture": "#coal_block"}
			}
		},
		{
			"from": [5, 5, 13],
			"to": [11, 6.5, 17.5],
			"faces": {
				"north": {"uv": [3, 0, 13, 1], "texture": "#texture"},
				"east": {"uv": [7, 0, 8, 1], "texture": "#texture"},
				"south": {"uv": [3, 0, 13, 1], "texture": "#texture"},
				"west": {"uv": [8, 0, 9, 1], "texture": "#texture"},
				"up": {"uv": [3, 8, 13, 9], "texture": "#texture"},
				"down": {"uv": [13, 9, 3, 8], "texture": "#texture"}
			}
		},
		{
			"from": [-6.5, 3.5, 4.5],
			"to": [22, 5, 12.5],
			"faces": {
				"north": {"uv": [3, 0, 13, 1], "texture": "#texture"},
				"east": {"uv": [7, 0, 8, 1], "texture": "#texture"},
				"south": {"uv": [3, 0, 13, 1], "texture": "#texture"},
				"west": {"uv": [8, 0, 9, 1], "texture": "#texture"},
				"up": {"uv": [3, 8, 13, 9], "texture": "#texture"},
				"down": {"uv": [13, 9, 3, 8], "texture": "#texture"}
			}
		},
		{
			"from": [4, 3.5, -2],
			"to": [12, 5, 12],
			"faces": {
				"north": {"uv": [3, 0, 13, 1], "texture": "#texture"},
				"east": {"uv": [7, 0, 8, 1], "texture": "#texture"},
				"south": {"uv": [3, 0, 13, 1], "texture": "#texture"},
				"west": {"uv": [8, 0, 9, 1], "texture": "#texture"},
				"up": {"uv": [3, 8, 13, 9], "texture": "#texture"},
				"down": {"uv": [13, 9, 3, 8], "texture": "#texture"}
			}
		},
		{
			"from": [6, 3.5, -5.5],
			"to": [10, 5, 8.5],
			"faces": {
				"north": {"uv": [3, 0, 13, 1], "texture": "#texture"},
				"east": {"uv": [7, 0, 8, 1], "texture": "#texture"},
				"south": {"uv": [3, 0, 13, 1], "texture": "#texture"},
				"west": {"uv": [8, 0, 9, 1], "texture": "#texture"},
				"up": {"uv": [3, 8, 13, 9], "texture": "#texture"},
				"down": {"uv": [13, 9, 3, 8], "texture": "#texture"}
			}
		},
		{
			"from": [7, 3.5, -13],
			"to": [9, 5, 1],
			"faces": {
				"north": {"uv": [3, 0, 13, 1], "texture": "#texture"},
				"east": {"uv": [7, 0, 8, 1], "texture": "#texture"},
				"south": {"uv": [3, 0, 13, 1], "texture": "#texture"},
				"west": {"uv": [8, 0, 9, 1], "texture": "#texture"},
				"up": {"uv": [3, 8, 13, 9], "texture": "#texture"},
				"down": {"uv": [13, 9, 3, 8], "texture": "#texture"}
			}
		},
		{
			"from": [-12, 3.5, 5],
			"to": [28.5, 4.5, 12],
			"faces": {
				"north": {"uv": [3, 0, 13, 1], "texture": "#texture"},
				"east": {"uv": [7, 0, 8, 1], "texture": "#texture"},
				"south": {"uv": [3, 0, 13, 1], "texture": "#texture"},
				"west": {"uv": [8, 0, 9, 1], "texture": "#texture"},
				"up": {"uv": [3, 8, 13, 9], "texture": "#texture"},
				"down": {"uv": [13, 9, 3, 8], "texture": "#texture"}
			}
		},
		{
			"from": [-16, 3.5, 5],
			"to": [32, 4, 10.5],
			"faces": {
				"north": {"uv": [3, 0, 13, 1], "texture": "#texture"},
				"east": {"uv": [7, 0, 8, 1], "texture": "#texture"},
				"south": {"uv": [3, 0, 13, 1], "texture": "#texture"},
				"west": {"uv": [8, 0, 9, 1], "texture": "#texture"},
				"up": {"uv": [3, 8, 13, 9], "texture": "#texture"},
				"down": {"uv": [13, 9, 3, 8], "texture": "#texture"}
			}
		}
	],
	"display": {
		"ground": {
			"scale": [2, 2, 2]
		},
		"head": {
			"rotation": [0, 180, 0],
			"translation": [0.4, -8.5, 0],
			"scale": [2, 2, 2]
		},
		"fixed": {
			"translation": [0, 0, 15],
			"scale": [2, 2, 2]
		}
	}
}