{
	"parent": "item/handheld",
	"textures": {
		"layer0": "item/iron_hoe"
	},
	"overrides": [
		{ "predicate": { "damage": 0 }, "model": "item/iron_hoe" },
		{ "predicate": { "damaged": 0, "damage": 0.004 }, "model": "projectone/mantaseat" },
		{ "predicate": { "damaged": 0, "damage": 0.008 }, "model": "projectone/mantatop" },
		{ "predicate": { "damaged": 0, "damage": 0.012 }, "model": "projectone/mantafront" },
		{ "predicate": { "damaged": 0, "damage": 0.016 }, "model": "projectone/kraken" },
		{ "predicate": { "damaged": 0, "damage": 0.02 }, "model": "projectone/makoseat" },
		{ "predicate": { "damaged": 0, "damage": 0.024 }, "model": "projectone/makofront" },
		{ "predicate": { "damaged": 0, "damage": 0.028 }, "model": "projectone/empire" },
		{ "predicate": { "damaged": 0, "damage": 0.032 }, "model": "projectone/atlantis" },
		{ "predicate": { "damaged": 0, "damage": 0.036 }, "model": "projectone/shcar" },
		{ "predicate": { "damaged": 0, "damage": 0.04 }, "model": "projectone/otter" },
		{ "predicate": { "damaged": 0, "damage": 0.044 }, "model": "projectone/ball" },
		{ "predicate": { "damaged": 0, "damage": 0.048 }, "model": "item/bucketoffish" },
		{ "predicate": { "damaged": 0, "damage": 0.052 }, "model": "item/seaworldvisor" },
		{ "predicate": { "damaged": 0, "damage": 0.056 }, "model": "item/seaworldvisor2" },
		{ "predicate": { "damaged": 0, "damage": 0.06 }, "model": "item/seaworldumbrella" },
		{ "predicate": { "damaged": 0, "damage": 0.064 }, "model": "projecttwo/bottlenose" },
		{ "predicate": { "damaged": 0, "damage": 0.068 }, "model": "projecttwo/bottlenosecalf" },
		{ "predicate": { "damaged": 0, "damage": 0.072 }, "model": "projecttwo/whitesided" },
		{ "predicate": { "damaged": 0, "damage": 0.076 }, "model": "projecttwo/flamingo" },
		{ "predicate": { "damaged": 0, "damage": 0.08 }, "model": "projecttwo/tigershark" },
		{ "predicate": { "damaged": 0, "damage": 0.084 }, "model": "projecttwo/beluga" },
		{ "predicate": { "damaged": 0, "damage": 0.088 }, "model": "item/iron_hoe22" },
		{ "predicate": { "damaged": 0, "damage": 0.092 }, "model": "item/iron_hoe23" },
		{ "predicate": { "damaged": 0, "damage": 0.096 }, "model": "item/iron_hoe24" },
		{ "predicate": { "damaged": 0, "damage": 0.1 }, "model": "item/iron_hoe25" },
		{ "predicate": { "damaged": 0, "damage": 0.104 }, "model": "item/iron_hoe26" },
		{ "predicate": { "damaged": 0, "damage": 0.108 }, "model": "item/iron_hoe27" },
		{ "predicate": { "damaged": 0, "damage": 0.112 }, "model": "item/iron_hoe28" },
		{ "predicate": { "damaged": 0, "damage": 0.116 }, "model": "item/iron_hoe29" },
		{ "predicate": { "damaged": 0, "damage": 0.12 }, "model": "item/iron_hoe30" },
		{ "predicate": { "damaged": 0, "damage": 0.124 }, "model": "item/iron_hoe31" },
		{ "predicate": { "damaged": 0, "damage": 0.128 }, "model": "item/iron_hoe32" },
		{ "predicate": { "damaged": 0, "damage": 0.132 }, "model": "item/iron_hoe33" },
		{ "predicate": { "damaged": 0, "damage": 0.136 }, "model": "item/iron_hoe34" },
		{ "predicate": { "damaged": 0, "damage": 0.14 }, "model": "item/iron_hoe35" },
		{ "predicate": { "damaged": 0, "damage": 0.144 }, "model": "item/iron_hoe36" },
		{ "predicate": { "damaged": 0, "damage": 0.148 }, "model": "item/iron_hoe37" },
		{ "predicate": { "damaged": 0, "damage": 0.152 }, "model": "item/iron_hoe38" },
		{ "predicate": { "damaged": 0, "damage": 0.156 }, "model": "item/iron_hoe39" },
		{ "predicate": { "damaged": 0, "damage": 0.16 }, "model": "item/iron_hoe40" },
		{ "predicate": { "damaged": 0, "damage": 0.164 }, "model": "item/iron_hoe41" },
		{ "predicate": { "damaged": 0, "damage": 0.168 }, "model": "item/iron_hoe42" },
		{ "predicate": { "damaged": 0, "damage": 0.172 }, "model": "item/iron_hoe43" },
		{ "predicate": { "damaged": 0, "damage": 0.176 }, "model": "item/iron_hoe44" },
		{ "predicate": { "damaged": 0, "damage": 0.18 }, "model": "item/iron_hoe45" },
		{ "predicate": { "damaged": 0, "damage": 0.184 }, "model": "item/iron_hoe46" },
		{ "predicate": { "damaged": 0, "damage": 0.188 }, "model": "item/iron_hoe47" },
		{ "predicate": { "damaged": 0, "damage": 0.192 }, "model": "item/iron_hoe48" },
		{ "predicate": { "damaged": 0, "damage": 0.196 }, "model": "item/iron_hoe49" },
		{ "predicate": { "damaged": 0, "damage": 0.2 }, "model": "item/iron_hoe50" },
		{ "predicate": { "damaged": 0, "damage": 0.204 }, "model": "item/iron_hoe51" },
		{ "predicate": { "damaged": 0, "damage": 0.208 }, "model": "item/iron_hoe52" },
		{ "predicate": { "damaged": 0, "damage": 0.212 }, "model": "item/iron_hoe53" },
		{ "predicate": { "damaged": 0, "damage": 0.216 }, "model": "item/iron_hoe54" },
		{ "predicate": { "damaged": 0, "damage": 0.22 }, "model": "item/iron_hoe55" },
		{ "predicate": { "damaged": 0, "damage": 0.224 }, "model": "item/iron_hoe56" },
		{ "predicate": { "damaged": 0, "damage": 0.228 }, "model": "item/iron_hoe57" },
		{ "predicate": { "damaged": 0, "damage": 0.232 }, "model": "item/iron_hoe58" },
		{ "predicate": { "damaged": 0, "damage": 0.236 }, "model": "item/iron_hoe59" },
		{ "predicate": { "damaged": 0, "damage": 0.24 }, "model": "item/iron_hoe60" },
		{ "predicate": { "damaged": 0, "damage": 0.244 }, "model": "item/iron_hoe61" },
		{ "predicate": { "damaged": 0, "damage": 0.248 }, "model": "item/iron_hoe62" },
		{ "predicate": { "damaged": 0, "damage": 0.252 }, "model": "item/iron_hoe63" },
		{ "predicate": { "damaged": 0, "damage": 0.256 }, "model": "item/iron_hoe64" },
		{ "predicate": { "damaged": 0, "damage": 0.26 }, "model": "item/iron_hoe65" },
		{ "predicate": { "damaged": 0, "damage": 0.264 }, "model": "item/iron_hoe66" },
		{ "predicate": { "damaged": 0, "damage": 0.268 }, "model": "item/iron_hoe67" },
		{ "predicate": { "damaged": 0, "damage": 0.272 }, "model": "item/iron_hoe68" },
		{ "predicate": { "damaged": 0, "damage": 0.276 }, "model": "item/iron_hoe69" },
		{ "predicate": { "damaged": 0, "damage": 0.28 }, "model": "item/iron_hoe70" },
		{ "predicate": { "damaged": 0, "damage": 0.284 }, "model": "item/iron_hoe71" },
		{ "predicate": { "damaged": 0, "damage": 0.288 }, "model": "item/iron_hoe72" },
		{ "predicate": { "damaged": 0, "damage": 0.292 }, "model": "item/iron_hoe73" },
		{ "predicate": { "damaged": 0, "damage": 0.296 }, "model": "item/iron_hoe74" },
		{ "predicate": { "damaged": 0, "damage": 0.3 }, "model": "item/iron_hoe75" },
		{ "predicate": { "damaged": 0, "damage": 0.304 }, "model": "item/iron_hoe76" },
		{ "predicate": { "damaged": 0, "damage": 0.308 }, "model": "item/iron_hoe77" },
		{ "predicate": { "damaged": 0, "damage": 0.312 }, "model": "item/iron_hoe78" },
		{ "predicate": { "damaged": 0, "damage": 0.316 }, "model": "item/iron_hoe79" },
		{ "predicate": { "damaged": 0, "damage": 0.32 }, "model": "item/iron_hoe80" },
		{ "predicate": { "damaged": 0, "damage": 0.324 }, "model": "item/iron_hoe81" },
		{ "predicate": { "damaged": 0, "damage": 0.328 }, "model": "item/iron_hoe82" },
		{ "predicate": { "damaged": 0, "damage": 0.332 }, "model": "item/iron_hoe83" },
		{ "predicate": { "damaged": 0, "damage": 0.336 }, "model": "item/iron_hoe84" },
		{ "predicate": { "damaged": 0, "damage": 0.34 }, "model": "item/iron_hoe85" },
		{ "predicate": { "damaged": 0, "damage": 0.344 }, "model": "item/iron_hoe86" },
		{ "predicate": { "damaged": 0, "damage": 0.348 }, "model": "item/iron_hoe87" },
		{ "predicate": { "damaged": 0, "damage": 0.352 }, "model": "item/iron_hoe88" },
		{ "predicate": { "damaged": 0, "damage": 0.356 }, "model": "item/iron_hoe89" },
		{ "predicate": { "damaged": 0, "damage": 0.36 }, "model": "item/iron_hoe90" },
		{ "predicate": { "damaged": 0, "damage": 0.364 }, "model": "item/iron_hoe91" },
		{ "predicate": { "damaged": 0, "damage": 0.368 }, "model": "item/iron_hoe92" },
		{ "predicate": { "damaged": 0, "damage": 0.372 }, "model": "item/iron_hoe93" },
		{ "predicate": { "damaged": 0, "damage": 0.376 }, "model": "item/iron_hoe94" },
		{ "predicate": { "damaged": 0, "damage": 0.38 }, "model": "item/iron_hoe95" },
		{ "predicate": { "damaged": 0, "damage": 0.384 }, "model": "item/iron_hoe96" },
		{ "predicate": { "damaged": 0, "damage": 0.388 }, "model": "item/iron_hoe97" },
		{ "predicate": { "damaged": 0, "damage": 0.392 }, "model": "item/iron_hoe98" },
		{ "predicate": { "damaged": 0, "damage": 0.396 }, "model": "item/iron_hoe99" },
		{ "predicate": { "damaged": 0, "damage": 0.4 }, "model": "item/iron_hoe100" },
		{ "predicate": { "damaged": 0, "damage": 0.404 }, "model": "item/iron_hoe101" },
		{ "predicate": { "damaged": 0, "damage": 0.408 }, "model": "item/iron_hoe102" },
		{ "predicate": { "damaged": 0, "damage": 0.412 }, "model": "item/iron_hoe103" },
		{ "predicate": { "damaged": 0, "damage": 0.416 }, "model": "item/iron_hoe104" },
		{ "predicate": { "damaged": 0, "damage": 0.42 }, "model": "item/iron_hoe105" },
		{ "predicate": { "damaged": 0, "damage": 0.424 }, "model": "item/iron_hoe106" },
		{ "predicate": { "damaged": 0, "damage": 0.428 }, "model": "item/iron_hoe107" },
		{ "predicate": { "damaged": 0, "damage": 0.432 }, "model": "item/iron_hoe108" },
		{ "predicate": { "damaged": 0, "damage": 0.436 }, "model": "item/iron_hoe109" },
		{ "predicate": { "damaged": 0, "damage": 0.44 }, "model": "item/iron_hoe110" },
		{ "predicate": { "damaged": 0, "damage": 0.444 }, "model": "item/iron_hoe111" },
		{ "predicate": { "damaged": 0, "damage": 0.448 }, "model": "item/iron_hoe112" },
		{ "predicate": { "damaged": 0, "damage": 0.452 }, "model": "item/iron_hoe113" },
		{ "predicate": { "damaged": 0, "damage": 0.456 }, "model": "item/iron_hoe114" },
		{ "predicate": { "damaged": 0, "damage": 0.46 }, "model": "item/iron_hoe115" },
		{ "predicate": { "damaged": 0, "damage": 0.464 }, "model": "item/iron_hoe116" },
		{ "predicate": { "damaged": 0, "damage": 0.468 }, "model": "item/iron_hoe117" },
		{ "predicate": { "damaged": 0, "damage": 0.472 }, "model": "item/iron_hoe118" },
		{ "predicate": { "damaged": 0, "damage": 0.476 }, "model": "item/iron_hoe119" },
		{ "predicate": { "damaged": 0, "damage": 0.48 }, "model": "item/iron_hoe120" },
		{ "predicate": { "damaged": 0, "damage": 0.484 }, "model": "item/iron_hoe121" },
		{ "predicate": { "damaged": 0, "damage": 0.488 }, "model": "item/iron_hoe122" },
		{ "predicate": { "damaged": 0, "damage": 0.492 }, "model": "item/iron_hoe123" },
		{ "predicate": { "damaged": 0, "damage": 0.496 }, "model": "item/iron_hoe124" },
		{ "predicate": { "damaged": 0, "damage": 0.5 }, "model": "item/iron_hoe125" },
		{ "predicate": { "damaged": 0, "damage": 0.504 }, "model": "item/iron_hoe126" },
		{ "predicate": { "damaged": 0, "damage": 0.508 }, "model": "item/iron_hoe127" },
		{ "predicate": { "damaged": 0, "damage": 0.512 }, "model": "item/iron_hoe128" },
		{ "predicate": { "damaged": 0, "damage": 0.516 }, "model": "item/iron_hoe129" },
		{ "predicate": { "damaged": 0, "damage": 0.52 }, "model": "item/iron_hoe130" },
		{ "predicate": { "damaged": 0, "damage": 0.524 }, "model": "item/iron_hoe131" },
		{ "predicate": { "damaged": 0, "damage": 0.528 }, "model": "item/iron_hoe132" },
		{ "predicate": { "damaged": 0, "damage": 0.532 }, "model": "item/iron_hoe133" },
		{ "predicate": { "damaged": 0, "damage": 0.536 }, "model": "item/iron_hoe134" },
		{ "predicate": { "damaged": 0, "damage": 0.54 }, "model": "item/iron_hoe135" },
		{ "predicate": { "damaged": 0, "damage": 0.544 }, "model": "item/iron_hoe136" },
		{ "predicate": { "damaged": 0, "damage": 0.548 }, "model": "item/iron_hoe137" },
		{ "predicate": { "damaged": 0, "damage": 0.552 }, "model": "item/iron_hoe138" },
		{ "predicate": { "damaged": 0, "damage": 0.556 }, "model": "item/iron_hoe139" },
		{ "predicate": { "damaged": 0, "damage": 0.56 }, "model": "item/iron_hoe140" },
		{ "predicate": { "damaged": 0, "damage": 0.564 }, "model": "item/iron_hoe141" },
		{ "predicate": { "damaged": 0, "damage": 0.568 }, "model": "item/iron_hoe142" },
		{ "predicate": { "damaged": 0, "damage": 0.572 }, "model": "item/iron_hoe143" },
		{ "predicate": { "damaged": 0, "damage": 0.576 }, "model": "item/iron_hoe144" },
		{ "predicate": { "damaged": 0, "damage": 0.58 }, "model": "item/iron_hoe145" },
		{ "predicate": { "damaged": 0, "damage": 0.584 }, "model": "item/iron_hoe146" },
		{ "predicate": { "damaged": 0, "damage": 0.588 }, "model": "item/iron_hoe147" },
		{ "predicate": { "damaged": 0, "damage": 0.592 }, "model": "item/iron_hoe148" },
		{ "predicate": { "damaged": 0, "damage": 0.596 }, "model": "item/iron_hoe149" },
		{ "predicate": { "damaged": 0, "damage": 0.6 }, "model": "item/iron_hoe150" },
		{ "predicate": { "damaged": 0, "damage": 0.604 }, "model": "item/iron_hoe151" },
		{ "predicate": { "damaged": 0, "damage": 0.608 }, "model": "item/iron_hoe152" },
		{ "predicate": { "damaged": 0, "damage": 0.612 }, "model": "item/iron_hoe153" },
		{ "predicate": { "damaged": 0, "damage": 0.616 }, "model": "item/iron_hoe154" },
		{ "predicate": { "damaged": 0, "damage": 0.62 }, "model": "item/iron_hoe155" },
		{ "predicate": { "damaged": 0, "damage": 0.624 }, "model": "item/iron_hoe156" },
		{ "predicate": { "damaged": 0, "damage": 0.628 }, "model": "item/iron_hoe157" },
		{ "predicate": { "damaged": 0, "damage": 0.632 }, "model": "item/iron_hoe158" },
		{ "predicate": { "damaged": 0, "damage": 0.636 }, "model": "item/iron_hoe159" },
		{ "predicate": { "damaged": 0, "damage": 0.64 }, "model": "item/iron_hoe160" },
		{ "predicate": { "damaged": 0, "damage": 0.644 }, "model": "item/iron_hoe161" },
		{ "predicate": { "damaged": 0, "damage": 0.648 }, "model": "item/iron_hoe162" },
		{ "predicate": { "damaged": 0, "damage": 0.652 }, "model": "item/iron_hoe163" },
		{ "predicate": { "damaged": 0, "damage": 0.656 }, "model": "item/iron_hoe164" },
		{ "predicate": { "damaged": 0, "damage": 0.66 }, "model": "item/iron_hoe165" },
		{ "predicate": { "damaged": 0, "damage": 0.664 }, "model": "item/iron_hoe166" },
		{ "predicate": { "damaged": 0, "damage": 0.668 }, "model": "item/iron_hoe167" },
		{ "predicate": { "damaged": 0, "damage": 0.672 }, "model": "item/iron_hoe168" },
		{ "predicate": { "damaged": 0, "damage": 0.676 }, "model": "item/iron_hoe169" },
		{ "predicate": { "damaged": 0, "damage": 0.68 }, "model": "item/iron_hoe170" },
		{ "predicate": { "damaged": 0, "damage": 0.684 }, "model": "item/iron_hoe171" },
		{ "predicate": { "damaged": 0, "damage": 0.688 }, "model": "item/iron_hoe172" },
		{ "predicate": { "damaged": 0, "damage": 0.692 }, "model": "item/iron_hoe173" },
		{ "predicate": { "damaged": 0, "damage": 0.696 }, "model": "item/iron_hoe174" },
		{ "predicate": { "damaged": 0, "damage": 0.7 }, "model": "item/iron_hoe175" },
		{ "predicate": { "damaged": 0, "damage": 0.704 }, "model": "item/iron_hoe176" },
		{ "predicate": { "damaged": 0, "damage": 0.708 }, "model": "item/iron_hoe177" },
		{ "predicate": { "damaged": 0, "damage": 0.712 }, "model": "item/iron_hoe178" },
		{ "predicate": { "damaged": 0, "damage": 0.716 }, "model": "item/iron_hoe179" },
		{ "predicate": { "damaged": 0, "damage": 0.72 }, "model": "item/iron_hoe180" },
		{ "predicate": { "damaged": 0, "damage": 0.724 }, "model": "item/iron_hoe181" },
		{ "predicate": { "damaged": 0, "damage": 0.728 }, "model": "item/iron_hoe182" },
		{ "predicate": { "damaged": 0, "damage": 0.732 }, "model": "item/iron_hoe183" },
		{ "predicate": { "damaged": 0, "damage": 0.736 }, "model": "item/iron_hoe184" },
		{ "predicate": { "damaged": 0, "damage": 0.74 }, "model": "item/iron_hoe185" },
		{ "predicate": { "damaged": 0, "damage": 0.744 }, "model": "item/iron_hoe186" },
		{ "predicate": { "damaged": 0, "damage": 0.748 }, "model": "item/iron_hoe187" },
		{ "predicate": { "damaged": 0, "damage": 0.752 }, "model": "item/iron_hoe188" },
		{ "predicate": { "damaged": 0, "damage": 0.756 }, "model": "item/iron_hoe189" },
		{ "predicate": { "damaged": 0, "damage": 0.76 }, "model": "item/iron_hoe190" },
		{ "predicate": { "damaged": 0, "damage": 0.764 }, "model": "item/iron_hoe191" },
		{ "predicate": { "damaged": 0, "damage": 0.768 }, "model": "item/iron_hoe192" },
		{ "predicate": { "damaged": 0, "damage": 0.772 }, "model": "item/iron_hoe193" },
		{ "predicate": { "damaged": 0, "damage": 0.776 }, "model": "item/iron_hoe194" },
		{ "predicate": { "damaged": 0, "damage": 0.78 }, "model": "item/iron_hoe195" },
		{ "predicate": { "damaged": 0, "damage": 0.784 }, "model": "item/iron_hoe196" },
		{ "predicate": { "damaged": 0, "damage": 0.788 }, "model": "item/iron_hoe197" },
		{ "predicate": { "damaged": 0, "damage": 0.792 }, "model": "item/iron_hoe198" },
		{ "predicate": { "damaged": 0, "damage": 0.796 }, "model": "item/iron_hoe199" },
		{ "predicate": { "damaged": 0, "damage": 0.8 }, "model": "item/iron_hoe200" },
		{ "predicate": { "damaged": 0, "damage": 0.804 }, "model": "item/iron_hoe201" },
		{ "predicate": { "damaged": 0, "damage": 0.808 }, "model": "item/iron_hoe202" },
		{ "predicate": { "damaged": 0, "damage": 0.812 }, "model": "item/iron_hoe203" },
		{ "predicate": { "damaged": 0, "damage": 0.816 }, "model": "item/iron_hoe204" },
		{ "predicate": { "damaged": 0, "damage": 0.82 }, "model": "item/iron_hoe205" },
		{ "predicate": { "damaged": 0, "damage": 0.824 }, "model": "item/iron_hoe206" },
		{ "predicate": { "damaged": 0, "damage": 0.828 }, "model": "item/iron_hoe207" },
		{ "predicate": { "damaged": 0, "damage": 0.832 }, "model": "item/iron_hoe208" },
		{ "predicate": { "damaged": 0, "damage": 0.836 }, "model": "item/iron_hoe209" },
		{ "predicate": { "damaged": 0, "damage": 0.84 }, "model": "item/iron_hoe210" },
		{ "predicate": { "damaged": 0, "damage": 0.844 }, "model": "item/iron_hoe211" },
		{ "predicate": { "damaged": 0, "damage": 0.848 }, "model": "item/iron_hoe212" },
		{ "predicate": { "damaged": 0, "damage": 0.852 }, "model": "item/iron_hoe213" },
		{ "predicate": { "damaged": 0, "damage": 0.856 }, "model": "item/iron_hoe214" },
		{ "predicate": { "damaged": 0, "damage": 0.86 }, "model": "item/iron_hoe215" },
		{ "predicate": { "damaged": 0, "damage": 0.864 }, "model": "item/iron_hoe216" },
		{ "predicate": { "damaged": 0, "damage": 0.868 }, "model": "item/iron_hoe217" },
		{ "predicate": { "damaged": 0, "damage": 0.872 }, "model": "item/iron_hoe218" },
		{ "predicate": { "damaged": 0, "damage": 0.876 }, "model": "item/iron_hoe219" },
		{ "predicate": { "damaged": 0, "damage": 0.88 }, "model": "item/iron_hoe220" },
		{ "predicate": { "damaged": 0, "damage": 0.884 }, "model": "item/iron_hoe221" },
		{ "predicate": { "damaged": 0, "damage": 0.888 }, "model": "item/iron_hoe222" },
		{ "predicate": { "damaged": 0, "damage": 0.892 }, "model": "item/iron_hoe223" },
		{ "predicate": { "damaged": 0, "damage": 0.896 }, "model": "item/iron_hoe224" },
		{ "predicate": { "damaged": 0, "damage": 0.9 }, "model": "item/iron_hoe225" },
		{ "predicate": { "damaged": 0, "damage": 0.904 }, "model": "item/iron_hoe226" },
		{ "predicate": { "damaged": 0, "damage": 0.908 }, "model": "item/iron_hoe227" },
		{ "predicate": { "damaged": 0, "damage": 0.912 }, "model": "item/iron_hoe228" },
		{ "predicate": { "damaged": 0, "damage": 0.916 }, "model": "item/iron_hoe229" },
		{ "predicate": { "damaged": 0, "damage": 0.92 }, "model": "item/iron_hoe230" },
		{ "predicate": { "damaged": 0, "damage": 0.924 }, "model": "item/iron_hoe231" },
		{ "predicate": { "damaged": 0, "damage": 0.928 }, "model": "item/iron_hoe232" },
		{ "predicate": { "damaged": 0, "damage": 0.932 }, "model": "item/iron_hoe233" },
		{ "predicate": { "damaged": 0, "damage": 0.936 }, "model": "item/iron_hoe234" },
		{ "predicate": { "damaged": 0, "damage": 0.94 }, "model": "item/iron_hoe235" },
		{ "predicate": { "damaged": 0, "damage": 0.944 }, "model": "item/iron_hoe236" },
		{ "predicate": { "damaged": 0, "damage": 0.948 }, "model": "item/iron_hoe237" },
		{ "predicate": { "damaged": 0, "damage": 0.952 }, "model": "item/iron_hoe238" },
		{ "predicate": { "damaged": 0, "damage": 0.956 }, "model": "item/iron_hoe239" },
		{ "predicate": { "damaged": 0, "damage": 0.96 }, "model": "item/iron_hoe240" },
		{ "predicate": { "damaged": 0, "damage": 0.964 }, "model": "item/iron_hoe241" },
		{ "predicate": { "damaged": 0, "damage": 0.968 }, "model": "item/iron_hoe242" },
		{ "predicate": { "damaged": 0, "damage": 0.972 }, "model": "item/iron_hoe243" },
		{ "predicate": { "damaged": 0, "damage": 0.976 }, "model": "item/iron_hoe244" },
		{ "predicate": { "damaged": 0, "damage": 0.98 }, "model": "item/iron_hoe245" },
		{ "predicate": { "damaged": 0, "damage": 0.984 }, "model": "item/iron_hoe246" },
		{ "predicate": { "damaged": 0, "damage": 0.988 }, "model": "item/iron_hoe247" },
		{ "predicate": { "damaged": 0, "damage": 0.992 }, "model": "item/iron_hoe248" },
		{ "predicate": { "damaged": 0, "damage": 0.996 }, "model": "item/iron_hoe249" },
		{ "predicate": { "damaged": 1 }, "model": "item/iron_hoe" }
	]
}