{
	"credit": "Made with Blockbench",
	"textures": {
		"0": "alex/visor_blue",
		"2": "alex/visor_white",
		"particle": "alex/visor_blue"
	},
	"elements": [
		{
			"from": [5.5, 7.5, 3.5],
			"to": [10.5, 11.5, 4.5],
			"faces": {
				"north": {"uv": [0, 0, 5, 4], "texture": "#0"},
				"east": {"uv": [0, 0, 1, 4], "texture": "#0"},
				"south": {"uv": [0, 0, 5, 4], "texture": "#0"},
				"west": {"uv": [0, 0, 1, 4], "texture": "#0"},
				"up": {"uv": [0, 0, 5, 1], "texture": "#0"},
				"down": {"uv": [0, 0, 5, 1], "texture": "#0"}
			}
		},
		{
			"from": [3.25, 7.5, 4.5],
			"to": [12.75, 11.5, 5.5],
			"faces": {
				"north": {"uv": [0, 0, 9.5, 4], "texture": "#0"},
				"east": {"uv": [0, 0, 1, 4], "texture": "#0"},
				"south": {"uv": [0, 0, 9.5, 4], "texture": "#0"},
				"west": {"uv": [0, 0, 1, 4], "texture": "#0"},
				"up": {"uv": [0, 0, 9.5, 1], "texture": "#0"},
				"down": {"uv": [0, 0, 9.5, 1], "texture": "#0"}
			}
		},
		{
			"from": [7.99981, 7.5, 2.6437],
			"to": [13.24981, 11.5, 3.6437],
			"rotation": {"angle": -22.5, "axis": "y", "origin": [7.09745, 8, 9.35651]},
			"faces": {
				"north": {"uv": [0, 0, 5.25, 4], "texture": "#0"},
				"east": {"uv": [0, 0, 1, 4], "texture": "#0"},
				"south": {"uv": [0, 0, 5.25, 4], "texture": "#0"},
				"west": {"uv": [0, 0, 1, 4], "texture": "#0"},
				"up": {"uv": [0, 0, 1, 5.25], "rotation": 270, "texture": "#0"},
				"down": {"uv": [0, 0, 1, 5.25], "rotation": 90, "texture": "#0"}
			}
		},
		{
			"from": [3.5785, 7.5, 6.80789],
			"to": [8.8285, 11.5, 7.80789],
			"rotation": {"angle": 22.5, "axis": "y", "origin": [-1.15069, 8, 13.5207]},
			"faces": {
				"north": {"uv": [0, 0, 5.25, 4], "texture": "#0"},
				"east": {"uv": [0, 0, 1, 4], "texture": "#0"},
				"south": {"uv": [0, 0, 5.25, 4], "texture": "#0"},
				"west": {"uv": [0, 0, 1, 4], "texture": "#0"},
				"up": {"uv": [0, 0, 1, 5.25], "rotation": 270, "texture": "#0"},
				"down": {"uv": [0, 0, 1, 5.25], "rotation": 90, "texture": "#0"}
			}
		},
		{
			"from": [0.5, 4.5, 5.5],
			"to": [15.5, 11.5, 6.5],
			"faces": {
				"north": {"uv": [0, 0, 15, 7], "texture": "#0"},
				"east": {"uv": [0, 0, 1, 7], "texture": "#0"},
				"south": {"uv": [0, 0, 15, 7], "texture": "#0"},
				"west": {"uv": [0, 0, 1, 7], "texture": "#0"},
				"up": {"uv": [0, 0, 15, 1], "texture": "#0"},
				"down": {"uv": [0, 0, 15, 1], "texture": "#0"}
			}
		},
		{
			"from": [15.03807, 5, 2.82226],
			"to": [17.03807, 11, 3.82226],
			"rotation": {"angle": -22.5, "axis": "y", "origin": [8.53807, 8, 5.32226]},
			"faces": {
				"north": {"uv": [0, 0, 2, 6], "texture": "#0"},
				"east": {"uv": [0, 0, 1, 6], "texture": "#0"},
				"south": {"uv": [0, 0, 2, 6], "texture": "#0"},
				"west": {"uv": [0, 0, 1, 6], "texture": "#0"},
				"up": {"uv": [0, 0, 2, 1], "texture": "#0"},
				"down": {"uv": [0, 0, 2, 1], "texture": "#0"}
			}
		},
		{
			"from": [1.40437, 5, 10.50905],
			"to": [3.40437, 11, 11.50905],
			"rotation": {"angle": 22.5, "axis": "y", "origin": [-10.63891, 8, 15.30515]},
			"faces": {
				"north": {"uv": [0, 0, 2, 6], "texture": "#0"},
				"east": {"uv": [0, 0, 1, 6], "texture": "#0"},
				"south": {"uv": [0, 0, 2, 6], "texture": "#0"},
				"west": {"uv": [0, 0, 1, 6], "texture": "#0"},
				"up": {"uv": [0, 0, 2, 1], "texture": "#0"},
				"down": {"uv": [0, 0, 2, 1], "texture": "#0"}
			}
		},
		{
			"from": [4.15678, 5.5, 14.79072],
			"to": [6.15678, 10.5, 15.79072],
			"rotation": {"angle": 45, "axis": "y", "origin": [-7.8865, 8, 19.58682]},
			"faces": {
				"north": {"uv": [0, 0, 2, 5], "texture": "#0"},
				"east": {"uv": [0, 0, 1, 5], "texture": "#0"},
				"south": {"uv": [0, 0, 2, 5], "texture": "#0"},
				"west": {"uv": [0, 0, 1, 5], "texture": "#0"},
				"up": {"uv": [0, 0, 2, 1], "texture": "#0"},
				"down": {"uv": [0, 0, 2, 1], "texture": "#0"}
			}
		},
		{
			"from": [-8.50118, 6, 8.44599],
			"to": [-7.50118, 10, 10.44599],
			"rotation": {"angle": -22.5, "axis": "y", "origin": [-3.70508, 8, 22.48927]},
			"faces": {
				"north": {"uv": [0, 0, 1, 4], "texture": "#0"},
				"east": {"uv": [0, 0, 2, 4], "texture": "#0"},
				"south": {"uv": [0, 0, 1, 4], "texture": "#0"},
				"west": {"uv": [0, 0, 2, 4], "texture": "#0"},
				"up": {"uv": [0, 0, 2, 1], "rotation": 270, "texture": "#0"},
				"down": {"uv": [0, 0, 2, 1], "rotation": 90, "texture": "#0"}
			}
		},
		{
			"from": [-3.52734, 6.5, 9.52734],
			"to": [-2.52734, 9.5, 24.52734],
			"rotation": {"angle": 0, "axis": "y", "origin": [1.26876, 8, 23.57062]},
			"faces": {
				"north": {"uv": [0, 0, 1, 3], "texture": "#0"},
				"east": {"uv": [0, 0, 15, 3], "texture": "#0"},
				"south": {"uv": [0, 0, 1, 3], "texture": "#0"},
				"west": {"uv": [0, 0, 15, 3], "texture": "#0"},
				"up": {"uv": [0, 0, 15, 1], "rotation": 270, "texture": "#0"},
				"down": {"uv": [0, 0, 15, 1], "rotation": 90, "texture": "#0"}
			}
		},
		{
			"from": [-4.64123, 6.5, 22.8409],
			"to": [-3.64123, 9.5, 24.8409],
			"rotation": {"angle": 22.5, "axis": "y", "origin": [0.15487, 8, 20.88418]},
			"faces": {
				"north": {"uv": [0, 0, 1, 3], "texture": "#0"},
				"east": {"uv": [0, 0, 2, 3], "texture": "#0"},
				"south": {"uv": [0, 0, 1, 3], "texture": "#0"},
				"west": {"uv": [0, 0, 2, 3], "texture": "#0"},
				"up": {"uv": [0, 0, 2, 1], "rotation": 270, "texture": "#0"},
				"down": {"uv": [0, 0, 2, 1], "rotation": 90, "texture": "#0"}
			}
		},
		{
			"from": [-5.55033, 6.5, 23.55685],
			"to": [-4.55033, 9.5, 25.55685],
			"rotation": {"angle": 45, "axis": "y", "origin": [-0.75423, 8, 21.60013]},
			"faces": {
				"north": {"uv": [0, 0, 1, 3], "texture": "#0"},
				"east": {"uv": [0, 0, 2, 3], "texture": "#0"},
				"south": {"uv": [0, 0, 1, 3], "texture": "#0"},
				"west": {"uv": [0, 0, 2, 3], "texture": "#0"},
				"up": {"uv": [0, 0, 2, 1], "rotation": 270, "texture": "#0"},
				"down": {"uv": [0, 0, 2, 1], "rotation": 90, "texture": "#0"}
			}
		},
		{
			"from": [0.63658, 6.75, 26.40559],
			"to": [2.63658, 9.25, 27.40559],
			"rotation": {"angle": -22.5, "axis": "y", "origin": [-1.32015, 8, 22.60949]},
			"faces": {
				"north": {"uv": [0, 0, 2, 2.5], "texture": "#0"},
				"east": {"uv": [0, 0, 1, 2.5], "texture": "#0"},
				"south": {"uv": [0, 0, 2, 2.5], "texture": "#0"},
				"west": {"uv": [0, 0, 1, 2.5], "texture": "#0"},
				"up": {"uv": [0, 0, 2, 1], "rotation": 180, "texture": "#0"},
				"down": {"uv": [0, 0, 2, 1], "rotation": 180, "texture": "#0"}
			}
		},
		{
			"from": [0.5, 7, 27.55468],
			"to": [15.5, 9, 28.55468],
			"rotation": {"angle": 0, "axis": "y", "origin": [-1.45672, 8, 23.75858]},
			"faces": {
				"north": {"uv": [0, 0, 15, 2], "texture": "#0"},
				"east": {"uv": [0, 0, 1, 2], "texture": "#0"},
				"south": {"uv": [0, 0, 15, 2], "texture": "#0"},
				"west": {"uv": [0, 0, 1, 2], "texture": "#0"},
				"up": {"uv": [0, 0, 15, 1], "rotation": 180, "texture": "#0"},
				"down": {"uv": [0, 0, 15, 1], "rotation": 180, "texture": "#0"}
			}
		},
		{
			"from": [15.41015, 6.5, 22.01016],
			"to": [16.41015, 9.5, 24.01016],
			"rotation": {"angle": -22.5, "axis": "y", "origin": [11.61405, 8, 30.96688]},
			"faces": {
				"north": {"uv": [0, 0, 1, 3], "texture": "#0"},
				"east": {"uv": [0, 0, 2, 3], "texture": "#0"},
				"south": {"uv": [0, 0, 1, 3], "texture": "#0"},
				"west": {"uv": [0, 0, 2, 3], "texture": "#0"},
				"up": {"uv": [0, 0, 2, 1], "rotation": 90, "texture": "#0"},
				"down": {"uv": [0, 0, 2, 1], "rotation": 270, "texture": "#0"}
			}
		},
		{
			"from": [12.77868, 6.5, 20.36038],
			"to": [13.77868, 9.5, 22.36038],
			"rotation": {"angle": -45, "axis": "y", "origin": [8.98258, 8, 29.3171]},
			"faces": {
				"north": {"uv": [0, 0, 1, 3], "texture": "#0"},
				"east": {"uv": [0, 0, 2, 3], "texture": "#0"},
				"south": {"uv": [0, 0, 1, 3], "texture": "#0"},
				"west": {"uv": [0, 0, 2, 3], "texture": "#0"},
				"up": {"uv": [0, 0, 2, 1], "rotation": 90, "texture": "#0"},
				"down": {"uv": [0, 0, 2, 1], "rotation": 270, "texture": "#0"}
			}
		},
		{
			"from": [14.13948, 6.75, 30.58198],
			"to": [16.13948, 9.25, 31.58198],
			"rotation": {"angle": 22.5, "axis": "y", "origin": [7.18276, 8, 26.78588]},
			"faces": {
				"north": {"uv": [0, 0, 2, 2.5], "texture": "#0"},
				"east": {"uv": [0, 0, 1, 2.5], "texture": "#0"},
				"south": {"uv": [0, 0, 2, 2.5], "texture": "#0"},
				"west": {"uv": [0, 0, 1, 2.5], "texture": "#0"},
				"up": {"uv": [0, 0, 2, 1], "rotation": 180, "texture": "#0"},
				"down": {"uv": [0, 0, 2, 1], "rotation": 180, "texture": "#0"}
			}
		},
		{
			"from": [18.47266, 6.5, 9.52734],
			"to": [19.47266, 9.5, 24.52734],
			"rotation": {"angle": 0, "axis": "y", "origin": [1.26876, 8, 23.57062]},
			"faces": {
				"north": {"uv": [0, 0, 1, 3], "texture": "#0"},
				"east": {"uv": [0, 0, 15, 3], "texture": "#0"},
				"south": {"uv": [0, 0, 1, 3], "texture": "#0"},
				"west": {"uv": [0, 0, 15, 3], "texture": "#0"},
				"up": {"uv": [0, 0, 15, 1], "rotation": 270, "texture": "#0"},
				"down": {"uv": [0, 0, 15, 1], "rotation": 90, "texture": "#0"}
			}
		},
		{
			"from": [17.4838, 5.5, 0.93694],
			"to": [19.4838, 10.5, 1.93694],
			"rotation": {"angle": -45, "axis": "y", "origin": [10.9838, 8, 3.43694]},
			"faces": {
				"north": {"uv": [0, 0, 2, 5], "texture": "#0"},
				"east": {"uv": [0, 0, 1, 5], "texture": "#0"},
				"south": {"uv": [0, 0, 2, 5], "texture": "#0"},
				"west": {"uv": [0, 0, 1, 5], "texture": "#0"},
				"up": {"uv": [0, 0, 2, 1], "texture": "#0"},
				"down": {"uv": [0, 0, 2, 1], "texture": "#0"}
			}
		},
		{
			"from": [15.46483, 6, 9.13107],
			"to": [16.46483, 10, 11.13107],
			"rotation": {"angle": 22.5, "axis": "y", "origin": [13.96483, 8, 2.63107]},
			"faces": {
				"north": {"uv": [0, 0, 1, 4], "texture": "#0"},
				"east": {"uv": [0, 0, 2, 4], "texture": "#0"},
				"south": {"uv": [0, 0, 1, 4], "texture": "#0"},
				"west": {"uv": [0, 0, 2, 4], "texture": "#0"},
				"up": {"uv": [0, 0, 2, 1], "rotation": 90, "texture": "#0"},
				"down": {"uv": [0, 0, 2, 1], "rotation": 270, "texture": "#0"}
			}
		},
		{
			"from": [5.5, 7.5, -2.5],
			"to": [10.5, 8.5, 3.5],
			"faces": {
				"north": {"uv": [0, 0, 5, 1], "texture": "#0"},
				"east": {"uv": [0, 0, 6, 1], "texture": "#0"},
				"south": {"uv": [0, 0, 5, 1], "texture": "#0"},
				"west": {"uv": [0, 0, 6, 1], "texture": "#0"},
				"up": {"uv": [0, 0, 5, 6], "texture": "#0"},
				"down": {"uv": [0, 0, 5, 6], "texture": "#0"}
			}
		},
		{
			"from": [8.575, 10.75, 3.425],
			"to": [9.025, 11, 3.675],
			"faces": {
				"north": {"uv": [0, 0, 0.45, 0.25], "texture": "#2"},
				"east": {"uv": [0, 0, 0.25, 0.25], "texture": "#2"},
				"south": {"uv": [0, 0, 0.45, 0.25], "texture": "#2"},
				"west": {"uv": [0, 0, 0.25, 0.25], "texture": "#2"},
				"up": {"uv": [0, 0, 0.45, 0.25], "texture": "#2"},
				"down": {"uv": [0, 0, 0.45, 0.25], "texture": "#2"}
			}
		},
		{
			"from": [7.80317, 10.91935, 3.425],
			"to": [8.05317, 11.16935, 3.675],
			"rotation": {"angle": -22.5, "axis": "z", "origin": [8, 8, 8]},
			"faces": {
				"north": {"uv": [0, 0, 0.25, 0.25], "texture": "#2"},
				"east": {"uv": [0, 0, 0.25, 0.25], "texture": "#2"},
				"south": {"uv": [0, 0, 0.25, 0.25], "texture": "#2"},
				"west": {"uv": [0, 0, 0.25, 0.25], "texture": "#2"},
				"up": {"uv": [0, 0, 0.25, 0.25], "texture": "#2"},
				"down": {"uv": [0, 0, 0.25, 0.25], "texture": "#2"}
			}
		},
		{
			"from": [6.82408, 10.69853, 3.425],
			"to": [7.07408, 10.94853, 3.675],
			"rotation": {"angle": -45, "axis": "z", "origin": [8, 8, 8]},
			"faces": {
				"north": {"uv": [0, 0, 0.25, 0.25], "texture": "#2"},
				"east": {"uv": [0, 0, 0.25, 0.25], "texture": "#2"},
				"south": {"uv": [0, 0, 0.25, 0.25], "texture": "#2"},
				"west": {"uv": [0, 0, 0.25, 0.25], "texture": "#2"},
				"up": {"uv": [0, 0, 0.25, 0.25], "texture": "#2"},
				"down": {"uv": [0, 0, 0.25, 0.25], "texture": "#2"}
			}
		},
		{
			"from": [10.11775, 9.72924, 3.425],
			"to": [10.36775, 9.97924, 3.675],
			"rotation": {"angle": 22.5, "axis": "z", "origin": [8, 8, 8]},
			"faces": {
				"north": {"uv": [0, 0, 0.25, 0.25], "rotation": 270, "texture": "#2"},
				"east": {"uv": [0, 0, 0.25, 0.25], "rotation": 90, "texture": "#2"},
				"south": {"uv": [0, 0, 0.25, 0.25], "rotation": 90, "texture": "#2"},
				"west": {"uv": [0, 0, 0.25, 0.25], "rotation": 90, "texture": "#2"},
				"up": {"uv": [0, 0, 0.25, 0.25], "rotation": 90, "texture": "#2"},
				"down": {"uv": [0, 0, 0.25, 0.25], "rotation": 90, "texture": "#2"}
			}
		},
		{
			"from": [9.2833, 10.24209, 3.425],
			"to": [9.5333, 10.49209, 3.675],
			"faces": {
				"north": {"uv": [0, 0, 0.25, 0.25], "rotation": 270, "texture": "#2"},
				"east": {"uv": [0, 0, 0.25, 0.25], "rotation": 90, "texture": "#2"},
				"south": {"uv": [0, 0, 0.25, 0.25], "rotation": 90, "texture": "#2"},
				"west": {"uv": [0, 0, 0.25, 0.25], "rotation": 90, "texture": "#2"},
				"up": {"uv": [0, 0, 0.25, 0.25], "rotation": 90, "texture": "#2"},
				"down": {"uv": [0, 0, 0.25, 0.25], "rotation": 90, "texture": "#2"}
			}
		},
		{
			"from": [8.30459, 10.39945, 3.425],
			"to": [8.55459, 10.64945, 3.675],
			"rotation": {"angle": -22.5, "axis": "z", "origin": [8, 8, 8]},
			"faces": {
				"north": {"uv": [0, 0, 0.25, 0.25], "rotation": 270, "texture": "#2"},
				"east": {"uv": [0, 0, 0.25, 0.25], "rotation": 90, "texture": "#2"},
				"south": {"uv": [0, 0, 0.25, 0.25], "rotation": 90, "texture": "#2"},
				"west": {"uv": [0, 0, 0.25, 0.25], "rotation": 90, "texture": "#2"},
				"up": {"uv": [0, 0, 0.25, 0.25], "rotation": 90, "texture": "#2"},
				"down": {"uv": [0, 0, 0.25, 0.25], "rotation": 90, "texture": "#2"}
			}
		},
		{
			"from": [7.34015, 10.17029, 3.425],
			"to": [7.59015, 10.42029, 3.675],
			"rotation": {"angle": -45, "axis": "z", "origin": [8, 8, 8]},
			"faces": {
				"north": {"uv": [0, 0, 0.25, 0.25], "rotation": 270, "texture": "#2"},
				"east": {"uv": [0, 0, 0.25, 0.25], "rotation": 90, "texture": "#2"},
				"south": {"uv": [0, 0, 0.25, 0.25], "rotation": 90, "texture": "#2"},
				"west": {"uv": [0, 0, 0.25, 0.25], "rotation": 90, "texture": "#2"},
				"up": {"uv": [0, 0, 0.25, 0.25], "rotation": 90, "texture": "#2"},
				"down": {"uv": [0, 0, 0.25, 0.25], "rotation": 90, "texture": "#2"}
			}
		},
		{
			"from": [6.01705, 9.2134, 3.425],
			"to": [6.26705, 9.4634, 3.675],
			"rotation": {"angle": -45, "axis": "z", "origin": [6.83599, 7.2022, 8]},
			"faces": {
				"north": {"uv": [0, 0, 0.25, 0.25], "rotation": 270, "texture": "#2"},
				"east": {"uv": [0, 0, 0.25, 0.25], "rotation": 90, "texture": "#2"},
				"south": {"uv": [0, 0, 0.25, 0.25], "rotation": 90, "texture": "#2"},
				"west": {"uv": [0, 0, 0.25, 0.25], "rotation": 90, "texture": "#2"},
				"up": {"uv": [0, 0, 0.25, 0.25], "rotation": 90, "texture": "#2"},
				"down": {"uv": [0, 0, 0.25, 0.25], "rotation": 90, "texture": "#2"}
			}
		},
		{
			"from": [7.6142, 8.34802, 3.425],
			"to": [7.8642, 8.59802, 3.675],
			"rotation": {"angle": 22.5, "axis": "z", "origin": [5.62143, 7.24479, 8]},
			"faces": {
				"north": {"uv": [0, 0, 0.25, 0.25], "rotation": 180, "texture": "#2"},
				"east": {"uv": [0, 0, 0.25, 0.25], "rotation": 180, "texture": "#2"},
				"south": {"uv": [0, 0, 0.25, 0.25], "rotation": 180, "texture": "#2"},
				"west": {"uv": [0, 0, 0.25, 0.25], "rotation": 180, "texture": "#2"},
				"up": {"uv": [0, 0, 0.25, 0.25], "rotation": 180, "texture": "#2"},
				"down": {"uv": [0, 0, 0.25, 0.25], "rotation": 180, "texture": "#2"}
			}
		},
		{
			"from": [5.6093, 10.25729, 3.425],
			"to": [5.8593, 10.50729, 3.675],
			"rotation": {"angle": -45, "axis": "z", "origin": [6.42825, 8.2461, 8]},
			"faces": {
				"north": {"uv": [0, 0, 0.25, 0.25], "rotation": 270, "texture": "#2"},
				"east": {"uv": [0, 0, 0.25, 0.25], "rotation": 90, "texture": "#2"},
				"south": {"uv": [0, 0, 0.25, 0.25], "rotation": 90, "texture": "#2"},
				"west": {"uv": [0, 0, 0.25, 0.25], "rotation": 90, "texture": "#2"},
				"up": {"uv": [0, 0, 0.25, 0.25], "rotation": 90, "texture": "#2"},
				"down": {"uv": [0, 0, 0.25, 0.25], "rotation": 90, "texture": "#2"}
			}
		},
		{
			"from": [5.3593, 10.25729, 3.425],
			"to": [5.6093, 10.50729, 3.675],
			"rotation": {"angle": -45, "axis": "z", "origin": [6.17825, 8.2461, 8]},
			"faces": {
				"north": {"uv": [0, 0, 0.25, 0.25], "rotation": 270, "texture": "#2"},
				"east": {"uv": [0, 0, 0.25, 0.25], "rotation": 90, "texture": "#2"},
				"south": {"uv": [0, 0, 0.25, 0.25], "rotation": 90, "texture": "#2"},
				"west": {"uv": [0, 0, 0.25, 0.25], "rotation": 90, "texture": "#2"},
				"up": {"uv": [0, 0, 0.25, 0.25], "rotation": 90, "texture": "#2"},
				"down": {"uv": [0, 0, 0.25, 0.25], "rotation": 90, "texture": "#2"}
			}
		},
		{
			"from": [7.60581, 9.02664, 3.425],
			"to": [7.85581, 9.27664, 3.675],
			"rotation": {"angle": 0, "axis": "z", "origin": [7.58269, 7.43493, 8]},
			"faces": {
				"north": {"uv": [0, 0, 0.25, 0.25], "texture": "#2"},
				"east": {"uv": [0, 0, 0.25, 0.25], "texture": "#2"},
				"south": {"uv": [0, 0, 0.25, 0.25], "texture": "#2"},
				"west": {"uv": [0, 0, 0.25, 0.25], "texture": "#2"},
				"up": {"uv": [0, 0, 0.25, 0.25], "texture": "#2"},
				"down": {"uv": [0, 0, 0.25, 0.25], "texture": "#2"}
			}
		},
		{
			"from": [6.79032, 9.02664, 3.425],
			"to": [7.04032, 9.27664, 3.675],
			"rotation": {"angle": 0, "axis": "z", "origin": [7.6672, 7.43493, 8]},
			"faces": {
				"north": {"uv": [0, 0, 0.25, 0.25], "texture": "#2"},
				"east": {"uv": [0, 0, 0.25, 0.25], "texture": "#2"},
				"south": {"uv": [0, 0, 0.25, 0.25], "texture": "#2"},
				"west": {"uv": [0, 0, 0.25, 0.25], "texture": "#2"},
				"up": {"uv": [0, 0, 0.25, 0.25], "texture": "#2"},
				"down": {"uv": [0, 0, 0.25, 0.25], "texture": "#2"}
			}
		},
		{
			"from": [7.19807, 10.17409, 3.425],
			"to": [7.44807, 10.42409, 3.675],
			"rotation": {"angle": 0, "axis": "z", "origin": [7.17494, 8.58238, 8]},
			"faces": {
				"north": {"uv": [0, 0, 0.25, 0.25], "texture": "#2"},
				"east": {"uv": [0, 0, 0.25, 0.25], "texture": "#2"},
				"south": {"uv": [0, 0, 0.25, 0.25], "texture": "#2"},
				"west": {"uv": [0, 0, 0.25, 0.25], "texture": "#2"},
				"up": {"uv": [0, 0, 0.25, 0.25], "texture": "#2"},
				"down": {"uv": [0, 0, 0.25, 0.25], "texture": "#2"}
			}
		},
		{
			"from": [6.55988, 9.12292, 3.425],
			"to": [6.80988, 9.37292, 3.675],
			"rotation": {"angle": -22.5, "axis": "z", "origin": [6.96584, 7.07406, 8]},
			"faces": {
				"north": {"uv": [0, 0, 0.25, 0.25], "texture": "#2"},
				"east": {"uv": [0, 0, 0.25, 0.25], "texture": "#2"},
				"south": {"uv": [0, 0, 0.25, 0.25], "texture": "#2"},
				"west": {"uv": [0, 0, 0.25, 0.25], "texture": "#2"},
				"up": {"uv": [0, 0, 0.25, 0.25], "texture": "#2"},
				"down": {"uv": [0, 0, 0.25, 0.25], "texture": "#2"}
			}
		},
		{
			"from": [5.8129, 8.7785, 3.425],
			"to": [6.0629, 9.0285, 3.675],
			"rotation": {"angle": -22.5, "axis": "z", "origin": [7.05034, 7.07406, 8]},
			"faces": {
				"north": {"uv": [0, 0, 0.25, 0.25], "texture": "#2"},
				"east": {"uv": [0, 0, 0.25, 0.25], "texture": "#2"},
				"south": {"uv": [0, 0, 0.25, 0.25], "texture": "#2"},
				"west": {"uv": [0, 0, 0.25, 0.25], "texture": "#2"},
				"up": {"uv": [0, 0, 0.25, 0.25], "texture": "#2"},
				"down": {"uv": [0, 0, 0.25, 0.25], "texture": "#2"}
			}
		},
		{
			"from": [8.98959, 9.83039, 3.425],
			"to": [9.23959, 10.08039, 3.675],
			"faces": {
				"north": {"uv": [0, 0, 0.25, 0.25], "rotation": 180, "texture": "#2"},
				"east": {"uv": [0, 0, 0.25, 0.25], "rotation": 180, "texture": "#2"},
				"south": {"uv": [0, 0, 0.25, 0.25], "rotation": 180, "texture": "#2"},
				"west": {"uv": [0, 0, 0.25, 0.25], "rotation": 180, "texture": "#2"},
				"up": {"uv": [0, 0, 0.25, 0.25], "rotation": 180, "texture": "#2"},
				"down": {"uv": [0, 0, 0.25, 0.25], "rotation": 180, "texture": "#2"}
			}
		},
		{
			"from": [7.78259, 9.20342, 3.425],
			"to": [8.03259, 11.00342, 3.675],
			"faces": {
				"north": {"uv": [0, 0, 1.8, 0.25], "rotation": 270, "texture": "#2"},
				"east": {"uv": [0, 0, 1.8, 0.25], "rotation": 90, "texture": "#2"},
				"south": {"uv": [0, 0, 1.8, 0.25], "rotation": 90, "texture": "#2"},
				"west": {"uv": [0, 0, 1.8, 0.25], "rotation": 90, "texture": "#2"},
				"up": {"uv": [0, 0, 0.25, 0.25], "rotation": 90, "texture": "#2"},
				"down": {"uv": [0, 0, 0.25, 0.25], "rotation": 90, "texture": "#2"}
			}
		},
		{
			"from": [6.55935, 9.12231, 3.425],
			"to": [6.80935, 10.92231, 3.675],
			"rotation": {"angle": 0, "axis": "z", "origin": [7.67676, 7.91889, 8]},
			"faces": {
				"north": {"uv": [0, 0, 1.8, 0.25], "rotation": 270, "texture": "#2"},
				"east": {"uv": [0, 0, 1.8, 0.25], "rotation": 90, "texture": "#2"},
				"south": {"uv": [0, 0, 1.8, 0.25], "rotation": 90, "texture": "#2"},
				"west": {"uv": [0, 0, 1.8, 0.25], "rotation": 90, "texture": "#2"},
				"up": {"uv": [0, 0, 0.25, 0.25], "rotation": 90, "texture": "#2"},
				"down": {"uv": [0, 0, 0.25, 0.25], "rotation": 90, "texture": "#2"}
			}
		},
		{
			"from": [7.37484, 9.12231, 3.425],
			"to": [7.62484, 10.24731, 3.675],
			"rotation": {"angle": 0, "axis": "z", "origin": [7.59225, 7.91889, 8]},
			"faces": {
				"north": {"uv": [0, 0, 1.125, 0.25], "rotation": 270, "texture": "#2"},
				"east": {"uv": [0, 0, 1.125, 0.25], "rotation": 90, "texture": "#2"},
				"south": {"uv": [0, 0, 1.125, 0.25], "rotation": 90, "texture": "#2"},
				"west": {"uv": [0, 0, 1.125, 0.25], "rotation": 90, "texture": "#2"},
				"up": {"uv": [0, 0, 0.25, 0.25], "rotation": 90, "texture": "#2"},
				"down": {"uv": [0, 0, 0.25, 0.25], "rotation": 90, "texture": "#2"}
			}
		},
		{
			"from": [7.02129, 9.12231, 3.425],
			"to": [7.27129, 10.24731, 3.675],
			"rotation": {"angle": 0, "axis": "z", "origin": [7.2387, 7.91889, 8]},
			"faces": {
				"north": {"uv": [0, 0, 1.125, 0.25], "rotation": 270, "texture": "#2"},
				"east": {"uv": [0, 0, 1.125, 0.25], "rotation": 90, "texture": "#2"},
				"south": {"uv": [0, 0, 1.125, 0.25], "rotation": 90, "texture": "#2"},
				"west": {"uv": [0, 0, 1.125, 0.25], "rotation": 90, "texture": "#2"},
				"up": {"uv": [0, 0, 0.25, 0.25], "rotation": 90, "texture": "#2"},
				"down": {"uv": [0, 0, 0.25, 0.25], "rotation": 90, "texture": "#2"}
			}
		},
		{
			"from": [9.4563, 9.29145, 3.425],
			"to": [9.7063, 9.54145, 3.675],
			"rotation": {"angle": 22.5, "axis": "z", "origin": [8, 8, 8]},
			"faces": {
				"north": {"uv": [0, 0, 0.25, 0.25], "rotation": 180, "texture": "#2"},
				"east": {"uv": [0, 0, 0.25, 0.25], "rotation": 180, "texture": "#2"},
				"south": {"uv": [0, 0, 0.25, 0.25], "rotation": 180, "texture": "#2"},
				"west": {"uv": [0, 0, 0.25, 0.25], "rotation": 180, "texture": "#2"},
				"up": {"uv": [0, 0, 0.25, 0.25], "rotation": 180, "texture": "#2"},
				"down": {"uv": [0, 0, 0.25, 0.25], "rotation": 180, "texture": "#2"}
			}
		},
		{
			"from": [7.13508, 9.68123, 3.425],
			"to": [7.38508, 9.93123, 3.675],
			"rotation": {"angle": -45, "axis": "z", "origin": [8, 8, 8]},
			"faces": {
				"north": {"uv": [0, 0, 0.25, 0.25], "rotation": 270, "texture": "#2"},
				"east": {"uv": [0, 0, 0.25, 0.25], "rotation": 90, "texture": "#2"},
				"south": {"uv": [0, 0, 0.25, 0.25], "rotation": 90, "texture": "#2"},
				"west": {"uv": [0, 0, 0.25, 0.25], "rotation": 90, "texture": "#2"},
				"up": {"uv": [0, 0, 0.25, 0.25], "rotation": 90, "texture": "#2"},
				"down": {"uv": [0, 0, 0.25, 0.25], "rotation": 90, "texture": "#2"}
			}
		},
		{
			"from": [8.57754, 9.55372, 3.425],
			"to": [8.82754, 9.80372, 3.675],
			"faces": {
				"north": {"uv": [0, 0, 0.25, 0.25], "rotation": 270, "texture": "#2"},
				"east": {"uv": [0, 0, 0.25, 0.25], "rotation": 90, "texture": "#2"},
				"south": {"uv": [0, 0, 0.25, 0.25], "rotation": 90, "texture": "#2"},
				"west": {"uv": [0, 0, 0.25, 0.25], "rotation": 90, "texture": "#2"},
				"up": {"uv": [0, 0, 0.25, 0.25], "rotation": 90, "texture": "#2"},
				"down": {"uv": [0, 0, 0.25, 0.25], "rotation": 90, "texture": "#2"}
			}
		},
		{
			"from": [9.12612, 8.96879, 3.425],
			"to": [9.37612, 9.21879, 3.675],
			"rotation": {"angle": 22.5, "axis": "z", "origin": [8, 8, 8]},
			"faces": {
				"north": {"uv": [0, 0, 0.25, 0.25], "rotation": 270, "texture": "#2"},
				"east": {"uv": [0, 0, 0.25, 0.25], "rotation": 90, "texture": "#2"},
				"south": {"uv": [0, 0, 0.25, 0.25], "rotation": 90, "texture": "#2"},
				"west": {"uv": [0, 0, 0.25, 0.25], "rotation": 90, "texture": "#2"},
				"up": {"uv": [0, 0, 0.25, 0.25], "rotation": 90, "texture": "#2"},
				"down": {"uv": [0, 0, 0.25, 0.25], "rotation": 90, "texture": "#2"}
			}
		},
		{
			"from": [9.40908, 8.21845, 3.425],
			"to": [9.65908, 8.46845, 3.675],
			"rotation": {"angle": 45, "axis": "z", "origin": [8, 8, 8]},
			"faces": {
				"north": {"uv": [0, 0, 0.25, 0.25], "rotation": 270, "texture": "#2"},
				"east": {"uv": [0, 0, 0.25, 0.25], "rotation": 90, "texture": "#2"},
				"south": {"uv": [0, 0, 0.25, 0.25], "rotation": 90, "texture": "#2"},
				"west": {"uv": [0, 0, 0.25, 0.25], "rotation": 90, "texture": "#2"},
				"up": {"uv": [0, 0, 0.25, 0.25], "rotation": 90, "texture": "#2"},
				"down": {"uv": [0, 0, 0.25, 0.25], "rotation": 90, "texture": "#2"}
			}
		},
		{
			"from": [8.33306, 9.38336, 3.425],
			"to": [8.58306, 9.63336, 3.675],
			"rotation": {"angle": -22.5, "axis": "z", "origin": [8, 8, 8]},
			"faces": {
				"north": {"uv": [0, 0, 0.25, 0.25], "texture": "#2"},
				"east": {"uv": [0, 0, 0.25, 0.25], "texture": "#2"},
				"south": {"uv": [0, 0, 0.25, 0.25], "texture": "#2"},
				"west": {"uv": [0, 0, 0.25, 0.25], "texture": "#2"},
				"up": {"uv": [0, 0, 0.25, 0.25], "texture": "#2"},
				"down": {"uv": [0, 0, 0.25, 0.25], "texture": "#2"}
			}
		},
		{
			"from": [9.06371, 9.05288, 3.425],
			"to": [9.43871, 9.30288, 3.675],
			"faces": {
				"north": {"uv": [0, 0, 0.375, 0.25], "texture": "#2"},
				"east": {"uv": [0, 0, 0.25, 0.25], "texture": "#2"},
				"south": {"uv": [0, 0, 0.375, 0.25], "texture": "#2"},
				"west": {"uv": [0, 0, 0.25, 0.25], "texture": "#2"},
				"up": {"uv": [0, 0, 0.375, 0.25], "texture": "#2"},
				"down": {"uv": [0, 0, 0.375, 0.25], "texture": "#2"}
			}
		},
		{
			"from": [10.49896, 8.49477, -2.5],
			"to": [13.49896, 9.49477, 4.75],
			"rotation": {"angle": -22.5, "axis": "z", "origin": [7.99896, 8.99477, 8]},
			"faces": {
				"north": {"uv": [0, 0, 3, 1], "texture": "#0"},
				"east": {"uv": [0, 0, 7.25, 1], "texture": "#0"},
				"south": {"uv": [0, 0, 3, 1], "texture": "#0"},
				"west": {"uv": [0, 0, 7.25, 1], "texture": "#0"},
				"up": {"uv": [0, 0, 3, 7.25], "texture": "#0"},
				"down": {"uv": [0, 0, 3, 7.25], "texture": "#0"}
			}
		},
		{
			"from": [13.65032, 8.26616, -2.5],
			"to": [16.65032, 9.26616, 5.5],
			"rotation": {"angle": -45, "axis": "z", "origin": [11.15032, 8.76616, 8]},
			"faces": {
				"north": {"uv": [0, 0, 3, 1], "texture": "#0"},
				"east": {"uv": [0, 0, 8, 1], "texture": "#0"},
				"south": {"uv": [0, 0, 3, 1], "texture": "#0"},
				"west": {"uv": [0, 0, 8, 1], "texture": "#0"},
				"up": {"uv": [0, 0, 3, 8], "texture": "#0"},
				"down": {"uv": [0, 0, 3, 8], "texture": "#0"}
			}
		},
		{
			"from": [-1.30717, 5.60931, -2.5],
			"to": [-0.30717, 8.60931, 5.5],
			"rotation": {"angle": -45, "axis": "z", "origin": [-0.80717, 3.10931, 8]},
			"faces": {
				"north": {"uv": [0, 0, 3, 1], "rotation": 90, "texture": "#0"},
				"east": {"uv": [0, 0, 3, 8], "rotation": 270, "texture": "#0"},
				"south": {"uv": [0, 0, 3, 1], "rotation": 270, "texture": "#0"},
				"west": {"uv": [0, 0, 3, 8], "rotation": 270, "texture": "#0"},
				"up": {"uv": [0, 0, 8, 1], "rotation": 270, "texture": "#0"},
				"down": {"uv": [0, 0, 8, 1], "rotation": 270, "texture": "#0"}
			}
		},
		{
			"from": [3.11, 5.4333, -2.5],
			"to": [6.11, 6.4333, 4.75],
			"rotation": {"angle": 22.5, "axis": "z", "origin": [0.61, 5.9333, 8]},
			"faces": {
				"north": {"uv": [0, 0, 3, 1], "rotation": 180, "texture": "#0"},
				"east": {"uv": [0, 0, 1, 7.25], "rotation": 90, "texture": "#0"},
				"south": {"uv": [0, 0, 3, 1], "texture": "#0"},
				"west": {"uv": [0, 0, 1, 7.25], "rotation": 270, "texture": "#0"},
				"up": {"uv": [0, 0, 3, 7.25], "texture": "#0"},
				"down": {"uv": [0, 0, 3, 7.25], "rotation": 180, "texture": "#0"}
			}
		}
	],
	"display": {
		"thirdperson_righthand": {
			"rotation": [7, 0, 0],
			"translation": [-0.25, -0.5, -5],
			"scale": [0.31, 0.31, 0.3]
		},
		"thirdperson_lefthand": {
			"rotation": [7, 0, 0],
			"translation": [-0.25, -0.5, -5],
			"scale": [0.31, 0.31, 0.31]
		},
		"firstperson_righthand": {
			"rotation": [34, 48, 10],
			"translation": [1.25, 1, -9.25],
			"scale": [0.48, 0.48, 0.48]
		},
		"firstperson_lefthand": {
			"rotation": [35, 30, 18],
			"translation": [0.25, 6, -7],
			"scale": [0.39, 0.39, 0.41]
		},
		"gui": {
			"rotation": [24, 158, 31],
			"translation": [-1.75, -0.75, 0],
			"scale": [0.57, 0.58, 0.58]
		},
		"head": {
			"translation": [0, 5, -5.75],
			"scale": [0.64, 0.64, 0.64]
		},
		"fixed": {
			"rotation": [-90, 0, 0],
			"translation": [0, -3, -1.5]
		}
	}
}