{"credit":"Copyright 2020 MagicalDreams.US - Made With Blockbench","textures":{"0":"block/green_terracotta","1":"block/black_wool","particle":"block/green_terracotta"},"elements":[{"from":[13.175,6.1546,0.14645],"to":[13.825,9.13829,0.89645],"rotation":{"angle":-45,"axis":"x","origin":[8,8,8]},"faces":{"north":{"uv":[0,0,1,1],"texture":"#1"},"east":{"uv":[0,0,1,1],"texture":"#0"},"south":{"uv":[0,0,1,1],"texture":"#0"},"west":{"uv":[0,0,1,1],"texture":"#0"},"up":{"uv":[0,0,1,1],"texture":"#0"},"down":{"uv":[0,0,1,1],"texture":"#0"}}},{"from":[13.175,6.04622,0.30866],"to":[13.825,9.0299,1.05866],"rotation":{"angle":-22.5,"axis":"x","origin":[8,8,8]},"faces":{"north":{"uv":[0,0,1,1],"texture":"#1"},"east":{"uv":[0,0,1,1],"texture":"#0"},"south":{"uv":[0,0,1,1],"texture":"#0"},"west":{"uv":[0,0,1,1],"texture":"#0"},"up":{"uv":[0,0,1,1],"texture":"#0"},"down":{"uv":[0,0,1,1],"texture":"#0"}}},{"from":[13.175,6.00816,0.5],"to":[13.825,8.99184,1.25],"faces":{"north":{"uv":[0,0,1,1],"texture":"#1"},"east":{"uv":[0,0,1,1],"texture":"#0"},"south":{"uv":[0,0,1,1],"texture":"#0"},"west":{"uv":[0,0,1,1],"texture":"#0"},"up":{"uv":[0,0,1,1],"texture":"#0"},"down":{"uv":[0,0,1,1],"texture":"#0"}}},{"from":[13.175,6.04622,0.69134],"to":[13.825,9.0299,1.44134],"rotation":{"angle":22.5,"axis":"x","origin":[8,8,8]},"faces":{"north":{"uv":[0,0,1,1],"texture":"#1"},"east":{"uv":[0,0,1,1],"texture":"#0"},"south":{"uv":[0,0,1,1],"texture":"#0"},"west":{"uv":[0,0,1,1],"texture":"#0"},"up":{"uv":[0,0,1,1],"texture":"#0"},"down":{"uv":[0,0,1,1],"texture":"#0"}}},{"from":[13.175,6.1546,0.85355],"to":[13.825,9.13829,1.60355],"rotation":{"angle":45,"axis":"x","origin":[8,8,8]},"faces":{"north":{"uv":[0,0,1,1],"texture":"#1"},"east":{"uv":[0,0,1,1],"texture":"#0"},"south":{"uv":[0,0,1,1],"texture":"#0"},"west":{"uv":[0,0,1,1],"texture":"#0"},"up":{"uv":[0,0,1,1],"texture":"#0"},"down":{"uv":[0,0,1,1],"texture":"#0"}}},{"from":[13.175,6.1546,14.39645],"to":[13.825,9.13829,15.14645],"rotation":{"angle":-45,"axis":"x","origin":[8,8,8]},"faces":{"north":{"uv":[0,0,1,1],"texture":"#0"},"east":{"uv":[0,0,1,1],"texture":"#0"},"south":{"uv":[0,0,1,1],"texture":"#1"},"west":{"uv":[0,0,1,1],"texture":"#0"},"up":{"uv":[0,0,1,1],"texture":"#0"},"down":{"uv":[0,0,1,1],"texture":"#0"}}},{"from":[13.175,6.04622,14.55866],"to":[13.825,9.0299,15.30866],"rotation":{"angle":-22.5,"axis":"x","origin":[8,8,8]},"faces":{"north":{"uv":[0,0,1,1],"texture":"#0"},"east":{"uv":[0,0,1,1],"texture":"#0"},"south":{"uv":[0,0,1,1],"texture":"#1"},"west":{"uv":[0,0,1,1],"texture":"#0"},"up":{"uv":[0,0,1,1],"texture":"#0"},"down":{"uv":[0,0,1,1],"texture":"#0"}}},{"from":[13.175,6.00816,14.75],"to":[13.825,8.99184,15.5],"faces":{"north":{"uv":[0,0,1,1],"texture":"#0"},"east":{"uv":[0,0,1,1],"texture":"#0"},"south":{"uv":[0,0,1,1],"texture":"#1"},"west":{"uv":[0,0,1,1],"texture":"#0"},"up":{"uv":[0,0,1,1],"texture":"#0"},"down":{"uv":[0,0,1,1],"texture":"#0"}}},{"from":[13.175,6.04622,14.94134],"to":[13.825,9.0299,15.69134],"rotation":{"angle":22.5,"axis":"x","origin":[8,8,8]},"faces":{"north":{"uv":[0,0,1,1],"texture":"#0"},"east":{"uv":[0,0,1,1],"texture":"#0"},"south":{"uv":[0,0,1,1],"texture":"#1"},"west":{"uv":[0,0,1,1],"texture":"#0"},"up":{"uv":[0,0,1,1],"texture":"#0"},"down":{"uv":[0,0,1,1],"texture":"#0"}}},{"from":[13.175,6.1546,15.10355],"to":[13.825,9.13829,15.85355],"rotation":{"angle":45,"axis":"x","origin":[8,8,8]},"faces":{"north":{"uv":[0,0,1,1],"texture":"#0"},"east":{"uv":[0,0,1,1],"texture":"#0"},"south":{"uv":[0,0,1,1],"texture":"#1"},"west":{"uv":[0,0,1,1],"texture":"#0"},"up":{"uv":[0,0,1,1],"texture":"#0"},"down":{"uv":[0,0,1,1],"texture":"#0"}}},{"from":[13.175,0.03806,6.31682],"to":[13.825,0.78806,9.3005],"rotation":{"angle":-22.5,"axis":"x","origin":[8,8,8]},"faces":{"north":{"uv":[0,0,1,1],"texture":"#0"},"east":{"uv":[0,0,1,1],"texture":"#0"},"south":{"uv":[0,0,1,1],"texture":"#0"},"west":{"uv":[0,0,1,1],"texture":"#0"},"up":{"uv":[0,0,1,1],"texture":"#0"},"down":{"uv":[0,0,1,1],"texture":"#1"}}},{"from":[13.175,0,6.50816],"to":[13.825,0.75,9.49184],"faces":{"north":{"uv":[0,0,1,1],"texture":"#0"},"east":{"uv":[0,0,1,1],"texture":"#0"},"south":{"uv":[0,0,1,1],"texture":"#0"},"west":{"uv":[0,0,1,1],"texture":"#0"},"up":{"uv":[0,0,1,1],"texture":"#0"},"down":{"uv":[0,0,1,1],"texture":"#1"}}},{"from":[13.175,0.03806,6.6995],"to":[13.825,0.78806,9.68318],"rotation":{"angle":22.5,"axis":"x","origin":[8,8,8]},"faces":{"north":{"uv":[0,0,1,1],"texture":"#0"},"east":{"uv":[0,0,1,1],"texture":"#0"},"south":{"uv":[0,0,1,1],"texture":"#0"},"west":{"uv":[0,0,1,1],"texture":"#0"},"up":{"uv":[0,0,1,1],"texture":"#0"},"down":{"uv":[0,0,1,1],"texture":"#1"}}},{"from":[13.175,14.28806,6.31682],"to":[13.825,15.03806,9.3005],"rotation":{"angle":-22.5,"axis":"x","origin":[8,8,8]},"faces":{"north":{"uv":[0,0,1,1],"texture":"#0"},"east":{"uv":[0,0,1,1],"texture":"#0"},"south":{"uv":[0,0,1,1],"texture":"#0"},"west":{"uv":[0,0,1,1],"texture":"#0"},"up":{"uv":[0,0,1,1],"texture":"#1"},"down":{"uv":[0,0,1,1],"texture":"#0"}}},{"from":[13.175,14.25,6.50816],"to":[13.825,15,9.49184],"faces":{"north":{"uv":[0,0,1,1],"texture":"#0"},"east":{"uv":[0,0,1,1],"texture":"#0"},"south":{"uv":[0,0,1,1],"texture":"#0"},"west":{"uv":[0,0,1,1],"texture":"#0"},"up":{"uv":[0,0,1,1],"texture":"#1"},"down":{"uv":[0,0,1,1],"texture":"#0"}}},{"from":[13.175,14.28806,6.6995],"to":[13.825,15.03806,9.68318],"rotation":{"angle":22.5,"axis":"x","origin":[8,8,8]},"faces":{"north":{"uv":[0,0,1,1],"texture":"#0"},"east":{"uv":[0,0,1,1],"texture":"#0"},"south":{"uv":[0,0,1,1],"texture":"#0"},"west":{"uv":[0,0,1,1],"texture":"#0"},"up":{"uv":[0,0,1,1],"texture":"#1"},"down":{"uv":[0,0,1,1],"texture":"#0"}}},{"from":[13.25,8.525,7.75],"to":[13.75,14.525,8.25],"faces":{"north":{"uv":[0.5,0,1,6],"rotation":180,"texture":"#0"},"east":{"uv":[0.75,0,1.25,6],"rotation":180,"texture":"#0"},"south":{"uv":[0.5,0,1,6],"rotation":180,"texture":"#0"},"west":{"uv":[0.75,0,1.25,6],"rotation":180,"texture":"#0"},"up":{"uv":[0.5,0,1,0.5],"texture":"#0"},"down":{"uv":[0.5,0,1,0.5],"texture":"#0"}}},{"from":[13.25,8.56306,7.94134],"to":[13.75,14.56306,8.44134],"rotation":{"angle":22.5,"axis":"x","origin":[8,8,8]},"faces":{"north":{"uv":[0.5,0,1,6],"rotation":180,"texture":"#0"},"east":{"uv":[0.75,0,1.25,6],"rotation":180,"texture":"#0"},"south":{"uv":[0.5,0,1,6],"rotation":180,"texture":"#0"},"west":{"uv":[0.75,0,1.25,6],"rotation":180,"texture":"#0"},"up":{"uv":[0.5,0,1,0.5],"texture":"#0"},"down":{"uv":[0.5,0,1,0.5],"texture":"#0"}}},{"from":[13.25,8.67145,8.10355],"to":[13.75,14.67145,8.60355],"rotation":{"angle":45,"axis":"x","origin":[8,8,8]},"faces":{"north":{"uv":[0.5,0,1,6],"rotation":180,"texture":"#0"},"east":{"uv":[0.75,0,1.25,6],"rotation":180,"texture":"#0"},"south":{"uv":[0.5,0,1,6],"rotation":180,"texture":"#0"},"west":{"uv":[0.75,0,1.25,6],"rotation":180,"texture":"#0"},"up":{"uv":[0.5,0,1,0.5],"texture":"#0"},"down":{"uv":[0.5,0,1,0.5],"texture":"#0"}}},{"from":[13.25,7.28806,8.83366],"to":[13.75,7.78806,14.83366],"rotation":{"angle":-22.5,"axis":"x","origin":[8,8,8]},"faces":{"north":{"uv":[0.5,0,1,0.5],"rotation":180,"texture":"#0"},"east":{"uv":[0.75,0,1.25,6],"rotation":90,"texture":"#0"},"south":{"uv":[0.5,0,1,0.5],"texture":"#0"},"west":{"uv":[0.75,0,1.25,6],"rotation":270,"texture":"#0"},"up":{"uv":[0.5,0,1,6],"texture":"#0"},"down":{"uv":[0.5,0,1,6],"rotation":180,"texture":"#0"}}},{"from":[13.25,7.25,9.025],"to":[13.75,7.75,15.025],"faces":{"north":{"uv":[0.5,0,1,0.5],"rotation":180,"texture":"#0"},"east":{"uv":[0.75,0,1.25,6],"rotation":90,"texture":"#0"},"south":{"uv":[0.5,0,1,0.5],"texture":"#0"},"west":{"uv":[0.75,0,1.25,6],"rotation":270,"texture":"#0"},"up":{"uv":[0.5,0,1,6],"texture":"#0"},"down":{"uv":[0.5,0,1,6],"rotation":180,"texture":"#0"}}},{"from":[13.25,7.28806,9.21634],"to":[13.75,7.78806,15.21634],"rotation":{"angle":22.5,"axis":"x","origin":[8,8,8]},"faces":{"north":{"uv":[0.5,0,1,0.5],"rotation":180,"texture":"#0"},"east":{"uv":[0.75,0,1.25,6],"rotation":90,"texture":"#0"},"south":{"uv":[0.5,0,1,0.5],"texture":"#0"},"west":{"uv":[0.75,0,1.25,6],"rotation":270,"texture":"#0"},"up":{"uv":[0.5,0,1,6],"texture":"#0"},"down":{"uv":[0.5,0,1,6],"rotation":180,"texture":"#0"}}},{"from":[13.25,7.39645,9.37855],"to":[13.75,7.89645,15.37855],"rotation":{"angle":45,"axis":"x","origin":[8,8,8]},"faces":{"north":{"uv":[0.5,0,1,0.5],"rotation":180,"texture":"#0"},"east":{"uv":[0.75,0,1.25,6],"rotation":90,"texture":"#0"},"south":{"uv":[0.5,0,1,0.5],"texture":"#0"},"west":{"uv":[0.75,0,1.25,6],"rotation":270,"texture":"#0"},"up":{"uv":[0.5,0,1,6],"texture":"#0"},"down":{"uv":[0.5,0,1,6],"rotation":180,"texture":"#0"}}},{"from":[13.25,0.51306,7.55866],"to":[13.75,6.51306,8.05866],"rotation":{"angle":-22.5,"axis":"x","origin":[8,8,8]},"faces":{"north":{"uv":[0.5,0,1,6],"texture":"#0"},"east":{"uv":[0.75,0,1.25,6],"texture":"#0"},"south":{"uv":[0.5,0,1,6],"texture":"#0"},"west":{"uv":[0.75,0,1.25,6],"texture":"#0"},"up":{"uv":[0.5,0,1,0.5],"texture":"#0"},"down":{"uv":[0.5,0,1,0.5],"texture":"#0"}}},{"from":[13.25,0.51306,7.94134],"to":[13.75,6.51306,8.44134],"rotation":{"angle":22.5,"axis":"x","origin":[8,8,8]},"faces":{"north":{"uv":[0.5,0,1,6],"texture":"#0"},"east":{"uv":[0.75,0,1.25,6],"texture":"#0"},"south":{"uv":[0.5,0,1,6],"texture":"#0"},"west":{"uv":[0.75,0,1.25,6],"texture":"#0"},"up":{"uv":[0.5,0,1,0.5],"texture":"#0"},"down":{"uv":[0.5,0,1,0.5],"texture":"#0"}}},{"from":[13.25,0.62145,8.10355],"to":[13.75,6.62145,8.60355],"rotation":{"angle":45,"axis":"x","origin":[8,8,8]},"faces":{"north":{"uv":[0.5,0,1,6],"texture":"#0"},"east":{"uv":[0.75,0,1.25,6],"texture":"#0"},"south":{"uv":[0.5,0,1,6],"texture":"#0"},"west":{"uv":[0.75,0,1.25,6],"texture":"#0"},"up":{"uv":[0.5,0,1,0.5],"texture":"#0"},"down":{"uv":[0.5,0,1,0.5],"texture":"#0"}}},{"from":[13.25,7.28806,0.78366],"to":[13.75,7.78806,6.78366],"rotation":{"angle":-22.5,"axis":"x","origin":[8,8,8]},"faces":{"north":{"uv":[0.5,0,1,0.5],"rotation":180,"texture":"#0"},"east":{"uv":[0.75,0,1.25,6],"rotation":270,"texture":"#0"},"south":{"uv":[0.5,0,1,0.5],"texture":"#0"},"west":{"uv":[0.75,0,1.25,6],"rotation":90,"texture":"#0"},"up":{"uv":[0.5,0,1,6],"rotation":180,"texture":"#0"},"down":{"uv":[0.5,0,1,6],"texture":"#0"}}},{"from":[13.25,7.25,0.975],"to":[13.75,7.75,6.975],"faces":{"north":{"uv":[0.5,0,1,0.5],"rotation":180,"texture":"#0"},"east":{"uv":[0.75,0,1.25,6],"rotation":270,"texture":"#0"},"south":{"uv":[0.5,0,1,0.5],"texture":"#0"},"west":{"uv":[0.75,0,1.25,6],"rotation":90,"texture":"#0"},"up":{"uv":[0.5,0,1,6],"rotation":180,"texture":"#0"},"down":{"uv":[0.5,0,1,6],"texture":"#0"}}},{"from":[13.25,7.28806,1.16634],"to":[13.75,7.78806,7.16634],"rotation":{"angle":22.5,"axis":"x","origin":[8,8,8]},"faces":{"north":{"uv":[0.5,0,1,0.5],"rotation":180,"texture":"#0"},"east":{"uv":[0.75,0,1.25,6],"rotation":270,"texture":"#0"},"south":{"uv":[0.5,0,1,0.5],"texture":"#0"},"west":{"uv":[0.75,0,1.25,6],"rotation":90,"texture":"#0"},"up":{"uv":[0.5,0,1,6],"rotation":180,"texture":"#0"},"down":{"uv":[0.5,0,1,6],"texture":"#0"}}},{"from":[13.25,7.39645,1.32855],"to":[13.75,7.89645,7.32855],"rotation":{"angle":45,"axis":"x","origin":[8,8,8]},"faces":{"north":{"uv":[0.5,0,1,0.5],"rotation":180,"texture":"#0"},"east":{"uv":[0.75,0,1.25,6],"rotation":270,"texture":"#0"},"south":{"uv":[0.5,0,1,0.5],"texture":"#0"},"west":{"uv":[0.75,0,1.25,6],"rotation":90,"texture":"#0"},"up":{"uv":[0.5,0,1,6],"rotation":180,"texture":"#0"},"down":{"uv":[0.5,0,1,6],"texture":"#0"}}},{"from":[13.25,8.56306,7.55866],"to":[13.75,14.56306,8.05866],"rotation":{"angle":-22.5,"axis":"x","origin":[8,8,8]},"faces":{"north":{"uv":[0.5,0,1,6],"rotation":180,"texture":"#0"},"east":{"uv":[0.75,0,1.25,6],"rotation":180,"texture":"#0"},"south":{"uv":[0.5,0,1,6],"rotation":180,"texture":"#0"},"west":{"uv":[0.75,0,1.25,6],"rotation":180,"texture":"#0"},"up":{"uv":[0.5,0,1,0.5],"texture":"#0"},"down":{"uv":[0.5,0,1,0.5],"texture":"#0"}}},{"from":[13.25,0.475,7.75],"to":[13.75,6.475,8.25],"faces":{"north":{"uv":[0.5,0,1,6],"texture":"#0"},"east":{"uv":[0.75,0,1.25,6],"texture":"#0"},"south":{"uv":[0.5,0,1,6],"texture":"#0"},"west":{"uv":[0.75,0,1.25,6],"texture":"#0"},"up":{"uv":[0.5,0,1,0.5],"texture":"#0"},"down":{"uv":[0.5,0,1,0.5],"texture":"#0"}}},{"from":[13.125,7.39781,6.39645],"to":[13.875,7.89509,8.89645],"rotation":{"angle":-45,"axis":"x","origin":[8,8,8]},"faces":{"north":{"uv":[0,0,1,1],"texture":"#0"},"east":{"uv":[0,0,1,1],"texture":"#0"},"south":{"uv":[0,0,1,1],"texture":"#0"},"west":{"uv":[0,0,1,1],"texture":"#0"},"up":{"uv":[0,0,1,1],"texture":"#0"},"down":{"uv":[0,0,1,1],"texture":"#0"}}},{"from":[13.125,7.28942,6.55866],"to":[13.875,7.7867,9.05866],"rotation":{"angle":-22.5,"axis":"x","origin":[8,8,8]},"faces":{"north":{"uv":[0,0,1,1],"texture":"#0"},"east":{"uv":[0,0,1,1],"texture":"#0"},"south":{"uv":[0,0,1,1],"texture":"#0"},"west":{"uv":[0,0,1,1],"texture":"#0"},"up":{"uv":[0,0,1,1],"texture":"#0"},"down":{"uv":[0,0,1,1],"texture":"#0"}}},{"from":[13.125,7.25136,6.75],"to":[13.875,7.74864,9.25],"faces":{"north":{"uv":[0,0,1,1],"texture":"#0"},"east":{"uv":[0,0,1,1],"texture":"#0"},"south":{"uv":[0,0,1,1],"texture":"#0"},"west":{"uv":[0,0,1,1],"texture":"#0"},"up":{"uv":[0,0,1,1],"texture":"#0"},"down":{"uv":[0,0,1,1],"texture":"#0"}}},{"from":[13.125,7.28942,6.94134],"to":[13.875,7.7867,9.44134],"rotation":{"angle":22.5,"axis":"x","origin":[8,8,8]},"faces":{"north":{"uv":[0,0,1,1],"texture":"#0"},"east":{"uv":[0,0,1,1],"texture":"#0"},"south":{"uv":[0,0,1,1],"texture":"#0"},"west":{"uv":[0,0,1,1],"texture":"#0"},"up":{"uv":[0,0,1,1],"texture":"#0"},"down":{"uv":[0,0,1,1],"texture":"#0"}}},{"from":[13.125,7.39781,7.10355],"to":[13.875,7.89509,9.60355],"rotation":{"angle":45,"axis":"x","origin":[8,8,8]},"faces":{"north":{"uv":[0,0,1,1],"texture":"#0"},"east":{"uv":[0,0,1,1],"texture":"#0"},"south":{"uv":[0,0,1,1],"texture":"#0"},"west":{"uv":[0,0,1,1],"texture":"#0"},"up":{"uv":[0,0,1,1],"texture":"#0"},"down":{"uv":[0,0,1,1],"texture":"#0"}}},{"from":[13.125,6.28806,7.56002],"to":[13.875,8.78806,8.0573],"rotation":{"angle":-22.5,"axis":"x","origin":[8,8,8]},"faces":{"north":{"uv":[0,0,1,1],"texture":"#0"},"east":{"uv":[0,0,1,1],"texture":"#0"},"south":{"uv":[0,0,1,1],"texture":"#0"},"west":{"uv":[0,0,1,1],"texture":"#0"},"up":{"uv":[0,0,1,1],"texture":"#0"},"down":{"uv":[0,0,1,1],"texture":"#0"}}},{"from":[13.125,6.25,7.75136],"to":[13.875,8.75,8.24864],"faces":{"north":{"uv":[0,0,1,1],"texture":"#0"},"east":{"uv":[0,0,1,1],"texture":"#0"},"south":{"uv":[0,0,1,1],"texture":"#0"},"west":{"uv":[0,0,1,1],"texture":"#0"},"up":{"uv":[0,0,1,1],"texture":"#0"},"down":{"uv":[0,0,1,1],"texture":"#0"}}},{"from":[13.125,6.28806,7.9427],"to":[13.875,8.78806,8.43998],"rotation":{"angle":22.5,"axis":"x","origin":[8,8,8]},"faces":{"north":{"uv":[0,0,1,1],"texture":"#0"},"east":{"uv":[0,0,1,1],"texture":"#0"},"south":{"uv":[0,0,1,1],"texture":"#0"},"west":{"uv":[0,0,1,1],"texture":"#0"},"up":{"uv":[0,0,1,1],"texture":"#0"},"down":{"uv":[0,0,1,1],"texture":"#0"}}},{"from":[12.875,7.49726,6.89645],"to":[13.525,7.79563,8.39645],"rotation":{"angle":-45,"axis":"x","origin":[8,8,8]},"faces":{"north":{"uv":[0,0,1,1],"texture":"#0"},"east":{"uv":[0,0,1,1],"texture":"#0"},"south":{"uv":[0,0,1,1],"texture":"#0"},"west":{"uv":[0,0,1,1],"texture":"#0"},"up":{"uv":[0,0,1,1],"texture":"#0"},"down":{"uv":[0,0,1,1],"texture":"#0"}}},{"from":[12.875,7.38888,7.05866],"to":[13.525,7.68724,8.55866],"rotation":{"angle":-22.5,"axis":"x","origin":[8,8,8]},"faces":{"north":{"uv":[0,0,1,1],"texture":"#0"},"east":{"uv":[0,0,1,1],"texture":"#0"},"south":{"uv":[0,0,1,1],"texture":"#0"},"west":{"uv":[0,0,1,1],"texture":"#0"},"up":{"uv":[0,0,1,1],"texture":"#0"},"down":{"uv":[0,0,1,1],"texture":"#0"}}},{"from":[12.875,7.35082,7.25],"to":[13.525,7.64918,8.75],"faces":{"north":{"uv":[0,0,1,1],"texture":"#0"},"east":{"uv":[0,0,1,1],"texture":"#0"},"south":{"uv":[0,0,1,1],"texture":"#0"},"west":{"uv":[0,0,1,1],"texture":"#0"},"up":{"uv":[0,0,1,1],"texture":"#0"},"down":{"uv":[0,0,1,1],"texture":"#0"}}},{"from":[12.875,7.38888,7.44134],"to":[13.525,7.68724,8.94134],"rotation":{"angle":22.5,"axis":"x","origin":[8,8,8]},"faces":{"north":{"uv":[0,0,1,1],"texture":"#0"},"east":{"uv":[0,0,1,1],"texture":"#0"},"south":{"uv":[0,0,1,1],"texture":"#0"},"west":{"uv":[0,0,1,1],"texture":"#0"},"up":{"uv":[0,0,1,1],"texture":"#0"},"down":{"uv":[0,0,1,1],"texture":"#0"}}},{"from":[12.875,7.49726,7.60355],"to":[13.525,7.79563,9.10355],"rotation":{"angle":45,"axis":"x","origin":[8,8,8]},"faces":{"north":{"uv":[0,0,1,1],"texture":"#0"},"east":{"uv":[0,0,1,1],"texture":"#0"},"south":{"uv":[0,0,1,1],"texture":"#0"},"west":{"uv":[0,0,1,1],"texture":"#0"},"up":{"uv":[0,0,1,1],"texture":"#0"},"down":{"uv":[0,0,1,1],"texture":"#0"}}},{"from":[12.875,6.78806,7.65947],"to":[13.525,8.28806,7.95784],"rotation":{"angle":-22.5,"axis":"x","origin":[8,8,8]},"faces":{"north":{"uv":[0,0,1,1],"texture":"#0"},"east":{"uv":[0,0,1,1],"texture":"#0"},"south":{"uv":[0,0,1,1],"texture":"#0"},"west":{"uv":[0,0,1,1],"texture":"#0"},"up":{"uv":[0,0,1,1],"texture":"#0"},"down":{"uv":[0,0,1,1],"texture":"#0"}}},{"from":[12.875,6.75,7.85082],"to":[13.525,8.25,8.14918],"faces":{"north":{"uv":[0,0,1,1],"texture":"#0"},"east":{"uv":[0,0,1,1],"texture":"#0"},"south":{"uv":[0,0,1,1],"texture":"#0"},"west":{"uv":[0,0,1,1],"texture":"#0"},"up":{"uv":[0,0,1,1],"texture":"#0"},"down":{"uv":[0,0,1,1],"texture":"#0"}}},{"from":[12.875,6.78806,8.04216],"to":[13.525,8.28806,8.34053],"rotation":{"angle":22.5,"axis":"x","origin":[8,8,8]},"faces":{"north":{"uv":[0,0,1,1],"texture":"#0"},"east":{"uv":[0,0,1,1],"texture":"#0"},"south":{"uv":[0,0,1,1],"texture":"#0"},"west":{"uv":[0,0,1,1],"texture":"#0"},"up":{"uv":[0,0,1,1],"texture":"#0"},"down":{"uv":[0,0,1,1],"texture":"#0"}}},{"from":[14.075,7.57185,7.27145],"to":[14.725,7.72104,8.02145],"rotation":{"angle":-45,"axis":"x","origin":[8,8,8]},"faces":{"north":{"uv":[0,0,1,1],"texture":"#0"},"east":{"uv":[0,0,1,1],"texture":"#0"},"south":{"uv":[0,0,1,1],"texture":"#0"},"west":{"uv":[0,0,1,1],"texture":"#0"},"up":{"uv":[0,0,1,1],"texture":"#0"},"down":{"uv":[0,0,1,1],"texture":"#0"}}},{"from":[14.075,7.46347,7.43366],"to":[14.725,7.61265,8.18366],"rotation":{"angle":-22.5,"axis":"x","origin":[8,8,8]},"faces":{"north":{"uv":[0,0,1,1],"texture":"#0"},"east":{"uv":[0,0,1,1],"texture":"#0"},"south":{"uv":[0,0,1,1],"texture":"#0"},"west":{"uv":[0,0,1,1],"texture":"#0"},"up":{"uv":[0,0,1,1],"texture":"#0"},"down":{"uv":[0,0,1,1],"texture":"#0"}}},{"from":[14.075,7.42541,7.625],"to":[14.725,7.57459,8.375],"faces":{"north":{"uv":[0,0,1,1],"texture":"#0"},"east":{"uv":[0,0,1,1],"texture":"#0"},"south":{"uv":[0,0,1,1],"texture":"#0"},"west":{"uv":[0,0,1,1],"texture":"#0"},"up":{"uv":[0,0,1,1],"texture":"#0"},"down":{"uv":[0,0,1,1],"texture":"#0"}}},{"from":[14.075,7.46347,7.81634],"to":[14.725,7.61265,8.56634],"rotation":{"angle":22.5,"axis":"x","origin":[8,8,8]},"faces":{"north":{"uv":[0,0,1,1],"texture":"#0"},"east":{"uv":[0,0,1,1],"texture":"#0"},"south":{"uv":[0,0,1,1],"texture":"#0"},"west":{"uv":[0,0,1,1],"texture":"#0"},"up":{"uv":[0,0,1,1],"texture":"#0"},"down":{"uv":[0,0,1,1],"texture":"#0"}}},{"from":[14.075,7.57185,7.97855],"to":[14.725,7.72104,8.72855],"rotation":{"angle":45,"axis":"x","origin":[8,8,8]},"faces":{"north":{"uv":[0,0,1,1],"texture":"#0"},"east":{"uv":[0,0,1,1],"texture":"#0"},"south":{"uv":[0,0,1,1],"texture":"#0"},"west":{"uv":[0,0,1,1],"texture":"#0"},"up":{"uv":[0,0,1,1],"texture":"#0"},"down":{"uv":[0,0,1,1],"texture":"#0"}}},{"from":[14.075,7.16306,7.73407],"to":[14.725,7.91306,7.88325],"rotation":{"angle":-22.5,"axis":"x","origin":[8,8,8]},"faces":{"north":{"uv":[0,0,1,1],"texture":"#0"},"east":{"uv":[0,0,1,1],"texture":"#0"},"south":{"uv":[0,0,1,1],"texture":"#0"},"west":{"uv":[0,0,1,1],"texture":"#0"},"up":{"uv":[0,0,1,1],"texture":"#0"},"down":{"uv":[0,0,1,1],"texture":"#0"}}},{"from":[14.075,7.125,7.92541],"to":[14.725,7.875,8.07459],"faces":{"north":{"uv":[0,0,1,1],"texture":"#0"},"east":{"uv":[0,0,1,1],"texture":"#0"},"south":{"uv":[0,0,1,1],"texture":"#0"},"west":{"uv":[0,0,1,1],"texture":"#0"},"up":{"uv":[0,0,1,1],"texture":"#0"},"down":{"uv":[0,0,1,1],"texture":"#0"}}},{"from":[14.075,7.16306,8.11675],"to":[14.725,7.91306,8.26593],"rotation":{"angle":22.5,"axis":"x","origin":[8,8,8]},"faces":{"north":{"uv":[0,0,1,1],"texture":"#0"},"east":{"uv":[0,0,1,1],"texture":"#0"},"south":{"uv":[0,0,1,1],"texture":"#0"},"west":{"uv":[0,0,1,1],"texture":"#0"},"up":{"uv":[0,0,1,1],"texture":"#0"},"down":{"uv":[0,0,1,1],"texture":"#0"}}},{"from":[14.425,7.49726,6.89645],"to":[14.525,7.79563,8.39645],"rotation":{"angle":-45,"axis":"x","origin":[8,8,8]},"faces":{"north":{"uv":[0,0,1,1],"texture":"#0"},"east":{"uv":[0,0,1,1],"texture":"#0"},"south":{"uv":[0,0,1,1],"texture":"#0"},"west":{"uv":[0,0,1,1],"texture":"#0"},"up":{"uv":[0,0,1,1],"texture":"#0"},"down":{"uv":[0,0,1,1],"texture":"#0"}}},{"from":[14.425,7.38888,7.05866],"to":[14.525,7.68724,8.55866],"rotation":{"angle":-22.5,"axis":"x","origin":[8,8,8]},"faces":{"north":{"uv":[0,0,1,1],"texture":"#0"},"east":{"uv":[0,0,1,1],"texture":"#0"},"south":{"uv":[0,0,1,1],"texture":"#0"},"west":{"uv":[0,0,1,1],"texture":"#0"},"up":{"uv":[0,0,1,1],"texture":"#0"},"down":{"uv":[0,0,1,1],"texture":"#0"}}},{"from":[14.425,7.35082,7.25],"to":[14.525,7.64918,8.75],"faces":{"north":{"uv":[0,0,1,1],"texture":"#0"},"east":{"uv":[0,0,1,1],"texture":"#0"},"south":{"uv":[0,0,1,1],"texture":"#0"},"west":{"uv":[0,0,1,1],"texture":"#0"},"up":{"uv":[0,0,1,1],"texture":"#0"},"down":{"uv":[0,0,1,1],"texture":"#0"}}},{"from":[14.425,7.38888,7.44134],"to":[14.525,7.68724,8.94134],"rotation":{"angle":22.5,"axis":"x","origin":[8,8,8]},"faces":{"north":{"uv":[0,0,1,1],"texture":"#0"},"east":{"uv":[0,0,1,1],"texture":"#0"},"south":{"uv":[0,0,1,1],"texture":"#0"},"west":{"uv":[0,0,1,1],"texture":"#0"},"up":{"uv":[0,0,1,1],"texture":"#0"},"down":{"uv":[0,0,1,1],"texture":"#0"}}},{"from":[14.425,7.49726,7.60355],"to":[14.525,7.79563,9.10355],"rotation":{"angle":45,"axis":"x","origin":[8,8,8]},"faces":{"north":{"uv":[0,0,1,1],"texture":"#0"},"east":{"uv":[0,0,1,1],"texture":"#0"},"south":{"uv":[0,0,1,1],"texture":"#0"},"west":{"uv":[0,0,1,1],"texture":"#0"},"up":{"uv":[0,0,1,1],"texture":"#0"},"down":{"uv":[0,0,1,1],"texture":"#0"}}},{"from":[14.425,6.78806,7.65947],"to":[14.525,8.28806,7.95784],"rotation":{"angle":-22.5,"axis":"x","origin":[8,8,8]},"faces":{"north":{"uv":[0,0,1,1],"texture":"#0"},"east":{"uv":[0,0,1,1],"texture":"#0"},"south":{"uv":[0,0,1,1],"texture":"#0"},"west":{"uv":[0,0,1,1],"texture":"#0"},"up":{"uv":[0,0,1,1],"texture":"#0"},"down":{"uv":[0,0,1,1],"texture":"#0"}}},{"from":[14.425,6.75,7.85082],"to":[14.525,8.25,8.14918],"faces":{"north":{"uv":[0,0,1,1],"texture":"#0"},"east":{"uv":[0,0,1,1],"texture":"#0"},"south":{"uv":[0,0,1,1],"texture":"#0"},"west":{"uv":[0,0,1,1],"texture":"#0"},"up":{"uv":[0,0,1,1],"texture":"#0"},"down":{"uv":[0,0,1,1],"texture":"#0"}}},{"from":[14.425,6.78806,8.04216],"to":[14.525,8.28806,8.34053],"rotation":{"angle":22.5,"axis":"x","origin":[8,8,8]},"faces":{"north":{"uv":[0,0,1,1],"texture":"#0"},"east":{"uv":[0,0,1,1],"texture":"#0"},"south":{"uv":[0,0,1,1],"texture":"#0"},"west":{"uv":[0,0,1,1],"texture":"#0"},"up":{"uv":[0,0,1,1],"texture":"#0"},"down":{"uv":[0,0,1,1],"texture":"#0"}}},{"from":[13.8,7.52213,7.02145],"to":[14.45,7.77077,8.27145],"rotation":{"angle":-45,"axis":"x","origin":[8,8,8]},"faces":{"north":{"uv":[0,0,1,1],"texture":"#0"},"east":{"uv":[0,0,1,1],"texture":"#0"},"south":{"uv":[0,0,1,1],"texture":"#0"},"west":{"uv":[0,0,1,1],"texture":"#0"},"up":{"uv":[0,0,1,1],"texture":"#0"},"down":{"uv":[0,0,1,1],"texture":"#0"}}},{"from":[13.8,7.41374,7.18366],"to":[14.45,7.66238,8.43366],"rotation":{"angle":-22.5,"axis":"x","origin":[8,8,8]},"faces":{"north":{"uv":[0,0,1,1],"texture":"#0"},"east":{"uv":[0,0,1,1],"texture":"#0"},"south":{"uv":[0,0,1,1],"texture":"#0"},"west":{"uv":[0,0,1,1],"texture":"#0"},"up":{"uv":[0,0,1,1],"texture":"#0"},"down":{"uv":[0,0,1,1],"texture":"#0"}}},{"from":[13.8,7.37568,7.375],"to":[14.45,7.62432,8.625],"faces":{"north":{"uv":[0,0,1,1],"texture":"#0"},"east":{"uv":[0,0,1,1],"texture":"#0"},"south":{"uv":[0,0,1,1],"texture":"#0"},"west":{"uv":[0,0,1,1],"texture":"#0"},"up":{"uv":[0,0,1,1],"texture":"#0"},"down":{"uv":[0,0,1,1],"texture":"#0"}}},{"from":[13.8,7.41374,7.56634],"to":[14.45,7.66238,8.81634],"rotation":{"angle":22.5,"axis":"x","origin":[8,8,8]},"faces":{"north":{"uv":[0,0,1,1],"texture":"#0"},"east":{"uv":[0,0,1,1],"texture":"#0"},"south":{"uv":[0,0,1,1],"texture":"#0"},"west":{"uv":[0,0,1,1],"texture":"#0"},"up":{"uv":[0,0,1,1],"texture":"#0"},"down":{"uv":[0,0,1,1],"texture":"#0"}}},{"from":[13.8,7.52213,7.72855],"to":[14.45,7.77077,8.97855],"rotation":{"angle":45,"axis":"x","origin":[8,8,8]},"faces":{"north":{"uv":[0,0,1,1],"texture":"#0"},"east":{"uv":[0,0,1,1],"texture":"#0"},"south":{"uv":[0,0,1,1],"texture":"#0"},"west":{"uv":[0,0,1,1],"texture":"#0"},"up":{"uv":[0,0,1,1],"texture":"#0"},"down":{"uv":[0,0,1,1],"texture":"#0"}}},{"from":[13.8,6.91306,7.68434],"to":[14.45,8.16306,7.93298],"rotation":{"angle":-22.5,"axis":"x","origin":[8,8,8]},"faces":{"north":{"uv":[0,0,1,1],"texture":"#0"},"east":{"uv":[0,0,1,1],"texture":"#0"},"south":{"uv":[0,0,1,1],"texture":"#0"},"west":{"uv":[0,0,1,1],"texture":"#0"},"up":{"uv":[0,0,1,1],"texture":"#0"},"down":{"uv":[0,0,1,1],"texture":"#0"}}},{"from":[13.8,6.875,7.87568],"to":[14.45,8.125,8.12432],"faces":{"north":{"uv":[0,0,1,1],"texture":"#0"},"east":{"uv":[0,0,1,1],"texture":"#0"},"south":{"uv":[0,0,1,1],"texture":"#0"},"west":{"uv":[0,0,1,1],"texture":"#0"},"up":{"uv":[0,0,1,1],"texture":"#0"},"down":{"uv":[0,0,1,1],"texture":"#0"}}},{"from":[13.8,6.91306,8.06702],"to":[14.45,8.16306,8.31566],"rotation":{"angle":22.5,"axis":"x","origin":[8,8,8]},"faces":{"north":{"uv":[0,0,1,1],"texture":"#0"},"east":{"uv":[0,0,1,1],"texture":"#0"},"south":{"uv":[0,0,1,1],"texture":"#0"},"west":{"uv":[0,0,1,1],"texture":"#0"},"up":{"uv":[0,0,1,1],"texture":"#0"},"down":{"uv":[0,0,1,1],"texture":"#0"}}},{"from":[13.475,7.49726,6.89645],"to":[14.125,7.79563,8.39645],"rotation":{"angle":-45,"axis":"x","origin":[8,8,8]},"faces":{"north":{"uv":[0,0,1,1],"texture":"#0"},"east":{"uv":[0,0,1,1],"texture":"#0"},"south":{"uv":[0,0,1,1],"texture":"#0"},"west":{"uv":[0,0,1,1],"texture":"#0"},"up":{"uv":[0,0,1,1],"texture":"#0"},"down":{"uv":[0,0,1,1],"texture":"#0"}}},{"from":[13.475,7.38888,7.05866],"to":[14.125,7.68724,8.55866],"rotation":{"angle":-22.5,"axis":"x","origin":[8,8,8]},"faces":{"north":{"uv":[0,0,1,1],"texture":"#0"},"east":{"uv":[0,0,1,1],"texture":"#0"},"south":{"uv":[0,0,1,1],"texture":"#0"},"west":{"uv":[0,0,1,1],"texture":"#0"},"up":{"uv":[0,0,1,1],"texture":"#0"},"down":{"uv":[0,0,1,1],"texture":"#0"}}},{"from":[13.475,7.35082,7.25],"to":[14.125,7.64918,8.75],"faces":{"north":{"uv":[0,0,1,1],"texture":"#0"},"east":{"uv":[0,0,1,1],"texture":"#0"},"south":{"uv":[0,0,1,1],"texture":"#0"},"west":{"uv":[0,0,1,1],"texture":"#0"},"up":{"uv":[0,0,1,1],"texture":"#0"},"down":{"uv":[0,0,1,1],"texture":"#0"}}},{"from":[13.475,7.38888,7.44134],"to":[14.125,7.68724,8.94134],"rotation":{"angle":22.5,"axis":"x","origin":[8,8,8]},"faces":{"north":{"uv":[0,0,1,1],"texture":"#0"},"east":{"uv":[0,0,1,1],"texture":"#0"},"south":{"uv":[0,0,1,1],"texture":"#0"},"west":{"uv":[0,0,1,1],"texture":"#0"},"up":{"uv":[0,0,1,1],"texture":"#0"},"down":{"uv":[0,0,1,1],"texture":"#0"}}},{"from":[13.475,7.49726,7.60355],"to":[14.125,7.79563,9.10355],"rotation":{"angle":45,"axis":"x","origin":[8,8,8]},"faces":{"north":{"uv":[0,0,1,1],"texture":"#0"},"east":{"uv":[0,0,1,1],"texture":"#0"},"south":{"uv":[0,0,1,1],"texture":"#0"},"west":{"uv":[0,0,1,1],"texture":"#0"},"up":{"uv":[0,0,1,1],"texture":"#0"},"down":{"uv":[0,0,1,1],"texture":"#0"}}},{"from":[13.475,6.78806,7.65947],"to":[14.125,8.28806,7.95784],"rotation":{"angle":-22.5,"axis":"x","origin":[8,8,8]},"faces":{"north":{"uv":[0,0,1,1],"texture":"#0"},"east":{"uv":[0,0,1,1],"texture":"#0"},"south":{"uv":[0,0,1,1],"texture":"#0"},"west":{"uv":[0,0,1,1],"texture":"#0"},"up":{"uv":[0,0,1,1],"texture":"#0"},"down":{"uv":[0,0,1,1],"texture":"#0"}}},{"from":[13.475,6.75,7.85082],"to":[14.125,8.25,8.14918],"faces":{"north":{"uv":[0,0,1,1],"texture":"#0"},"east":{"uv":[0,0,1,1],"texture":"#0"},"south":{"uv":[0,0,1,1],"texture":"#0"},"west":{"uv":[0,0,1,1],"texture":"#0"},"up":{"uv":[0,0,1,1],"texture":"#0"},"down":{"uv":[0,0,1,1],"texture":"#0"}}},{"from":[13.475,6.78806,8.04216],"to":[14.125,8.28806,8.34053],"rotation":{"angle":22.5,"axis":"x","origin":[8,8,8]},"faces":{"north":{"uv":[0,0,1,1],"texture":"#0"},"east":{"uv":[0,0,1,1],"texture":"#0"},"south":{"uv":[0,0,1,1],"texture":"#0"},"west":{"uv":[0,0,1,1],"texture":"#0"},"up":{"uv":[0,0,1,1],"texture":"#0"},"down":{"uv":[0,0,1,1],"texture":"#0"}}},{"from":[2.175,6.1546,0.14645],"to":[2.825,9.13829,0.89645],"rotation":{"angle":-45,"axis":"x","origin":[8,8,8]},"faces":{"north":{"uv":[1,0,0,1],"texture":"#1"},"east":{"uv":[1,0,0,1],"texture":"#0"},"south":{"uv":[1,0,0,1],"texture":"#0"},"west":{"uv":[1,0,0,1],"texture":"#0"},"up":{"uv":[1,0,0,1],"texture":"#0"},"down":{"uv":[1,0,0,1],"texture":"#0"}}},{"from":[2.175,6.04622,0.30866],"to":[2.825,9.0299,1.05866],"rotation":{"angle":-22.5,"axis":"x","origin":[8,8,8]},"faces":{"north":{"uv":[1,0,0,1],"texture":"#1"},"east":{"uv":[1,0,0,1],"texture":"#0"},"south":{"uv":[1,0,0,1],"texture":"#0"},"west":{"uv":[1,0,0,1],"texture":"#0"},"up":{"uv":[1,0,0,1],"texture":"#0"},"down":{"uv":[1,0,0,1],"texture":"#0"}}},{"from":[2.175,6.00816,0.5],"to":[2.825,8.99184,1.25],"faces":{"north":{"uv":[1,0,0,1],"texture":"#1"},"east":{"uv":[1,0,0,1],"texture":"#0"},"south":{"uv":[1,0,0,1],"texture":"#0"},"west":{"uv":[1,0,0,1],"texture":"#0"},"up":{"uv":[1,0,0,1],"texture":"#0"},"down":{"uv":[1,0,0,1],"texture":"#0"}}},{"from":[2.175,6.04622,0.69134],"to":[2.825,9.0299,1.44134],"rotation":{"angle":22.5,"axis":"x","origin":[8,8,8]},"faces":{"north":{"uv":[1,0,0,1],"texture":"#1"},"east":{"uv":[1,0,0,1],"texture":"#0"},"south":{"uv":[1,0,0,1],"texture":"#0"},"west":{"uv":[1,0,0,1],"texture":"#0"},"up":{"uv":[1,0,0,1],"texture":"#0"},"down":{"uv":[1,0,0,1],"texture":"#0"}}},{"from":[2.175,6.1546,0.85355],"to":[2.825,9.13829,1.60355],"rotation":{"angle":45,"axis":"x","origin":[8,8,8]},"faces":{"north":{"uv":[1,0,0,1],"texture":"#1"},"east":{"uv":[1,0,0,1],"texture":"#0"},"south":{"uv":[1,0,0,1],"texture":"#0"},"west":{"uv":[1,0,0,1],"texture":"#0"},"up":{"uv":[1,0,0,1],"texture":"#0"},"down":{"uv":[1,0,0,1],"texture":"#0"}}},{"from":[2.175,6.1546,14.39645],"to":[2.825,9.13829,15.14645],"rotation":{"angle":-45,"axis":"x","origin":[8,8,8]},"faces":{"north":{"uv":[1,0,0,1],"texture":"#0"},"east":{"uv":[1,0,0,1],"texture":"#0"},"south":{"uv":[1,0,0,1],"texture":"#1"},"west":{"uv":[1,0,0,1],"texture":"#0"},"up":{"uv":[1,0,0,1],"texture":"#0"},"down":{"uv":[1,0,0,1],"texture":"#0"}}},{"from":[2.175,6.04622,14.55866],"to":[2.825,9.0299,15.30866],"rotation":{"angle":-22.5,"axis":"x","origin":[8,8,8]},"faces":{"north":{"uv":[1,0,0,1],"texture":"#0"},"east":{"uv":[1,0,0,1],"texture":"#0"},"south":{"uv":[1,0,0,1],"texture":"#1"},"west":{"uv":[1,0,0,1],"texture":"#0"},"up":{"uv":[1,0,0,1],"texture":"#0"},"down":{"uv":[1,0,0,1],"texture":"#0"}}},{"from":[2.175,6.00816,14.75],"to":[2.825,8.99184,15.5],"faces":{"north":{"uv":[1,0,0,1],"texture":"#0"},"east":{"uv":[1,0,0,1],"texture":"#0"},"south":{"uv":[1,0,0,1],"texture":"#1"},"west":{"uv":[1,0,0,1],"texture":"#0"},"up":{"uv":[1,0,0,1],"texture":"#0"},"down":{"uv":[1,0,0,1],"texture":"#0"}}},{"from":[2.175,6.04622,14.94134],"to":[2.825,9.0299,15.69134],"rotation":{"angle":22.5,"axis":"x","origin":[8,8,8]},"faces":{"north":{"uv":[1,0,0,1],"texture":"#0"},"east":{"uv":[1,0,0,1],"texture":"#0"},"south":{"uv":[1,0,0,1],"texture":"#1"},"west":{"uv":[1,0,0,1],"texture":"#0"},"up":{"uv":[1,0,0,1],"texture":"#0"},"down":{"uv":[1,0,0,1],"texture":"#0"}}},{"from":[2.175,6.1546,15.10355],"to":[2.825,9.13829,15.85355],"rotation":{"angle":45,"axis":"x","origin":[8,8,8]},"faces":{"north":{"uv":[1,0,0,1],"texture":"#0"},"east":{"uv":[1,0,0,1],"texture":"#0"},"south":{"uv":[1,0,0,1],"texture":"#1"},"west":{"uv":[1,0,0,1],"texture":"#0"},"up":{"uv":[1,0,0,1],"texture":"#0"},"down":{"uv":[1,0,0,1],"texture":"#0"}}},{"from":[2.175,0.03806,6.31682],"to":[2.825,0.78806,9.3005],"rotation":{"angle":-22.5,"axis":"x","origin":[8,8,8]},"faces":{"north":{"uv":[1,0,0,1],"texture":"#0"},"east":{"uv":[1,0,0,1],"texture":"#0"},"south":{"uv":[1,0,0,1],"texture":"#0"},"west":{"uv":[1,0,0,1],"texture":"#0"},"up":{"uv":[1,0,0,1],"texture":"#0"},"down":{"uv":[1,0,0,1],"texture":"#1"}}},{"from":[2.175,0,6.50816],"to":[2.825,0.75,9.49184],"faces":{"north":{"uv":[1,0,0,1],"texture":"#0"},"east":{"uv":[1,0,0,1],"texture":"#0"},"south":{"uv":[1,0,0,1],"texture":"#0"},"west":{"uv":[1,0,0,1],"texture":"#0"},"up":{"uv":[1,0,0,1],"texture":"#0"},"down":{"uv":[1,0,0,1],"texture":"#1"}}},{"from":[2.175,0.03806,6.6995],"to":[2.825,0.78806,9.68318],"rotation":{"angle":22.5,"axis":"x","origin":[8,8,8]},"faces":{"north":{"uv":[1,0,0,1],"texture":"#0"},"east":{"uv":[1,0,0,1],"texture":"#0"},"south":{"uv":[1,0,0,1],"texture":"#0"},"west":{"uv":[1,0,0,1],"texture":"#0"},"up":{"uv":[1,0,0,1],"texture":"#0"},"down":{"uv":[1,0,0,1],"texture":"#1"}}},{"from":[2.175,14.28806,6.31682],"to":[2.825,15.03806,9.3005],"rotation":{"angle":-22.5,"axis":"x","origin":[8,8,8]},"faces":{"north":{"uv":[1,0,0,1],"texture":"#0"},"east":{"uv":[1,0,0,1],"texture":"#0"},"south":{"uv":[1,0,0,1],"texture":"#0"},"west":{"uv":[1,0,0,1],"texture":"#0"},"up":{"uv":[1,0,0,1],"texture":"#1"},"down":{"uv":[1,0,0,1],"texture":"#0"}}},{"from":[2.175,14.25,6.50816],"to":[2.825,15,9.49184],"faces":{"north":{"uv":[1,0,0,1],"texture":"#0"},"east":{"uv":[1,0,0,1],"texture":"#0"},"south":{"uv":[1,0,0,1],"texture":"#0"},"west":{"uv":[1,0,0,1],"texture":"#0"},"up":{"uv":[1,0,0,1],"texture":"#1"},"down":{"uv":[1,0,0,1],"texture":"#0"}}},{"from":[2.175,14.28806,6.6995],"to":[2.825,15.03806,9.68318],"rotation":{"angle":22.5,"axis":"x","origin":[8,8,8]},"faces":{"north":{"uv":[1,0,0,1],"texture":"#0"},"east":{"uv":[1,0,0,1],"texture":"#0"},"south":{"uv":[1,0,0,1],"texture":"#0"},"west":{"uv":[1,0,0,1],"texture":"#0"},"up":{"uv":[1,0,0,1],"texture":"#1"},"down":{"uv":[1,0,0,1],"texture":"#0"}}},{"from":[2.25,8.525,7.75],"to":[2.75,14.525,8.25],"faces":{"north":{"uv":[1,0,1.5,6],"rotation":180,"texture":"#0"},"east":{"uv":[1.25,0,1.75,6],"rotation":180,"texture":"#0"},"south":{"uv":[1,0,1.5,6],"rotation":180,"texture":"#0"},"west":{"uv":[1.25,0,1.75,6],"rotation":180,"texture":"#0"},"up":{"uv":[1,0,1.5,0.5],"texture":"#0"},"down":{"uv":[1,0,1.5,0.5],"texture":"#0"}}},{"from":[2.25,8.56306,7.94134],"to":[2.75,14.56306,8.44134],"rotation":{"angle":22.5,"axis":"x","origin":[8,8,8]},"faces":{"north":{"uv":[1,0,1.5,6],"rotation":180,"texture":"#0"},"east":{"uv":[1.25,0,1.75,6],"rotation":180,"texture":"#0"},"south":{"uv":[1,0,1.5,6],"rotation":180,"texture":"#0"},"west":{"uv":[1.25,0,1.75,6],"rotation":180,"texture":"#0"},"up":{"uv":[1,0,1.5,0.5],"texture":"#0"},"down":{"uv":[1,0,1.5,0.5],"texture":"#0"}}},{"from":[2.25,8.67145,8.10355],"to":[2.75,14.67145,8.60355],"rotation":{"angle":45,"axis":"x","origin":[8,8,8]},"faces":{"north":{"uv":[1,0,1.5,6],"rotation":180,"texture":"#0"},"east":{"uv":[1.25,0,1.75,6],"rotation":180,"texture":"#0"},"south":{"uv":[1,0,1.5,6],"rotation":180,"texture":"#0"},"west":{"uv":[1.25,0,1.75,6],"rotation":180,"texture":"#0"},"up":{"uv":[1,0,1.5,0.5],"texture":"#0"},"down":{"uv":[1,0,1.5,0.5],"texture":"#0"}}},{"from":[2.25,7.28806,8.83366],"to":[2.75,7.78806,14.83366],"rotation":{"angle":-22.5,"axis":"x","origin":[8,8,8]},"faces":{"north":{"uv":[1,0,1.5,0.5],"rotation":180,"texture":"#0"},"east":{"uv":[0.75,6,1.25,12],"rotation":270,"texture":"#0"},"south":{"uv":[1,0,1.5,0.5],"texture":"#0"},"west":{"uv":[0.75,6,1.25,12],"rotation":90,"texture":"#0"},"up":{"uv":[1,0,1.5,6],"texture":"#0"},"down":{"uv":[1,0,1.5,6],"rotation":180,"texture":"#0"}}},{"from":[2.25,7.25,9.025],"to":[2.75,7.75,15.025],"faces":{"north":{"uv":[1,0,1.5,0.5],"rotation":180,"texture":"#0"},"east":{"uv":[0.75,6,1.25,12],"rotation":270,"texture":"#0"},"south":{"uv":[1,0,1.5,0.5],"texture":"#0"},"west":{"uv":[0.75,6,1.25,12],"rotation":90,"texture":"#0"},"up":{"uv":[1,0,1.5,6],"texture":"#0"},"down":{"uv":[1,0,1.5,6],"rotation":180,"texture":"#0"}}},{"from":[2.25,7.28806,9.21634],"to":[2.75,7.78806,15.21634],"rotation":{"angle":22.5,"axis":"x","origin":[8,8,8]},"faces":{"north":{"uv":[1,0,1.5,0.5],"rotation":180,"texture":"#0"},"east":{"uv":[0.75,6,1.25,12],"rotation":270,"texture":"#0"},"south":{"uv":[1,0,1.5,0.5],"texture":"#0"},"west":{"uv":[0.75,6,1.25,12],"rotation":90,"texture":"#0"},"up":{"uv":[1,0,1.5,6],"texture":"#0"},"down":{"uv":[1,0,1.5,6],"rotation":180,"texture":"#0"}}},{"from":[2.25,7.39645,9.37855],"to":[2.75,7.89645,15.37855],"rotation":{"angle":45,"axis":"x","origin":[8,8,8]},"faces":{"north":{"uv":[1,0,1.5,0.5],"rotation":180,"texture":"#0"},"east":{"uv":[0.75,6,1.25,12],"rotation":270,"texture":"#0"},"south":{"uv":[1,0,1.5,0.5],"texture":"#0"},"west":{"uv":[0.75,6,1.25,12],"rotation":90,"texture":"#0"},"up":{"uv":[1,0,1.5,6],"texture":"#0"},"down":{"uv":[1,0,1.5,6],"rotation":180,"texture":"#0"}}},{"from":[2.25,0.51306,7.55866],"to":[2.75,6.51306,8.05866],"rotation":{"angle":-22.5,"axis":"x","origin":[8,8,8]},"faces":{"north":{"uv":[1,0,1.5,6],"texture":"#0"},"east":{"uv":[1.25,0,1.75,6],"texture":"#0"},"south":{"uv":[1,0,1.5,6],"texture":"#0"},"west":{"uv":[1.25,0,1.75,6],"texture":"#0"},"up":{"uv":[1,0,1.5,0.5],"texture":"#0"},"down":{"uv":[1,0,1.5,0.5],"texture":"#0"}}},{"from":[2.25,0.51306,7.94134],"to":[2.75,6.51306,8.44134],"rotation":{"angle":22.5,"axis":"x","origin":[8,8,8]},"faces":{"north":{"uv":[1,0,1.5,6],"texture":"#0"},"east":{"uv":[1.25,0,1.75,6],"texture":"#0"},"south":{"uv":[1,0,1.5,6],"texture":"#0"},"west":{"uv":[1.25,0,1.75,6],"texture":"#0"},"up":{"uv":[1,0,1.5,0.5],"texture":"#0"},"down":{"uv":[1,0,1.5,0.5],"texture":"#0"}}},{"from":[2.25,0.62145,8.10355],"to":[2.75,6.62145,8.60355],"rotation":{"angle":45,"axis":"x","origin":[8,8,8]},"faces":{"north":{"uv":[1,0,1.5,6],"texture":"#0"},"east":{"uv":[1.25,0,1.75,6],"texture":"#0"},"south":{"uv":[1,0,1.5,6],"texture":"#0"},"west":{"uv":[1.25,0,1.75,6],"texture":"#0"},"up":{"uv":[1,0,1.5,0.5],"texture":"#0"},"down":{"uv":[1,0,1.5,0.5],"texture":"#0"}}},{"from":[2.25,7.28806,0.78366],"to":[2.75,7.78806,6.78366],"rotation":{"angle":-22.5,"axis":"x","origin":[8,8,8]},"faces":{"north":{"uv":[1,0,1.5,0.5],"rotation":180,"texture":"#0"},"east":{"uv":[0.75,6,1.25,12],"rotation":90,"texture":"#0"},"south":{"uv":[1,0,1.5,0.5],"texture":"#0"},"west":{"uv":[0.75,6,1.25,12],"rotation":270,"texture":"#0"},"up":{"uv":[1,0,1.5,6],"rotation":180,"texture":"#0"},"down":{"uv":[1,0,1.5,6],"texture":"#0"}}},{"from":[2.25,7.25,0.975],"to":[2.75,7.75,6.975],"faces":{"north":{"uv":[1,0,1.5,0.5],"rotation":180,"texture":"#0"},"east":{"uv":[0.75,6,1.25,12],"rotation":90,"texture":"#0"},"south":{"uv":[1,0,1.5,0.5],"texture":"#0"},"west":{"uv":[0.75,6,1.25,12],"rotation":270,"texture":"#0"},"up":{"uv":[1,0,1.5,6],"rotation":180,"texture":"#0"},"down":{"uv":[1,0,1.5,6],"texture":"#0"}}},{"from":[2.25,7.28806,1.16634],"to":[2.75,7.78806,7.16634],"rotation":{"angle":22.5,"axis":"x","origin":[8,8,8]},"faces":{"north":{"uv":[1,0,1.5,0.5],"rotation":180,"texture":"#0"},"east":{"uv":[0.75,6,1.25,12],"rotation":90,"texture":"#0"},"south":{"uv":[1,0,1.5,0.5],"texture":"#0"},"west":{"uv":[0.75,6,1.25,12],"rotation":270,"texture":"#0"},"up":{"uv":[1,0,1.5,6],"rotation":180,"texture":"#0"},"down":{"uv":[1,0,1.5,6],"texture":"#0"}}},{"from":[2.25,7.39645,1.32855],"to":[2.75,7.89645,7.32855],"rotation":{"angle":45,"axis":"x","origin":[8,8,8]},"faces":{"north":{"uv":[1,0,1.5,0.5],"rotation":180,"texture":"#0"},"east":{"uv":[0.75,6,1.25,12],"rotation":90,"texture":"#0"},"south":{"uv":[1,0,1.5,0.5],"texture":"#0"},"west":{"uv":[0.75,6,1.25,12],"rotation":270,"texture":"#0"},"up":{"uv":[1,0,1.5,6],"rotation":180,"texture":"#0"},"down":{"uv":[1,0,1.5,6],"texture":"#0"}}},{"from":[2.25,8.56306,7.55866],"to":[2.75,14.56306,8.05866],"rotation":{"angle":-22.5,"axis":"x","origin":[8,8,8]},"faces":{"north":{"uv":[1,0,1.5,6],"rotation":180,"texture":"#0"},"east":{"uv":[1.25,0,1.75,6],"rotation":180,"texture":"#0"},"south":{"uv":[1,0,1.5,6],"rotation":180,"texture":"#0"},"west":{"uv":[1.25,0,1.75,6],"rotation":180,"texture":"#0"},"up":{"uv":[1,0,1.5,0.5],"texture":"#0"},"down":{"uv":[1,0,1.5,0.5],"texture":"#0"}}},{"from":[2.25,0.475,7.75],"to":[2.75,6.475,8.25],"faces":{"north":{"uv":[1,0,1.5,6],"texture":"#0"},"east":{"uv":[1.25,0,1.75,6],"texture":"#0"},"south":{"uv":[1,0,1.5,6],"texture":"#0"},"west":{"uv":[1.25,0,1.75,6],"texture":"#0"},"up":{"uv":[1,0,1.5,0.5],"texture":"#0"},"down":{"uv":[1,0,1.5,0.5],"texture":"#0"}}},{"from":[2.125,7.39781,6.39645],"to":[2.875,7.89509,8.89645],"rotation":{"angle":-45,"axis":"x","origin":[8,8,8]},"faces":{"north":{"uv":[1,0,0,1],"texture":"#0"},"east":{"uv":[1,0,0,1],"texture":"#0"},"south":{"uv":[1,0,0,1],"texture":"#0"},"west":{"uv":[1,0,0,1],"texture":"#0"},"up":{"uv":[1,0,0,1],"texture":"#0"},"down":{"uv":[1,0,0,1],"texture":"#0"}}},{"from":[2.125,7.28942,6.55866],"to":[2.875,7.7867,9.05866],"rotation":{"angle":-22.5,"axis":"x","origin":[8,8,8]},"faces":{"north":{"uv":[1,0,0,1],"texture":"#0"},"east":{"uv":[1,0,0,1],"texture":"#0"},"south":{"uv":[1,0,0,1],"texture":"#0"},"west":{"uv":[1,0,0,1],"texture":"#0"},"up":{"uv":[1,0,0,1],"texture":"#0"},"down":{"uv":[1,0,0,1],"texture":"#0"}}},{"from":[2.125,7.25136,6.75],"to":[2.875,7.74864,9.25],"faces":{"north":{"uv":[1,0,0,1],"texture":"#0"},"east":{"uv":[1,0,0,1],"texture":"#0"},"south":{"uv":[1,0,0,1],"texture":"#0"},"west":{"uv":[1,0,0,1],"texture":"#0"},"up":{"uv":[1,0,0,1],"texture":"#0"},"down":{"uv":[1,0,0,1],"texture":"#0"}}},{"from":[2.125,7.28942,6.94134],"to":[2.875,7.7867,9.44134],"rotation":{"angle":22.5,"axis":"x","origin":[8,8,8]},"faces":{"north":{"uv":[1,0,0,1],"texture":"#0"},"east":{"uv":[1,0,0,1],"texture":"#0"},"south":{"uv":[1,0,0,1],"texture":"#0"},"west":{"uv":[1,0,0,1],"texture":"#0"},"up":{"uv":[1,0,0,1],"texture":"#0"},"down":{"uv":[1,0,0,1],"texture":"#0"}}},{"from":[2.125,7.39781,7.10355],"to":[2.875,7.89509,9.60355],"rotation":{"angle":45,"axis":"x","origin":[8,8,8]},"faces":{"north":{"uv":[1,0,0,1],"texture":"#0"},"east":{"uv":[1,0,0,1],"texture":"#0"},"south":{"uv":[1,0,0,1],"texture":"#0"},"west":{"uv":[1,0,0,1],"texture":"#0"},"up":{"uv":[1,0,0,1],"texture":"#0"},"down":{"uv":[1,0,0,1],"texture":"#0"}}},{"from":[2.125,6.28806,7.56002],"to":[2.875,8.78806,8.0573],"rotation":{"angle":-22.5,"axis":"x","origin":[8,8,8]},"faces":{"north":{"uv":[1,0,0,1],"texture":"#0"},"east":{"uv":[1,0,0,1],"texture":"#0"},"south":{"uv":[1,0,0,1],"texture":"#0"},"west":{"uv":[1,0,0,1],"texture":"#0"},"up":{"uv":[1,0,0,1],"texture":"#0"},"down":{"uv":[1,0,0,1],"texture":"#0"}}},{"from":[2.125,6.25,7.75136],"to":[2.875,8.75,8.24864],"faces":{"north":{"uv":[1,0,0,1],"texture":"#0"},"east":{"uv":[1,0,0,1],"texture":"#0"},"south":{"uv":[1,0,0,1],"texture":"#0"},"west":{"uv":[1,0,0,1],"texture":"#0"},"up":{"uv":[1,0,0,1],"texture":"#0"},"down":{"uv":[1,0,0,1],"texture":"#0"}}},{"from":[2.125,6.28806,7.9427],"to":[2.875,8.78806,8.43998],"rotation":{"angle":22.5,"axis":"x","origin":[8,8,8]},"faces":{"north":{"uv":[1,0,0,1],"texture":"#0"},"east":{"uv":[1,0,0,1],"texture":"#0"},"south":{"uv":[1,0,0,1],"texture":"#0"},"west":{"uv":[1,0,0,1],"texture":"#0"},"up":{"uv":[1,0,0,1],"texture":"#0"},"down":{"uv":[1,0,0,1],"texture":"#0"}}},{"from":[2.475,7.49726,6.89645],"to":[3.125,7.79563,8.39645],"rotation":{"angle":-45,"axis":"x","origin":[8,8,8]},"faces":{"north":{"uv":[1,0,0,1],"texture":"#0"},"east":{"uv":[1,0,0,1],"texture":"#0"},"south":{"uv":[1,0,0,1],"texture":"#0"},"west":{"uv":[1,0,0,1],"texture":"#0"},"up":{"uv":[1,0,0,1],"texture":"#0"},"down":{"uv":[1,0,0,1],"texture":"#0"}}},{"from":[2.475,7.38888,7.05866],"to":[3.125,7.68724,8.55866],"rotation":{"angle":-22.5,"axis":"x","origin":[8,8,8]},"faces":{"north":{"uv":[1,0,0,1],"texture":"#0"},"east":{"uv":[1,0,0,1],"texture":"#0"},"south":{"uv":[1,0,0,1],"texture":"#0"},"west":{"uv":[1,0,0,1],"texture":"#0"},"up":{"uv":[1,0,0,1],"texture":"#0"},"down":{"uv":[1,0,0,1],"texture":"#0"}}},{"from":[2.475,7.35082,7.25],"to":[3.125,7.64918,8.75],"faces":{"north":{"uv":[1,0,0,1],"texture":"#0"},"east":{"uv":[1,0,0,1],"texture":"#0"},"south":{"uv":[1,0,0,1],"texture":"#0"},"west":{"uv":[1,0,0,1],"texture":"#0"},"up":{"uv":[1,0,0,1],"texture":"#0"},"down":{"uv":[1,0,0,1],"texture":"#0"}}},{"from":[2.475,7.38888,7.44134],"to":[3.125,7.68724,8.94134],"rotation":{"angle":22.5,"axis":"x","origin":[8,8,8]},"faces":{"north":{"uv":[1,0,0,1],"texture":"#0"},"east":{"uv":[1,0,0,1],"texture":"#0"},"south":{"uv":[1,0,0,1],"texture":"#0"},"west":{"uv":[1,0,0,1],"texture":"#0"},"up":{"uv":[1,0,0,1],"texture":"#0"},"down":{"uv":[1,0,0,1],"texture":"#0"}}},{"from":[2.475,7.49726,7.60355],"to":[3.125,7.79563,9.10355],"rotation":{"angle":45,"axis":"x","origin":[8,8,8]},"faces":{"north":{"uv":[1,0,0,1],"texture":"#0"},"east":{"uv":[1,0,0,1],"texture":"#0"},"south":{"uv":[1,0,0,1],"texture":"#0"},"west":{"uv":[1,0,0,1],"texture":"#0"},"up":{"uv":[1,0,0,1],"texture":"#0"},"down":{"uv":[1,0,0,1],"texture":"#0"}}},{"from":[2.475,6.78806,7.65947],"to":[3.125,8.28806,7.95784],"rotation":{"angle":-22.5,"axis":"x","origin":[8,8,8]},"faces":{"north":{"uv":[1,0,0,1],"texture":"#0"},"east":{"uv":[1,0,0,1],"texture":"#0"},"south":{"uv":[1,0,0,1],"texture":"#0"},"west":{"uv":[1,0,0,1],"texture":"#0"},"up":{"uv":[1,0,0,1],"texture":"#0"},"down":{"uv":[1,0,0,1],"texture":"#0"}}},{"from":[2.475,6.75,7.85082],"to":[3.125,8.25,8.14918],"faces":{"north":{"uv":[1,0,0,1],"texture":"#0"},"east":{"uv":[1,0,0,1],"texture":"#0"},"south":{"uv":[1,0,0,1],"texture":"#0"},"west":{"uv":[1,0,0,1],"texture":"#0"},"up":{"uv":[1,0,0,1],"texture":"#0"},"down":{"uv":[1,0,0,1],"texture":"#0"}}},{"from":[2.475,6.78806,8.04216],"to":[3.125,8.28806,8.34053],"rotation":{"angle":22.5,"axis":"x","origin":[8,8,8]},"faces":{"north":{"uv":[1,0,0,1],"texture":"#0"},"east":{"uv":[1,0,0,1],"texture":"#0"},"south":{"uv":[1,0,0,1],"texture":"#0"},"west":{"uv":[1,0,0,1],"texture":"#0"},"up":{"uv":[1,0,0,1],"texture":"#0"},"down":{"uv":[1,0,0,1],"texture":"#0"}}},{"from":[1.275,7.57185,7.27145],"to":[1.925,7.72104,8.02145],"rotation":{"angle":-45,"axis":"x","origin":[8,8,8]},"faces":{"north":{"uv":[1,0,0,1],"texture":"#0"},"east":{"uv":[1,0,0,1],"texture":"#0"},"south":{"uv":[1,0,0,1],"texture":"#0"},"west":{"uv":[1,0,0,1],"texture":"#0"},"up":{"uv":[1,0,0,1],"texture":"#0"},"down":{"uv":[1,0,0,1],"texture":"#0"}}},{"from":[1.275,7.46347,7.43366],"to":[1.925,7.61265,8.18366],"rotation":{"angle":-22.5,"axis":"x","origin":[8,8,8]},"faces":{"north":{"uv":[1,0,0,1],"texture":"#0"},"east":{"uv":[1,0,0,1],"texture":"#0"},"south":{"uv":[1,0,0,1],"texture":"#0"},"west":{"uv":[1,0,0,1],"texture":"#0"},"up":{"uv":[1,0,0,1],"texture":"#0"},"down":{"uv":[1,0,0,1],"texture":"#0"}}},{"from":[1.275,7.42541,7.625],"to":[1.925,7.57459,8.375],"faces":{"north":{"uv":[1,0,0,1],"texture":"#0"},"east":{"uv":[1,0,0,1],"texture":"#0"},"south":{"uv":[1,0,0,1],"texture":"#0"},"west":{"uv":[1,0,0,1],"texture":"#0"},"up":{"uv":[1,0,0,1],"texture":"#0"},"down":{"uv":[1,0,0,1],"texture":"#0"}}},{"from":[1.275,7.46347,7.81634],"to":[1.925,7.61265,8.56634],"rotation":{"angle":22.5,"axis":"x","origin":[8,8,8]},"faces":{"north":{"uv":[1,0,0,1],"texture":"#0"},"east":{"uv":[1,0,0,1],"texture":"#0"},"south":{"uv":[1,0,0,1],"texture":"#0"},"west":{"uv":[1,0,0,1],"texture":"#0"},"up":{"uv":[1,0,0,1],"texture":"#0"},"down":{"uv":[1,0,0,1],"texture":"#0"}}},{"from":[1.275,7.57185,7.97855],"to":[1.925,7.72104,8.72855],"rotation":{"angle":45,"axis":"x","origin":[8,8,8]},"faces":{"north":{"uv":[1,0,0,1],"texture":"#0"},"east":{"uv":[1,0,0,1],"texture":"#0"},"south":{"uv":[1,0,0,1],"texture":"#0"},"west":{"uv":[1,0,0,1],"texture":"#0"},"up":{"uv":[1,0,0,1],"texture":"#0"},"down":{"uv":[1,0,0,1],"texture":"#0"}}},{"from":[1.275,7.16306,7.73407],"to":[1.925,7.91306,7.88325],"rotation":{"angle":-22.5,"axis":"x","origin":[8,8,8]},"faces":{"north":{"uv":[1,0,0,1],"texture":"#0"},"east":{"uv":[1,0,0,1],"texture":"#0"},"south":{"uv":[1,0,0,1],"texture":"#0"},"west":{"uv":[1,0,0,1],"texture":"#0"},"up":{"uv":[1,0,0,1],"texture":"#0"},"down":{"uv":[1,0,0,1],"texture":"#0"}}},{"from":[1.275,7.125,7.92541],"to":[1.925,7.875,8.07459],"faces":{"north":{"uv":[1,0,0,1],"texture":"#0"},"east":{"uv":[1,0,0,1],"texture":"#0"},"south":{"uv":[1,0,0,1],"texture":"#0"},"west":{"uv":[1,0,0,1],"texture":"#0"},"up":{"uv":[1,0,0,1],"texture":"#0"},"down":{"uv":[1,0,0,1],"texture":"#0"}}},{"from":[1.275,7.16306,8.11675],"to":[1.925,7.91306,8.26593],"rotation":{"angle":22.5,"axis":"x","origin":[8,8,8]},"faces":{"north":{"uv":[1,0,0,1],"texture":"#0"},"east":{"uv":[1,0,0,1],"texture":"#0"},"south":{"uv":[1,0,0,1],"texture":"#0"},"west":{"uv":[1,0,0,1],"texture":"#0"},"up":{"uv":[1,0,0,1],"texture":"#0"},"down":{"uv":[1,0,0,1],"texture":"#0"}}},{"from":[1.475,7.49726,6.89645],"to":[1.575,7.79563,8.39645],"rotation":{"angle":-45,"axis":"x","origin":[8,8,8]},"faces":{"north":{"uv":[1,0,0,1],"texture":"#0"},"east":{"uv":[1,0,0,1],"texture":"#0"},"south":{"uv":[1,0,0,1],"texture":"#0"},"west":{"uv":[1,0,0,1],"texture":"#0"},"up":{"uv":[1,0,0,1],"texture":"#0"},"down":{"uv":[1,0,0,1],"texture":"#0"}}},{"from":[1.475,7.38888,7.05866],"to":[1.575,7.68724,8.55866],"rotation":{"angle":-22.5,"axis":"x","origin":[8,8,8]},"faces":{"north":{"uv":[1,0,0,1],"texture":"#0"},"east":{"uv":[1,0,0,1],"texture":"#0"},"south":{"uv":[1,0,0,1],"texture":"#0"},"west":{"uv":[1,0,0,1],"texture":"#0"},"up":{"uv":[1,0,0,1],"texture":"#0"},"down":{"uv":[1,0,0,1],"texture":"#0"}}},{"from":[1.475,7.35082,7.25],"to":[1.575,7.64918,8.75],"faces":{"north":{"uv":[1,0,0,1],"texture":"#0"},"east":{"uv":[1,0,0,1],"texture":"#0"},"south":{"uv":[1,0,0,1],"texture":"#0"},"west":{"uv":[1,0,0,1],"texture":"#0"},"up":{"uv":[1,0,0,1],"texture":"#0"},"down":{"uv":[1,0,0,1],"texture":"#0"}}},{"from":[1.475,7.38888,7.44134],"to":[1.575,7.68724,8.94134],"rotation":{"angle":22.5,"axis":"x","origin":[8,8,8]},"faces":{"north":{"uv":[1,0,0,1],"texture":"#0"},"east":{"uv":[1,0,0,1],"texture":"#0"},"south":{"uv":[1,0,0,1],"texture":"#0"},"west":{"uv":[1,0,0,1],"texture":"#0"},"up":{"uv":[1,0,0,1],"texture":"#0"},"down":{"uv":[1,0,0,1],"texture":"#0"}}},{"from":[1.475,7.49726,7.60355],"to":[1.575,7.79563,9.10355],"rotation":{"angle":45,"axis":"x","origin":[8,8,8]},"faces":{"north":{"uv":[1,0,0,1],"texture":"#0"},"east":{"uv":[1,0,0,1],"texture":"#0"},"south":{"uv":[1,0,0,1],"texture":"#0"},"west":{"uv":[1,0,0,1],"texture":"#0"},"up":{"uv":[1,0,0,1],"texture":"#0"},"down":{"uv":[1,0,0,1],"texture":"#0"}}},{"from":[1.475,6.78806,7.65947],"to":[1.575,8.28806,7.95784],"rotation":{"angle":-22.5,"axis":"x","origin":[8,8,8]},"faces":{"north":{"uv":[1,0,0,1],"texture":"#0"},"east":{"uv":[1,0,0,1],"texture":"#0"},"south":{"uv":[1,0,0,1],"texture":"#0"},"west":{"uv":[1,0,0,1],"texture":"#0"},"up":{"uv":[1,0,0,1],"texture":"#0"},"down":{"uv":[1,0,0,1],"texture":"#0"}}},{"from":[1.475,6.75,7.85082],"to":[1.575,8.25,8.14918],"faces":{"north":{"uv":[1,0,0,1],"texture":"#0"},"east":{"uv":[1,0,0,1],"texture":"#0"},"south":{"uv":[1,0,0,1],"texture":"#0"},"west":{"uv":[1,0,0,1],"texture":"#0"},"up":{"uv":[1,0,0,1],"texture":"#0"},"down":{"uv":[1,0,0,1],"texture":"#0"}}},{"from":[1.475,6.78806,8.04216],"to":[1.575,8.28806,8.34053],"rotation":{"angle":22.5,"axis":"x","origin":[8,8,8]},"faces":{"north":{"uv":[1,0,0,1],"texture":"#0"},"east":{"uv":[1,0,0,1],"texture":"#0"},"south":{"uv":[1,0,0,1],"texture":"#0"},"west":{"uv":[1,0,0,1],"texture":"#0"},"up":{"uv":[1,0,0,1],"texture":"#0"},"down":{"uv":[1,0,0,1],"texture":"#0"}}},{"from":[1.55,7.52213,7.02145],"to":[2.2,7.77077,8.27145],"rotation":{"angle":-45,"axis":"x","origin":[8,8,8]},"faces":{"north":{"uv":[1,0,0,1],"texture":"#0"},"east":{"uv":[1,0,0,1],"texture":"#0"},"south":{"uv":[1,0,0,1],"texture":"#0"},"west":{"uv":[1,0,0,1],"texture":"#0"},"up":{"uv":[1,0,0,1],"texture":"#0"},"down":{"uv":[1,0,0,1],"texture":"#0"}}},{"from":[1.55,7.41374,7.18366],"to":[2.2,7.66238,8.43366],"rotation":{"angle":-22.5,"axis":"x","origin":[8,8,8]},"faces":{"north":{"uv":[1,0,0,1],"texture":"#0"},"east":{"uv":[1,0,0,1],"texture":"#0"},"south":{"uv":[1,0,0,1],"texture":"#0"},"west":{"uv":[1,0,0,1],"texture":"#0"},"up":{"uv":[1,0,0,1],"texture":"#0"},"down":{"uv":[1,0,0,1],"texture":"#0"}}},{"from":[1.55,7.37568,7.375],"to":[2.2,7.62432,8.625],"faces":{"north":{"uv":[1,0,0,1],"texture":"#0"},"east":{"uv":[1,0,0,1],"texture":"#0"},"south":{"uv":[1,0,0,1],"texture":"#0"},"west":{"uv":[1,0,0,1],"texture":"#0"},"up":{"uv":[1,0,0,1],"texture":"#0"},"down":{"uv":[1,0,0,1],"texture":"#0"}}},{"from":[1.55,7.41374,7.56634],"to":[2.2,7.66238,8.81634],"rotation":{"angle":22.5,"axis":"x","origin":[8,8,8]},"faces":{"north":{"uv":[1,0,0,1],"texture":"#0"},"east":{"uv":[1,0,0,1],"texture":"#0"},"south":{"uv":[1,0,0,1],"texture":"#0"},"west":{"uv":[1,0,0,1],"texture":"#0"},"up":{"uv":[1,0,0,1],"texture":"#0"},"down":{"uv":[1,0,0,1],"texture":"#0"}}},{"from":[1.55,7.52213,7.72855],"to":[2.2,7.77077,8.97855],"rotation":{"angle":45,"axis":"x","origin":[8,8,8]},"faces":{"north":{"uv":[1,0,0,1],"texture":"#0"},"east":{"uv":[1,0,0,1],"texture":"#0"},"south":{"uv":[1,0,0,1],"texture":"#0"},"west":{"uv":[1,0,0,1],"texture":"#0"},"up":{"uv":[1,0,0,1],"texture":"#0"},"down":{"uv":[1,0,0,1],"texture":"#0"}}},{"from":[1.55,6.91306,7.68434],"to":[2.2,8.16306,7.93298],"rotation":{"angle":-22.5,"axis":"x","origin":[8,8,8]},"faces":{"north":{"uv":[1,0,0,1],"texture":"#0"},"east":{"uv":[1,0,0,1],"texture":"#0"},"south":{"uv":[1,0,0,1],"texture":"#0"},"west":{"uv":[1,0,0,1],"texture":"#0"},"up":{"uv":[1,0,0,1],"texture":"#0"},"down":{"uv":[1,0,0,1],"texture":"#0"}}},{"from":[1.55,6.875,7.87568],"to":[2.2,8.125,8.12432],"faces":{"north":{"uv":[1,0,0,1],"texture":"#0"},"east":{"uv":[1,0,0,1],"texture":"#0"},"south":{"uv":[1,0,0,1],"texture":"#0"},"west":{"uv":[1,0,0,1],"texture":"#0"},"up":{"uv":[1,0,0,1],"texture":"#0"},"down":{"uv":[1,0,0,1],"texture":"#0"}}},{"from":[1.55,6.91306,8.06702],"to":[2.2,8.16306,8.31566],"rotation":{"angle":22.5,"axis":"x","origin":[8,8,8]},"faces":{"north":{"uv":[1,0,0,1],"texture":"#0"},"east":{"uv":[1,0,0,1],"texture":"#0"},"south":{"uv":[1,0,0,1],"texture":"#0"},"west":{"uv":[1,0,0,1],"texture":"#0"},"up":{"uv":[1,0,0,1],"texture":"#0"},"down":{"uv":[1,0,0,1],"texture":"#0"}}},{"from":[1.875,7.49726,6.89645],"to":[2.525,7.79563,8.39645],"rotation":{"angle":-45,"axis":"x","origin":[8,8,8]},"faces":{"north":{"uv":[1,0,0,1],"texture":"#0"},"east":{"uv":[1,0,0,1],"texture":"#0"},"south":{"uv":[1,0,0,1],"texture":"#0"},"west":{"uv":[1,0,0,1],"texture":"#0"},"up":{"uv":[1,0,0,1],"texture":"#0"},"down":{"uv":[1,0,0,1],"texture":"#0"}}},{"from":[1.875,7.38888,7.05866],"to":[2.525,7.68724,8.55866],"rotation":{"angle":-22.5,"axis":"x","origin":[8,8,8]},"faces":{"north":{"uv":[1,0,0,1],"texture":"#0"},"east":{"uv":[1,0,0,1],"texture":"#0"},"south":{"uv":[1,0,0,1],"texture":"#0"},"west":{"uv":[1,0,0,1],"texture":"#0"},"up":{"uv":[1,0,0,1],"texture":"#0"},"down":{"uv":[1,0,0,1],"texture":"#0"}}},{"from":[1.875,7.35082,7.25],"to":[2.525,7.64918,8.75],"faces":{"north":{"uv":[1,0,0,1],"texture":"#0"},"east":{"uv":[1,0,0,1],"texture":"#0"},"south":{"uv":[1,0,0,1],"texture":"#0"},"west":{"uv":[1,0,0,1],"texture":"#0"},"up":{"uv":[1,0,0,1],"texture":"#0"},"down":{"uv":[1,0,0,1],"texture":"#0"}}},{"from":[1.875,7.38888,7.44134],"to":[2.525,7.68724,8.94134],"rotation":{"angle":22.5,"axis":"x","origin":[8,8,8]},"faces":{"north":{"uv":[1,0,0,1],"texture":"#0"},"east":{"uv":[1,0,0,1],"texture":"#0"},"south":{"uv":[1,0,0,1],"texture":"#0"},"west":{"uv":[1,0,0,1],"texture":"#0"},"up":{"uv":[1,0,0,1],"texture":"#0"},"down":{"uv":[1,0,0,1],"texture":"#0"}}},{"from":[1.875,7.49726,7.60355],"to":[2.525,7.79563,9.10355],"rotation":{"angle":45,"axis":"x","origin":[8,8,8]},"faces":{"north":{"uv":[1,0,0,1],"texture":"#0"},"east":{"uv":[1,0,0,1],"texture":"#0"},"south":{"uv":[1,0,0,1],"texture":"#0"},"west":{"uv":[1,0,0,1],"texture":"#0"},"up":{"uv":[1,0,0,1],"texture":"#0"},"down":{"uv":[1,0,0,1],"texture":"#0"}}},{"from":[1.875,6.78806,7.65947],"to":[2.525,8.28806,7.95784],"rotation":{"angle":-22.5,"axis":"x","origin":[8,8,8]},"faces":{"north":{"uv":[1,0,0,1],"texture":"#0"},"east":{"uv":[1,0,0,1],"texture":"#0"},"south":{"uv":[1,0,0,1],"texture":"#0"},"west":{"uv":[1,0,0,1],"texture":"#0"},"up":{"uv":[1,0,0,1],"texture":"#0"},"down":{"uv":[1,0,0,1],"texture":"#0"}}},{"from":[1.875,6.75,7.85082],"to":[2.525,8.25,8.14918],"faces":{"north":{"uv":[1,0,0,1],"texture":"#0"},"east":{"uv":[1,0,0,1],"texture":"#0"},"south":{"uv":[1,0,0,1],"texture":"#0"},"west":{"uv":[1,0,0,1],"texture":"#0"},"up":{"uv":[1,0,0,1],"texture":"#0"},"down":{"uv":[1,0,0,1],"texture":"#0"}}},{"from":[1.875,6.78806,8.04216],"to":[2.525,8.28806,8.34053],"rotation":{"angle":22.5,"axis":"x","origin":[8,8,8]},"faces":{"north":{"uv":[1,0,0,1],"texture":"#0"},"east":{"uv":[1,0,0,1],"texture":"#0"},"south":{"uv":[1,0,0,1],"texture":"#0"},"west":{"uv":[1,0,0,1],"texture":"#0"},"up":{"uv":[1,0,0,1],"texture":"#0"},"down":{"uv":[1,0,0,1],"texture":"#0"}}},{"from":[2.375,7.54699,7.14645],"to":[13.025,7.7459,8.14645],"rotation":{"angle":-45,"axis":"x","origin":[8,8,8]},"faces":{"north":{"uv":[0,0,1,1],"texture":"#0"},"east":{"uv":[0,0,1,1],"texture":"#0"},"south":{"uv":[0,0,1,1],"texture":"#0"},"west":{"uv":[0,0,1,1],"texture":"#0"},"up":{"uv":[0,0,1,1],"texture":"#0"},"down":{"uv":[0,0,1,1],"texture":"#0"}}},{"from":[2.375,7.4386,7.30866],"to":[13.025,7.63752,8.30866],"rotation":{"angle":-22.5,"axis":"x","origin":[8,8,8]},"faces":{"north":{"uv":[0,0,1,1],"texture":"#0"},"east":{"uv":[0,0,1,1],"texture":"#0"},"south":{"uv":[0,0,1,1],"texture":"#0"},"west":{"uv":[0,0,1,1],"texture":"#0"},"up":{"uv":[0,0,1,1],"texture":"#0"},"down":{"uv":[0,0,1,1],"texture":"#0"}}},{"from":[2.375,7.40054,7.5],"to":[13.025,7.59946,8.5],"faces":{"north":{"uv":[0,0,1,1],"texture":"#0"},"east":{"uv":[0,0,1,1],"texture":"#0"},"south":{"uv":[0,0,1,1],"texture":"#0"},"west":{"uv":[0,0,1,1],"texture":"#0"},"up":{"uv":[0,0,1,1],"texture":"#0"},"down":{"uv":[0,0,1,1],"texture":"#0"}}},{"from":[2.375,7.4386,7.69134],"to":[13.025,7.63752,8.69134],"rotation":{"angle":22.5,"axis":"x","origin":[8,8,8]},"faces":{"north":{"uv":[0,0,1,1],"texture":"#0"},"east":{"uv":[0,0,1,1],"texture":"#0"},"south":{"uv":[0,0,1,1],"texture":"#0"},"west":{"uv":[0,0,1,1],"texture":"#0"},"up":{"uv":[0,0,1,1],"texture":"#0"},"down":{"uv":[0,0,1,1],"texture":"#0"}}},{"from":[2.375,7.54699,7.85355],"to":[13.025,7.7459,8.85355],"rotation":{"angle":45,"axis":"x","origin":[8,8,8]},"faces":{"north":{"uv":[0,0,1,1],"texture":"#0"},"east":{"uv":[0,0,1,1],"texture":"#0"},"south":{"uv":[0,0,1,1],"texture":"#0"},"west":{"uv":[0,0,1,1],"texture":"#0"},"up":{"uv":[0,0,1,1],"texture":"#0"},"down":{"uv":[0,0,1,1],"texture":"#0"}}},{"from":[2.375,7.03806,7.7092],"to":[13.025,8.03806,7.90811],"rotation":{"angle":-22.5,"axis":"x","origin":[8,8,8]},"faces":{"north":{"uv":[0,0,1,1],"texture":"#0"},"east":{"uv":[0,0,1,1],"texture":"#0"},"south":{"uv":[0,0,1,1],"texture":"#0"},"west":{"uv":[0,0,1,1],"texture":"#0"},"up":{"uv":[0,0,1,1],"texture":"#0"},"down":{"uv":[0,0,1,1],"texture":"#0"}}},{"from":[2.375,7,7.90054],"to":[13.025,8,8.09946],"faces":{"north":{"uv":[0,0,1,1],"texture":"#0"},"east":{"uv":[0,0,1,1],"texture":"#0"},"south":{"uv":[0,0,1,1],"texture":"#0"},"west":{"uv":[0,0,1,1],"texture":"#0"},"up":{"uv":[0,0,1,1],"texture":"#0"},"down":{"uv":[0,0,1,1],"texture":"#0"}}},{"from":[2.375,7.03806,8.09189],"to":[13.025,8.03806,8.2908],"rotation":{"angle":22.5,"axis":"x","origin":[8,8,8]},"faces":{"north":{"uv":[0,0,1,1],"texture":"#0"},"east":{"uv":[0,0,1,1],"texture":"#0"},"south":{"uv":[0,0,1,1],"texture":"#0"},"west":{"uv":[0,0,1,1],"texture":"#0"},"up":{"uv":[0,0,1,1],"texture":"#0"},"down":{"uv":[0,0,1,1],"texture":"#0"}}},{"from":[5.75,6.35158,6.1043],"to":[6.25,8.60158,24.1043],"rotation":{"angle":0,"axis":"x","origin":[8,7.55614,15.34466]},"faces":{"north":{"uv":[0,0,4.5,2.25],"texture":"#0"},"east":{"uv":[0,0,16,2.25],"texture":"#0"},"south":{"uv":[0,0,4.5,2.25],"texture":"#0"},"west":{"uv":[0,0,16,2.25],"texture":"#0"},"up":{"uv":[0,0,4.5,16],"texture":"#0"},"down":{"uv":[0,0,4.5,16],"texture":"#0"}}},{"from":[5.75,8.55158,6.5043],"to":[10.25,10.80158,9.5043],"rotation":{"angle":0,"axis":"x","origin":[8,9.55614,15.34466]},"faces":{"north":{"uv":[0,0,4.5,2.25],"texture":"#0"},"east":{"uv":[0,0,16,2.25],"texture":"#0"},"south":{"uv":[0,0,4.5,2.25],"texture":"#0"},"west":{"uv":[0,0,16,2.25],"texture":"#0"},"up":{"uv":[0,0,4.5,16],"texture":"#0"},"down":{"uv":[0,0,4.5,16],"texture":"#0"}}},{"from":[6.45,8.05158,11.1043],"to":[9.55,11.20158,12.5043],"rotation":{"angle":0,"axis":"x","origin":[8,9.55614,15.34466]},"faces":{"north":{"uv":[0,0,4.5,2.25],"texture":"#0"},"east":{"uv":[0,0,16,2.25],"texture":"#0"},"south":{"uv":[0,0,4.5,2.25],"texture":"#0"},"west":{"uv":[0,0,16,2.25],"texture":"#0"},"up":{"uv":[0,0,4.5,16],"texture":"#0"},"down":{"uv":[0,0,4.5,16],"texture":"#0"}}},{"from":[8.95,11.15158,12.0043],"to":[9.45,12.20158,12.4043],"rotation":{"angle":0,"axis":"x","origin":[8,9.55614,15.34466]},"faces":{"north":{"uv":[0,0,4.5,2.25],"texture":"#0"},"east":{"uv":[0,0,16,2.25],"texture":"#0"},"south":{"uv":[0,0,4.5,2.25],"texture":"#0"},"west":{"uv":[0,0,16,2.25],"texture":"#0"},"up":{"uv":[0,0,4.5,16],"texture":"#0"},"down":{"uv":[0,0,4.5,16],"texture":"#0"}}},{"from":[5.975,6.36931,16.93124],"to":[11.525,8.59431,17.18124],"rotation":{"angle":45,"axis":"y","origin":[6.375,7.46931,17.05624]},"faces":{"north":{"uv":[0,0,4.5,2.25],"texture":"#0"},"east":{"uv":[0,0,16,2.25],"texture":"#0"},"south":{"uv":[0,0,4.5,2.25],"texture":"#0"},"west":{"uv":[0,0,16,2.25],"texture":"#0"},"up":{"uv":[0,0,4.5,16],"texture":"#0"},"down":{"uv":[0,0,4.5,16],"texture":"#0"}}},{"from":[6.25,6.36931,13.40624],"to":[6.5,8.59431,18.95624],"rotation":{"angle":45,"axis":"y","origin":[6.375,7.46931,13.80624]},"faces":{"north":{"uv":[0,0,16,2.25],"texture":"#0"},"east":{"uv":[0,0,4.5,2.25],"texture":"#0"},"south":{"uv":[0,0,16,2.25],"texture":"#0"},"west":{"uv":[0,0,4.5,2.25],"texture":"#0"},"up":{"uv":[0,0,4.5,16],"rotation":90,"texture":"#0"},"down":{"uv":[0,0,4.5,16],"rotation":270,"texture":"#0"}}},{"from":[7.7,6.36931,15.13124],"to":[8.3,8.59431,15.73124],"rotation":{"angle":0,"axis":"x","origin":[8,7.55614,15.34466]},"faces":{"north":{"uv":[0,0,4.5,2.25],"texture":"#0"},"east":{"uv":[0,0,16,2.25],"texture":"#0"},"south":{"uv":[0,0,4.5,2.25],"texture":"#0"},"west":{"uv":[0,0,16,2.25],"texture":"#0"},"up":{"uv":[0,0,4.5,16],"texture":"#0"},"down":{"uv":[0,0,4.5,16],"texture":"#0"}}},{"from":[9.75,6.35158,6.1043],"to":[10.25,8.60158,24.1043],"rotation":{"angle":0,"axis":"x","origin":[8,7.55614,15.34466]},"faces":{"north":{"uv":[0,0,4.5,2.25],"texture":"#0"},"east":{"uv":[0,0,16,2.25],"texture":"#0"},"south":{"uv":[0,0,4.5,2.25],"texture":"#0"},"west":{"uv":[0,0,16,2.25],"texture":"#0"},"up":{"uv":[0,0,4.5,16],"texture":"#0"},"down":{"uv":[0,0,4.5,16],"texture":"#0"}}},{"from":[5.75,3.0911,22.97655],"to":[10.25,5.3411,26.97655],"rotation":{"angle":-22.5,"axis":"x","origin":[8,7.55614,15.34466]},"faces":{"north":{"uv":[0,0,4.5,2.25],"texture":"#0"},"east":{"uv":[0,0,4,2.25],"texture":"#0"},"south":{"uv":[0,0,4.5,2.25],"texture":"#0"},"west":{"uv":[0,0,4,2.25],"texture":"#0"},"up":{"uv":[0,0,4.5,4],"texture":"#0"},"down":{"uv":[0,0,4.5,4],"texture":"#0"}}},{"from":[7.70163,8.1,-4.3],"to":[8.29837,11.1,12.7],"rotation":{"angle":-45,"axis":"z","origin":[8,9.6,10.2]},"faces":{"north":{"uv":[0,0,16,16],"texture":"#0"},"east":{"uv":[0,0,16,16],"texture":"#0"},"south":{"uv":[0,0,16,16],"texture":"#0"},"west":{"uv":[0,0,16,16],"texture":"#0"},"up":{"uv":[0,0,16,16],"texture":"#0"},"down":{"uv":[0,0,16,16],"texture":"#0"}}},{"from":[7.70163,8.1,-4.3],"to":[8.29837,11.1,12.7],"rotation":{"angle":-22.5,"axis":"z","origin":[8,9.6,10.2]},"faces":{"north":{"uv":[0,0,16,16],"texture":"#0"},"east":{"uv":[0,0,16,16],"texture":"#0"},"south":{"uv":[0,0,16,16],"texture":"#0"},"west":{"uv":[0,0,16,16],"texture":"#0"},"up":{"uv":[0,0,16,16],"texture":"#0"},"down":{"uv":[0,0,16,16],"texture":"#0"}}},{"from":[7.70163,8.1,-4.3],"to":[8.29837,11.1,12.7],"rotation":{"angle":0,"axis":"z","origin":[8,9.6,10.2]},"faces":{"north":{"uv":[0,0,16,16],"texture":"#0"},"east":{"uv":[0,0,16,16],"texture":"#0"},"south":{"uv":[0,0,16,16],"texture":"#0"},"west":{"uv":[0,0,16,16],"texture":"#0"},"up":{"uv":[0,0,16,16],"texture":"#0"},"down":{"uv":[0,0,16,16],"texture":"#0"}}},{"from":[7.70163,8.1,-4.3],"to":[8.29837,11.1,12.7],"rotation":{"angle":22.5,"axis":"z","origin":[8,9.6,10.2]},"faces":{"north":{"uv":[0,0,16,16],"texture":"#0"},"east":{"uv":[0,0,16,16],"texture":"#0"},"south":{"uv":[0,0,16,16],"texture":"#0"},"west":{"uv":[0,0,16,16],"texture":"#0"},"up":{"uv":[0,0,16,16],"texture":"#0"},"down":{"uv":[0,0,16,16],"texture":"#0"}}},{"from":[7.70163,8.1,-4.3],"to":[8.29837,11.1,12.7],"rotation":{"angle":45,"axis":"z","origin":[8,9.6,10.2]},"faces":{"north":{"uv":[0,0,16,16],"texture":"#0"},"east":{"uv":[0,0,16,16],"texture":"#0"},"south":{"uv":[0,0,16,16],"texture":"#0"},"west":{"uv":[0,0,16,16],"texture":"#0"},"up":{"uv":[0,0,16,16],"texture":"#0"},"down":{"uv":[0,0,16,16],"texture":"#0"}}},{"from":[6.5,9.30163,-4.3],"to":[9.5,9.89837,12.7],"rotation":{"angle":-22.5,"axis":"z","origin":[8,9.6,10.2]},"faces":{"north":{"uv":[0,0,16,16],"texture":"#0"},"east":{"uv":[0,0,16,16],"texture":"#0"},"south":{"uv":[0,0,16,16],"texture":"#0"},"west":{"uv":[0,0,16,16],"texture":"#0"},"up":{"uv":[0,0,16,16],"texture":"#0"},"down":{"uv":[0,0,16,16],"texture":"#0"}}},{"from":[6.5,9.30163,-4.3],"to":[9.5,9.89837,12.7],"rotation":{"angle":0,"axis":"z","origin":[8,9.6,10.2]},"faces":{"north":{"uv":[0,0,16,16],"texture":"#0"},"east":{"uv":[0,0,16,16],"texture":"#0"},"south":{"uv":[0,0,16,16],"texture":"#0"},"west":{"uv":[0,0,16,16],"texture":"#0"},"up":{"uv":[0,0,16,16],"texture":"#0"},"down":{"uv":[0,0,16,16],"texture":"#0"}}},{"from":[6.5,9.30163,-4.3],"to":[9.5,9.89837,12.7],"rotation":{"angle":22.5,"axis":"z","origin":[8,9.6,10.2]},"faces":{"north":{"uv":[0,0,16,16],"texture":"#0"},"east":{"uv":[0,0,16,16],"texture":"#0"},"south":{"uv":[0,0,16,16],"texture":"#0"},"west":{"uv":[0,0,16,16],"texture":"#0"},"up":{"uv":[0,0,16,16],"texture":"#0"},"down":{"uv":[0,0,16,16],"texture":"#0"}}},{"from":[7.63201,7.75,6.5],"to":[8.36799,11.45,9.5],"rotation":{"angle":-45,"axis":"z","origin":[8,9.6,7]},"faces":{"north":{"uv":[0,0,16,16],"texture":"#0"},"east":{"uv":[0,0,16,16],"texture":"#0"},"south":{"uv":[0,0,16,16],"texture":"#0"},"west":{"uv":[0,0,16,16],"texture":"#0"},"up":{"uv":[0,0,16,16],"texture":"#0"},"down":{"uv":[0,0,16,16],"texture":"#0"}}},{"from":[7.63201,7.75,6.5],"to":[8.36799,11.45,9.5],"rotation":{"angle":-22.5,"axis":"z","origin":[8,9.6,7]},"faces":{"north":{"uv":[0,0,16,16],"texture":"#0"},"east":{"uv":[0,0,16,16],"texture":"#0"},"south":{"uv":[0,0,16,16],"texture":"#0"},"west":{"uv":[0,0,16,16],"texture":"#0"},"up":{"uv":[0,0,16,16],"texture":"#0"},"down":{"uv":[0,0,16,16],"texture":"#0"}}},{"from":[7.63201,7.75,6.5],"to":[8.36799,11.45,9.5],"rotation":{"angle":0,"axis":"z","origin":[8,9.6,7]},"faces":{"north":{"uv":[0,0,16,16],"texture":"#0"},"east":{"uv":[0,0,16,16],"texture":"#0"},"south":{"uv":[0,0,16,16],"texture":"#0"},"west":{"uv":[0,0,16,16],"texture":"#0"},"up":{"uv":[0,0,16,16],"texture":"#0"},"down":{"uv":[0,0,16,16],"texture":"#0"}}},{"from":[7.63201,7.75,6.5],"to":[8.36799,11.45,9.5],"rotation":{"angle":22.5,"axis":"z","origin":[8,9.6,7]},"faces":{"north":{"uv":[0,0,16,16],"texture":"#0"},"east":{"uv":[0,0,16,16],"texture":"#0"},"south":{"uv":[0,0,16,16],"texture":"#0"},"west":{"uv":[0,0,16,16],"texture":"#0"},"up":{"uv":[0,0,16,16],"texture":"#0"},"down":{"uv":[0,0,16,16],"texture":"#0"}}},{"from":[7.63201,7.75,6.5],"to":[8.36799,11.45,9.5],"rotation":{"angle":45,"axis":"z","origin":[8,9.6,7]},"faces":{"north":{"uv":[0,0,16,16],"texture":"#0"},"east":{"uv":[0,0,16,16],"texture":"#0"},"south":{"uv":[0,0,16,16],"texture":"#0"},"west":{"uv":[0,0,16,16],"texture":"#0"},"up":{"uv":[0,0,16,16],"texture":"#0"},"down":{"uv":[0,0,16,16],"texture":"#0"}}},{"from":[6.15,9.23201,6.5],"to":[9.85,9.96799,9.5],"rotation":{"angle":-22.5,"axis":"z","origin":[8,9.6,7]},"faces":{"north":{"uv":[0,0,16,16],"texture":"#0"},"east":{"uv":[0,0,16,16],"texture":"#0"},"south":{"uv":[0,0,16,16],"texture":"#0"},"west":{"uv":[0,0,16,16],"texture":"#0"},"up":{"uv":[0,0,16,16],"texture":"#0"},"down":{"uv":[0,0,16,16],"texture":"#0"}}},{"from":[6.15,9.23201,6.5],"to":[9.85,9.96799,9.5],"rotation":{"angle":0,"axis":"z","origin":[8,9.6,7]},"faces":{"north":{"uv":[0,0,16,16],"texture":"#0"},"east":{"uv":[0,0,16,16],"texture":"#0"},"south":{"uv":[0,0,16,16],"texture":"#0"},"west":{"uv":[0,0,16,16],"texture":"#0"},"up":{"uv":[0,0,16,16],"texture":"#0"},"down":{"uv":[0,0,16,16],"texture":"#0"}}},{"from":[6.15,9.23201,6.5],"to":[9.85,9.96799,9.5],"rotation":{"angle":22.5,"axis":"z","origin":[8,9.6,7]},"faces":{"north":{"uv":[0,0,16,16],"texture":"#0"},"east":{"uv":[0,0,16,16],"texture":"#0"},"south":{"uv":[0,0,16,16],"texture":"#0"},"west":{"uv":[0,0,16,16],"texture":"#0"},"up":{"uv":[0,0,16,16],"texture":"#0"},"down":{"uv":[0,0,16,16],"texture":"#0"}}},{"from":[7.5,9.30163,6.5],"to":[8.5,9.89837,9.5],"rotation":{"angle":-45,"axis":"x","origin":[8,9.6,8]},"faces":{"north":{"uv":[0,0,1,1],"texture":"#0"},"east":{"uv":[0,0,1,1],"texture":"#0"},"south":{"uv":[0,0,1,1],"texture":"#0"},"west":{"uv":[0,0,1,1],"texture":"#0"},"up":{"uv":[0,0,1,1],"texture":"#0"},"down":{"uv":[0,0,1,1],"texture":"#0"}}},{"from":[7.5,9.30163,6.5],"to":[8.5,9.89837,9.5],"rotation":{"angle":-22.5,"axis":"x","origin":[8,9.6,8]},"faces":{"north":{"uv":[0,0,1,1],"texture":"#0"},"east":{"uv":[0,0,1,1],"texture":"#0"},"south":{"uv":[0,0,1,1],"texture":"#0"},"west":{"uv":[0,0,1,1],"texture":"#0"},"up":{"uv":[0,0,1,1],"texture":"#0"},"down":{"uv":[0,0,1,1],"texture":"#0"}}},{"from":[7.5,9.30163,6.5],"to":[8.5,9.89837,9.5],"rotation":{"angle":0,"axis":"x","origin":[8,9.6,8]},"faces":{"north":{"uv":[0,0,1,1],"texture":"#0"},"east":{"uv":[0,0,1,1],"texture":"#0"},"south":{"uv":[0,0,1,1],"texture":"#0"},"west":{"uv":[0,0,1,1],"texture":"#0"},"up":{"uv":[0,0,1,1],"texture":"#0"},"down":{"uv":[0,0,1,1],"texture":"#0"}}},{"from":[7.5,9.30163,6.5],"to":[8.5,9.89837,9.5],"rotation":{"angle":22.5,"axis":"x","origin":[8,9.6,8]},"faces":{"north":{"uv":[0,0,1,1],"texture":"#0"},"east":{"uv":[0,0,1,1],"texture":"#0"},"south":{"uv":[0,0,1,1],"texture":"#0"},"west":{"uv":[0,0,1,1],"texture":"#0"},"up":{"uv":[0,0,1,1],"texture":"#0"},"down":{"uv":[0,0,1,1],"texture":"#0"}}},{"from":[7.5,9.30163,6.5],"to":[8.5,9.89837,9.5],"rotation":{"angle":45,"axis":"x","origin":[8,9.6,8]},"faces":{"north":{"uv":[0,0,1,1],"texture":"#0"},"east":{"uv":[0,0,1,1],"texture":"#0"},"south":{"uv":[0,0,1,1],"texture":"#0"},"west":{"uv":[0,0,1,1],"texture":"#0"},"up":{"uv":[0,0,1,1],"texture":"#0"},"down":{"uv":[0,0,1,1],"texture":"#0"}}},{"from":[7.5,8.1,7.70163],"to":[8.5,11.1,8.29837],"rotation":{"angle":-22.5,"axis":"x","origin":[8,9.6,8]},"faces":{"north":{"uv":[0,0,1,1],"texture":"#0"},"east":{"uv":[0,0,1,1],"texture":"#0"},"south":{"uv":[0,0,1,1],"texture":"#0"},"west":{"uv":[0,0,1,1],"texture":"#0"},"up":{"uv":[0,0,1,1],"texture":"#0"},"down":{"uv":[0,0,1,1],"texture":"#0"}}},{"from":[7.5,8.1,7.70163],"to":[8.5,11.1,8.29837],"rotation":{"angle":0,"axis":"x","origin":[8,9.6,8]},"faces":{"north":{"uv":[0,0,1,1],"texture":"#0"},"east":{"uv":[0,0,1,1],"texture":"#0"},"south":{"uv":[0,0,1,1],"texture":"#0"},"west":{"uv":[0,0,1,1],"texture":"#0"},"up":{"uv":[0,0,1,1],"texture":"#0"},"down":{"uv":[0,0,1,1],"texture":"#0"}}},{"from":[7.5,8.1,7.70163],"to":[8.5,11.1,8.29837],"rotation":{"angle":22.5,"axis":"x","origin":[8,9.6,8]},"faces":{"north":{"uv":[0,0,1,1],"texture":"#0"},"east":{"uv":[0,0,1,1],"texture":"#0"},"south":{"uv":[0,0,1,1],"texture":"#0"},"west":{"uv":[0,0,1,1],"texture":"#0"},"up":{"uv":[0,0,1,1],"texture":"#0"},"down":{"uv":[0,0,1,1],"texture":"#0"}}},{"from":[5,9.13147,6.65],"to":[11,9.66853,9.35],"rotation":{"angle":-45,"axis":"x","origin":[6,9.4,8]},"faces":{"north":{"uv":[0,0,16,16],"texture":"#0"},"east":{"uv":[0,0,16,16],"texture":"#0"},"south":{"uv":[0,0,16,16],"texture":"#0"},"west":{"uv":[0,0,16,16],"texture":"#0"},"up":{"uv":[0,0,16,16],"texture":"#0"},"down":{"uv":[0,0,16,16],"texture":"#0"}}},{"from":[5,9.13147,9.35],"to":[5.7,9.66853,10.35],"rotation":{"angle":-45,"axis":"x","origin":[6,9.4,8]},"faces":{"north":{"uv":[0,0,16,16],"texture":"#0"},"east":{"uv":[0,0,16,16],"texture":"#0"},"south":{"uv":[0,0,16,16],"texture":"#0"},"west":{"uv":[0,0,16,16],"texture":"#0"},"up":{"uv":[0,0,16,16],"texture":"#0"},"down":{"uv":[0,0,16,16],"texture":"#0"}}},{"from":[10.3,9.13147,9.35],"to":[11,9.66853,10.35],"rotation":{"angle":-45,"axis":"x","origin":[10,9.4,8]},"faces":{"north":{"uv":[16,0,0,16],"texture":"#0"},"east":{"uv":[16,0,0,16],"texture":"#0"},"south":{"uv":[16,0,0,16],"texture":"#0"},"west":{"uv":[16,0,0,16],"texture":"#0"},"up":{"uv":[16,0,0,16],"texture":"#0"},"down":{"uv":[16,0,0,16],"texture":"#0"}}},{"from":[5,9.13147,5.65],"to":[5.7,9.66853,6.65],"rotation":{"angle":-45,"axis":"x","origin":[6,9.4,8]},"faces":{"north":{"uv":[0,0,16,16],"texture":"#0"},"east":{"uv":[0,0,16,16],"texture":"#0"},"south":{"uv":[0,0,16,16],"texture":"#0"},"west":{"uv":[0,0,16,16],"texture":"#0"},"up":{"uv":[0,0,16,16],"texture":"#0"},"down":{"uv":[0,0,16,16],"texture":"#0"}}},{"from":[10.3,9.13147,5.65],"to":[11,9.66853,6.65],"rotation":{"angle":-45,"axis":"x","origin":[10,9.4,8]},"faces":{"north":{"uv":[16,0,0,16],"texture":"#0"},"east":{"uv":[16,0,0,16],"texture":"#0"},"south":{"uv":[16,0,0,16],"texture":"#0"},"west":{"uv":[16,0,0,16],"texture":"#0"},"up":{"uv":[16,0,0,16],"texture":"#0"},"down":{"uv":[16,0,0,16],"texture":"#0"}}},{"from":[5,9.13147,6.65],"to":[11,9.66853,9.35],"rotation":{"angle":-22.5,"axis":"x","origin":[6,9.4,8]},"faces":{"north":{"uv":[0,0,16,16],"texture":"#0"},"east":{"uv":[0,0,16,16],"texture":"#0"},"south":{"uv":[0,0,16,16],"texture":"#0"},"west":{"uv":[0,0,16,16],"texture":"#0"},"up":{"uv":[0,0,16,16],"texture":"#0"},"down":{"uv":[0,0,16,16],"texture":"#0"}}},{"from":[5,9.13147,6.65],"to":[11,9.66853,9.35],"rotation":{"angle":0,"axis":"x","origin":[6,9.4,8]},"faces":{"north":{"uv":[0,0,16,16],"texture":"#0"},"east":{"uv":[0,0,16,16],"texture":"#0"},"south":{"uv":[0,0,16,16],"texture":"#0"},"west":{"uv":[0,0,16,16],"texture":"#0"},"up":{"uv":[0,0,16,16],"texture":"#0"},"down":{"uv":[0,0,16,16],"texture":"#0"}}},{"from":[5,9.13147,6.65],"to":[11,9.66853,9.35],"rotation":{"angle":22.5,"axis":"x","origin":[6,9.4,8]},"faces":{"north":{"uv":[0,0,16,16],"texture":"#0"},"east":{"uv":[0,0,16,16],"texture":"#0"},"south":{"uv":[0,0,16,16],"texture":"#0"},"west":{"uv":[0,0,16,16],"texture":"#0"},"up":{"uv":[0,0,16,16],"texture":"#0"},"down":{"uv":[0,0,16,16],"texture":"#0"}}},{"from":[5,9.13147,6.65],"to":[11,9.66853,9.35],"rotation":{"angle":45,"axis":"x","origin":[6,9.4,8]},"faces":{"north":{"uv":[0,0,16,16],"texture":"#0"},"east":{"uv":[0,0,16,16],"texture":"#0"},"south":{"uv":[0,0,16,16],"texture":"#0"},"west":{"uv":[0,0,16,16],"texture":"#0"},"up":{"uv":[0,0,16,16],"texture":"#0"},"down":{"uv":[0,0,16,16],"texture":"#0"}}},{"from":[5,8.05,7.73147],"to":[11,10.75,8.26853],"rotation":{"angle":-22.5,"axis":"x","origin":[6,9.4,8]},"faces":{"north":{"uv":[0,0,16,16],"texture":"#0"},"east":{"uv":[0,0,16,16],"texture":"#0"},"south":{"uv":[0,0,16,16],"texture":"#0"},"west":{"uv":[0,0,16,16],"texture":"#0"},"up":{"uv":[0,0,16,16],"texture":"#0"},"down":{"uv":[0,0,16,16],"texture":"#0"}}},{"from":[5,8.05,7.73147],"to":[11,10.75,8.26853],"rotation":{"angle":0,"axis":"x","origin":[6,9.4,8]},"faces":{"north":{"uv":[0,0,16,16],"texture":"#0"},"east":{"uv":[0,0,16,16],"texture":"#0"},"south":{"uv":[0,0,16,16],"texture":"#0"},"west":{"uv":[0,0,16,16],"texture":"#0"},"up":{"uv":[0,0,16,16],"texture":"#0"},"down":{"uv":[0,0,16,16],"texture":"#0"}}},{"from":[5,8.05,7.73147],"to":[11,10.75,8.26853],"rotation":{"angle":22.5,"axis":"x","origin":[6,9.4,8]},"faces":{"north":{"uv":[0,0,16,16],"texture":"#0"},"east":{"uv":[0,0,16,16],"texture":"#0"},"south":{"uv":[0,0,16,16],"texture":"#0"},"west":{"uv":[0,0,16,16],"texture":"#0"},"up":{"uv":[0,0,16,16],"texture":"#0"},"down":{"uv":[0,0,16,16],"texture":"#0"}}},{"from":[7.70163,8.1,-4.5],"to":[8.29837,11.1,-4.4],"rotation":{"angle":-45,"axis":"z","origin":[8,9.6,10]},"faces":{"north":{"uv":[0,0,16,16],"texture":"#0"},"east":{"uv":[0,0,16,16],"texture":"#0"},"south":{"uv":[0,0,16,16],"texture":"#0"},"west":{"uv":[0,0,16,16],"texture":"#0"},"up":{"uv":[0,0,16,16],"texture":"#0"},"down":{"uv":[0,0,16,16],"texture":"#0"}}},{"from":[7.70163,8.1,-4.5],"to":[8.29837,11.1,-4.4],"rotation":{"angle":-22.5,"axis":"z","origin":[8,9.6,10]},"faces":{"north":{"uv":[0,0,16,16],"texture":"#0"},"east":{"uv":[0,0,16,16],"texture":"#0"},"south":{"uv":[0,0,16,16],"texture":"#0"},"west":{"uv":[0,0,16,16],"texture":"#0"},"up":{"uv":[0,0,16,16],"texture":"#0"},"down":{"uv":[0,0,16,16],"texture":"#0"}}},{"from":[7.70163,8.1,-4.5],"to":[8.29837,11.1,-4.4],"rotation":{"angle":0,"axis":"z","origin":[8,9.6,10]},"faces":{"north":{"uv":[0,0,16,16],"texture":"#0"},"east":{"uv":[0,0,16,16],"texture":"#0"},"south":{"uv":[0,0,16,16],"texture":"#0"},"west":{"uv":[0,0,16,16],"texture":"#0"},"up":{"uv":[0,0,16,16],"texture":"#0"},"down":{"uv":[0,0,16,16],"texture":"#0"}}},{"from":[7.70163,8.1,-4.5],"to":[8.29837,11.1,-4.4],"rotation":{"angle":22.5,"axis":"z","origin":[8,9.6,10]},"faces":{"north":{"uv":[0,0,16,16],"texture":"#0"},"east":{"uv":[0,0,16,16],"texture":"#0"},"south":{"uv":[0,0,16,16],"texture":"#0"},"west":{"uv":[0,0,16,16],"texture":"#0"},"up":{"uv":[0,0,16,16],"texture":"#0"},"down":{"uv":[0,0,16,16],"texture":"#0"}}},{"from":[7.70163,8.1,-4.5],"to":[8.29837,11.1,-4.4],"rotation":{"angle":45,"axis":"z","origin":[8,9.6,10]},"faces":{"north":{"uv":[0,0,16,16],"texture":"#0"},"east":{"uv":[0,0,16,16],"texture":"#0"},"south":{"uv":[0,0,16,16],"texture":"#0"},"west":{"uv":[0,0,16,16],"texture":"#0"},"up":{"uv":[0,0,16,16],"texture":"#0"},"down":{"uv":[0,0,16,16],"texture":"#0"}}},{"from":[6.5,9.30163,-4.5],"to":[9.5,9.89837,-4.4],"rotation":{"angle":-22.5,"axis":"z","origin":[8,9.6,10]},"faces":{"north":{"uv":[0,0,16,16],"texture":"#0"},"east":{"uv":[0,0,16,16],"texture":"#0"},"south":{"uv":[0,0,16,16],"texture":"#0"},"west":{"uv":[0,0,16,16],"texture":"#0"},"up":{"uv":[0,0,16,16],"texture":"#0"},"down":{"uv":[0,0,16,16],"texture":"#0"}}},{"from":[6.5,9.30163,-4.5],"to":[9.5,9.89837,-4.4],"rotation":{"angle":0,"axis":"z","origin":[8,9.6,10]},"faces":{"north":{"uv":[0,0,16,16],"texture":"#0"},"east":{"uv":[0,0,16,16],"texture":"#0"},"south":{"uv":[0,0,16,16],"texture":"#0"},"west":{"uv":[0,0,16,16],"texture":"#0"},"up":{"uv":[0,0,16,16],"texture":"#0"},"down":{"uv":[0,0,16,16],"texture":"#0"}}},{"from":[6.5,9.30163,-4.5],"to":[9.5,9.89837,-4.4],"rotation":{"angle":22.5,"axis":"z","origin":[8,9.6,10]},"faces":{"north":{"uv":[0,0,16,16],"texture":"#0"},"east":{"uv":[0,0,16,16],"texture":"#0"},"south":{"uv":[0,0,16,16],"texture":"#0"},"west":{"uv":[0,0,16,16],"texture":"#0"},"up":{"uv":[0,0,16,16],"texture":"#0"},"down":{"uv":[0,0,16,16],"texture":"#0"}}},{"from":[7.72152,8.2,-4.4],"to":[8.27848,11,-4.3],"rotation":{"angle":-45,"axis":"z","origin":[8,9.6,-3.9]},"faces":{"north":{"uv":[0,0,16,16],"texture":"#0"},"east":{"uv":[0,0,16,16],"texture":"#0"},"south":{"uv":[0,0,16,16],"texture":"#0"},"west":{"uv":[0,0,16,16],"texture":"#0"},"up":{"uv":[0,0,16,16],"texture":"#0"},"down":{"uv":[0,0,16,16],"texture":"#0"}}},{"from":[7.72152,8.2,-4.4],"to":[8.27848,11,-4.3],"rotation":{"angle":-22.5,"axis":"z","origin":[8,9.6,-3.9]},"faces":{"north":{"uv":[0,0,16,16],"texture":"#0"},"east":{"uv":[0,0,16,16],"texture":"#0"},"south":{"uv":[0,0,16,16],"texture":"#0"},"west":{"uv":[0,0,16,16],"texture":"#0"},"up":{"uv":[0,0,16,16],"texture":"#0"},"down":{"uv":[0,0,16,16],"texture":"#0"}}},{"from":[7.72152,8.2,-4.4],"to":[8.27848,11,-4.3],"rotation":{"angle":0,"axis":"z","origin":[8,9.6,-3.9]},"faces":{"north":{"uv":[0,0,16,16],"texture":"#0"},"east":{"uv":[0,0,16,16],"texture":"#0"},"south":{"uv":[0,0,16,16],"texture":"#0"},"west":{"uv":[0,0,16,16],"texture":"#0"},"up":{"uv":[0,0,16,16],"texture":"#0"},"down":{"uv":[0,0,16,16],"texture":"#0"}}},{"from":[7.72152,8.2,-4.4],"to":[8.27848,11,-4.3],"rotation":{"angle":22.5,"axis":"z","origin":[8,9.6,-3.9]},"faces":{"north":{"uv":[0,0,16,16],"texture":"#0"},"east":{"uv":[0,0,16,16],"texture":"#0"},"south":{"uv":[0,0,16,16],"texture":"#0"},"west":{"uv":[0,0,16,16],"texture":"#0"},"up":{"uv":[0,0,16,16],"texture":"#0"},"down":{"uv":[0,0,16,16],"texture":"#0"}}},{"from":[7.72152,8.2,-4.4],"to":[8.27848,11,-4.3],"rotation":{"angle":45,"axis":"z","origin":[8,9.6,-3.9]},"faces":{"north":{"uv":[0,0,16,16],"texture":"#0"},"east":{"uv":[0,0,16,16],"texture":"#0"},"south":{"uv":[0,0,16,16],"texture":"#0"},"west":{"uv":[0,0,16,16],"texture":"#0"},"up":{"uv":[0,0,16,16],"texture":"#0"},"down":{"uv":[0,0,16,16],"texture":"#0"}}},{"from":[6.6,9.32152,-4.4],"to":[9.4,9.87848,-4.3],"rotation":{"angle":-22.5,"axis":"z","origin":[8,9.6,-3.9]},"faces":{"north":{"uv":[0,0,16,16],"texture":"#0"},"east":{"uv":[0,0,16,16],"texture":"#0"},"south":{"uv":[0,0,16,16],"texture":"#0"},"west":{"uv":[0,0,16,16],"texture":"#0"},"up":{"uv":[0,0,16,16],"texture":"#0"},"down":{"uv":[0,0,16,16],"texture":"#0"}}},{"from":[6.6,9.32152,-4.4],"to":[9.4,9.87848,-4.3],"rotation":{"angle":0,"axis":"z","origin":[8,9.6,-3.9]},"faces":{"north":{"uv":[0,0,16,16],"texture":"#0"},"east":{"uv":[0,0,16,16],"texture":"#0"},"south":{"uv":[0,0,16,16],"texture":"#0"},"west":{"uv":[0,0,16,16],"texture":"#0"},"up":{"uv":[0,0,16,16],"texture":"#0"},"down":{"uv":[0,0,16,16],"texture":"#0"}}},{"from":[6.6,9.32152,-4.4],"to":[9.4,9.87848,-4.3],"rotation":{"angle":22.5,"axis":"z","origin":[8,9.6,-3.9]},"faces":{"north":{"uv":[0,0,16,16],"texture":"#0"},"east":{"uv":[0,0,16,16],"texture":"#0"},"south":{"uv":[0,0,16,16],"texture":"#0"},"west":{"uv":[0,0,16,16],"texture":"#0"},"up":{"uv":[0,0,16,16],"texture":"#0"},"down":{"uv":[0,0,16,16],"texture":"#0"}}}],"display":{"head":{"rotation":[22,0,0],"translation":[0,-26.75,0],"scale":[2,2,2]}},"groups":[{"name":"Wheel","origin":[8,8,8],"children":[{"name":"Wheel Falloe","origin":[8,8,8],"children":[{"name":"hexadecagon","origin":[8,8,8],"children":[0,1,2,3,4,5,6,7,8,9,10,11,12,13,14,15]}]},{"name":"Wheel Spokes","origin":[8,8,8],"children":[16,17,18,19,20,21,22,23,24,25,26,27,28,29,30,31]},{"name":"Wheel Hub","origin":[8,8,8],"children":[32,33,34,35,36,37,38,39]},{"name":"Wheel Boxing","origin":[8,8,8],"children":[{"name":"hexadecagon","origin":[8,8,8],"children":[40,41,42,43,44,45,46,47]},{"name":"hexadecagon","origin":[8,8,8],"children":[48,49,50,51,52,53,54,55]},{"name":"hexadecagon","origin":[8,8,8],"children":[56,57,58,59,60,61,62,63]},{"name":"hexadecagon","origin":[8,8,8],"children":[64,65,66,67,68,69,70,71]},{"name":"hexadecagon","origin":[8,8,8],"children":[72,73,74,75,76,77,78,79]}]}]},{"name":"Wheel","origin":[8,8,8],"children":[{"name":"Wheel Falloe","origin":[8,8,8],"children":[{"name":"hexadecagon","origin":[8,8,8],"children":[80,81,82,83,84,85,86,87,88,89,90,91,92,93,94,95]}]},{"name":"Wheel Spokes","origin":[8,8,8],"children":[96,97,98,99,100,101,102,103,104,105,106,107,108,109,110,111]},{"name":"Wheel Hub","origin":[8,8,8],"children":[112,113,114,115,116,117,118,119]},{"name":"Wheel Boxing","origin":[8,8,8],"children":[{"name":"hexadecagon","origin":[8,8,8],"children":[120,121,122,123,124,125,126,127]},{"name":"hexadecagon","origin":[8,8,8],"children":[128,129,130,131,132,133,134,135]},{"name":"hexadecagon","origin":[8,8,8],"children":[136,137,138,139,140,141,142,143]},{"name":"hexadecagon","origin":[8,8,8],"children":[144,145,146,147,148,149,150,151]},{"name":"hexadecagon","origin":[8,8,8],"children":[152,153,154,155,156,157,158,159]}]}]},{"name":"Axle","origin":[8,8,8],"children":[160,161,162,163,164,165,166,167]},168,169,170,171,172,173,174,175,176,{"name":"hexadecagon","origin":[8,8,8],"children":[177,178,179,180,181,182,183,184]},{"name":"hexadecagon","origin":[8,8,8],"children":[185,186,187,188,189,190,191,192]},{"name":"hexadecagon","origin":[8,8,8],"children":[193,194,195,196,197,198,199,200]},{"name":"hexadecagon","origin":[8,8,8],"children":[201,202,203,204,205,206,207,208,209,210,211,212]},{"name":"hexadecagon","origin":[8,8,8],"children":[213,214,215,216,217,218,219,220]},{"name":"hexadecagon","origin":[8,8,8],"children":[221,222,223,224,225,226,227,228]}]}