{"credit":"Copyright 2020 MagicalDreams.US - Made With Blockbench","textures":{"0":"block/gray_wool","1":"block/sand","2":"custom/dlr/mainstreet/partnerstatue","particle":"block/gray_wool"},"elements":[{"from":[6.5,7,0.45899],"to":[9.5,13,15.54101],"rotation":{"angle":-45,"axis":"y","origin":[8,8,8]},"faces":{"north":{"uv":[6,2.5,6.746,2.995],"texture":"#1"},"east":{"uv":[6,2.5,6.746,2.995],"texture":"#1"},"south":{"uv":[6,2.5,6.746,2.995],"texture":"#1"},"west":{"uv":[6,2.5,6.746,2.995],"texture":"#1"},"up":{"uv":[6,2.5,6.748,2.994],"texture":"#1"},"down":{"uv":[0,0,4.5,3.749],"texture":"#1"}}},{"from":[6.5,7,0.45899],"to":[9.5,13,15.54101],"rotation":{"angle":-22.5,"axis":"y","origin":[8,8,8]},"faces":{"north":{"uv":[6,2.5,6.746,2.995],"texture":"#1"},"east":{"uv":[6,2.5,6.746,2.995],"texture":"#1"},"south":{"uv":[6,2.5,6.746,2.995],"texture":"#1"},"west":{"uv":[6,2.5,6.746,2.995],"texture":"#1"},"up":{"uv":[6,2.5,6.748,2.994],"texture":"#1"},"down":{"uv":[0,0,4.5,3.749],"texture":"#1"}}},{"from":[6.5,7,0.45899],"to":[9.5,13,15.54101],"faces":{"north":{"uv":[6,2.5,6.746,2.995],"texture":"#1"},"east":{"uv":[6,2.5,6.746,2.995],"texture":"#1"},"south":{"uv":[6,2.5,6.746,2.995],"texture":"#1"},"west":{"uv":[6,2.5,6.746,2.995],"texture":"#1"},"up":{"uv":[6,2.5,6.748,2.994],"texture":"#1"},"down":{"uv":[0,0,4.5,3.749],"texture":"#1"}}},{"from":[6.5,7,0.45899],"to":[9.5,13,15.54101],"rotation":{"angle":22.5,"axis":"y","origin":[8,8,8]},"faces":{"north":{"uv":[6,2.5,6.746,2.995],"texture":"#1"},"east":{"uv":[6,2.5,6.746,2.995],"texture":"#1"},"south":{"uv":[6,2.5,6.746,2.995],"texture":"#1"},"west":{"uv":[6,2.5,6.746,2.995],"texture":"#1"},"up":{"uv":[6,2.5,6.748,2.994],"texture":"#1"},"down":{"uv":[0,0,4.5,3.749],"texture":"#1"}}},{"from":[6.5,7,0.45899],"to":[9.5,13,15.54101],"rotation":{"angle":45,"axis":"y","origin":[8,8,8]},"faces":{"north":{"uv":[6,2.5,6.746,2.995],"texture":"#1"},"east":{"uv":[6,2.5,6.746,2.995],"texture":"#1"},"south":{"uv":[6,2.5,6.746,2.995],"texture":"#1"},"west":{"uv":[6,2.5,6.746,2.995],"texture":"#1"},"up":{"uv":[6,2.5,6.748,2.994],"texture":"#1"},"down":{"uv":[0,0,4.5,3.749],"texture":"#1"}}},{"from":[0.45899,7,6.5],"to":[15.54101,13,9.5],"rotation":{"angle":-22.5,"axis":"y","origin":[8,8,8]},"faces":{"north":{"uv":[6,2.5,6.746,2.995],"texture":"#1"},"east":{"uv":[6,2.5,6.746,2.995],"texture":"#1"},"south":{"uv":[6,2.5,6.746,2.995],"texture":"#1"},"west":{"uv":[6,2.5,6.746,2.995],"texture":"#1"},"up":{"uv":[6,2.5,6.748,2.994],"texture":"#1"},"down":{"uv":[0,0,4.5,3.749],"texture":"#1"}}},{"from":[0.45899,7,6.5],"to":[15.54101,13,9.5],"faces":{"north":{"uv":[6,2.5,6.746,2.995],"texture":"#1"},"east":{"uv":[6,2.5,6.746,2.995],"texture":"#1"},"south":{"uv":[6,2.5,6.746,2.995],"texture":"#1"},"west":{"uv":[6,2.5,6.746,2.995],"texture":"#1"},"up":{"uv":[6,2.5,6.748,2.994],"texture":"#1"},"down":{"uv":[0,0,4.5,3.749],"texture":"#1"}}},{"from":[0.45899,7,6.5],"to":[15.54101,13,9.5],"rotation":{"angle":22.5,"axis":"y","origin":[8,8,8]},"faces":{"north":{"uv":[6,2.5,6.746,2.995],"texture":"#1"},"east":{"uv":[6,2.5,6.746,2.995],"texture":"#1"},"south":{"uv":[6,2.5,6.746,2.995],"texture":"#1"},"west":{"uv":[6,2.5,6.746,2.995],"texture":"#1"},"up":{"uv":[6,2.5,6.748,2.994],"texture":"#1"},"down":{"uv":[0,0,4.5,3.749],"texture":"#1"}}},{"from":[6.75,7,1.71583],"to":[9.25,9,14.28417],"rotation":{"angle":-45,"axis":"y","origin":[8,8,8]},"faces":{"north":{"uv":[6,2.5,6.746,2.995],"texture":"#1"},"east":{"uv":[6,2.5,6.746,2.995],"texture":"#1"},"south":{"uv":[6,2.5,6.746,2.995],"texture":"#1"},"west":{"uv":[6,2.5,6.746,2.995],"texture":"#1"},"up":{"uv":[6,2.5,6.249,2.995],"texture":"#1"},"down":{"uv":[0,0,1,1],"texture":"#1"}}},{"from":[6.75,7,1.71583],"to":[9.25,9,14.28417],"rotation":{"angle":-22.5,"axis":"y","origin":[8,8,8]},"faces":{"north":{"uv":[6,2.5,6.746,2.995],"texture":"#1"},"east":{"uv":[6,2.5,6.746,2.995],"texture":"#1"},"south":{"uv":[6,2.5,6.746,2.995],"texture":"#1"},"west":{"uv":[6,2.5,6.746,2.995],"texture":"#1"},"up":{"uv":[6,2.5,6.249,2.995],"texture":"#1"},"down":{"uv":[0,0,1,1],"texture":"#1"}}},{"from":[6.75,7,1.71583],"to":[9.25,9,14.28417],"faces":{"north":{"uv":[6,2.5,6.746,2.995],"texture":"#1"},"east":{"uv":[6,2.5,6.746,2.995],"texture":"#1"},"south":{"uv":[6,2.5,6.746,2.995],"texture":"#1"},"west":{"uv":[6,2.5,6.746,2.995],"texture":"#1"},"up":{"uv":[6,2.5,6.249,2.995],"texture":"#1"},"down":{"uv":[0,0,1,1],"texture":"#1"}}},{"from":[6.75,7,1.71583],"to":[9.25,9,14.28417],"rotation":{"angle":22.5,"axis":"y","origin":[8,8,8]},"faces":{"north":{"uv":[6,2.5,6.746,2.995],"texture":"#1"},"east":{"uv":[6,2.5,6.746,2.995],"texture":"#1"},"south":{"uv":[6,2.5,6.746,2.995],"texture":"#1"},"west":{"uv":[6,2.5,6.746,2.995],"texture":"#1"},"up":{"uv":[6,2.5,6.249,2.995],"texture":"#1"},"down":{"uv":[0,0,1,1],"texture":"#1"}}},{"from":[6.75,7,1.71583],"to":[9.25,9,14.28417],"rotation":{"angle":45,"axis":"y","origin":[8,8,8]},"faces":{"north":{"uv":[6,2.5,6.746,2.995],"texture":"#1"},"east":{"uv":[6,2.5,6.746,2.995],"texture":"#1"},"south":{"uv":[6,2.5,6.746,2.995],"texture":"#1"},"west":{"uv":[6,2.5,6.746,2.995],"texture":"#1"},"up":{"uv":[6,2.5,6.249,2.995],"texture":"#1"},"down":{"uv":[0,0,1,1],"texture":"#1"}}},{"from":[1.71583,7,6.75],"to":[14.28417,9,9.25],"rotation":{"angle":-22.5,"axis":"y","origin":[8,8,8]},"faces":{"north":{"uv":[6,2.5,6.746,2.995],"texture":"#1"},"east":{"uv":[6,2.5,6.746,2.995],"texture":"#1"},"south":{"uv":[6,2.5,6.746,2.995],"texture":"#1"},"west":{"uv":[6,2.5,6.746,2.995],"texture":"#1"},"up":{"uv":[6,2.5,6.249,2.995],"texture":"#1"},"down":{"uv":[0,0,1,1],"texture":"#1"}}},{"from":[1.71583,7,6.75],"to":[14.28417,9,9.25],"faces":{"north":{"uv":[6,2.5,6.746,2.995],"texture":"#1"},"east":{"uv":[6,2.5,6.746,2.995],"texture":"#1"},"south":{"uv":[6,2.5,6.746,2.995],"texture":"#1"},"west":{"uv":[6,2.5,6.746,2.995],"texture":"#1"},"up":{"uv":[6,2.5,6.249,2.995],"texture":"#1"},"down":{"uv":[0,0,1,1],"texture":"#1"}}},{"from":[1.71583,7,6.75],"to":[14.28417,9,9.25],"rotation":{"angle":22.5,"axis":"y","origin":[8,8,8]},"faces":{"north":{"uv":[6,2.5,6.746,2.995],"texture":"#1"},"east":{"uv":[6,2.5,6.746,2.995],"texture":"#1"},"south":{"uv":[6,2.5,6.746,2.995],"texture":"#1"},"west":{"uv":[6,2.5,6.746,2.995],"texture":"#1"},"up":{"uv":[6,2.5,6.249,2.995],"texture":"#1"},"down":{"uv":[0,0,1,1],"texture":"#1"}}},{"from":[6.35,12,-0.29511],"to":[9.65,13,16.29511],"rotation":{"angle":-45,"axis":"y","origin":[8,13,8]},"faces":{"north":{"uv":[6,2.5,6.746,2.995],"texture":"#1"},"east":{"uv":[6,2.5,6.746,2.995],"texture":"#1"},"south":{"uv":[6,2.5,6.746,2.995],"texture":"#1"},"west":{"uv":[6,2.5,6.746,2.995],"texture":"#1"},"up":{"uv":[6,2.5,6.249,2.995],"texture":"#1"},"down":{"uv":[0,0,1,1],"texture":"#1"}}},{"from":[6.35,12,-0.29511],"to":[9.65,13,16.29511],"rotation":{"angle":-22.5,"axis":"y","origin":[8,13,8]},"faces":{"north":{"uv":[6,2.5,6.746,2.995],"texture":"#1"},"east":{"uv":[6,2.5,6.746,2.995],"texture":"#1"},"south":{"uv":[6,2.5,6.746,2.995],"texture":"#1"},"west":{"uv":[6,2.5,6.746,2.995],"texture":"#1"},"up":{"uv":[6,2.5,6.249,2.995],"texture":"#1"},"down":{"uv":[0,0,1,1],"texture":"#1"}}},{"from":[6.35,12,-0.29511],"to":[9.65,13,16.29511],"rotation":{"angle":0,"axis":"y","origin":[8,13,8]},"faces":{"north":{"uv":[6,2.5,6.746,2.995],"texture":"#1"},"east":{"uv":[6,2.5,6.746,2.995],"texture":"#1"},"south":{"uv":[6,2.5,6.746,2.995],"texture":"#1"},"west":{"uv":[6,2.5,6.746,2.995],"texture":"#1"},"up":{"uv":[6,2.5,6.249,2.995],"texture":"#1"},"down":{"uv":[0,0,1,1],"texture":"#1"}}},{"from":[6.35,12,-0.29511],"to":[9.65,13,16.29511],"rotation":{"angle":22.5,"axis":"y","origin":[8,13,8]},"faces":{"north":{"uv":[6,2.5,6.746,2.995],"texture":"#1"},"east":{"uv":[6,2.5,6.746,2.995],"texture":"#1"},"south":{"uv":[6,2.5,6.746,2.995],"texture":"#1"},"west":{"uv":[6,2.5,6.746,2.995],"texture":"#1"},"up":{"uv":[6,2.5,6.249,2.995],"texture":"#1"},"down":{"uv":[0,0,1,1],"texture":"#1"}}},{"from":[6.35,12,-0.29511],"to":[9.65,13,16.29511],"rotation":{"angle":45,"axis":"y","origin":[8,13,8]},"faces":{"north":{"uv":[6,2.5,6.746,2.995],"texture":"#1"},"east":{"uv":[6,2.5,6.746,2.995],"texture":"#1"},"south":{"uv":[6,2.5,6.746,2.995],"texture":"#1"},"west":{"uv":[6,2.5,6.746,2.995],"texture":"#1"},"up":{"uv":[6,2.5,6.249,2.995],"texture":"#1"},"down":{"uv":[0,0,1,1],"texture":"#1"}}},{"from":[-0.29511,12,6.35],"to":[16.29511,13,9.65],"rotation":{"angle":-22.5,"axis":"y","origin":[8,13,8]},"faces":{"north":{"uv":[6,2.5,6.746,2.995],"texture":"#1"},"east":{"uv":[6,2.5,6.746,2.995],"texture":"#1"},"south":{"uv":[6,2.5,6.746,2.995],"texture":"#1"},"west":{"uv":[6,2.5,6.746,2.995],"texture":"#1"},"up":{"uv":[6,2.5,6.249,2.995],"texture":"#1"},"down":{"uv":[0,0,1,1],"texture":"#1"}}},{"from":[-0.29511,12,6.35],"to":[16.29511,13,9.65],"rotation":{"angle":0,"axis":"y","origin":[8,13,8]},"faces":{"north":{"uv":[6,2.5,6.746,2.995],"texture":"#1"},"east":{"uv":[6,2.5,6.746,2.995],"texture":"#1"},"south":{"uv":[6,2.5,6.746,2.995],"texture":"#1"},"west":{"uv":[6,2.5,6.746,2.995],"texture":"#1"},"up":{"uv":[6,2.5,6.249,2.995],"texture":"#1"},"down":{"uv":[0,0,1,1],"texture":"#1"}}},{"from":[-0.29511,12,6.35],"to":[16.29511,13,9.65],"rotation":{"angle":22.5,"axis":"y","origin":[8,13,8]},"faces":{"north":{"uv":[6,2.5,6.746,2.995],"texture":"#1"},"east":{"uv":[6,2.5,6.746,2.995],"texture":"#1"},"south":{"uv":[6,2.5,6.746,2.995],"texture":"#1"},"west":{"uv":[6,2.5,6.746,2.995],"texture":"#1"},"up":{"uv":[6,2.5,6.249,2.995],"texture":"#1"},"down":{"uv":[0,0,1,1],"texture":"#1"}}},{"from":[6.45,11,0.20762],"to":[9.55,12,15.79238],"rotation":{"angle":-45,"axis":"y","origin":[8,12,8]},"faces":{"north":{"uv":[6,2.5,6.746,2.995],"texture":"#1"},"east":{"uv":[6,2.5,6.746,2.995],"texture":"#1"},"south":{"uv":[6,2.5,6.746,2.995],"texture":"#1"},"west":{"uv":[6,2.5,6.746,2.995],"texture":"#1"},"up":{"uv":[6,2.5,6.249,2.995],"texture":"#1"},"down":{"uv":[0,0,1,1],"texture":"#1"}}},{"from":[6.45,11,0.20762],"to":[9.55,12,15.79238],"rotation":{"angle":-22.5,"axis":"y","origin":[8,12,8]},"faces":{"north":{"uv":[6,2.5,6.746,2.995],"texture":"#1"},"east":{"uv":[6,2.5,6.746,2.995],"texture":"#1"},"south":{"uv":[6,2.5,6.746,2.995],"texture":"#1"},"west":{"uv":[6,2.5,6.746,2.995],"texture":"#1"},"up":{"uv":[6,2.5,6.249,2.995],"texture":"#1"},"down":{"uv":[0,0,1,1],"texture":"#1"}}},{"from":[6.45,11,0.20762],"to":[9.55,12,15.79238],"rotation":{"angle":0,"axis":"y","origin":[8,12,8]},"faces":{"north":{"uv":[6,2.5,6.746,2.995],"texture":"#1"},"east":{"uv":[6,2.5,6.746,2.995],"texture":"#1"},"south":{"uv":[6,2.5,6.746,2.995],"texture":"#1"},"west":{"uv":[6,2.5,6.746,2.995],"texture":"#1"},"up":{"uv":[6,2.5,6.249,2.995],"texture":"#1"},"down":{"uv":[0,0,1,1],"texture":"#1"}}},{"from":[6.45,11,0.20762],"to":[9.55,12,15.79238],"rotation":{"angle":22.5,"axis":"y","origin":[8,12,8]},"faces":{"north":{"uv":[6,2.5,6.746,2.995],"texture":"#1"},"east":{"uv":[6,2.5,6.746,2.995],"texture":"#1"},"south":{"uv":[6,2.5,6.746,2.995],"texture":"#1"},"west":{"uv":[6,2.5,6.746,2.995],"texture":"#1"},"up":{"uv":[6,2.5,6.249,2.995],"texture":"#1"},"down":{"uv":[0,0,1,1],"texture":"#1"}}},{"from":[6.45,11,0.20762],"to":[9.55,12,15.79238],"rotation":{"angle":45,"axis":"y","origin":[8,12,8]},"faces":{"north":{"uv":[6,2.5,6.746,2.995],"texture":"#1"},"east":{"uv":[6,2.5,6.746,2.995],"texture":"#1"},"south":{"uv":[6,2.5,6.746,2.995],"texture":"#1"},"west":{"uv":[6,2.5,6.746,2.995],"texture":"#1"},"up":{"uv":[6,2.5,6.249,2.995],"texture":"#1"},"down":{"uv":[0,0,1,1],"texture":"#1"}}},{"from":[0.20762,11,6.45],"to":[15.79238,12,9.55],"rotation":{"angle":-22.5,"axis":"y","origin":[8,12,8]},"faces":{"north":{"uv":[6,2.5,6.746,2.995],"texture":"#1"},"east":{"uv":[6,2.5,6.746,2.995],"texture":"#1"},"south":{"uv":[6,2.5,6.746,2.995],"texture":"#1"},"west":{"uv":[6,2.5,6.746,2.995],"texture":"#1"},"up":{"uv":[6,2.5,6.249,2.995],"texture":"#1"},"down":{"uv":[0,0,1,1],"texture":"#1"}}},{"from":[0.20762,11,6.45],"to":[15.79238,12,9.55],"rotation":{"angle":0,"axis":"y","origin":[8,12,8]},"faces":{"north":{"uv":[6,2.5,6.746,2.995],"texture":"#1"},"east":{"uv":[6,2.5,6.746,2.995],"texture":"#1"},"south":{"uv":[6,2.5,6.746,2.995],"texture":"#1"},"west":{"uv":[6,2.5,6.746,2.995],"texture":"#1"},"up":{"uv":[6,2.5,6.249,2.995],"texture":"#1"},"down":{"uv":[0,0,1,1],"texture":"#1"}}},{"from":[0.20762,11,6.45],"to":[15.79238,12,9.55],"rotation":{"angle":22.5,"axis":"y","origin":[8,12,8]},"faces":{"north":{"uv":[6,2.5,6.746,2.995],"texture":"#1"},"east":{"uv":[6,2.5,6.746,2.995],"texture":"#1"},"south":{"uv":[6,2.5,6.746,2.995],"texture":"#1"},"west":{"uv":[6,2.5,6.746,2.995],"texture":"#1"},"up":{"uv":[6,2.5,6.249,2.995],"texture":"#1"},"down":{"uv":[0,0,1,1],"texture":"#1"}}},{"from":[6.75,7,1.71583],"to":[9.25,9,14.28417],"rotation":{"angle":-45,"axis":"y","origin":[8,8,8]},"faces":{"north":{"uv":[6,2.5,6.746,2.995],"texture":"#1"},"east":{"uv":[6,2.5,6.746,2.995],"texture":"#1"},"south":{"uv":[6,2.5,6.746,2.995],"texture":"#1"},"west":{"uv":[6,2.5,6.746,2.995],"texture":"#1"},"up":{"uv":[6,2.5,6.249,2.995],"texture":"#1"},"down":{"uv":[0,0,1,1],"texture":"#1"}}},{"from":[6.75,7,1.71583],"to":[9.25,9,14.28417],"rotation":{"angle":-22.5,"axis":"y","origin":[8,8,8]},"faces":{"north":{"uv":[6,2.5,6.746,2.995],"texture":"#1"},"east":{"uv":[6,2.5,6.746,2.995],"texture":"#1"},"south":{"uv":[6,2.5,6.746,2.995],"texture":"#1"},"west":{"uv":[6,2.5,6.746,2.995],"texture":"#1"},"up":{"uv":[6,2.5,6.249,2.995],"texture":"#1"},"down":{"uv":[0,0,1,1],"texture":"#1"}}},{"from":[6.75,7,1.71583],"to":[9.25,9,14.28417],"faces":{"north":{"uv":[6,2.5,6.746,2.995],"texture":"#1"},"east":{"uv":[6,2.5,6.746,2.995],"texture":"#1"},"south":{"uv":[6,2.5,6.746,2.995],"texture":"#1"},"west":{"uv":[6,2.5,6.746,2.995],"texture":"#1"},"up":{"uv":[6,2.5,6.249,2.995],"texture":"#1"},"down":{"uv":[0,0,1,1],"texture":"#1"}}},{"from":[6.75,7,1.71583],"to":[9.25,9,14.28417],"rotation":{"angle":22.5,"axis":"y","origin":[8,8,8]},"faces":{"north":{"uv":[6,2.5,6.746,2.995],"texture":"#1"},"east":{"uv":[6,2.5,6.746,2.995],"texture":"#1"},"south":{"uv":[6,2.5,6.746,2.995],"texture":"#1"},"west":{"uv":[6,2.5,6.746,2.995],"texture":"#1"},"up":{"uv":[6,2.5,6.249,2.995],"texture":"#1"},"down":{"uv":[0,0,1,1],"texture":"#1"}}},{"from":[6.75,7,1.71583],"to":[9.25,9,14.28417],"rotation":{"angle":45,"axis":"y","origin":[8,8,8]},"faces":{"north":{"uv":[6,2.5,6.746,2.995],"texture":"#1"},"east":{"uv":[6,2.5,6.746,2.995],"texture":"#1"},"south":{"uv":[6,2.5,6.746,2.995],"texture":"#1"},"west":{"uv":[6,2.5,6.746,2.995],"texture":"#1"},"up":{"uv":[6,2.5,6.249,2.995],"texture":"#1"},"down":{"uv":[0,0,1,1],"texture":"#1"}}},{"from":[1.71583,7,6.75],"to":[14.28417,9,9.25],"rotation":{"angle":-22.5,"axis":"y","origin":[8,8,8]},"faces":{"north":{"uv":[6,2.5,6.746,2.995],"texture":"#1"},"east":{"uv":[6,2.5,6.746,2.995],"texture":"#1"},"south":{"uv":[6,2.5,6.746,2.995],"texture":"#1"},"west":{"uv":[6,2.5,6.746,2.995],"texture":"#1"},"up":{"uv":[6,2.5,6.249,2.995],"texture":"#1"},"down":{"uv":[0,0,1,1],"texture":"#1"}}},{"from":[1.71583,7,6.75],"to":[14.28417,9,9.25],"faces":{"north":{"uv":[6,2.5,6.746,2.995],"texture":"#1"},"east":{"uv":[6,2.5,6.746,2.995],"texture":"#1"},"south":{"uv":[6,2.5,6.746,2.995],"texture":"#1"},"west":{"uv":[6,2.5,6.746,2.995],"texture":"#1"},"up":{"uv":[6,2.5,6.249,2.995],"texture":"#1"},"down":{"uv":[0,0,1,1],"texture":"#1"}}},{"from":[1.71583,7,6.75],"to":[14.28417,9,9.25],"rotation":{"angle":22.5,"axis":"y","origin":[8,8,8]},"faces":{"north":{"uv":[6,2.5,6.746,2.995],"texture":"#1"},"east":{"uv":[6,2.5,6.746,2.995],"texture":"#1"},"south":{"uv":[6,2.5,6.746,2.995],"texture":"#1"},"west":{"uv":[6,2.5,6.746,2.995],"texture":"#1"},"up":{"uv":[6,2.5,6.249,2.995],"texture":"#1"},"down":{"uv":[0,0,1,1],"texture":"#1"}}},{"from":[6.65,12,1.21309],"to":[9.35,14,14.78691],"rotation":{"angle":-45,"axis":"y","origin":[8,13,8]},"faces":{"north":{"uv":[6,2.5,6.746,2.995],"texture":"#1"},"east":{"uv":[6,2.5,6.746,2.995],"texture":"#1"},"south":{"uv":[6,2.5,6.746,2.995],"texture":"#1"},"west":{"uv":[6,2.5,6.746,2.995],"texture":"#1"},"up":{"uv":[6,2.5,6.249,2.995],"texture":"#1"},"down":{"uv":[0,0,1,1],"texture":"#1"}}},{"from":[6.65,12,1.21309],"to":[9.35,14,14.78691],"rotation":{"angle":-22.5,"axis":"y","origin":[8,13,8]},"faces":{"north":{"uv":[6,2.5,6.746,2.995],"texture":"#1"},"east":{"uv":[6,2.5,6.746,2.995],"texture":"#1"},"south":{"uv":[6,2.5,6.746,2.995],"texture":"#1"},"west":{"uv":[6,2.5,6.746,2.995],"texture":"#1"},"up":{"uv":[6,2.5,6.249,2.995],"texture":"#1"},"down":{"uv":[0,0,1,1],"texture":"#1"}}},{"from":[6.65,12,1.21309],"to":[9.35,14,14.78691],"rotation":{"angle":0,"axis":"y","origin":[8,13,8]},"faces":{"north":{"uv":[6,2.5,6.746,2.995],"texture":"#1"},"east":{"uv":[6,2.5,6.746,2.995],"texture":"#1"},"south":{"uv":[6,2.5,6.746,2.995],"texture":"#1"},"west":{"uv":[6,2.5,6.746,2.995],"texture":"#1"},"up":{"uv":[6,2.5,6.249,2.995],"texture":"#1"},"down":{"uv":[0,0,1,1],"texture":"#1"}}},{"from":[6.65,12,1.21309],"to":[9.35,14,14.78691],"rotation":{"angle":22.5,"axis":"y","origin":[8,13,8]},"faces":{"north":{"uv":[6,2.5,6.746,2.995],"texture":"#1"},"east":{"uv":[6,2.5,6.746,2.995],"texture":"#1"},"south":{"uv":[6,2.5,6.746,2.995],"texture":"#1"},"west":{"uv":[6,2.5,6.746,2.995],"texture":"#1"},"up":{"uv":[6,2.5,6.249,2.995],"texture":"#1"},"down":{"uv":[0,0,1,1],"texture":"#1"}}},{"from":[6.65,12,1.21309],"to":[9.35,14,14.78691],"rotation":{"angle":45,"axis":"y","origin":[8,13,8]},"faces":{"north":{"uv":[6,2.5,6.746,2.995],"texture":"#1"},"east":{"uv":[6,2.5,6.746,2.995],"texture":"#1"},"south":{"uv":[6,2.5,6.746,2.995],"texture":"#1"},"west":{"uv":[6,2.5,6.746,2.995],"texture":"#1"},"up":{"uv":[6,2.5,6.249,2.995],"texture":"#1"},"down":{"uv":[0,0,1,1],"texture":"#1"}}},{"from":[1.21309,12,6.65],"to":[14.78691,14,9.35],"rotation":{"angle":-22.5,"axis":"y","origin":[8,13,8]},"faces":{"north":{"uv":[6,2.5,6.746,2.995],"texture":"#1"},"east":{"uv":[6,2.5,6.746,2.995],"texture":"#1"},"south":{"uv":[6,2.5,6.746,2.995],"texture":"#1"},"west":{"uv":[6,2.5,6.746,2.995],"texture":"#1"},"up":{"uv":[6,2.5,6.249,2.995],"texture":"#1"},"down":{"uv":[0,0,1,1],"texture":"#1"}}},{"from":[1.21309,12,6.65],"to":[14.78691,14,9.35],"rotation":{"angle":0,"axis":"y","origin":[8,13,8]},"faces":{"north":{"uv":[6,2.5,6.746,2.995],"texture":"#1"},"east":{"uv":[6,2.5,6.746,2.995],"texture":"#1"},"south":{"uv":[6,2.5,6.746,2.995],"texture":"#1"},"west":{"uv":[6,2.5,6.746,2.995],"texture":"#1"},"up":{"uv":[6,2.5,6.249,2.995],"texture":"#1"},"down":{"uv":[0,0,1,1],"texture":"#1"}}},{"from":[1.21309,12,6.65],"to":[14.78691,14,9.35],"rotation":{"angle":22.5,"axis":"y","origin":[8,13,8]},"faces":{"north":{"uv":[6,2.5,6.746,2.995],"texture":"#1"},"east":{"uv":[6,2.5,6.746,2.995],"texture":"#1"},"south":{"uv":[6,2.5,6.746,2.995],"texture":"#1"},"west":{"uv":[6,2.5,6.746,2.995],"texture":"#1"},"up":{"uv":[6,2.5,6.249,2.995],"texture":"#1"},"down":{"uv":[0,0,1,1],"texture":"#1"}}},{"from":[3,12.7,6.5],"to":[13,14.7,9.5],"rotation":{"angle":0,"axis":"y","origin":[20,22,16]},"faces":{"north":{"uv":[6,2.5,6.746,2.995],"texture":"#0"},"east":{"uv":[6,2.5,6.746,2.995],"texture":"#0"},"south":{"uv":[6,2.5,6.746,2.995],"texture":"#0"},"west":{"uv":[6,2.5,6.746,2.995],"texture":"#0"},"up":{"uv":[6,2.5,6.249,2.995],"texture":"#0"},"down":{"uv":[0,0,10,3],"texture":"#0"}}},{"from":[6.57612,9,0.01732],"to":[9.57612,11.2,0.09934],"rotation":{"angle":-22.5,"axis":"y","origin":[7.07612,8,7.55833]},"faces":{"north":{"uv":[0.02,5.187,5.27,10.112],"texture":"#2","cullface":"down"},"east":{"uv":[6,2.5,6.746,2.995],"texture":"#2"},"south":{"uv":[6,2.5,6.746,2.995],"texture":"#2"},"west":{"uv":[6,2.5,6.746,2.995],"texture":"#2"},"up":{"uv":[6,2.5,6.748,2.994],"texture":"#2"},"down":{"uv":[0,0,4.5,3.749],"texture":"#2"}}},{"from":[6.5,9,0.4],"to":[9.5,11.2,0.48202],"rotation":{"angle":0,"axis":"y","origin":[8,8,7]},"faces":{"north":{"uv":[5.27,5.187,10.622,10.112],"texture":"#2","cullface":"down"},"east":{"uv":[6,2.5,6.746,2.995],"texture":"#2"},"south":{"uv":[6,2.5,6.746,2.995],"texture":"#2"},"west":{"uv":[6,2.5,6.746,2.995],"texture":"#2"},"up":{"uv":[6,2.5,6.748,2.994],"texture":"#2"},"down":{"uv":[0,0,4.5,3.749],"texture":"#2"}}},{"from":[6.5,9,0.4],"to":[9.5,11.2,0.48202],"rotation":{"angle":22.5,"axis":"y","origin":[8,8,7.94101]},"faces":{"north":{"uv":[10.559,5.187,15.996,10.112],"texture":"#2","cullface":"down"},"east":{"uv":[6,2.5,6.746,2.995],"texture":"#2"},"south":{"uv":[6,2.5,6.746,2.995],"texture":"#2"},"west":{"uv":[6,2.5,6.746,2.995],"texture":"#2"},"up":{"uv":[6,2.5,6.748,2.994],"texture":"#2"},"down":{"uv":[0,0,4.5,3.749],"texture":"#2"}}}],"display":{"thirdperson_righthand":{"rotation":[90,0,0],"translation":[-5.75,-2,9.5],"scale":[4,3.49,4]},"head":{"scale":[4,3.58,4]}},"groups":[{"name":"hexadecagon","origin":[8,8,8],"children":[0,1,2,3,4,5,6,7]},{"name":"hexadecagon","origin":[8,8,8],"children":[8,9,10,11,12,13,14,15]},{"name":"hexadecagon","origin":[8,8,8],"children":[16,17,18,19,20,21,22,23]},{"name":"hexadecagon","origin":[8,8,8],"children":[24,25,26,27,28,29,30,31]},{"name":"hexadecagon","origin":[8,8,8],"children":[32,33,34,35,36,37,38,39]},{"name":"hexadecagon","origin":[8,8,8],"children":[40,41,42,43,44,45,46,47,48]},49,50,51]}