{
	"__comment": "Designed by _MajorisBR_ exclusively for SWMC",
	"textures": {
		"voxels_atlas": "majorisbr/flamingo"
	},
	"elements": [ 	 
		{
			"__comment": "Voxels",
			"from": [ 1, 17, 7.5 ],
			"to": [ 1.5, 19, 8.5 ],
			"faces": {
				"down": { "uv": [ 9.75, 12.75, 9.875, 13 ], "texture": "#voxels_atlas", "cullface": "up" },
				"up": { "uv": [ 9.75, 9.5, 9.875, 9.25 ], "texture": "#voxels_atlas", "cullface": "up" },
				"north": { "uv": [ 3.25, 13.5, 3.125, 14 ], "texture": "#voxels_atlas", "cullface": "up" },
				"south": { "uv": [ 3.125, 13, 3.25, 13.5 ], "texture": "#voxels_atlas", "cullface": "up" },
				"west": { "uv": [ 4.75, 13.5, 5, 14 ], "texture": "#voxels_atlas", "cullface": "up" },
				"east": { "uv": [ 8.375, 12.125, 8.125, 12.625 ], "texture": "#voxels_atlas", "cullface": "up" }
			}
		},
		{
			"__comment": "Voxels",
			"from": [ 1.5, 8.5, 7 ],
			"to": [ 14.5, 9.5, 9 ],
			"faces": {
				"down": { "uv": [ 0, 15.5, 3.25, 16 ], "texture": "#voxels_atlas" },
				"up": { "uv": [ 0, 15.5, 3.25, 15 ], "texture": "#voxels_atlas" },
				"north": { "uv": [ 11.5, 15.75, 8.25, 16 ], "texture": "#voxels_atlas" },
				"south": { "uv": [ 5, 15.75, 8.25, 16 ], "texture": "#voxels_atlas" },
				"west": { "uv": [ 12.25, 15.125, 12.75, 15.375 ], "texture": "#voxels_atlas" },
				"east": { "uv": [ 13.25, 15.125, 12.75, 15.375 ], "texture": "#voxels_atlas" }
			}
		},
		{
			"__comment": "Voxels",
			"from": [ 1.5, 9.5, 7 ],
			"to": [ 14, 10, 9 ],
			"faces": {
				"up": { "uv": [ 0, 14, 3.125, 13.5 ], "texture": "#voxels_atlas" },
				"north": { "uv": [ 14.625, 15.875, 11.5, 16 ], "texture": "#voxels_atlas" },
				"south": { "uv": [ 11.5, 15.75, 14.625, 15.875 ], "texture": "#voxels_atlas" },
				"west": { "uv": [ 7.625, 15.125, 8.125, 15.25 ], "texture": "#voxels_atlas" },
				"east": { "uv": [ 8.125, 15, 7.625, 15.125 ], "texture": "#voxels_atlas" }
			}
		},
		{
			"__comment": "Voxels",
			"from": [ 1.5, 10, 7 ],
			"to": [ 13, 10.5, 9 ],
			"faces": {
				"up": { "uv": [ 0, 12.5, 2.875, 12 ], "texture": "#voxels_atlas" },
				"north": { "uv": [ 7.875, 15.375, 5, 15.5 ], "texture": "#voxels_atlas" },
				"south": { "uv": [ 5, 15.25, 7.875, 15.375 ], "texture": "#voxels_atlas" },
				"west": { "uv": [ 7.625, 14.875, 8.125, 15 ], "texture": "#voxels_atlas" },
				"east": { "uv": [ 8.125, 14.75, 7.625, 14.875 ], "texture": "#voxels_atlas" }
			}
		},
		{
			"__comment": "Voxels",
			"from": [ 1.5, 10.5, 7 ],
			"to": [ 3.5, 11, 9 ],
			"faces": {
				"up": { "uv": [ 2.75, 12, 3.25, 11.5 ], "texture": "#voxels_atlas" },
				"north": { "uv": [ 9.25, 13, 8.75, 13.125 ], "texture": "#voxels_atlas" },
				"south": { "uv": [ 8.75, 12.875, 9.25, 13 ], "texture": "#voxels_atlas" },
				"west": { "uv": [ 8.75, 12.75, 9.25, 12.875 ], "texture": "#voxels_atlas" },
				"east": { "uv": [ 9.25, 12.125, 8.75, 12.25 ], "texture": "#voxels_atlas" }
			}
		},
		{
			"__comment": "Voxels",
			"from": [ 1.5, 11, 7.5 ],
			"to": [ 3.5, 12, 8.5 ],
			"faces": {
				"up": { "uv": [ 13.75, 15.375, 14.25, 15.125 ], "texture": "#voxels_atlas" },
				"north": { "uv": [ 15.75, 15.125, 15.25, 15.375 ], "texture": "#voxels_atlas" },
				"south": { "uv": [ 8.75, 14.875, 9.25, 15.125 ], "texture": "#voxels_atlas" },
				"west": { "uv": [ 4.75, 10.75, 5, 11 ], "texture": "#voxels_atlas" },
				"east": { "uv": [ 5, 10.5, 4.75, 10.75 ], "texture": "#voxels_atlas" }
			}
		},
		{
			"__comment": "Voxels",
			"from": [ 1.5, 17.5, 7.5 ],
			"to": [ 2, 20, 8.5 ],
			"faces": {
				"down": { "uv": [ 9.75, 9, 9.875, 9.25 ], "texture": "#voxels_atlas", "cullface": "up" },
				"up": { "uv": [ 9.75, 9, 9.875, 8.75 ], "texture": "#voxels_atlas", "cullface": "up" },
				"north": { "uv": [ 8.5, 11.375, 8.375, 12 ], "texture": "#voxels_atlas", "cullface": "up" },
				"south": { "uv": [ 8.625, 10.75, 8.75, 11.375 ], "texture": "#voxels_atlas", "cullface": "up" },
				"west": { "uv": [ 8.125, 13.875, 8.375, 14.5 ], "texture": "#voxels_atlas", "cullface": "up" },
				"east": { "uv": [ 8.375, 14.5, 8.125, 15.125 ], "texture": "#voxels_atlas", "cullface": "up" }
			}
		},
		{
			"__comment": "Voxels",
			"from": [ 2, 8, 7 ],
			"to": [ 14.5, 8.5, 9 ],
			"faces": {
				"down": { "uv": [ 0, 13, 3.125, 13.5 ], "texture": "#voxels_atlas" },
				"north": { "uv": [ 8.125, 15.625, 5, 15.75 ], "texture": "#voxels_atlas" },
				"south": { "uv": [ 5, 15.5, 8.125, 15.625 ], "texture": "#voxels_atlas" },
				"west": { "uv": [ 8.75, 11.5, 9.25, 11.625 ], "texture": "#voxels_atlas" },
				"east": { "uv": [ 9.25, 11.375, 8.75, 11.5 ], "texture": "#voxels_atlas" }
			}
		},
		{
			"__comment": "Voxels",
			"from": [ 2, 8.5, 6.5 ],
			"to": [ 12.5, 10, 7 ],
			"faces": {
				"down": { "uv": [ 5, 14.75, 7.625, 14.875 ], "texture": "#voxels_atlas" },
				"up": { "uv": [ 5, 15.25, 7.625, 15.125 ], "texture": "#voxels_atlas" },
				"north": { "uv": [ 2.625, 9.5, 0, 9.875 ], "texture": "#voxels_atlas" },
				"south": { "uv": [ 0, 9.875, 2.625, 10.25 ], "texture": "#voxels_atlas" },
				"west": { "uv": [ 9.375, 9, 9.5, 9.375 ], "texture": "#voxels_atlas" },
				"east": { "uv": [ 9.625, 9.375, 9.5, 9.75 ], "texture": "#voxels_atlas" }
			}
		},
		{
			"__comment": "Voxels",
			"from": [ 2, 8.5, 9 ],
			"to": [ 12.5, 10, 9.5 ],
			"faces": {
				"down": { "uv": [ 5, 14.875, 7.625, 15 ], "texture": "#voxels_atlas" },
				"up": { "uv": [ 5, 15.125, 7.625, 15 ], "texture": "#voxels_atlas" },
				"north": { "uv": [ 2.625, 10.25, 0, 10.625 ], "texture": "#voxels_atlas" },
				"south": { "uv": [ 0, 10.625, 2.625, 11 ], "texture": "#voxels_atlas" },
				"west": { "uv": [ 9.625, 12.75, 9.75, 13.125 ], "texture": "#voxels_atlas" },
				"east": { "uv": [ 9.5, 9.375, 9.375, 9.75 ], "texture": "#voxels_atlas" }
			}
		},
		{
			"__comment": "Voxels",
			"from": [ 2, 11, 7 ],
			"to": [ 3.5, 12, 7.5 ],
			"faces": {
				"up": { "uv": [ 12.25, 14.375, 12.625, 14.25 ], "texture": "#voxels_atlas" },
				"north": { "uv": [ 8.75, 12, 8.375, 12.25 ], "texture": "#voxels_atlas" },
				"west": { "uv": [ 9.75, 8.5, 9.875, 8.75 ], "texture": "#voxels_atlas" },
				"east": { "uv": [ 9.875, 8.25, 9.75, 8.5 ], "texture": "#voxels_atlas" }
			}
		},
		{
			"__comment": "Voxels",
			"from": [ 2, 11, 8.5 ],
			"to": [ 3.5, 12, 9 ],
			"faces": {
				"up": { "uv": [ 11.5, 14.375, 11.875, 14.25 ], "texture": "#voxels_atlas" },
				"south": { "uv": [ 8.375, 12.75, 8.75, 13 ], "texture": "#voxels_atlas" },
				"west": { "uv": [ 9.75, 8, 9.875, 8.25 ], "texture": "#voxels_atlas" },
				"east": { "uv": [ 10, 13.625, 9.875, 13.875 ], "texture": "#voxels_atlas" }
			}
		},
		{
			"__comment": "Voxels",
			"from": [ 2, 12, 7.5 ],
			"to": [ 4, 13, 8.5 ],
			"faces": {
				"down": { "uv": [ 11.75, 14.875, 12.25, 15.125 ], "texture": "#voxels_atlas" },
				"up": { "uv": [ 12.25, 15.125, 12.75, 14.875 ], "texture": "#voxels_atlas" },
				"north": { "uv": [ 13.25, 14.875, 12.75, 15.125 ], "texture": "#voxels_atlas" },
				"south": { "uv": [ 13.25, 14.875, 13.75, 15.125 ], "texture": "#voxels_atlas" },
				"west": { "uv": [ 8.375, 10.25, 8.625, 10.5 ], "texture": "#voxels_atlas" },
				"east": { "uv": [ 8.625, 10, 8.375, 10.25 ], "texture": "#voxels_atlas" }
			}
		},
		{
			"__comment": "Voxels",
			"from": [ 2, 18, 7.5 ],
			"to": [ 3.5, 20.5, 8.5 ],
			"faces": {
				"down": { "uv": [ 8.375, 13.25, 8.75, 13.5 ], "texture": "#voxels_atlas", "cullface": "up" },
				"up": { "uv": [ 8.375, 13.75, 8.75, 13.5 ], "texture": "#voxels_atlas", "cullface": "up" },
				"north": { "uv": [ 3.875, 8.125, 3.5, 8.75 ], "texture": "#voxels_atlas", "cullface": "up" },
				"south": { "uv": [ 3.875, 8.125, 4.25, 8.75 ], "texture": "#voxels_atlas", "cullface": "up" },
				"west": { "uv": [ 4.75, 8.125, 5, 8.75 ], "texture": "#voxels_atlas", "cullface": "up" },
				"east": { "uv": [ 4.75, 8.125, 4.5, 8.75 ], "texture": "#voxels_atlas", "cullface": "up" }
			}
		},
		{
			"__comment": "Voxels",
			"from": [ 2, 18.5, 7 ],
			"to": [ 3.5, 20, 7.5 ],
			"faces": {
				"down": { "uv": [ 11.125, 14.25, 11.5, 14.375 ], "texture": "#voxels_atlas", "cullface": "up" },
				"up": { "uv": [ 15.375, 14.5, 15.75, 14.375 ], "texture": "#voxels_atlas", "cullface": "up" },
				"north": { "uv": [ 8.75, 15.125, 8.375, 15.5 ], "texture": "#voxels_atlas", "cullface": "up" },
				"west": { "uv": [ 9.5, 9.75, 9.625, 10.125 ], "texture": "#voxels_atlas", "cullface": "up" },
				"east": { "uv": [ 9.375, 8.625, 9.25, 9 ], "texture": "#voxels_atlas", "cullface": "up" }
			}
		},
		{
			"__comment": "Voxels",
			"from": [ 2, 18.5, 8.5 ],
			"to": [ 3.5, 20, 9 ],
			"faces": {
				"down": { "uv": [ 14.25, 14.375, 14.625, 14.5 ], "texture": "#voxels_atlas", "cullface": "up" },
				"up": { "uv": [ 13.875, 14.5, 14.25, 14.375 ], "texture": "#voxels_atlas", "cullface": "up" },
				"south": { "uv": [ 8.375, 14.375, 8.75, 14.75 ], "texture": "#voxels_atlas", "cullface": "up" },
				"west": { "uv": [ 9.625, 11.25, 9.75, 11.625 ], "texture": "#voxels_atlas", "cullface": "up" },
				"east": { "uv": [ 9.75, 11.625, 9.625, 12 ], "texture": "#voxels_atlas", "cullface": "up" }
			}
		},
		{
			"__comment": "Voxels",
			"from": [ 2.5, 7.5, 7 ],
			"to": [ 11.5, 8, 9 ],
			"faces": {
				"down": { "uv": [ 0, 11.5, 2.25, 12 ], "texture": "#voxels_atlas" },
				"north": { "uv": [ 7.25, 14.5, 5, 14.625 ], "texture": "#voxels_atlas" },
				"south": { "uv": [ 5, 14.625, 7.25, 14.75 ], "texture": "#voxels_atlas" },
				"west": { "uv": [ 8.75, 11.25, 9.25, 11.375 ], "texture": "#voxels_atlas" },
				"east": { "uv": [ 9.25, 11.125, 8.75, 11.25 ], "texture": "#voxels_atlas" }
			}
		},
		{
			"__comment": "Voxels",
			"from": [ 2.5, 8, 6.5 ],
			"to": [ 11.5, 8.5, 7 ],
			"faces": {
				"down": { "uv": [ 5, 14, 7.25, 14.125 ], "texture": "#voxels_atlas" },
				"north": { "uv": [ 7.25, 14.25, 5, 14.375 ], "texture": "#voxels_atlas" },
				"west": { "uv": [ 13.875, 13.75, 14, 13.875 ], "texture": "#voxels_atlas" },
				"east": { "uv": [ 10.25, 12.625, 10.125, 12.75 ], "texture": "#voxels_atlas" }
			}
		},
		{
			"__comment": "Voxels",
			"from": [ 2.5, 8, 9 ],
			"to": [ 11.5, 8.5, 9.5 ],
			"faces": {
				"down": { "uv": [ 5, 13.5, 7.25, 13.625 ], "texture": "#voxels_atlas" },
				"south": { "uv": [ 5, 13.875, 7.25, 14 ], "texture": "#voxels_atlas" },
				"west": { "uv": [ 10.125, 13.25, 10.25, 13.375 ], "texture": "#voxels_atlas" },
				"east": { "uv": [ 10.25, 13.375, 10.125, 13.5 ], "texture": "#voxels_atlas" }
			}
		},
		{
			"__comment": "Voxels",
			"from": [ 2.5, 12, 7 ],
			"to": [ 3.5, 13, 7.5 ],
			"faces": {
				"up": { "uv": [ 12.375, 14, 12.625, 13.875 ], "texture": "#voxels_atlas" },
				"north": { "uv": [ 8.625, 10.5, 8.375, 10.75 ], "texture": "#voxels_atlas" },
				"west": { "uv": [ 9.875, 13.375, 10, 13.625 ], "texture": "#voxels_atlas" },
				"east": { "uv": [ 10, 13.125, 9.875, 13.375 ], "texture": "#voxels_atlas" }
			}
		},
		{
			"__comment": "Voxels",
			"from": [ 2.5, 12, 8.5 ],
			"to": [ 3.5, 13, 9 ],
			"faces": {
				"up": { "uv": [ 14.875, 14, 15.125, 13.875 ], "texture": "#voxels_atlas" },
				"south": { "uv": [ 8.375, 8.25, 8.625, 8.5 ], "texture": "#voxels_atlas" },
				"west": { "uv": [ 9.875, 10.375, 10, 10.625 ], "texture": "#voxels_atlas" },
				"east": { "uv": [ 10, 10.125, 9.875, 10.375 ], "texture": "#voxels_atlas" }
			}
		},
		{
			"__comment": "Voxels",
			"from": [ 2.5, 13, 7.5 ],
			"to": [ 4.5, 14, 8.5 ],
			"faces": {
				"down": { "uv": [ 8.75, 14.625, 9.25, 14.875 ], "texture": "#voxels_atlas" },
				"up": { "uv": [ 8.75, 13.625, 9.25, 13.375 ], "texture": "#voxels_atlas" },
				"north": { "uv": [ 9.25, 13.125, 8.75, 13.375 ], "texture": "#voxels_atlas" },
				"south": { "uv": [ 4.5, 9, 5, 9.25 ], "texture": "#voxels_atlas" },
				"west": { "uv": [ 8.375, 8, 8.625, 8.25 ], "texture": "#voxels_atlas" },
				"east": { "uv": [ 16, 15.125, 15.75, 15.375 ], "texture": "#voxels_atlas" }
			}
		},
		{
			"__comment": "Voxels",
			"from": [ 2.5, 20, 7 ],
			"to": [ 3.5, 20.5, 7.5 ],
			"faces": {
				"up": { "uv": [ 10, 13.875, 10.25, 13.75 ], "texture": "#voxels_atlas", "cullface": "up" },
				"north": { "uv": [ 10.5, 13.75, 10.25, 13.875 ], "texture": "#voxels_atlas", "cullface": "up" },
				"west": { "uv": [ 10.125, 13.5, 10.25, 13.625 ], "texture": "#voxels_atlas", "cullface": "up" },
				"east": { "uv": [ 10.25, 13.625, 10.125, 13.75 ], "texture": "#voxels_atlas", "cullface": "up" }
			}
		},
		{
			"__comment": "Voxels",
			"from": [ 2.5, 20, 8.5 ],
			"to": [ 3.5, 20.5, 9 ],
			"faces": {
				"up": { "uv": [ 12.5, 13.875, 12.75, 13.75 ], "texture": "#voxels_atlas", "cullface": "up" },
				"south": { "uv": [ 4.5, 8, 4.75, 8.125 ], "texture": "#voxels_atlas", "cullface": "up" },
				"west": { "uv": [ 10, 8.5, 10.125, 8.625 ], "texture": "#voxels_atlas", "cullface": "up" },
				"east": { "uv": [ 10.125, 8.625, 10, 8.75 ], "texture": "#voxels_atlas", "cullface": "up" }
			}
		},
		{
			"__comment": "Voxels",
			"from": [ 3, 13, 7 ],
			"to": [ 4, 14, 7.5 ],
			"faces": {
				"down": { "uv": [ 4.75, 8, 5, 8.125 ], "texture": "#voxels_atlas" },
				"up": { "uv": [ 7.875, 15.5, 8.125, 15.375 ], "texture": "#voxels_atlas" },
				"north": { "uv": [ 16, 14.875, 15.75, 15.125 ], "texture": "#voxels_atlas" },
				"west": { "uv": [ 15.875, 15.5, 16, 15.75 ], "texture": "#voxels_atlas" },
				"east": { "uv": [ 8.75, 10.5, 8.625, 10.75 ], "texture": "#voxels_atlas" }
			}
		},
		{
			"__comment": "Voxels",
			"from": [ 3, 13, 8.5 ],
			"to": [ 4, 14, 9 ],
			"faces": {
				"down": { "uv": [ 15.5, 14.875, 15.75, 15 ], "texture": "#voxels_atlas" },
				"up": { "uv": [ 8.75, 8.125, 9, 8 ], "texture": "#voxels_atlas" },
				"south": { "uv": [ 8.75, 9.125, 9, 9.375 ], "texture": "#voxels_atlas" },
				"west": { "uv": [ 8.625, 10.25, 8.75, 10.5 ], "texture": "#voxels_atlas" },
				"east": { "uv": [ 8.75, 10, 8.625, 10.25 ], "texture": "#voxels_atlas" }
			}
		},
		{
			"__comment": "Voxels",
			"from": [ 3, 14, 7.5 ],
			"to": [ 5, 15, 8.5 ],
			"faces": {
				"down": { "uv": [ 10.25, 15.125, 10.75, 15.375 ], "texture": "#voxels_atlas" },
				"up": { "uv": [ 10.75, 15.375, 11.25, 15.125 ], "texture": "#voxels_atlas" },
				"north": { "uv": [ 11.75, 15.125, 11.25, 15.375 ], "texture": "#voxels_atlas" },
				"south": { "uv": [ 11.75, 15.125, 12.25, 15.375 ], "texture": "#voxels_atlas" },
				"west": { "uv": [ 9, 9.125, 9.25, 9.375 ], "texture": "#voxels_atlas" },
				"east": { "uv": [ 9, 8.125, 8.75, 8.375 ], "texture": "#voxels_atlas" }
			}
		},
		{
			"__comment": "Voxels",
			"from": [ 3.5, 7, 7 ],
			"to": [ 11, 7.5, 9 ],
			"faces": {
				"down": { "uv": [ 0, 9, 1.875, 9.5 ], "texture": "#voxels_atlas" },
				"north": { "uv": [ 6.875, 10.75, 5, 10.875 ], "texture": "#voxels_atlas" },
				"south": { "uv": [ 5, 10.875, 6.875, 11 ], "texture": "#voxels_atlas" },
				"west": { "uv": [ 9.25, 14.5, 9.75, 14.625 ], "texture": "#voxels_atlas" },
				"east": { "uv": [ 10.75, 14.5, 10.25, 14.625 ], "texture": "#voxels_atlas" }
			}
		},
		{
			"__comment": "Voxels",
			"from": [ 3.5, 7.5, 6.5 ],
			"to": [ 11, 8, 7 ],
			"faces": {
				"down": { "uv": [ 5, 11, 6.875, 11.125 ], "texture": "#voxels_atlas" },
				"north": { "uv": [ 6.875, 12.375, 5, 12.5 ], "texture": "#voxels_atlas" },
				"west": { "uv": [ 10, 10.5, 10.125, 10.625 ], "texture": "#voxels_atlas" },
				"east": { "uv": [ 10.125, 10.625, 10, 10.75 ], "texture": "#voxels_atlas" }
			}
		},
		{
			"__comment": "Voxels",
			"from": [ 3.5, 7.5, 9 ],
			"to": [ 11, 8, 9.5 ],
			"faces": {
				"down": { "uv": [ 5, 10.375, 6.875, 10.5 ], "texture": "#voxels_atlas" },
				"south": { "uv": [ 5, 12, 6.875, 12.125 ], "texture": "#voxels_atlas" },
				"west": { "uv": [ 10, 11, 10.125, 11.125 ], "texture": "#voxels_atlas" },
				"east": { "uv": [ 10.125, 11.125, 10, 11.25 ], "texture": "#voxels_atlas" }
			}
		},
		{
			"__comment": "Voxels",
			"from": [ 3.5, 11.5, 7.5 ],
			"to": [ 4, 12, 8.5 ],
			"faces": {
				"down": { "uv": [ 8.625, 9.75, 8.75, 10 ], "texture": "#voxels_atlas" },
				"north": { "uv": [ 10.125, 11.25, 10, 11.375 ], "texture": "#voxels_atlas" },
				"south": { "uv": [ 10, 11.375, 10.125, 11.5 ], "texture": "#voxels_atlas" },
				"east": { "uv": [ 9.625, 8, 9.375, 8.125 ], "texture": "#voxels_atlas" }
			}
		},
		{
			"__comment": "Voxels",
			"from": [ 3.5, 12.5, 7 ],
			"to": [ 4, 13, 7.5 ],
			"faces": {
				"down": { "uv": [ 10, 12.25, 10.125, 12.375 ], "texture": "#voxels_atlas" },
				"north": { "uv": [ 10.125, 12.5, 10, 12.625 ], "texture": "#voxels_atlas" },
				"east": { "uv": [ 15.375, 13.75, 15.25, 13.875 ], "texture": "#voxels_atlas" }
			}
		},
		{
			"__comment": "Voxels",
			"from": [ 3.5, 12.5, 8.5 ],
			"to": [ 4, 13, 9 ],
			"faces": {
				"down": { "uv": [ 15.125, 13.75, 15.25, 13.875 ], "texture": "#voxels_atlas" },
				"south": { "uv": [ 14.5, 13.75, 14.625, 13.875 ], "texture": "#voxels_atlas" },
				"east": { "uv": [ 14.375, 13.75, 14.25, 13.875 ], "texture": "#voxels_atlas" }
			}
		},
		{
			"__comment": "Voxels",
			"from": [ 3.5, 14, 7 ],
			"to": [ 4.5, 15, 7.5 ],
			"faces": {
				"down": { "uv": [ 15.75, 14.375, 16, 14.5 ], "texture": "#voxels_atlas" },
				"up": { "uv": [ 15.25, 14.375, 15.5, 14.25 ], "texture": "#voxels_atlas" },
				"north": { "uv": [ 9.625, 14, 9.375, 14.25 ], "texture": "#voxels_atlas" },
				"west": { "uv": [ 8.625, 9.25, 8.75, 9.5 ], "texture": "#voxels_atlas" },
				"east": { "uv": [ 8.75, 9, 8.625, 9.25 ], "texture": "#voxels_atlas" }
			}
		},
		{
			"__comment": "Voxels",
			"from": [ 3.5, 14, 8.5 ],
			"to": [ 4.5, 15, 9 ],
			"faces": {
				"down": { "uv": [ 9.75, 14.125, 10, 14.25 ], "texture": "#voxels_atlas" },
				"up": { "uv": [ 10, 14.25, 10.25, 14.125 ], "texture": "#voxels_atlas" },
				"south": { "uv": [ 9.375, 12.75, 9.625, 13 ], "texture": "#voxels_atlas" },
				"west": { "uv": [ 8.625, 8.75, 8.75, 9 ], "texture": "#voxels_atlas" },
				"east": { "uv": [ 8.75, 8.5, 8.625, 8.75 ], "texture": "#voxels_atlas" }
			}
		},
		{
			"__comment": "Voxels",
			"from": [ 3.5, 15, 7.5 ],
			"to": [ 5.5, 16, 8.5 ],
			"faces": {
				"down": { "uv": [ 13.75, 14.875, 14.25, 15.125 ], "texture": "#voxels_atlas" },
				"up": { "uv": [ 14.25, 15.125, 14.75, 14.875 ], "texture": "#voxels_atlas", "cullface": "up" },
				"north": { "uv": [ 10.75, 14.875, 10.25, 15.125 ], "texture": "#voxels_atlas" },
				"south": { "uv": [ 8.75, 15.125, 9.25, 15.375 ], "texture": "#voxels_atlas" },
				"west": { "uv": [ 9.375, 12.5, 9.625, 12.75 ], "texture": "#voxels_atlas" },
				"east": { "uv": [ 9.625, 12.25, 9.375, 12.5 ], "texture": "#voxels_atlas" }
			}
		},
		{
			"__comment": "Voxels",
			"from": [ 3.5, 18.5, 7.5 ],
			"to": [ 6, 19, 8.5 ],
			"faces": {
				"down": { "uv": [ 2.625, 10, 3.25, 10.25 ], "texture": "#voxels_atlas", "cullface": "up" },
				"up": { "uv": [ 2.625, 9.875, 3.25, 9.625 ], "texture": "#voxels_atlas", "cullface": "up" },
				"north": { "uv": [ 14.75, 14.625, 14.125, 14.75 ], "texture": "#voxels_atlas", "cullface": "up" },
				"south": { "uv": [ 2.625, 9.875, 3.25, 10 ], "texture": "#voxels_atlas", "cullface": "up" },
				"east": { "uv": [ 11.25, 14.125, 11, 14.25 ], "texture": "#voxels_atlas", "cullface": "up" }
			}
		},
		{
			"__comment": "Voxels",
			"from": [ 3.5, 19, 7 ],
			"to": [ 5, 19.5, 9 ],
			"faces": {
				"down": { "uv": [ 2.875, 12.5, 3.25, 13 ], "texture": "#voxels_atlas", "cullface": "up" },
				"up": { "uv": [ 2.875, 12.5, 3.25, 12 ], "texture": "#voxels_atlas", "cullface": "up" },
				"north": { "uv": [ 13.5, 14.375, 13.125, 14.5 ], "texture": "#voxels_atlas", "cullface": "up" },
				"south": { "uv": [ 14.625, 14.375, 15, 14.5 ], "texture": "#voxels_atlas", "cullface": "up" },
				"west": { "uv": [ 10.75, 14.5, 11.25, 14.625 ], "texture": "#voxels_atlas", "cullface": "up" },
				"east": { "uv": [ 13.75, 14.5, 13.25, 14.625 ], "texture": "#voxels_atlas", "cullface": "up" }
			}
		},
		{
			"__comment": "Voxels",
			"from": [ 3.5, 19.5, 7 ],
			"to": [ 4.5, 20, 9 ],
			"faces": {
				"up": { "uv": [ 4.75, 14.5, 5, 14 ], "texture": "#voxels_atlas", "cullface": "up" },
				"north": { "uv": [ 11.5, 14.125, 11.25, 14.25 ], "texture": "#voxels_atlas", "cullface": "up" },
				"south": { "uv": [ 11.5, 14.125, 11.75, 14.25 ], "texture": "#voxels_atlas", "cullface": "up" },
				"west": { "uv": [ 13.75, 14.5, 14.25, 14.625 ], "texture": "#voxels_atlas", "cullface": "up" },
				"east": { "uv": [ 11.625, 14.375, 11.125, 14.5 ], "texture": "#voxels_atlas", "cullface": "up" }
			}
		},
		{
			"__comment": "Voxels",
			"from": [ 3.5, 20, 7.5 ],
			"to": [ 4.5, 20.5, 8.5 ],
			"faces": {
				"up": { "uv": [ 9.375, 12, 9.625, 11.75 ], "texture": "#voxels_atlas", "cullface": "up" },
				"north": { "uv": [ 12, 14.125, 11.75, 14.25 ], "texture": "#voxels_atlas", "cullface": "up" },
				"south": { "uv": [ 12.5, 14.125, 12.75, 14.25 ], "texture": "#voxels_atlas", "cullface": "up" },
				"east": { "uv": [ 13.25, 14.125, 13, 14.25 ], "texture": "#voxels_atlas", "cullface": "up" }
			}
		},
		{
			"__comment": "Voxels",
			"from": [ 4, 8, 6 ],
			"to": [ 11, 10, 6.5 ],
			"faces": {
				"down": { "uv": [ 5, 9.75, 6.75, 9.875 ], "texture": "#voxels_atlas" },
				"up": { "uv": [ 5, 10.25, 6.75, 10.125 ], "texture": "#voxels_atlas" },
				"north": { "uv": [ 5, 15.5, 3.25, 16 ], "texture": "#voxels_atlas" },
				"south": { "uv": [ 3.25, 14.5, 5, 15 ], "texture": "#voxels_atlas" },
				"west": { "uv": [ 9.25, 10, 9.375, 10.5 ], "texture": "#voxels_atlas" },
				"east": { "uv": [ 9.375, 9.5, 9.25, 10 ], "texture": "#voxels_atlas" }
			}
		},
		{
			"__comment": "Voxels",
			"from": [ 4, 8, 9.5 ],
			"to": [ 11, 10, 10 ],
			"faces": {
				"down": { "uv": [ 5, 9.5, 6.75, 9.625 ], "texture": "#voxels_atlas" },
				"up": { "uv": [ 5, 9.75, 6.75, 9.625 ], "texture": "#voxels_atlas" },
				"north": { "uv": [ 5, 15, 3.25, 15.5 ], "texture": "#voxels_atlas" },
				"south": { "uv": [ 0, 8, 1.75, 8.5 ], "texture": "#voxels_atlas" },
				"west": { "uv": [ 3.125, 14.5, 3.25, 15 ], "texture": "#voxels_atlas" },
				"east": { "uv": [ 3.25, 14, 3.125, 14.5 ], "texture": "#voxels_atlas" }
			}
		},
		{
			"__comment": "Voxels",
			"from": [ 4, 10, 6.5 ],
			"to": [ 12.5, 10.5, 7 ],
			"faces": {
				"up": { "uv": [ 5, 13.5, 7.125, 13.375 ], "texture": "#voxels_atlas" },
				"north": { "uv": [ 7.125, 13.125, 5, 13.25 ], "texture": "#voxels_atlas" },
				"west": { "uv": [ 13.75, 13.75, 13.875, 13.875 ], "texture": "#voxels_atlas" },
				"east": { "uv": [ 13.75, 13.75, 13.625, 13.875 ], "texture": "#voxels_atlas" }
			}
		},
		{
			"__comment": "Voxels",
			"from": [ 4, 10, 9 ],
			"to": [ 12.5, 10.5, 9.5 ],
			"faces": {
				"up": { "uv": [ 5, 12.75, 7.125, 12.625 ], "texture": "#voxels_atlas" },
				"south": { "uv": [ 5, 12.875, 7.125, 13 ], "texture": "#voxels_atlas" },
				"west": { "uv": [ 13.5, 13.75, 13.625, 13.875 ], "texture": "#voxels_atlas" },
				"east": { "uv": [ 10, 8, 9.875, 8.125 ], "texture": "#voxels_atlas" }
			}
		},
		{
			"__comment": "Voxels",
			"from": [ 4, 12.5, 7.5 ],
			"to": [ 4.5, 13, 8.5 ],
			"faces": {
				"down": { "uv": [ 9.625, 9.25, 9.75, 9.5 ], "texture": "#voxels_atlas" },
				"north": { "uv": [ 16, 13.875, 15.875, 14 ], "texture": "#voxels_atlas" },
				"south": { "uv": [ 8, 8.25, 8.125, 8.375 ], "texture": "#voxels_atlas" },
				"east": { "uv": [ 14.25, 14.125, 14, 14.25 ], "texture": "#voxels_atlas" }
			}
		},
		{
			"__comment": "Voxels",
			"from": [ 4, 13.5, 7 ],
			"to": [ 4.5, 14, 7.5 ],
			"faces": {
				"down": { "uv": [ 8, 8.375, 8.125, 8.5 ], "texture": "#voxels_atlas" },
				"north": { "uv": [ 6.625, 8.375, 6.5, 8.5 ], "texture": "#voxels_atlas" },
				"east": { "uv": [ 8.125, 13.75, 8, 13.875 ], "texture": "#voxels_atlas" }
			}
		},
		{
			"__comment": "Voxels",
			"from": [ 4, 13.5, 8.5 ],
			"to": [ 4.5, 14, 9 ],
			"faces": {
				"down": { "uv": [ 8, 13.875, 8.125, 14 ], "texture": "#voxels_atlas" },
				"south": { "uv": [ 10.25, 9.375, 10.375, 9.5 ], "texture": "#voxels_atlas" },
				"east": { "uv": [ 10.375, 10.125, 10.25, 10.25 ], "texture": "#voxels_atlas" }
			}
		},
		{
			"__comment": "Voxels",
			"from": [ 4, 15, 7 ],
			"to": [ 5, 16, 7.5 ],
			"faces": {
				"down": { "uv": [ 14.25, 14.125, 14.5, 14.25 ], "texture": "#voxels_atlas" },
				"up": { "uv": [ 14.5, 14.25, 14.75, 14.125 ], "texture": "#voxels_atlas", "cullface": "up" },
				"north": { "uv": [ 8.625, 9.5, 8.375, 9.75 ], "texture": "#voxels_atlas" },
				"west": { "uv": [ 9.625, 8.75, 9.75, 9 ], "texture": "#voxels_atlas" },
				"east": { "uv": [ 9.75, 8.5, 9.625, 8.75 ], "texture": "#voxels_atlas" }
			}
		},
		{
			"__comment": "Voxels",
			"from": [ 4, 15, 8.5 ],
			"to": [ 5, 16, 9 ],
			"faces": {
				"down": { "uv": [ 14.75, 14.125, 15, 14.25 ], "texture": "#voxels_atlas" },
				"up": { "uv": [ 15, 14.25, 15.25, 14.125 ], "texture": "#voxels_atlas", "cullface": "up" },
				"south": { "uv": [ 8.375, 8.75, 8.625, 9 ], "texture": "#voxels_atlas" },
				"west": { "uv": [ 9.625, 8.25, 9.75, 8.5 ], "texture": "#voxels_atlas" },
				"east": { "uv": [ 9.75, 8, 9.625, 8.25 ], "texture": "#voxels_atlas" }
			}
		},
		{
			"__comment": "Voxels",
			"from": [ 4, 16, 7.5 ],
			"to": [ 6, 17.5, 8.5 ],
			"faces": {
				"down": { "uv": [ 4.5, 8.75, 5, 9 ], "texture": "#voxels_atlas", "cullface": "up" },
				"up": { "uv": [ 15.375, 15.75, 15.875, 15.5 ], "texture": "#voxels_atlas", "cullface": "up" },
				"north": { "uv": [ 3.125, 10.625, 2.625, 11 ], "texture": "#voxels_atlas", "cullface": "up" },
				"south": { "uv": [ 2.625, 10.25, 3.125, 10.625 ], "texture": "#voxels_atlas", "cullface": "up" },
				"west": { "uv": [ 4.75, 11.5, 5, 11.875 ], "texture": "#voxels_atlas", "cullface": "up" },
				"east": { "uv": [ 5, 12.25, 4.75, 12.625 ], "texture": "#voxels_atlas", "cullface": "up" }
			}
		},
		{
			"__comment": "Voxels",
			"from": [ 4, 18, 7.5 ],
			"to": [ 6, 18.5, 8.5 ],
			"faces": {
				"down": { "uv": [ 9.25, 15.125, 9.75, 15.375 ], "texture": "#voxels_atlas", "cullface": "up" },
				"north": { "uv": [ 9.25, 8.5, 8.75, 8.625 ], "texture": "#voxels_atlas", "cullface": "up" },
				"south": { "uv": [ 8.75, 8.375, 9.25, 8.5 ], "texture": "#voxels_atlas", "cullface": "up" },
				"west": { "uv": [ 15.25, 14.125, 15.5, 14.25 ], "texture": "#voxels_atlas", "cullface": "up" },
				"east": { "uv": [ 15.75, 14.125, 15.5, 14.25 ], "texture": "#voxels_atlas", "cullface": "up" }
			}
		},
		{
			"__comment": "Voxels",
			"from": [ 4, 18.5, 7 ],
			"to": [ 5.5, 19, 7.5 ],
			"faces": {
				"down": { "uv": [ 13, 14.25, 13.375, 14.375 ], "texture": "#voxels_atlas", "cullface": "up" },
				"up": { "uv": [ 13.375, 14.375, 13.75, 14.25 ], "texture": "#voxels_atlas", "cullface": "up" },
				"north": { "uv": [ 14.125, 14.25, 13.75, 14.375 ], "texture": "#voxels_atlas", "cullface": "up" },
				"west": { "uv": [ 10.25, 10.25, 10.375, 10.375 ], "texture": "#voxels_atlas", "cullface": "up" },
				"east": { "uv": [ 10.375, 10.625, 10.25, 10.75 ], "texture": "#voxels_atlas", "cullface": "up" }
			}
		},
		{
			"__comment": "Voxels",
			"from": [ 4, 18.5, 8.5 ],
			"to": [ 5.5, 19, 9 ],
			"faces": {
				"down": { "uv": [ 14.5, 14.25, 14.875, 14.375 ], "texture": "#voxels_atlas", "cullface": "up" },
				"up": { "uv": [ 14.875, 14.375, 15.25, 14.25 ], "texture": "#voxels_atlas", "cullface": "up" },
				"south": { "uv": [ 3.875, 8, 4.25, 8.125 ], "texture": "#voxels_atlas", "cullface": "up" },
				"west": { "uv": [ 10.25, 10.75, 10.375, 10.875 ], "texture": "#voxels_atlas", "cullface": "up" },
				"east": { "uv": [ 10.375, 11.125, 10.25, 11.25 ], "texture": "#voxels_atlas", "cullface": "up" }
			}
		},
		{
			"__comment": "Voxels",
			"from": [ 4.5, 7, 6.5 ],
			"to": [ 10, 7.5, 7 ],
			"faces": {
				"down": { "uv": [ 6.75, 10, 8.125, 10.125 ], "texture": "#voxels_atlas" },
				"north": { "uv": [ 8, 8.875, 6.625, 9 ], "texture": "#voxels_atlas" },
				"west": { "uv": [ 10.25, 11.25, 10.375, 11.375 ], "texture": "#voxels_atlas" },
				"east": { "uv": [ 10.375, 11.375, 10.25, 11.5 ], "texture": "#voxels_atlas" }
			}
		},
		{
			"__comment": "Voxels",
			"from": [ 4.5, 7, 9 ],
			"to": [ 10, 7.5, 9.5 ],
			"faces": {
				"down": { "uv": [ 6.75, 9.625, 8.125, 9.75 ], "texture": "#voxels_atlas" },
				"south": { "uv": [ 6.625, 8.25, 8, 8.375 ], "texture": "#voxels_atlas" },
				"west": { "uv": [ 10.25, 11.5, 10.375, 11.625 ], "texture": "#voxels_atlas" },
				"east": { "uv": [ 10.375, 12.375, 10.25, 12.5 ], "texture": "#voxels_atlas" }
			}
		},
		{
			"__comment": "Voxels",
			"from": [ 4.5, 10, 6 ],
			"to": [ 12, 10.5, 6.5 ],
			"faces": {
				"down": { "uv": [ 5, 11.875, 6.875, 12 ], "texture": "#voxels_atlas" },
				"up": { "uv": [ 5, 11.875, 6.875, 11.75 ], "texture": "#voxels_atlas" },
				"north": { "uv": [ 6.875, 11.625, 5, 11.75 ], "texture": "#voxels_atlas" },
				"west": { "uv": [ 10.25, 12.5, 10.375, 12.625 ], "texture": "#voxels_atlas" },
				"east": { "uv": [ 10.375, 13.125, 10.25, 13.25 ], "texture": "#voxels_atlas" }
			}
		},
		{
			"__comment": "Voxels",
			"from": [ 4.5, 10, 9.5 ],
			"to": [ 12, 10.5, 10 ],
			"faces": {
				"down": { "uv": [ 5, 11.5, 6.875, 11.625 ], "texture": "#voxels_atlas" },
				"up": { "uv": [ 5, 11.5, 6.875, 11.375 ], "texture": "#voxels_atlas" },
				"south": { "uv": [ 5, 11.125, 6.875, 11.25 ], "texture": "#voxels_atlas" },
				"west": { "uv": [ 10.25, 13.25, 10.375, 13.375 ], "texture": "#voxels_atlas" },
				"east": { "uv": [ 16, 13.625, 15.875, 13.75 ], "texture": "#voxels_atlas" }
			}
		},
		{
			"__comment": "Voxels",
			"from": [ 4.5, 10.5, 6.5 ],
			"to": [ 11.5, 11, 7.5 ],
			"faces": {
				"down": { "uv": [ 3.25, 11, 5, 11.25 ], "texture": "#voxels_atlas" },
				"up": { "uv": [ 3.25, 11.5, 5, 11.25 ], "texture": "#voxels_atlas" },
				"north": { "uv": [ 6.75, 9.875, 5, 10 ], "texture": "#voxels_atlas" },
				"south": { "uv": [ 5, 10, 6.75, 10.125 ], "texture": "#voxels_atlas" },
				"west": { "uv": [ 15.75, 14.125, 16, 14.25 ], "texture": "#voxels_atlas" },
				"east": { "uv": [ 10, 14, 9.75, 14.125 ], "texture": "#voxels_atlas" }
			}
		},
		{
			"__comment": "Voxels",
			"from": [ 4.5, 10.5, 7.5 ],
			"to": [ 10.5, 11, 9.5 ],
			"faces": {
				"down": { "uv": [ 3.25, 13.5, 4.75, 14 ], "texture": "#voxels_atlas" },
				"up": { "uv": [ 3.25, 14.5, 4.75, 14 ], "texture": "#voxels_atlas" },
				"south": { "uv": [ 5, 8.125, 6.5, 8.25 ], "texture": "#voxels_atlas" },
				"west": { "uv": [ 8.75, 10.875, 9.25, 11 ], "texture": "#voxels_atlas" },
				"east": { "uv": [ 9.25, 10.75, 8.75, 10.875 ], "texture": "#voxels_atlas" }
			}
		},
		{
			"__comment": "Voxels",
			"from": [ 4.5, 13.5, 7.5 ],
			"to": [ 5, 14, 8.5 ],
			"faces": {
				"down": { "uv": [ 9.75, 13.75, 9.875, 14 ], "texture": "#voxels_atlas" },
				"north": { "uv": [ 15.875, 13.625, 15.75, 13.75 ], "texture": "#voxels_atlas" },
				"south": { "uv": [ 15.375, 13.625, 15.5, 13.75 ], "texture": "#voxels_atlas" },
				"east": { "uv": [ 10.5, 14, 10.25, 14.125 ], "texture": "#voxels_atlas" }
			}
		},
		{
			"__comment": "Voxels",
			"from": [ 4.5, 14.5, 7 ],
			"to": [ 5, 15, 7.5 ],
			"faces": {
				"down": { "uv": [ 15.25, 13.625, 15.375, 13.75 ], "texture": "#voxels_atlas" },
				"north": { "uv": [ 14.875, 13.625, 14.75, 13.75 ], "texture": "#voxels_atlas" },
				"east": { "uv": [ 13.5, 13.625, 13.375, 13.75 ], "texture": "#voxels_atlas" }
			}
		},
		{
			"__comment": "Voxels",
			"from": [ 4.5, 14.5, 8.5 ],
			"to": [ 5, 15, 9 ],
			"faces": {
				"down": { "uv": [ 13.25, 13.625, 13.375, 13.75 ], "texture": "#voxels_atlas" },
				"south": { "uv": [ 11.375, 13.625, 11.5, 13.75 ], "texture": "#voxels_atlas" },
				"east": { "uv": [ 10.25, 8.75, 10.125, 8.875 ], "texture": "#voxels_atlas" }
			}
		},
		{
			"__comment": "Voxels",
			"from": [ 4.5, 16, 7 ],
			"to": [ 5.5, 18.5, 7.5 ],
			"faces": {
				"down": { "uv": [ 10.5, 14, 10.75, 14.125 ], "texture": "#voxels_atlas", "cullface": "up" },
				"north": { "uv": [ 8.375, 13.25, 8.125, 13.875 ], "texture": "#voxels_atlas", "cullface": "up" },
				"south": { "uv": [ 8.125, 12.625, 8.375, 13.25 ], "texture": "#voxels_atlas", "cullface": "up" },
				"west": { "uv": [ 8.5, 11.375, 8.625, 12 ], "texture": "#voxels_atlas", "cullface": "up" },
				"east": { "uv": [ 8.75, 11.375, 8.625, 12 ], "texture": "#voxels_atlas", "cullface": "up" }
			}
		},
		{
			"__comment": "Voxels",
			"from": [ 4.5, 16, 8.5 ],
			"to": [ 5.5, 18.5, 9 ],
			"faces": {
				"down": { "uv": [ 11, 14, 11.25, 14.125 ], "texture": "#voxels_atlas", "cullface": "up" },
				"north": { "uv": [ 4.5, 8.125, 4.25, 8.75 ], "texture": "#voxels_atlas", "cullface": "up" },
				"south": { "uv": [ 8.125, 15.125, 8.375, 15.75 ], "texture": "#voxels_atlas", "cullface": "up" },
				"west": { "uv": [ 8.375, 10.75, 8.5, 11.375 ], "texture": "#voxels_atlas", "cullface": "up" },
				"east": { "uv": [ 8.625, 10.75, 8.5, 11.375 ], "texture": "#voxels_atlas", "cullface": "up" }
			}
		},
		{
			"__comment": "Voxels",
			"from": [ 4.5, 17.5, 7.5 ],
			"to": [ 6, 18, 8.5 ],
			"faces": {
				"north": { "uv": [ 15.375, 14.375, 15, 14.5 ], "texture": "#voxels_atlas", "cullface": "up" },
				"south": { "uv": [ 13.5, 14.375, 13.875, 14.5 ], "texture": "#voxels_atlas", "cullface": "up" },
				"west": { "uv": [ 11.5, 14, 11.75, 14.125 ], "texture": "#voxels_atlas", "cullface": "up" },
				"east": { "uv": [ 12, 14, 11.75, 14.125 ], "texture": "#voxels_atlas", "cullface": "up" }
			}
		},
		{
			"__comment": "Voxels",
			"from": [ 4.5, 19.5, 7.5 ],
			"to": [ 5, 20, 8.5 ],
			"faces": {
				"up": { "uv": [ 9.75, 13.25, 9.875, 13 ], "texture": "#voxels_atlas", "cullface": "up" },
				"north": { "uv": [ 10.25, 8.875, 10.125, 9 ], "texture": "#voxels_atlas", "cullface": "up" },
				"south": { "uv": [ 10.125, 10.625, 10.25, 10.75 ], "texture": "#voxels_atlas", "cullface": "up" },
				"east": { "uv": [ 13.5, 14, 13.25, 14.125 ], "texture": "#voxels_atlas", "cullface": "up" }
			}
		},
		{
			"__comment": "Voxels",
			"from": [ 5, 8.5, 5.5 ],
			"to": [ 11, 10, 6 ],
			"faces": {
				"down": { "uv": [ 5, 8.375, 6.5, 8.5 ], "texture": "#voxels_atlas" },
				"up": { "uv": [ 5, 8.375, 6.5, 8.25 ], "texture": "#voxels_atlas" },
				"north": { "uv": [ 4.75, 11.5, 3.25, 11.875 ], "texture": "#voxels_atlas" },
				"west": { "uv": [ 3.125, 10.625, 3.25, 11 ], "texture": "#voxels_atlas" },
				"east": { "uv": [ 3.25, 10.25, 3.125, 10.625 ], "texture": "#voxels_atlas" }
			}
		},
		{
			"__comment": "Voxels",
			"from": [ 5, 8.5, 10 ],
			"to": [ 11, 10, 10.5 ],
			"faces": {
				"down": { "uv": [ 6.625, 9.375, 8.125, 9.5 ], "texture": "#voxels_atlas" },
				"up": { "uv": [ 6.625, 9.375, 8.125, 9.25 ], "texture": "#voxels_atlas" },
				"south": { "uv": [ 3.25, 12.625, 4.75, 13 ], "texture": "#voxels_atlas" },
				"west": { "uv": [ 9.625, 12.375, 9.75, 12.75 ], "texture": "#voxels_atlas" },
				"east": { "uv": [ 9.75, 12, 9.625, 12.375 ], "texture": "#voxels_atlas" }
			}
		},
		{
			"__comment": "Voxels",
			"from": [ 5, 10.5, 6 ],
			"to": [ 11.5, 11, 6.5 ],
			"faces": {
				"up": { "uv": [ 5, 9, 6.625, 8.875 ], "texture": "#voxels_atlas" },
				"north": { "uv": [ 6.625, 9.125, 5, 9.25 ], "texture": "#voxels_atlas" },
				"west": { "uv": [ 8, 8.625, 8.125, 8.75 ], "texture": "#voxels_atlas" },
				"east": { "uv": [ 6.625, 8, 6.5, 8.125 ], "texture": "#voxels_atlas" }
			}
		},
		{
			"__comment": "Voxels",
			"from": [ 5, 10.5, 9.5 ],
			"to": [ 11.5, 11, 10 ],
			"faces": {
				"up": { "uv": [ 5, 9.125, 6.625, 9 ], "texture": "#voxels_atlas" },
				"north": { "uv": [ 6.625, 8.625, 5, 8.75 ], "texture": "#voxels_atlas" },
				"south": { "uv": [ 5, 8.5, 6.625, 8.625 ], "texture": "#voxels_atlas" },
				"west": { "uv": [ 10.125, 9.375, 10.25, 9.5 ], "texture": "#voxels_atlas" },
				"east": { "uv": [ 10.25, 10.5, 10.125, 10.625 ], "texture": "#voxels_atlas" }
			}
		},
		{
			"__comment": "Voxels",
			"from": [ 5, 11, 6.5 ],
			"to": [ 11, 11.5, 7.5 ],
			"faces": {
				"up": { "uv": [ 3.25, 10.75, 4.75, 10.5 ], "texture": "#voxels_atlas" },
				"north": { "uv": [ 8.125, 9.125, 6.625, 9.25 ], "texture": "#voxels_atlas" },
				"south": { "uv": [ 6.625, 9, 8.125, 9.125 ], "texture": "#voxels_atlas" },
				"west": { "uv": [ 13.5, 14, 13.75, 14.125 ], "texture": "#voxels_atlas" },
				"east": { "uv": [ 14, 14, 13.75, 14.125 ], "texture": "#voxels_atlas" }
			}
		},
		{
			"__comment": "Voxels",
			"from": [ 5, 11, 7.5 ],
			"to": [ 9.5, 11.5, 9.5 ],
			"faces": {
				"up": { "uv": [ 1.875, 8.5, 3, 8 ], "texture": "#voxels_atlas" },
				"south": { "uv": [ 8.75, 15.375, 9.875, 15.5 ], "texture": "#voxels_atlas" },
				"west": { "uv": [ 8.75, 10.625, 9.25, 10.75 ], "texture": "#voxels_atlas" },
				"east": { "uv": [ 13.125, 14.375, 12.625, 14.5 ], "texture": "#voxels_atlas" }
			}
		},
		{
			"__comment": "Voxels",
			"from": [ 5, 14.5, 7.5 ],
			"to": [ 5.5, 15, 8.5 ],
			"faces": {
				"down": { "uv": [ 9.75, 12.5, 9.875, 12.75 ], "texture": "#voxels_atlas" },
				"north": { "uv": [ 10.25, 9.25, 10.125, 9.375 ], "texture": "#voxels_atlas" },
				"south": { "uv": [ 6.5, 8.125, 6.625, 8.25 ], "texture": "#voxels_atlas" },
				"east": { "uv": [ 15.5, 14, 15.25, 14.125 ], "texture": "#voxels_atlas" }
			}
		},
		{
			"__comment": "Voxels",
			"from": [ 5, 15.5, 7 ],
			"to": [ 5.5, 16, 7.5 ],
			"faces": {
				"down": { "uv": [ 8, 8.5, 8.125, 8.625 ], "texture": "#voxels_atlas" },
				"north": { "uv": [ 15, 13.75, 14.875, 13.875 ], "texture": "#voxels_atlas" },
				"east": { "uv": [ 10.25, 12.5, 10.125, 12.625 ], "texture": "#voxels_atlas" }
			}
		},
		{
			"__comment": "Voxels",
			"from": [ 5, 15.5, 8.5 ],
			"to": [ 5.5, 16, 9 ],
			"faces": {
				"down": { "uv": [ 10.125, 12.375, 10.25, 12.5 ], "texture": "#voxels_atlas" },
				"south": { "uv": [ 10.125, 11.75, 10.25, 11.875 ], "texture": "#voxels_atlas" },
				"east": { "uv": [ 10.25, 11.25, 10.125, 11.375 ], "texture": "#voxels_atlas" }
			}
		},
		{
			"__comment": "Voxels",
			"from": [ 5, 19, 7.5 ],
			"to": [ 5.5, 19.5, 8.5 ],
			"faces": {
				"up": { "uv": [ 9.75, 12, 9.875, 11.75 ], "texture": "#voxels_atlas", "cullface": "up" },
				"north": { "uv": [ 10.25, 10.125, 10.125, 10.25 ], "texture": "#voxels_atlas", "cullface": "up" },
				"south": { "uv": [ 10.125, 10, 10.25, 10.125 ], "texture": "#voxels_atlas", "cullface": "up" },
				"east": { "uv": [ 16, 14, 15.75, 14.125 ], "texture": "#voxels_atlas", "cullface": "up" }
			}
		},
		{
			"__comment": "Voxels",
			"from": [ 5.5, 8, 5.5 ],
			"to": [ 10, 8.5, 6 ],
			"faces": {
				"down": { "uv": [ 10.875, 15.625, 12, 15.75 ], "texture": "#voxels_atlas" },
				"north": { "uv": [ 15.375, 15.625, 14.25, 15.75 ], "texture": "#voxels_atlas" },
				"west": { "uv": [ 11.5, 13.625, 11.625, 13.75 ], "texture": "#voxels_atlas" },
				"east": { "uv": [ 11.75, 13.625, 11.625, 13.75 ], "texture": "#voxels_atlas" }
			}
		},
		{
			"__comment": "Voxels",
			"from": [ 5.5, 8, 10 ],
			"to": [ 10, 8.5, 10.5 ],
			"faces": {
				"down": { "uv": [ 12, 15.5, 13.125, 15.625 ], "texture": "#voxels_atlas" },
				"south": { "uv": [ 13.125, 15.625, 14.25, 15.75 ], "texture": "#voxels_atlas" },
				"west": { "uv": [ 14, 13.625, 14.125, 13.75 ], "texture": "#voxels_atlas" },
				"east": { "uv": [ 14.25, 13.625, 14.125, 13.75 ], "texture": "#voxels_atlas" }
			}
		},
		{
			"__comment": "Voxels",
			"from": [ 5.5, 10, 5.5 ],
			"to": [ 11, 10.5, 6 ],
			"faces": {
				"up": { "uv": [ 6.625, 8.125, 8, 8 ], "texture": "#voxels_atlas" },
				"north": { "uv": [ 16, 15.875, 14.625, 16 ], "texture": "#voxels_atlas" },
				"west": { "uv": [ 15, 13.625, 15.125, 13.75 ], "texture": "#voxels_atlas" },
				"east": { "uv": [ 15.25, 13.625, 15.125, 13.75 ], "texture": "#voxels_atlas" }
			}
		},
		{
			"__comment": "Voxels",
			"from": [ 5.5, 10, 10 ],
			"to": [ 11, 10.5, 10.5 ],
			"faces": {
				"up": { "uv": [ 6.75, 10.25, 8.125, 10.125 ], "texture": "#voxels_atlas" },
				"south": { "uv": [ 6.625, 8.75, 8, 8.875 ], "texture": "#voxels_atlas" },
				"west": { "uv": [ 10.25, 13.5, 10.375, 13.625 ], "texture": "#voxels_atlas" },
				"east": { "uv": [ 10.375, 13.375, 10.25, 13.5 ], "texture": "#voxels_atlas" }
			}
		},
		{
			"__comment": "Voxels",
			"from": [ 5.5, 10.5, 5.5 ],
			"to": [ 10.5, 11, 6 ],
			"faces": {
				"up": { "uv": [ 6.875, 11, 8.125, 10.875 ], "texture": "#voxels_atlas" },
				"north": { "uv": [ 8.125, 11, 6.875, 11.125 ], "texture": "#voxels_atlas" },
				"west": { "uv": [ 10.25, 12, 10.375, 12.125 ], "texture": "#voxels_atlas" },
				"east": { "uv": [ 10.375, 11.875, 10.25, 12 ], "texture": "#voxels_atlas" }
			}
		},
		{
			"__comment": "Voxels",
			"from": [ 5.5, 10.5, 10 ],
			"to": [ 10.5, 11, 10.5 ],
			"faces": {
				"up": { "uv": [ 6.875, 11.5, 8.125, 11.375 ], "texture": "#voxels_atlas" },
				"south": { "uv": [ 6.875, 11.625, 8.125, 11.75 ], "texture": "#voxels_atlas" },
				"west": { "uv": [ 10.25, 11, 10.375, 11.125 ], "texture": "#voxels_atlas" },
				"east": { "uv": [ 10.375, 10.875, 10.25, 11 ], "texture": "#voxels_atlas" }
			}
		},
		{
			"__comment": "Voxels",
			"from": [ 5.5, 11, 6 ],
			"to": [ 10.5, 11.5, 6.5 ],
			"faces": {
				"up": { "uv": [ 6.875, 12, 8.125, 11.875 ], "texture": "#voxels_atlas" },
				"north": { "uv": [ 8.125, 12, 6.875, 12.125 ], "texture": "#voxels_atlas" },
				"west": { "uv": [ 10.25, 10, 10.375, 10.125 ], "texture": "#voxels_atlas" },
				"east": { "uv": [ 10.375, 9.875, 10.25, 10 ], "texture": "#voxels_atlas" }
			}
		},
		{
			"__comment": "Voxels",
			"from": [ 5.5, 11, 9.5 ],
			"to": [ 10.5, 11.5, 10 ],
			"faces": {
				"up": { "uv": [ 6.875, 10.375, 8.125, 10.25 ], "texture": "#voxels_atlas" },
				"north": { "uv": [ 8.125, 10.375, 6.875, 10.5 ], "texture": "#voxels_atlas" },
				"south": { "uv": [ 6.875, 12.125, 8.125, 12.25 ], "texture": "#voxels_atlas" },
				"west": { "uv": [ 8, 14.125, 8.125, 14.25 ], "texture": "#voxels_atlas" },
				"east": { "uv": [ 8.125, 14, 8, 14.125 ], "texture": "#voxels_atlas" }
			}
		},
		{
			"__comment": "Voxels",
			"from": [ 5.5, 11.5, 7 ],
			"to": [ 10.5, 12, 9 ],
			"faces": {
				"down": { "uv": [ 1.875, 9, 3.125, 9.5 ], "texture": "#voxels_atlas" },
				"up": { "uv": [ 1.875, 9, 3.125, 8.5 ], "texture": "#voxels_atlas" },
				"north": { "uv": [ 8.125, 10.5, 6.875, 10.625 ], "texture": "#voxels_atlas" },
				"south": { "uv": [ 6.875, 10.625, 8.125, 10.75 ], "texture": "#voxels_atlas" },
				"west": { "uv": [ 8.75, 11.625, 9.25, 11.75 ], "texture": "#voxels_atlas" },
				"east": { "uv": [ 9.25, 11.75, 8.75, 11.875 ], "texture": "#voxels_atlas" }
			}
		},
		{
			"__comment": "Voxels",
			"from": [ 5.5, 15.5, 7.5 ],
			"to": [ 6, 16, 8.5 ],
			"faces": {
				"down": { "uv": [ 9.75, 11.5, 9.875, 11.75 ], "texture": "#voxels_atlas" },
				"north": { "uv": [ 8.125, 8.875, 8, 9 ], "texture": "#voxels_atlas" },
				"south": { "uv": [ 8, 8.75, 8.125, 8.875 ], "texture": "#voxels_atlas" },
				"east": { "uv": [ 10.375, 13.875, 10.125, 14 ], "texture": "#voxels_atlas" }
			}
		},
		{
			"__comment": "Voxels",
			"from": [ 6, 7.5, 6 ],
			"to": [ 10, 8, 6.5 ],
			"faces": {
				"down": { "uv": [ 9.25, 15, 10.25, 15.125 ], "texture": "#voxels_atlas" },
				"north": { "uv": [ 15.25, 15.25, 14.25, 15.375 ], "texture": "#voxels_atlas" },
				"west": { "uv": [ 13, 13.75, 13.125, 13.875 ], "texture": "#voxels_atlas" },
				"east": { "uv": [ 13.25, 13.75, 13.125, 13.875 ], "texture": "#voxels_atlas" }
			}
		},
		{
			"__comment": "Voxels",
			"from": [ 6, 7.5, 9.5 ],
			"to": [ 10, 8, 10 ],
			"faces": {
				"down": { "uv": [ 14, 15.375, 15, 15.5 ], "texture": "#voxels_atlas" },
				"south": { "uv": [ 14.75, 15, 15.75, 15.125 ], "texture": "#voxels_atlas" },
				"west": { "uv": [ 14, 13.75, 14.125, 13.875 ], "texture": "#voxels_atlas" },
				"east": { "uv": [ 14.25, 13.75, 14.125, 13.875 ], "texture": "#voxels_atlas" }
			}
		},
		{
			"__comment": "Voxels",
			"from": [ 6, 9, 5 ],
			"to": [ 10, 10, 5.5 ],
			"faces": {
				"down": { "uv": [ 13, 15.375, 14, 15.5 ], "texture": "#voxels_atlas" },
				"up": { "uv": [ 12, 15.5, 13, 15.375 ], "texture": "#voxels_atlas" },
				"north": { "uv": [ 3.25, 11, 2.25, 11.25 ], "texture": "#voxels_atlas" },
				"west": { "uv": [ 9.75, 11, 9.875, 11.25 ], "texture": "#voxels_atlas" },
				"east": { "uv": [ 9.875, 10.75, 9.75, 11 ], "texture": "#voxels_atlas" }
			}
		},
		{
			"__comment": "Voxels",
			"from": [ 6, 9, 10.5 ],
			"to": [ 10, 10, 11 ],
			"faces": {
				"down": { "uv": [ 11, 15.375, 12, 15.5 ], "texture": "#voxels_atlas" },
				"up": { "uv": [ 7.125, 12.625, 8.125, 12.5 ], "texture": "#voxels_atlas" },
				"south": { "uv": [ 3.5, 9, 4.5, 9.25 ], "texture": "#voxels_atlas" },
				"west": { "uv": [ 9.75, 10.5, 9.875, 10.75 ], "texture": "#voxels_atlas" },
				"east": { "uv": [ 9.875, 10.25, 9.75, 10.5 ], "texture": "#voxels_atlas" }
			}
		},
		{
			"__comment": "Voxels",
			"from": [ 6, 10, 5 ],
			"to": [ 9, 10.5, 5.5 ],
			"faces": {
				"up": { "uv": [ 14.5, 14.875, 15.25, 14.75 ], "texture": "#voxels_atlas" },
				"north": { "uv": [ 12.25, 14.625, 11.5, 14.75 ], "texture": "#voxels_atlas" },
				"west": { "uv": [ 10, 12.125, 10.125, 12.25 ], "texture": "#voxels_atlas" },
				"east": { "uv": [ 10.125, 12, 10, 12.125 ], "texture": "#voxels_atlas" }
			}
		},
		{
			"__comment": "Voxels",
			"from": [ 6, 10, 10.5 ],
			"to": [ 9, 10.5, 11 ],
			"faces": {
				"up": { "uv": [ 10, 14.75, 10.75, 14.625 ], "texture": "#voxels_atlas" },
				"south": { "uv": [ 13, 14.75, 13.75, 14.875 ], "texture": "#voxels_atlas" },
				"west": { "uv": [ 10, 10.875, 10.125, 11 ], "texture": "#voxels_atlas" },
				"east": { "uv": [ 10.125, 10.75, 10, 10.875 ], "texture": "#voxels_atlas" }
			}
		},
		{
			"__comment": "Voxels",
			"from": [ 6, 11.5, 6.5 ],
			"to": [ 10, 12, 7 ],
			"faces": {
				"up": { "uv": [ 7.125, 12.875, 8.125, 12.75 ], "texture": "#voxels_atlas" },
				"north": { "uv": [ 8.125, 13, 7.125, 13.125 ], "texture": "#voxels_atlas" },
				"west": { "uv": [ 10, 8.375, 10.125, 8.5 ], "texture": "#voxels_atlas" },
				"east": { "uv": [ 10.125, 8.25, 10, 8.375 ], "texture": "#voxels_atlas" }
			}
		},
		{
			"__comment": "Voxels",
			"from": [ 6, 11.5, 9 ],
			"to": [ 10, 12, 9.5 ],
			"faces": {
				"down": { "uv": [ 7.125, 13.25, 8.125, 13.375 ], "texture": "#voxels_atlas" },
				"up": { "uv": [ 7.125, 13.5, 8.125, 13.375 ], "texture": "#voxels_atlas" },
				"south": { "uv": [ 10.75, 14.875, 11.75, 15 ], "texture": "#voxels_atlas" },
				"west": { "uv": [ 10.125, 12.875, 10.25, 13 ], "texture": "#voxels_atlas" },
				"east": { "uv": [ 10.25, 12.75, 10.125, 12.875 ], "texture": "#voxels_atlas" }
			}
		},
		{
			"__comment": "Voxels",
			"from": [ 6.5, 10.5, 5 ],
			"to": [ 8.5, 11, 5.5 ],
			"faces": {
				"up": { "uv": [ 8.75, 12.75, 9.25, 12.625 ], "texture": "#voxels_atlas" },
				"north": { "uv": [ 9.25, 12.5, 8.75, 12.625 ], "texture": "#voxels_atlas" },
				"west": { "uv": [ 10.125, 12.125, 10.25, 12.25 ], "texture": "#voxels_atlas" },
				"east": { "uv": [ 10.25, 12, 10.125, 12.125 ], "texture": "#voxels_atlas" }
			}
		},
		{
			"__comment": "Voxels",
			"from": [ 6.5, 10.5, 10.5 ],
			"to": [ 8.5, 11, 11 ],
			"faces": {
				"up": { "uv": [ 9.75, 14.625, 10.25, 14.5 ], "texture": "#voxels_atlas" },
				"south": { "uv": [ 8.75, 11.875, 9.25, 12 ], "texture": "#voxels_atlas" },
				"west": { "uv": [ 10.125, 11.125, 10.25, 11.25 ], "texture": "#voxels_atlas" },
				"east": { "uv": [ 10.25, 11, 10.125, 11.125 ], "texture": "#voxels_atlas" }
			}
		},
		{
			"__comment": "Voxels",
			"from": [ 6.5, 11, 5.5 ],
			"to": [ 9.5, 11.5, 6 ],
			"faces": {
				"up": { "uv": [ 7.25, 14.625, 8, 14.5 ], "texture": "#voxels_atlas" },
				"north": { "uv": [ 8, 14.375, 7.25, 14.5 ], "texture": "#voxels_atlas" },
				"west": { "uv": [ 10.125, 9.625, 10.25, 9.75 ], "texture": "#voxels_atlas" },
				"east": { "uv": [ 10.25, 9.5, 10.125, 9.625 ], "texture": "#voxels_atlas" }
			}
		},
		{
			"__comment": "Voxels",
			"from": [ 6.5, 11, 10 ],
			"to": [ 9.5, 11.5, 10.5 ],
			"faces": {
				"up": { "uv": [ 7.25, 14.125, 8, 14 ], "texture": "#voxels_atlas" },
				"south": { "uv": [ 7.25, 13.75, 8, 13.875 ], "texture": "#voxels_atlas" },
				"west": { "uv": [ 10.125, 8.625, 10.25, 8.75 ], "texture": "#voxels_atlas" },
				"east": { "uv": [ 10.25, 8.5, 10.125, 8.625 ], "texture": "#voxels_atlas" }
			}
		},
		{
			"__comment": "Voxels",
			"from": [ 6.5, 11.5, 6 ],
			"to": [ 9.5, 12, 6.5 ],
			"faces": {
				"up": { "uv": [ 7.25, 13.625, 8, 13.5 ], "texture": "#voxels_atlas" },
				"north": { "uv": [ 15.5, 14.875, 14.75, 15 ], "texture": "#voxels_atlas" },
				"west": { "uv": [ 11.75, 13.625, 11.875, 13.75 ], "texture": "#voxels_atlas" },
				"east": { "uv": [ 12, 13.625, 11.875, 13.75 ], "texture": "#voxels_atlas" }
			}
		},
		{
			"__comment": "Voxels",
			"from": [ 6.5, 11.5, 9.5 ],
			"to": [ 9.5, 12, 10 ],
			"faces": {
				"up": { "uv": [ 10.75, 14.875, 11.5, 14.75 ], "texture": "#voxels_atlas" },
				"south": { "uv": [ 12.25, 14.75, 13, 14.875 ], "texture": "#voxels_atlas" },
				"west": { "uv": [ 13.75, 13.625, 13.875, 13.75 ], "texture": "#voxels_atlas" },
				"east": { "uv": [ 14, 13.625, 13.875, 13.75 ], "texture": "#voxels_atlas" }
			}
		},
		{
			"__comment": "Voxels",
			"from": [ 7, -3, 6.5 ],
			"to": [ 9.5, -2.5, 7.5 ],
			"faces": {
				"down": { "uv": [ 4.375, 13.25, 5, 13.5 ], "texture": "#voxels_atlas", "cullface": "down" },
				"up": { "uv": [ 4.375, 13.25, 5, 13 ], "texture": "#voxels_atlas", "cullface": "down" },
				"north": { "uv": [ 14.125, 14.625, 13.5, 14.75 ], "texture": "#voxels_atlas", "cullface": "down" },
				"south": { "uv": [ 2.625, 9.5, 3.25, 9.625 ], "texture": "#voxels_atlas", "cullface": "down" },
				"west": { "uv": [ 7.875, 15.25, 8.125, 15.375 ], "texture": "#voxels_atlas", "cullface": "down" },
				"east": { "uv": [ 8.375, 8, 8.125, 8.125 ], "texture": "#voxels_atlas", "cullface": "down" }
			}
		},
		{
			"__comment": "Voxels",
			"from": [ 7, -3, 8.5 ],
			"to": [ 9.5, -2.5, 9.5 ],
			"faces": {
				"down": { "uv": [ 8.375, 15.5, 9, 15.75 ], "texture": "#voxels_atlas", "cullface": "down" },
				"up": { "uv": [ 9, 15.75, 9.625, 15.5 ], "texture": "#voxels_atlas", "cullface": "down" },
				"north": { "uv": [ 12.875, 14.625, 12.25, 14.75 ], "texture": "#voxels_atlas", "cullface": "down" },
				"south": { "uv": [ 12.875, 14.625, 13.5, 14.75 ], "texture": "#voxels_atlas", "cullface": "down" },
				"west": { "uv": [ 9, 8, 9.25, 8.125 ], "texture": "#voxels_atlas", "cullface": "down" },
				"east": { "uv": [ 16, 14.5, 15.75, 14.625 ], "texture": "#voxels_atlas", "cullface": "down" }
			}
		},
		{
			"__comment": "Voxels",
			"from": [ 7, 8.5, 5 ],
			"to": [ 9, 9, 5.5 ],
			"faces": {
				"down": { "uv": [ 8.75, 10.5, 9.25, 10.625 ], "texture": "#voxels_atlas" },
				"north": { "uv": [ 9.25, 10.25, 8.75, 10.375 ], "texture": "#voxels_atlas" },
				"west": { "uv": [ 10.25, 12.75, 10.375, 12.875 ], "texture": "#voxels_atlas" },
				"east": { "uv": [ 10.375, 12.625, 10.25, 12.75 ], "texture": "#voxels_atlas" }
			}
		},
		{
			"__comment": "Voxels",
			"from": [ 7, 8.5, 10.5 ],
			"to": [ 9, 9, 11 ],
			"faces": {
				"down": { "uv": [ 8.75, 10, 9.25, 10.125 ], "texture": "#voxels_atlas" },
				"south": { "uv": [ 8.75, 9.625, 9.25, 9.75 ], "texture": "#voxels_atlas" },
				"west": { "uv": [ 10.25, 11.75, 10.375, 11.875 ], "texture": "#voxels_atlas" },
				"east": { "uv": [ 10.375, 11.625, 10.25, 11.75 ], "texture": "#voxels_atlas" }
			}
		},
		{
			"__comment": "Voxels",
			"from": [ 7.5, 5, 7 ],
			"to": [ 8.5, 7, 7.5 ],
			"faces": {
				"down": { "uv": [ 15.5, 14.25, 15.75, 14.375 ], "texture": "#voxels_atlas" },
				"north": { "uv": [ 8.375, 11.625, 8.125, 12.125 ], "texture": "#voxels_atlas" },
				"south": { "uv": [ 8.125, 11.125, 8.375, 11.625 ], "texture": "#voxels_atlas" },
				"west": { "uv": [ 1.75, 8, 1.875, 8.5 ], "texture": "#voxels_atlas" },
				"east": { "uv": [ 3.25, 9, 3.125, 9.5 ], "texture": "#voxels_atlas" }
			}
		},
		{
			"__comment": "Voxels",
			"from": [ 7.5, 5, 9 ],
			"to": [ 8.5, 7, 9.5 ],
			"faces": {
				"down": { "uv": [ 10.25, 14.125, 10.5, 14.25 ], "texture": "#voxels_atlas" },
				"north": { "uv": [ 8.375, 10.625, 8.125, 11.125 ], "texture": "#voxels_atlas" },
				"south": { "uv": [ 8.125, 10.125, 8.375, 10.625 ], "texture": "#voxels_atlas" },
				"west": { "uv": [ 3.125, 8.5, 3.25, 9 ], "texture": "#voxels_atlas" },
				"east": { "uv": [ 8.875, 8.625, 8.75, 9.125 ], "texture": "#voxels_atlas" }
			}
		},
		{
			"__comment": "Voxels",
			"from": [ 7.5, 6, 6.5 ],
			"to": [ 8, 7, 7 ],
			"faces": {
				"down": { "uv": [ 10.25, 9.75, 10.375, 9.875 ], "texture": "#voxels_atlas" },
				"north": { "uv": [ 8.75, 8.25, 8.625, 8.5 ], "texture": "#voxels_atlas" },
				"west": { "uv": [ 8.625, 8, 8.75, 8.25 ], "texture": "#voxels_atlas" },
				"east": { "uv": [ 9.375, 8, 9.25, 8.25 ], "texture": "#voxels_atlas" }
			}
		},
		{
			"__comment": "Voxels",
			"from": [ 7.5, 6, 8.5 ],
			"to": [ 8, 7, 9 ],
			"faces": {
				"down": { "uv": [ 8, 14.375, 8.125, 14.5 ], "texture": "#voxels_atlas" },
				"north": { "uv": [ 9.75, 10.25, 9.625, 10.5 ], "texture": "#voxels_atlas" },
				"west": { "uv": [ 9.625, 9.75, 9.75, 10 ], "texture": "#voxels_atlas" },
				"east": { "uv": [ 9.75, 9.5, 9.625, 9.75 ], "texture": "#voxels_atlas" }
			}
		},
		{
			"__comment": "Voxels",
			"from": [ 8, 3, 7 ],
			"to": [ 9, 5, 7.5 ],
			"faces": {
				"down": { "uv": [ 12, 14.125, 12.25, 14.25 ], "texture": "#voxels_atlas" },
				"up": { "uv": [ 12.25, 14.25, 12.5, 14.125 ], "texture": "#voxels_atlas" },
				"north": { "uv": [ 8.375, 9.625, 8.125, 10.125 ], "texture": "#voxels_atlas" },
				"south": { "uv": [ 8.125, 9.125, 8.375, 9.625 ], "texture": "#voxels_atlas" },
				"west": { "uv": [ 8.875, 8.625, 9, 9.125 ], "texture": "#voxels_atlas" },
				"east": { "uv": [ 9.125, 8.625, 9, 9.125 ], "texture": "#voxels_atlas" }
			}
		},
		{
			"__comment": "Voxels",
			"from": [ 8, 3, 9 ],
			"to": [ 9, 5, 9.5 ],
			"faces": {
				"down": { "uv": [ 13.25, 14.125, 13.5, 14.25 ], "texture": "#voxels_atlas" },
				"up": { "uv": [ 13.5, 14.25, 13.75, 14.125 ], "texture": "#voxels_atlas" },
				"north": { "uv": [ 8.375, 8.625, 8.125, 9.125 ], "texture": "#voxels_atlas" },
				"south": { "uv": [ 8.125, 8.125, 8.375, 8.625 ], "texture": "#voxels_atlas" },
				"west": { "uv": [ 9.125, 8.625, 9.25, 9.125 ], "texture": "#voxels_atlas" },
				"east": { "uv": [ 9.375, 14, 9.25, 14.5 ], "texture": "#voxels_atlas" }
			}
		},
		{
			"__comment": "Voxels",
			"from": [ 8, 4, 6.5 ],
			"to": [ 8.5, 6, 7 ],
			"faces": {
				"down": { "uv": [ 8, 8.125, 8.125, 8.25 ], "texture": "#voxels_atlas" },
				"up": { "uv": [ 8, 8.125, 8.125, 8 ], "texture": "#voxels_atlas" },
				"north": { "uv": [ 9.375, 13.5, 9.25, 14 ], "texture": "#voxels_atlas" },
				"south": { "uv": [ 9.25, 13, 9.375, 13.5 ], "texture": "#voxels_atlas" },
				"west": { "uv": [ 9.25, 12.5, 9.375, 13 ], "texture": "#voxels_atlas" },
				"east": { "uv": [ 9.375, 12, 9.25, 12.5 ], "texture": "#voxels_atlas" }
			}
		},
		{
			"__comment": "Voxels",
			"from": [ 8, 4, 8.5 ],
			"to": [ 8.5, 6, 9 ],
			"faces": {
				"down": { "uv": [ 13.25, 13.75, 13.375, 13.875 ], "texture": "#voxels_atlas" },
				"up": { "uv": [ 13.375, 13.875, 13.5, 13.75 ], "texture": "#voxels_atlas" },
				"north": { "uv": [ 9.375, 11.5, 9.25, 12 ], "texture": "#voxels_atlas" },
				"south": { "uv": [ 9.25, 11, 9.375, 11.5 ], "texture": "#voxels_atlas" },
				"west": { "uv": [ 9.25, 9, 9.375, 9.5 ], "texture": "#voxels_atlas" },
				"east": { "uv": [ 9.375, 10.5, 9.25, 11 ], "texture": "#voxels_atlas" }
			}
		},
		{
			"__comment": "Voxels",
			"from": [ 8.5, -2.5, 6.5 ],
			"to": [ 9.5, 2.5, 7.5 ],
			"faces": {
				"up": { "uv": [ 9.375, 14.5, 9.625, 14.25 ], "texture": "#voxels_atlas", "cullface": "down" },
				"north": { "uv": [ 4.25, 9.25, 4, 10.5 ], "texture": "#voxels_atlas", "cullface": "down" },
				"south": { "uv": [ 4.75, 9.25, 5, 10.5 ], "texture": "#voxels_atlas", "cullface": "down" },
				"west": { "uv": [ 4.25, 9.25, 4.5, 10.5 ], "texture": "#voxels_atlas", "cullface": "down" },
				"east": { "uv": [ 4.75, 9.25, 4.5, 10.5 ], "texture": "#voxels_atlas", "cullface": "down" }
			}
		},
		{
			"__comment": "Voxels",
			"from": [ 8.5, -2.5, 8.5 ],
			"to": [ 9.5, 2.5, 9.5 ],
			"faces": {
				"up": { "uv": [ 9.375, 13.25, 9.625, 13 ], "texture": "#voxels_atlas", "cullface": "down" },
				"north": { "uv": [ 3.5, 9.25, 3.25, 10.5 ], "texture": "#voxels_atlas", "cullface": "down" },
				"south": { "uv": [ 3.75, 9.25, 4, 10.5 ], "texture": "#voxels_atlas", "cullface": "down" },
				"west": { "uv": [ 3.5, 9.25, 3.75, 10.5 ], "texture": "#voxels_atlas", "cullface": "down" },
				"east": { "uv": [ 3.5, 8, 3.25, 9.25 ], "texture": "#voxels_atlas", "cullface": "down" }
			}
		},
		{
			"__comment": "Voxels",
			"from": [ 8.5, 2.5, 6.5 ],
			"to": [ 9, 4, 7 ],
			"faces": {
				"up": { "uv": [ 15.625, 13.875, 15.75, 13.75 ], "texture": "#voxels_atlas" },
				"north": { "uv": [ 9.375, 8.25, 9.25, 8.625 ], "texture": "#voxels_atlas" },
				"south": { "uv": [ 9.375, 10.875, 9.5, 11.25 ], "texture": "#voxels_atlas" },
				"west": { "uv": [ 9.5, 10.875, 9.625, 11.25 ], "texture": "#voxels_atlas" },
				"east": { "uv": [ 9.5, 10.5, 9.375, 10.875 ], "texture": "#voxels_atlas" }
			}
		},
		{
			"__comment": "Voxels",
			"from": [ 8.5, 2.5, 7 ],
			"to": [ 9.5, 3, 7.5 ],
			"faces": {
				"up": { "uv": [ 12.5, 14.125, 12.75, 14 ], "texture": "#voxels_atlas" },
				"north": { "uv": [ 13, 14, 12.75, 14.125 ], "texture": "#voxels_atlas" },
				"south": { "uv": [ 13, 14, 13.25, 14.125 ], "texture": "#voxels_atlas" },
				"west": { "uv": [ 10, 11.875, 10.125, 12 ], "texture": "#voxels_atlas" },
				"east": { "uv": [ 10.125, 11.75, 10, 11.875 ], "texture": "#voxels_atlas" }
			}
		},
		{
			"__comment": "Voxels",
			"from": [ 8.5, 2.5, 8.5 ],
			"to": [ 9, 4, 9 ],
			"faces": {
				"up": { "uv": [ 10, 11.625, 10.125, 11.5 ], "texture": "#voxels_atlas" },
				"north": { "uv": [ 9.625, 10.5, 9.5, 10.875 ], "texture": "#voxels_atlas" },
				"south": { "uv": [ 9.375, 10.125, 9.5, 10.5 ], "texture": "#voxels_atlas" },
				"west": { "uv": [ 9.5, 10.125, 9.625, 10.5 ], "texture": "#voxels_atlas" },
				"east": { "uv": [ 9.5, 9.75, 9.375, 10.125 ], "texture": "#voxels_atlas" }
			}
		},
		{
			"__comment": "Voxels",
			"from": [ 8.5, 2.5, 9 ],
			"to": [ 9.5, 3, 9.5 ],
			"faces": {
				"up": { "uv": [ 14.25, 14.125, 14.5, 14 ], "texture": "#voxels_atlas" },
				"north": { "uv": [ 14.75, 14, 14.5, 14.125 ], "texture": "#voxels_atlas" },
				"south": { "uv": [ 14.75, 14, 15, 14.125 ], "texture": "#voxels_atlas" },
				"west": { "uv": [ 10, 10.375, 10.125, 10.5 ], "texture": "#voxels_atlas" },
				"east": { "uv": [ 10.125, 10.25, 10, 10.375 ], "texture": "#voxels_atlas" }
			}
		},
		{
			"__comment": "Voxels",
			"from": [ 8.5, 7.5, 5.5 ],
			"to": [ 9, 8, 6 ],
			"faces": {
				"down": { "uv": [ 10, 10.125, 10.125, 10.25 ], "texture": "#voxels_atlas" },
				"north": { "uv": [ 10.125, 9.875, 10, 10 ], "texture": "#voxels_atlas" },
				"west": { "uv": [ 10, 9.625, 10.125, 9.75 ], "texture": "#voxels_atlas" },
				"east": { "uv": [ 10.125, 9.5, 10, 9.625 ], "texture": "#voxels_atlas" }
			}
		},
		{
			"__comment": "Voxels",
			"from": [ 8.5, 7.5, 10 ],
			"to": [ 9, 8, 10.5 ],
			"faces": {
				"down": { "uv": [ 10, 9.375, 10.125, 9.5 ], "texture": "#voxels_atlas" },
				"south": { "uv": [ 10, 9, 10.125, 9.125 ], "texture": "#voxels_atlas" },
				"west": { "uv": [ 10, 8.875, 10.125, 9 ], "texture": "#voxels_atlas" },
				"east": { "uv": [ 10.125, 8.75, 10, 8.875 ], "texture": "#voxels_atlas" }
			}
		},
		{
			"__comment": "Voxels",
			"from": [ 9.5, 11, 8.5 ],
			"to": [ 11.5, 11.5, 9 ],
			"faces": {
				"down": { "uv": [ 11.25, 14.5, 11.75, 14.625 ], "texture": "#voxels_atlas" },
				"up": { "uv": [ 11.75, 14.625, 12.25, 14.5 ], "texture": "#voxels_atlas" },
				"north": { "uv": [ 12.75, 14.5, 12.25, 14.625 ], "texture": "#voxels_atlas" },
				"south": { "uv": [ 12.75, 14.5, 13.25, 14.625 ], "texture": "#voxels_atlas" },
				"east": { "uv": [ 10.125, 8, 10, 8.125 ], "texture": "#voxels_atlas" }
			}
		},
		{
			"__comment": "Voxels",
			"from": [ 9.5, 11, 9 ],
			"to": [ 11, 11.5, 9.5 ],
			"faces": {
				"down": { "uv": [ 9.625, 14.25, 10, 14.375 ], "texture": "#voxels_atlas" },
				"up": { "uv": [ 10, 14.375, 10.375, 14.25 ], "texture": "#voxels_atlas" },
				"south": { "uv": [ 10.75, 14.25, 11.125, 14.375 ], "texture": "#voxels_atlas" },
				"east": { "uv": [ 10.25, 13, 10.125, 13.125 ], "texture": "#voxels_atlas" }
			}
		},
		{
			"__comment": "Voxels",
			"from": [ 10, 11, 7.5 ],
			"to": [ 12, 11.5, 8.5 ],
			"faces": {
				"down": { "uv": [ 8.75, 14.375, 9.25, 14.625 ], "texture": "#voxels_atlas" },
				"up": { "uv": [ 8.75, 14.375, 9.25, 14.125 ], "texture": "#voxels_atlas" },
				"north": { "uv": [ 14.75, 14.5, 14.25, 14.625 ], "texture": "#voxels_atlas" },
				"south": { "uv": [ 14.75, 14.5, 15.25, 14.625 ], "texture": "#voxels_atlas" },
				"west": { "uv": [ 10.375, 13.875, 10.625, 14 ], "texture": "#voxels_atlas" },
				"east": { "uv": [ 10.875, 13.875, 10.625, 14 ], "texture": "#voxels_atlas" }
			}
		},
		{
			"__comment": "Voxels",
			"from": [ 10.5, 10.5, 8.5 ],
			"to": [ 12.5, 11, 9 ],
			"faces": {
				"up": { "uv": [ 9.625, 14.5, 10.125, 14.375 ], "texture": "#voxels_atlas" },
				"north": { "uv": [ 10.625, 14.375, 10.125, 14.5 ], "texture": "#voxels_atlas" },
				"south": { "uv": [ 10.625, 14.375, 11.125, 14.5 ], "texture": "#voxels_atlas" },
				"east": { "uv": [ 10.25, 11.5, 10.125, 11.625 ], "texture": "#voxels_atlas" }
			}
		},
		{
			"__comment": "Voxels",
			"from": [ 10.5, 10.5, 9 ],
			"to": [ 11.5, 11, 9.5 ],
			"faces": {
				"up": { "uv": [ 12.75, 13.875, 13, 13.75 ], "texture": "#voxels_atlas" },
				"east": { "uv": [ 10.25, 10.75, 10.125, 10.875 ], "texture": "#voxels_atlas" }
			}
		},
		{
			"__comment": "Voxels",
			"from": [ 10.5, 11.5, 7.5 ],
			"to": [ 11, 12, 8.5 ],
			"faces": {
				"up": { "uv": [ 9.75, 9.75, 9.875, 9.5 ], "texture": "#voxels_atlas" },
				"north": { "uv": [ 10.25, 10.375, 10.125, 10.5 ], "texture": "#voxels_atlas" },
				"south": { "uv": [ 10.125, 10.25, 10.25, 10.375 ], "texture": "#voxels_atlas" },
				"east": { "uv": [ 12.125, 13.875, 11.875, 14 ], "texture": "#voxels_atlas" }
			}
		},
		{
			"__comment": "Voxels",
			"from": [ 11, 8.5, 6 ],
			"to": [ 11.5, 10, 6.5 ],
			"faces": {
				"down": { "uv": [ 10.125, 9.875, 10.25, 10 ], "texture": "#voxels_atlas" },
				"north": { "uv": [ 9.625, 9, 9.5, 9.375 ], "texture": "#voxels_atlas" },
				"east": { "uv": [ 9.5, 8.25, 9.375, 8.625 ], "texture": "#voxels_atlas" }
			}
		},
		{
			"__comment": "Voxels",
			"from": [ 11, 8.5, 9.5 ],
			"to": [ 11.5, 10, 10 ],
			"faces": {
				"down": { "uv": [ 10.125, 9.125, 10.25, 9.25 ], "texture": "#voxels_atlas" },
				"south": { "uv": [ 9.625, 13.875, 9.75, 14.25 ], "texture": "#voxels_atlas" },
				"east": { "uv": [ 9.75, 13.125, 9.625, 13.5 ], "texture": "#voxels_atlas" }
			}
		},
		{
			"__comment": "Voxels",
			"from": [ 11, 9.5, 5.5 ],
			"to": [ 11.5, 10, 6 ],
			"faces": {
				"down": { "uv": [ 10.125, 8.375, 10.25, 8.5 ], "texture": "#voxels_atlas" },
				"up": { "uv": [ 10.125, 8.375, 10.25, 8.25 ], "texture": "#voxels_atlas" },
				"north": { "uv": [ 10.25, 8.125, 10.125, 8.25 ], "texture": "#voxels_atlas" },
				"east": { "uv": [ 10.5, 13.625, 10.375, 13.75 ], "texture": "#voxels_atlas" }
			}
		},
		{
			"__comment": "Voxels",
			"from": [ 11, 9.5, 10 ],
			"to": [ 11.5, 10, 10.5 ],
			"faces": {
				"down": { "uv": [ 10.5, 13.625, 10.625, 13.75 ], "texture": "#voxels_atlas" },
				"up": { "uv": [ 10.625, 13.75, 10.75, 13.625 ], "texture": "#voxels_atlas" },
				"south": { "uv": [ 10.875, 13.625, 11, 13.75 ], "texture": "#voxels_atlas" },
				"east": { "uv": [ 11.25, 13.625, 11.125, 13.75 ], "texture": "#voxels_atlas" }
			}
		},
		{
			"__comment": "Voxels",
			"from": [ 11, 10.5, 7.5 ],
			"to": [ 13, 11, 8.5 ],
			"faces": {
				"up": { "uv": [ 8.75, 13.875, 9.25, 13.625 ], "texture": "#voxels_atlas" },
				"north": { "uv": [ 12.125, 14.375, 11.625, 14.5 ], "texture": "#voxels_atlas" },
				"south": { "uv": [ 12.125, 14.375, 12.625, 14.5 ], "texture": "#voxels_atlas" },
				"west": { "uv": [ 12.875, 13.875, 13.125, 14 ], "texture": "#voxels_atlas" },
				"east": { "uv": [ 13.375, 13.875, 13.125, 14 ], "texture": "#voxels_atlas" }
			}
		},
		{
			"__comment": "Voxels",
			"from": [ 11, 11, 7 ],
			"to": [ 11.5, 11.5, 7.5 ],
			"faces": {
				"up": { "uv": [ 12.125, 13.75, 12.25, 13.625 ], "texture": "#voxels_atlas" },
				"north": { "uv": [ 12.375, 13.625, 12.25, 13.75 ], "texture": "#voxels_atlas" },
				"east": { "uv": [ 12.75, 13.625, 12.625, 13.75 ], "texture": "#voxels_atlas" }
			}
		},
		{
			"__comment": "Voxels",
			"from": [ 11.5, 7.5, 7.5 ],
			"to": [ 12, 8, 8.5 ],
			"faces": {
				"down": { "uv": [ 9.875, 12.875, 10, 13.125 ], "texture": "#voxels_atlas" },
				"north": { "uv": [ 13.125, 13.625, 13, 13.75 ], "texture": "#voxels_atlas" },
				"south": { "uv": [ 13.125, 13.625, 13.25, 13.75 ], "texture": "#voxels_atlas" },
				"east": { "uv": [ 13.875, 13.875, 13.625, 14 ], "texture": "#voxels_atlas" }
			}
		},
		{
			"__comment": "Voxels",
			"from": [ 11.5, 9, 6 ],
			"to": [ 12, 10, 6.5 ],
			"faces": {
				"down": { "uv": [ 13.5, 13.625, 13.625, 13.75 ], "texture": "#voxels_atlas" },
				"north": { "uv": [ 10, 12.375, 9.875, 12.625 ], "texture": "#voxels_atlas" },
				"east": { "uv": [ 10, 11.625, 9.875, 11.875 ], "texture": "#voxels_atlas" }
			}
		},
		{
			"__comment": "Voxels",
			"from": [ 11.5, 9, 9.5 ],
			"to": [ 12, 10, 10 ],
			"faces": {
				"down": { "uv": [ 14.25, 13.625, 14.375, 13.75 ], "texture": "#voxels_atlas" },
				"south": { "uv": [ 9.875, 11.125, 10, 11.375 ], "texture": "#voxels_atlas" },
				"east": { "uv": [ 10, 10.625, 9.875, 10.875 ], "texture": "#voxels_atlas" }
			}
		},
		{
			"__comment": "Voxels",
			"from": [ 11.5, 10.5, 7 ],
			"to": [ 12.5, 11, 7.5 ],
			"faces": {
				"up": { "uv": [ 14.125, 14, 14.375, 13.875 ], "texture": "#voxels_atlas" },
				"north": { "uv": [ 14.625, 13.875, 14.375, 14 ], "texture": "#voxels_atlas" },
				"east": { "uv": [ 15.75, 13.625, 15.625, 13.75 ], "texture": "#voxels_atlas" }
			}
		},
		{
			"__comment": "Voxels",
			"from": [ 12.5, 7.5, 7.5 ],
			"to": [ 15, 8, 8.5 ],
			"faces": {
				"down": { "uv": [ 9.625, 15.5, 10.25, 15.75 ], "texture": "#voxels_atlas" },
				"up": { "uv": [ 10.25, 15.75, 10.875, 15.5 ], "texture": "#voxels_atlas" },
				"north": { "uv": [ 15.375, 14.625, 14.75, 14.75 ], "texture": "#voxels_atlas" },
				"south": { "uv": [ 15.375, 14.625, 16, 14.75 ], "texture": "#voxels_atlas" },
				"west": { "uv": [ 15.375, 13.875, 15.625, 14 ], "texture": "#voxels_atlas" },
				"east": { "uv": [ 15.875, 13.875, 15.625, 14 ], "texture": "#voxels_atlas" }
			}
		},
		{
			"__comment": "Voxels",
			"from": [ 12.5, 9, 6.5 ],
			"to": [ 13, 10, 7 ],
			"faces": {
				"down": { "uv": [ 10.25, 13, 10.375, 13.125 ], "texture": "#voxels_atlas" },
				"up": { "uv": [ 10.25, 13, 10.375, 12.875 ], "texture": "#voxels_atlas" },
				"north": { "uv": [ 10, 9.875, 9.875, 10.125 ], "texture": "#voxels_atlas" },
				"south": { "uv": [ 9.875, 9.625, 10, 9.875 ], "texture": "#voxels_atlas" },
				"east": { "uv": [ 10, 9.125, 9.875, 9.375 ], "texture": "#voxels_atlas" }
			}
		},
		{
			"__comment": "Voxels",
			"from": [ 12.5, 9, 9 ],
			"to": [ 13, 10, 9.5 ],
			"faces": {
				"down": { "uv": [ 10.25, 12.25, 10.375, 12.375 ], "texture": "#voxels_atlas" },
				"up": { "uv": [ 10.25, 12.25, 10.375, 12.125 ], "texture": "#voxels_atlas" },
				"north": { "uv": [ 10, 8.875, 9.875, 9.125 ], "texture": "#voxels_atlas" },
				"south": { "uv": [ 9.875, 8.625, 10, 8.875 ], "texture": "#voxels_atlas" },
				"east": { "uv": [ 10, 8.125, 9.875, 8.375 ], "texture": "#voxels_atlas" }
			}
		},
		{
			"__comment": "Voxels",
			"from": [ 13, 10, 7.5 ],
			"to": [ 14, 10.5, 8.5 ],
			"faces": {
				"up": { "uv": [ 9.375, 11.5, 9.625, 11.25 ], "texture": "#voxels_atlas" },
				"north": { "uv": [ 10.75, 13.75, 10.5, 13.875 ], "texture": "#voxels_atlas" },
				"south": { "uv": [ 10.75, 13.75, 11, 13.875 ], "texture": "#voxels_atlas" },
				"east": { "uv": [ 11.5, 13.75, 11.25, 13.875 ], "texture": "#voxels_atlas" }
			}
		},
		{
			"__comment": "Voxels",
			"from": [ 14, 9.5, 7.5 ],
			"to": [ 14.5, 10, 8.5 ],
			"faces": {
				"up": { "uv": [ 10, 13.5, 10.125, 13.25 ], "texture": "#voxels_atlas" },
				"north": { "uv": [ 10.375, 10.5, 10.25, 10.625 ], "texture": "#voxels_atlas" },
				"south": { "uv": [ 10.25, 10.375, 10.375, 10.5 ], "texture": "#voxels_atlas" },
				"east": { "uv": [ 12, 13.75, 11.75, 13.875 ], "texture": "#voxels_atlas" }
			}
		},
		{
			"__comment": "Voxels",
			"from": [ 14.5, 8, 7.5 ],
			"to": [ 15, 9.5, 8.5 ],
			"faces": {
				"up": { "uv": [ 10, 13, 10.125, 12.75 ], "texture": "#voxels_atlas" },
				"north": { "uv": [ 9.75, 10.875, 9.625, 11.25 ], "texture": "#voxels_atlas" },
				"south": { "uv": [ 9.625, 10.5, 9.75, 10.875 ], "texture": "#voxels_atlas" },
				"west": { "uv": [ 4.75, 12.625, 5, 13 ], "texture": "#voxels_atlas" },
				"east": { "uv": [ 5, 11.875, 4.75, 12.25 ], "texture": "#voxels_atlas" }
			}
		}
	],
	"display": {
		"thirdperson_righthand": {
			"rotation":  [ 75, -45, 0 ],
			"translation":  [ 0, 2.5, 0 ],
			"scale":  [ 0.375, 0.375, 0.375 ]
		},
		"thirdperson_lefthand": {
			"rotation":  [ 75, 123, 0 ],
			"translation":  [ 0, 2.5, 0 ],
			"scale":  [ 0.375, 0.375, 0.375 ]
		},
		"firstperson_righthand": {
			"rotation":  [ 0, -45, 0 ],
			"scale":  [ 0.4, 0.4, 0.4 ]
		},
		"firstperson_lefthand": {
			"rotation":  [ 0, 97, 0 ],
			"scale":  [ 0.4, 0.4, 0.4 ]
		},
		"gui": {
			"scale":  [ 0.4, 0.4, 0.4 ]
		},
		"head": {
			"rotation":  [ 0, -90, 0 ],
			"translation":  [ 0, -22.25, 0 ],
			"scale":  [ 2, 2, 2 ]
		},
		"ground": {
			"translation":  [ 0, 3.4782, 0 ],
			"scale":  [ 0.4, 0.4, 0.4 ]
		}
	}
}