{
	"credit": "Made with SpyKid_22",
	"textures": {
		"0": "block/orange_wool",
		"1": "block/lime_wool",
		"2": "block/white_wool",
		"3": "block/black_terracotta",
		"4": "block/coal_block",
		"7": "custom/smile_cloud_car",
		"8": "custom/star_cloud_car",
		"particle": "block/orange_wool"
	},
	"elements": [
		{
			"from": [3.35491, 3.96739, -0.34491],
			"to": [5.19491, 6.72739, 1.03509],
			"rotation": {"angle": 0, "axis": "y", "origin": [18.07491, 18.68739, 13.91509]},
			"faces": {
				"north": {"uv": [0, 0, 1, 1.5], "texture": "#2"},
				"east": {"uv": [0, 0, 0.75, 1.5], "texture": "#2"},
				"south": {"uv": [0, 0, 1, 1.5], "texture": "#2"},
				"west": {"uv": [0, 0, 0.75, 1.5], "texture": "#2"},
				"up": {"uv": [0, 0, 1, 0.75], "texture": "#2"},
				"down": {"uv": [0, 0, 1, 0.75], "texture": "#2"}
			}
		},
		{
			"from": [3.35491, 4.88739, 1.49509],
			"to": [5.19491, 7.64739, 1.95509],
			"rotation": {"angle": 0, "axis": "y", "origin": [18.07491, 19.60739, 14.83509]},
			"faces": {
				"north": {"uv": [0, 0, 1, 1.5], "texture": "#2"},
				"east": {"uv": [0, 0, 0.75, 1.5], "texture": "#2"},
				"south": {"uv": [0, 0, 1, 1.5], "texture": "#2"},
				"west": {"uv": [0, 0, 0.75, 1.5], "texture": "#2"},
				"up": {"uv": [0, 0, 1, 0.75], "texture": "#2"},
				"down": {"uv": [0, 0, 1, 0.75], "texture": "#2"}
			}
		},
		{
			"from": [3.81491, 3.96739, -1.26491],
			"to": [10.71491, 6.72739, 0.57509],
			"rotation": {"angle": 0, "axis": "y", "origin": [19.91491, 18.68739, 13.45509]},
			"faces": {
				"north": {"uv": [0, 0, 1, 1.5], "texture": "#2"},
				"east": {"uv": [0, 0, 1, 1.5], "texture": "#2"},
				"south": {"uv": [0, 0, 2, 1.5], "texture": "#2"},
				"west": {"uv": [0, 0, 1, 1.5], "texture": "#2"},
				"up": {"uv": [0, 0, 2, 1], "texture": "#2"},
				"down": {"uv": [0, 0, 2, 1], "texture": "#2"}
			}
		},
		{
			"from": [3.81491, 3.96739, -1.35691],
			"to": [10.71491, 6.72739, 0.48309],
			"rotation": {"angle": 0, "axis": "y", "origin": [19.91491, 18.68739, 13.45509]},
			"faces": {
				"north": {"uv": [0, 3.5, 16, 12.75], "texture": "#7"},
				"east": {"uv": [0, 0, 1, 1.5], "texture": "#2"},
				"south": {"uv": [0, 0, 2, 1.5], "texture": "#2"},
				"west": {"uv": [0, 0, 1, 1.5], "texture": "#2"},
				"up": {"uv": [0, 0, 2, 1], "texture": "#2"},
				"down": {"uv": [0, 0, 2, 1], "texture": "#2"}
			}
		},
		{
			"from": [5.19491, 3.96739, -0.34491],
			"to": [8.87491, 7.64739, 1.49509],
			"rotation": {"angle": 0, "axis": "y", "origin": [19.91491, 18.68739, 13.45509]},
			"faces": {
				"north": {"uv": [0, 0, 2, 2], "texture": "#2"},
				"east": {"uv": [0, 0, 1, 2], "texture": "#2"},
				"south": {"uv": [0, 0, 2, 2], "texture": "#2"},
				"west": {"uv": [0, 0, 1, 2], "texture": "#2"},
				"up": {"uv": [0, 0, 2, 1], "texture": "#2"},
				"down": {"uv": [0, 0, 2, 1], "texture": "#2"}
			}
		},
		{
			"from": [8.87491, 6.72739, 0.57509],
			"to": [9.79491, 8.56739, 1.49509],
			"rotation": {"angle": 0, "axis": "y", "origin": [21.29491, 19.60739, 13.45509]},
			"faces": {
				"north": {"uv": [0, 0, 15.75, 15.5], "texture": "#4"},
				"east": {"uv": [0, 0, 15.75, 15.5], "texture": "#4"},
				"south": {"uv": [0, 0, 15.75, 15.5], "texture": "#4"},
				"west": {"uv": [0, 0, 15.75, 15.5], "texture": "#4"},
				"up": {"uv": [0, 0, 15.75, 15.5], "texture": "#4"},
				"down": {"uv": [0, 0, 15.75, 15.5], "texture": "#4"}
			}
		},
		{
			"from": [4.27491, 6.72739, 0.57509],
			"to": [5.19491, 8.56739, 1.49509],
			"rotation": {"angle": 0, "axis": "y", "origin": [16.23491, 19.60739, 13.45509]},
			"faces": {
				"north": {"uv": [0, 0, 15.75, 15.5], "texture": "#4"},
				"east": {"uv": [0, 0, 15.75, 15.5], "texture": "#4"},
				"south": {"uv": [0, 0, 15.75, 15.5], "texture": "#4"},
				"west": {"uv": [0, 0, 15.75, 15.5], "texture": "#4"},
				"up": {"uv": [0, 0, 15.75, 15.5], "texture": "#4"},
				"down": {"uv": [0, 0, 15.75, 15.5], "texture": "#4"}
			}
		},
		{
			"from": [8.87491, 3.96739, -0.34491],
			"to": [12.55491, 6.72739, 1.95509],
			"rotation": {"angle": 0, "axis": "y", "origin": [23.59491, 18.68739, 14.83509]},
			"faces": {
				"north": {"uv": [0, 0, 2, 1.5], "texture": "#2"},
				"east": {"uv": [0, 0, 1, 1.5], "texture": "#2"},
				"south": {"uv": [0, 0, 2, 1.5], "texture": "#2"},
				"west": {"uv": [0, 0, 1, 1.5], "texture": "#2"},
				"up": {"uv": [0, 0, 2, 1], "texture": "#2"},
				"down": {"uv": [0, 0, 2, 1], "texture": "#2"}
			}
		},
		{
			"from": [8.87491, 4.88739, 1.49509],
			"to": [12.55491, 7.64739, 3.33509],
			"rotation": {"angle": 0, "axis": "y", "origin": [23.59491, 19.60739, 16.21509]},
			"faces": {
				"north": {"uv": [0, 0, 2, 1.5], "texture": "#2"},
				"east": {"uv": [0, 0, 1, 1.5], "texture": "#2"},
				"south": {"uv": [0, 0, 2, 1.5], "texture": "#2"},
				"west": {"uv": [0, 0, 1, 1.5], "texture": "#2"},
				"up": {"uv": [0, 0, 2, 1], "texture": "#2"},
				"down": {"uv": [0, 0, 2, 1], "texture": "#2"}
			}
		},
		{
			"from": [11.63491, 3.96739, 1.49509],
			"to": [13.47491, 6.72739, 6.55509],
			"rotation": {"angle": 0, "axis": "y", "origin": [27.27491, 18.68739, 14.83509]},
			"faces": {
				"north": {"uv": [0, 0, 1, 1.5], "texture": "#2"},
				"east": {"uv": [0, 0, 2.75, 1.5], "texture": "#2"},
				"south": {"uv": [0, 0, 1, 1.5], "texture": "#2"},
				"west": {"uv": [0, 0, 2.75, 1.5], "texture": "#2"},
				"up": {"uv": [0, 0, 1, 2.75], "texture": "#2"},
				"down": {"uv": [0, 0, 1, 2.75], "texture": "#2"}
			}
		},
		{
			"from": [11.17491, 4.88739, 1.49509],
			"to": [13.01491, 7.64739, 6.55509],
			"rotation": {"angle": 0, "axis": "y", "origin": [26.81491, 19.60739, 14.83509]},
			"faces": {
				"north": {"uv": [0, 0, 1, 1.5], "texture": "#2"},
				"east": {"uv": [0, 0, 2.75, 1.5], "texture": "#2"},
				"south": {"uv": [0, 0, 1, 1.5], "texture": "#2"},
				"west": {"uv": [0, 0, 2.75, 1.5], "texture": "#2"},
				"up": {"uv": [0, 0, 1, 2.75], "texture": "#2"},
				"down": {"uv": [0, 0, 1, 2.75], "texture": "#2"}
			}
		},
		{
			"from": [11.63491, 3.96739, 5.63509],
			"to": [13.93491, 6.72739, 11.15509],
			"rotation": {"angle": 0, "axis": "y", "origin": [26.35491, 18.68739, 20.35509]},
			"faces": {
				"north": {"uv": [0, 0, 0.75, 1.5], "texture": "#2"},
				"east": {"uv": [0, 0, 3, 1.5], "texture": "#2"},
				"south": {"uv": [0, 0, 0.75, 1.5], "texture": "#2"},
				"west": {"uv": [0, 0, 3, 1.5], "texture": "#2"},
				"up": {"uv": [0, 0, 0.75, 3], "texture": "#2"},
				"down": {"uv": [0, 0, 0.75, 3], "texture": "#2"}
			}
		},
		{
			"from": [10.71491, 4.88739, 5.63509],
			"to": [12.09491, 7.64739, 11.15509],
			"rotation": {"angle": 0, "axis": "y", "origin": [25.43491, 19.60739, 20.35509]},
			"faces": {
				"north": {"uv": [0, 0, 0.75, 1.5], "texture": "#2"},
				"east": {"uv": [0, 0, 3, 1.5], "texture": "#2"},
				"south": {"uv": [0, 0, 0.75, 1.5], "texture": "#2"},
				"west": {"uv": [0, 0, 3, 1.5], "texture": "#2"},
				"up": {"uv": [0, 0, 0.75, 3], "texture": "#2"},
				"down": {"uv": [0, 0, 0.75, 3], "texture": "#2"}
			}
		},
		{
			"from": [12.09491, 3.96739, 9.31509],
			"to": [13.93491, 6.72739, 14.83509],
			"rotation": {"angle": 0, "axis": "y", "origin": [26.81491, 18.68739, 24.03509]},
			"faces": {
				"north": {"uv": [0, 0, 1, 1.5], "texture": "#2"},
				"east": {"uv": [0, 0, 3, 1.5], "texture": "#2"},
				"south": {"uv": [0, 0, 1, 1.5], "texture": "#2"},
				"west": {"uv": [0, 0, 3, 1.5], "texture": "#2"},
				"up": {"uv": [0, 0, 1, 3], "texture": "#2"},
				"down": {"uv": [0, 0, 1, 3], "texture": "#2"}
			}
		},
		{
			"from": [11.17491, 4.88739, 9.31509],
			"to": [13.01491, 7.64739, 14.83509],
			"rotation": {"angle": 0, "axis": "y", "origin": [25.89491, 19.60739, 24.03509]},
			"faces": {
				"north": {"uv": [0, 0, 1, 1.5], "texture": "#2"},
				"east": {"uv": [0, 0, 3, 1.5], "texture": "#2"},
				"south": {"uv": [0, 0, 1, 1.5], "texture": "#2"},
				"west": {"uv": [0, 0, 3, 1.5], "texture": "#2"},
				"up": {"uv": [0, 0, 1, 3], "texture": "#2"},
				"down": {"uv": [0, 0, 1, 3], "texture": "#2"}
			}
		},
		{
			"from": [10.71491, 3.96739, 14.83509],
			"to": [12.55491, 6.72739, 16.67509],
			"rotation": {"angle": 0, "axis": "y", "origin": [25.43491, 18.68739, 24.03509]},
			"faces": {
				"north": {"uv": [0, 0, 1, 1.5], "texture": "#2"},
				"east": {"uv": [0, 0, 1, 1.5], "texture": "#2"},
				"south": {"uv": [0, 0, 1, 1.5], "texture": "#2"},
				"west": {"uv": [0, 0, 1, 1.5], "texture": "#2"},
				"up": {"uv": [0, 0, 1, 1], "texture": "#2"},
				"down": {"uv": [0, 0, 1, 1], "texture": "#2"}
			}
		},
		{
			"from": [3.35491, 4.88739, 14.83509],
			"to": [11.17491, 7.64739, 16.67509],
			"rotation": {"angle": 0, "axis": "y", "origin": [24.05491, 19.60739, 24.03509]},
			"faces": {
				"north": {"uv": [0, 0, 4.25, 1.5], "texture": "#2"},
				"east": {"uv": [0, 0, 1, 1.5], "texture": "#2"},
				"south": {"uv": [0, 0, 4.25, 1.5], "texture": "#2"},
				"west": {"uv": [0, 0, 1, 1.5], "texture": "#2"},
				"up": {"uv": [0, 0, 4.25, 1], "texture": "#2"},
				"down": {"uv": [0, 0, 4.25, 1], "texture": "#2"}
			}
		},
		{
			"from": [2.89491, 3.96739, 15.75509],
			"to": [11.17491, 6.72739, 17.59509],
			"rotation": {"angle": 0, "axis": "y", "origin": [24.05491, 18.68739, 24.95509]},
			"faces": {
				"north": {"uv": [0, 0, 4.5, 1.5], "texture": "#2"},
				"east": {"uv": [0, 0, 1, 1.5], "texture": "#2"},
				"south": {"uv": [0, 0, 4.5, 1.5], "texture": "#2"},
				"west": {"uv": [0, 0, 1, 1.5], "texture": "#2"},
				"up": {"uv": [0, 0, 4.5, 1], "texture": "#2"},
				"down": {"uv": [0, 0, 4.5, 1], "texture": "#2"}
			}
		},
		{
			"from": [1.97491, 3.96739, 0.57509],
			"to": [12.09491, 6.72739, 15.75509],
			"rotation": {"angle": 0, "axis": "y", "origin": [23.13491, 18.68739, 23.11509]},
			"faces": {
				"north": {"uv": [0, 0, 5.5, 1.5], "texture": "#2"},
				"east": {"uv": [0, 0, 8.25, 1.5], "texture": "#2"},
				"south": {"uv": [0, 0, 5.5, 1.5], "texture": "#2"},
				"west": {"uv": [0, 2.095, 15.983, 15.937], "texture": "#2"},
				"up": {"uv": [0, 0, 5.5, 8.25], "texture": "#2"},
				"down": {"uv": [0, 0, 5.5, 8.25], "texture": "#2"}
			}
		},
		{
			"from": [3.35491, 3.50739, 0.57509],
			"to": [12.09491, 3.96739, 15.75509],
			"rotation": {"angle": 0, "axis": "y", "origin": [23.13491, 18.68739, 23.11509]},
			"faces": {
				"north": {"uv": [0, 0, 5.5, 1.5], "texture": "#2"},
				"east": {"uv": [0, 0, 8.25, 1.5], "texture": "#2"},
				"south": {"uv": [0, 0, 5.5, 1.5], "texture": "#2"},
				"west": {"uv": [0, 2.095, 15.983, 15.937], "texture": "#2"},
				"up": {"uv": [0, 0, 5.5, 8.25], "texture": "#2"},
				"down": {"uv": [0, 0, 5.5, 8.25], "texture": "#2"}
			}
		},
		{
			"from": [3.81491, 3.04739, 0.57509],
			"to": [11.17491, 3.96739, 15.75509],
			"rotation": {"angle": 0, "axis": "y", "origin": [23.13491, 18.68739, 23.11509]},
			"faces": {
				"north": {"uv": [0, 0, 5.5, 1.5], "texture": "#2"},
				"east": {"uv": [0, 0, 8.25, 1.5], "texture": "#2"},
				"south": {"uv": [0, 0, 5.5, 1.5], "texture": "#2"},
				"west": {"uv": [0, 2.095, 15.983, 15.937], "texture": "#2"},
				"up": {"uv": [0, 0, 5.5, 8.25], "texture": "#2"},
				"down": {"uv": [0, 0, 5.5, 8.25], "texture": "#2"}
			}
		},
		{
			"from": [3.81491, 3.50739, -0.34491],
			"to": [10.71491, 3.96739, 15.75509],
			"rotation": {"angle": 0, "axis": "y", "origin": [23.13491, 18.68739, 23.11509]},
			"faces": {
				"north": {"uv": [0, 0, 5.5, 1.5], "texture": "#2"},
				"east": {"uv": [0, 0, 8.25, 1.5], "texture": "#2"},
				"south": {"uv": [0, 0, 5.5, 1.5], "texture": "#2"},
				"west": {"uv": [0, 2.095, 15.983, 15.937], "texture": "#2"},
				"up": {"uv": [0, 0, 5.5, 8.25], "texture": "#2"},
				"down": {"uv": [0, 0, 5.5, 8.25], "texture": "#2"}
			}
		},
		{
			"from": [3.81491, 3.50739, -0.34491],
			"to": [11.17491, 3.96739, 16.67509],
			"rotation": {"angle": 0, "axis": "y", "origin": [23.13491, 18.68739, 23.11509]},
			"faces": {
				"north": {"uv": [0, 0, 5.5, 1.5], "texture": "#2"},
				"east": {"uv": [0, 0, 8.25, 1.5], "texture": "#2"},
				"south": {"uv": [0, 0, 5.5, 1.5], "texture": "#2"},
				"west": {"uv": [0, 2.095, 15.983, 15.937], "texture": "#2"},
				"up": {"uv": [0, 0, 5.5, 8.25], "texture": "#2"},
				"down": {"uv": [0, 0, 5.5, 8.25], "texture": "#2"}
			}
		},
		{
			"from": [1.88291, 3.96739, 6.09509],
			"to": [14.02691, 6.72739, 10.23509],
			"rotation": {"angle": 0, "axis": "y", "origin": [23.13491, 18.68739, 23.11509]},
			"faces": {
				"north": {"uv": [0, 0, 5.5, 1.5], "texture": "#2"},
				"east": {"uv": [0, 0, 15.981, 15.987], "texture": "#8"},
				"south": {"uv": [0, 0, 5.5, 1.5], "texture": "#2"},
				"west": {"uv": [0, 0.011, 15.949, 15.936], "texture": "#8"},
				"up": {"uv": [0, 0, 5.5, 8.25], "texture": "#2"},
				"down": {"uv": [0, 0, 5.5, 8.25], "texture": "#2"}
			}
		},
		{
			"from": [2.89491, 3.96739, 1.49509],
			"to": [11.63491, 9.02739, 5.17509],
			"rotation": {"angle": 0, "axis": "y", "origin": [23.13491, 18.68739, 23.11509]},
			"faces": {
				"north": {"uv": [0, 0, 4.75, 2.75], "texture": "#2"},
				"east": {"uv": [0, 0, 2, 2.75], "texture": "#2"},
				"south": {"uv": [0, 0, 4.75, 2.75], "texture": "#2"},
				"west": {"uv": [0, 0, 2, 2.75], "texture": "#2"},
				"up": {"uv": [0, 0, 4.75, 2], "texture": "#2"},
				"down": {"uv": [0, 0, 4.75, 2], "texture": "#2"}
			}
		},
		{
			"from": [2.43491, 3.96739, 1.95509],
			"to": [12.09491, 8.56739, 4.71509],
			"rotation": {"angle": 0, "axis": "y", "origin": [23.13491, 18.68739, 23.11509]},
			"faces": {
				"north": {"uv": [0, 0, 4.75, 2.75], "texture": "#2"},
				"east": {"uv": [0, 0, 2, 2.75], "texture": "#2"},
				"south": {"uv": [0, 0, 4.75, 2.75], "texture": "#2"},
				"west": {"uv": [0, 0, 2, 2.75], "texture": "#2"},
				"up": {"uv": [0, 0, 4.75, 2], "texture": "#2"},
				"down": {"uv": [0, 0, 4.75, 2], "texture": "#2"}
			}
		},
		{
			"from": [2.25091, 3.96739, 2.41509],
			"to": [8.04691, 8.10739, 4.25509],
			"rotation": {"angle": 0, "axis": "y", "origin": [23.13491, 18.68739, 23.11509]},
			"faces": {
				"north": {"uv": [0, 0, 4.75, 2.75], "texture": "#2"},
				"east": {"uv": [0, 0, 2, 2.75], "texture": "#2"},
				"south": {"uv": [0, 0, 4.75, 2.75], "texture": "#2"},
				"west": {"uv": [0, 0, 2, 2.75], "texture": "#2"},
				"up": {"uv": [0, 0, 4.75, 2], "texture": "#2"},
				"down": {"uv": [0, 0, 4.75, 2], "texture": "#2"}
			}
		},
		{
			"from": [3.35491, 3.96739, 1.03509],
			"to": [11.17491, 8.75139, 5.17509],
			"rotation": {"angle": 0, "axis": "y", "origin": [23.13491, 18.68739, 23.11509]},
			"faces": {
				"north": {"uv": [0, 0, 4.75, 2.75], "texture": "#2"},
				"east": {"uv": [0, 0, 2, 2.75], "texture": "#2"},
				"south": {"uv": [0, 0, 4.75, 2.75], "texture": "#2"},
				"west": {"uv": [0, 0, 2, 2.75], "texture": "#2"},
				"up": {"uv": [0, 0, 4.75, 2], "texture": "#2"},
				"down": {"uv": [0, 0, 4.75, 2], "texture": "#2"}
			}
		},
		{
			"from": [3.35491, 3.96739, 1.95509],
			"to": [11.17491, 9.48739, 5.17509],
			"rotation": {"angle": 0, "axis": "y", "origin": [23.13491, 18.68739, 23.11509]},
			"faces": {
				"north": {"uv": [0, 0, 4.75, 2.75], "texture": "#2"},
				"east": {"uv": [0, 0, 2, 2.75], "texture": "#2"},
				"south": {"uv": [0, 0, 4.75, 2.75], "texture": "#2"},
				"west": {"uv": [0, 0, 2, 2.75], "texture": "#2"},
				"up": {"uv": [0, 0, 4.75, 2], "texture": "#2"},
				"down": {"uv": [0, 0, 4.75, 2], "texture": "#2"}
			}
		},
		{
			"from": [3.81491, 3.96739, 2.41509],
			"to": [10.71491, 9.67139, 5.17509],
			"rotation": {"angle": 0, "axis": "y", "origin": [23.13491, 18.68739, 23.11509]},
			"faces": {
				"north": {"uv": [0, 0, 4.75, 2.75], "texture": "#2"},
				"east": {"uv": [0, 0, 2, 2.75], "texture": "#2"},
				"south": {"uv": [0, 0, 4.75, 2.75], "texture": "#2"},
				"west": {"uv": [0, 0, 2, 2.75], "texture": "#2"},
				"up": {"uv": [0, 0, 4.75, 2], "texture": "#2"},
				"down": {"uv": [0, 0, 4.75, 2], "texture": "#2"}
			}
		},
		{
			"from": [3.35491, 3.96739, 5.17509],
			"to": [11.17491, 8.56739, 5.63509],
			"rotation": {"angle": 0, "axis": "y", "origin": [23.13491, 18.68739, 23.11509]},
			"faces": {
				"north": {"uv": [0, 0, 4.25, 2.5], "texture": "#0"},
				"east": {"uv": [0, 0, 0.25, 2.5], "texture": "#0"},
				"south": {"uv": [0, 0, 4.25, 2.5], "texture": "#0"},
				"west": {"uv": [0, 0, 0.25, 2.5], "texture": "#0"},
				"up": {"uv": [0, 0, 4.25, 0.25], "texture": "#0"},
				"down": {"uv": [0, 0, 4.25, 0.25], "texture": "#0"}
			}
		},
		{
			"from": [-6.59767, 15.5615, 5.63509],
			"to": [-4.75767, 16.0215, 6.09509],
			"rotation": {"angle": 45, "axis": "z", "origin": [11.80233, 29.8215, 23.57509]},
			"faces": {
				"north": {"uv": [0, 0, 2.5, 2.5], "texture": "#3"},
				"east": {"uv": [0, 0, 0.25, 2.5], "texture": "#3"},
				"south": {"uv": [0, 0, 2.5, 2.5], "texture": "#3"},
				"west": {"uv": [0, 0, 0.25, 2.5], "texture": "#3"},
				"up": {"uv": [0, 0, 2.5, 0.25], "texture": "#3"},
				"down": {"uv": [0, 0, 2.5, 0.25], "texture": "#3"}
			}
		},
		{
			"from": [20.66749, 15.5615, 5.63509],
			"to": [22.50749, 16.0215, 6.09509],
			"rotation": {"angle": -45, "axis": "z", "origin": [4.10749, 29.8215, 23.57509]},
			"faces": {
				"north": {"uv": [2.5, 0, 0, 2.5], "texture": "#3"},
				"east": {"uv": [0.25, 0, 0, 2.5], "texture": "#3"},
				"south": {"uv": [2.5, 0, 0, 2.5], "texture": "#3"},
				"west": {"uv": [0.25, 0, 0, 2.5], "texture": "#3"},
				"up": {"uv": [2.5, 0, 0, 0.25], "texture": "#3"},
				"down": {"uv": [2.5, 0, 0, 0.25], "texture": "#3"}
			}
		},
		{
			"from": [0.88188, -5.60411, 5.63509],
			"to": [1.34188, -3.76411, 6.09509],
			"rotation": {"angle": 45, "axis": "z", "origin": [-12.91812, 12.79589, 23.57509]},
			"faces": {
				"north": {"uv": [0, 0, 2.5, 2.5], "rotation": 90, "texture": "#3"},
				"east": {"uv": [0, 0, 2.5, 0.25], "rotation": 270, "texture": "#3"},
				"south": {"uv": [0, 0, 2.5, 2.5], "rotation": 270, "texture": "#3"},
				"west": {"uv": [0, 0, 2.5, 0.25], "rotation": 270, "texture": "#3"},
				"up": {"uv": [0, 0, 0.25, 2.5], "rotation": 270, "texture": "#3"},
				"down": {"uv": [0, 0, 0.25, 2.5], "rotation": 270, "texture": "#3"}
			}
		},
		{
			"from": [14.56794, -5.60411, 5.63509],
			"to": [15.02794, -3.76411, 6.09509],
			"rotation": {"angle": -45, "axis": "z", "origin": [28.82794, 12.79589, 23.57509]},
			"faces": {
				"north": {"uv": [0, 2.5, 2.5, 0], "rotation": 90, "texture": "#3"},
				"east": {"uv": [0, 0.25, 2.5, 0], "rotation": 270, "texture": "#3"},
				"south": {"uv": [0, 2.5, 2.5, 0], "rotation": 270, "texture": "#3"},
				"west": {"uv": [0, 0.25, 2.5, 0], "rotation": 270, "texture": "#3"},
				"up": {"uv": [0, 2.5, 0.25, 0], "rotation": 270, "texture": "#3"},
				"down": {"uv": [0, 2.5, 0.25, 0], "rotation": 270, "texture": "#3"}
			}
		},
		{
			"from": [7.03491, 10.70954, 5.63509],
			"to": [8.87491, 11.16954, 6.09509],
			"rotation": {"angle": 0, "axis": "z", "origin": [-9.52509, -3.09046, 23.57509]},
			"faces": {
				"north": {"uv": [0, 0, 2.5, 2.5], "rotation": 180, "texture": "#3"},
				"east": {"uv": [0, 0, 0.25, 2.5], "rotation": 180, "texture": "#3"},
				"south": {"uv": [0, 0, 2.5, 2.5], "rotation": 180, "texture": "#3"},
				"west": {"uv": [0, 0, 0.25, 2.5], "rotation": 180, "texture": "#3"},
				"up": {"uv": [0, 0, 2.5, 0.25], "rotation": 180, "texture": "#3"},
				"down": {"uv": [0, 0, 2.5, 0.25], "rotation": 180, "texture": "#3"}
			}
		},
		{
			"from": [5.73383, 8.02847, 5.63509],
			"to": [6.19383, 9.86847, 6.09509],
			"rotation": {"angle": 0, "axis": "z", "origin": [-11.36509, -3.09046, 23.57509]},
			"faces": {
				"north": {"uv": [0, 0, 2.5, 2.5], "rotation": 270, "texture": "#3"},
				"east": {"uv": [0, 0, 2.5, 0.25], "rotation": 90, "texture": "#3"},
				"south": {"uv": [0, 0, 2.5, 2.5], "rotation": 90, "texture": "#3"},
				"west": {"uv": [0, 0, 2.5, 0.25], "rotation": 90, "texture": "#3"},
				"up": {"uv": [0, 0, 0.25, 2.5], "rotation": 90, "texture": "#3"},
				"down": {"uv": [0, 0, 0.25, 2.5], "rotation": 90, "texture": "#3"}
			}
		},
		{
			"from": [7.03491, 6.72739, 5.63509],
			"to": [8.87491, 7.18739, 6.09509],
			"rotation": {"angle": 0, "axis": "z", "origin": [19.99383, -10.37153, 23.57509]},
			"faces": {
				"north": {"uv": [0, 0, 2.5, 2.5], "texture": "#3"},
				"east": {"uv": [0, 0, 0.25, 2.5], "texture": "#3"},
				"south": {"uv": [0, 0, 2.5, 2.5], "texture": "#3"},
				"west": {"uv": [0, 0, 0.25, 2.5], "texture": "#3"},
				"up": {"uv": [0, 0, 2.5, 0.25], "texture": "#3"},
				"down": {"uv": [0, 0, 2.5, 0.25], "texture": "#3"}
			}
		},
		{
			"from": [9.71599, 8.02847, 5.63509],
			"to": [10.17599, 9.86847, 6.09509],
			"rotation": {"angle": 0, "axis": "z", "origin": [27.27491, 20.98739, 23.57509]},
			"faces": {
				"north": {"uv": [0, 0, 2.5, 2.5], "rotation": 90, "texture": "#3"},
				"east": {"uv": [0, 0, 2.5, 0.25], "rotation": 270, "texture": "#3"},
				"south": {"uv": [0, 0, 2.5, 2.5], "rotation": 270, "texture": "#3"},
				"west": {"uv": [0, 0, 2.5, 0.25], "rotation": 270, "texture": "#3"},
				"up": {"uv": [0, 0, 0.25, 2.5], "rotation": 270, "texture": "#3"},
				"down": {"uv": [0, 0, 0.25, 2.5], "rotation": 270, "texture": "#3"}
			}
		},
		{
			"from": [7.77091, 9.30339, 5.63509],
			"to": [8.23091, 11.14339, 6.09509],
			"rotation": {"angle": 0, "axis": "z", "origin": [-4.08401, 28.26847, 23.57509]},
			"faces": {
				"north": {"uv": [0, 0, 2.5, 2.5], "rotation": 90, "texture": "#3"},
				"east": {"uv": [0, 0, 2.5, 0.25], "rotation": 270, "texture": "#3"},
				"south": {"uv": [0, 0, 2.5, 2.5], "rotation": 270, "texture": "#3"},
				"west": {"uv": [0, 0, 2.5, 0.25], "rotation": 270, "texture": "#3"},
				"up": {"uv": [0, 0, 0.25, 2.5], "rotation": 270, "texture": "#3"},
				"down": {"uv": [0, 0, 0.25, 2.5], "rotation": 270, "texture": "#3"}
			}
		},
		{
			"from": [7.31091, 8.29139, 5.63509],
			"to": [8.69091, 9.67139, 6.09509],
			"rotation": {"angle": 0, "axis": "z", "origin": [-4.08401, 26.42847, 23.57509]},
			"faces": {
				"north": {"uv": [0, 0, 2.5, 2.5], "rotation": 90, "texture": "#3"},
				"east": {"uv": [0, 0, 2.5, 0.25], "rotation": 270, "texture": "#3"},
				"south": {"uv": [0, 0, 2.5, 2.5], "rotation": 270, "texture": "#3"},
				"west": {"uv": [0, 0, 2.5, 0.25], "rotation": 270, "texture": "#3"},
				"up": {"uv": [0, 0, 0.25, 2.5], "rotation": 270, "texture": "#3"},
				"down": {"uv": [0, 0, 0.25, 2.5], "rotation": 270, "texture": "#3"}
			}
		},
		{
			"from": [5.75999, 8.75139, 5.63509],
			"to": [7.59999, 9.21139, 6.09509],
			"rotation": {"angle": 0, "axis": "z", "origin": [-11.36509, -3.09046, 23.57509]},
			"faces": {
				"north": {"uv": [0, 0, 2.5, 2.5], "rotation": 180, "texture": "#3"},
				"east": {"uv": [0, 0, 0.25, 2.5], "rotation": 180, "texture": "#3"},
				"south": {"uv": [0, 0, 2.5, 2.5], "rotation": 180, "texture": "#3"},
				"west": {"uv": [0, 0, 0.25, 2.5], "rotation": 180, "texture": "#3"},
				"up": {"uv": [0, 0, 2.5, 0.25], "rotation": 180, "texture": "#3"},
				"down": {"uv": [0, 0, 2.5, 0.25], "rotation": 180, "texture": "#3"}
			}
		},
		{
			"from": [7.77091, 6.75354, 5.63509],
			"to": [8.23091, 8.59354, 6.09509],
			"rotation": {"angle": 0, "axis": "z", "origin": [19.99383, -10.37153, 23.57509]},
			"faces": {
				"north": {"uv": [0, 0, 2.5, 2.5], "rotation": 270, "texture": "#3"},
				"east": {"uv": [0, 0, 2.5, 0.25], "rotation": 90, "texture": "#3"},
				"south": {"uv": [0, 0, 2.5, 2.5], "rotation": 90, "texture": "#3"},
				"west": {"uv": [0, 0, 2.5, 0.25], "rotation": 90, "texture": "#3"},
				"up": {"uv": [0, 0, 0.25, 2.5], "rotation": 90, "texture": "#3"},
				"down": {"uv": [0, 0, 0.25, 2.5], "rotation": 90, "texture": "#3"}
			}
		},
		{
			"from": [8.30983, 8.75139, 5.63509],
			"to": [10.14983, 9.21139, 6.09509],
			"rotation": {"angle": 0, "axis": "z", "origin": [27.27491, 20.98739, 23.57509]},
			"faces": {
				"north": {"uv": [0, 0, 2.5, 2.5], "texture": "#3"},
				"east": {"uv": [0, 0, 0.25, 2.5], "texture": "#3"},
				"south": {"uv": [0, 0, 2.5, 2.5], "texture": "#3"},
				"west": {"uv": [0, 0, 0.25, 2.5], "texture": "#3"},
				"up": {"uv": [0, 0, 2.5, 0.25], "texture": "#3"},
				"down": {"uv": [0, 0, 2.5, 0.25], "texture": "#3"}
			}
		},
		{
			"from": [2.89491, 3.96739, 11.15509],
			"to": [11.63491, 9.02739, 14.83509],
			"rotation": {"angle": 0, "axis": "y", "origin": [23.13491, 18.68739, 32.77509]},
			"faces": {
				"north": {"uv": [0, 0, 4.75, 2.75], "texture": "#2"},
				"east": {"uv": [0, 0, 2, 2.75], "texture": "#2"},
				"south": {"uv": [0, 0, 4.75, 2.75], "texture": "#2"},
				"west": {"uv": [0, 0, 2, 2.75], "texture": "#2"},
				"up": {"uv": [0, 0, 4.75, 2], "texture": "#2"},
				"down": {"uv": [0, 0, 4.75, 2], "texture": "#2"}
			}
		},
		{
			"from": [2.43491, 3.96739, 11.61509],
			"to": [12.09491, 8.56739, 14.37509],
			"rotation": {"angle": 0, "axis": "y", "origin": [23.13491, 18.68739, 32.77509]},
			"faces": {
				"north": {"uv": [0, 0, 4.75, 2.75], "texture": "#2"},
				"east": {"uv": [0, 0, 2, 2.75], "texture": "#2"},
				"south": {"uv": [0, 0, 4.75, 2.75], "texture": "#2"},
				"west": {"uv": [0, 0, 2, 2.75], "texture": "#2"},
				"up": {"uv": [0, 0, 4.75, 2], "texture": "#2"},
				"down": {"uv": [0, 0, 4.75, 2], "texture": "#2"}
			}
		},
		{
			"from": [3.35491, 3.96739, 11.15509],
			"to": [11.17491, 8.56739, 15.75509],
			"rotation": {"angle": 0, "axis": "y", "origin": [23.13491, 18.68739, 32.77509]},
			"faces": {
				"north": {"uv": [0, 0, 4.75, 2.75], "texture": "#2"},
				"east": {"uv": [0, 0, 2, 2.75], "texture": "#2"},
				"south": {"uv": [0, 0, 4.75, 2.75], "texture": "#2"},
				"west": {"uv": [0, 0, 2, 2.75], "texture": "#2"},
				"up": {"uv": [0, 0, 4.75, 2], "texture": "#2"},
				"down": {"uv": [0, 0, 4.75, 2], "texture": "#2"}
			}
		},
		{
			"from": [3.35491, 3.96739, 11.15509],
			"to": [11.17491, 9.94739, 14.37509],
			"rotation": {"angle": 0, "axis": "y", "origin": [23.13491, 18.68739, 32.77509]},
			"faces": {
				"north": {"uv": [0, 0, 4.75, 2.75], "texture": "#2"},
				"east": {"uv": [0, 0, 2, 2.75], "texture": "#2"},
				"south": {"uv": [0, 0, 4.75, 2.75], "texture": "#2"},
				"west": {"uv": [0, 0, 2, 2.75], "texture": "#2"},
				"up": {"uv": [0, 0, 4.75, 2], "texture": "#2"},
				"down": {"uv": [0, 0, 4.75, 2], "texture": "#2"}
			}
		},
		{
			"from": [4.27491, 3.96739, 11.15509],
			"to": [10.71491, 10.40739, 13.91509],
			"rotation": {"angle": 0, "axis": "y", "origin": [23.13491, 18.68739, 32.77509]},
			"faces": {
				"north": {"uv": [0, 0, 4.75, 2.75], "texture": "#2"},
				"east": {"uv": [0, 0, 2, 2.75], "texture": "#2"},
				"south": {"uv": [0, 0, 4.75, 2.75], "texture": "#2"},
				"west": {"uv": [0, 0, 2, 2.75], "texture": "#2"},
				"up": {"uv": [0, 0, 4.75, 2], "texture": "#2"},
				"down": {"uv": [0, 0, 4.75, 2], "texture": "#2"}
			}
		},
		{
			"from": [2.89491, 4.88739, 1.49509],
			"to": [4.27491, 7.64739, 15.75509],
			"rotation": {"angle": 0, "axis": "y", "origin": [24.05491, 19.60739, 23.11509]},
			"faces": {
				"north": {"uv": [0, 0, 0.75, 1.5], "texture": "#2"},
				"east": {"uv": [0, 0, 8.25, 1.5], "texture": "#2"},
				"south": {"uv": [0, 0, 0.75, 1.5], "texture": "#2"},
				"west": {"uv": [0, 0, 8.25, 1.5], "texture": "#2"},
				"up": {"uv": [0, 0, 0.75, 8.25], "texture": "#2"},
				"down": {"uv": [0, 0, 0.75, 8.25], "texture": "#2"}
			}
		},
		{
			"name": "hexadecagon",
			"from": [10.38371, 1.65871, 1.47669],
			"to": [12.88611, 2.52248, 5.81909],
			"rotation": {"angle": -45, "axis": "x", "origin": [10.71491, 2.09059, 3.64789]},
			"faces": {
				"north": {"uv": [0, 0, 1, 1], "texture": "#0"},
				"east": {"uv": [0, 0, 1, 1], "texture": "#0"},
				"south": {"uv": [0, 0, 1, 1], "texture": "#0"},
				"west": {"uv": [0, 0, 1, 1], "texture": "#0"},
				"up": {"uv": [0, 0, 1, 1], "texture": "#0"},
				"down": {"uv": [0, 0, 1, 1], "texture": "#0"}
			}
		},
		{
			"name": "hexadecagon",
			"from": [10.38371, 1.65871, 12.51669],
			"to": [12.88611, 2.52248, 16.85909],
			"rotation": {"angle": -45, "axis": "x", "origin": [10.71491, 2.09059, 14.68789]},
			"faces": {
				"north": {"uv": [0, 0, 1, 1], "texture": "#0"},
				"east": {"uv": [0, 0, 1, 1], "texture": "#0"},
				"south": {"uv": [0, 0, 1, 1], "texture": "#0"},
				"west": {"uv": [0, 0, 1, 1], "texture": "#0"},
				"up": {"uv": [0, 0, 1, 1], "texture": "#0"},
				"down": {"uv": [0, 0, 1, 1], "texture": "#0"}
			}
		},
		{
			"name": "hexadecagon",
			"from": [11.39645, 1.86354, 12.94504],
			"to": [13.19817, 2.48546, 16.07157],
			"rotation": {"angle": -45, "axis": "x", "origin": [11.63491, 2.1745, 14.5083]},
			"faces": {
				"north": {"uv": [0, 0, 1, 1], "texture": "#1"},
				"east": {"uv": [0, 0, 1, 1], "texture": "#1"},
				"south": {"uv": [0, 0, 1, 1], "texture": "#1"},
				"west": {"uv": [0, 0, 1, 1], "texture": "#1"},
				"up": {"uv": [0, 0, 1, 1], "texture": "#1"},
				"down": {"uv": [0, 0, 1, 1], "texture": "#1"}
			}
		},
		{
			"name": "hexadecagon",
			"from": [11.39645, 1.86354, 1.90504],
			"to": [13.19817, 2.48546, 5.03157],
			"rotation": {"angle": -45, "axis": "x", "origin": [11.63491, 2.1745, 3.4683]},
			"faces": {
				"north": {"uv": [0, 0, 1, 1], "texture": "#1"},
				"east": {"uv": [0, 0, 1, 1], "texture": "#1"},
				"south": {"uv": [0, 0, 1, 1], "texture": "#1"},
				"west": {"uv": [0, 0, 1, 1], "texture": "#1"},
				"up": {"uv": [0, 0, 1, 1], "texture": "#1"},
				"down": {"uv": [0, 0, 1, 1], "texture": "#1"}
			}
		},
		{
			"name": "hexadecagon",
			"from": [3.02371, 1.65871, 12.51669],
			"to": [5.52611, 2.52248, 16.85909],
			"rotation": {"angle": -45, "axis": "x", "origin": [3.35491, 2.09059, 14.68789]},
			"faces": {
				"north": {"uv": [0, 0, 1, 1], "texture": "#0"},
				"east": {"uv": [0, 0, 1, 1], "texture": "#0"},
				"south": {"uv": [0, 0, 1, 1], "texture": "#0"},
				"west": {"uv": [0, 0, 1, 1], "texture": "#0"},
				"up": {"uv": [0, 0, 1, 1], "texture": "#0"},
				"down": {"uv": [0, 0, 1, 1], "texture": "#0"}
			}
		},
		{
			"name": "hexadecagon",
			"from": [2.71091, 1.86354, 12.94504],
			"to": [4.51264, 2.48546, 16.07157],
			"rotation": {"angle": -45, "axis": "x", "origin": [2.65571, 2.1745, 14.5083]},
			"faces": {
				"north": {"uv": [0, 0, 1, 1], "texture": "#1"},
				"east": {"uv": [0, 0, 1, 1], "texture": "#1"},
				"south": {"uv": [0, 0, 1, 1], "texture": "#1"},
				"west": {"uv": [0, 0, 1, 1], "texture": "#1"},
				"up": {"uv": [0, 0, 1, 1], "texture": "#1"},
				"down": {"uv": [0, 0, 1, 1], "texture": "#1"}
			}
		},
		{
			"name": "hexadecagon",
			"from": [3.02371, 1.65871, 1.47669],
			"to": [5.52611, 2.52248, 5.81909],
			"rotation": {"angle": -45, "axis": "x", "origin": [3.35491, 2.09059, 3.64789]},
			"faces": {
				"north": {"uv": [0, 0, 1, 1], "texture": "#0"},
				"east": {"uv": [0, 0, 1, 1], "texture": "#0"},
				"south": {"uv": [0, 0, 1, 1], "texture": "#0"},
				"west": {"uv": [0, 0, 1, 1], "texture": "#0"},
				"up": {"uv": [0, 0, 1, 1], "texture": "#0"},
				"down": {"uv": [0, 0, 1, 1], "texture": "#0"}
			}
		},
		{
			"name": "hexadecagon",
			"from": [2.71091, 1.86354, 2.23624],
			"to": [4.51264, 2.48546, 5.36277],
			"rotation": {"angle": -45, "axis": "x", "origin": [2.65571, 2.1745, 3.7995]},
			"faces": {
				"north": {"uv": [0, 0, 1, 1], "texture": "#1"},
				"east": {"uv": [0, 0, 1, 1], "texture": "#1"},
				"south": {"uv": [0, 0, 1, 1], "texture": "#1"},
				"west": {"uv": [0, 0, 1, 1], "texture": "#1"},
				"up": {"uv": [0, 0, 1, 1], "texture": "#1"},
				"down": {"uv": [0, 0, 1, 1], "texture": "#1"}
			}
		},
		{
			"name": "hexadecagon",
			"from": [10.38371, 1.65871, 1.47669],
			"to": [12.88611, 2.52248, 5.81909],
			"rotation": {"angle": -22.5, "axis": "x", "origin": [10.71491, 2.09059, 3.64789]},
			"faces": {
				"north": {"uv": [0, 0, 1, 1], "texture": "#0"},
				"east": {"uv": [0, 0, 1, 1], "texture": "#0"},
				"south": {"uv": [0, 0, 1, 1], "texture": "#0"},
				"west": {"uv": [0, 0, 1, 1], "texture": "#0"},
				"up": {"uv": [0, 0, 1, 1], "texture": "#0"},
				"down": {"uv": [0, 0, 1, 1], "texture": "#0"}
			}
		},
		{
			"name": "hexadecagon",
			"from": [10.38371, 1.65871, 12.51669],
			"to": [12.88611, 2.52248, 16.85909],
			"rotation": {"angle": -22.5, "axis": "x", "origin": [10.71491, 2.09059, 14.68789]},
			"faces": {
				"north": {"uv": [0, 0, 1, 1], "texture": "#0"},
				"east": {"uv": [0, 0, 1, 1], "texture": "#0"},
				"south": {"uv": [0, 0, 1, 1], "texture": "#0"},
				"west": {"uv": [0, 0, 1, 1], "texture": "#0"},
				"up": {"uv": [0, 0, 1, 1], "texture": "#0"},
				"down": {"uv": [0, 0, 1, 1], "texture": "#0"}
			}
		},
		{
			"name": "hexadecagon",
			"from": [11.39645, 1.86354, 12.94504],
			"to": [13.19817, 2.48546, 16.07157],
			"rotation": {"angle": -22.5, "axis": "x", "origin": [11.63491, 2.1745, 14.5083]},
			"faces": {
				"north": {"uv": [0, 0, 1, 1], "texture": "#1"},
				"east": {"uv": [0, 0, 1, 1], "texture": "#1"},
				"south": {"uv": [0, 0, 1, 1], "texture": "#1"},
				"west": {"uv": [0, 0, 1, 1], "texture": "#1"},
				"up": {"uv": [0, 0, 1, 1], "texture": "#1"},
				"down": {"uv": [0, 0, 1, 1], "texture": "#1"}
			}
		},
		{
			"name": "hexadecagon",
			"from": [11.39645, 1.86354, 1.90504],
			"to": [13.19817, 2.48546, 5.03157],
			"rotation": {"angle": -22.5, "axis": "x", "origin": [11.63491, 2.1745, 3.4683]},
			"faces": {
				"north": {"uv": [0, 0, 1, 1], "texture": "#1"},
				"east": {"uv": [0, 0, 1, 1], "texture": "#1"},
				"south": {"uv": [0, 0, 1, 1], "texture": "#1"},
				"west": {"uv": [0, 0, 1, 1], "texture": "#1"},
				"up": {"uv": [0, 0, 1, 1], "texture": "#1"},
				"down": {"uv": [0, 0, 1, 1], "texture": "#1"}
			}
		},
		{
			"name": "hexadecagon",
			"from": [3.02371, 1.65871, 12.51669],
			"to": [5.52611, 2.52248, 16.85909],
			"rotation": {"angle": -22.5, "axis": "x", "origin": [3.35491, 2.09059, 14.68789]},
			"faces": {
				"north": {"uv": [0, 0, 1, 1], "texture": "#0"},
				"east": {"uv": [0, 0, 1, 1], "texture": "#0"},
				"south": {"uv": [0, 0, 1, 1], "texture": "#0"},
				"west": {"uv": [0, 0, 1, 1], "texture": "#0"},
				"up": {"uv": [0, 0, 1, 1], "texture": "#0"},
				"down": {"uv": [0, 0, 1, 1], "texture": "#0"}
			}
		},
		{
			"name": "hexadecagon",
			"from": [2.71091, 1.86354, 12.94504],
			"to": [4.51264, 2.48546, 16.07157],
			"rotation": {"angle": -22.5, "axis": "x", "origin": [2.65571, 2.1745, 14.5083]},
			"faces": {
				"north": {"uv": [0, 0, 1, 1], "texture": "#1"},
				"east": {"uv": [0, 0, 1, 1], "texture": "#1"},
				"south": {"uv": [0, 0, 1, 1], "texture": "#1"},
				"west": {"uv": [0, 0, 1, 1], "texture": "#1"},
				"up": {"uv": [0, 0, 1, 1], "texture": "#1"},
				"down": {"uv": [0, 0, 1, 1], "texture": "#1"}
			}
		},
		{
			"name": "hexadecagon",
			"from": [3.02371, 1.65871, 1.47669],
			"to": [5.52611, 2.52248, 5.81909],
			"rotation": {"angle": -22.5, "axis": "x", "origin": [3.35491, 2.09059, 3.64789]},
			"faces": {
				"north": {"uv": [0, 0, 1, 1], "texture": "#0"},
				"east": {"uv": [0, 0, 1, 1], "texture": "#0"},
				"south": {"uv": [0, 0, 1, 1], "texture": "#0"},
				"west": {"uv": [0, 0, 1, 1], "texture": "#0"},
				"up": {"uv": [0, 0, 1, 1], "texture": "#0"},
				"down": {"uv": [0, 0, 1, 1], "texture": "#0"}
			}
		},
		{
			"name": "hexadecagon",
			"from": [2.71091, 1.86354, 2.23624],
			"to": [4.51264, 2.48546, 5.36277],
			"rotation": {"angle": -22.5, "axis": "x", "origin": [2.65571, 2.1745, 3.7995]},
			"faces": {
				"north": {"uv": [0, 0, 1, 1], "texture": "#1"},
				"east": {"uv": [0, 0, 1, 1], "texture": "#1"},
				"south": {"uv": [0, 0, 1, 1], "texture": "#1"},
				"west": {"uv": [0, 0, 1, 1], "texture": "#1"},
				"up": {"uv": [0, 0, 1, 1], "texture": "#1"},
				"down": {"uv": [0, 0, 1, 1], "texture": "#1"}
			}
		},
		{
			"name": "hexadecagon",
			"from": [10.38371, 1.65871, 1.47669],
			"to": [12.88611, 2.52248, 5.81909],
			"rotation": {"angle": 0, "axis": "x", "origin": [10.71491, 2.09059, 3.64789]},
			"faces": {
				"north": {"uv": [0, 0, 1, 1], "texture": "#0"},
				"east": {"uv": [0, 0, 1, 1], "texture": "#0"},
				"south": {"uv": [0, 0, 1, 1], "texture": "#0"},
				"west": {"uv": [0, 0, 1, 1], "texture": "#0"},
				"up": {"uv": [0, 0, 1, 1], "texture": "#0"},
				"down": {"uv": [0, 0, 1, 1], "texture": "#0"}
			}
		},
		{
			"name": "hexadecagon",
			"from": [10.38371, 1.65871, 12.51669],
			"to": [12.88611, 2.52248, 16.85909],
			"rotation": {"angle": 0, "axis": "x", "origin": [10.71491, 2.09059, 14.68789]},
			"faces": {
				"north": {"uv": [0, 0, 1, 1], "texture": "#0"},
				"east": {"uv": [0, 0, 1, 1], "texture": "#0"},
				"south": {"uv": [0, 0, 1, 1], "texture": "#0"},
				"west": {"uv": [0, 0, 1, 1], "texture": "#0"},
				"up": {"uv": [0, 0, 1, 1], "texture": "#0"},
				"down": {"uv": [0, 0, 1, 1], "texture": "#0"}
			}
		},
		{
			"name": "hexadecagon",
			"from": [11.39645, 1.86354, 12.94504],
			"to": [13.19817, 2.48546, 16.07157],
			"rotation": {"angle": 0, "axis": "x", "origin": [11.63491, 2.1745, 14.5083]},
			"faces": {
				"north": {"uv": [0, 0, 1, 1], "texture": "#1"},
				"east": {"uv": [0, 0, 1, 1], "texture": "#1"},
				"south": {"uv": [0, 0, 1, 1], "texture": "#1"},
				"west": {"uv": [0, 0, 1, 1], "texture": "#1"},
				"up": {"uv": [0, 0, 1, 1], "texture": "#1"},
				"down": {"uv": [0, 0, 1, 1], "texture": "#1"}
			}
		},
		{
			"name": "hexadecagon",
			"from": [11.39645, 1.86354, 1.90504],
			"to": [13.19817, 2.48546, 5.03157],
			"rotation": {"angle": 0, "axis": "x", "origin": [11.63491, 2.1745, 3.4683]},
			"faces": {
				"north": {"uv": [0, 0, 1, 1], "texture": "#1"},
				"east": {"uv": [0, 0, 1, 1], "texture": "#1"},
				"south": {"uv": [0, 0, 1, 1], "texture": "#1"},
				"west": {"uv": [0, 0, 1, 1], "texture": "#1"},
				"up": {"uv": [0, 0, 1, 1], "texture": "#1"},
				"down": {"uv": [0, 0, 1, 1], "texture": "#1"}
			}
		},
		{
			"name": "hexadecagon",
			"from": [3.02371, 1.65871, 12.51669],
			"to": [5.52611, 2.52248, 16.85909],
			"rotation": {"angle": 0, "axis": "x", "origin": [3.35491, 2.09059, 14.68789]},
			"faces": {
				"north": {"uv": [0, 0, 1, 1], "texture": "#0"},
				"east": {"uv": [0, 0, 1, 1], "texture": "#0"},
				"south": {"uv": [0, 0, 1, 1], "texture": "#0"},
				"west": {"uv": [0, 0, 1, 1], "texture": "#0"},
				"up": {"uv": [0, 0, 1, 1], "texture": "#0"},
				"down": {"uv": [0, 0, 1, 1], "texture": "#0"}
			}
		},
		{
			"name": "hexadecagon",
			"from": [2.71091, 1.86354, 12.94504],
			"to": [4.51264, 2.48546, 16.07157],
			"rotation": {"angle": 0, "axis": "x", "origin": [2.65571, 2.1745, 14.5083]},
			"faces": {
				"north": {"uv": [0, 0, 1, 1], "texture": "#1"},
				"east": {"uv": [0, 0, 1, 1], "texture": "#1"},
				"south": {"uv": [0, 0, 1, 1], "texture": "#1"},
				"west": {"uv": [0, 0, 1, 1], "texture": "#1"},
				"up": {"uv": [0, 0, 1, 1], "texture": "#1"},
				"down": {"uv": [0, 0, 1, 1], "texture": "#1"}
			}
		},
		{
			"name": "hexadecagon",
			"from": [3.02371, 1.65871, 1.47669],
			"to": [5.52611, 2.52248, 5.81909],
			"rotation": {"angle": 0, "axis": "x", "origin": [3.35491, 2.09059, 3.64789]},
			"faces": {
				"north": {"uv": [0, 0, 1, 1], "texture": "#0"},
				"east": {"uv": [0, 0, 1, 1], "texture": "#0"},
				"south": {"uv": [0, 0, 1, 1], "texture": "#0"},
				"west": {"uv": [0, 0, 1, 1], "texture": "#0"},
				"up": {"uv": [0, 0, 1, 1], "texture": "#0"},
				"down": {"uv": [0, 0, 1, 1], "texture": "#0"}
			}
		},
		{
			"name": "hexadecagon",
			"from": [2.71091, 1.86354, 2.23624],
			"to": [4.51264, 2.48546, 5.36277],
			"rotation": {"angle": 0, "axis": "x", "origin": [2.65571, 2.1745, 3.7995]},
			"faces": {
				"north": {"uv": [0, 0, 1, 1], "texture": "#1"},
				"east": {"uv": [0, 0, 1, 1], "texture": "#1"},
				"south": {"uv": [0, 0, 1, 1], "texture": "#1"},
				"west": {"uv": [0, 0, 1, 1], "texture": "#1"},
				"up": {"uv": [0, 0, 1, 1], "texture": "#1"},
				"down": {"uv": [0, 0, 1, 1], "texture": "#1"}
			}
		},
		{
			"name": "hexadecagon",
			"from": [10.38371, 1.65871, 1.47669],
			"to": [12.88611, 2.52248, 5.81909],
			"rotation": {"angle": 22.5, "axis": "x", "origin": [10.71491, 2.09059, 3.64789]},
			"faces": {
				"north": {"uv": [0, 0, 1, 1], "texture": "#0"},
				"east": {"uv": [0, 0, 1, 1], "texture": "#0"},
				"south": {"uv": [0, 0, 1, 1], "texture": "#0"},
				"west": {"uv": [0, 0, 1, 1], "texture": "#0"},
				"up": {"uv": [0, 0, 1, 1], "texture": "#0"},
				"down": {"uv": [0, 0, 1, 1], "texture": "#0"}
			}
		},
		{
			"name": "hexadecagon",
			"from": [10.38371, 1.65871, 12.51669],
			"to": [12.88611, 2.52248, 16.85909],
			"rotation": {"angle": 22.5, "axis": "x", "origin": [10.71491, 2.09059, 14.68789]},
			"faces": {
				"north": {"uv": [0, 0, 1, 1], "texture": "#0"},
				"east": {"uv": [0, 0, 1, 1], "texture": "#0"},
				"south": {"uv": [0, 0, 1, 1], "texture": "#0"},
				"west": {"uv": [0, 0, 1, 1], "texture": "#0"},
				"up": {"uv": [0, 0, 1, 1], "texture": "#0"},
				"down": {"uv": [0, 0, 1, 1], "texture": "#0"}
			}
		},
		{
			"name": "hexadecagon",
			"from": [11.39645, 1.86354, 12.94504],
			"to": [13.19817, 2.48546, 16.07157],
			"rotation": {"angle": 22.5, "axis": "x", "origin": [11.63491, 2.1745, 14.5083]},
			"faces": {
				"north": {"uv": [0, 0, 1, 1], "texture": "#1"},
				"east": {"uv": [0, 0, 1, 1], "texture": "#1"},
				"south": {"uv": [0, 0, 1, 1], "texture": "#1"},
				"west": {"uv": [0, 0, 1, 1], "texture": "#1"},
				"up": {"uv": [0, 0, 1, 1], "texture": "#1"},
				"down": {"uv": [0, 0, 1, 1], "texture": "#1"}
			}
		},
		{
			"name": "hexadecagon",
			"from": [11.39645, 1.86354, 1.90504],
			"to": [13.19817, 2.48546, 5.03157],
			"rotation": {"angle": 22.5, "axis": "x", "origin": [11.63491, 2.1745, 3.4683]},
			"faces": {
				"north": {"uv": [0, 0, 1, 1], "texture": "#1"},
				"east": {"uv": [0, 0, 1, 1], "texture": "#1"},
				"south": {"uv": [0, 0, 1, 1], "texture": "#1"},
				"west": {"uv": [0, 0, 1, 1], "texture": "#1"},
				"up": {"uv": [0, 0, 1, 1], "texture": "#1"},
				"down": {"uv": [0, 0, 1, 1], "texture": "#1"}
			}
		},
		{
			"name": "hexadecagon",
			"from": [3.02371, 1.65871, 12.51669],
			"to": [5.52611, 2.52248, 16.85909],
			"rotation": {"angle": 22.5, "axis": "x", "origin": [3.35491, 2.09059, 14.68789]},
			"faces": {
				"north": {"uv": [0, 0, 1, 1], "texture": "#0"},
				"east": {"uv": [0, 0, 1, 1], "texture": "#0"},
				"south": {"uv": [0, 0, 1, 1], "texture": "#0"},
				"west": {"uv": [0, 0, 1, 1], "texture": "#0"},
				"up": {"uv": [0, 0, 1, 1], "texture": "#0"},
				"down": {"uv": [0, 0, 1, 1], "texture": "#0"}
			}
		},
		{
			"name": "hexadecagon",
			"from": [2.71091, 1.86354, 12.94504],
			"to": [4.51264, 2.48546, 16.07157],
			"rotation": {"angle": 22.5, "axis": "x", "origin": [2.65571, 2.1745, 14.5083]},
			"faces": {
				"north": {"uv": [0, 0, 1, 1], "texture": "#1"},
				"east": {"uv": [0, 0, 1, 1], "texture": "#1"},
				"south": {"uv": [0, 0, 1, 1], "texture": "#1"},
				"west": {"uv": [0, 0, 1, 1], "texture": "#1"},
				"up": {"uv": [0, 0, 1, 1], "texture": "#1"},
				"down": {"uv": [0, 0, 1, 1], "texture": "#1"}
			}
		},
		{
			"name": "hexadecagon",
			"from": [3.02371, 1.65871, 1.47669],
			"to": [5.52611, 2.52248, 5.81909],
			"rotation": {"angle": 22.5, "axis": "x", "origin": [3.35491, 2.09059, 3.64789]},
			"faces": {
				"north": {"uv": [0, 0, 1, 1], "texture": "#0"},
				"east": {"uv": [0, 0, 1, 1], "texture": "#0"},
				"south": {"uv": [0, 0, 1, 1], "texture": "#0"},
				"west": {"uv": [0, 0, 1, 1], "texture": "#0"},
				"up": {"uv": [0, 0, 1, 1], "texture": "#0"},
				"down": {"uv": [0, 0, 1, 1], "texture": "#0"}
			}
		},
		{
			"name": "hexadecagon",
			"from": [2.71091, 1.86354, 2.23624],
			"to": [4.51264, 2.48546, 5.36277],
			"rotation": {"angle": 22.5, "axis": "x", "origin": [2.65571, 2.1745, 3.7995]},
			"faces": {
				"north": {"uv": [0, 0, 1, 1], "texture": "#1"},
				"east": {"uv": [0, 0, 1, 1], "texture": "#1"},
				"south": {"uv": [0, 0, 1, 1], "texture": "#1"},
				"west": {"uv": [0, 0, 1, 1], "texture": "#1"},
				"up": {"uv": [0, 0, 1, 1], "texture": "#1"},
				"down": {"uv": [0, 0, 1, 1], "texture": "#1"}
			}
		},
		{
			"name": "hexadecagon",
			"from": [10.38371, 1.65871, 1.47669],
			"to": [12.88611, 2.52248, 5.81909],
			"rotation": {"angle": 45, "axis": "x", "origin": [10.71491, 2.09059, 3.64789]},
			"faces": {
				"north": {"uv": [0, 0, 1, 1], "texture": "#0"},
				"east": {"uv": [0, 0, 1, 1], "texture": "#0"},
				"south": {"uv": [0, 0, 1, 1], "texture": "#0"},
				"west": {"uv": [0, 0, 1, 1], "texture": "#0"},
				"up": {"uv": [0, 0, 1, 1], "texture": "#0"},
				"down": {"uv": [0, 0, 1, 1], "texture": "#0"}
			}
		},
		{
			"name": "hexadecagon",
			"from": [10.38371, 1.65871, 12.51669],
			"to": [12.88611, 2.52248, 16.85909],
			"rotation": {"angle": 45, "axis": "x", "origin": [10.71491, 2.09059, 14.68789]},
			"faces": {
				"north": {"uv": [0, 0, 1, 1], "texture": "#0"},
				"east": {"uv": [0, 0, 1, 1], "texture": "#0"},
				"south": {"uv": [0, 0, 1, 1], "texture": "#0"},
				"west": {"uv": [0, 0, 1, 1], "texture": "#0"},
				"up": {"uv": [0, 0, 1, 1], "texture": "#0"},
				"down": {"uv": [0, 0, 1, 1], "texture": "#0"}
			}
		},
		{
			"name": "hexadecagon",
			"from": [11.39645, 1.86354, 12.94504],
			"to": [13.19817, 2.48546, 16.07157],
			"rotation": {"angle": 45, "axis": "x", "origin": [11.63491, 2.1745, 14.5083]},
			"faces": {
				"north": {"uv": [0, 0, 1, 1], "texture": "#1"},
				"east": {"uv": [0, 0, 1, 1], "texture": "#1"},
				"south": {"uv": [0, 0, 1, 1], "texture": "#1"},
				"west": {"uv": [0, 0, 1, 1], "texture": "#1"},
				"up": {"uv": [0, 0, 1, 1], "texture": "#1"},
				"down": {"uv": [0, 0, 1, 1], "texture": "#1"}
			}
		},
		{
			"name": "hexadecagon",
			"from": [11.39645, 1.86354, 1.90504],
			"to": [13.19817, 2.48546, 5.03157],
			"rotation": {"angle": 45, "axis": "x", "origin": [11.63491, 2.1745, 3.4683]},
			"faces": {
				"north": {"uv": [0, 0, 1, 1], "texture": "#1"},
				"east": {"uv": [0, 0, 1, 1], "texture": "#1"},
				"south": {"uv": [0, 0, 1, 1], "texture": "#1"},
				"west": {"uv": [0, 0, 1, 1], "texture": "#1"},
				"up": {"uv": [0, 0, 1, 1], "texture": "#1"},
				"down": {"uv": [0, 0, 1, 1], "texture": "#1"}
			}
		},
		{
			"name": "hexadecagon",
			"from": [3.02371, 1.65871, 12.51669],
			"to": [5.52611, 2.52248, 16.85909],
			"rotation": {"angle": 45, "axis": "x", "origin": [3.35491, 2.09059, 14.68789]},
			"faces": {
				"north": {"uv": [0, 0, 1, 1], "texture": "#0"},
				"east": {"uv": [0, 0, 1, 1], "texture": "#0"},
				"south": {"uv": [0, 0, 1, 1], "texture": "#0"},
				"west": {"uv": [0, 0, 1, 1], "texture": "#0"},
				"up": {"uv": [0, 0, 1, 1], "texture": "#0"},
				"down": {"uv": [0, 0, 1, 1], "texture": "#0"}
			}
		},
		{
			"name": "hexadecagon",
			"from": [2.71091, 1.86354, 12.94504],
			"to": [4.51264, 2.48546, 16.07157],
			"rotation": {"angle": 45, "axis": "x", "origin": [2.65571, 2.1745, 14.5083]},
			"faces": {
				"north": {"uv": [0, 0, 1, 1], "texture": "#1"},
				"east": {"uv": [0, 0, 1, 1], "texture": "#1"},
				"south": {"uv": [0, 0, 1, 1], "texture": "#1"},
				"west": {"uv": [0, 0, 1, 1], "texture": "#1"},
				"up": {"uv": [0, 0, 1, 1], "texture": "#1"},
				"down": {"uv": [0, 0, 1, 1], "texture": "#1"}
			}
		},
		{
			"name": "hexadecagon",
			"from": [3.02371, 1.65871, 1.47669],
			"to": [5.52611, 2.52248, 5.81909],
			"rotation": {"angle": 45, "axis": "x", "origin": [3.35491, 2.09059, 3.64789]},
			"faces": {
				"north": {"uv": [0, 0, 1, 1], "texture": "#0"},
				"east": {"uv": [0, 0, 1, 1], "texture": "#0"},
				"south": {"uv": [0, 0, 1, 1], "texture": "#0"},
				"west": {"uv": [0, 0, 1, 1], "texture": "#0"},
				"up": {"uv": [0, 0, 1, 1], "texture": "#0"},
				"down": {"uv": [0, 0, 1, 1], "texture": "#0"}
			}
		},
		{
			"name": "hexadecagon",
			"from": [2.71091, 1.86354, 2.23624],
			"to": [4.51264, 2.48546, 5.36277],
			"rotation": {"angle": 45, "axis": "x", "origin": [2.65571, 2.1745, 3.7995]},
			"faces": {
				"north": {"uv": [0, 0, 1, 1], "texture": "#1"},
				"east": {"uv": [0, 0, 1, 1], "texture": "#1"},
				"south": {"uv": [0, 0, 1, 1], "texture": "#1"},
				"west": {"uv": [0, 0, 1, 1], "texture": "#1"},
				"up": {"uv": [0, 0, 1, 1], "texture": "#1"},
				"down": {"uv": [0, 0, 1, 1], "texture": "#1"}
			}
		},
		{
			"name": "hexadecagon",
			"from": [10.38371, -0.08061, 3.216],
			"to": [12.88611, 4.26179, 4.07977],
			"rotation": {"angle": -22.5, "axis": "x", "origin": [10.71491, 2.09059, 3.64789]},
			"faces": {
				"north": {"uv": [0, 0, 1, 1], "texture": "#0"},
				"east": {"uv": [0, 0, 1, 1], "texture": "#0"},
				"south": {"uv": [0, 0, 1, 1], "texture": "#0"},
				"west": {"uv": [0, 0, 1, 1], "texture": "#0"},
				"up": {"uv": [0, 0, 1, 1], "texture": "#0"},
				"down": {"uv": [0, 0, 1, 1], "texture": "#0"}
			}
		},
		{
			"name": "hexadecagon",
			"from": [10.38371, -0.08061, 14.256],
			"to": [12.88611, 4.26179, 15.11977],
			"rotation": {"angle": -22.5, "axis": "x", "origin": [10.71491, 2.09059, 14.68789]},
			"faces": {
				"north": {"uv": [0, 0, 1, 1], "texture": "#0"},
				"east": {"uv": [0, 0, 1, 1], "texture": "#0"},
				"south": {"uv": [0, 0, 1, 1], "texture": "#0"},
				"west": {"uv": [0, 0, 1, 1], "texture": "#0"},
				"up": {"uv": [0, 0, 1, 1], "texture": "#0"},
				"down": {"uv": [0, 0, 1, 1], "texture": "#0"}
			}
		},
		{
			"name": "hexadecagon",
			"from": [11.39645, 0.61123, 14.19734],
			"to": [13.19817, 3.73776, 14.81926],
			"rotation": {"angle": -22.5, "axis": "x", "origin": [11.63491, 2.1745, 14.5083]},
			"faces": {
				"north": {"uv": [0, 0, 1, 1], "texture": "#1"},
				"east": {"uv": [0, 0, 1, 1], "texture": "#1"},
				"south": {"uv": [0, 0, 1, 1], "texture": "#1"},
				"west": {"uv": [0, 0, 1, 1], "texture": "#1"},
				"up": {"uv": [0, 0, 1, 1], "texture": "#1"},
				"down": {"uv": [0, 0, 1, 1], "texture": "#1"}
			}
		},
		{
			"name": "hexadecagon",
			"from": [11.39645, 0.61123, 3.15734],
			"to": [13.19817, 3.73776, 3.77926],
			"rotation": {"angle": -22.5, "axis": "x", "origin": [11.63491, 2.1745, 3.4683]},
			"faces": {
				"north": {"uv": [0, 0, 1, 1], "texture": "#1"},
				"east": {"uv": [0, 0, 1, 1], "texture": "#1"},
				"south": {"uv": [0, 0, 1, 1], "texture": "#1"},
				"west": {"uv": [0, 0, 1, 1], "texture": "#1"},
				"up": {"uv": [0, 0, 1, 1], "texture": "#1"},
				"down": {"uv": [0, 0, 1, 1], "texture": "#1"}
			}
		},
		{
			"name": "hexadecagon",
			"from": [3.02371, -0.08061, 14.256],
			"to": [5.52611, 4.26179, 15.11977],
			"rotation": {"angle": -22.5, "axis": "x", "origin": [3.35491, 2.09059, 14.68789]},
			"faces": {
				"north": {"uv": [0, 0, 1, 1], "texture": "#0"},
				"east": {"uv": [0, 0, 1, 1], "texture": "#0"},
				"south": {"uv": [0, 0, 1, 1], "texture": "#0"},
				"west": {"uv": [0, 0, 1, 1], "texture": "#0"},
				"up": {"uv": [0, 0, 1, 1], "texture": "#0"},
				"down": {"uv": [0, 0, 1, 1], "texture": "#0"}
			}
		},
		{
			"name": "hexadecagon",
			"from": [2.71091, 0.61123, 14.19734],
			"to": [4.51264, 3.73776, 14.81926],
			"rotation": {"angle": -22.5, "axis": "x", "origin": [2.65571, 2.1745, 14.5083]},
			"faces": {
				"north": {"uv": [0, 0, 1, 1], "texture": "#1"},
				"east": {"uv": [0, 0, 1, 1], "texture": "#1"},
				"south": {"uv": [0, 0, 1, 1], "texture": "#1"},
				"west": {"uv": [0, 0, 1, 1], "texture": "#1"},
				"up": {"uv": [0, 0, 1, 1], "texture": "#1"},
				"down": {"uv": [0, 0, 1, 1], "texture": "#1"}
			}
		},
		{
			"name": "hexadecagon",
			"from": [3.02371, -0.08061, 3.216],
			"to": [5.52611, 4.26179, 4.07977],
			"rotation": {"angle": -22.5, "axis": "x", "origin": [3.35491, 2.09059, 3.64789]},
			"faces": {
				"north": {"uv": [0, 0, 1, 1], "texture": "#0"},
				"east": {"uv": [0, 0, 1, 1], "texture": "#0"},
				"south": {"uv": [0, 0, 1, 1], "texture": "#0"},
				"west": {"uv": [0, 0, 1, 1], "texture": "#0"},
				"up": {"uv": [0, 0, 1, 1], "texture": "#0"},
				"down": {"uv": [0, 0, 1, 1], "texture": "#0"}
			}
		},
		{
			"name": "hexadecagon",
			"from": [2.71091, 0.61123, 3.48854],
			"to": [4.51264, 3.73776, 4.11046],
			"rotation": {"angle": -22.5, "axis": "x", "origin": [2.65571, 2.1745, 3.7995]},
			"faces": {
				"north": {"uv": [0, 0, 1, 1], "texture": "#1"},
				"east": {"uv": [0, 0, 1, 1], "texture": "#1"},
				"south": {"uv": [0, 0, 1, 1], "texture": "#1"},
				"west": {"uv": [0, 0, 1, 1], "texture": "#1"},
				"up": {"uv": [0, 0, 1, 1], "texture": "#1"},
				"down": {"uv": [0, 0, 1, 1], "texture": "#1"}
			}
		},
		{
			"name": "hexadecagon",
			"from": [10.38371, -0.08061, 3.216],
			"to": [12.88611, 4.26179, 4.07977],
			"rotation": {"angle": 0, "axis": "x", "origin": [10.71491, 2.09059, 3.64789]},
			"faces": {
				"north": {"uv": [0, 0, 1, 1], "texture": "#0"},
				"east": {"uv": [0, 0, 1, 1], "texture": "#0"},
				"south": {"uv": [0, 0, 1, 1], "texture": "#0"},
				"west": {"uv": [0, 0, 1, 1], "texture": "#0"},
				"up": {"uv": [0, 0, 1, 1], "texture": "#0"},
				"down": {"uv": [0, 0, 1, 1], "texture": "#0"}
			}
		},
		{
			"name": "hexadecagon",
			"from": [10.38371, -0.08061, 14.256],
			"to": [12.88611, 4.26179, 15.11977],
			"rotation": {"angle": 0, "axis": "x", "origin": [10.71491, 2.09059, 14.68789]},
			"faces": {
				"north": {"uv": [0, 0, 1, 1], "texture": "#0"},
				"east": {"uv": [0, 0, 1, 1], "texture": "#0"},
				"south": {"uv": [0, 0, 1, 1], "texture": "#0"},
				"west": {"uv": [0, 0, 1, 1], "texture": "#0"},
				"up": {"uv": [0, 0, 1, 1], "texture": "#0"},
				"down": {"uv": [0, 0, 1, 1], "texture": "#0"}
			}
		},
		{
			"name": "hexadecagon",
			"from": [11.39645, 0.61123, 14.19734],
			"to": [13.19817, 3.73776, 14.81926],
			"rotation": {"angle": 0, "axis": "x", "origin": [11.63491, 2.1745, 14.5083]},
			"faces": {
				"north": {"uv": [0, 0, 1, 1], "texture": "#1"},
				"east": {"uv": [0, 0, 1, 1], "texture": "#1"},
				"south": {"uv": [0, 0, 1, 1], "texture": "#1"},
				"west": {"uv": [0, 0, 1, 1], "texture": "#1"},
				"up": {"uv": [0, 0, 1, 1], "texture": "#1"},
				"down": {"uv": [0, 0, 1, 1], "texture": "#1"}
			}
		},
		{
			"name": "hexadecagon",
			"from": [11.39645, 0.61123, 3.15734],
			"to": [13.19817, 3.73776, 3.77926],
			"rotation": {"angle": 0, "axis": "x", "origin": [11.63491, 2.1745, 3.4683]},
			"faces": {
				"north": {"uv": [0, 0, 1, 1], "texture": "#1"},
				"east": {"uv": [0, 0, 1, 1], "texture": "#1"},
				"south": {"uv": [0, 0, 1, 1], "texture": "#1"},
				"west": {"uv": [0, 0, 1, 1], "texture": "#1"},
				"up": {"uv": [0, 0, 1, 1], "texture": "#1"},
				"down": {"uv": [0, 0, 1, 1], "texture": "#1"}
			}
		},
		{
			"name": "hexadecagon",
			"from": [3.02371, -0.08061, 14.256],
			"to": [5.52611, 4.26179, 15.11977],
			"rotation": {"angle": 0, "axis": "x", "origin": [3.35491, 2.09059, 14.68789]},
			"faces": {
				"north": {"uv": [0, 0, 1, 1], "texture": "#0"},
				"east": {"uv": [0, 0, 1, 1], "texture": "#0"},
				"south": {"uv": [0, 0, 1, 1], "texture": "#0"},
				"west": {"uv": [0, 0, 1, 1], "texture": "#0"},
				"up": {"uv": [0, 0, 1, 1], "texture": "#0"},
				"down": {"uv": [0, 0, 1, 1], "texture": "#0"}
			}
		},
		{
			"name": "hexadecagon",
			"from": [2.71091, 0.61123, 14.19734],
			"to": [4.51264, 3.73776, 14.81926],
			"rotation": {"angle": 0, "axis": "x", "origin": [2.65571, 2.1745, 14.5083]},
			"faces": {
				"north": {"uv": [0, 0, 1, 1], "texture": "#1"},
				"east": {"uv": [0, 0, 1, 1], "texture": "#1"},
				"south": {"uv": [0, 0, 1, 1], "texture": "#1"},
				"west": {"uv": [0, 0, 1, 1], "texture": "#1"},
				"up": {"uv": [0, 0, 1, 1], "texture": "#1"},
				"down": {"uv": [0, 0, 1, 1], "texture": "#1"}
			}
		},
		{
			"name": "hexadecagon",
			"from": [3.02371, -0.08061, 3.216],
			"to": [5.52611, 4.26179, 4.07977],
			"rotation": {"angle": 0, "axis": "x", "origin": [3.35491, 2.09059, 3.64789]},
			"faces": {
				"north": {"uv": [0, 0, 1, 1], "texture": "#0"},
				"east": {"uv": [0, 0, 1, 1], "texture": "#0"},
				"south": {"uv": [0, 0, 1, 1], "texture": "#0"},
				"west": {"uv": [0, 0, 1, 1], "texture": "#0"},
				"up": {"uv": [0, 0, 1, 1], "texture": "#0"},
				"down": {"uv": [0, 0, 1, 1], "texture": "#0"}
			}
		},
		{
			"name": "hexadecagon",
			"from": [2.71091, 0.61123, 3.48854],
			"to": [4.51264, 3.73776, 4.11046],
			"rotation": {"angle": 0, "axis": "x", "origin": [2.65571, 2.1745, 3.7995]},
			"faces": {
				"north": {"uv": [0, 0, 1, 1], "texture": "#1"},
				"east": {"uv": [0, 0, 1, 1], "texture": "#1"},
				"south": {"uv": [0, 0, 1, 1], "texture": "#1"},
				"west": {"uv": [0, 0, 1, 1], "texture": "#1"},
				"up": {"uv": [0, 0, 1, 1], "texture": "#1"},
				"down": {"uv": [0, 0, 1, 1], "texture": "#1"}
			}
		},
		{
			"name": "hexadecagon",
			"from": [10.38371, -0.08061, 3.216],
			"to": [12.88611, 4.26179, 4.07977],
			"rotation": {"angle": 22.5, "axis": "x", "origin": [10.71491, 2.09059, 3.64789]},
			"faces": {
				"north": {"uv": [0, 0, 1, 1], "texture": "#0"},
				"east": {"uv": [0, 0, 1, 1], "texture": "#0"},
				"south": {"uv": [0, 0, 1, 1], "texture": "#0"},
				"west": {"uv": [0, 0, 1, 1], "texture": "#0"},
				"up": {"uv": [0, 0, 1, 1], "texture": "#0"},
				"down": {"uv": [0, 0, 1, 1], "texture": "#0"}
			}
		},
		{
			"name": "hexadecagon",
			"from": [10.38371, -0.08061, 14.256],
			"to": [12.88611, 4.26179, 15.11977],
			"rotation": {"angle": 22.5, "axis": "x", "origin": [10.71491, 2.09059, 14.68789]},
			"faces": {
				"north": {"uv": [0, 0, 1, 1], "texture": "#0"},
				"east": {"uv": [0, 0, 1, 1], "texture": "#0"},
				"south": {"uv": [0, 0, 1, 1], "texture": "#0"},
				"west": {"uv": [0, 0, 1, 1], "texture": "#0"},
				"up": {"uv": [0, 0, 1, 1], "texture": "#0"},
				"down": {"uv": [0, 0, 1, 1], "texture": "#0"}
			}
		},
		{
			"name": "hexadecagon",
			"from": [11.39645, 0.61123, 14.19734],
			"to": [13.19817, 3.73776, 14.81926],
			"rotation": {"angle": 22.5, "axis": "x", "origin": [11.63491, 2.1745, 14.5083]},
			"faces": {
				"north": {"uv": [0, 0, 1, 1], "texture": "#1"},
				"east": {"uv": [0, 0, 1, 1], "texture": "#1"},
				"south": {"uv": [0, 0, 1, 1], "texture": "#1"},
				"west": {"uv": [0, 0, 1, 1], "texture": "#1"},
				"up": {"uv": [0, 0, 1, 1], "texture": "#1"},
				"down": {"uv": [0, 0, 1, 1], "texture": "#1"}
			}
		},
		{
			"name": "hexadecagon",
			"from": [11.39645, 0.61123, 3.15734],
			"to": [13.19817, 3.73776, 3.77926],
			"rotation": {"angle": 22.5, "axis": "x", "origin": [11.63491, 2.1745, 3.4683]},
			"faces": {
				"north": {"uv": [0, 0, 1, 1], "texture": "#1"},
				"east": {"uv": [0, 0, 1, 1], "texture": "#1"},
				"south": {"uv": [0, 0, 1, 1], "texture": "#1"},
				"west": {"uv": [0, 0, 1, 1], "texture": "#1"},
				"up": {"uv": [0, 0, 1, 1], "texture": "#1"},
				"down": {"uv": [0, 0, 1, 1], "texture": "#1"}
			}
		},
		{
			"name": "hexadecagon",
			"from": [3.02371, -0.08061, 14.256],
			"to": [5.52611, 4.26179, 15.11977],
			"rotation": {"angle": 22.5, "axis": "x", "origin": [3.35491, 2.09059, 14.68789]},
			"faces": {
				"north": {"uv": [0, 0, 1, 1], "texture": "#0"},
				"east": {"uv": [0, 0, 1, 1], "texture": "#0"},
				"south": {"uv": [0, 0, 1, 1], "texture": "#0"},
				"west": {"uv": [0, 0, 1, 1], "texture": "#0"},
				"up": {"uv": [0, 0, 1, 1], "texture": "#0"},
				"down": {"uv": [0, 0, 1, 1], "texture": "#0"}
			}
		},
		{
			"name": "hexadecagon",
			"from": [2.71091, 0.61123, 14.19734],
			"to": [4.51264, 3.73776, 14.81926],
			"rotation": {"angle": 22.5, "axis": "x", "origin": [2.65571, 2.1745, 14.5083]},
			"faces": {
				"north": {"uv": [0, 0, 1, 1], "texture": "#1"},
				"east": {"uv": [0, 0, 1, 1], "texture": "#1"},
				"south": {"uv": [0, 0, 1, 1], "texture": "#1"},
				"west": {"uv": [0, 0, 1, 1], "texture": "#1"},
				"up": {"uv": [0, 0, 1, 1], "texture": "#1"},
				"down": {"uv": [0, 0, 1, 1], "texture": "#1"}
			}
		},
		{
			"name": "hexadecagon",
			"from": [3.02371, -0.08061, 3.216],
			"to": [5.52611, 4.26179, 4.07977],
			"rotation": {"angle": 22.5, "axis": "x", "origin": [3.35491, 2.09059, 3.64789]},
			"faces": {
				"north": {"uv": [0, 0, 1, 1], "texture": "#0"},
				"east": {"uv": [0, 0, 1, 1], "texture": "#0"},
				"south": {"uv": [0, 0, 1, 1], "texture": "#0"},
				"west": {"uv": [0, 0, 1, 1], "texture": "#0"},
				"up": {"uv": [0, 0, 1, 1], "texture": "#0"},
				"down": {"uv": [0, 0, 1, 1], "texture": "#0"}
			}
		},
		{
			"name": "hexadecagon",
			"from": [2.71091, 0.61123, 3.48854],
			"to": [4.51264, 3.73776, 4.11046],
			"rotation": {"angle": 22.5, "axis": "x", "origin": [2.65571, 2.1745, 3.7995]},
			"faces": {
				"north": {"uv": [0, 0, 1, 1], "texture": "#1"},
				"east": {"uv": [0, 0, 1, 1], "texture": "#1"},
				"south": {"uv": [0, 0, 1, 1], "texture": "#1"},
				"west": {"uv": [0, 0, 1, 1], "texture": "#1"},
				"up": {"uv": [0, 0, 1, 1], "texture": "#1"},
				"down": {"uv": [0, 0, 1, 1], "texture": "#1"}
			}
		}
	],
	"display": {
		"head": {
			"translation": [0, -17, -3.25],
			"scale": [4, 4, 4]
		}
	},
	"groups": [0, 1, 2, 3, 4, 5, 6, 7, 8, 9, 10, 11, 12, 13, 14, 15, 16, 17, 18, 19, 20, 21, 22, 23, 24, 25, 26, 27, 28, 29, 30, 31, 32, 33, 34, 35, 36, 37, 38, 39, 40, 41, 42, 43, 44, 45, 46, 47, 48, 49,
		{
			"name": "group",
			"origin": [16.25, 8, 19],
			"children": []
		}, 50, 51, 52, 53, 54, 55, 56, 57, 58, 59, 60, 61, 62, 63, 64, 65, 66, 67, 68, 69, 70, 71, 72, 73, 74, 75, 76, 77, 78, 79, 80, 81, 82, 83, 84, 85, 86, 87, 88, 89, 90, 91, 92, 93, 94, 95, 96, 97, 98, 99, 100, 101, 102, 103, 104, 105, 106, 107, 108, 109, 110, 111, 112, 113,
		{
			"name": "hexadecagon",
			"origin": [8, 8, 8],
			"children": []
		},
		{
			"name": "group",
			"origin": [8.5, 0.7756, 6.0024],
			"children": []
		}
	]
}
