{
	"credit": "Made by Autvmn",
	"textures": {
		"0": "block/gold_block",
		"1": "block/yellow_wool",
		"2": "block/blue_wool",
		"3": "block/gold_ore",
		"particle": "block/gold_block"
	},
	"elements": [
		{
			"from": [6.99, 2.02, -3.11],
			"to": [9.01, 4.04, 25.17],
			"faces": {
				"north": {"uv": [0, 0, 1, 1], "rotation": 180, "texture": "#0"},
				"east": {"uv": [1.5, 5.437, 2.155, 6.436], "texture": "#2"},
				"south": {"uv": [0, 0, 1, 1], "rotation": 180, "texture": "#0"},
				"west": {"uv": [1.5, 5.437, 2.155, 6.436], "rotation": 180, "texture": "#2"},
				"up": {"uv": [2.312, 3.813, 3.467, 12.436], "texture": "#2"},
				"down": {"uv": [2.438, 3.688, 3.373, 12.184], "texture": "#2"}
			}
		},
		{
			"name": "octagon",
			"from": [7.33063, 1.414, -4.322],
			"to": [8.66937, 4.646, -2.706],
			"rotation": {"angle": -45, "axis": "z", "origin": [8, 3.03, -3.514]},
			"faces": {
				"north": {"uv": [0, 0, 1, 1], "rotation": 180, "texture": "#0"},
				"east": {"uv": [0, 0, 1, 1], "rotation": 90, "texture": "#0"},
				"south": {"uv": [0, 0, 1, 1], "texture": "#0"},
				"west": {"uv": [0, 0, 1, 1], "rotation": 270, "texture": "#0"},
				"up": {"uv": [0, 0, 1, 1], "texture": "#0"},
				"down": {"uv": [0, 0, 1, 1], "rotation": 180, "texture": "#0"}
			}
		},
		{
			"name": "octagon",
			"from": [7.33063, 1.414, -4.322],
			"to": [8.66937, 4.646, -2.706],
			"faces": {
				"north": {"uv": [0, 0, 1, 1], "rotation": 180, "texture": "#0"},
				"east": {"uv": [0, 0, 1, 1], "rotation": 90, "texture": "#0"},
				"south": {"uv": [0, 0, 1, 1], "texture": "#0"},
				"west": {"uv": [0, 0, 1, 1], "rotation": 270, "texture": "#0"},
				"up": {"uv": [0, 0, 1, 1], "texture": "#0"},
				"down": {"uv": [0, 0, 1, 1], "rotation": 180, "texture": "#0"}
			}
		},
		{
			"name": "octagon",
			"from": [6.384, 2.36063, -4.322],
			"to": [9.616, 3.69937, -2.706],
			"rotation": {"angle": -45, "axis": "z", "origin": [8, 3.03, -3.514]},
			"faces": {
				"north": {"uv": [0, 0, 1, 1], "rotation": 180, "texture": "#0"},
				"east": {"uv": [0, 0, 1, 1], "rotation": 90, "texture": "#0"},
				"south": {"uv": [0, 0, 1, 1], "texture": "#0"},
				"west": {"uv": [0, 0, 1, 1], "rotation": 270, "texture": "#0"},
				"up": {"uv": [0, 0, 1, 1], "texture": "#0"},
				"down": {"uv": [0, 0, 1, 1], "rotation": 180, "texture": "#0"}
			}
		},
		{
			"name": "octagon",
			"from": [6.384, 2.36063, -4.322],
			"to": [9.616, 3.69937, -2.706],
			"faces": {
				"north": {"uv": [0, 0, 1, 1], "rotation": 180, "texture": "#0"},
				"east": {"uv": [0, 0, 1, 1], "rotation": 90, "texture": "#0"},
				"south": {"uv": [0, 0, 1, 1], "texture": "#0"},
				"west": {"uv": [0, 0, 1, 1], "rotation": 270, "texture": "#0"},
				"up": {"uv": [0, 0, 1, 1], "texture": "#0"},
				"down": {"uv": [0, 0, 1, 1], "rotation": 180, "texture": "#0"}
			}
		},
		{
			"name": "octagon",
			"from": [7.23692, 1.18776, -5.62288],
			"to": [8.76308, 4.87224, -3.78064],
			"rotation": {"angle": -45, "axis": "z", "origin": [8, 3.03, -4.70176]},
			"faces": {
				"north": {"uv": [0, 0, 1, 1], "rotation": 180, "texture": "#0"},
				"east": {"uv": [0, 0, 1, 1], "rotation": 90, "texture": "#0"},
				"south": {"uv": [0, 0, 1, 1], "texture": "#0"},
				"west": {"uv": [0, 0, 1, 1], "rotation": 270, "texture": "#0"},
				"up": {"uv": [0, 0, 1, 1], "texture": "#0"},
				"down": {"uv": [0, 0, 1, 1], "rotation": 180, "texture": "#0"}
			}
		},
		{
			"name": "octagon",
			"from": [7.23692, 1.18776, -5.62288],
			"to": [8.76308, 4.87224, -3.78064],
			"faces": {
				"north": {"uv": [0, 0, 1, 1], "rotation": 180, "texture": "#0"},
				"east": {"uv": [0, 0, 1, 1], "rotation": 90, "texture": "#0"},
				"south": {"uv": [0, 0, 1, 1], "texture": "#0"},
				"west": {"uv": [0, 0, 1, 1], "rotation": 270, "texture": "#0"},
				"up": {"uv": [0, 0, 1, 1], "texture": "#0"},
				"down": {"uv": [0, 0, 1, 1], "rotation": 180, "texture": "#0"}
			}
		},
		{
			"name": "octagon",
			"from": [6.15776, 2.26692, -5.62288],
			"to": [9.84224, 3.79308, -3.78064],
			"rotation": {"angle": -45, "axis": "z", "origin": [8, 3.03, -4.70176]},
			"faces": {
				"north": {"uv": [0, 0, 1, 1], "rotation": 180, "texture": "#0"},
				"east": {"uv": [0, 0, 1, 1], "rotation": 90, "texture": "#0"},
				"south": {"uv": [0, 0, 1, 1], "texture": "#0"},
				"west": {"uv": [0, 0, 1, 1], "rotation": 270, "texture": "#0"},
				"up": {"uv": [0, 0, 1, 1], "texture": "#0"},
				"down": {"uv": [0, 0, 1, 1], "rotation": 180, "texture": "#0"}
			}
		},
		{
			"name": "octagon",
			"from": [6.15776, 2.26692, -5.62288],
			"to": [9.84224, 3.79308, -3.78064],
			"faces": {
				"north": {"uv": [0, 0, 1, 1], "rotation": 180, "texture": "#0"},
				"east": {"uv": [0, 0, 1, 1], "rotation": 90, "texture": "#0"},
				"south": {"uv": [0, 0, 1, 1], "texture": "#0"},
				"west": {"uv": [0, 0, 1, 1], "rotation": 270, "texture": "#0"},
				"up": {"uv": [0, 0, 1, 1], "texture": "#0"},
				"down": {"uv": [0, 0, 1, 1], "rotation": 180, "texture": "#0"}
			}
		},
		{
			"name": "octagon",
			"from": [7.16061, 1.00354, -5.0597],
			"to": [8.83939, 5.05646, -4.6557],
			"rotation": {"angle": -45, "axis": "z", "origin": [8, 3.03, -5.66894]},
			"faces": {
				"north": {"uv": [0, 0, 1, 1], "rotation": 180, "texture": "#1"},
				"east": {"uv": [0, 0, 1, 1], "rotation": 90, "texture": "#1"},
				"south": {"uv": [0, 0, 1, 1], "texture": "#1"},
				"west": {"uv": [0, 0, 1, 1], "rotation": 270, "texture": "#1"},
				"up": {"uv": [0, 0, 1, 1], "texture": "#1"},
				"down": {"uv": [0, 0, 1, 1], "rotation": 180, "texture": "#1"}
			}
		},
		{
			"name": "octagon",
			"from": [7.16061, 1.00354, -5.0597],
			"to": [8.83939, 5.05646, -4.6557],
			"faces": {
				"north": {"uv": [0, 0, 1, 1], "rotation": 180, "texture": "#1"},
				"east": {"uv": [0, 0, 1, 1], "rotation": 90, "texture": "#1"},
				"south": {"uv": [0, 0, 1, 1], "texture": "#1"},
				"west": {"uv": [0, 0, 1, 1], "rotation": 270, "texture": "#1"},
				"up": {"uv": [0, 0, 1, 1], "texture": "#1"},
				"down": {"uv": [0, 0, 1, 1], "rotation": 180, "texture": "#1"}
			}
		},
		{
			"name": "octagon",
			"from": [5.97354, 2.19061, -5.0597],
			"to": [10.02646, 3.86939, -4.6557],
			"rotation": {"angle": -45, "axis": "z", "origin": [8, 3.03, -5.66894]},
			"faces": {
				"north": {"uv": [0, 0, 1, 1], "rotation": 180, "texture": "#1"},
				"east": {"uv": [0, 0, 1, 1], "rotation": 90, "texture": "#1"},
				"south": {"uv": [0, 0, 1, 1], "texture": "#1"},
				"west": {"uv": [0, 0, 1, 1], "rotation": 270, "texture": "#1"},
				"up": {"uv": [0, 0, 1, 1], "texture": "#1"},
				"down": {"uv": [0, 0, 1, 1], "rotation": 180, "texture": "#1"}
			}
		},
		{
			"name": "octagon",
			"from": [5.97354, 2.19061, -5.0597],
			"to": [10.02646, 3.86939, -4.6557],
			"faces": {
				"north": {"uv": [0, 0, 1, 1], "rotation": 180, "texture": "#1"},
				"east": {"uv": [0, 0, 1, 1], "rotation": 90, "texture": "#1"},
				"south": {"uv": [0, 0, 1, 1], "texture": "#1"},
				"west": {"uv": [0, 0, 1, 1], "rotation": 270, "texture": "#1"},
				"up": {"uv": [0, 0, 1, 1], "texture": "#1"},
				"down": {"uv": [0, 0, 1, 1], "rotation": 180, "texture": "#1"}
			}
		},
		{
			"name": "octagon",
			"from": [7.16061, 1.00354, -7.958],
			"to": [8.83939, 5.05646, -5.534],
			"rotation": {"angle": -45, "axis": "z", "origin": [8, 3.03, -5.66894]},
			"faces": {
				"north": {"uv": [11.75, 0, 12.497, 0.749], "rotation": 180, "texture": "#3"},
				"east": {"uv": [11.75, 0, 12.497, 0.749], "rotation": 90, "texture": "#3"},
				"south": {"uv": [12, 0, 12.747, 0.749], "texture": "#3"},
				"west": {"uv": [11.75, 0, 12.497, 0.749], "rotation": 270, "texture": "#3"},
				"up": {"uv": [11.75, 0, 12.497, 0.749], "texture": "#3"},
				"down": {"uv": [11.75, 0, 12.498, 0.749], "rotation": 180, "texture": "#3"}
			}
		},
		{
			"name": "octagon",
			"from": [7.16061, 1.00354, -7.958],
			"to": [8.83939, 5.05646, -5.534],
			"faces": {
				"north": {"uv": [11.75, 0, 12.497, 0.749], "rotation": 180, "texture": "#3"},
				"east": {"uv": [11.75, 0, 12.497, 0.749], "rotation": 90, "texture": "#3"},
				"south": {"uv": [12, 0, 12.747, 0.749], "texture": "#3"},
				"west": {"uv": [11.75, 0, 12.497, 0.749], "rotation": 270, "texture": "#3"},
				"up": {"uv": [11.75, 0, 12.497, 0.749], "texture": "#3"},
				"down": {"uv": [11.75, 0, 12.498, 0.749], "rotation": 180, "texture": "#3"}
			}
		},
		{
			"name": "octagon",
			"from": [5.97354, 2.19061, -7.958],
			"to": [10.02646, 3.86939, -5.534],
			"rotation": {"angle": -45, "axis": "z", "origin": [8, 3.03, -5.66894]},
			"faces": {
				"north": {"uv": [11.75, 0, 12.497, 0.749], "rotation": 180, "texture": "#3"},
				"east": {"uv": [11.75, 0, 12.497, 0.749], "rotation": 90, "texture": "#3"},
				"south": {"uv": [12, 0, 12.747, 0.749], "texture": "#3"},
				"west": {"uv": [11.75, 0, 12.497, 0.749], "rotation": 270, "texture": "#3"},
				"up": {"uv": [11.75, 0, 12.497, 0.749], "texture": "#3"},
				"down": {"uv": [11.75, 0, 12.498, 0.749], "rotation": 180, "texture": "#3"}
			}
		},
		{
			"name": "octagon",
			"from": [5.97354, 2.19061, -7.958],
			"to": [10.02646, 3.86939, -5.534],
			"faces": {
				"north": {"uv": [11.75, 0, 12.497, 0.749], "rotation": 180, "texture": "#3"},
				"east": {"uv": [11.75, 0, 12.497, 0.749], "rotation": 90, "texture": "#3"},
				"south": {"uv": [12, 0, 12.747, 0.749], "texture": "#3"},
				"west": {"uv": [11.75, 0, 12.497, 0.749], "rotation": 270, "texture": "#3"},
				"up": {"uv": [11.75, 0, 12.497, 0.749], "texture": "#3"},
				"down": {"uv": [11.75, 0, 12.498, 0.749], "rotation": 180, "texture": "#3"}
			}
		},
		{
			"name": "octagon",
			"from": [7.0558, 0.7505, -7.20045],
			"to": [8.9442, 5.3095, -6.746],
			"rotation": {"angle": -45, "axis": "z", "origin": [8, 3.03, -8.31601]},
			"faces": {
				"north": {"uv": [11.75, 0, 12.497, 0.749], "rotation": 180, "texture": "#3"},
				"east": {"uv": [11.75, 0, 12.497, 0.749], "rotation": 90, "texture": "#3"},
				"south": {"uv": [12, 0, 12.747, 0.749], "texture": "#3"},
				"west": {"uv": [11.75, 0, 12.497, 0.749], "rotation": 270, "texture": "#3"},
				"up": {"uv": [11.75, 0, 12.497, 0.749], "texture": "#3"},
				"down": {"uv": [11.75, 0, 12.498, 0.749], "rotation": 180, "texture": "#3"}
			}
		},
		{
			"name": "octagon",
			"from": [7.0558, 0.7505, -7.20045],
			"to": [8.9442, 5.3095, -6.746],
			"faces": {
				"north": {"uv": [11.75, 0, 12.497, 0.749], "rotation": 180, "texture": "#3"},
				"east": {"uv": [11.75, 0, 12.497, 0.749], "rotation": 90, "texture": "#3"},
				"south": {"uv": [12, 0, 12.747, 0.749], "texture": "#3"},
				"west": {"uv": [11.75, 0, 12.497, 0.749], "rotation": 270, "texture": "#3"},
				"up": {"uv": [11.75, 0, 12.497, 0.749], "texture": "#3"},
				"down": {"uv": [11.75, 0, 12.498, 0.749], "rotation": 180, "texture": "#3"}
			}
		},
		{
			"name": "octagon",
			"from": [5.7205, 2.0858, -7.20045],
			"to": [10.2795, 3.9742, -6.746],
			"rotation": {"angle": -45, "axis": "z", "origin": [8, 3.03, -8.31601]},
			"faces": {
				"north": {"uv": [11.75, 0, 12.497, 0.749], "rotation": 180, "texture": "#3"},
				"east": {"uv": [11.75, 0, 12.497, 0.749], "rotation": 90, "texture": "#3"},
				"south": {"uv": [12, 0, 12.747, 0.749], "texture": "#3"},
				"west": {"uv": [11.75, 0, 12.497, 0.749], "rotation": 270, "texture": "#3"},
				"up": {"uv": [11.75, 0, 12.497, 0.749], "texture": "#3"},
				"down": {"uv": [11.75, 0, 12.498, 0.749], "rotation": 180, "texture": "#3"}
			}
		},
		{
			"name": "octagon",
			"from": [5.7205, 2.0858, -7.20045],
			"to": [10.2795, 3.9742, -6.746],
			"faces": {
				"north": {"uv": [11.75, 0, 12.497, 0.749], "rotation": 180, "texture": "#3"},
				"east": {"uv": [11.75, 0, 12.497, 0.749], "rotation": 90, "texture": "#3"},
				"south": {"uv": [12, 0, 12.747, 0.749], "texture": "#3"},
				"west": {"uv": [11.75, 0, 12.497, 0.749], "rotation": 270, "texture": "#3"},
				"up": {"uv": [11.75, 0, 12.497, 0.749], "texture": "#3"},
				"down": {"uv": [11.75, 0, 12.498, 0.749], "rotation": 180, "texture": "#3"}
			}
		},
		{
			"name": "octagon",
			"from": [7.12704, 0.92248, -6.96416],
			"to": [8.87296, 5.13752, -5.95416],
			"rotation": {"angle": -45, "axis": "z", "origin": [8, 3.03, -6.09449]},
			"faces": {
				"north": {"uv": [11.75, 0, 12.497, 0.749], "rotation": 180, "texture": "#3"},
				"east": {"uv": [11.75, 0, 12.497, 0.749], "rotation": 90, "texture": "#3"},
				"south": {"uv": [12, 0, 12.747, 0.749], "texture": "#3"},
				"west": {"uv": [11.75, 0, 12.497, 0.749], "rotation": 270, "texture": "#3"},
				"up": {"uv": [11.75, 0, 12.497, 0.749], "texture": "#3"},
				"down": {"uv": [11.75, 0, 12.498, 0.749], "rotation": 180, "texture": "#3"}
			}
		},
		{
			"name": "octagon",
			"from": [7.12704, 0.92248, -6.96416],
			"to": [8.87296, 5.13752, -5.95416],
			"faces": {
				"north": {"uv": [11.75, 0, 12.497, 0.749], "rotation": 180, "texture": "#3"},
				"east": {"uv": [11.75, 0, 12.497, 0.749], "rotation": 90, "texture": "#3"},
				"south": {"uv": [12, 0, 12.747, 0.749], "texture": "#3"},
				"west": {"uv": [11.75, 0, 12.497, 0.749], "rotation": 270, "texture": "#3"},
				"up": {"uv": [11.75, 0, 12.497, 0.749], "texture": "#3"},
				"down": {"uv": [11.75, 0, 12.498, 0.749], "rotation": 180, "texture": "#3"}
			}
		},
		{
			"name": "octagon",
			"from": [5.89248, 2.15704, -6.96416],
			"to": [10.10752, 3.90296, -5.95416],
			"rotation": {"angle": -45, "axis": "z", "origin": [8, 3.03, -6.09449]},
			"faces": {
				"north": {"uv": [11.75, 0, 12.497, 0.749], "rotation": 180, "texture": "#3"},
				"east": {"uv": [11.75, 0, 12.497, 0.749], "rotation": 90, "texture": "#3"},
				"south": {"uv": [12, 0, 12.747, 0.749], "texture": "#3"},
				"west": {"uv": [11.75, 0, 12.497, 0.749], "rotation": 270, "texture": "#3"},
				"up": {"uv": [11.75, 0, 12.497, 0.749], "texture": "#3"},
				"down": {"uv": [11.75, 0, 12.498, 0.749], "rotation": 180, "texture": "#3"}
			}
		},
		{
			"name": "octagon",
			"from": [5.89248, 2.15704, -6.96416],
			"to": [10.10752, 3.90296, -5.95416],
			"faces": {
				"north": {"uv": [11.75, 0, 12.497, 0.749], "rotation": 180, "texture": "#3"},
				"east": {"uv": [11.75, 0, 12.497, 0.749], "rotation": 90, "texture": "#3"},
				"south": {"uv": [12, 0, 12.747, 0.749], "texture": "#3"},
				"west": {"uv": [11.75, 0, 12.497, 0.749], "rotation": 270, "texture": "#3"},
				"up": {"uv": [11.75, 0, 12.497, 0.749], "texture": "#3"},
				"down": {"uv": [11.75, 0, 12.498, 0.749], "rotation": 180, "texture": "#3"}
			}
		}
	],
	"display": {
		"thirdperson_righthand": {
			"translation": [0, 1.25, 0]
		},
		"head": {
			"translation": [0, 18.5, 56],
			"scale": [4, 4, 4]
		}
	},
	"groups": [0,
		{
			"name": "octagon",
			"children": [1, 2, 3, 4, 5, 6, 7, 8]
		},
		{
			"name": "group",
			"children": [9, 10, 11, 12]
		},
		{
			"name": "group2",
			"children": [13, 14, 15, 16, 17, 18, 19, 20, 21, 22, 23, 24]
		}
	]
}