{
	"credit": "Made with Blockbench",
	"textures": {
		"0": "alex/bucket_silver",
		"1": "alex/fish_brown_light",
		"2": "alex/fish_black",
		"3": "alex/fish_brown_light",
		"4": "alex/ice_blue",
		"particle": "alex/bucket_silver"
	},
	"elements": [
		{
			"from": [6.04754, 15.57502, -5.7983],
			"to": [11.54754, 16.57502, -3.7983],
			"rotation": {"angle": -22.5, "axis": "y", "origin": [7.92457, 8.31238, 8.04332]},
			"faces": {
				"north": {"uv": [0, 0, 5.5, 1], "texture": "#0"},
				"east": {"uv": [0, 0, 2, 1], "texture": "#0"},
				"south": {"uv": [0, 0, 5.5, 1], "texture": "#0"},
				"west": {"uv": [0, 0, 2, 1], "texture": "#0"},
				"up": {"uv": [0, 0, 5.5, 2], "texture": "#0"},
				"down": {"uv": [0, 0, 5.5, 2], "texture": "#0"}
			}
		},
		{
			"from": [5.76111, 15.57502, 20.31361],
			"to": [11.26111, 16.57502, 22.31361],
			"rotation": {"angle": 45, "axis": "y", "origin": [7.92457, 8.31238, 8.04332]},
			"faces": {
				"north": {"uv": [0, 0, 5.5, 1], "texture": "#0"},
				"east": {"uv": [0, 0, 2, 1], "texture": "#0"},
				"south": {"uv": [0, 0, 5.5, 1], "texture": "#0"},
				"west": {"uv": [0, 0, 2, 1], "texture": "#0"},
				"up": {"uv": [0, 0, 5.5, 2], "rotation": 180, "texture": "#0"},
				"down": {"uv": [0, 0, 5.5, 2], "rotation": 180, "texture": "#0"}
			}
		},
		{
			"from": [20.36589, -7.42498, 5.27004],
			"to": [21.36589, 15.57502, 10.27004],
			"rotation": {"angle": -22.5, "axis": "y", "origin": [7.92457, 8.31238, 8.04332]},
			"faces": {
				"north": {"uv": [0, 0, 1, 16], "texture": "#0"},
				"east": {"uv": [0, 0, 5, 16], "texture": "#0"},
				"south": {"uv": [0, 0, 1, 16], "texture": "#0"},
				"west": {"uv": [0, 0, 5, 16], "texture": "#0"},
				"up": {"uv": [0, 0, 5, 1], "rotation": 90, "texture": "#0"},
				"down": {"uv": [0, 0, 5, 1], "rotation": 270, "texture": "#0"}
			}
		},
		{
			"from": [-3.63411, -8.42498, 5.27004],
			"to": [21.36589, -7.42498, 10.27004],
			"rotation": {"angle": -22.5, "axis": "y", "origin": [7.92457, 8.31238, 8.04332]},
			"faces": {
				"north": {"uv": [0, 0, 16, 1], "texture": "#0"},
				"east": {"uv": [0, 0, 5, 1], "texture": "#0"},
				"south": {"uv": [0, 0, 16, 1], "texture": "#0"},
				"west": {"uv": [0, 0, 5, 1], "texture": "#0"},
				"up": {"uv": [0, 0, 5, 16], "rotation": 90, "texture": "#0"},
				"down": {"uv": [0, 0, 5, 16], "rotation": 270, "texture": "#0"}
			}
		},
		{
			"from": [20.36589, 15.57502, 5.02004],
			"to": [22.36589, 16.57502, 10.52004],
			"rotation": {"angle": -22.5, "axis": "y", "origin": [7.92457, 8.31238, 8.04332]},
			"faces": {
				"north": {"uv": [0, 0, 2, 1], "texture": "#0"},
				"east": {"uv": [0, 0, 5.5, 1], "texture": "#0"},
				"south": {"uv": [0, 0, 2, 1], "texture": "#0"},
				"west": {"uv": [0, 0, 5.5, 1], "texture": "#0"},
				"up": {"uv": [0, 0, 5.5, 2], "rotation": 90, "texture": "#0"},
				"down": {"uv": [0, 0, 5.5, 2], "rotation": 270, "texture": "#0"}
			}
		},
		{
			"from": [20.40401, -7.42498, 5.62492],
			"to": [21.40401, 15.57502, 10.62492],
			"rotation": {"angle": 0, "axis": "y", "origin": [7.92457, 8.31238, 8.04332]},
			"faces": {
				"north": {"uv": [0, 0, 1, 16], "texture": "#0"},
				"east": {"uv": [0, 0, 5, 16], "texture": "#0"},
				"south": {"uv": [0, 0, 1, 16], "texture": "#0"},
				"west": {"uv": [0, 0, 5, 16], "texture": "#0"},
				"up": {"uv": [0, 0, 5, 1], "rotation": 90, "texture": "#0"},
				"down": {"uv": [0, 0, 5, 1], "rotation": 270, "texture": "#0"}
			}
		},
		{
			"from": [-3.19599, -8.42498, 5.62492],
			"to": [21.40401, -7.42498, 10.62492],
			"rotation": {"angle": 0, "axis": "y", "origin": [7.92457, 8.31238, 8.04332]},
			"faces": {
				"north": {"uv": [0, 0, 16, 1], "texture": "#0"},
				"east": {"uv": [0, 0, 5, 1], "texture": "#0"},
				"south": {"uv": [0, 0, 16, 1], "texture": "#0"},
				"west": {"uv": [0, 0, 5, 1], "texture": "#0"},
				"up": {"uv": [0, 0, 5, 16], "rotation": 90, "texture": "#0"},
				"down": {"uv": [0, 0, 5, 16], "rotation": 270, "texture": "#0"}
			}
		},
		{
			"from": [20.40401, 15.57502, 5.37492],
			"to": [22.40401, 16.57502, 10.87492],
			"rotation": {"angle": 0, "axis": "y", "origin": [7.92457, 8.31238, 8.04332]},
			"faces": {
				"north": {"uv": [0, 0, 2, 1], "texture": "#0"},
				"east": {"uv": [0, 0, 5.5, 1], "texture": "#0"},
				"south": {"uv": [0, 0, 2, 1], "texture": "#0"},
				"west": {"uv": [0, 0, 5.5, 1], "texture": "#0"},
				"up": {"uv": [0, 0, 5.5, 2], "rotation": 90, "texture": "#0"},
				"down": {"uv": [0, 0, 5.5, 2], "rotation": 270, "texture": "#0"}
			}
		},
		{
			"from": [20.22731, -7.42498, 6.35005],
			"to": [21.22731, 15.57502, 11.35005],
			"rotation": {"angle": 22.5, "axis": "y", "origin": [6.92457, -6.1126, 8.04332]},
			"faces": {
				"north": {"uv": [0, 0, 1, 16], "texture": "#0"},
				"east": {"uv": [0, 0, 5, 16], "texture": "#0"},
				"south": {"uv": [0, 0, 1, 16], "texture": "#0"},
				"west": {"uv": [0, 0, 5, 16], "texture": "#0"},
				"up": {"uv": [0, 0, 5, 1], "rotation": 90, "texture": "#0"},
				"down": {"uv": [0, 0, 5, 1], "rotation": 270, "texture": "#0"}
			}
		},
		{
			"from": [-3.49657, -8.42498, 5.96737],
			"to": [21.30343, -7.42498, 10.96737],
			"rotation": {"angle": 22.5, "axis": "y", "origin": [7.92457, 8.31238, 8.04332]},
			"faces": {
				"north": {"uv": [0, 0, 16, 1], "texture": "#0"},
				"east": {"uv": [0, 0, 5, 1], "texture": "#0"},
				"south": {"uv": [0, 0, 16, 1], "texture": "#0"},
				"west": {"uv": [0, 0, 5, 1], "texture": "#0"},
				"up": {"uv": [0, 0, 5, 16], "rotation": 90, "texture": "#0"},
				"down": {"uv": [0, 0, 5, 16], "rotation": 270, "texture": "#0"}
			}
		},
		{
			"from": [20.30343, 15.57502, 5.71737],
			"to": [22.30343, 16.57502, 11.21737],
			"rotation": {"angle": 22.5, "axis": "y", "origin": [7.92457, 8.31238, 8.04332]},
			"faces": {
				"north": {"uv": [0, 0, 2, 1], "texture": "#0"},
				"east": {"uv": [0, 0, 5.5, 1], "texture": "#0"},
				"south": {"uv": [0, 0, 2, 1], "texture": "#0"},
				"west": {"uv": [0, 0, 5.5, 1], "texture": "#0"},
				"up": {"uv": [0, 0, 5.5, 2], "rotation": 90, "texture": "#0"},
				"down": {"uv": [0, 0, 5.5, 2], "rotation": 270, "texture": "#0"}
			}
		},
		{
			"from": [20.07946, -7.42498, 6.24526],
			"to": [21.07946, 15.57502, 11.24526],
			"rotation": {"angle": 45, "axis": "y", "origin": [7.92457, 8.31238, 8.04332]},
			"faces": {
				"north": {"uv": [0, 0, 1, 16], "texture": "#0"},
				"east": {"uv": [0, 0, 5, 16], "texture": "#0"},
				"south": {"uv": [0, 0, 1, 16], "texture": "#0"},
				"west": {"uv": [0, 0, 5, 16], "texture": "#0"},
				"up": {"uv": [0, 0, 5, 1], "rotation": 90, "texture": "#0"},
				"down": {"uv": [0, 0, 5, 1], "rotation": 270, "texture": "#0"}
			}
		},
		{
			"from": [-3.72054, -8.42498, 6.24526],
			"to": [21.07946, -7.42498, 11.24526],
			"rotation": {"angle": 45, "axis": "y", "origin": [7.92457, 8.31238, 8.04332]},
			"faces": {
				"north": {"uv": [0, 0, 16, 1], "texture": "#0"},
				"east": {"uv": [0, 0, 5, 1], "texture": "#0"},
				"south": {"uv": [0, 0, 16, 1], "texture": "#0"},
				"west": {"uv": [0, 0, 5, 1], "texture": "#0"},
				"up": {"uv": [0, 0, 5, 16], "rotation": 90, "texture": "#0"},
				"down": {"uv": [0, 0, 5, 16], "rotation": 270, "texture": "#0"}
			}
		},
		{
			"from": [20.07946, 15.57502, 5.99526],
			"to": [22.07946, 16.57502, 11.49526],
			"rotation": {"angle": 45, "axis": "y", "origin": [7.92457, 8.31238, 8.04332]},
			"faces": {
				"north": {"uv": [0, 0, 2, 1], "texture": "#0"},
				"east": {"uv": [0, 0, 5.5, 1], "texture": "#0"},
				"south": {"uv": [0, 0, 2, 1], "texture": "#0"},
				"west": {"uv": [0, 0, 5.5, 1], "texture": "#0"},
				"up": {"uv": [0, 0, 5.5, 2], "rotation": 90, "texture": "#0"},
				"down": {"uv": [0, 0, 5.5, 2], "rotation": 270, "texture": "#0"}
			}
		},
		{
			"from": [20.07946, -7.42498, 6.24526],
			"to": [21.07946, 15.57502, 11.24526],
			"rotation": {"angle": 45, "axis": "y", "origin": [7.92457, 8.31238, 8.04332]},
			"faces": {
				"north": {"uv": [0, 0, 1, 16], "texture": "#0"},
				"east": {"uv": [0, 0, 5, 16], "texture": "#0"},
				"south": {"uv": [0, 0, 1, 16], "texture": "#0"},
				"west": {"uv": [0, 0, 5, 16], "texture": "#0"},
				"up": {"uv": [0, 0, 5, 1], "rotation": 90, "texture": "#0"},
				"down": {"uv": [0, 0, 5, 1], "rotation": 270, "texture": "#0"}
			}
		},
		{
			"from": [20.07946, 15.57502, 6.24526],
			"to": [21.07946, 16.57502, 11.24526],
			"rotation": {"angle": 45, "axis": "y", "origin": [7.92457, 8.31238, 8.04332]},
			"faces": {
				"north": {"uv": [0, 0, 1, 1], "texture": "#0"},
				"east": {"uv": [0, 0, 5, 1], "texture": "#0"},
				"south": {"uv": [0, 0, 1, 1], "texture": "#0"},
				"west": {"uv": [0, 0, 5, 1], "texture": "#0"},
				"up": {"uv": [0, 0, 5, 1], "rotation": 90, "texture": "#0"},
				"down": {"uv": [0, 0, 5, 1], "rotation": 270, "texture": "#0"}
			}
		},
		{
			"from": [6.29754, -7.42498, -4.7983],
			"to": [11.29754, 15.57502, -3.7983],
			"rotation": {"angle": -22.5, "axis": "y", "origin": [7.92457, 8.31238, 8.04332]},
			"faces": {
				"north": {"uv": [0, 0, 5, 16], "texture": "#0"},
				"east": {"uv": [0, 0, 1, 16], "texture": "#0"},
				"south": {"uv": [0, 0, 5, 16], "texture": "#0"},
				"west": {"uv": [0, 0, 1, 16], "texture": "#0"},
				"up": {"uv": [0, 0, 5, 1], "texture": "#0"},
				"down": {"uv": [0, 0, 5, 1], "texture": "#0"}
			}
		},
		{
			"from": [6.29754, -8.42498, -4.7983],
			"to": [11.29754, -7.42498, 20.1017],
			"rotation": {"angle": -22.5, "axis": "y", "origin": [7.92457, 8.31238, 8.04332]},
			"faces": {
				"north": {"uv": [0, 0, 5, 1], "texture": "#0"},
				"east": {"uv": [0, 0, 16, 1], "texture": "#0"},
				"south": {"uv": [0, 0, 5, 1], "texture": "#0"},
				"west": {"uv": [0, 0, 16, 1], "texture": "#0"},
				"up": {"uv": [0, 0, 5, 16], "texture": "#0"},
				"down": {"uv": [0, 0, 5, 16], "texture": "#0"}
			}
		},
		{
			"from": [6.01111, -8.42498, -3.68639],
			"to": [11.01111, -7.42498, 21.31361],
			"rotation": {"angle": 45, "axis": "y", "origin": [7.92457, 8.31238, 8.04332]},
			"faces": {
				"north": {"uv": [0, 0, 5, 1], "texture": "#0"},
				"east": {"uv": [0, 0, 16, 1], "texture": "#0"},
				"south": {"uv": [0, 0, 5, 1], "texture": "#0"},
				"west": {"uv": [0, 0, 16, 1], "texture": "#0"},
				"up": {"uv": [0, 0, 5, 16], "rotation": 180, "texture": "#0"},
				"down": {"uv": [0, 0, 5, 16], "rotation": 180, "texture": "#0"}
			}
		},
		{
			"from": [6.33567, -7.42498, -4.44343],
			"to": [11.33567, 15.57502, -3.44343],
			"rotation": {"angle": 0, "axis": "y", "origin": [7.92457, 8.31238, 8.04332]},
			"faces": {
				"north": {"uv": [0, 0, 5, 16], "texture": "#0"},
				"east": {"uv": [0, 0, 1, 16], "texture": "#0"},
				"south": {"uv": [0, 0, 5, 16], "texture": "#0"},
				"west": {"uv": [0, 0, 1, 16], "texture": "#0"},
				"up": {"uv": [0, 0, 5, 1], "texture": "#0"},
				"down": {"uv": [0, 0, 5, 1], "texture": "#0"}
			}
		},
		{
			"from": [6.33567, -8.42498, -4.44343],
			"to": [11.33567, -7.42498, 20.55657],
			"rotation": {"angle": 0, "axis": "y", "origin": [7.92457, 8.31238, 8.04332]},
			"faces": {
				"north": {"uv": [0, 0, 5, 1], "texture": "#0"},
				"east": {"uv": [0, 0, 16, 1], "texture": "#0"},
				"south": {"uv": [0, 0, 5, 1], "texture": "#0"},
				"west": {"uv": [0, 0, 16, 1], "texture": "#0"},
				"up": {"uv": [0, 0, 5, 16], "texture": "#0"},
				"down": {"uv": [0, 0, 5, 16], "texture": "#0"}
			}
		},
		{
			"from": [6.08567, 15.57502, -5.44343],
			"to": [11.58567, 16.57502, -3.44343],
			"rotation": {"angle": 0, "axis": "y", "origin": [7.92457, 8.31238, 8.04332]},
			"faces": {
				"north": {"uv": [0, 0, 5.5, 1], "texture": "#0"},
				"east": {"uv": [0, 0, 2, 1], "texture": "#0"},
				"south": {"uv": [0, 0, 5.5, 1], "texture": "#0"},
				"west": {"uv": [0, 0, 2, 1], "texture": "#0"},
				"up": {"uv": [0, 0, 5.5, 2], "texture": "#0"},
				"down": {"uv": [0, 0, 5.5, 2], "texture": "#0"}
			}
		},
		{
			"from": [6.23509, -7.42498, -4.10098],
			"to": [11.23509, 15.57502, -3.10098],
			"rotation": {"angle": 22.5, "axis": "y", "origin": [7.92457, 8.31238, 8.04332]},
			"faces": {
				"north": {"uv": [0, 0, 5, 16], "texture": "#0"},
				"east": {"uv": [0, 0, 1, 16], "texture": "#0"},
				"south": {"uv": [0, 0, 5, 16], "texture": "#0"},
				"west": {"uv": [0, 0, 1, 16], "texture": "#0"},
				"up": {"uv": [0, 0, 5, 1], "texture": "#0"},
				"down": {"uv": [0, 0, 5, 1], "texture": "#0"}
			}
		},
		{
			"from": [6.23509, -8.42498, -4.10098],
			"to": [11.23509, -7.42498, -3.10098],
			"rotation": {"angle": 22.5, "axis": "y", "origin": [7.92457, 8.31238, 8.04332]},
			"faces": {
				"north": {"uv": [0, 0, 5, 1], "texture": "#0"},
				"east": {"uv": [0, 0, 1, 1], "texture": "#0"},
				"south": {"uv": [0, 0, 5, 1], "texture": "#0"},
				"west": {"uv": [0, 0, 1, 1], "texture": "#0"},
				"up": {"uv": [0, 0, 5, 1], "texture": "#0"},
				"down": {"uv": [0, 0, 5, 1], "texture": "#0"}
			}
		},
		{
			"from": [5.98509, 15.57502, -5.10098],
			"to": [11.48509, 16.57502, -3.10098],
			"rotation": {"angle": 22.5, "axis": "y", "origin": [7.92457, 8.31238, 8.04332]},
			"faces": {
				"north": {"uv": [0, 0, 5.5, 1], "texture": "#0"},
				"east": {"uv": [0, 0, 2, 1], "texture": "#0"},
				"south": {"uv": [0, 0, 5.5, 1], "texture": "#0"},
				"west": {"uv": [0, 0, 2, 1], "texture": "#0"},
				"up": {"uv": [0, 0, 5.5, 2], "texture": "#0"},
				"down": {"uv": [0, 0, 5.5, 2], "texture": "#0"}
			}
		},
		{
			"from": [6.01111, -7.42498, -3.82309],
			"to": [11.01111, 15.57502, -2.82309],
			"rotation": {"angle": 45, "axis": "y", "origin": [7.92457, 8.31238, 8.04332]},
			"faces": {
				"north": {"uv": [0, 0, 5, 16], "texture": "#0"},
				"east": {"uv": [0, 0, 1, 16], "texture": "#0"},
				"south": {"uv": [0, 0, 5, 16], "texture": "#0"},
				"west": {"uv": [0, 0, 1, 16], "texture": "#0"},
				"up": {"uv": [0, 0, 5, 1], "texture": "#0"},
				"down": {"uv": [0, 0, 5, 1], "texture": "#0"}
			}
		},
		{
			"from": [6.01111, -8.42498, -3.82309],
			"to": [11.01111, -7.42498, -2.82309],
			"rotation": {"angle": 45, "axis": "y", "origin": [7.92457, 8.31238, 8.04332]},
			"faces": {
				"north": {"uv": [0, 0, 5, 1], "texture": "#0"},
				"east": {"uv": [0, 0, 1, 1], "texture": "#0"},
				"south": {"uv": [0, 0, 5, 1], "texture": "#0"},
				"west": {"uv": [0, 0, 1, 1], "texture": "#0"},
				"up": {"uv": [0, 0, 5, 1], "texture": "#0"},
				"down": {"uv": [0, 0, 5, 1], "texture": "#0"}
			}
		},
		{
			"from": [5.76111, 15.57502, -4.82309],
			"to": [11.26111, 16.57502, -2.82309],
			"rotation": {"angle": 45, "axis": "y", "origin": [7.92457, 8.31238, 8.04332]},
			"faces": {
				"north": {"uv": [0, 0, 5.5, 1], "texture": "#0"},
				"east": {"uv": [0, 0, 2, 1], "texture": "#0"},
				"south": {"uv": [0, 0, 5.5, 1], "texture": "#0"},
				"west": {"uv": [0, 0, 2, 1], "texture": "#0"},
				"up": {"uv": [0, 0, 5.5, 2], "texture": "#0"},
				"down": {"uv": [0, 0, 5.5, 2], "texture": "#0"}
			}
		},
		{
			"from": [-3.77081, -7.42498, 5.27004],
			"to": [-2.77081, 15.57502, 10.27004],
			"rotation": {"angle": -22.5, "axis": "y", "origin": [7.92457, 8.31238, 8.04332]},
			"faces": {
				"north": {"uv": [0, 0, 1, 16], "texture": "#0"},
				"east": {"uv": [0, 0, 5, 16], "texture": "#0"},
				"south": {"uv": [0, 0, 1, 16], "texture": "#0"},
				"west": {"uv": [0, 0, 5, 16], "texture": "#0"},
				"up": {"uv": [0, 0, 5, 1], "rotation": 270, "texture": "#0"},
				"down": {"uv": [0, 0, 5, 1], "rotation": 90, "texture": "#0"}
			}
		},
		{
			"from": [-3.77081, -8.42498, 5.27004],
			"to": [-2.77081, -7.42498, 10.27004],
			"rotation": {"angle": -22.5, "axis": "y", "origin": [7.92457, 8.31238, 8.04332]},
			"faces": {
				"north": {"uv": [0, 0, 1, 1], "texture": "#0"},
				"east": {"uv": [0, 0, 5, 1], "texture": "#0"},
				"south": {"uv": [0, 0, 1, 1], "texture": "#0"},
				"west": {"uv": [0, 0, 5, 1], "texture": "#0"},
				"up": {"uv": [0, 0, 5, 1], "rotation": 270, "texture": "#0"},
				"down": {"uv": [0, 0, 5, 1], "rotation": 90, "texture": "#0"}
			}
		},
		{
			"from": [-4.77081, 15.57502, 5.02004],
			"to": [-2.77081, 16.57502, 10.52004],
			"rotation": {"angle": -22.5, "axis": "y", "origin": [7.92457, 8.31238, 8.04332]},
			"faces": {
				"north": {"uv": [0, 0, 2, 1], "texture": "#0"},
				"east": {"uv": [0, 0, 5.5, 1], "texture": "#0"},
				"south": {"uv": [0, 0, 2, 1], "texture": "#0"},
				"west": {"uv": [0, 0, 5.5, 1], "texture": "#0"},
				"up": {"uv": [0, 0, 5.5, 2], "rotation": 270, "texture": "#0"},
				"down": {"uv": [0, 0, 5.5, 2], "rotation": 90, "texture": "#0"}
			}
		},
		{
			"from": [-3.73268, -7.42498, 5.62492],
			"to": [-2.73268, 15.57502, 10.62492],
			"rotation": {"angle": 0, "axis": "y", "origin": [7.92457, 8.31238, 8.04332]},
			"faces": {
				"north": {"uv": [0, 0, 1, 16], "texture": "#0"},
				"east": {"uv": [0, 0, 5, 16], "texture": "#0"},
				"south": {"uv": [0, 0, 1, 16], "texture": "#0"},
				"west": {"uv": [0, 0, 5, 16], "texture": "#0"},
				"up": {"uv": [0, 0, 5, 1], "rotation": 270, "texture": "#0"},
				"down": {"uv": [0, 0, 5, 1], "rotation": 90, "texture": "#0"}
			}
		},
		{
			"from": [-3.73268, -8.42498, 5.62492],
			"to": [-2.73268, -7.42498, 10.62492],
			"rotation": {"angle": 0, "axis": "y", "origin": [7.92457, 8.31238, 8.04332]},
			"faces": {
				"north": {"uv": [0, 0, 1, 1], "texture": "#0"},
				"east": {"uv": [0, 0, 5, 1], "texture": "#0"},
				"south": {"uv": [0, 0, 1, 1], "texture": "#0"},
				"west": {"uv": [0, 0, 5, 1], "texture": "#0"},
				"up": {"uv": [0, 0, 5, 1], "rotation": 270, "texture": "#0"},
				"down": {"uv": [0, 0, 5, 1], "rotation": 90, "texture": "#0"}
			}
		},
		{
			"from": [-4.73268, 15.57502, 5.37492],
			"to": [-2.73268, 16.57502, 10.87492],
			"rotation": {"angle": 0, "axis": "y", "origin": [7.92457, 8.31238, 8.04332]},
			"faces": {
				"north": {"uv": [0, 0, 2, 1], "texture": "#0"},
				"east": {"uv": [0, 0, 5.5, 1], "texture": "#0"},
				"south": {"uv": [0, 0, 2, 1], "texture": "#0"},
				"west": {"uv": [0, 0, 5.5, 1], "texture": "#0"},
				"up": {"uv": [0, 0, 5.5, 2], "rotation": 270, "texture": "#0"},
				"down": {"uv": [0, 0, 5.5, 2], "rotation": 90, "texture": "#0"}
			}
		},
		{
			"from": [-5.73268, 15.57502, 6.37492],
			"to": [-3.73268, 16.57502, 9.87492],
			"rotation": {"angle": 0, "axis": "y", "origin": [7.92457, 8.31238, 8.04332]},
			"faces": {
				"north": {"uv": [0, 0, 2, 1], "texture": "#0"},
				"east": {"uv": [0, 0, 3.5, 1], "texture": "#0"},
				"south": {"uv": [0, 0, 2, 1], "texture": "#0"},
				"west": {"uv": [0, 0, 3.5, 1], "texture": "#0"},
				"up": {"uv": [0, 0, 3.5, 2], "rotation": 270, "texture": "#0"},
				"down": {"uv": [0, 0, 3.5, 2], "rotation": 90, "texture": "#0"}
			}
		},
		{
			"from": [21.26732, 15.57502, 6.37492],
			"to": [23.26732, 16.57502, 9.87492],
			"rotation": {"angle": 0, "axis": "y", "origin": [7.92457, 8.31238, 8.04332]},
			"faces": {
				"north": {"uv": [0, 0, 2, 1], "texture": "#0"},
				"east": {"uv": [0, 0, 3.5, 1], "texture": "#0"},
				"south": {"uv": [0, 0, 2, 1], "texture": "#0"},
				"west": {"uv": [0, 0, 3.5, 1], "texture": "#0"},
				"up": {"uv": [0, 0, 3.5, 2], "rotation": 270, "texture": "#0"},
				"down": {"uv": [0, 0, 3.5, 2], "rotation": 90, "texture": "#0"}
			}
		},
		{
			"from": [22.41732, 16.57502, 7.87492],
			"to": [22.91732, 19.57502, 8.37492],
			"rotation": {"angle": 0, "axis": "y", "origin": [7.92457, 8.31238, 8.04332]},
			"faces": {
				"north": {"uv": [0, 0, 0.5, 3], "texture": "#0"},
				"east": {"uv": [0, 0, 0.5, 3], "texture": "#0"},
				"south": {"uv": [0, 0, 0.5, 3], "texture": "#0"},
				"west": {"uv": [0, 0, 0.5, 3], "texture": "#0"},
				"up": {"uv": [0, 0, 0.5, 0.5], "rotation": 270, "texture": "#0"},
				"down": {"uv": [0, 0, 0.5, 0.5], "rotation": 90, "texture": "#0"}
			}
		},
		{
			"from": [-5.58268, 16.57502, 7.87492],
			"to": [-5.08268, 19.57502, 8.37492],
			"rotation": {"angle": 0, "axis": "y", "origin": [7.92457, 8.31238, 8.04332]},
			"faces": {
				"north": {"uv": [0, 0, 0.5, 3], "texture": "#0"},
				"east": {"uv": [0, 0, 0.5, 3], "texture": "#0"},
				"south": {"uv": [0, 0, 0.5, 3], "texture": "#0"},
				"west": {"uv": [0, 0, 0.5, 3], "texture": "#0"},
				"up": {"uv": [0, 0, 0.5, 0.5], "rotation": 270, "texture": "#0"},
				"down": {"uv": [0, 0, 0.5, 0.5], "rotation": 90, "texture": "#0"}
			}
		},
		{
			"from": [-8.86453, 13.5487, 7.87492],
			"to": [-8.36453, 17.5487, 8.37492],
			"rotation": {"angle": -22.5, "axis": "z", "origin": [7.92457, 8.31238, 8.04332]},
			"faces": {
				"north": {"uv": [0, 0, 0.5, 4], "texture": "#0"},
				"east": {"uv": [0, 0, 0.5, 4], "texture": "#0"},
				"south": {"uv": [0, 0, 0.5, 4], "texture": "#0"},
				"west": {"uv": [0, 0, 0.5, 4], "texture": "#0"},
				"up": {"uv": [0, 0, 0.5, 0.5], "rotation": 270, "texture": "#0"},
				"down": {"uv": [0, 0, 0.5, 0.5], "rotation": 90, "texture": "#0"}
			}
		},
		{
			"from": [25.58609, 12.98023, 7.87492],
			"to": [26.08609, 16.98023, 8.37492],
			"rotation": {"angle": 22.5, "axis": "z", "origin": [7.92457, 8.31238, 8.04332]},
			"faces": {
				"north": {"uv": [0, 0, 0.5, 4], "texture": "#0"},
				"east": {"uv": [0, 0, 0.5, 4], "texture": "#0"},
				"south": {"uv": [0, 0, 0.5, 4], "texture": "#0"},
				"west": {"uv": [0, 0, 0.5, 4], "texture": "#0"},
				"up": {"uv": [0, 0, 0.5, 0.5], "rotation": 270, "texture": "#0"},
				"down": {"uv": [0, 0, 0.5, 0.5], "rotation": 90, "texture": "#0"}
			}
		},
		{
			"from": [27.52067, 9.37031, 7.87492],
			"to": [28.02067, 13.37031, 8.37492],
			"rotation": {"angle": 45, "axis": "z", "origin": [7.92457, 8.31238, 8.04332]},
			"faces": {
				"north": {"uv": [0, 0, 0.5, 4], "texture": "#0"},
				"east": {"uv": [0, 0, 0.5, 4], "texture": "#0"},
				"south": {"uv": [0, 0, 0.5, 4], "texture": "#0"},
				"west": {"uv": [0, 0, 0.5, 4], "texture": "#0"},
				"up": {"uv": [0, 0, 0.5, 0.5], "rotation": 270, "texture": "#0"},
				"down": {"uv": [0, 0, 0.5, 0.5], "rotation": 90, "texture": "#0"}
			}
		},
		{
			"from": [6.94209, 28.31434, 7.87492],
			"to": [10.94209, 28.81434, 8.37492],
			"rotation": {"angle": -22.5, "axis": "z", "origin": [7.92457, 8.31238, 8.04332]},
			"faces": {
				"north": {"uv": [0, 0, 0.5, 4], "rotation": 90, "texture": "#0"},
				"east": {"uv": [0, 0, 0.5, 0.5], "texture": "#0"},
				"south": {"uv": [0, 0, 0.5, 4], "rotation": 270, "texture": "#0"},
				"west": {"uv": [0, 0, 0.5, 0.5], "rotation": 180, "texture": "#0"},
				"up": {"uv": [0, 0, 0.5, 4], "rotation": 270, "texture": "#0"},
				"down": {"uv": [0, 0, 0.5, 4], "rotation": 270, "texture": "#0"}
			}
		},
		{
			"from": [10.86264, 27.1297, 7.87492],
			"to": [14.86264, 27.6297, 8.37492],
			"rotation": {"angle": 0, "axis": "z", "origin": [7.92457, 8.31238, 8.04332]},
			"faces": {
				"north": {"uv": [0, 0, 0.5, 4], "rotation": 90, "texture": "#0"},
				"east": {"uv": [0, 0, 0.5, 0.5], "texture": "#0"},
				"south": {"uv": [0, 0, 0.5, 4], "rotation": 270, "texture": "#0"},
				"west": {"uv": [0, 0, 0.5, 0.5], "rotation": 180, "texture": "#0"},
				"up": {"uv": [0, 0, 0.5, 4], "rotation": 270, "texture": "#0"},
				"down": {"uv": [0, 0, 0.5, 4], "rotation": 270, "texture": "#0"}
			}
		},
		{
			"from": [6.33764, 27.1297, 7.87492],
			"to": [11.33764, 27.6297, 8.37492],
			"rotation": {"angle": 0, "axis": "z", "origin": [7.92457, 8.31238, 8.04332]},
			"faces": {
				"north": {"uv": [0, 0, 0.5, 5], "rotation": 90, "texture": "#0"},
				"east": {"uv": [0, 0, 0.5, 0.5], "texture": "#0"},
				"south": {"uv": [0, 0, 0.5, 5], "rotation": 270, "texture": "#0"},
				"west": {"uv": [0, 0, 0.5, 0.5], "rotation": 180, "texture": "#0"},
				"up": {"uv": [0, 0, 0.5, 5], "rotation": 270, "texture": "#0"},
				"down": {"uv": [0, 0, 0.5, 5], "rotation": 270, "texture": "#0"}
			}
		},
		{
			"from": [-11.12112, 10.42072, 7.87492],
			"to": [-10.62112, 14.42072, 8.37492],
			"rotation": {"angle": -45, "axis": "z", "origin": [7.92457, 8.31238, 8.04332]},
			"faces": {
				"north": {"uv": [0, 0, 0.5, 4], "texture": "#0"},
				"east": {"uv": [0, 0, 0.5, 4], "texture": "#0"},
				"south": {"uv": [0, 0, 0.5, 4], "texture": "#0"},
				"west": {"uv": [0, 0, 0.5, 4], "texture": "#0"},
				"up": {"uv": [0, 0, 0.5, 0.5], "rotation": 270, "texture": "#0"},
				"down": {"uv": [0, 0, 0.5, 0.5], "rotation": 90, "texture": "#0"}
			}
		},
		{
			"from": [2.472, 27.1297, 7.87492],
			"to": [6.472, 27.6297, 8.37492],
			"rotation": {"angle": 0, "axis": "z", "origin": [7.92457, 8.31238, 8.04332]},
			"faces": {
				"north": {"uv": [0, 0, 0.5, 4], "rotation": 270, "texture": "#0"},
				"east": {"uv": [0, 0, 0.5, 0.5], "texture": "#0"},
				"south": {"uv": [0, 0, 0.5, 4], "rotation": 90, "texture": "#0"},
				"west": {"uv": [0, 0, 0.5, 0.5], "rotation": 180, "texture": "#0"},
				"up": {"uv": [0, 0, 0.5, 4], "rotation": 90, "texture": "#0"},
				"down": {"uv": [0, 0, 0.5, 4], "rotation": 90, "texture": "#0"}
			}
		},
		{
			"from": [6.27947, 27.74586, 7.87492],
			"to": [10.27947, 28.24586, 8.37492],
			"rotation": {"angle": 22.5, "axis": "z", "origin": [7.92457, 8.31238, 8.04332]},
			"faces": {
				"north": {"uv": [0, 0, 0.5, 4], "rotation": 270, "texture": "#0"},
				"east": {"uv": [0, 0, 0.5, 0.5], "texture": "#0"},
				"south": {"uv": [0, 0, 0.5, 4], "rotation": 90, "texture": "#0"},
				"west": {"uv": [0, 0, 0.5, 0.5], "rotation": 180, "texture": "#0"},
				"up": {"uv": [0, 0, 0.5, 4], "rotation": 90, "texture": "#0"},
				"down": {"uv": [0, 0, 0.5, 4], "rotation": 90, "texture": "#0"}
			}
		},
		{
			"from": [-8.86453, 13.5487, 7.87492],
			"to": [-8.36453, 16.5487, 8.37492],
			"rotation": {"angle": -22.5, "axis": "z", "origin": [7.92457, 8.31238, 8.04332]},
			"faces": {
				"north": {"uv": [0, 0, 0.5, 3], "texture": "#0"},
				"east": {"uv": [0, 0, 0.5, 3], "texture": "#0"},
				"south": {"uv": [0, 0, 0.5, 3], "texture": "#0"},
				"west": {"uv": [0, 0, 0.5, 3], "texture": "#0"},
				"up": {"uv": [0, 0, 0.5, 0.5], "rotation": 270, "texture": "#0"},
				"down": {"uv": [0, 0, 0.5, 0.5], "rotation": 90, "texture": "#0"}
			}
		},
		{
			"from": [-3.83326, -7.42498, 5.96737],
			"to": [-2.83326, 15.57502, 10.96737],
			"rotation": {"angle": 22.5, "axis": "y", "origin": [7.92457, 8.31238, 8.04332]},
			"faces": {
				"north": {"uv": [0, 0, 1, 16], "texture": "#0"},
				"east": {"uv": [0, 0, 5, 16], "texture": "#0"},
				"south": {"uv": [0, 0, 1, 16], "texture": "#0"},
				"west": {"uv": [0, 0, 5, 16], "texture": "#0"},
				"up": {"uv": [0, 0, 5, 1], "rotation": 270, "texture": "#0"},
				"down": {"uv": [0, 0, 5, 1], "rotation": 90, "texture": "#0"}
			}
		},
		{
			"from": [-3.83326, -8.42498, 5.96737],
			"to": [-2.83326, -7.42498, 10.96737],
			"rotation": {"angle": 22.5, "axis": "y", "origin": [7.92457, 8.31238, 8.04332]},
			"faces": {
				"north": {"uv": [0, 0, 1, 1], "texture": "#0"},
				"east": {"uv": [0, 0, 5, 1], "texture": "#0"},
				"south": {"uv": [0, 0, 1, 1], "texture": "#0"},
				"west": {"uv": [0, 0, 5, 1], "texture": "#0"},
				"up": {"uv": [0, 0, 5, 1], "rotation": 270, "texture": "#0"},
				"down": {"uv": [0, 0, 5, 1], "rotation": 90, "texture": "#0"}
			}
		},
		{
			"from": [-4.83326, 15.57502, 5.71737],
			"to": [-2.83326, 16.57502, 11.21737],
			"rotation": {"angle": 22.5, "axis": "y", "origin": [7.92457, 8.31238, 8.04332]},
			"faces": {
				"north": {"uv": [0, 0, 2, 1], "texture": "#0"},
				"east": {"uv": [0, 0, 5.5, 1], "texture": "#0"},
				"south": {"uv": [0, 0, 2, 1], "texture": "#0"},
				"west": {"uv": [0, 0, 5.5, 1], "texture": "#0"},
				"up": {"uv": [0, 0, 5.5, 2], "rotation": 270, "texture": "#0"},
				"down": {"uv": [0, 0, 5.5, 2], "rotation": 90, "texture": "#0"}
			}
		},
		{
			"from": [-4.05724, -7.42498, 6.24526],
			"to": [-3.05724, 15.57502, 11.24526],
			"rotation": {"angle": 45, "axis": "y", "origin": [7.92457, 8.31238, 8.04332]},
			"faces": {
				"north": {"uv": [0, 0, 1, 16], "texture": "#0"},
				"east": {"uv": [0, 0, 5, 16], "texture": "#0"},
				"south": {"uv": [0, 0, 1, 16], "texture": "#0"},
				"west": {"uv": [0, 0, 5, 16], "texture": "#0"},
				"up": {"uv": [0, 0, 5, 1], "rotation": 270, "texture": "#0"},
				"down": {"uv": [0, 0, 5, 1], "rotation": 90, "texture": "#0"}
			}
		},
		{
			"from": [-4.05724, -8.42498, 6.24526],
			"to": [-3.05724, -7.42498, 11.24526],
			"rotation": {"angle": 45, "axis": "y", "origin": [7.92457, 8.31238, 8.04332]},
			"faces": {
				"north": {"uv": [0, 0, 1, 1], "texture": "#0"},
				"east": {"uv": [0, 0, 5, 1], "texture": "#0"},
				"south": {"uv": [0, 0, 1, 1], "texture": "#0"},
				"west": {"uv": [0, 0, 5, 1], "texture": "#0"},
				"up": {"uv": [0, 0, 5, 1], "rotation": 270, "texture": "#0"},
				"down": {"uv": [0, 0, 5, 1], "rotation": 90, "texture": "#0"}
			}
		},
		{
			"from": [-5.05724, 15.57502, 5.99526],
			"to": [-3.05724, 16.57502, 11.49526],
			"rotation": {"angle": 45, "axis": "y", "origin": [7.92457, 8.31238, 8.04332]},
			"faces": {
				"north": {"uv": [0, 0, 2, 1], "texture": "#0"},
				"east": {"uv": [0, 0, 5.5, 1], "texture": "#0"},
				"south": {"uv": [0, 0, 2, 1], "texture": "#0"},
				"west": {"uv": [0, 0, 5.5, 1], "texture": "#0"},
				"up": {"uv": [0, 0, 5.5, 2], "rotation": 270, "texture": "#0"},
				"down": {"uv": [0, 0, 5.5, 2], "rotation": 90, "texture": "#0"}
			}
		},
		{
			"from": [6.29754, -7.42498, 19.33839],
			"to": [11.29754, 15.57502, 20.33839],
			"rotation": {"angle": -22.5, "axis": "y", "origin": [7.92457, 8.31238, 8.04332]},
			"faces": {
				"north": {"uv": [0, 0, 5, 16], "texture": "#0"},
				"east": {"uv": [0, 0, 1, 16], "texture": "#0"},
				"south": {"uv": [0, 0, 5, 16], "texture": "#0"},
				"west": {"uv": [0, 0, 1, 16], "texture": "#0"},
				"up": {"uv": [0, 0, 5, 1], "rotation": 180, "texture": "#0"},
				"down": {"uv": [0, 0, 5, 1], "rotation": 180, "texture": "#0"}
			}
		},
		{
			"from": [6.29754, -8.42498, 19.33839],
			"to": [11.29754, -7.42498, 20.33839],
			"rotation": {"angle": -22.5, "axis": "y", "origin": [7.92457, 8.31238, 8.04332]},
			"faces": {
				"north": {"uv": [0, 0, 5, 1], "texture": "#0"},
				"east": {"uv": [0, 0, 1, 1], "texture": "#0"},
				"south": {"uv": [0, 0, 5, 1], "texture": "#0"},
				"west": {"uv": [0, 0, 1, 1], "texture": "#0"},
				"up": {"uv": [0, 0, 5, 1], "rotation": 180, "texture": "#0"},
				"down": {"uv": [0, 0, 5, 1], "rotation": 180, "texture": "#0"}
			}
		},
		{
			"from": [6.04754, 15.57502, 19.33839],
			"to": [11.54754, 16.57502, 21.33839],
			"rotation": {"angle": -22.5, "axis": "y", "origin": [7.92457, 8.31238, 8.04332]},
			"faces": {
				"north": {"uv": [0, 0, 5.5, 1], "texture": "#0"},
				"east": {"uv": [0, 0, 2, 1], "texture": "#0"},
				"south": {"uv": [0, 0, 5.5, 1], "texture": "#0"},
				"west": {"uv": [0, 0, 2, 1], "texture": "#0"},
				"up": {"uv": [0, 0, 5.5, 2], "rotation": 180, "texture": "#0"},
				"down": {"uv": [0, 0, 5.5, 2], "rotation": 180, "texture": "#0"}
			}
		},
		{
			"from": [6.33567, -7.42498, 19.69327],
			"to": [11.33567, 15.57502, 20.69327],
			"rotation": {"angle": 0, "axis": "y", "origin": [7.92457, 8.31238, 8.04332]},
			"faces": {
				"north": {"uv": [0, 0, 5, 16], "texture": "#0"},
				"east": {"uv": [0, 0, 1, 16], "texture": "#0"},
				"south": {"uv": [0, 0, 5, 16], "texture": "#0"},
				"west": {"uv": [0, 0, 1, 16], "texture": "#0"},
				"up": {"uv": [0, 0, 5, 1], "rotation": 180, "texture": "#0"},
				"down": {"uv": [0, 0, 5, 1], "rotation": 180, "texture": "#0"}
			}
		},
		{
			"from": [6.33567, -8.42498, 19.69327],
			"to": [11.33567, -7.42498, 20.69327],
			"rotation": {"angle": 0, "axis": "y", "origin": [7.92457, 8.31238, 8.04332]},
			"faces": {
				"north": {"uv": [0, 0, 5, 1], "texture": "#0"},
				"east": {"uv": [0, 0, 1, 1], "texture": "#0"},
				"south": {"uv": [0, 0, 5, 1], "texture": "#0"},
				"west": {"uv": [0, 0, 1, 1], "texture": "#0"},
				"up": {"uv": [0, 0, 5, 1], "rotation": 180, "texture": "#0"},
				"down": {"uv": [0, 0, 5, 1], "rotation": 180, "texture": "#0"}
			}
		},
		{
			"from": [6.08567, 15.57502, 19.69327],
			"to": [11.58567, 16.57502, 21.69327],
			"rotation": {"angle": 0, "axis": "y", "origin": [7.92457, 8.31238, 8.04332]},
			"faces": {
				"north": {"uv": [0, 0, 5.5, 1], "texture": "#0"},
				"east": {"uv": [0, 0, 2, 1], "texture": "#0"},
				"south": {"uv": [0, 0, 5.5, 1], "texture": "#0"},
				"west": {"uv": [0, 0, 2, 1], "texture": "#0"},
				"up": {"uv": [0, 0, 5.5, 2], "rotation": 180, "texture": "#0"},
				"down": {"uv": [0, 0, 5.5, 2], "rotation": 180, "texture": "#0"}
			}
		},
		{
			"from": [6.23509, -7.42498, 20.03572],
			"to": [11.23509, 15.57502, 21.03572],
			"rotation": {"angle": 22.5, "axis": "y", "origin": [7.92457, 8.31238, 8.04332]},
			"faces": {
				"north": {"uv": [0, 0, 5, 16], "texture": "#0"},
				"east": {"uv": [0, 0, 1, 16], "texture": "#0"},
				"south": {"uv": [0, 0, 5, 16], "texture": "#0"},
				"west": {"uv": [0, 0, 1, 16], "texture": "#0"},
				"up": {"uv": [0, 0, 5, 1], "rotation": 180, "texture": "#0"},
				"down": {"uv": [0, 0, 5, 1], "rotation": 180, "texture": "#0"}
			}
		},
		{
			"from": [6.23509, -8.42498, -3.96428],
			"to": [11.23509, -7.42498, 21.03572],
			"rotation": {"angle": 22.5, "axis": "y", "origin": [7.92457, 8.31238, 8.04332]},
			"faces": {
				"north": {"uv": [0, 0, 5, 1], "texture": "#0"},
				"east": {"uv": [0, 0, 16, 1], "texture": "#0"},
				"south": {"uv": [0, 0, 5, 1], "texture": "#0"},
				"west": {"uv": [0, 0, 16, 1], "texture": "#0"},
				"up": {"uv": [0, 0, 5, 16], "rotation": 180, "texture": "#0"},
				"down": {"uv": [0, 0, 5, 16], "rotation": 180, "texture": "#0"}
			}
		},
		{
			"from": [5.98509, 15.57502, 20.03572],
			"to": [11.48509, 16.57502, 22.03572],
			"rotation": {"angle": 22.5, "axis": "y", "origin": [7.92457, 8.31238, 8.04332]},
			"faces": {
				"north": {"uv": [0, 0, 5.5, 1], "texture": "#0"},
				"east": {"uv": [0, 0, 2, 1], "texture": "#0"},
				"south": {"uv": [0, 0, 5.5, 1], "texture": "#0"},
				"west": {"uv": [0, 0, 2, 1], "texture": "#0"},
				"up": {"uv": [0, 0, 5.5, 2], "rotation": 180, "texture": "#0"},
				"down": {"uv": [0, 0, 5.5, 2], "rotation": 180, "texture": "#0"}
			}
		},
		{
			"from": [6.01111, -7.42498, 20.31361],
			"to": [11.01111, 15.57502, 21.31361],
			"rotation": {"angle": 45, "axis": "y", "origin": [7.92457, 8.31238, 8.04332]},
			"faces": {
				"north": {"uv": [0, 0, 5, 16], "texture": "#0"},
				"east": {"uv": [0, 0, 1, 16], "texture": "#0"},
				"south": {"uv": [0, 0, 5, 16], "texture": "#0"},
				"west": {"uv": [0, 0, 1, 16], "texture": "#0"},
				"up": {"uv": [0, 0, 5, 1], "rotation": 180, "texture": "#0"},
				"down": {"uv": [0, 0, 5, 1], "rotation": 180, "texture": "#0"}
			}
		},
		{
			"from": [0, 14, 1],
			"to": [1, 17, 3],
			"rotation": {"angle": -22.5, "axis": "z", "origin": [8, 8, 8]},
			"faces": {
				"north": {"uv": [0, 0, 1, 3], "texture": "#1"},
				"east": {"uv": [0, 0, 2, 3], "texture": "#1"},
				"south": {"uv": [0, 0, 1, 3], "texture": "#1"},
				"west": {"uv": [0, 0, 2, 3], "texture": "#1"},
				"up": {"uv": [0, 0, 1, 2], "texture": "#1"},
				"down": {"uv": [0, 0, 1, 2], "texture": "#1"}
			}
		},
		{
			"from": [1, 13, 1],
			"to": [2, 17, 3],
			"rotation": {"angle": -22.5, "axis": "z", "origin": [8, 8, 8]},
			"faces": {
				"north": {"uv": [0, 0, 1, 4], "texture": "#1"},
				"east": {"uv": [0, 0, 2, 4], "texture": "#1"},
				"south": {"uv": [0, 0, 1, 4], "texture": "#1"},
				"west": {"uv": [0, 0, 2, 4], "texture": "#1"},
				"up": {"uv": [0, 0, 1, 2], "texture": "#1"},
				"down": {"uv": [0, 0, 1, 2], "texture": "#1"}
			}
		},
		{
			"from": [2, 14, 1],
			"to": [3, 16, 3],
			"rotation": {"angle": -22.5, "axis": "z", "origin": [8, 8, 8]},
			"faces": {
				"north": {"uv": [0, 0, 1, 2], "texture": "#1"},
				"east": {"uv": [0, 0, 2, 2], "texture": "#1"},
				"south": {"uv": [0, 0, 1, 2], "texture": "#1"},
				"west": {"uv": [0, 0, 2, 2], "texture": "#1"},
				"up": {"uv": [0, 0, 1, 2], "texture": "#1"},
				"down": {"uv": [0, 0, 1, 2], "texture": "#1"}
			}
		},
		{
			"from": [3, 15, 1],
			"to": [4, 16, 3],
			"rotation": {"angle": -22.5, "axis": "z", "origin": [8, 8, 8]},
			"faces": {
				"north": {"uv": [0, 0, 1, 1], "texture": "#2"},
				"east": {"uv": [0, 0, 2, 1], "texture": "#2"},
				"south": {"uv": [0, 0, 1, 1], "texture": "#2"},
				"west": {"uv": [0, 0, 2, 1], "texture": "#2"},
				"up": {"uv": [0, 0, 1, 2], "texture": "#2"},
				"down": {"uv": [0, 0, 1, 2], "texture": "#2"}
			}
		},
		{
			"from": [3, 14, 1],
			"to": [4, 15, 3],
			"rotation": {"angle": -22.5, "axis": "z", "origin": [8, 8, 8]},
			"faces": {
				"north": {"uv": [0, 0, 1, 1], "texture": "#1"},
				"east": {"uv": [0, 0, 2, 1], "texture": "#1"},
				"south": {"uv": [0, 0, 1, 1], "texture": "#1"},
				"west": {"uv": [0, 0, 2, 1], "texture": "#1"},
				"up": {"uv": [0, 0, 1, 2], "texture": "#1"},
				"down": {"uv": [0, 0, 1, 2], "texture": "#1"}
			}
		},
		{
			"from": [4, 14, 1],
			"to": [5, 16, 3],
			"rotation": {"angle": -22.5, "axis": "z", "origin": [8, 8, 8]},
			"faces": {
				"north": {"uv": [0, 0, 1, 2], "texture": "#1"},
				"east": {"uv": [0, 0, 2, 2], "texture": "#1"},
				"south": {"uv": [0, 0, 1, 2], "texture": "#1"},
				"west": {"uv": [0, 0, 2, 2], "texture": "#1"},
				"up": {"uv": [0, 0, 1, 2], "texture": "#1"},
				"down": {"uv": [0, 0, 1, 2], "texture": "#1"}
			}
		},
		{
			"from": [5, 15, 1],
			"to": [9, 16, 3],
			"rotation": {"angle": -22.5, "axis": "z", "origin": [8, 8, 8]},
			"faces": {
				"north": {"uv": [0, 0, 4, 1], "texture": "#1"},
				"east": {"uv": [0, 0, 2, 1], "texture": "#1"},
				"south": {"uv": [0, 0, 4, 1], "texture": "#1"},
				"west": {"uv": [0, 0, 2, 1], "texture": "#1"},
				"up": {"uv": [0, 0, 4, 2], "texture": "#1"},
				"down": {"uv": [0, 0, 4, 2], "texture": "#1"}
			}
		},
		{
			"from": [9, 14, 1],
			"to": [10, 16, 3],
			"rotation": {"angle": -22.5, "axis": "z", "origin": [8, 8, 8]},
			"faces": {
				"north": {"uv": [0, 0, 1, 2], "texture": "#1"},
				"east": {"uv": [0, 0, 2, 2], "texture": "#1"},
				"south": {"uv": [0, 0, 1, 2], "texture": "#1"},
				"west": {"uv": [0, 0, 2, 2], "texture": "#1"},
				"up": {"uv": [0, 0, 1, 2], "texture": "#1"},
				"down": {"uv": [0, 0, 1, 2], "texture": "#1"}
			}
		},
		{
			"from": [7, 14, 1],
			"to": [9, 15, 3],
			"rotation": {"angle": -22.5, "axis": "z", "origin": [8, 8, 8]},
			"faces": {
				"north": {"uv": [0, 0, 2, 1], "texture": "#3"},
				"east": {"uv": [0, 0, 2, 1], "texture": "#3"},
				"south": {"uv": [0, 0, 2, 1], "texture": "#3"},
				"west": {"uv": [0, 0, 2, 1], "texture": "#3"},
				"up": {"uv": [0, 0, 2, 2], "texture": "#3"},
				"down": {"uv": [0, 0, 2, 2], "texture": "#3"}
			}
		},
		{
			"from": [2, 16, 1],
			"to": [10, 17, 3],
			"rotation": {"angle": -22.5, "axis": "z", "origin": [8, 8, 8]},
			"faces": {
				"north": {"uv": [0, 0, 8, 1], "texture": "#1"},
				"east": {"uv": [0, 0, 2, 1], "texture": "#1"},
				"south": {"uv": [0, 0, 8, 1], "texture": "#1"},
				"west": {"uv": [0, 0, 2, 1], "texture": "#1"},
				"up": {"uv": [0, 0, 8, 2], "texture": "#1"},
				"down": {"uv": [0, 0, 8, 2], "texture": "#1"}
			}
		},
		{
			"from": [2, 17, 1.95],
			"to": [8, 18, 2.05],
			"rotation": {"angle": -22.5, "axis": "z", "origin": [8, 8, 8]},
			"faces": {
				"north": {"uv": [0, 0, 6, 1], "texture": "#3"},
				"east": {"uv": [0, 0, 0.1, 1], "texture": "#3"},
				"south": {"uv": [0, 0, 6, 1], "texture": "#3"},
				"west": {"uv": [0, 0, 0.1, 1], "texture": "#3"},
				"up": {"uv": [0, 0, 6, 0.1], "texture": "#3"},
				"down": {"uv": [0, 0, 6, 0.1], "texture": "#3"}
			}
		},
		{
			"from": [10, 13, 1.95],
			"to": [11, 17, 2.05],
			"rotation": {"angle": -22.5, "axis": "z", "origin": [8, 8, 8]},
			"faces": {
				"north": {"uv": [0, 0, 1, 4], "texture": "#1"},
				"east": {"uv": [0, 0, 0.1, 4], "texture": "#1"},
				"south": {"uv": [0, 0, 1, 4], "texture": "#1"},
				"west": {"uv": [0, 0, 0.1, 4], "texture": "#1"},
				"up": {"uv": [0, 0, 1, 0.1], "texture": "#1"},
				"down": {"uv": [0, 0, 1, 0.1], "texture": "#1"}
			}
		},
		{
			"from": [15, 13, 1.95],
			"to": [16, 17, 2.05],
			"rotation": {"angle": -22.5, "axis": "z", "origin": [8, 8, 8]},
			"faces": {
				"north": {"uv": [0, 0, 1, 4], "texture": "#1"},
				"east": {"uv": [0, 0, 0.1, 4], "texture": "#1"},
				"south": {"uv": [0, 0, 1, 4], "texture": "#1"},
				"west": {"uv": [0, 0, 0.1, 4], "texture": "#1"},
				"up": {"uv": [0, 0, 1, 0.1], "texture": "#1"},
				"down": {"uv": [0, 0, 1, 0.1], "texture": "#1"}
			}
		},
		{
			"from": [11, 13, 1.95],
			"to": [15, 14, 2.05],
			"rotation": {"angle": -22.5, "axis": "z", "origin": [8, 8, 8]},
			"faces": {
				"north": {"uv": [0, 0, 4, 1], "texture": "#1"},
				"east": {"uv": [0, 0, 0.1, 1], "texture": "#1"},
				"south": {"uv": [0, 0, 4, 1], "texture": "#1"},
				"west": {"uv": [0, 0, 0.1, 1], "texture": "#1"},
				"up": {"uv": [0, 0, 4, 0.1], "texture": "#1"},
				"down": {"uv": [0, 0, 4, 0.1], "texture": "#1"}
			}
		},
		{
			"from": [11, 16, 1.95],
			"to": [15, 17, 2.05],
			"rotation": {"angle": -22.5, "axis": "z", "origin": [8, 8, 8]},
			"faces": {
				"north": {"uv": [0, 0, 4, 1], "texture": "#1"},
				"east": {"uv": [0, 0, 0.1, 1], "texture": "#1"},
				"south": {"uv": [0, 0, 4, 1], "texture": "#1"},
				"west": {"uv": [0, 0, 0.1, 1], "texture": "#1"},
				"up": {"uv": [0, 0, 4, 0.1], "texture": "#1"},
				"down": {"uv": [0, 0, 4, 0.1], "texture": "#1"}
			}
		},
		{
			"from": [11, 14, 1.95],
			"to": [15, 16, 2.05],
			"rotation": {"angle": -22.5, "axis": "z", "origin": [8, 8, 8]},
			"faces": {
				"north": {"uv": [0, 0, 4, 2], "texture": "#3"},
				"east": {"uv": [0, 0, 0.1, 2], "texture": "#3"},
				"south": {"uv": [0, 0, 4, 2], "texture": "#3"},
				"west": {"uv": [0, 0, 0.1, 2], "texture": "#3"},
				"up": {"uv": [0, 0, 4, 0.1], "texture": "#3"},
				"down": {"uv": [0, 0, 4, 0.1], "texture": "#3"}
			}
		},
		{
			"from": [2, 13, 1],
			"to": [5, 14, 3],
			"rotation": {"angle": -22.5, "axis": "z", "origin": [8, 8, 8]},
			"faces": {
				"north": {"uv": [0, 0, 3, 1], "texture": "#1"},
				"east": {"uv": [0, 0, 2, 1], "texture": "#1"},
				"south": {"uv": [0, 0, 3, 1], "texture": "#1"},
				"west": {"uv": [0, 0, 2, 1], "texture": "#1"},
				"up": {"uv": [0, 0, 3, 2], "texture": "#1"},
				"down": {"uv": [0, 0, 3, 2], "texture": "#1"}
			}
		},
		{
			"from": [7, 13, 1],
			"to": [10, 14, 3],
			"rotation": {"angle": -22.5, "axis": "z", "origin": [8, 8, 8]},
			"faces": {
				"north": {"uv": [0, 0, 3, 1], "texture": "#1"},
				"east": {"uv": [0, 0, 2, 1], "texture": "#1"},
				"south": {"uv": [0, 0, 3, 1], "texture": "#1"},
				"west": {"uv": [0, 0, 2, 1], "texture": "#1"},
				"up": {"uv": [0, 0, 3, 2], "texture": "#1"},
				"down": {"uv": [0, 0, 3, 2], "texture": "#1"}
			}
		},
		{
			"from": [5, 13, 1],
			"to": [7, 15, 3],
			"rotation": {"angle": -22.5, "axis": "z", "origin": [8, 8, 8]},
			"faces": {
				"north": {"uv": [0, 0, 2, 2], "texture": "#3"},
				"east": {"uv": [0, 0, 2, 2], "texture": "#3"},
				"south": {"uv": [0, 0, 2, 2], "texture": "#3"},
				"west": {"uv": [0, 0, 2, 2], "texture": "#3"},
				"up": {"uv": [0, 0, 2, 2], "texture": "#3"},
				"down": {"uv": [0, 0, 2, 2], "texture": "#3"}
			}
		},
		{
			"from": [5, 14.77476, 9.22471],
			"to": [7, 17.77476, 10.22471],
			"rotation": {"angle": -45, "axis": "x", "origin": [8, 8, 8]},
			"faces": {
				"north": {"uv": [0, 0, 2, 3], "texture": "#1"},
				"east": {"uv": [0, 0, 1, 3], "texture": "#1"},
				"south": {"uv": [0, 0, 2, 3], "texture": "#1"},
				"west": {"uv": [0, 0, 1, 3], "texture": "#1"},
				"up": {"uv": [0, 0, 2, 1], "texture": "#1"},
				"down": {"uv": [0, 0, 2, 1], "texture": "#1"}
			}
		},
		{
			"from": [5, 17.71, 6.71052],
			"to": [7, 18.71, 9.71052],
			"rotation": {"angle": -45, "axis": "x", "origin": [8, 8, 8]},
			"faces": {
				"north": {"uv": [0, 0, 2, 1], "rotation": 180, "texture": "#1"},
				"east": {"uv": [0, 0, 1, 3], "rotation": 90, "texture": "#1"},
				"south": {"uv": [0, 0, 2, 1], "texture": "#1"},
				"west": {"uv": [0, 0, 1, 3], "rotation": 270, "texture": "#1"},
				"up": {"uv": [0, 0, 2, 3], "texture": "#1"},
				"down": {"uv": [0, 0, 2, 3], "rotation": 180, "texture": "#1"}
			}
		},
		{
			"from": [0, 15.97056, 2.97056],
			"to": [1, 17.97056, 5.97056],
			"rotation": {"angle": 45, "axis": "x", "origin": [8, 8, 8]},
			"faces": {
				"north": {"uv": [0, 0, 1, 2], "rotation": 180, "texture": "#1"},
				"east": {"uv": [0, 0, 2, 3], "rotation": 90, "texture": "#1"},
				"south": {"uv": [0, 0, 1, 2], "texture": "#1"},
				"west": {"uv": [0, 0, 2, 3], "rotation": 270, "texture": "#1"},
				"up": {"uv": [0, 0, 1, 3], "texture": "#1"},
				"down": {"uv": [0, 0, 1, 3], "rotation": 180, "texture": "#1"}
			}
		},
		{
			"from": [1, 15.97056, 2.97056],
			"to": [2, 17.97056, 6.97056],
			"rotation": {"angle": 45, "axis": "x", "origin": [8, 8, 8]},
			"faces": {
				"north": {"uv": [0, 0, 1, 2], "rotation": 180, "texture": "#1"},
				"east": {"uv": [0, 0, 2, 4], "rotation": 90, "texture": "#1"},
				"south": {"uv": [0, 0, 1, 2], "texture": "#1"},
				"west": {"uv": [0, 0, 2, 4], "rotation": 270, "texture": "#1"},
				"up": {"uv": [0, 0, 1, 4], "texture": "#1"},
				"down": {"uv": [0, 0, 1, 4], "rotation": 180, "texture": "#1"}
			}
		},
		{
			"from": [2, 15.97056, 3.97056],
			"to": [3, 17.97056, 5.97056],
			"rotation": {"angle": 45, "axis": "x", "origin": [8, 8, 8]},
			"faces": {
				"north": {"uv": [0, 0, 1, 2], "rotation": 180, "texture": "#1"},
				"east": {"uv": [0, 0, 2, 2], "rotation": 90, "texture": "#1"},
				"south": {"uv": [0, 0, 1, 2], "texture": "#1"},
				"west": {"uv": [0, 0, 2, 2], "rotation": 270, "texture": "#1"},
				"up": {"uv": [0, 0, 1, 2], "texture": "#1"},
				"down": {"uv": [0, 0, 1, 2], "rotation": 180, "texture": "#1"}
			}
		},
		{
			"from": [3, 15.97056, 3.97056],
			"to": [4, 17.97056, 4.97056],
			"rotation": {"angle": 45, "axis": "x", "origin": [8, 8, 8]},
			"faces": {
				"north": {"uv": [0, 0, 1, 2], "rotation": 180, "texture": "#2"},
				"east": {"uv": [0, 0, 2, 1], "rotation": 90, "texture": "#2"},
				"south": {"uv": [0, 0, 1, 2], "texture": "#2"},
				"west": {"uv": [0, 0, 2, 1], "rotation": 270, "texture": "#2"},
				"up": {"uv": [0, 0, 1, 1], "texture": "#2"},
				"down": {"uv": [0, 0, 1, 1], "rotation": 180, "texture": "#2"}
			}
		},
		{
			"from": [3, 15.97056, 4.97056],
			"to": [4, 17.97056, 5.97056],
			"rotation": {"angle": 45, "axis": "x", "origin": [8, 8, 8]},
			"faces": {
				"north": {"uv": [0, 0, 1, 2], "rotation": 180, "texture": "#1"},
				"east": {"uv": [0, 0, 2, 1], "rotation": 90, "texture": "#1"},
				"south": {"uv": [0, 0, 1, 2], "texture": "#1"},
				"west": {"uv": [0, 0, 2, 1], "rotation": 270, "texture": "#1"},
				"up": {"uv": [0, 0, 1, 1], "texture": "#1"},
				"down": {"uv": [0, 0, 1, 1], "rotation": 180, "texture": "#1"}
			}
		},
		{
			"from": [4, 15.97056, 3.97056],
			"to": [5, 17.97056, 5.97056],
			"rotation": {"angle": 45, "axis": "x", "origin": [8, 8, 8]},
			"faces": {
				"north": {"uv": [0, 0, 1, 2], "rotation": 180, "texture": "#1"},
				"east": {"uv": [0, 0, 2, 2], "rotation": 90, "texture": "#1"},
				"south": {"uv": [0, 0, 1, 2], "texture": "#1"},
				"west": {"uv": [0, 0, 2, 2], "rotation": 270, "texture": "#1"},
				"up": {"uv": [0, 0, 1, 2], "texture": "#1"},
				"down": {"uv": [0, 0, 1, 2], "rotation": 180, "texture": "#1"}
			}
		},
		{
			"from": [5, 15.97056, 3.97056],
			"to": [9, 17.97056, 4.97056],
			"rotation": {"angle": 45, "axis": "x", "origin": [8, 8, 8]},
			"faces": {
				"north": {"uv": [0, 0, 4, 2], "rotation": 180, "texture": "#1"},
				"east": {"uv": [0, 0, 2, 1], "rotation": 90, "texture": "#1"},
				"south": {"uv": [0, 0, 4, 2], "texture": "#1"},
				"west": {"uv": [0, 0, 2, 1], "rotation": 270, "texture": "#1"},
				"up": {"uv": [0, 0, 4, 1], "texture": "#1"},
				"down": {"uv": [0, 0, 4, 1], "rotation": 180, "texture": "#1"}
			}
		},
		{
			"from": [9, 15.97056, 3.97056],
			"to": [10, 17.97056, 5.97056],
			"rotation": {"angle": 45, "axis": "x", "origin": [8, 8, 8]},
			"faces": {
				"north": {"uv": [0, 0, 1, 2], "rotation": 180, "texture": "#1"},
				"east": {"uv": [0, 0, 2, 2], "rotation": 90, "texture": "#1"},
				"south": {"uv": [0, 0, 1, 2], "texture": "#1"},
				"west": {"uv": [0, 0, 2, 2], "rotation": 270, "texture": "#1"},
				"up": {"uv": [0, 0, 1, 2], "texture": "#1"},
				"down": {"uv": [0, 0, 1, 2], "rotation": 180, "texture": "#1"}
			}
		},
		{
			"from": [7, 15.97056, 4.97056],
			"to": [9, 17.97056, 5.97056],
			"rotation": {"angle": 45, "axis": "x", "origin": [8, 8, 8]},
			"faces": {
				"north": {"uv": [0, 0, 2, 2], "rotation": 180, "texture": "#3"},
				"east": {"uv": [0, 0, 2, 1], "rotation": 90, "texture": "#3"},
				"south": {"uv": [0, 0, 2, 2], "texture": "#3"},
				"west": {"uv": [0, 0, 2, 1], "rotation": 270, "texture": "#3"},
				"up": {"uv": [0, 0, 2, 1], "texture": "#3"},
				"down": {"uv": [0, 0, 2, 1], "rotation": 180, "texture": "#3"}
			}
		},
		{
			"from": [2, 15.97056, 2.97056],
			"to": [10, 17.97056, 3.97056],
			"rotation": {"angle": 45, "axis": "x", "origin": [8, 8, 8]},
			"faces": {
				"north": {"uv": [0, 0, 8, 2], "rotation": 180, "texture": "#1"},
				"east": {"uv": [0, 0, 2, 1], "rotation": 90, "texture": "#1"},
				"south": {"uv": [0, 0, 8, 2], "texture": "#1"},
				"west": {"uv": [0, 0, 2, 1], "rotation": 270, "texture": "#1"},
				"up": {"uv": [0, 0, 8, 1], "texture": "#1"},
				"down": {"uv": [0, 0, 8, 1], "rotation": 180, "texture": "#1"}
			}
		},
		{
			"from": [2, 16.92056, 1.97056],
			"to": [8, 17.02056, 2.97056],
			"rotation": {"angle": 45, "axis": "x", "origin": [8, 8, 8]},
			"faces": {
				"north": {"uv": [0, 0, 6, 0.1], "rotation": 180, "texture": "#3"},
				"east": {"uv": [0, 0, 0.1, 1], "rotation": 90, "texture": "#3"},
				"south": {"uv": [0, 0, 6, 0.1], "texture": "#3"},
				"west": {"uv": [0, 0, 0.1, 1], "rotation": 270, "texture": "#3"},
				"up": {"uv": [0, 0, 6, 1], "texture": "#3"},
				"down": {"uv": [0, 0, 6, 1], "rotation": 180, "texture": "#3"}
			}
		},
		{
			"from": [10, 16.92056, 2.97056],
			"to": [11, 17.02056, 6.97056],
			"rotation": {"angle": 45, "axis": "x", "origin": [8, 8, 8]},
			"faces": {
				"north": {"uv": [0, 0, 1, 0.1], "rotation": 180, "texture": "#1"},
				"east": {"uv": [0, 0, 0.1, 4], "rotation": 90, "texture": "#1"},
				"south": {"uv": [0, 0, 1, 0.1], "texture": "#1"},
				"west": {"uv": [0, 0, 0.1, 4], "rotation": 270, "texture": "#1"},
				"up": {"uv": [0, 0, 1, 4], "texture": "#1"},
				"down": {"uv": [0, 0, 1, 4], "rotation": 180, "texture": "#1"}
			}
		},
		{
			"from": [15, 16.92056, 2.97056],
			"to": [16, 17.02056, 6.97056],
			"rotation": {"angle": 45, "axis": "x", "origin": [8, 8, 8]},
			"faces": {
				"north": {"uv": [0, 0, 1, 0.1], "rotation": 180, "texture": "#1"},
				"east": {"uv": [0, 0, 0.1, 4], "rotation": 90, "texture": "#1"},
				"south": {"uv": [0, 0, 1, 0.1], "texture": "#1"},
				"west": {"uv": [0, 0, 0.1, 4], "rotation": 270, "texture": "#1"},
				"up": {"uv": [0, 0, 1, 4], "texture": "#1"},
				"down": {"uv": [0, 0, 1, 4], "rotation": 180, "texture": "#1"}
			}
		},
		{
			"from": [11, 16.92056, 5.97056],
			"to": [15, 17.02056, 6.97056],
			"rotation": {"angle": 45, "axis": "x", "origin": [8, 8, 8]},
			"faces": {
				"north": {"uv": [0, 0, 4, 0.1], "rotation": 180, "texture": "#1"},
				"east": {"uv": [0, 0, 0.1, 1], "rotation": 90, "texture": "#1"},
				"south": {"uv": [0, 0, 4, 0.1], "texture": "#1"},
				"west": {"uv": [0, 0, 0.1, 1], "rotation": 270, "texture": "#1"},
				"up": {"uv": [0, 0, 4, 1], "texture": "#1"},
				"down": {"uv": [0, 0, 4, 1], "rotation": 180, "texture": "#1"}
			}
		},
		{
			"from": [11, 16.92056, 2.97056],
			"to": [15, 17.02056, 3.97056],
			"rotation": {"angle": 45, "axis": "x", "origin": [8, 8, 8]},
			"faces": {
				"north": {"uv": [0, 0, 4, 0.1], "rotation": 180, "texture": "#1"},
				"east": {"uv": [0, 0, 0.1, 1], "rotation": 90, "texture": "#1"},
				"south": {"uv": [0, 0, 4, 0.1], "texture": "#1"},
				"west": {"uv": [0, 0, 0.1, 1], "rotation": 270, "texture": "#1"},
				"up": {"uv": [0, 0, 4, 1], "texture": "#1"},
				"down": {"uv": [0, 0, 4, 1], "rotation": 180, "texture": "#1"}
			}
		},
		{
			"from": [11, 16.92056, 3.97056],
			"to": [15, 17.02056, 5.97056],
			"rotation": {"angle": 45, "axis": "x", "origin": [8, 8, 8]},
			"faces": {
				"north": {"uv": [0, 0, 4, 0.1], "rotation": 180, "texture": "#3"},
				"east": {"uv": [0, 0, 0.1, 2], "rotation": 90, "texture": "#3"},
				"south": {"uv": [0, 0, 4, 0.1], "texture": "#3"},
				"west": {"uv": [0, 0, 0.1, 2], "rotation": 270, "texture": "#3"},
				"up": {"uv": [0, 0, 4, 2], "texture": "#3"},
				"down": {"uv": [0, 0, 4, 2], "rotation": 180, "texture": "#3"}
			}
		},
		{
			"from": [2, 15.97056, 5.97056],
			"to": [5, 17.97056, 6.97056],
			"rotation": {"angle": 45, "axis": "x", "origin": [8, 8, 8]},
			"faces": {
				"north": {"uv": [0, 0, 3, 2], "rotation": 180, "texture": "#1"},
				"east": {"uv": [0, 0, 2, 1], "rotation": 90, "texture": "#1"},
				"south": {"uv": [0, 0, 3, 2], "texture": "#1"},
				"west": {"uv": [0, 0, 2, 1], "rotation": 270, "texture": "#1"},
				"up": {"uv": [0, 0, 3, 1], "texture": "#1"},
				"down": {"uv": [0, 0, 3, 1], "rotation": 180, "texture": "#1"}
			}
		},
		{
			"from": [7, 15.97056, 5.97056],
			"to": [10, 17.97056, 6.97056],
			"rotation": {"angle": 45, "axis": "x", "origin": [8, 8, 8]},
			"faces": {
				"north": {"uv": [0, 0, 3, 2], "rotation": 180, "texture": "#1"},
				"east": {"uv": [0, 0, 2, 1], "rotation": 90, "texture": "#1"},
				"south": {"uv": [0, 0, 3, 2], "texture": "#1"},
				"west": {"uv": [0, 0, 2, 1], "rotation": 270, "texture": "#1"},
				"up": {"uv": [0, 0, 3, 1], "texture": "#1"},
				"down": {"uv": [0, 0, 3, 1], "rotation": 180, "texture": "#1"}
			}
		},
		{
			"from": [5, 15.97056, 4.97056],
			"to": [7, 17.97056, 6.97056],
			"rotation": {"angle": 45, "axis": "x", "origin": [8, 8, 8]},
			"faces": {
				"north": {"uv": [0, 0, 2, 2], "rotation": 180, "texture": "#3"},
				"east": {"uv": [0, 0, 2, 2], "rotation": 90, "texture": "#3"},
				"south": {"uv": [0, 0, 2, 2], "texture": "#3"},
				"west": {"uv": [0, 0, 2, 2], "rotation": 270, "texture": "#3"},
				"up": {"uv": [0, 0, 2, 2], "texture": "#3"},
				"down": {"uv": [0, 0, 2, 2], "rotation": 180, "texture": "#3"}
			}
		},
		{
			"from": [2, 15.71, 13.32575],
			"to": [4, 16.71, 15.32575],
			"faces": {
				"north": {"uv": [0, 0, 2, 1], "rotation": 180, "texture": "#1"},
				"east": {"uv": [0, 0, 1, 2], "rotation": 90, "texture": "#1"},
				"south": {"uv": [0, 0, 2, 1], "texture": "#1"},
				"west": {"uv": [0, 0, 1, 2], "rotation": 270, "texture": "#1"},
				"up": {"uv": [0, 0, 2, 2], "texture": "#1"},
				"down": {"uv": [0, 0, 2, 2], "rotation": 180, "texture": "#1"}
			}
		},
		{
			"from": [2, 13.36738, 11.9763],
			"to": [4, 15.36738, 12.9763],
			"faces": {
				"north": {"uv": [0, 0, 2, 2], "rotation": 180, "texture": "#1"},
				"east": {"uv": [0, 0, 1, 2], "rotation": 180, "texture": "#1"},
				"south": {"uv": [0, 0, 2, 2], "rotation": 180, "texture": "#1"},
				"west": {"uv": [0, 0, 1, 2], "rotation": 180, "texture": "#1"},
				"up": {"uv": [0, 0, 2, 1], "texture": "#1"},
				"down": {"uv": [0, 0, 2, 1], "texture": "#1"}
			}
		},
		{
			"from": [3, 13.41421, 5.65685],
			"to": [5, 16.41421, 10.65685],
			"rotation": {"angle": -45, "axis": "x", "origin": [8, 8, 8]},
			"faces": {
				"north": {"uv": [0, 0, 2, 3], "texture": "#4"},
				"east": {"uv": [0, 0, 5, 3], "texture": "#4"},
				"south": {"uv": [0, 0, 2, 3], "texture": "#4"},
				"west": {"uv": [0, 0, 5, 3], "texture": "#4"},
				"up": {"uv": [0, 0, 2, 5], "texture": "#4"},
				"down": {"uv": [0, 0, 2, 5], "texture": "#4"}
			}
		},
		{
			"from": [2.44872, 12, 2.55166],
			"to": [5.44872, 15, 4.55166],
			"rotation": {"angle": 22.5, "axis": "y", "origin": [8, 8, 8]},
			"faces": {
				"north": {"uv": [0, 0, 3, 3], "texture": "#4"},
				"east": {"uv": [0, 0, 2, 3], "texture": "#4"},
				"south": {"uv": [0, 0, 3, 3], "texture": "#4"},
				"west": {"uv": [0, 0, 2, 3], "texture": "#4"},
				"up": {"uv": [0, 0, 2, 3], "rotation": 90, "texture": "#4"},
				"down": {"uv": [0, 0, 2, 3], "rotation": 270, "texture": "#4"}
			}
		},
		{
			"from": [3, 13.41421, 5.65685],
			"to": [8, 16.41421, 10.65685],
			"faces": {
				"north": {"uv": [0, 0, 5, 3], "texture": "#4"},
				"east": {"uv": [0, 0, 5, 3], "texture": "#4"},
				"south": {"uv": [0, 0, 5, 3], "texture": "#4"},
				"west": {"uv": [0, 0, 5, 3], "texture": "#4"},
				"up": {"uv": [0, 0, 5, 5], "texture": "#4"},
				"down": {"uv": [0, 0, 5, 5], "texture": "#4"}
			}
		},
		{
			"from": [12.14805, 10.64257, 2.65685],
			"to": [17.14805, 17.64257, 7.65685],
			"rotation": {"angle": -22.5, "axis": "z", "origin": [8, 8, 8]},
			"faces": {
				"north": {"uv": [0, 0, 5, 7], "texture": "#4"},
				"east": {"uv": [0, 0, 5, 7], "texture": "#4"},
				"south": {"uv": [0, 0, 5, 7], "texture": "#4"},
				"west": {"uv": [0, 0, 5, 7], "texture": "#4"},
				"up": {"uv": [0, 0, 5, 5], "texture": "#4"},
				"down": {"uv": [0, 0, 5, 5], "texture": "#4"}
			}
		},
		{
			"from": [11.38268, 7.64257, 9.50461],
			"to": [16.38268, 14.64257, 14.50461],
			"rotation": {"angle": 22.5, "axis": "y", "origin": [8, 8, 8]},
			"faces": {
				"north": {"uv": [0, 0, 5, 7], "texture": "#4"},
				"east": {"uv": [0, 0, 5, 7], "texture": "#4"},
				"south": {"uv": [0, 0, 5, 7], "texture": "#4"},
				"west": {"uv": [0, 0, 5, 7], "texture": "#4"},
				"up": {"uv": [0, 0, 5, 5], "texture": "#4"},
				"down": {"uv": [0, 0, 5, 5], "texture": "#4"}
			}
		},
		{
			"from": [6.33567, 10.57502, -4.19343],
			"to": [11.33567, 11.57502, 20.13157],
			"rotation": {"angle": 0, "axis": "y", "origin": [7.92457, 8.31238, 8.04332]},
			"faces": {
				"north": {"uv": [0, 0, 5, 1], "texture": "#4"},
				"east": {"uv": [0, 0, 16, 1], "texture": "#4"},
				"south": {"uv": [0, 0, 5, 1], "texture": "#4"},
				"west": {"uv": [0, 0, 16, 1], "texture": "#4"},
				"up": {"uv": [0, 0, 5, 16], "texture": "#4"},
				"down": {"uv": [0, 0, 5, 16], "texture": "#4"}
			}
		},
		{
			"from": [6.33567, 10.57502, -3.21843],
			"to": [11.33567, 11.57502, 20.10657],
			"rotation": {"angle": 22.5, "axis": "y", "origin": [7.92457, 8.31238, 8.04332]},
			"faces": {
				"north": {"uv": [0, 0, 5, 1], "texture": "#4"},
				"east": {"uv": [0, 0, 16, 1], "texture": "#4"},
				"south": {"uv": [0, 0, 5, 1], "texture": "#4"},
				"west": {"uv": [0, 0, 16, 1], "texture": "#4"},
				"up": {"uv": [0, 0, 5, 16], "texture": "#4"},
				"down": {"uv": [0, 0, 5, 16], "texture": "#4"}
			}
		},
		{
			"from": [6.33567, 10.57502, -3.01843],
			"to": [11.33567, 11.57502, 20.50657],
			"rotation": {"angle": 45, "axis": "y", "origin": [7.92457, 8.31238, 8.04332]},
			"faces": {
				"north": {"uv": [0, 0, 5, 1], "texture": "#4"},
				"east": {"uv": [0, 0, 16, 1], "texture": "#4"},
				"south": {"uv": [0, 0, 5, 1], "texture": "#4"},
				"west": {"uv": [0, 0, 16, 1], "texture": "#4"},
				"up": {"uv": [0, 0, 5, 16], "texture": "#4"},
				"down": {"uv": [0, 0, 5, 16], "texture": "#4"}
			}
		},
		{
			"from": [-2.96218, 10.57502, 4.63222],
			"to": [20.56282, 11.57502, 9.63222],
			"rotation": {"angle": -22.5, "axis": "y", "origin": [7.92457, 8.31238, 8.04332]},
			"faces": {
				"north": {"uv": [0, 0, 16, 1], "texture": "#4"},
				"east": {"uv": [0, 0, 5, 1], "texture": "#4"},
				"south": {"uv": [0, 0, 16, 1], "texture": "#4"},
				"west": {"uv": [0, 0, 5, 1], "texture": "#4"},
				"up": {"uv": [0, 0, 5, 16], "rotation": 270, "texture": "#4"},
				"down": {"uv": [0, 0, 5, 16], "rotation": 90, "texture": "#4"}
			}
		},
		{
			"from": [-2.96218, 10.57502, 4.63222],
			"to": [3.01282, 11.57502, 9.63222],
			"rotation": {"angle": 0, "axis": "y", "origin": [7.92457, 8.31238, 8.04332]},
			"faces": {
				"north": {"uv": [0, 0, 5.975, 1], "texture": "#4"},
				"east": {"uv": [0, 0, 5, 1], "texture": "#4"},
				"south": {"uv": [0, 0, 5.975, 1], "texture": "#4"},
				"west": {"uv": [0, 0, 5, 1], "texture": "#4"},
				"up": {"uv": [0, 0, 5, 5.975], "rotation": 270, "texture": "#4"},
				"down": {"uv": [0, 0, 5, 5.975], "rotation": 90, "texture": "#4"}
			}
		},
		{
			"from": [6.33567, 10.57502, -4.39343],
			"to": [11.33567, 11.57502, 20.13157],
			"rotation": {"angle": -22.5, "axis": "y", "origin": [7.92457, 8.31238, 8.04332]},
			"faces": {
				"north": {"uv": [0, 0, 5, 1], "texture": "#4"},
				"east": {"uv": [0, 0, 16, 1], "texture": "#4"},
				"south": {"uv": [0, 0, 5, 1], "texture": "#4"},
				"west": {"uv": [0, 0, 16, 1], "texture": "#4"},
				"up": {"uv": [0, 0, 5, 16], "texture": "#4"},
				"down": {"uv": [0, 0, 5, 16], "texture": "#4"}
			}
		},
		{
			"from": [6.33567, 10.57502, -4.39343],
			"to": [11.33567, 11.57502, 19.50657],
			"rotation": {"angle": -45, "axis": "y", "origin": [7.92457, 8.31238, 8.04332]},
			"faces": {
				"north": {"uv": [0, 0, 5, 1], "texture": "#4"},
				"east": {"uv": [0, 0, 16, 1], "texture": "#4"},
				"south": {"uv": [0, 0, 5, 1], "texture": "#4"},
				"west": {"uv": [0, 0, 16, 1], "texture": "#4"},
				"up": {"uv": [0, 0, 5, 16], "texture": "#4"},
				"down": {"uv": [0, 0, 5, 16], "texture": "#4"}
			}
		},
		{
			"from": [-3.01368, 10.57502, 6.45441],
			"to": [20.36132, 11.57502, 11.45441],
			"rotation": {"angle": 22.5, "axis": "y", "origin": [7.92457, 8.31238, 8.04332]},
			"faces": {
				"north": {"uv": [0, 0, 16, 1], "texture": "#4"},
				"east": {"uv": [0, 0, 5, 1], "texture": "#4"},
				"south": {"uv": [0, 0, 16, 1], "texture": "#4"},
				"west": {"uv": [0, 0, 5, 1], "texture": "#4"},
				"up": {"uv": [0, 0, 5, 16], "rotation": 90, "texture": "#4"},
				"down": {"uv": [0, 0, 5, 16], "rotation": 270, "texture": "#4"}
			}
		},
		{
			"from": [-2.91368, 10.57502, 6.45441],
			"to": [20.36132, 11.57502, 11.45441],
			"rotation": {"angle": 0, "axis": "y", "origin": [7.92457, 8.31238, 8.04332]},
			"faces": {
				"north": {"uv": [0, 0, 16, 1], "texture": "#4"},
				"east": {"uv": [0, 0, 5, 1], "texture": "#4"},
				"south": {"uv": [0, 0, 16, 1], "texture": "#4"},
				"west": {"uv": [0, 0, 5, 1], "texture": "#4"},
				"up": {"uv": [0, 0, 5, 16], "rotation": 90, "texture": "#4"},
				"down": {"uv": [0, 0, 5, 16], "rotation": 270, "texture": "#4"}
			}
		}
	],
	"display": {
		"thirdperson_righthand": {
			"rotation": [66, 0, 0],
			"translation": [-0.5, -2.5, -5],
			"scale": [0.28, 0.28, 0.28]
		},
		"thirdperson_lefthand": {
			"rotation": [66, 0, 0],
			"translation": [0.5, -2.5, -5],
			"scale": [0.28, 0.28, 0.28]
		},
		"firstperson_righthand": {
			"scale": [0.28, 0.28, 0.28]
		},
		"firstperson_lefthand": {
			"scale": [0.28, 0.28, 0.28]
		},
		"ground": {
			"scale": [0.28, 0.28, 0.28]
		},
		"gui": {
			"rotation": [21, -134, -15],
			"translation": [0, 0.25, 0],
			"scale": [0.39, 0.4, 0.4]
		},
		"head": {
			"translation": [0, 4.25, 0],
			"scale": [0.75, 0.75, 0.75]
		},
		"fixed": {
			"rotation": [-90, 0, 0],
			"translation": [0, 0, -10],
			"scale": [0.74, 0.74, 0.73]
		}
	},
	"groups": [
		{
			"name": "bucket",
			"origin": [8, 8, 8],
			"children": [0, 1, 2, 3, 4, 5, 6, 7, 8, 9, 10, 11, 12, 13, 14, 15, 16, 17, 18, 19, 20, 21, 22, 23, 24, 25, 26, 27, 28, 29, 30, 31, 32, 33, 34, 35, 36, 37, 38, 39, 40, 41, 42, 43, 44, 45, 46, 47, 48, 49, 50, 51, 52, 53, 54, 55, 56, 57, 58, 59, 60, 61, 62, 63]
		},
		{
			"name": "fish",
			"origin": [8, 8, 8],
			"children": [64, 65, 66, 67, 68, 69, 70, 71, 72, 73, 74, 75, 76, 77, 78, 79, 80, 81, 82, 83, 84]
		},
		{
			"name": "fish",
			"origin": [8, 8, 8],
			"children": [85, 86, 87, 88, 89, 90, 91, 92, 93, 94, 95, 96, 97, 98, 99, 100, 101, 102, 103, 104, 105]
		},
		{
			"name": "Ice",
			"origin": [8, 8, 8],
			"children": [106, 107, 108, 109, 110, 111, 112, 113, 114, 115, 116, 117, 118, 119]
		}
	]
}