{
	"parent": "item/handheld",
	"textures": {
		"layer0": "item/golden_hoe"
	},
	"overrides": [
		{ "predicate": { "damage": 0 }, "model": "item/golden_hoe" },
		{ "predicate": { "damaged": 0, "damage": 0.03125 }, "model": "projecttwo/flamingo" },
		{ "predicate": { "damaged": 0, "damage": 0.0625 }, "model": "projectfour/penguin" },
		{ "predicate": { "damaged": 0, "damage": 0.09375 }, "model": "item/golden_hoe3" },
		{ "predicate": { "damaged": 0, "damage": 0.125 }, "model": "item/golden_hoe4" },
		{ "predicate": { "damaged": 0, "damage": 0.15625 }, "model": "item/golden_hoe5" },
		{ "predicate": { "damaged": 0, "damage": 0.1875 }, "model": "item/golden_hoe6" },
		{ "predicate": { "damaged": 0, "damage": 0.21875 }, "model": "item/golden_hoe7" },
		{ "predicate": { "damaged": 0, "damage": 0.25 }, "model": "item/golden_hoe8" },
		{ "predicate": { "damaged": 0, "damage": 0.28125 }, "model": "item/golden_hoe9" },
		{ "predicate": { "damaged": 0, "damage": 0.3125 }, "model": "item/golden_hoe10" },
		{ "predicate": { "damaged": 0, "damage": 0.34375 }, "model": "item/golden_hoe11" },
		{ "predicate": { "damaged": 0, "damage": 0.375 }, "model": "item/golden_hoe12" },
		{ "predicate": { "damaged": 0, "damage": 0.40625 }, "model": "item/golden_hoe13" },
		{ "predicate": { "damaged": 0, "damage": 0.4375 }, "model": "item/golden_hoe14" },
		{ "predicate": { "damaged": 0, "damage": 0.46875 }, "model": "item/golden_hoe15" },
		{ "predicate": { "damaged": 0, "damage": 0.5 }, "model": "item/golden_hoe16" },
		{ "predicate": { "damaged": 0, "damage": 0.53125 }, "model": "item/golden_hoe17" },
		{ "predicate": { "damaged": 0, "damage": 0.5625 }, "model": "item/golden_hoe18" },
		{ "predicate": { "damaged": 0, "damage": 0.59375 }, "model": "item/golden_hoe19" },
		{ "predicate": { "damaged": 0, "damage": 0.625 }, "model": "item/golden_hoe20" },
		{ "predicate": { "damaged": 0, "damage": 0.65625 }, "model": "item/golden_hoe21" },
		{ "predicate": { "damaged": 0, "damage": 0.6875 }, "model": "item/golden_hoe22" },
		{ "predicate": { "damaged": 0, "damage": 0.71875 }, "model": "item/golden_hoe23" },
		{ "predicate": { "damaged": 0, "damage": 0.75 }, "model": "item/golden_hoe24" },
		{ "predicate": { "damaged": 0, "damage": 0.78125 }, "model": "item/golden_hoe25" },
		{ "predicate": { "damaged": 0, "damage": 0.8125 }, "model": "item/golden_hoe26" },
		{ "predicate": { "damaged": 0, "damage": 0.84375 }, "model": "item/golden_hoe27" },
		{ "predicate": { "damaged": 0, "damage": 0.875 }, "model": "item/golden_hoe28" },
		{ "predicate": { "damaged": 0, "damage": 0.90625 }, "model": "item/golden_hoe29" },
		{ "predicate": { "damaged": 0, "damage": 0.9375 }, "model": "item/golden_hoe30" },
		{ "predicate": { "damaged": 0, "damage": 0.96875 }, "model": "item/golden_hoe31" },
		{ "predicate": { "damaged": 1 }, "model": "item/golden_hoe" }
	]
}