{
	"parent": "item/handheld",
	"textures": {
		"layer0": "item/wooden_hoe"
	},
	"overrides": [
		{ "predicate": { "damage": 0 }, "model": "item/wooden_hoe" },
		{ "predicate": { "damaged": 0, "damage": 0.016949152542373 }, "model": "item/seaworldvisor" },
		{ "predicate": { "damaged": 0, "damage": 0.033898305084746 }, "model": "item/seaworldvisor2" },
		{ "predicate": { "damaged": 0, "damage": 0.050847457627119 }, "model": "item/seaworldumbrella" },
		{ "predicate": { "damaged": 0, "damage": 0.067796610169492 }, "model": "projectfour/orcaplushie" },
		{ "predicate": { "damaged": 0, "damage": 0.084745762711864 }, "model": "projectfour/seaworldimagineer" },
		{ "predicate": { "damaged": 0, "damage": 0.101694915254237 }, "model": "projectthree/SWSAtrash" },
		{ "predicate": { "damaged": 0, "damage": 0.11864406779661 }, "model": "projectthree/DolphinPlushie" },
		{ "predicate": { "damaged": 0, "damage": 0.135593220338983 }, "model": "projectthree/BelugaPlushie" },
		{ "predicate": { "damaged": 0, "damage": 0.152542372881356 }, "model": "projectthree/SeaworldRescueHat" },
		{ "predicate": { "damaged": 0, "damage": 0.169491525423729 }, "model": "projectthree/SharkCap" },
		{ "predicate": { "damaged": 0, "damage": 0.186440677966102 }, "model": "projectone/penguinplushie" },
		{ "predicate": { "damaged": 0, "damage": 0.203389830508475 }, "model": "item/wooden_hoe12" },
		{ "predicate": { "damaged": 0, "damage": 0.220338983050847 }, "model": "item/wooden_hoe13" },
		{ "predicate": { "damaged": 0, "damage": 0.23728813559322 }, "model": "item/wooden_hoe14" },
		{ "predicate": { "damaged": 0, "damage": 0.254237288135593 }, "model": "item/wooden_hoe15" },
		{ "predicate": { "damaged": 0, "damage": 0.271186440677966 }, "model": "item/wooden_hoe16" },
		{ "predicate": { "damaged": 0, "damage": 0.288135593220339 }, "model": "item/wooden_hoe17" },
		{ "predicate": { "damaged": 0, "damage": 0.305084745762712 }, "model": "item/wooden_hoe18" },
		{ "predicate": { "damaged": 0, "damage": 0.322033898305085 }, "model": "item/wooden_hoe19" },
		{ "predicate": { "damaged": 0, "damage": 0.338983050847458 }, "model": "item/wooden_hoe20" },
		{ "predicate": { "damaged": 0, "damage": 0.355932203389831 }, "model": "item/wooden_hoe21" },
		{ "predicate": { "damaged": 0, "damage": 0.372881355932203 }, "model": "item/wooden_hoe22" },
		{ "predicate": { "damaged": 0, "damage": 0.389830508474576 }, "model": "item/wooden_hoe23" },
		{ "predicate": { "damaged": 0, "damage": 0.406779661016949 }, "model": "item/wooden_hoe24" },
		{ "predicate": { "damaged": 0, "damage": 0.423728813559322 }, "model": "item/wooden_hoe25" },
		{ "predicate": { "damaged": 0, "damage": 0.440677966101695 }, "model": "item/wooden_hoe26" },
		{ "predicate": { "damaged": 0, "damage": 0.457627118644068 }, "model": "item/wooden_hoe27" },
		{ "predicate": { "damaged": 0, "damage": 0.474576271186441 }, "model": "item/wooden_hoe28" },
		{ "predicate": { "damaged": 0, "damage": 0.491525423728814 }, "model": "item/wooden_hoe29" },
		{ "predicate": { "damaged": 0, "damage": 0.508474576271186 }, "model": "item/wooden_hoe30" },
		{ "predicate": { "damaged": 1 }, "model": "item/wooden_hoe" }
	]
}