{
	"credit": "Made with Blockbench",
	"texture_size": [64, 64],
	"textures": {
		"0": "ohben/SWSAtrash",
		"particle": "ohben/SWSAtrash"
	},
	"elements": [
		{
			"from": [1, 0, 1],
			"to": [15, 13, 15],
			"rotation": {"angle": 0, "axis": "y", "origin": [15, 8, 9]},
			"faces": {
				"north": {"uv": [0, 7, 3.5, 10.25], "texture": "#0"},
				"east": {"uv": [3.5, 7, 7, 10.25], "texture": "#0"},
				"south": {"uv": [7, 7, 10.5, 10.25], "texture": "#0"},
				"west": {"uv": [7, 0, 10.5, 3.25], "texture": "#0"},
				"up": {"uv": [3.5, 3.5, 0, 0], "texture": "#0"},
				"down": {"uv": [3.5, 3.5, 0, 7], "texture": "#0"}
			}
		},
		{
			"from": [1, 13, 1],
			"to": [15, 14, 15],
			"rotation": {"angle": 0, "axis": "y", "origin": [9, 21, 9]},
			"faces": {
				"north": {"uv": [7, 6.75, 10.5, 7], "texture": "#0"},
				"east": {"uv": [10.5, 3, 14, 3.25], "texture": "#0"},
				"south": {"uv": [10.5, 9.75, 14, 10], "texture": "#0"},
				"west": {"uv": [10.5, 10, 14, 10.25], "texture": "#0"},
				"up": {"uv": [7, 7, 3.5, 3.5], "texture": "#0"},
				"down": {"uv": [7, 0, 3.5, 3.5], "texture": "#0"}
			}
		},
		{
			"from": [5, 13, 2],
			"to": [11, 17, 3.75],
			"rotation": {"angle": 45, "axis": "x", "origin": [8, 14.5, 2.5]},
			"faces": {
				"north": {"uv": [7, 5.25, 8.5, 6.25], "texture": "#0"},
				"east": {"uv": [11, 1, 11.5, 2], "texture": "#0"},
				"south": {"uv": [8.5, 5.25, 10, 6.25], "texture": "#0"},
				"west": {"uv": [11, 7.75, 11.5, 8.75], "texture": "#0"},
				"up": {"uv": [10, 11.25, 8.5, 10.75], "texture": "#0"},
				"down": {"uv": [11.5, 11, 10, 11.5], "texture": "#0"}
			}
		},
		{
			"from": [5, 13, 12],
			"to": [11, 17, 14],
			"rotation": {"angle": -45, "axis": "x", "origin": [8, 14.5, 13.5]},
			"faces": {
				"north": {"uv": [10, 5.25, 11.5, 6.25], "texture": "#0"},
				"east": {"uv": [1, 11.25, 1.5, 12.25], "texture": "#0"},
				"south": {"uv": [0, 10.25, 1.5, 11.25], "texture": "#0"},
				"west": {"uv": [1.5, 11.25, 2, 12.25], "texture": "#0"},
				"up": {"uv": [12.5, 0.5, 11, 0], "texture": "#0"},
				"down": {"uv": [12.5, 0.5, 11, 1], "texture": "#0"}
			}
		},
		{
			"from": [2, 13, 5],
			"to": [4, 17, 11],
			"rotation": {"angle": -45, "axis": "z", "origin": [2.5, 14.5, 8]},
			"faces": {
				"north": {"uv": [2, 11.25, 2.5, 12.25], "texture": "#0"},
				"east": {"uv": [1.5, 10.25, 3, 11.25], "texture": "#0"},
				"south": {"uv": [2.5, 11.25, 3, 12.25], "texture": "#0"},
				"west": {"uv": [3, 10.25, 4.5, 11.25], "texture": "#0"},
				"up": {"uv": [11.5, 4.75, 11, 3.25], "texture": "#0"},
				"down": {"uv": [11.5, 6.25, 11, 7.75], "texture": "#0"}
			}
		},
		{
			"from": [12, 13, 5],
			"to": [14, 17, 11],
			"rotation": {"angle": 45, "axis": "z", "origin": [13.5, 14.5, 8]},
			"faces": {
				"north": {"uv": [3, 11.25, 3.5, 12.25], "texture": "#0"},
				"east": {"uv": [4.5, 10.25, 6, 11.25], "texture": "#0"},
				"south": {"uv": [3.5, 11.25, 4, 12.25], "texture": "#0"},
				"west": {"uv": [6, 10.25, 7.5, 11.25], "texture": "#0"},
				"up": {"uv": [0.5, 12.75, 0, 11.25], "texture": "#0"},
				"down": {"uv": [1, 11.25, 0.5, 12.75], "texture": "#0"}
			}
		},
		{
			"from": [4, 14, 4],
			"to": [12, 15, 12],
			"rotation": {"angle": 0, "axis": "y", "origin": [13, 22, 13]},
			"faces": {
				"north": {"uv": [10.5, 10.25, 12.5, 10.5], "texture": "#0"},
				"east": {"uv": [11, 4.75, 13, 5], "texture": "#0"},
				"south": {"uv": [11, 5, 13, 5.25], "texture": "#0"},
				"west": {"uv": [4, 11.25, 6, 11.5], "texture": "#0"},
				"up": {"uv": [9, 5.25, 7, 3.25], "texture": "#0"},
				"down": {"uv": [11, 3.25, 9, 5.25], "texture": "#0"}
			}
		},
		{
			"from": [10, 15, 4],
			"to": [12, 16.5, 12],
			"rotation": {"angle": 0, "axis": "y", "origin": [13, 23, 13]},
			"faces": {
				"north": {"uv": [7, 11.25, 7.5, 11.75], "texture": "#0"},
				"east": {"uv": [7, 6.25, 9, 6.75], "texture": "#0"},
				"south": {"uv": [11.5, 1.5, 12, 2], "texture": "#0"},
				"west": {"uv": [9, 6.25, 11, 6.75], "texture": "#0"},
				"up": {"uv": [8, 12.25, 7.5, 10.25], "texture": "#0"},
				"down": {"uv": [8.5, 10.25, 8, 12.25], "texture": "#0"}
			}
		},
		{
			"from": [4, 15, 4],
			"to": [6, 16.5, 12],
			"rotation": {"angle": 0, "axis": "y", "origin": [7, 23, 13]},
			"faces": {
				"north": {"uv": [11.5, 2, 12, 2.5], "texture": "#0"},
				"east": {"uv": [8.5, 10.25, 10.5, 10.75], "texture": "#0"},
				"south": {"uv": [11.5, 2.5, 12, 3], "texture": "#0"},
				"west": {"uv": [10.5, 10.5, 12.5, 11], "texture": "#0"},
				"up": {"uv": [11, 2, 10.5, 0], "texture": "#0"},
				"down": {"uv": [11, 6.75, 10.5, 8.75], "texture": "#0"}
			}
		},
		{
			"from": [6, 15, 4],
			"to": [10, 16.5, 6],
			"rotation": {"angle": 0, "axis": "y", "origin": [14, 23, 12]},
			"faces": {
				"north": {"uv": [6, 11.25, 7, 11.75], "texture": "#0"},
				"east": {"uv": [11.5, 3.25, 12, 3.75], "texture": "#0"},
				"south": {"uv": [8.5, 11.25, 9.5, 11.75], "texture": "#0"},
				"west": {"uv": [11.5, 3.75, 12, 4.25], "texture": "#0"},
				"up": {"uv": [5, 12, 4, 11.5], "texture": "#0"},
				"down": {"uv": [6, 11.5, 5, 12], "texture": "#0"}
			}
		},
		{
			"from": [6, 15, 6],
			"to": [10, 15.75, 10],
			"rotation": {"angle": 0, "axis": "y", "origin": [14, 23, 14]},
			"faces": {
				"north": {"uv": [11.5, 5.75, 12.5, 6], "texture": "#0"},
				"east": {"uv": [11.5, 6, 12.5, 6.25], "texture": "#0"},
				"south": {"uv": [11.5, 6.25, 12.5, 6.5], "texture": "#0"},
				"west": {"uv": [11.5, 6.5, 12.5, 6.75], "texture": "#0"},
				"up": {"uv": [11.5, 3, 10.5, 2], "texture": "#0"},
				"down": {"uv": [11.5, 8.75, 10.5, 9.75], "texture": "#0"}
			}
		},
		{
			"from": [6, 15, 10],
			"to": [10, 16.5, 12],
			"rotation": {"angle": 0, "axis": "y", "origin": [14, 23, 18]},
			"faces": {
				"north": {"uv": [9.5, 11.5, 10.5, 12], "texture": "#0"},
				"east": {"uv": [11.5, 4.25, 12, 4.75], "texture": "#0"},
				"south": {"uv": [10.5, 11.5, 11.5, 12], "texture": "#0"},
				"west": {"uv": [11.5, 5.25, 12, 5.75], "texture": "#0"},
				"up": {"uv": [12.5, 12, 11.5, 11.5], "texture": "#0"},
				"down": {"uv": [12.5, 1, 11.5, 1.5], "texture": "#0"}
			}
		}
	],
	"display": {
		"thirdperson_righthand": {
			"translation": [0, 3, 1],
			"scale": [0.55, 0.55, 0.55]
		},
		"thirdperson_lefthand": {
			"translation": [0, 3, 1],
			"scale": [0.55, 0.55, 0.55]
		},
		"firstperson_righthand": {
			"rotation": [0, -90, 25],
			"translation": [1.13, 3.2, 1.13],
			"scale": [0.68, 0.68, 0.68]
		},
		"firstperson_lefthand": {
			"rotation": [0, -90, 25],
			"translation": [1.13, 3.2, 1.13],
			"scale": [0.68, 0.68, 0.68]
		},
		"ground": {
			"translation": [0, 2, 0],
			"scale": [0.5, 0.5, 0.5]
		},
		"fixed": {
			"rotation": [0, 180, 0]
		}
	}
}