{
	"credit": "Made with Blockbench",
	"textures": {
		"1": "block/lime_wool",
		"2": "block/black_wool",
		"3": "custom/goofy1",
		"4": "custom/goofy2",
		"5": "custom/goofy3"
	},
	"elements": [
		{
			"from": [2, 2, 6],
			"to": [16, 18, 10],
			"faces": {
				"north": {"uv": [2, 0, 4, 1], "texture": "#1"},
				"east": {"uv": [4, 6, 6, 7], "texture": "#1"},
				"south": {"uv": [2, 0, 4, 1], "texture": "#1"},
				"west": {"uv": [2, 0, 4, 1], "texture": "#1"},
				"up": {"uv": [2, 0, 4, 1], "texture": "#1"},
				"down": {"uv": [2, 0, 4, 1], "texture": "#1"}
			}
		},
		{
			"from": [0, 2, 6],
			"to": [2, 18, 10],
			"faces": {
				"north": {"uv": [2, 0, 4, 1], "texture": "#1"},
				"east": {"uv": [4, 6, 6, 7], "texture": "#1"},
				"south": {"uv": [2, 0, 4, 1], "texture": "#1"},
				"west": {"uv": [2, 0, 4, 1], "texture": "#1"},
				"up": {"uv": [2, 0, 4, 1], "texture": "#1"},
				"down": {"uv": [2, 0, 4, 1], "texture": "#1"}
			}
		},
		{
			"from": [6, 2, 0],
			"to": [10, 18, 2],
			"faces": {
				"north": {"uv": [2, 0, 4, 1], "rotation": 270, "texture": "#1"},
				"east": {"uv": [4, 6, 6, 7], "rotation": 270, "texture": "#1"},
				"south": {"uv": [2, 0, 4, 1], "rotation": 270, "texture": "#1"},
				"west": {"uv": [2, 0, 4, 1], "rotation": 270, "texture": "#1"},
				"up": {"uv": [2, 0, 4, 1], "rotation": 270, "texture": "#1"},
				"down": {"uv": [2, 0, 4, 1], "rotation": 270, "texture": "#1"}
			}
		},
		{
			"from": [6, 2, 9],
			"to": [10, 18, 16],
			"faces": {
				"north": {"uv": [2, 0, 4, 1], "rotation": 270, "texture": "#1"},
				"east": {"uv": [4, 6, 6, 7], "rotation": 270, "texture": "#1"},
				"south": {"uv": [2, 0, 4, 1], "rotation": 270, "texture": "#1"},
				"west": {"uv": [2, 0, 4, 1], "rotation": 270, "texture": "#1"},
				"up": {"uv": [2, 0, 4, 1], "rotation": 270, "texture": "#1"},
				"down": {"uv": [2, 0, 4, 1], "rotation": 270, "texture": "#1"}
			}
		},
		{
			"from": [4.7, 2, 1.2],
			"to": [9.2, 18, 16.2],
			"rotation": {"angle": -22.5, "axis": "y", "origin": [8, 10, 8]},
			"faces": {
				"north": {"uv": [2, 0, 4, 1], "rotation": 270, "texture": "#1"},
				"east": {"uv": [4, 6, 6, 7], "rotation": 270, "texture": "#1"},
				"south": {"uv": [2, 0, 4, 1], "rotation": 270, "texture": "#1"},
				"west": {"uv": [2, 0, 4, 1], "rotation": 270, "texture": "#1"},
				"up": {"uv": [2, 0, 4, 1], "rotation": 270, "texture": "#1"},
				"down": {"uv": [2, 0, 4, 1], "rotation": 270, "texture": "#1"}
			}
		},
		{
			"from": [-0.2, 2, 6.83],
			"to": [1.8, 18, 11.43],
			"rotation": {"angle": 22.5, "axis": "y", "origin": [8, 10, 8]},
			"faces": {
				"north": {"uv": [2, 0, 4, 1], "texture": "#1"},
				"east": {"uv": [4, 6, 6, 7], "texture": "#1"},
				"south": {"uv": [2, 0, 4, 1], "texture": "#1"},
				"west": {"uv": [2, 0, 4, 1], "texture": "#1"},
				"up": {"uv": [2, 0, 4, 1], "texture": "#1"},
				"down": {"uv": [2, 0, 4, 1], "texture": "#1"}
			}
		},
		{
			"from": [-0.2, 2, 4.57],
			"to": [14.8, 18, 9.17],
			"rotation": {"angle": -22.5, "axis": "y", "origin": [8, 10, 8]},
			"faces": {
				"north": {"uv": [2, 0, 4, 1], "texture": "#1"},
				"east": {"uv": [4, 6, 6, 7], "texture": "#1"},
				"south": {"uv": [2, 0, 4, 1], "texture": "#1"},
				"west": {"uv": [2, 0, 4, 1], "texture": "#1"},
				"up": {"uv": [2, 0, 4, 1], "texture": "#1"},
				"down": {"uv": [2, 0, 4, 1], "texture": "#1"}
			}
		},
		{
			"from": [4.7, 2, -0.2],
			"to": [9.2, 18, 1.8],
			"rotation": {"angle": 22.5, "axis": "y", "origin": [8, 10, 8]},
			"faces": {
				"north": {"uv": [2, 0, 4, 1], "rotation": 270, "texture": "#1"},
				"east": {"uv": [4, 6, 6, 7], "rotation": 270, "texture": "#1"},
				"south": {"uv": [2, 0, 4, 1], "rotation": 270, "texture": "#1"},
				"west": {"uv": [2, 0, 4, 1], "rotation": 270, "texture": "#1"},
				"up": {"uv": [2, 0, 4, 1], "rotation": 270, "texture": "#1"},
				"down": {"uv": [2, 0, 4, 1], "rotation": 270, "texture": "#1"}
			}
		},
		{
			"from": [6.8, 2, -0.2],
			"to": [11.3, 18, 1.8],
			"rotation": {"angle": -22.5, "axis": "y", "origin": [8, 10, 8]},
			"faces": {
				"north": {"uv": [2, 0, 4, 1], "rotation": 270, "texture": "#1"},
				"east": {"uv": [4, 6, 6, 7], "rotation": 270, "texture": "#1"},
				"south": {"uv": [2, 0, 4, 1], "rotation": 270, "texture": "#1"},
				"west": {"uv": [2, 0, 4, 1], "rotation": 270, "texture": "#1"},
				"up": {"uv": [2, 0, 4, 1], "rotation": 270, "texture": "#1"},
				"down": {"uv": [2, 0, 4, 1], "rotation": 270, "texture": "#1"}
			}
		},
		{
			"from": [1.2, 2, 4.57],
			"to": [16.2, 18, 9.17],
			"rotation": {"angle": 22.5, "axis": "y", "origin": [8, 10, 8]},
			"faces": {
				"north": {"uv": [4, 6, 6, 7], "texture": "#1"},
				"east": {"uv": [4, 6, 6, 7], "texture": "#1"},
				"south": {"uv": [4, 6, 6, 7], "texture": "#1"},
				"west": {"uv": [4, 6, 6, 7], "texture": "#1"},
				"up": {"uv": [4, 6, 6, 7], "texture": "#1"},
				"down": {"uv": [4, 6, 6, 7], "texture": "#1"}
			}
		},
		{
			"from": [9.2, 2, 6.83],
			"to": [16.2, 18, 11.43],
			"rotation": {"angle": -22.5, "axis": "y", "origin": [8, 10, 8]},
			"faces": {
				"north": {"uv": [2, 0, 4, 1], "texture": "#1"},
				"east": {"uv": [4, 6, 6, 7], "texture": "#1"},
				"south": {"uv": [2, 0, 4, 1], "texture": "#1"},
				"west": {"uv": [2, 0, 4, 1], "texture": "#1"},
				"up": {"uv": [2, 0, 4, 1], "texture": "#1"},
				"down": {"uv": [2, 0, 4, 1], "texture": "#1"}
			}
		},
		{
			"from": [6.8, 2, 1.2],
			"to": [11.3, 18, 16.2],
			"rotation": {"angle": 22.5, "axis": "y", "origin": [8, 10, 8]},
			"faces": {
				"north": {"uv": [4, 9, 6, 10], "rotation": 270, "texture": "#1"},
				"east": {"uv": [4, 6, 6, 7], "rotation": 270, "texture": "#1"},
				"south": {"uv": [4, 9, 6, 10], "rotation": 270, "texture": "#1"},
				"west": {"uv": [4, 9, 6, 10], "rotation": 270, "texture": "#1"},
				"up": {"uv": [4, 9, 6, 10], "rotation": 270, "texture": "#1"},
				"down": {"uv": [4, 9, 6, 10], "rotation": 270, "texture": "#1"}
			}
		},
		{
			"from": [5.96, 4, -0.16],
			"to": [10.04, 8.58, 1.88],
			"faces": {
				"north": {"uv": [8, 9, 9, 11], "rotation": 270, "texture": "#2"},
				"east": {"uv": [8, 9, 9, 11], "rotation": 270, "texture": "#2"},
				"south": {"uv": [8, 9, 9, 11], "rotation": 270, "texture": "#2"},
				"west": {"uv": [8, 9, 9, 11], "rotation": 270, "texture": "#2"},
				"up": {"uv": [8, 9, 9, 11], "rotation": 270, "texture": "#2"},
				"down": {"uv": [8, 9, 9, 11], "rotation": 270, "texture": "#2"}
			}
		},
		{
			"from": [6.776, 4, -0.364],
			"to": [11.366, 8.58, 1.676],
			"rotation": {"angle": -22.5, "axis": "y", "origin": [8, 11.68, 8]},
			"faces": {
				"north": {"uv": [8, 9, 9, 11], "rotation": 270, "texture": "#2"},
				"east": {"uv": [8, 9, 9, 11], "rotation": 270, "texture": "#2"},
				"south": {"uv": [8, 9, 9, 11], "rotation": 270, "texture": "#2"},
				"west": {"uv": [8, 9, 9, 11], "rotation": 270, "texture": "#2"},
				"up": {"uv": [8, 9, 9, 11], "rotation": 270, "texture": "#2"},
				"down": {"uv": [8, 9, 9, 11], "rotation": 270, "texture": "#2"}
			}
		},
		{
			"from": [1.064, 4, 4.5014],
			"to": [16.364, 8.58, 9.1934],
			"rotation": {"angle": 22.5, "axis": "y", "origin": [8, 11.68, 8]},
			"faces": {
				"north": {"uv": [8, 9, 9, 11], "texture": "#2"},
				"east": {"uv": [8, 9, 9, 11], "texture": "#2"},
				"south": {"uv": [8, 9, 9, 11], "texture": "#2"},
				"west": {"uv": [8, 9, 9, 11], "texture": "#2"},
				"up": {"uv": [8, 9, 9, 11], "texture": "#2"},
				"down": {"uv": [8, 9, 9, 11], "texture": "#2"}
			}
		},
		{
			"from": [1.88, 4, 5.96],
			"to": [16.16, 8.58, 10.04],
			"faces": {
				"north": {"uv": [8, 9, 9, 11], "texture": "#2"},
				"east": {"uv": [8, 9, 9, 11], "texture": "#2"},
				"south": {"uv": [8, 9, 9, 11], "texture": "#2"},
				"west": {"uv": [8, 9, 9, 11], "texture": "#2"},
				"up": {"uv": [8, 9, 9, 11], "texture": "#2"},
				"down": {"uv": [8, 9, 9, 11], "texture": "#2"}
			}
		},
		{
			"from": [9.224, 4, 6.8066],
			"to": [16.364, 8.58, 11.4986],
			"rotation": {"angle": -22.5, "axis": "y", "origin": [8, 11.68, 8]},
			"faces": {
				"north": {"uv": [8, 9, 9, 11], "texture": "#2"},
				"east": {"uv": [8, 9, 9, 11], "texture": "#2"},
				"south": {"uv": [8, 9, 9, 11], "texture": "#2"},
				"west": {"uv": [8, 9, 9, 11], "texture": "#2"},
				"up": {"uv": [8, 9, 9, 11], "texture": "#2"},
				"down": {"uv": [8, 9, 9, 11], "texture": "#2"}
			}
		},
		{
			"from": [6.776, 4, 1.064],
			"to": [11.366, 8.58, 16.364],
			"rotation": {"angle": 22.5, "axis": "y", "origin": [8, 11.68, 8]},
			"faces": {
				"north": {"uv": [8, 9, 9, 11], "rotation": 270, "texture": "#2"},
				"east": {"uv": [8, 9, 9, 11], "rotation": 270, "texture": "#2"},
				"south": {"uv": [8, 9, 9, 11], "rotation": 270, "texture": "#2"},
				"west": {"uv": [8, 9, 9, 11], "rotation": 270, "texture": "#2"},
				"up": {"uv": [8, 9, 9, 11], "rotation": 270, "texture": "#2"},
				"down": {"uv": [8, 9, 9, 11], "rotation": 270, "texture": "#2"}
			}
		},
		{
			"from": [5.96, 4, 9.02],
			"to": [10.04, 8.58, 16.16],
			"faces": {
				"north": {"uv": [8, 9, 9, 11], "rotation": 270, "texture": "#2"},
				"east": {"uv": [8, 9, 9, 11], "rotation": 270, "texture": "#2"},
				"south": {"uv": [8, 9, 9, 11], "rotation": 270, "texture": "#2"},
				"west": {"uv": [8, 9, 9, 11], "rotation": 270, "texture": "#2"},
				"up": {"uv": [8, 9, 9, 11], "rotation": 270, "texture": "#2"},
				"down": {"uv": [8, 9, 9, 11], "rotation": 270, "texture": "#2"}
			}
		},
		{
			"from": [4.634, 4, 1.064],
			"to": [9.224, 8.58, 16.364],
			"rotation": {"angle": -22.5, "axis": "y", "origin": [8, 11.68, 8]},
			"faces": {
				"north": {"uv": [8, 9, 9, 11], "rotation": 270, "texture": "#2"},
				"east": {"uv": [8, 9, 9, 11], "rotation": 270, "texture": "#2"},
				"south": {"uv": [8, 9, 9, 11], "rotation": 270, "texture": "#2"},
				"west": {"uv": [8, 9, 9, 11], "rotation": 270, "texture": "#2"},
				"up": {"uv": [8, 9, 9, 11], "rotation": 270, "texture": "#2"},
				"down": {"uv": [8, 9, 9, 11], "rotation": 270, "texture": "#2"}
			}
		},
		{
			"from": [-0.364, 4, 6.8066],
			"to": [1.676, 8.58, 11.4986],
			"rotation": {"angle": 22.5, "axis": "y", "origin": [8, 11.68, 8]},
			"faces": {
				"north": {"uv": [8, 9, 9, 11], "texture": "#2"},
				"east": {"uv": [8, 9, 9, 11], "texture": "#2"},
				"south": {"uv": [8, 9, 9, 11], "texture": "#2"},
				"west": {"uv": [8, 9, 9, 11], "texture": "#2"},
				"up": {"uv": [8, 9, 9, 11], "texture": "#2"},
				"down": {"uv": [8, 9, 9, 11], "texture": "#2"}
			}
		},
		{
			"from": [-0.16, 4, 5.96],
			"to": [1.88, 8.58, 10.04],
			"faces": {
				"north": {"uv": [8, 9, 9, 11], "texture": "#2"},
				"east": {"uv": [8, 9, 9, 11], "texture": "#2"},
				"south": {"uv": [8, 9, 9, 11], "texture": "#2"},
				"west": {"uv": [8, 9, 9, 11], "texture": "#2"},
				"up": {"uv": [8, 9, 9, 11], "texture": "#2"},
				"down": {"uv": [8, 9, 9, 11], "texture": "#2"}
			}
		},
		{
			"from": [-0.364, 4, 4.5014],
			"to": [14.936, 8.58, 9.1934],
			"rotation": {"angle": -22.5, "axis": "y", "origin": [8, 11.68, 8]},
			"faces": {
				"north": {"uv": [8, 9, 9, 11], "texture": "#2"},
				"east": {"uv": [8, 9, 9, 11], "texture": "#2"},
				"south": {"uv": [8, 9, 9, 11], "texture": "#2"},
				"west": {"uv": [8, 9, 9, 11], "texture": "#2"},
				"up": {"uv": [8, 9, 9, 11], "texture": "#2"},
				"down": {"uv": [8, 9, 9, 11], "texture": "#2"}
			}
		},
		{
			"from": [4.634, 4, -0.364],
			"to": [9.224, 8.58, 1.676],
			"rotation": {"angle": 22.5, "axis": "y", "origin": [8, 11.68, 8]},
			"faces": {
				"north": {"uv": [8, 9, 9, 11], "rotation": 270, "texture": "#2"},
				"east": {"uv": [8, 9, 9, 11], "rotation": 270, "texture": "#2"},
				"south": {"uv": [8, 9, 9, 11], "rotation": 270, "texture": "#2"},
				"west": {"uv": [8, 9, 9, 11], "rotation": 270, "texture": "#2"},
				"up": {"uv": [8, 9, 9, 11], "rotation": 270, "texture": "#2"},
				"down": {"uv": [8, 9, 9, 11], "rotation": 270, "texture": "#2"}
			}
		},
		{
			"from": [-0.4, -14, 6],
			"to": [1, 3, 10],
			"faces": {
				"north": {"uv": [8, 9, 9, 11], "texture": "#2"},
				"east": {"uv": [8, 9, 9, 11], "texture": "#2"},
				"south": {"uv": [8, 9, 9, 11], "texture": "#2"},
				"west": {"uv": [8, 9, 9, 11], "texture": "#2"},
				"up": {"uv": [8, 9, 9, 11], "texture": "#2"},
				"down": {"uv": [8, 9, 9, 11], "texture": "#2"}
			}
		},
		{
			"from": [4.634, 4, 1.064],
			"to": [9.224, 8.58, 16.364],
			"rotation": {"angle": -22.5, "axis": "y", "origin": [8, 11.68, 8]},
			"faces": {
				"north": {"uv": [8, 9, 9, 11], "rotation": 270, "texture": "#2"},
				"east": {"uv": [8, 9, 9, 11], "rotation": 270, "texture": "#2"},
				"south": {"uv": [0, 0, 16, 16], "texture": "#3"},
				"west": {"uv": [8, 9, 9, 11], "rotation": 270, "texture": "#2"},
				"up": {"uv": [8, 9, 9, 11], "rotation": 270, "texture": "#2"},
				"down": {"uv": [8, 9, 9, 11], "rotation": 270, "texture": "#2"}
			}
		},
		{
			"from": [5.96, 4, 9.02],
			"to": [10.04, 8.58, 16.16],
			"faces": {
				"north": {"uv": [8, 9, 9, 11], "rotation": 270, "texture": "#2"},
				"east": {"uv": [8, 9, 9, 11], "rotation": 270, "texture": "#2"},
				"south": {"uv": [0, 0, 16, 16], "texture": "#4"},
				"west": {"uv": [8, 9, 9, 11], "rotation": 270, "texture": "#2"},
				"up": {"uv": [8, 9, 9, 11], "rotation": 270, "texture": "#2"},
				"down": {"uv": [8, 9, 9, 11], "rotation": 270, "texture": "#2"}
			}
		},
		{
			"from": [6.776, 4, 1.064],
			"to": [11.366, 8.58, 16.364],
			"rotation": {"angle": 22.5, "axis": "y", "origin": [8, 11.68, 8]},
			"faces": {
				"north": {"uv": [8, 9, 9, 11], "rotation": 270, "texture": "#2"},
				"east": {"uv": [8, 9, 9, 11], "rotation": 270, "texture": "#2"},
				"south": {"uv": [0, 0, 16, 16], "texture": "#5"},
				"west": {"uv": [8, 9, 9, 11], "rotation": 270, "texture": "#2"},
				"up": {"uv": [8, 9, 9, 11], "rotation": 270, "texture": "#2"},
				"down": {"uv": [8, 9, 9, 11], "rotation": 270, "texture": "#2"}
			}
		},
		{
			"name": "hexadecagon",
			"from": [-0.4, -14.39782, 6],
			"to": [1, -13.60218, 10],
			"rotation": {"angle": -45, "axis": "x", "origin": [0, -14, 8]},
			"faces": {
				"north": {"uv": [8, 9, 9, 11], "texture": "#2"},
				"east": {"uv": [8, 9, 9, 11], "texture": "#2"},
				"south": {"uv": [8, 9, 9, 11], "texture": "#2"},
				"west": {"uv": [8, 9, 9, 11], "texture": "#2"},
				"up": {"uv": [8, 9, 9, 11], "texture": "#2"},
				"down": {"uv": [8, 9, 9, 11], "texture": "#2"}
			}
		},
		{
			"name": "hexadecagon",
			"from": [-0.4, -14.39782, 6],
			"to": [1, -13.60218, 10],
			"rotation": {"angle": -22.5, "axis": "x", "origin": [0, -14, 8]},
			"faces": {
				"north": {"uv": [8, 9, 9, 11], "texture": "#2"},
				"east": {"uv": [8, 9, 9, 11], "texture": "#2"},
				"south": {"uv": [8, 9, 9, 11], "texture": "#2"},
				"west": {"uv": [8, 9, 9, 11], "texture": "#2"},
				"up": {"uv": [8, 9, 9, 11], "texture": "#2"},
				"down": {"uv": [8, 9, 9, 11], "texture": "#2"}
			}
		},
		{
			"name": "hexadecagon",
			"from": [-0.4, -14.39782, 6],
			"to": [1, -13.60218, 10],
			"faces": {
				"north": {"uv": [8, 9, 9, 11], "texture": "#2"},
				"east": {"uv": [8, 9, 9, 11], "texture": "#2"},
				"south": {"uv": [8, 9, 9, 11], "texture": "#2"},
				"west": {"uv": [8, 9, 9, 11], "texture": "#2"},
				"up": {"uv": [8, 9, 9, 11], "texture": "#2"},
				"down": {"uv": [8, 9, 9, 11], "texture": "#2"}
			}
		},
		{
			"name": "hexadecagon",
			"from": [-0.4, -14.39782, 6],
			"to": [1, -13.60218, 10],
			"rotation": {"angle": 22.5, "axis": "x", "origin": [0, -14, 8]},
			"faces": {
				"north": {"uv": [8, 9, 9, 11], "texture": "#2"},
				"east": {"uv": [8, 9, 9, 11], "texture": "#2"},
				"south": {"uv": [8, 9, 9, 11], "texture": "#2"},
				"west": {"uv": [8, 9, 9, 11], "texture": "#2"},
				"up": {"uv": [8, 9, 9, 11], "texture": "#2"},
				"down": {"uv": [8, 9, 9, 11], "texture": "#2"}
			}
		},
		{
			"name": "hexadecagon",
			"from": [-0.4, -14.39782, 6],
			"to": [1, -13.60218, 10],
			"rotation": {"angle": 45, "axis": "x", "origin": [0, -14, 8]},
			"faces": {
				"north": {"uv": [8, 9, 9, 11], "texture": "#2"},
				"east": {"uv": [8, 9, 9, 11], "texture": "#2"},
				"south": {"uv": [8, 9, 9, 11], "texture": "#2"},
				"west": {"uv": [8, 9, 9, 11], "texture": "#2"},
				"up": {"uv": [8, 9, 9, 11], "texture": "#2"},
				"down": {"uv": [8, 9, 9, 11], "texture": "#2"}
			}
		},
		{
			"name": "hexadecagon",
			"from": [-0.4, -16, 7.60218],
			"to": [1, -12, 8.39782],
			"rotation": {"angle": -22.5, "axis": "x", "origin": [0, -14, 8]},
			"faces": {
				"north": {"uv": [8, 9, 9, 11], "texture": "#2"},
				"east": {"uv": [8, 9, 9, 11], "texture": "#2"},
				"south": {"uv": [8, 9, 9, 11], "texture": "#2"},
				"west": {"uv": [8, 9, 9, 11], "texture": "#2"},
				"up": {"uv": [8, 9, 9, 11], "texture": "#2"},
				"down": {"uv": [8, 9, 9, 11], "texture": "#2"}
			}
		},
		{
			"name": "hexadecagon",
			"from": [-0.4, -16, 7.60218],
			"to": [1, -12, 8.39782],
			"faces": {
				"north": {"uv": [8, 9, 9, 11], "texture": "#2"},
				"east": {"uv": [8, 9, 9, 11], "texture": "#2"},
				"south": {"uv": [8, 9, 9, 11], "texture": "#2"},
				"west": {"uv": [8, 9, 9, 11], "texture": "#2"},
				"up": {"uv": [8, 9, 9, 11], "texture": "#2"},
				"down": {"uv": [8, 9, 9, 11], "texture": "#2"}
			}
		},
		{
			"name": "hexadecagon",
			"from": [-0.4, -16, 7.60218],
			"to": [1, -12, 8.39782],
			"rotation": {"angle": 22.5, "axis": "x", "origin": [0, -14, 8]},
			"faces": {
				"north": {"uv": [8, 9, 9, 11], "texture": "#2"},
				"east": {"uv": [8, 9, 9, 11], "texture": "#2"},
				"south": {"uv": [8, 9, 9, 11], "texture": "#2"},
				"west": {"uv": [8, 9, 9, 11], "texture": "#2"},
				"up": {"uv": [8, 9, 9, 11], "texture": "#2"},
				"down": {"uv": [8, 9, 9, 11], "texture": "#2"}
			}
		},
		{
			"name": "hexadecagon",
			"from": [15, -16, 7.60218],
			"to": [16.4, -12, 8.39782],
			"rotation": {"angle": 22.5, "axis": "x", "origin": [15, -14, 8]},
			"faces": {
				"north": {"uv": [8, 9, 9, 11], "texture": "#2"},
				"east": {"uv": [8, 9, 9, 11], "texture": "#2"},
				"south": {"uv": [8, 9, 9, 11], "texture": "#2"},
				"west": {"uv": [8, 9, 9, 11], "texture": "#2"},
				"up": {"uv": [8, 9, 9, 11], "texture": "#2"},
				"down": {"uv": [8, 9, 9, 11], "texture": "#2"}
			}
		},
		{
			"name": "hexadecagon",
			"from": [15, -16, 7.60218],
			"to": [16.4, -12, 8.39782],
			"faces": {
				"north": {"uv": [8, 9, 9, 11], "texture": "#2"},
				"east": {"uv": [8, 9, 9, 11], "texture": "#2"},
				"south": {"uv": [8, 9, 9, 11], "texture": "#2"},
				"west": {"uv": [8, 9, 9, 11], "texture": "#2"},
				"up": {"uv": [8, 9, 9, 11], "texture": "#2"},
				"down": {"uv": [8, 9, 9, 11], "texture": "#2"}
			}
		},
		{
			"name": "hexadecagon",
			"from": [15, -16, 7.60218],
			"to": [16.4, -12, 8.39782],
			"rotation": {"angle": -22.5, "axis": "x", "origin": [15, -14, 8]},
			"faces": {
				"north": {"uv": [8, 9, 9, 11], "texture": "#2"},
				"east": {"uv": [8, 9, 9, 11], "texture": "#2"},
				"south": {"uv": [8, 9, 9, 11], "texture": "#2"},
				"west": {"uv": [8, 9, 9, 11], "texture": "#2"},
				"up": {"uv": [8, 9, 9, 11], "texture": "#2"},
				"down": {"uv": [8, 9, 9, 11], "texture": "#2"}
			}
		},
		{
			"name": "hexadecagon",
			"from": [15, -14.39782, 6],
			"to": [16.4, -13.60218, 10],
			"rotation": {"angle": 45, "axis": "x", "origin": [15, -14, 8]},
			"faces": {
				"north": {"uv": [8, 9, 9, 11], "texture": "#2"},
				"east": {"uv": [8, 9, 9, 11], "texture": "#2"},
				"south": {"uv": [8, 9, 9, 11], "texture": "#2"},
				"west": {"uv": [8, 9, 9, 11], "texture": "#2"},
				"up": {"uv": [8, 9, 9, 11], "texture": "#2"},
				"down": {"uv": [8, 9, 9, 11], "texture": "#2"}
			}
		},
		{
			"name": "hexadecagon",
			"from": [15, -14.39782, 6],
			"to": [16.4, -13.60218, 10],
			"rotation": {"angle": 22.5, "axis": "x", "origin": [15, -14, 8]},
			"faces": {
				"north": {"uv": [8, 9, 9, 11], "texture": "#2"},
				"east": {"uv": [8, 9, 9, 11], "texture": "#2"},
				"south": {"uv": [8, 9, 9, 11], "texture": "#2"},
				"west": {"uv": [8, 9, 9, 11], "texture": "#2"},
				"up": {"uv": [8, 9, 9, 11], "texture": "#2"},
				"down": {"uv": [8, 9, 9, 11], "texture": "#2"}
			}
		},
		{
			"name": "hexadecagon",
			"from": [15, -14.39782, 6],
			"to": [16.4, -13.60218, 10],
			"faces": {
				"north": {"uv": [8, 9, 9, 11], "texture": "#2"},
				"east": {"uv": [8, 9, 9, 11], "texture": "#2"},
				"south": {"uv": [8, 9, 9, 11], "texture": "#2"},
				"west": {"uv": [8, 9, 9, 11], "texture": "#2"},
				"up": {"uv": [8, 9, 9, 11], "texture": "#2"},
				"down": {"uv": [8, 9, 9, 11], "texture": "#2"}
			}
		},
		{
			"name": "hexadecagon",
			"from": [15, -14.39782, 6],
			"to": [16.4, -13.60218, 10],
			"rotation": {"angle": -22.5, "axis": "x", "origin": [15, -14, 8]},
			"faces": {
				"north": {"uv": [8, 9, 9, 11], "texture": "#2"},
				"east": {"uv": [8, 9, 9, 11], "texture": "#2"},
				"south": {"uv": [8, 9, 9, 11], "texture": "#2"},
				"west": {"uv": [8, 9, 9, 11], "texture": "#2"},
				"up": {"uv": [8, 9, 9, 11], "texture": "#2"},
				"down": {"uv": [8, 9, 9, 11], "texture": "#2"}
			}
		},
		{
			"name": "hexadecagon",
			"from": [15, -14.39782, 6],
			"to": [16.4, -13.60218, 10],
			"rotation": {"angle": -45, "axis": "x", "origin": [15, -14, 8]},
			"faces": {
				"north": {"uv": [8, 9, 9, 11], "texture": "#2"},
				"east": {"uv": [8, 9, 9, 11], "texture": "#2"},
				"south": {"uv": [8, 9, 9, 11], "texture": "#2"},
				"west": {"uv": [8, 9, 9, 11], "texture": "#2"},
				"up": {"uv": [8, 9, 9, 11], "texture": "#2"},
				"down": {"uv": [8, 9, 9, 11], "texture": "#2"}
			}
		},
		{
			"from": [15, -14, 6],
			"to": [16.4, 3, 10],
			"faces": {
				"north": {"uv": [8, 9, 9, 11], "texture": "#2"},
				"east": {"uv": [8, 9, 9, 11], "texture": "#2"},
				"south": {"uv": [8, 9, 9, 11], "texture": "#2"},
				"west": {"uv": [8, 9, 9, 11], "texture": "#2"},
				"up": {"uv": [8, 9, 9, 11], "texture": "#2"},
				"down": {"uv": [8, 9, 9, 11], "texture": "#2"}
			}
		},
		{
			"from": [6.704, 12.64, 0.656],
			"to": [11.564, 28, 16.856],
			"rotation": {"angle": 22.5, "axis": "y", "origin": [8, 21.28, 8]},
			"faces": {
				"north": {"uv": [4, 9, 6, 10], "rotation": 270, "texture": "#1"},
				"east": {"uv": [4, 9, 6, 10], "rotation": 270, "texture": "#1"},
				"south": {"uv": [4, 9, 6, 10], "rotation": 270, "texture": "#1"},
				"west": {"uv": [4, 9, 6, 10], "rotation": 270, "texture": "#1"},
				"up": {"uv": [4, 9, 6, 10], "rotation": 270, "texture": "#1"},
				"down": {"uv": [4, 9, 6, 10], "rotation": 270, "texture": "#1"}
			}
		},
		{
			"from": [9.296, 12.64, 6.7364],
			"to": [16.856, 28, 11.7044],
			"rotation": {"angle": -22.5, "axis": "y", "origin": [8, 21.28, 8]},
			"faces": {
				"north": {"uv": [4, 9, 6, 10], "rotation": 270, "texture": "#1"},
				"east": {"uv": [4, 9, 6, 10], "rotation": 270, "texture": "#1"},
				"south": {"uv": [4, 9, 6, 10], "rotation": 270, "texture": "#1"},
				"west": {"uv": [4, 9, 6, 10], "rotation": 270, "texture": "#1"},
				"up": {"uv": [4, 9, 6, 10], "rotation": 270, "texture": "#1"},
				"down": {"uv": [4, 9, 6, 10], "rotation": 270, "texture": "#1"}
			}
		},
		{
			"from": [0.656, 12.64, 4.2956],
			"to": [16.856, 28, 9.2636],
			"rotation": {"angle": 22.5, "axis": "y", "origin": [8, 21.28, 8]},
			"faces": {
				"north": {"uv": [4, 9, 6, 10], "rotation": 270, "texture": "#1"},
				"east": {"uv": [4, 9, 6, 10], "rotation": 270, "texture": "#1"},
				"south": {"uv": [4, 9, 6, 10], "rotation": 270, "texture": "#1"},
				"west": {"uv": [4, 9, 6, 10], "rotation": 270, "texture": "#1"},
				"up": {"uv": [4, 9, 6, 10], "rotation": 270, "texture": "#1"},
				"down": {"uv": [4, 9, 6, 10], "rotation": 270, "texture": "#1"}
			}
		},
		{
			"from": [6.704, 12.64, -0.856],
			"to": [11.564, 28, 1.304],
			"rotation": {"angle": -22.5, "axis": "y", "origin": [8, 21.28, 8]},
			"faces": {
				"north": {"uv": [4, 9, 6, 10], "rotation": 270, "texture": "#1"},
				"east": {"uv": [4, 9, 6, 10], "rotation": 270, "texture": "#1"},
				"south": {"uv": [4, 9, 6, 10], "rotation": 270, "texture": "#1"},
				"west": {"uv": [4, 9, 6, 10], "rotation": 270, "texture": "#1"},
				"up": {"uv": [4, 9, 6, 10], "rotation": 270, "texture": "#1"},
				"down": {"uv": [4, 9, 6, 10], "rotation": 270, "texture": "#1"}
			}
		},
		{
			"from": [4.436, 12.64, -0.856],
			"to": [9.296, 28, 1.304],
			"rotation": {"angle": 22.5, "axis": "y", "origin": [8, 21.28, 8]},
			"faces": {
				"north": {"uv": [4, 9, 6, 10], "rotation": 270, "texture": "#1"},
				"east": {"uv": [4, 9, 6, 10], "rotation": 270, "texture": "#1"},
				"south": {"uv": [4, 9, 6, 10], "rotation": 270, "texture": "#1"},
				"west": {"uv": [4, 9, 6, 10], "rotation": 270, "texture": "#1"},
				"up": {"uv": [4, 9, 6, 10], "rotation": 270, "texture": "#1"},
				"down": {"uv": [4, 9, 6, 10], "rotation": 270, "texture": "#1"}
			}
		},
		{
			"from": [-0.856, 12.64, 4.2956],
			"to": [15.344, 28, 9.2636],
			"rotation": {"angle": -22.5, "axis": "y", "origin": [8, 21.28, 8]},
			"faces": {
				"north": {"uv": [4, 9, 6, 10], "rotation": 270, "texture": "#1"},
				"east": {"uv": [4, 9, 6, 10], "rotation": 270, "texture": "#1"},
				"south": {"uv": [4, 9, 6, 10], "rotation": 270, "texture": "#1"},
				"west": {"uv": [4, 9, 6, 10], "rotation": 270, "texture": "#1"},
				"up": {"uv": [4, 9, 6, 10], "rotation": 270, "texture": "#1"},
				"down": {"uv": [4, 9, 6, 10], "rotation": 270, "texture": "#1"}
			}
		},
		{
			"from": [-0.856, 12.64, 6.7364],
			"to": [1.304, 28, 11.7044],
			"rotation": {"angle": 22.5, "axis": "y", "origin": [8, 21.28, 8]},
			"faces": {
				"north": {"uv": [4, 9, 6, 10], "rotation": 270, "texture": "#1"},
				"east": {"uv": [4, 9, 6, 10], "rotation": 270, "texture": "#1"},
				"south": {"uv": [4, 9, 6, 10], "rotation": 270, "texture": "#1"},
				"west": {"uv": [4, 9, 6, 10], "rotation": 270, "texture": "#1"},
				"up": {"uv": [4, 9, 6, 10], "rotation": 270, "texture": "#1"},
				"down": {"uv": [4, 9, 6, 10], "rotation": 270, "texture": "#1"}
			}
		},
		{
			"from": [4.436, 12.64, 0.656],
			"to": [9.296, 28, 16.856],
			"rotation": {"angle": -22.5, "axis": "y", "origin": [8, 21.28, 8]},
			"faces": {
				"north": {"uv": [4, 9, 6, 10], "rotation": 270, "texture": "#1"},
				"east": {"uv": [4, 9, 6, 10], "rotation": 270, "texture": "#1"},
				"south": {"uv": [4, 9, 6, 10], "rotation": 270, "texture": "#1"},
				"west": {"uv": [4, 9, 6, 10], "rotation": 270, "texture": "#1"},
				"up": {"uv": [4, 9, 6, 10], "rotation": 270, "texture": "#1"},
				"down": {"uv": [4, 9, 6, 10], "rotation": 270, "texture": "#1"}
			}
		},
		{
			"from": [5.84, 12.64, 9.08],
			"to": [10.16, 28, 16.64],
			"faces": {
				"north": {"uv": [4, 9, 6, 10], "rotation": 270, "texture": "#1"},
				"east": {"uv": [4, 9, 6, 10], "rotation": 270, "texture": "#1"},
				"south": {"uv": [4, 9, 6, 10], "rotation": 270, "texture": "#1"},
				"west": {"uv": [4, 9, 6, 10], "rotation": 270, "texture": "#1"},
				"up": {"uv": [4, 9, 6, 10], "rotation": 270, "texture": "#1"},
				"down": {"uv": [4, 9, 6, 10], "rotation": 270, "texture": "#1"}
			}
		},
		{
			"from": [5.84, 12.64, -0.64],
			"to": [10.16, 28, 1.52],
			"faces": {
				"north": {"uv": [4, 9, 6, 10], "rotation": 270, "texture": "#1"},
				"east": {"uv": [4, 9, 6, 10], "rotation": 270, "texture": "#1"},
				"south": {"uv": [4, 9, 6, 10], "rotation": 270, "texture": "#1"},
				"west": {"uv": [4, 9, 6, 10], "rotation": 270, "texture": "#1"},
				"up": {"uv": [4, 9, 6, 10], "rotation": 270, "texture": "#1"},
				"down": {"uv": [4, 9, 6, 10], "rotation": 270, "texture": "#1"}
			}
		},
		{
			"from": [-0.64, 12.64, 5.84],
			"to": [1.52, 28, 10.16],
			"faces": {
				"north": {"uv": [4, 9, 6, 10], "rotation": 270, "texture": "#1"},
				"east": {"uv": [4, 9, 6, 10], "rotation": 270, "texture": "#1"},
				"south": {"uv": [4, 9, 6, 10], "rotation": 270, "texture": "#1"},
				"west": {"uv": [4, 9, 6, 10], "rotation": 270, "texture": "#1"},
				"up": {"uv": [4, 9, 6, 10], "rotation": 270, "texture": "#1"},
				"down": {"uv": [4, 9, 6, 10], "rotation": 270, "texture": "#1"}
			}
		},
		{
			"from": [1.52, 12.64, 5.84],
			"to": [16.64, 28, 10.16],
			"faces": {
				"north": {"uv": [4, 9, 6, 10], "rotation": 270, "texture": "#1"},
				"east": {"uv": [4, 9, 6, 10], "rotation": 270, "texture": "#1"},
				"south": {"uv": [4, 9, 6, 10], "rotation": 270, "texture": "#1"},
				"west": {"uv": [4, 9, 6, 10], "rotation": 270, "texture": "#1"},
				"up": {"uv": [4, 9, 6, 10], "rotation": 270, "texture": "#1"},
				"down": {"uv": [4, 9, 6, 10], "rotation": 270, "texture": "#1"}
			}
		}
	],
	"display": {
		"thirdperson_righthand": {
			"scale": [0.25, 0.25, 0.225]
		},
		"thirdperson_lefthand": {
			"scale": [0.25, 0.25, 0.25]
		},
		"firstperson_righthand": {
			"scale": [0.25, 0.25, 0.25]
		},
		"firstperson_lefthand": {
			"scale": [0.25, 0.25, 0.25]
		},
		"head": {
			"rotation": [0, 180, 0],
			"translation": [0, 11, 0],
			"scale": [0.94, 0.76, 1.14]
		}
	},
	"groups": [0, 1, 2, 3, 4, 5, 6, 7, 8, 9, 10, 11, 12, 13, 14, 15, 16, 17, 18, 19, 20, 21, 22, 23, 24, 25, 26, 27,
		{
			"name": "hexadecagon",
			"origin": [8, 8, 8],
			"children": [28, 29, 30, 31, 32, 33, 34, 35, 36, 37, 38, 39, 40, 41, 42, 43]
		}, 44, 45, 46, 47, 48, 49, 50, 51, 52, 53, 54, 55, 56]
}