{
	"credit": "Made with Blockbench",
	"textures": {
		"3": "block/anvil_top",
		"5": "custom/hauntedmansion",
		"8": "block/black_wool",
		"particle": "custom/hauntedmansion"
	},
	"elements": [
		{
			"name": "hexadecagon",
			"from": [13.40326, 5, -0.5],
			"to": [14.59674, 11, 0.5],
			"rotation": {"angle": -45, "axis": "z", "origin": [14, 8, 0]},
			"faces": {
				"north": {"uv": [0, 0.068, 3.408, 14.222], "texture": "#5"},
				"east": {"uv": [0, 0.068, 3.408, 14.222], "texture": "#5"},
				"south": {"uv": [0, 0.068, 3.408, 14.222], "texture": "#5"},
				"west": {"uv": [0, 0.068, 3.408, 14.222], "texture": "#5"},
				"up": {"uv": [4.599, 0.068, 0, 4.49], "texture": "#5"},
				"down": {"uv": [4.599, 0.068, 0, 4.49], "texture": "#5"}
			}
		},
		{
			"name": "hexadecagon",
			"from": [13.40326, 5, -0.5],
			"to": [14.59674, 11, 0.5],
			"rotation": {"angle": -22.5, "axis": "z", "origin": [14, 8, 0]},
			"faces": {
				"north": {"uv": [0, 0.068, 2.967, 10.961], "texture": "#5"},
				"east": {"uv": [0, 0.068, 2.967, 10.961], "texture": "#5"},
				"south": {"uv": [0, 0.068, 2.967, 10.961], "texture": "#5"},
				"west": {"uv": [0, 0.068, 2.967, 10.961], "texture": "#5"},
				"up": {"uv": [4.599, 0.068, 0, 4.49], "texture": "#5"},
				"down": {"uv": [4.599, 0.068, 0, 4.49], "texture": "#5"}
			}
		},
		{
			"name": "hexadecagon",
			"from": [13.40326, 5, -0.5],
			"to": [14.59674, 11, 0.5],
			"faces": {
				"north": {"uv": [0, 0.068, 4.599, 12.901], "texture": "#5"},
				"east": {"uv": [0, 0.068, 4.599, 12.901], "texture": "#5"},
				"south": {"uv": [0, 0.068, 4.599, 12.901], "texture": "#5"},
				"west": {"uv": [0, 0.068, 4.599, 12.901], "texture": "#5"},
				"up": {"uv": [4.599, 0.068, 0, 4.49], "texture": "#5"},
				"down": {"uv": [4.599, 0.068, 0, 4.49], "texture": "#5"}
			}
		},
		{
			"name": "hexadecagon",
			"from": [13.40326, 5, -0.5],
			"to": [14.59674, 11, 0.5],
			"rotation": {"angle": 22.5, "axis": "z", "origin": [14, 8, 0]},
			"faces": {
				"north": {"uv": [0, 0.068, 2.047, 11.504], "texture": "#5"},
				"east": {"uv": [0, 0.068, 2.047, 11.504], "texture": "#5"},
				"south": {"uv": [0, 0.068, 2.047, 11.504], "texture": "#5"},
				"west": {"uv": [0, 0.068, 2.047, 11.504], "texture": "#5"},
				"up": {"uv": [4.599, 0.068, 0, 4.49], "texture": "#5"},
				"down": {"uv": [4.599, 0.068, 0, 4.49], "texture": "#5"}
			}
		},
		{
			"name": "hexadecagon",
			"from": [13.40326, 5, -0.5],
			"to": [14.59674, 11, 0.5],
			"rotation": {"angle": 45, "axis": "z", "origin": [14, 8, 0]},
			"faces": {
				"north": {"uv": [0, 0.136, 2.86, 11.569], "texture": "#5"},
				"east": {"uv": [0, 0.136, 2.86, 11.569], "texture": "#5"},
				"south": {"uv": [0, 0.136, 2.86, 11.569], "texture": "#5"},
				"west": {"uv": [0, 0.136, 2.86, 11.569], "texture": "#5"},
				"up": {"uv": [4.599, 0.068, 0, 4.49], "texture": "#5"},
				"down": {"uv": [4.599, 0.068, 0, 4.49], "texture": "#5"}
			}
		},
		{
			"name": "hexadecagon",
			"from": [11, 7.40326, -0.5],
			"to": [17, 8.59674, 0.5],
			"rotation": {"angle": -22.5, "axis": "z", "origin": [14, 8, 0]},
			"faces": {
				"north": {"uv": [0, 0, 7.795, 4.626], "texture": "#5"},
				"east": {"uv": [4.599, 0.068, 0, 4.49], "texture": "#5"},
				"south": {"uv": [0, 0, 7.795, 4.626], "texture": "#5"},
				"west": {"uv": [4.599, 0.068, 0, 4.49], "texture": "#5"},
				"up": {"uv": [0, 0, 7.795, 4.626], "texture": "#5"},
				"down": {"uv": [0, 0, 7.795, 4.626], "texture": "#5"}
			}
		},
		{
			"name": "hexadecagon",
			"from": [11, 7.40326, -0.5],
			"to": [17, 8.59674, 0.5],
			"faces": {
				"north": {"uv": [0, 0.068, 15.866, 5], "texture": "#5"},
				"east": {"uv": [4.599, 0.068, 0, 4.49], "texture": "#5"},
				"south": {"uv": [0, 0.068, 15.866, 5], "texture": "#5"},
				"west": {"uv": [4.599, 0.068, 0, 4.49], "texture": "#5"},
				"up": {"uv": [0, 0.068, 15.866, 5], "texture": "#5"},
				"down": {"uv": [0, 0.068, 15.866, 5], "texture": "#5"}
			}
		},
		{
			"name": "hexadecagon",
			"from": [11, 7.40326, -0.5],
			"to": [17, 8.59674, 0.5],
			"rotation": {"angle": 22.5, "axis": "z", "origin": [14, 8, 0]},
			"faces": {
				"north": {"uv": [0, 0.068, 14.948, 3.333], "texture": "#5"},
				"east": {"uv": [4.599, 0.068, 0, 4.49], "texture": "#5"},
				"south": {"uv": [0, 0.068, 14.948, 3.333], "texture": "#5"},
				"west": {"uv": [4.599, 0.068, 0, 4.49], "texture": "#5"},
				"up": {"uv": [0, 0.068, 14.948, 3.333], "texture": "#5"},
				"down": {"uv": [0, 0.068, 14.948, 3.333], "texture": "#5"}
			}
		},
		{
			"from": [9.32684, 9.58455, -1.799],
			"to": [11.96684, 10.46455, -0.919],
			"rotation": {"angle": 45, "axis": "z", "origin": [9.32684, 9.58455, 7.001]},
			"faces": {
				"north": {"uv": [6, 9, 8, 10], "texture": "#8"},
				"east": {"uv": [5, 9, 6, 10], "texture": "#8"},
				"south": {"uv": [9, 9, 11, 10], "texture": "#8"},
				"west": {"uv": [8, 9, 9, 10], "texture": "#8"},
				"up": {"uv": [8, 9, 6, 8], "texture": "#8"},
				"down": {"uv": [10, 8, 8, 9], "texture": "#8"}
			}
		},
		{
			"from": [8.68756, 8.46311, -1.79825],
			"to": [10.44756, 10.22311, -0.91825],
			"faces": {
				"north": {"uv": [9, 3, 10, 4], "texture": "#8"},
				"east": {"uv": [8, 3, 9, 4], "texture": "#8"},
				"south": {"uv": [11, 3, 12, 4], "texture": "#8"},
				"west": {"uv": [10, 3, 11, 4], "texture": "#8"},
				"up": {"uv": [10, 3, 9, 2], "texture": "#8"},
				"down": {"uv": [11, 2, 10, 3], "texture": "#8"}
			}
		},
		{
			"from": [12.24652, 6.02618, -1.78622],
			"to": [14.00652, 6.90618, -0.90622],
			"faces": {
				"north": {"uv": [1, 10, 2, 11], "texture": "#8"},
				"east": {"uv": [0, 10, 1, 11], "texture": "#8"},
				"south": {"uv": [3, 10, 4, 11], "texture": "#8"},
				"west": {"uv": [2, 10, 3, 11], "texture": "#8"},
				"up": {"uv": [2, 10, 1, 9], "texture": "#8"},
				"down": {"uv": [3, 9, 2, 10], "texture": "#8"}
			}
		},
		{
			"from": [10.49911, 6.90553, -1.79817],
			"to": [14.01911, 10.64553, -0.91817],
			"faces": {
				"north": {"uv": [1, 3, 4, 6], "texture": "#8"},
				"east": {"uv": [0, 3, 1, 6], "texture": "#8"},
				"south": {"uv": [5, 3, 8, 6], "texture": "#8"},
				"west": {"uv": [4, 3, 5, 6], "texture": "#8"},
				"up": {"uv": [4, 3, 1, 2], "texture": "#8"},
				"down": {"uv": [7, 2, 4, 3], "texture": "#8"}
			}
		},
		{
			"from": [6.9917, 8.02142, -1.79902],
			"to": [11.3917, 9.78142, -0.91902],
			"rotation": {"angle": 22.5, "axis": "z", "origin": [6.1117, 15.94142, 5.24098]},
			"faces": {
				"north": {"uv": [1, 1, 5, 2], "texture": "#8"},
				"east": {"uv": [0, 1, 1, 2], "texture": "#8"},
				"south": {"uv": [6, 1, 10, 2], "texture": "#8"},
				"west": {"uv": [5, 1, 6, 2], "texture": "#8"},
				"up": {"uv": [5, 1, 1, 0], "texture": "#8"},
				"down": {"uv": [9, 0, 5, 1], "texture": "#8"}
			}
		},
		{
			"from": [18.83685, 5.76618, -1.78695],
			"to": [20.59685, 6.64618, -1.78695],
			"rotation": {"angle": -22.5, "axis": "z", "origin": [17.07685, 26.88618, 6.13305]},
			"faces": {
				"north": {"uv": [9, 5, 10, 6], "texture": "#8"},
				"east": {"uv": [8, 5, 9, 6], "texture": "#8"},
				"south": {"uv": [11, 5, 12, 6], "texture": "#8"},
				"west": {"uv": [10, 5, 11, 6], "texture": "#8"},
				"up": {"uv": [10, 5, 9, 4], "texture": "#8"},
				"down": {"uv": [11, 4, 10, 5], "texture": "#8"}
			}
		},
		{
			"from": [11.2794, 10.72084, -1.79988],
			"to": [13.9194, 11.60084, -0.91988],
			"rotation": {"angle": 22.5, "axis": "z", "origin": [9.7394, 10.06084, 7.00012]},
			"faces": {
				"north": {"uv": [7, 7, 9, 8], "texture": "#8"},
				"east": {"uv": [6, 7, 7, 8], "texture": "#8"},
				"south": {"uv": [10, 7, 12, 8], "texture": "#8"},
				"west": {"uv": [9, 7, 10, 8], "texture": "#8"},
				"up": {"uv": [9, 7, 7, 6], "texture": "#8"},
				"down": {"uv": [11, 6, 9, 7], "texture": "#8"}
			}
		},
		{
			"from": [20.56813, 3.68031, -1.78879],
			"to": [23.20813, 6.32031, -0.90879],
			"rotation": {"angle": -45, "axis": "z", "origin": [20.56813, 20.40031, 7.01121]},
			"faces": {
				"north": {"uv": [1, 7, 3, 9], "texture": "#8"},
				"east": {"uv": [0, 7, 1, 9], "texture": "#8"},
				"south": {"uv": [4, 7, 6, 9], "texture": "#8"},
				"west": {"uv": [3, 7, 4, 9], "texture": "#8"},
				"up": {"uv": [3, 7, 1, 6], "texture": "#8"},
				"down": {"uv": [5, 6, 3, 7], "texture": "#8"}
			}
		},
		{
			"from": [4.03316, 9.58455, -1.799],
			"to": [6.67316, 10.46455, -0.919],
			"rotation": {"angle": -45, "axis": "z", "origin": [6.67316, 9.58455, 7.001]},
			"faces": {
				"north": {"uv": [6, 9, 8, 10], "texture": "#8"},
				"east": {"uv": [5, 9, 6, 10], "texture": "#8"},
				"south": {"uv": [9, 9, 11, 10], "texture": "#8"},
				"west": {"uv": [8, 9, 9, 10], "texture": "#8"},
				"up": {"uv": [8, 9, 6, 8], "texture": "#8"},
				"down": {"uv": [10, 8, 8, 9], "texture": "#8"}
			}
		},
		{
			"from": [5.55244, 8.46311, -1.79825],
			"to": [7.31244, 10.22311, -0.91825],
			"faces": {
				"north": {"uv": [9, 3, 10, 4], "texture": "#8"},
				"east": {"uv": [8, 3, 9, 4], "texture": "#8"},
				"south": {"uv": [11, 3, 12, 4], "texture": "#8"},
				"west": {"uv": [10, 3, 11, 4], "texture": "#8"},
				"up": {"uv": [10, 3, 9, 2], "texture": "#8"},
				"down": {"uv": [11, 2, 10, 3], "texture": "#8"}
			}
		},
		{
			"from": [1.99348, 6.02618, -1.78622],
			"to": [3.75348, 6.90618, -0.90622],
			"faces": {
				"north": {"uv": [1, 10, 2, 11], "texture": "#8"},
				"east": {"uv": [0, 10, 1, 11], "texture": "#8"},
				"south": {"uv": [3, 10, 4, 11], "texture": "#8"},
				"west": {"uv": [2, 10, 3, 11], "texture": "#8"},
				"up": {"uv": [2, 10, 1, 9], "texture": "#8"},
				"down": {"uv": [3, 9, 2, 10], "texture": "#8"}
			}
		},
		{
			"from": [1.98089, 6.90553, -1.79817],
			"to": [5.50089, 10.64553, -0.91817],
			"faces": {
				"north": {"uv": [1, 3, 4, 6], "texture": "#8"},
				"east": {"uv": [0, 3, 1, 6], "texture": "#8"},
				"south": {"uv": [5, 3, 8, 6], "texture": "#8"},
				"west": {"uv": [4, 3, 5, 6], "texture": "#8"},
				"up": {"uv": [4, 3, 1, 2], "texture": "#8"},
				"down": {"uv": [7, 2, 4, 3], "texture": "#8"}
			}
		},
		{
			"from": [4.6083, 8.02142, -1.79902],
			"to": [9.0083, 9.78142, -0.91902],
			"rotation": {"angle": -22.5, "axis": "z", "origin": [9.8883, 15.94142, 5.24098]},
			"faces": {
				"north": {"uv": [1, 1, 5, 2], "texture": "#8"},
				"east": {"uv": [0, 1, 1, 2], "texture": "#8"},
				"south": {"uv": [6, 1, 10, 2], "texture": "#8"},
				"west": {"uv": [5, 1, 6, 2], "texture": "#8"},
				"up": {"uv": [5, 1, 1, 0], "texture": "#8"},
				"down": {"uv": [9, 0, 5, 1], "texture": "#8"}
			}
		},
		{
			"from": [-4.59685, 5.76618, -1.78695],
			"to": [-2.83685, 6.64618, -1.78695],
			"rotation": {"angle": 22.5, "axis": "z", "origin": [-1.07685, 26.88618, 6.13305]},
			"faces": {
				"north": {"uv": [9, 5, 10, 6], "texture": "#8"},
				"east": {"uv": [8, 5, 9, 6], "texture": "#8"},
				"south": {"uv": [11, 5, 12, 6], "texture": "#8"},
				"west": {"uv": [10, 5, 11, 6], "texture": "#8"},
				"up": {"uv": [10, 5, 9, 4], "texture": "#8"},
				"down": {"uv": [11, 4, 10, 5], "texture": "#8"}
			}
		},
		{
			"from": [2.0806, 10.72084, -1.79988],
			"to": [4.7206, 11.60084, -0.91988],
			"rotation": {"angle": -22.5, "axis": "z", "origin": [6.2606, 10.06084, 7.00012]},
			"faces": {
				"north": {"uv": [7, 7, 9, 8], "texture": "#8"},
				"east": {"uv": [6, 7, 7, 8], "texture": "#8"},
				"south": {"uv": [10, 7, 12, 8], "texture": "#8"},
				"west": {"uv": [9, 7, 10, 8], "texture": "#8"},
				"up": {"uv": [9, 7, 7, 6], "texture": "#8"},
				"down": {"uv": [11, 6, 9, 7], "texture": "#8"}
			}
		},
		{
			"from": [-7.20813, 3.68031, -1.78879],
			"to": [-4.56813, 6.32031, -0.90879],
			"rotation": {"angle": 45, "axis": "z", "origin": [-4.56813, 20.40031, 7.01121]},
			"faces": {
				"north": {"uv": [1, 7, 3, 9], "texture": "#8"},
				"east": {"uv": [0, 7, 1, 9], "texture": "#8"},
				"south": {"uv": [4, 7, 6, 9], "texture": "#8"},
				"west": {"uv": [3, 7, 4, 9], "texture": "#8"},
				"up": {"uv": [3, 7, 1, 6], "texture": "#8"},
				"down": {"uv": [5, 6, 3, 7], "texture": "#8"}
			}
		},
		{
			"name": "hexadecagon",
			"from": [7.90054, 9, -2.5],
			"to": [8.09946, 10, -2.5],
			"rotation": {"angle": -45, "axis": "y", "origin": [8, 9.5, -2]},
			"faces": {
				"north": {"uv": [5, 0, 7, 1], "texture": "#3"},
				"east": {"uv": [5, 0, 7, 1], "texture": "#3"},
				"south": {"uv": [5, 0, 7, 1], "texture": "#3"},
				"west": {"uv": [5, 0, 7, 1], "texture": "#3"},
				"up": {"uv": [5, 0, 7, 1], "texture": "#3"},
				"down": {"uv": [5, 0, 7, 1], "texture": "#3"}
			}
		},
		{
			"name": "hexadecagon",
			"from": [7.90054, 9, -2.5],
			"to": [8.09946, 10, -2.5],
			"rotation": {"angle": -22.5, "axis": "y", "origin": [8, 9.5, -2]},
			"faces": {
				"north": {"uv": [5, 0, 7, 1], "texture": "#3"},
				"east": {"uv": [5, 0, 7, 1], "texture": "#3"},
				"south": {"uv": [5, 0, 7, 1], "texture": "#3"},
				"west": {"uv": [5, 0, 7, 1], "texture": "#3"},
				"up": {"uv": [5, 0, 7, 1], "texture": "#3"},
				"down": {"uv": [5, 0, 7, 1], "texture": "#3"}
			}
		},
		{
			"name": "hexadecagon",
			"from": [7.90054, 9, -2.5],
			"to": [8.09946, 10, -2.5],
			"faces": {
				"north": {"uv": [5, 0, 7, 1], "texture": "#3"},
				"east": {"uv": [5, 0, 7, 1], "texture": "#3"},
				"south": {"uv": [5, 0, 7, 1], "texture": "#3"},
				"west": {"uv": [5, 0, 7, 1], "texture": "#3"},
				"up": {"uv": [5, 0, 7, 1], "texture": "#3"},
				"down": {"uv": [5, 0, 7, 1], "texture": "#3"}
			}
		},
		{
			"name": "hexadecagon",
			"from": [7.90054, 9, -2.5],
			"to": [8.09946, 10, -2.5],
			"rotation": {"angle": 22.5, "axis": "y", "origin": [8, 9.5, -2]},
			"faces": {
				"north": {"uv": [5, 0, 7, 1], "texture": "#3"},
				"east": {"uv": [5, 0, 7, 1], "texture": "#3"},
				"south": {"uv": [5, 0, 7, 1], "texture": "#3"},
				"west": {"uv": [5, 0, 7, 1], "texture": "#3"},
				"up": {"uv": [5, 0, 7, 1], "texture": "#3"},
				"down": {"uv": [5, 0, 7, 1], "texture": "#3"}
			}
		},
		{
			"name": "hexadecagon",
			"from": [7.90054, 9, -2.5],
			"to": [8.09946, 10, -2.5],
			"rotation": {"angle": 45, "axis": "y", "origin": [8, 9.5, -2]},
			"faces": {
				"north": {"uv": [5, 0, 7, 1], "texture": "#3"},
				"east": {"uv": [5, 0, 7, 1], "texture": "#3"},
				"south": {"uv": [5, 0, 7, 1], "texture": "#3"},
				"west": {"uv": [5, 0, 7, 1], "texture": "#3"},
				"up": {"uv": [5, 0, 7, 1], "texture": "#3"},
				"down": {"uv": [5, 0, 7, 1], "texture": "#3"}
			}
		},
		{
			"name": "hexadecagon",
			"from": [7.5, 9, -2.09946],
			"to": [8.5, 10, -1.90054],
			"rotation": {"angle": -22.5, "axis": "y", "origin": [8, 9.5, -2]},
			"faces": {
				"north": {"uv": [5, 0, 7, 1], "texture": "#3"},
				"east": {"uv": [5, 0, 7, 1], "texture": "#3"},
				"south": {"uv": [5, 0, 7, 1], "texture": "#3"},
				"west": {"uv": [5, 0, 7, 1], "texture": "#3"},
				"up": {"uv": [5, 0, 7, 1], "texture": "#3"},
				"down": {"uv": [5, 0, 7, 1], "texture": "#3"}
			}
		},
		{
			"name": "hexadecagon",
			"from": [7.5, 9, -2.09946],
			"to": [8.5, 10, -1.90054],
			"faces": {
				"north": {"uv": [5, 0, 7, 1], "texture": "#3"},
				"east": {"uv": [5, 0, 7, 1], "texture": "#3"},
				"south": {"uv": [5, 0, 7, 1], "texture": "#3"},
				"west": {"uv": [5, 0, 7, 1], "texture": "#3"},
				"up": {"uv": [5, 0, 7, 1], "texture": "#3"},
				"down": {"uv": [5, 0, 7, 1], "texture": "#3"}
			}
		},
		{
			"name": "hexadecagon",
			"from": [7.5, 9, -2.09946],
			"to": [8.5, 10, -1.90054],
			"rotation": {"angle": 22.5, "axis": "y", "origin": [8, 9.5, -2]},
			"faces": {
				"north": {"uv": [5, 0, 7, 1], "texture": "#3"},
				"east": {"uv": [5, 0, 7, 1], "texture": "#3"},
				"south": {"uv": [5, 0, 7, 1], "texture": "#3"},
				"west": {"uv": [5, 0, 7, 1], "texture": "#3"},
				"up": {"uv": [5, 0, 7, 1], "texture": "#3"},
				"down": {"uv": [5, 0, 7, 1], "texture": "#3"}
			}
		},
		{
			"from": [7.31263, 8.7222, -1.66754],
			"to": [8.81263, 10.2222, -1.41754],
			"faces": {
				"north": {"uv": [1, 1, 2, 2], "texture": "#8"},
				"east": {"uv": [0, 1, 1, 2], "texture": "#8"},
				"south": {"uv": [3, 1, 4, 2], "texture": "#8"},
				"west": {"uv": [2, 1, 3, 2], "texture": "#8"},
				"up": {"uv": [2, 1, 1, 0], "texture": "#8"},
				"down": {"uv": [3, 0, 2, 1], "texture": "#8"}
			}
		},
		{
			"name": "hexadecagon",
			"from": [1.40326, 5, -0.5],
			"to": [2.59674, 11, 0.5],
			"rotation": {"angle": 45, "axis": "z", "origin": [2, 8, 0]},
			"faces": {
				"north": {"uv": [4.599, 0.068, 0, 4.49], "texture": "#5"},
				"east": {"uv": [4.599, 0.068, 0, 4.49], "texture": "#5"},
				"south": {"uv": [4.599, 0.068, 0, 4.49], "texture": "#5"},
				"west": {"uv": [4.599, 0.068, 0, 4.49], "texture": "#5"},
				"up": {"uv": [4.599, 0.068, 0, 4.49], "texture": "#5"},
				"down": {"uv": [4.599, 0.068, 0, 4.49], "texture": "#5"}
			}
		},
		{
			"name": "hexadecagon",
			"from": [1.40326, 5, -0.5],
			"to": [2.59674, 11, 0.5],
			"rotation": {"angle": 22.5, "axis": "z", "origin": [2, 8, 0]},
			"faces": {
				"north": {"uv": [2.967, 0.068, 0, 10.961], "texture": "#5"},
				"east": {"uv": [2.967, 0.068, 0, 10.961], "texture": "#5"},
				"south": {"uv": [2.967, 0.068, 0, 10.961], "texture": "#5"},
				"west": {"uv": [2.967, 0.068, 0, 10.961], "texture": "#5"},
				"up": {"uv": [4.599, 0.068, 0, 4.49], "texture": "#5"},
				"down": {"uv": [4.599, 0.068, 0, 4.49], "texture": "#5"}
			}
		},
		{
			"name": "hexadecagon",
			"from": [1.40326, 5, -0.5],
			"to": [2.59674, 11, 0.5],
			"faces": {
				"north": {"uv": [4.599, 0.068, 0, 12.901], "texture": "#5"},
				"east": {"uv": [4.599, 0.068, 0, 12.901], "texture": "#5"},
				"south": {"uv": [4.599, 0.068, 0, 12.901], "texture": "#5"},
				"west": {"uv": [4.599, 0.068, 0, 12.901], "texture": "#5"},
				"up": {"uv": [4.599, 0.068, 0, 4.49], "texture": "#5"},
				"down": {"uv": [4.599, 0.068, 0, 4.49], "texture": "#5"}
			}
		},
		{
			"name": "hexadecagon",
			"from": [1.40326, 5, -0.5],
			"to": [2.59674, 11, 0.5],
			"rotation": {"angle": -22.5, "axis": "z", "origin": [2, 8, 0]},
			"faces": {
				"north": {"uv": [2.047, 0.068, 0, 11.504], "texture": "#5"},
				"east": {"uv": [2.047, 0.068, 0, 11.504], "texture": "#5"},
				"south": {"uv": [2.047, 0.068, 0, 11.504], "texture": "#5"},
				"west": {"uv": [2.047, 0.068, 0, 11.504], "texture": "#5"},
				"up": {"uv": [4.599, 0.068, 0, 4.49], "texture": "#5"},
				"down": {"uv": [4.599, 0.068, 0, 4.49], "texture": "#5"}
			}
		},
		{
			"name": "hexadecagon",
			"from": [1.40326, 5, -0.5],
			"to": [2.59674, 11, 0.5],
			"rotation": {"angle": -45, "axis": "z", "origin": [2, 8, 0]},
			"faces": {
				"north": {"uv": [2.86, 0.136, 0, 11.569], "texture": "#5"},
				"east": {"uv": [2.86, 0.136, 0, 11.569], "texture": "#5"},
				"south": {"uv": [2.86, 0.136, 0, 11.569], "texture": "#5"},
				"west": {"uv": [2.86, 0.136, 0, 11.569], "texture": "#5"},
				"up": {"uv": [4.599, 0.068, 0, 4.49], "texture": "#5"},
				"down": {"uv": [4.599, 0.068, 0, 4.49], "texture": "#5"}
			}
		},
		{
			"name": "hexadecagon",
			"from": [-1, 7.40326, -0.5],
			"to": [5, 8.59674, 0.5],
			"rotation": {"angle": 22.5, "axis": "z", "origin": [2, 8, 0]},
			"faces": {
				"north": {"uv": [7.795, 0, 0, 4.626], "texture": "#5"},
				"east": {"uv": [4.599, 0.068, 0, 4.49], "texture": "#5"},
				"south": {"uv": [7.795, 0, 0, 4.626], "texture": "#5"},
				"west": {"uv": [4.599, 0.068, 0, 4.49], "texture": "#5"},
				"up": {"uv": [7.795, 0, 0, 4.626], "texture": "#5"},
				"down": {"uv": [7.795, 0, 0, 4.626], "texture": "#5"}
			}
		},
		{
			"name": "hexadecagon",
			"from": [-1, 7.40326, -0.5],
			"to": [5, 8.59674, 0.5],
			"faces": {
				"north": {"uv": [14.981, 0.068, 0, 4.761], "texture": "#5"},
				"east": {"uv": [4.599, 0.068, 0, 4.49], "texture": "#5"},
				"south": {"uv": [14.981, 0.068, 0, 4.761], "texture": "#5"},
				"west": {"uv": [4.599, 0.068, 0, 4.49], "texture": "#5"},
				"up": {"uv": [14.981, 0.068, 0, 4.761], "texture": "#5"},
				"down": {"uv": [14.981, 0.068, 0, 4.761], "texture": "#5"}
			}
		},
		{
			"name": "hexadecagon",
			"from": [-1, 7.40326, -0.5],
			"to": [5, 8.59674, 0.5],
			"rotation": {"angle": -22.5, "axis": "z", "origin": [2, 8, 0]},
			"faces": {
				"north": {"uv": [14.948, 0.068, 0, 3.333], "texture": "#5"},
				"east": {"uv": [4.599, 0.068, 0, 4.49], "texture": "#5"},
				"south": {"uv": [14.948, 0.068, 0, 3.333], "texture": "#5"},
				"west": {"uv": [4.599, 0.068, 0, 4.49], "texture": "#5"},
				"up": {"uv": [14.948, 0.068, 0, 3.333], "texture": "#5"},
				"down": {"uv": [14.948, 0.068, 0, 3.333], "texture": "#5"}
			}
		},
		{
			"from": [0, 6, -0.55],
			"to": [4, 10, 0.55],
			"rotation": {"angle": 0, "axis": "y", "origin": [8, 15, 8]},
			"faces": {
				"north": {"uv": [0, 0, 12.306, 9.753], "texture": "#5"},
				"east": {"uv": [0, 0, 12.306, 9.753], "texture": "#5"},
				"south": {"uv": [0, 0, 12.306, 9.753], "texture": "#5"},
				"west": {"uv": [0, 0, 12.306, 9.753], "texture": "#5"},
				"up": {"uv": [0, 0, 12.306, 9.753], "texture": "#5"},
				"down": {"uv": [0, 0, 12.306, 9.753], "texture": "#5"}
			}
		},
		{
			"from": [12, 6, -0.55],
			"to": [16, 10, 0.55],
			"rotation": {"angle": 0, "axis": "y", "origin": [20, 15, 8]},
			"faces": {
				"north": {"uv": [0, 0, 12.306, 9.753], "texture": "#5"},
				"east": {"uv": [0, 0, 12.306, 9.753], "texture": "#5"},
				"south": {"uv": [0, 0, 12.306, 9.753], "texture": "#5"},
				"west": {"uv": [0, 0, 12.306, 9.753], "texture": "#5"},
				"up": {"uv": [0, 0, 12.306, 9.753], "texture": "#5"},
				"down": {"uv": [0, 0, 12.306, 9.753], "texture": "#5"}
			}
		}
	],
	"display": {
		"thirdperson_righthand": {
			"rotation": [0, 0, -180],
			"translation": [0, -0.25, 5.75],
			"scale": [0.66, 0.66, 0.67]
		},
		"thirdperson_lefthand": {
			"rotation": [0, 0, -180],
			"translation": [0, -0.25, 5.75],
			"scale": [0.66, 0.66, 0.67]
		},
		"firstperson_righthand": {
			"rotation": [0, -24, 0],
			"translation": [2.75, 0, 1.75]
		},
		"firstperson_lefthand": {
			"rotation": [0, -24, 0],
			"translation": [2.75, 0, 1.75]
		},
		"gui": {
			"rotation": [-180, 0, 0],
			"translation": [0.5, 0, 0],
			"scale": [0.83, 0.83, 1]
		},
		"head": {
			"translation": [0, 6.75, 1.25]
		},
		"fixed": {
			"rotation": [0, 0, -180],
			"translation": [0, 0, 7.75]
		}
	},
	"groups": [
		{
			"name": "hexadecagon",
			"origin": [8, 8, 8],
			"children": [0, 1, 2, 3, 4, 5, 6, 7]
		},
		{
			"name": "group",
			"origin": [9.32684, 9.36455, 8.001],
			"children": [8, 9, 10, 11, 12, 13, 14, 15]
		},
		{
			"name": "group",
			"origin": [9.32684, 9.36455, 8.001],
			"children": [16, 17, 18, 19, 20, 21, 22, 23]
		},
		{
			"name": "hexadecagon",
			"origin": [8, 8, 8],
			"children": [24, 25, 26, 27, 28, 29, 30, 31]
		}, 32,
		{
			"name": "hexadecagon",
			"origin": [8, 8, 8],
			"children": [33, 34, 35, 36, 37, 38, 39, 40]
		}, 41, 42]
}