{
	"credit": "Made with Blockbench by PanicAtTheJedi",
	"textures": {
		"0": "custom/paintbrushear",
		"1": "block/white_wool",
		"6": "block/brown_wool",
		"7": "block/oak_planks",
		"particle": "custom/paintbrushear"
	},
	"elements": [
		{
			"name": "hexadecagon",
			"from": [14.20435, 4, 7.5],
			"to": [15.79565, 12, 8.5],
			"rotation": {"angle": -45, "axis": "z", "origin": [15, 8, 8]},
			"faces": {
				"north": {"uv": [0, 0, 1, 1], "texture": "#missing"},
				"east": {"uv": [0, 0, 1, 1], "texture": "#1"},
				"south": {"uv": [0, 0, 1, 1], "texture": "#missing"},
				"west": {"uv": [0, 0, 1, 1], "texture": "#1"},
				"up": {"uv": [0, 0, 1, 1], "texture": "#1"},
				"down": {"uv": [0, 0, 1, 1], "texture": "#1"}
			}
		},
		{
			"name": "hexadecagon",
			"from": [14.20435, 4, 7.5],
			"to": [15.79565, 12, 8.5],
			"rotation": {"angle": -22.5, "axis": "z", "origin": [15, 8, 8]},
			"faces": {
				"north": {"uv": [0, 0, 1, 1], "texture": "#missing"},
				"east": {"uv": [0, 0, 1, 1], "texture": "#1"},
				"south": {"uv": [0, 0, 1, 1], "texture": "#missing"},
				"west": {"uv": [0, 0, 1, 1], "texture": "#1"},
				"up": {"uv": [0, 0, 1, 1], "texture": "#1"},
				"down": {"uv": [0, 0, 1, 1], "texture": "#1"}
			}
		},
		{
			"name": "hexadecagon",
			"from": [14.20435, 4, 7.5],
			"to": [15.79565, 12, 8.5],
			"faces": {
				"north": {"uv": [0, 0, 1, 1], "texture": "#missing"},
				"east": {"uv": [0, 0, 1, 1], "texture": "#1"},
				"south": {"uv": [0, 0, 1, 1], "texture": "#missing"},
				"west": {"uv": [0, 0, 1, 1], "texture": "#1"},
				"up": {"uv": [0, 0, 1, 1], "texture": "#1"},
				"down": {"uv": [0, 0, 1, 1], "texture": "#1"}
			}
		},
		{
			"name": "hexadecagon",
			"from": [14.20435, 4, 7.5],
			"to": [15.79565, 12, 8.5],
			"rotation": {"angle": 22.5, "axis": "z", "origin": [15, 8, 8]},
			"faces": {
				"north": {"uv": [0, 0, 1, 1], "texture": "#missing"},
				"east": {"uv": [0, 0, 1, 1], "texture": "#1"},
				"south": {"uv": [0, 0, 1, 1], "texture": "#missing"},
				"west": {"uv": [0, 0, 1, 1], "texture": "#1"},
				"up": {"uv": [0, 0, 1, 1], "texture": "#1"},
				"down": {"uv": [0, 0, 1, 1], "texture": "#1"}
			}
		},
		{
			"name": "hexadecagon",
			"from": [14.20435, 4, 7.5],
			"to": [15.79565, 12, 8.5],
			"rotation": {"angle": 45, "axis": "z", "origin": [15, 8, 8]},
			"faces": {
				"north": {"uv": [0, 0, 1, 1], "texture": "#missing"},
				"east": {"uv": [0, 0, 1, 1], "texture": "#1"},
				"south": {"uv": [0, 0, 1, 1], "texture": "#missing"},
				"west": {"uv": [0, 0, 1, 1], "texture": "#1"},
				"up": {"uv": [0, 0, 1, 1], "texture": "#1"},
				"down": {"uv": [0, 0, 1, 1], "texture": "#1"}
			}
		},
		{
			"name": "hexadecagon",
			"from": [11, 7.20435, 7.5],
			"to": [19, 8.79565, 8.5],
			"rotation": {"angle": -22.5, "axis": "z", "origin": [15, 8, 8]},
			"faces": {
				"north": {"uv": [0, 0, 1, 1], "texture": "#missing"},
				"east": {"uv": [0, 0, 1, 1], "texture": "#1"},
				"south": {"uv": [0, 0, 1, 1], "texture": "#missing"},
				"west": {"uv": [0, 0, 1, 1], "texture": "#1"},
				"up": {"uv": [0, 0, 1, 1], "texture": "#1"},
				"down": {"uv": [0, 0, 1, 1], "texture": "#1"}
			}
		},
		{
			"name": "hexadecagon",
			"from": [11, 7.20435, 7.5],
			"to": [19, 8.79565, 8.5],
			"faces": {
				"north": {"uv": [0, 0, 1, 1], "texture": "#missing"},
				"east": {"uv": [0, 0, 1, 1], "texture": "#1"},
				"south": {"uv": [0, 0, 1, 1], "texture": "#missing"},
				"west": {"uv": [0, 0, 1, 1], "texture": "#1"},
				"up": {"uv": [0, 0, 1, 1], "texture": "#1"},
				"down": {"uv": [0, 0, 1, 1], "texture": "#1"}
			}
		},
		{
			"name": "hexadecagon",
			"from": [11, 7.20435, 7.5],
			"to": [19, 8.79565, 8.5],
			"rotation": {"angle": 22.5, "axis": "z", "origin": [15, 8, 8]},
			"faces": {
				"north": {"uv": [0, 0, 1, 1], "texture": "#missing"},
				"east": {"uv": [0, 0, 1, 1], "texture": "#1"},
				"south": {"uv": [0, 0, 1, 1], "texture": "#missing"},
				"west": {"uv": [0, 0, 1, 1], "texture": "#1"},
				"up": {"uv": [0, 0, 1, 1], "texture": "#1"},
				"down": {"uv": [0, 0, 1, 1], "texture": "#1"}
			}
		},
		{
			"name": "hexadecagon",
			"from": [10.95435, 4, 7.44],
			"to": [19.04565, 12, 7.44],
			"faces": {
				"north": {"uv": [0, 0, 15.952, 15.952], "texture": "#0"},
				"east": {"uv": [0, 0, 0, 0], "texture": "#1"},
				"west": {"uv": [0, 0, 0, 0], "texture": "#1"},
				"up": {"uv": [0, 0, 0, 0], "texture": "#1"},
				"down": {"uv": [0, 0, 0, 0], "texture": "#1"}
			}
		},
		{
			"name": "hexadecagon",
			"from": [10.95435, 4, 8.56],
			"to": [19.04565, 12, 8.56],
			"faces": {
				"east": {"uv": [0, 0, 0, 0], "texture": "#1"},
				"south": {"uv": [0, 0, 15.953, 15.953], "texture": "#0"},
				"west": {"uv": [0, 0, 0, 0], "texture": "#1"},
				"up": {"uv": [0, 0, 0, 0], "texture": "#1"},
				"down": {"uv": [0, 0, 0, 0], "texture": "#1"}
			}
		},
		{
			"name": "hexadecagon",
			"from": [0.20435, 4, 7.5],
			"to": [1.79565, 12, 8.5],
			"rotation": {"angle": -45, "axis": "z", "origin": [1, 8, 8]},
			"faces": {
				"north": {"uv": [0, 0, 1, 1], "texture": "#missing"},
				"east": {"uv": [0, 0, 1, 1], "texture": "#1"},
				"south": {"uv": [0, 0, 1, 1], "texture": "#missing"},
				"west": {"uv": [0, 0, 1, 1], "texture": "#1"},
				"up": {"uv": [0, 0, 1, 1], "texture": "#1"},
				"down": {"uv": [0, 0, 1, 1], "texture": "#1"}
			}
		},
		{
			"name": "hexadecagon",
			"from": [0.20435, 4, 7.5],
			"to": [1.79565, 12, 8.5],
			"rotation": {"angle": -22.5, "axis": "z", "origin": [1, 8, 8]},
			"faces": {
				"north": {"uv": [0, 0, 1, 1], "texture": "#missing"},
				"east": {"uv": [0, 0, 1, 1], "texture": "#1"},
				"south": {"uv": [0, 0, 1, 1], "texture": "#missing"},
				"west": {"uv": [0, 0, 1, 1], "texture": "#1"},
				"up": {"uv": [0, 0, 1, 1], "texture": "#1"},
				"down": {"uv": [0, 0, 1, 1], "texture": "#1"}
			}
		},
		{
			"name": "hexadecagon",
			"from": [0.20435, 4, 7.5],
			"to": [1.79565, 12, 8.5],
			"faces": {
				"north": {"uv": [0, 0, 1, 1], "texture": "#missing"},
				"east": {"uv": [0, 0, 1, 1], "texture": "#1"},
				"south": {"uv": [0, 0, 1, 1], "texture": "#missing"},
				"west": {"uv": [0, 0, 1, 1], "texture": "#1"},
				"up": {"uv": [0, 0, 1, 1], "texture": "#1"},
				"down": {"uv": [0, 0, 1, 1], "texture": "#1"}
			}
		},
		{
			"name": "hexadecagon",
			"from": [0.20435, 4, 7.5],
			"to": [1.79565, 12, 8.5],
			"rotation": {"angle": 22.5, "axis": "z", "origin": [1, 8, 8]},
			"faces": {
				"north": {"uv": [0, 0, 1, 1], "texture": "#missing"},
				"east": {"uv": [0, 0, 1, 1], "texture": "#1"},
				"south": {"uv": [0, 0, 1, 1], "texture": "#missing"},
				"west": {"uv": [0, 0, 1, 1], "texture": "#1"},
				"up": {"uv": [0, 0, 1, 1], "texture": "#1"},
				"down": {"uv": [0, 0, 1, 1], "texture": "#1"}
			}
		},
		{
			"name": "hexadecagon",
			"from": [0.20435, 4, 7.5],
			"to": [1.79565, 12, 8.5],
			"rotation": {"angle": 45, "axis": "z", "origin": [1, 8, 8]},
			"faces": {
				"north": {"uv": [0, 0, 1, 1], "texture": "#missing"},
				"east": {"uv": [0, 0, 1, 1], "texture": "#1"},
				"south": {"uv": [0, 0, 1, 1], "texture": "#missing"},
				"west": {"uv": [0, 0, 1, 1], "texture": "#1"},
				"up": {"uv": [0, 0, 1, 1], "texture": "#1"},
				"down": {"uv": [0, 0, 1, 1], "texture": "#1"}
			}
		},
		{
			"name": "hexadecagon",
			"from": [-3, 7.20435, 7.5],
			"to": [5, 8.79565, 8.5],
			"rotation": {"angle": -22.5, "axis": "z", "origin": [1, 8, 8]},
			"faces": {
				"north": {"uv": [0, 0, 1, 1], "texture": "#missing"},
				"east": {"uv": [0, 0, 1, 1], "texture": "#1"},
				"south": {"uv": [0, 0, 1, 1], "texture": "#missing"},
				"west": {"uv": [0, 0, 1, 1], "texture": "#1"},
				"up": {"uv": [0, 0, 1, 1], "texture": "#1"},
				"down": {"uv": [0, 0, 1, 1], "texture": "#1"}
			}
		},
		{
			"name": "hexadecagon",
			"from": [-3, 7.20435, 7.5],
			"to": [5, 8.79565, 8.5],
			"faces": {
				"north": {"uv": [0, 0, 1, 1], "texture": "#missing"},
				"east": {"uv": [0, 0, 1, 1], "texture": "#1"},
				"south": {"uv": [0, 0, 1, 1], "texture": "#missing"},
				"west": {"uv": [0, 0, 1, 1], "texture": "#1"},
				"up": {"uv": [0, 0, 1, 1], "texture": "#1"},
				"down": {"uv": [0, 0, 1, 1], "texture": "#1"}
			}
		},
		{
			"name": "hexadecagon",
			"from": [-3, 7.20435, 7.5],
			"to": [5, 8.79565, 8.5],
			"rotation": {"angle": 22.5, "axis": "z", "origin": [1, 8, 8]},
			"faces": {
				"north": {"uv": [0, 0, 1, 1], "texture": "#missing"},
				"east": {"uv": [0, 0, 1, 1], "texture": "#1"},
				"south": {"uv": [0, 0, 1, 1], "texture": "#missing"},
				"west": {"uv": [0, 0, 1, 1], "texture": "#1"},
				"up": {"uv": [0, 0, 1, 1], "texture": "#1"},
				"down": {"uv": [0, 0, 1, 1], "texture": "#1"}
			}
		},
		{
			"name": "hexadecagon",
			"from": [-3.04565, 4, 7.44],
			"to": [5.04565, 12, 7.44],
			"faces": {
				"north": {"uv": [0, 0, 15.952, 15.952], "texture": "#0"},
				"east": {"uv": [0, 0, 0, 0], "texture": "#1"},
				"west": {"uv": [0, 0, 0, 0], "texture": "#1"},
				"up": {"uv": [0, 0, 0, 0], "texture": "#1"},
				"down": {"uv": [0, 0, 0, 0], "texture": "#1"}
			}
		},
		{
			"name": "hexadecagon",
			"from": [-3.04565, 4, 8.56],
			"to": [5.04565, 12, 8.56],
			"faces": {
				"east": {"uv": [0, 0, 0, 0], "texture": "#1"},
				"south": {"uv": [0, 0, 15.953, 15.953], "texture": "#0"},
				"west": {"uv": [0, 0, 0, 0], "texture": "#1"},
				"up": {"uv": [0, 0, 0, 0], "texture": "#1"},
				"down": {"uv": [0, 0, 0, 0], "texture": "#1"}
			}
		},
		{
			"from": [2.25, 13.5, 6.5],
			"to": [15.25, 14.5, 7.5],
			"rotation": {"angle": 22.5, "axis": "z", "origin": [22.25, 7.5, 14.5]},
			"faces": {
				"north": {"uv": [0, 0, 16, 16], "rotation": 270, "texture": "#7"},
				"east": {"uv": [0, 0, 1, 1], "rotation": 90, "texture": "#7"},
				"south": {"uv": [0, 0, 1, 14], "rotation": 90, "texture": "#7"},
				"west": {"uv": [0, 0, 1, 1], "rotation": 90, "texture": "#7"},
				"up": {"uv": [0, 0, 1, 14], "rotation": 90, "texture": "#7"},
				"down": {"uv": [0, 0, 1, 14], "rotation": 90, "texture": "#7"}
			}
		},
		{
			"from": [2.25, 13.5, 5.5],
			"to": [15.25, 14.5, 6.5],
			"rotation": {"angle": 22.5, "axis": "z", "origin": [22.25, 7.5, 13.5]},
			"faces": {
				"north": {"uv": [0, 0, 16, 16], "rotation": 270, "texture": "#7"},
				"east": {"uv": [0, 0, 1, 1], "rotation": 90, "texture": "#7"},
				"south": {"uv": [0, 0, 1, 14], "rotation": 90, "texture": "#7"},
				"west": {"uv": [0, 0, 1, 1], "rotation": 90, "texture": "#7"},
				"up": {"uv": [0, 0, 1, 14], "rotation": 90, "texture": "#7"},
				"down": {"uv": [0, 0, 1, 14], "rotation": 90, "texture": "#7"}
			}
		},
		{
			"from": [2.25, 13.5, 6],
			"to": [14.75, 14.5, 7],
			"rotation": {"angle": 22.5, "axis": "z", "origin": [21.75, 7.5, 14]},
			"faces": {
				"north": {"uv": [0, 0, 16, 16], "rotation": 270, "texture": "#7"},
				"east": {"uv": [0, 0, 1, 1], "rotation": 90, "texture": "#7"},
				"south": {"uv": [0, 0, 1, 13.5], "rotation": 90, "texture": "#7"},
				"west": {"uv": [0, 0, 1, 1], "rotation": 90, "texture": "#7"},
				"up": {"uv": [0, 0, 1, 13.5], "rotation": 90, "texture": "#7"},
				"down": {"uv": [0, 0, 1, 13.5], "rotation": 90, "texture": "#7"}
			}
		},
		{
			"from": [2.25, 13.5, 6],
			"to": [15, 14.5, 7],
			"rotation": {"angle": 22.5, "axis": "z", "origin": [22.75, 7.5, 14]},
			"faces": {
				"north": {"uv": [0, 0, 16, 16], "rotation": 270, "texture": "#7"},
				"east": {"uv": [0, 0, 1, 1], "rotation": 90, "texture": "#7"},
				"south": {"uv": [0, 0, 1, 13.75], "rotation": 90, "texture": "#7"},
				"west": {"uv": [0, 0, 1, 1], "rotation": 90, "texture": "#7"},
				"up": {"uv": [0, 0, 1, 13.75], "rotation": 90, "texture": "#7"},
				"down": {"uv": [0, 0, 1, 13.75], "rotation": 90, "texture": "#7"}
			}
		},
		{
			"from": [13.35431, 10.36588, 5.72168],
			"to": [14.38263, 11.1442, 6.5],
			"rotation": {"angle": 0, "axis": "z", "origin": [19.83087, 4.91764, 11.94824]},
			"faces": {
				"north": {"uv": [0, 0, 16, 16], "rotation": 270, "texture": "#6"},
				"east": {"uv": [0, 0, 1, 1], "rotation": 90, "texture": "#6"},
				"south": {"uv": [0, 0, 1, 1], "rotation": 90, "texture": "#6"},
				"west": {"uv": [0, 0, 1, 1], "rotation": 90, "texture": "#6"},
				"up": {"uv": [0, 0, 1, 1], "rotation": 90, "texture": "#6"},
				"down": {"uv": [0, 0, 1, 1], "rotation": 90, "texture": "#6"}
			}
		},
		{
			"from": [13.35431, 10.36588, 6.5],
			"to": [14.38263, 11.1442, 7.27832],
			"rotation": {"angle": 0, "axis": "z", "origin": [19.83087, 4.91764, 12.72656]},
			"faces": {
				"north": {"uv": [0, 0, 16, 16], "rotation": 270, "texture": "#6"},
				"east": {"uv": [0, 0, 1, 1], "rotation": 90, "texture": "#6"},
				"south": {"uv": [0, 0, 1, 1], "rotation": 90, "texture": "#6"},
				"west": {"uv": [0, 0, 1, 1], "rotation": 90, "texture": "#6"},
				"up": {"uv": [0, 0, 1, 1], "rotation": 90, "texture": "#6"},
				"down": {"uv": [0, 0, 1, 1], "rotation": 90, "texture": "#6"}
			}
		},
		{
			"from": [19.28052, 13.17297, 5.72168],
			"to": [20.05884, 13.95129, 6.5],
			"rotation": {"angle": -45, "axis": "z", "origin": [13.83228, 19.39953, 11.94824]},
			"faces": {
				"north": {"uv": [0, 0, 16, 16], "texture": "#6"},
				"east": {"uv": [1, 0, 0, 1], "texture": "#6"},
				"south": {"uv": [1, 0, 0, 1], "texture": "#6"},
				"west": {"uv": [1, 0, 0, 1], "texture": "#6"},
				"up": {"uv": [1, 0, 0, 1], "texture": "#6"},
				"down": {"uv": [1, 0, 0, 1], "texture": "#6"}
			}
		},
		{
			"from": [19.28052, 13.17297, 6.5],
			"to": [20.05884, 13.95129, 7.27832],
			"rotation": {"angle": -45, "axis": "z", "origin": [13.83228, 19.39953, 12.72656]},
			"faces": {
				"north": {"uv": [0, 0, 16, 16], "texture": "#6"},
				"east": {"uv": [1, 0, 0, 1], "texture": "#6"},
				"south": {"uv": [1, 0, 0, 1], "texture": "#6"},
				"west": {"uv": [1, 0, 0, 1], "texture": "#6"},
				"up": {"uv": [1, 0, 0, 1], "texture": "#6"},
				"down": {"uv": [1, 0, 0, 1], "texture": "#6"}
			}
		},
		{
			"from": [15.99361, 13.1634, 5.72168],
			"to": [17.27193, 13.94172, 6.5],
			"rotation": {"angle": 22.5, "axis": "z", "origin": [22.22017, 7.71516, 11.94824]},
			"faces": {
				"north": {"uv": [0, 0, 16, 16], "rotation": 270, "texture": "#6"},
				"east": {"uv": [0, 0, 1, 1], "rotation": 90, "texture": "#6"},
				"south": {"uv": [0, 0, 1, 1], "rotation": 90, "texture": "#6"},
				"west": {"uv": [0, 0, 1, 1], "rotation": 90, "texture": "#6"},
				"up": {"uv": [0, 0, 1, 1], "rotation": 90, "texture": "#6"},
				"down": {"uv": [0, 0, 1, 1], "rotation": 90, "texture": "#6"}
			}
		},
		{
			"from": [15.74111, 13.52301, 5.72168],
			"to": [17.01943, 14.55133, 6.5],
			"rotation": {"angle": 22.5, "axis": "z", "origin": [21.96767, 8.32477, 11.94824]},
			"faces": {
				"north": {"uv": [0, 0, 16, 16], "rotation": 270, "texture": "#6"},
				"east": {"uv": [0, 0, 1, 1], "rotation": 90, "texture": "#6"},
				"south": {"uv": [0, 0, 1, 1], "rotation": 90, "texture": "#6"},
				"west": {"uv": [0, 0, 1, 1], "rotation": 90, "texture": "#6"},
				"up": {"uv": [0, 0, 1, 1], "rotation": 90, "texture": "#6"},
				"down": {"uv": [0, 0, 1, 1], "rotation": 90, "texture": "#6"}
			}
		},
		{
			"from": [15.74111, 13.52301, 6.5],
			"to": [17.01943, 14.55133, 7.27832],
			"rotation": {"angle": 22.5, "axis": "z", "origin": [21.96767, 8.32477, 12.72656]},
			"faces": {
				"north": {"uv": [0, 0, 16, 16], "rotation": 270, "texture": "#6"},
				"east": {"uv": [0, 0, 1, 1], "rotation": 90, "texture": "#6"},
				"south": {"uv": [0, 0, 1, 1], "rotation": 90, "texture": "#6"},
				"west": {"uv": [0, 0, 1, 1], "rotation": 90, "texture": "#6"},
				"up": {"uv": [0, 0, 1, 1], "rotation": 90, "texture": "#6"},
				"down": {"uv": [0, 0, 1, 1], "rotation": 90, "texture": "#6"}
			}
		},
		{
			"from": [15.99361, 13.1634, 6.5],
			"to": [17.27193, 13.94172, 7.27832],
			"rotation": {"angle": 22.5, "axis": "z", "origin": [22.22017, 7.71516, 12.72656]},
			"faces": {
				"north": {"uv": [0, 0, 16, 16], "rotation": 270, "texture": "#6"},
				"east": {"uv": [0, 0, 1, 1], "rotation": 90, "texture": "#6"},
				"south": {"uv": [0, 0, 1, 1], "rotation": 90, "texture": "#6"},
				"west": {"uv": [0, 0, 1, 1], "rotation": 90, "texture": "#6"},
				"up": {"uv": [0, 0, 1, 1], "rotation": 90, "texture": "#6"},
				"down": {"uv": [0, 0, 1, 1], "rotation": 90, "texture": "#6"}
			}
		},
		{
			"from": [17.59242, 5.17887, 6.5],
			"to": [18.37074, 7.20719, 7.27832],
			"rotation": {"angle": -45, "axis": "z", "origin": [23.81898, 11.40543, 12.72656]},
			"faces": {
				"north": {"uv": [0, 0, 16, 16], "texture": "#6"},
				"east": {"uv": [0, 0, 1, 1], "texture": "#6"},
				"south": {"uv": [0, 0, 1, 1], "texture": "#6"},
				"west": {"uv": [0, 0, 1, 1], "texture": "#6"},
				"up": {"uv": [0, 0, 1, 1], "texture": "#6"},
				"down": {"uv": [0, 0, 1, 1], "texture": "#6"}
			}
		},
		{
			"from": [17.59242, 5.17887, 5.72168],
			"to": [18.37074, 7.20719, 6.5],
			"rotation": {"angle": -45, "axis": "z", "origin": [23.81898, 11.40543, 11.94824]},
			"faces": {
				"north": {"uv": [0, 0, 16, 16], "texture": "#6"},
				"east": {"uv": [0, 0, 1, 1], "texture": "#6"},
				"south": {"uv": [0, 0, 1, 1], "texture": "#6"},
				"west": {"uv": [0, 0, 1, 1], "texture": "#6"},
				"up": {"uv": [0, 0, 1, 1], "texture": "#6"},
				"down": {"uv": [0, 0, 1, 1], "texture": "#6"}
			}
		},
		{
			"from": [15.01329, 11.43375, 5.72168],
			"to": [16.04161, 12.21207, 6.5],
			"rotation": {"angle": 0, "axis": "z", "origin": [21.23985, 17.66031, 11.94824]},
			"faces": {
				"north": {"uv": [0, 0, 16, 16], "rotation": 270, "texture": "#6"},
				"east": {"uv": [1, 0, 0, 1], "rotation": 90, "texture": "#6"},
				"south": {"uv": [1, 0, 0, 1], "rotation": 90, "texture": "#6"},
				"west": {"uv": [1, 0, 0, 1], "rotation": 90, "texture": "#6"},
				"up": {"uv": [1, 0, 0, 1], "rotation": 90, "texture": "#6"},
				"down": {"uv": [1, 0, 0, 1], "rotation": 90, "texture": "#6"}
			}
		},
		{
			"from": [15.01329, 11.68375, 6.5],
			"to": [16.29161, 12.21207, 7.27832],
			"rotation": {"angle": 0, "axis": "z", "origin": [21.23985, 17.66031, 12.72656]},
			"faces": {
				"north": {"uv": [0, 0, 16, 16], "rotation": 270, "texture": "#6"},
				"east": {"uv": [1, 0, 0, 1], "rotation": 90, "texture": "#6"},
				"south": {"uv": [1, 0, 0, 1], "rotation": 90, "texture": "#6"},
				"west": {"uv": [1, 0, 0, 1], "rotation": 90, "texture": "#6"},
				"up": {"uv": [1, 0, 0, 1], "rotation": 90, "texture": "#6"},
				"down": {"uv": [1, 0, 0, 1], "rotation": 90, "texture": "#6"}
			}
		},
		{
			"from": [14.97168, 13.1748, 5.72168],
			"to": [15.75, 13.95312, 6.5],
			"rotation": {"angle": 22.5, "axis": "z", "origin": [21.19824, 7.72656, 11.94824]},
			"faces": {
				"north": {"uv": [0, 0, 16, 16], "rotation": 270, "texture": "#6"},
				"east": {"uv": [0, 0, 1, 1], "rotation": 90, "texture": "#6"},
				"south": {"uv": [0, 0, 1, 1], "rotation": 90, "texture": "#6"},
				"west": {"uv": [0, 0, 1, 1], "rotation": 90, "texture": "#6"},
				"up": {"uv": [0, 0, 1, 1], "rotation": 90, "texture": "#6"},
				"down": {"uv": [0, 0, 1, 1], "rotation": 90, "texture": "#6"}
			}
		},
		{
			"from": [14.97168, 13.1748, 6.5],
			"to": [15.75, 13.95312, 7.27832],
			"rotation": {"angle": 22.5, "axis": "z", "origin": [21.19824, 7.72656, 12.72656]},
			"faces": {
				"north": {"uv": [0, 0, 16, 16], "rotation": 270, "texture": "#6"},
				"east": {"uv": [0, 0, 1, 1], "rotation": 90, "texture": "#6"},
				"south": {"uv": [0, 0, 1, 1], "rotation": 90, "texture": "#6"},
				"west": {"uv": [0, 0, 1, 1], "rotation": 90, "texture": "#6"},
				"up": {"uv": [0, 0, 1, 1], "rotation": 90, "texture": "#6"},
				"down": {"uv": [0, 0, 1, 1], "rotation": 90, "texture": "#6"}
			}
		},
		{
			"from": [0.75, 13.25, 6.5],
			"to": [13.75, 14.25, 6.5],
			"rotation": {"angle": -22.5, "axis": "z", "origin": [-6.25, 7.25, 14.5]},
			"faces": {
				"north": {"uv": [0, 16, 16, 0], "rotation": 270, "texture": "#7"},
				"east": {"uv": [0, 1, 1, 0], "rotation": 90, "texture": "#7"},
				"south": {"uv": [0, 14, 1, 0], "rotation": 90, "texture": "#7"},
				"west": {"uv": [0, 1, 1, 0], "rotation": 90, "texture": "#7"},
				"up": {"uv": [0, 14, 1, 0], "rotation": 90, "texture": "#7"},
				"down": {"uv": [0, 14, 1, 0], "rotation": 90, "texture": "#7"}
			}
		},
		{
			"from": [0.75, 13.25, 5.5],
			"to": [13.75, 14.25, 6.5],
			"rotation": {"angle": -22.5, "axis": "z", "origin": [-6.25, 7.25, 13.5]},
			"faces": {
				"north": {"uv": [0, 16, 16, 0], "rotation": 270, "texture": "#7"},
				"east": {"uv": [0, 1, 1, 0], "rotation": 90, "texture": "#7"},
				"south": {"uv": [0, 14, 1, 0], "rotation": 90, "texture": "#7"},
				"west": {"uv": [0, 1, 1, 0], "rotation": 90, "texture": "#7"},
				"up": {"uv": [0, 14, 1, 0], "rotation": 90, "texture": "#7"},
				"down": {"uv": [0, 14, 1, 0], "rotation": 90, "texture": "#7"}
			}
		},
		{
			"from": [1.25, 13.25, 6],
			"to": [13.75, 14.25, 6],
			"rotation": {"angle": -22.5, "axis": "z", "origin": [-5.75, 7.25, 14]},
			"faces": {
				"north": {"uv": [0, 16, 16, 0], "rotation": 270, "texture": "#7"},
				"east": {"uv": [0, 1, 1, 0], "rotation": 90, "texture": "#7"},
				"south": {"uv": [0, 13.5, 1, 0], "rotation": 90, "texture": "#7"},
				"west": {"uv": [0, 1, 1, 0], "rotation": 90, "texture": "#7"},
				"up": {"uv": [0, 13.5, 1, 0], "rotation": 90, "texture": "#7"},
				"down": {"uv": [0, 13.5, 1, 0], "rotation": 90, "texture": "#7"}
			}
		},
		{
			"from": [1, 13.25, 6],
			"to": [13.75, 14.25, 6],
			"rotation": {"angle": -22.5, "axis": "z", "origin": [-6.75, 7.25, 14]},
			"faces": {
				"north": {"uv": [0, 16, 16, 0], "rotation": 270, "texture": "#7"},
				"east": {"uv": [0, 1, 1, 0], "rotation": 90, "texture": "#7"},
				"south": {"uv": [0, 13.75, 1, 0], "rotation": 90, "texture": "#7"},
				"west": {"uv": [0, 1, 1, 0], "rotation": 90, "texture": "#7"},
				"up": {"uv": [0, 13.75, 1, 0], "rotation": 90, "texture": "#7"},
				"down": {"uv": [0, 13.75, 1, 0], "rotation": 90, "texture": "#7"}
			}
		},
		{
			"from": [1.61737, 10.11588, 5.72168],
			"to": [2.64569, 10.8942, 6.5],
			"rotation": {"angle": 0, "axis": "z", "origin": [-3.83087, 4.66764, 11.94824]},
			"faces": {
				"north": {"uv": [0, 16, 16, 0], "rotation": 270, "texture": "#6"},
				"east": {"uv": [0, 1, 1, 0], "rotation": 90, "texture": "#6"},
				"south": {"uv": [0, 1, 1, 0], "rotation": 90, "texture": "#6"},
				"west": {"uv": [0, 1, 1, 0], "rotation": 90, "texture": "#6"},
				"up": {"uv": [0, 1, 1, 0], "rotation": 90, "texture": "#6"},
				"down": {"uv": [0, 1, 1, 0], "rotation": 90, "texture": "#6"}
			}
		},
		{
			"from": [1.61737, 10.11588, 6.5],
			"to": [2.64569, 10.8942, 7.27832],
			"rotation": {"angle": 0, "axis": "z", "origin": [-3.83087, 4.66764, 12.72656]},
			"faces": {
				"north": {"uv": [0, 16, 16, 0], "rotation": 270, "texture": "#6"},
				"east": {"uv": [0, 1, 1, 0], "rotation": 90, "texture": "#6"},
				"south": {"uv": [0, 1, 1, 0], "rotation": 90, "texture": "#6"},
				"west": {"uv": [0, 1, 1, 0], "rotation": 90, "texture": "#6"},
				"up": {"uv": [0, 1, 1, 0], "rotation": 90, "texture": "#6"},
				"down": {"uv": [0, 1, 1, 0], "rotation": 90, "texture": "#6"}
			}
		},
		{
			"from": [-4.05884, 12.92297, 5.72168],
			"to": [-3.28052, 13.70129, 6.5],
			"rotation": {"angle": 45, "axis": "z", "origin": [2.16772, 19.14953, 11.94824]},
			"faces": {
				"north": {"uv": [16, 0, 0, 16], "texture": "#6"},
				"east": {"uv": [0, 0, 1, 1], "texture": "#6"},
				"south": {"uv": [0, 0, 1, 1], "texture": "#6"},
				"west": {"uv": [0, 0, 1, 1], "texture": "#6"},
				"up": {"uv": [0, 0, 1, 1], "texture": "#6"},
				"down": {"uv": [0, 0, 1, 1], "texture": "#6"}
			}
		},
		{
			"from": [-4.05884, 12.92297, 6.5],
			"to": [-3.28052, 13.70129, 7.27832],
			"rotation": {"angle": 45, "axis": "z", "origin": [2.16772, 19.14953, 12.72656]},
			"faces": {
				"north": {"uv": [16, 0, 0, 16], "texture": "#6"},
				"east": {"uv": [0, 0, 1, 1], "texture": "#6"},
				"south": {"uv": [0, 0, 1, 1], "texture": "#6"},
				"west": {"uv": [0, 0, 1, 1], "texture": "#6"},
				"up": {"uv": [0, 0, 1, 1], "texture": "#6"},
				"down": {"uv": [0, 0, 1, 1], "texture": "#6"}
			}
		},
		{
			"from": [-1.27193, 12.9134, 5.72168],
			"to": [0.00639, 13.69172, 6.5],
			"rotation": {"angle": -22.5, "axis": "z", "origin": [-6.22017, 7.46516, 11.94824]},
			"faces": {
				"north": {"uv": [0, 16, 16, 0], "rotation": 270, "texture": "#6"},
				"east": {"uv": [0, 1, 1, 0], "rotation": 90, "texture": "#6"},
				"south": {"uv": [0, 1, 1, 0], "rotation": 90, "texture": "#6"},
				"west": {"uv": [0, 1, 1, 0], "rotation": 90, "texture": "#6"},
				"up": {"uv": [0, 1, 1, 0], "rotation": 90, "texture": "#6"},
				"down": {"uv": [0, 1, 1, 0], "rotation": 90, "texture": "#6"}
			}
		},
		{
			"from": [-1.01943, 13.27301, 5.72168],
			"to": [0.25889, 14.30133, 6.5],
			"rotation": {"angle": -22.5, "axis": "z", "origin": [-5.96767, 8.07477, 11.94824]},
			"faces": {
				"north": {"uv": [0, 16, 16, 0], "rotation": 270, "texture": "#6"},
				"east": {"uv": [0, 1, 1, 0], "rotation": 90, "texture": "#6"},
				"south": {"uv": [0, 1, 1, 0], "rotation": 90, "texture": "#6"},
				"west": {"uv": [0, 1, 1, 0], "rotation": 90, "texture": "#6"},
				"up": {"uv": [0, 1, 1, 0], "rotation": 90, "texture": "#6"},
				"down": {"uv": [0, 1, 1, 0], "rotation": 90, "texture": "#6"}
			}
		},
		{
			"from": [-1.01943, 13.27301, 6.5],
			"to": [0.25889, 14.30133, 7.27832],
			"rotation": {"angle": -22.5, "axis": "z", "origin": [-5.96767, 8.07477, 12.72656]},
			"faces": {
				"north": {"uv": [0, 16, 16, 0], "rotation": 270, "texture": "#6"},
				"east": {"uv": [0, 1, 1, 0], "rotation": 90, "texture": "#6"},
				"south": {"uv": [0, 1, 1, 0], "rotation": 90, "texture": "#6"},
				"west": {"uv": [0, 1, 1, 0], "rotation": 90, "texture": "#6"},
				"up": {"uv": [0, 1, 1, 0], "rotation": 90, "texture": "#6"},
				"down": {"uv": [0, 1, 1, 0], "rotation": 90, "texture": "#6"}
			}
		},
		{
			"from": [-1.27193, 12.9134, 6.5],
			"to": [0.00639, 13.69172, 7.27832],
			"rotation": {"angle": -22.5, "axis": "z", "origin": [-6.22017, 7.46516, 12.72656]},
			"faces": {
				"north": {"uv": [0, 16, 16, 0], "rotation": 270, "texture": "#6"},
				"east": {"uv": [0, 1, 1, 0], "rotation": 90, "texture": "#6"},
				"south": {"uv": [0, 1, 1, 0], "rotation": 90, "texture": "#6"},
				"west": {"uv": [0, 1, 1, 0], "rotation": 90, "texture": "#6"},
				"up": {"uv": [0, 1, 1, 0], "rotation": 90, "texture": "#6"},
				"down": {"uv": [0, 1, 1, 0], "rotation": 90, "texture": "#6"}
			}
		},
		{
			"from": [-2.37074, 4.92887, 6.5],
			"to": [-1.59242, 6.95719, 7.27832],
			"rotation": {"angle": 45, "axis": "z", "origin": [-7.81898, 11.15543, 12.72656]},
			"faces": {
				"north": {"uv": [16, 0, 0, 16], "texture": "#6"},
				"east": {"uv": [1, 0, 0, 1], "texture": "#6"},
				"south": {"uv": [1, 0, 0, 1], "texture": "#6"},
				"west": {"uv": [1, 0, 0, 1], "texture": "#6"},
				"up": {"uv": [1, 0, 0, 1], "texture": "#6"},
				"down": {"uv": [1, 0, 0, 1], "texture": "#6"}
			}
		},
		{
			"from": [-2.37074, 4.92887, 5.72168],
			"to": [-1.59242, 6.95719, 6.5],
			"rotation": {"angle": 45, "axis": "z", "origin": [-7.81898, 11.15543, 11.94824]},
			"faces": {
				"north": {"uv": [16, 0, 0, 16], "texture": "#6"},
				"east": {"uv": [1, 0, 0, 1], "texture": "#6"},
				"south": {"uv": [1, 0, 0, 1], "texture": "#6"},
				"west": {"uv": [1, 0, 0, 1], "texture": "#6"},
				"up": {"uv": [1, 0, 0, 1], "texture": "#6"},
				"down": {"uv": [1, 0, 0, 1], "texture": "#6"}
			}
		},
		{
			"from": [-0.04161, 11.18375, 5.72168],
			"to": [0.98671, 11.96207, 6.5],
			"rotation": {"angle": 0, "axis": "z", "origin": [-5.23985, 17.41031, 11.94824]},
			"faces": {
				"north": {"uv": [0, 16, 16, 0], "rotation": 270, "texture": "#6"},
				"east": {"uv": [1, 1, 0, 0], "rotation": 90, "texture": "#6"},
				"south": {"uv": [1, 1, 0, 0], "rotation": 90, "texture": "#6"},
				"west": {"uv": [1, 1, 0, 0], "rotation": 90, "texture": "#6"},
				"up": {"uv": [1, 1, 0, 0], "rotation": 90, "texture": "#6"},
				"down": {"uv": [1, 1, 0, 0], "rotation": 90, "texture": "#6"}
			}
		},
		{
			"from": [-0.29161, 11.43375, 6.5],
			"to": [0.98671, 11.96207, 7.27832],
			"rotation": {"angle": 0, "axis": "z", "origin": [-5.23985, 17.41031, 12.72656]},
			"faces": {
				"north": {"uv": [0, 16, 16, 0], "rotation": 270, "texture": "#6"},
				"east": {"uv": [1, 1, 0, 0], "rotation": 90, "texture": "#6"},
				"south": {"uv": [1, 1, 0, 0], "rotation": 90, "texture": "#6"},
				"west": {"uv": [1, 1, 0, 0], "rotation": 90, "texture": "#6"},
				"up": {"uv": [1, 1, 0, 0], "rotation": 90, "texture": "#6"},
				"down": {"uv": [1, 1, 0, 0], "rotation": 90, "texture": "#6"}
			}
		},
		{
			"from": [0.25, 12.9248, 5.72168],
			"to": [1.02832, 13.70312, 6.5],
			"rotation": {"angle": -22.5, "axis": "z", "origin": [-5.19824, 7.47656, 11.94824]},
			"faces": {
				"north": {"uv": [0, 16, 16, 0], "rotation": 270, "texture": "#6"},
				"east": {"uv": [0, 1, 1, 0], "rotation": 90, "texture": "#6"},
				"south": {"uv": [0, 1, 1, 0], "rotation": 90, "texture": "#6"},
				"west": {"uv": [0, 1, 1, 0], "rotation": 90, "texture": "#6"},
				"up": {"uv": [0, 1, 1, 0], "rotation": 90, "texture": "#6"},
				"down": {"uv": [0, 1, 1, 0], "rotation": 90, "texture": "#6"}
			}
		},
		{
			"from": [0.25, 12.9248, 6.5],
			"to": [1.02832, 13.70312, 7.27832],
			"rotation": {"angle": -22.5, "axis": "z", "origin": [-5.19824, 7.47656, 12.72656]},
			"faces": {
				"north": {"uv": [0, 16, 16, 0], "rotation": 270, "texture": "#6"},
				"east": {"uv": [0, 1, 1, 0], "rotation": 90, "texture": "#6"},
				"south": {"uv": [0, 1, 1, 0], "rotation": 90, "texture": "#6"},
				"west": {"uv": [0, 1, 1, 0], "rotation": 90, "texture": "#6"},
				"up": {"uv": [0, 1, 1, 0], "rotation": 90, "texture": "#6"},
				"down": {"uv": [0, 1, 1, 0], "rotation": 90, "texture": "#6"}
			}
		}
	],
	"display": {
		"thirdperson_righthand": {
			"scale": [0.68, 0.66, 0.68]
		},
		"thirdperson_lefthand": {
			"scale": [0.68, 0.66, 0.68]
		},
		"gui": {
			"rotation": [0, -180, 0],
			"scale": [0.73, 0.73, 0.73]
		},
		"head": {
			"translation": [0, 8.5, -3.5]
		}
	},
	"groups": [
		{
			"name": "hexadecagon",
			"origin": [8, 8, 8],
			"children": [0, 1, 2, 3, 4, 5, 6, 7, 8, 9]
		},
		{
			"name": "hexadecagon",
			"origin": [8, 8, 8],
			"children": [10, 11, 12, 13, 14, 15, 16, 17, 18, 19]
		},
		{
			"name": "Paintbrush",
			"origin": [8, 8, 8],
			"children": [20, 21, 22, 23, 24, 25, 26, 27, 28, 29, 30, 31, 32, 33, 34, 35, 36, 37]
		},
		{
			"name": "Paintbrush",
			"origin": [8, 8, 8],
			"children": [38, 39, 40, 41, 42, 43, 44, 45, 46, 47, 48, 49, 50, 51, 52, 53, 54, 55]
		}
	]
}
