{
	"credit": "Made with Blockbench",
	"textures": {
		"0": "block/white_wool",
		"1": "custom/rainbow",
		"particle": "block/white_wool"
	},
	"elements": [
		{
			"from": [11.5, 9.5, 2.1],
			"to": [12, 10, 8],
			"rotation": {"angle": 0, "axis": "y", "origin": [2.5, 0, 0]},
			"faces": {
				"north": {"uv": [0, 0, 16, 16], "texture": "#0"},
				"east": {"uv": [0, 0, 16, 16], "texture": "#0"},
				"south": {"uv": [0, 0, 16, 16], "texture": "#0"},
				"west": {"uv": [0, 0, 16, 16], "texture": "#0"},
				"up": {"uv": [0, 0, 16, 16], "texture": "#0"},
				"down": {"uv": [0, 0, 16, 16], "texture": "#0"}
			}
		},
		{
			"from": [3, 9.5, 2.1],
			"to": [3.5, 10, 8],
			"rotation": {"angle": 0, "axis": "y", "origin": [-6, 0, 0]},
			"faces": {
				"north": {"uv": [0, 0, 16, 16], "texture": "#0"},
				"east": {"uv": [0, 0, 16, 16], "texture": "#0"},
				"south": {"uv": [0, 0, 16, 16], "texture": "#0"},
				"west": {"uv": [0, 0, 16, 16], "texture": "#0"},
				"up": {"uv": [0, 0, 16, 16], "texture": "#0"},
				"down": {"uv": [0, 0, 16, 16], "texture": "#0"}
			}
		},
		{
			"from": [11.5, 9.65016, 5.2451],
			"to": [12, 10.15016, 8.2451],
			"rotation": {"angle": 22.5, "axis": "x", "origin": [2.5, 3.15016, 6.2451]},
			"faces": {
				"north": {"uv": [0, 0, 16, 16], "texture": "#0"},
				"east": {"uv": [0, 0, 16, 16], "texture": "#0"},
				"south": {"uv": [0, 0, 16, 16], "texture": "#0"},
				"west": {"uv": [0, 0, 16, 16], "texture": "#0"},
				"up": {"uv": [0, 0, 16, 16], "texture": "#0"},
				"down": {"uv": [0, 0, 16, 16], "texture": "#0"}
			}
		},
		{
			"from": [3, 9.65016, 5.2451],
			"to": [3.5, 10.15016, 8.2451],
			"rotation": {"angle": 22.5, "axis": "x", "origin": [-6, 3.15016, 6.2451]},
			"faces": {
				"north": {"uv": [0, 0, 16, 16], "texture": "#0"},
				"east": {"uv": [0, 0, 16, 16], "texture": "#0"},
				"south": {"uv": [0, 0, 16, 16], "texture": "#0"},
				"west": {"uv": [0, 0, 16, 16], "texture": "#0"},
				"up": {"uv": [0, 0, 16, 16], "texture": "#0"},
				"down": {"uv": [0, 0, 16, 16], "texture": "#0"}
			}
		},
		{
			"from": [11.5, 5.24929, 11.18717],
			"to": [12, 6.24929, 11.68717],
			"rotation": {"angle": -22.5, "axis": "x", "origin": [2.5, 5.24929, 4.68717]},
			"faces": {
				"north": {"uv": [0, 0, 16, 16], "rotation": 180, "texture": "#0"},
				"east": {"uv": [0, 0, 16, 16], "rotation": 180, "texture": "#0"},
				"south": {"uv": [0, 0, 16, 16], "rotation": 180, "texture": "#0"},
				"west": {"uv": [0, 0, 16, 16], "rotation": 180, "texture": "#0"},
				"up": {"uv": [0, 0, 16, 16], "rotation": 180, "texture": "#0"},
				"down": {"uv": [0, 0, 16, 16], "rotation": 180, "texture": "#0"}
			}
		},
		{
			"from": [3, 5.24929, 11.18717],
			"to": [3.5, 6.24929, 11.68717],
			"rotation": {"angle": -22.5, "axis": "x", "origin": [-6, 5.24929, 4.68717]},
			"faces": {
				"north": {"uv": [0, 0, 16, 16], "rotation": 180, "texture": "#0"},
				"east": {"uv": [0, 0, 16, 16], "rotation": 180, "texture": "#0"},
				"south": {"uv": [0, 0, 16, 16], "rotation": 180, "texture": "#0"},
				"west": {"uv": [0, 0, 16, 16], "rotation": 180, "texture": "#0"},
				"up": {"uv": [0, 0, 16, 16], "rotation": 180, "texture": "#0"},
				"down": {"uv": [0, 0, 16, 16], "rotation": 180, "texture": "#0"}
			}
		},
		{
			"name": "hexadecagon",
			"from": [4.63201, 11.10218, 1.9],
			"to": [5.42766, 11.40218, 2.1],
			"rotation": {"angle": -45, "axis": "z", "origin": [5.02983, 9.60218, 1.9]},
			"faces": {
				"north": {"uv": [0, 0, 16, 2], "texture": "#1"},
				"east": {"uv": [0, 0, 1, 1], "texture": "#1"},
				"south": {"uv": [0, 0, 1, 1], "texture": "#1"},
				"west": {"uv": [0, 0, 1, 1], "texture": "#1"},
				"up": {"uv": [0, 0, 1, 1], "texture": "#1"},
				"down": {"uv": [0, 0, 1, 1], "texture": "#1"}
			}
		},
		{
			"name": "hexadecagon",
			"from": [9.57234, 11.10218, 1.9],
			"to": [10.36799, 11.40218, 2.1],
			"rotation": {"angle": 45, "axis": "z", "origin": [9.97017, 9.60218, 1.9]},
			"faces": {
				"north": {"uv": [0, 0, 16, 2], "texture": "#1"},
				"east": {"uv": [1, 0, 0, 1], "texture": "#1"},
				"south": {"uv": [1, 0, 0, 1], "texture": "#1"},
				"west": {"uv": [1, 0, 0, 1], "texture": "#1"},
				"up": {"uv": [1, 0, 0, 1], "texture": "#1"},
				"down": {"uv": [1, 0, 0, 1], "texture": "#1"}
			}
		},
		{
			"name": "hexadecagon",
			"from": [3.62567, 10.85627, 1.9],
			"to": [6.02132, 11.15627, 2.1],
			"rotation": {"angle": 0, "axis": "z", "origin": [3.02349, 9.35627, 1.9]},
			"faces": {
				"north": {"uv": [0, 0, 16, 2], "texture": "#1"},
				"east": {"uv": [0, 0, 1, 1], "texture": "#1"},
				"south": {"uv": [0, 0, 1, 1], "texture": "#1"},
				"west": {"uv": [0, 0, 1, 1], "texture": "#1"},
				"up": {"uv": [0, 0, 1, 1], "texture": "#1"},
				"down": {"uv": [0, 0, 1, 1], "texture": "#1"}
			}
		},
		{
			"name": "hexadecagon",
			"from": [8.97868, 10.85627, 1.9],
			"to": [11.37433, 11.15627, 2.1],
			"rotation": {"angle": 0, "axis": "z", "origin": [11.97651, 9.35627, 1.9]},
			"faces": {
				"north": {"uv": [0, 0, 16, 2], "texture": "#1"},
				"east": {"uv": [1, 0, 0, 1], "texture": "#1"},
				"south": {"uv": [1, 0, 0, 1], "texture": "#1"},
				"west": {"uv": [1, 0, 0, 1], "texture": "#1"},
				"up": {"uv": [1, 0, 0, 1], "texture": "#1"},
				"down": {"uv": [1, 0, 0, 1], "texture": "#1"}
			}
		},
		{
			"name": "hexadecagon",
			"from": [6.17868, 10.65627, 2],
			"to": [8.87433, 10.95627, 2.1],
			"rotation": {"angle": 0, "axis": "z", "origin": [11.97651, 9.35627, 1.9]},
			"faces": {
				"north": {"uv": [0, 0, 16, 2], "texture": "#1"},
				"east": {"uv": [1, 0, 0, 1], "texture": "#1"},
				"south": {"uv": [1, 0, 0, 1], "texture": "#1"},
				"west": {"uv": [1, 0, 0, 1], "texture": "#1"},
				"up": {"uv": [1, 0, 0, 1], "texture": "#1"},
				"down": {"uv": [1, 0, 0, 1], "texture": "#1"}
			}
		},
		{
			"name": "hexadecagon",
			"from": [7.27868, 9.75627, 2],
			"to": [7.77433, 9.95627, 2.1],
			"rotation": {"angle": 0, "axis": "z", "origin": [11.97651, 9.35627, 1.9]},
			"faces": {
				"north": {"uv": [0, 4, 16, 6], "texture": "#1"},
				"east": {"uv": [0, 4, 16, 6], "texture": "#1"},
				"south": {"uv": [0, 4, 16, 6], "texture": "#1"},
				"west": {"uv": [0, 4, 16, 6], "texture": "#1"},
				"up": {"uv": [0, 4, 16, 6], "texture": "#1"},
				"down": {"uv": [0, 4, 16, 6], "texture": "#1"}
			}
		},
		{
			"name": "hexadecagon",
			"from": [6.69277, 11.41005, 2],
			"to": [7.18842, 11.61005, 2.1],
			"rotation": {"angle": 22.5, "axis": "z", "origin": [11.39059, 11.01005, 1.9]},
			"faces": {
				"north": {"uv": [0, 4, 16, 6], "texture": "#1"},
				"east": {"uv": [0, 4, 16, 6], "texture": "#1"},
				"south": {"uv": [0, 4, 16, 6], "texture": "#1"},
				"west": {"uv": [0, 4, 16, 6], "texture": "#1"},
				"up": {"uv": [0, 4, 16, 6], "texture": "#1"},
				"down": {"uv": [0, 4, 16, 6], "texture": "#1"}
			}
		},
		{
			"name": "hexadecagon",
			"from": [7.86459, 11.41005, 2],
			"to": [8.36024, 11.61005, 2.1],
			"rotation": {"angle": -22.5, "axis": "z", "origin": [3.66242, 11.01005, 1.9]},
			"faces": {
				"north": {"uv": [0, 4, 16, 6], "texture": "#1"},
				"east": {"uv": [0, 4, 16, 6], "texture": "#1"},
				"south": {"uv": [0, 4, 16, 6], "texture": "#1"},
				"west": {"uv": [0, 4, 16, 6], "texture": "#1"},
				"up": {"uv": [0, 4, 16, 6], "texture": "#1"},
				"down": {"uv": [0, 4, 16, 6], "texture": "#1"}
			}
		},
		{
			"name": "hexadecagon",
			"from": [3.32567, 10.45627, 2],
			"to": [6.32132, 10.65627, 2.1],
			"rotation": {"angle": 0, "axis": "z", "origin": [3.02349, 9.35627, 1.9]},
			"faces": {
				"north": {"uv": [0, 2, 16, 4], "texture": "#1"},
				"east": {"uv": [0, 2, 16, 4], "texture": "#1"},
				"south": {"uv": [0, 2, 16, 4], "texture": "#1"},
				"west": {"uv": [0, 2, 16, 4], "texture": "#1"},
				"up": {"uv": [0, 2, 16, 4], "texture": "#1"},
				"down": {"uv": [0, 2, 16, 4], "texture": "#1"}
			}
		},
		{
			"name": "hexadecagon",
			"from": [8.67868, 10.45627, 2],
			"to": [11.67433, 10.65627, 2.1],
			"rotation": {"angle": 0, "axis": "z", "origin": [11.97651, 9.35627, 1.9]},
			"faces": {
				"north": {"uv": [0, 2, 16, 4], "texture": "#1"},
				"east": {"uv": [0, 2, 16, 4], "texture": "#1"},
				"south": {"uv": [0, 2, 16, 4], "texture": "#1"},
				"west": {"uv": [0, 2, 16, 4], "texture": "#1"},
				"up": {"uv": [0, 2, 16, 4], "texture": "#1"},
				"down": {"uv": [0, 2, 16, 4], "texture": "#1"}
			}
		},
		{
			"name": "hexadecagon",
			"from": [3.02567, 9.85627, 2],
			"to": [6.62132, 10.05627, 2.1],
			"rotation": {"angle": 0, "axis": "z", "origin": [3.02349, 9.35627, 1.9]},
			"faces": {
				"north": {"uv": [0, 4, 16, 6], "texture": "#1"},
				"east": {"uv": [0, 4, 16, 6], "texture": "#1"},
				"south": {"uv": [0, 4, 16, 6], "texture": "#1"},
				"west": {"uv": [0, 4, 16, 6], "texture": "#1"},
				"up": {"uv": [0, 4, 16, 6], "texture": "#1"},
				"down": {"uv": [0, 4, 16, 6], "texture": "#1"}
			}
		},
		{
			"name": "hexadecagon",
			"from": [8.37868, 9.85627, 2],
			"to": [11.97433, 10.05627, 2.1],
			"rotation": {"angle": 0, "axis": "z", "origin": [11.97651, 9.35627, 1.9]},
			"faces": {
				"north": {"uv": [0, 4, 16, 6], "texture": "#1"},
				"east": {"uv": [0, 4, 16, 6], "texture": "#1"},
				"south": {"uv": [0, 4, 16, 6], "texture": "#1"},
				"west": {"uv": [0, 4, 16, 6], "texture": "#1"},
				"up": {"uv": [0, 4, 16, 6], "texture": "#1"},
				"down": {"uv": [0, 4, 16, 6], "texture": "#1"}
			}
		},
		{
			"name": "hexadecagon",
			"from": [4.21933, 11.10218, 1.9],
			"to": [5.01498, 11.40218, 2.1],
			"rotation": {"angle": 45, "axis": "z", "origin": [4.61716, 9.60218, 1.9]},
			"faces": {
				"north": {"uv": [0, 0, 16, 2], "texture": "#1"},
				"east": {"uv": [0, 0, 1, 1], "texture": "#1"},
				"south": {"uv": [0, 0, 1, 1], "texture": "#1"},
				"west": {"uv": [0, 0, 1, 1], "texture": "#1"},
				"up": {"uv": [0, 0, 1, 1], "texture": "#1"},
				"down": {"uv": [0, 0, 1, 1], "texture": "#1"}
			}
		},
		{
			"name": "hexadecagon",
			"from": [9.98502, 11.10218, 1.9],
			"to": [10.78067, 11.40218, 2.1],
			"rotation": {"angle": -45, "axis": "z", "origin": [10.38284, 9.60218, 1.9]},
			"faces": {
				"north": {"uv": [0, 0, 16, 2], "texture": "#1"},
				"east": {"uv": [1, 0, 0, 1], "texture": "#1"},
				"south": {"uv": [1, 0, 0, 1], "texture": "#1"},
				"west": {"uv": [1, 0, 0, 1], "texture": "#1"},
				"up": {"uv": [1, 0, 0, 1], "texture": "#1"},
				"down": {"uv": [1, 0, 0, 1], "texture": "#1"}
			}
		},
		{
			"name": "hexadecagon",
			"from": [2.7738, 9.13947, 1.9],
			"to": [3.0738, 9.93512, 2.1],
			"rotation": {"angle": -22.5, "axis": "z", "origin": [4.5738, 9.53729, 1.9]},
			"faces": {
				"north": {"uv": [0, 2, 16, 4], "texture": "#1"},
				"east": {"uv": [0, 2, 16, 4], "texture": "#1"},
				"south": {"uv": [0, 2, 16, 4], "texture": "#1"},
				"west": {"uv": [0, 2, 16, 4], "texture": "#1"},
				"up": {"uv": [0, 2, 16, 4], "texture": "#1"},
				"down": {"uv": [0, 2, 16, 4], "texture": "#1"}
			}
		},
		{
			"name": "hexadecagon",
			"from": [11.9262, 9.13947, 1.9],
			"to": [12.2262, 9.93512, 2.1],
			"rotation": {"angle": 22.5, "axis": "z", "origin": [10.4262, 9.53729, 1.9]},
			"faces": {
				"north": {"uv": [0, 2, 16, 4], "texture": "#1"},
				"east": {"uv": [0, 2, 16, 4], "texture": "#1"},
				"south": {"uv": [0, 2, 16, 4], "texture": "#1"},
				"west": {"uv": [0, 2, 16, 4], "texture": "#1"},
				"up": {"uv": [0, 2, 16, 4], "texture": "#1"},
				"down": {"uv": [0, 2, 16, 4], "texture": "#1"}
			}
		},
		{
			"name": "hexadecagon",
			"from": [2.75858, 9.06293, 1.9],
			"to": [3.05858, 9.85858, 2.1],
			"rotation": {"angle": 0, "axis": "z", "origin": [4.55858, 9.46075, 1.9]},
			"faces": {
				"north": {"uv": [0, 4, 16, 6], "texture": "#1"},
				"east": {"uv": [0, 4, 16, 6], "texture": "#1"},
				"south": {"uv": [0, 4, 16, 6], "texture": "#1"},
				"west": {"uv": [0, 4, 16, 6], "texture": "#1"},
				"up": {"uv": [0, 4, 16, 6], "texture": "#1"},
				"down": {"uv": [0, 4, 16, 6], "texture": "#1"}
			}
		},
		{
			"name": "hexadecagon",
			"from": [11.94142, 9.06293, 1.9],
			"to": [12.24142, 9.85858, 2.1],
			"rotation": {"angle": 0, "axis": "z", "origin": [10.44142, 9.46075, 1.9]},
			"faces": {
				"north": {"uv": [0, 4, 16, 6], "texture": "#1"},
				"east": {"uv": [0, 4, 16, 6], "texture": "#1"},
				"south": {"uv": [0, 4, 16, 6], "texture": "#1"},
				"west": {"uv": [0, 4, 16, 6], "texture": "#1"},
				"up": {"uv": [0, 4, 16, 6], "texture": "#1"},
				"down": {"uv": [0, 4, 16, 6], "texture": "#1"}
			}
		},
		{
			"name": "hexadecagon",
			"from": [8.11159, 9.06293, 1.9],
			"to": [8.41159, 9.85858, 2.1],
			"rotation": {"angle": 0, "axis": "z", "origin": [9.91159, 9.46075, 1.9]},
			"faces": {
				"north": {"uv": [0, 4, 16, 6], "texture": "#1"},
				"east": {"uv": [0, 4, 16, 6], "texture": "#1"},
				"south": {"uv": [0, 4, 16, 6], "texture": "#1"},
				"west": {"uv": [0, 4, 16, 6], "texture": "#1"},
				"up": {"uv": [0, 4, 16, 6], "texture": "#1"},
				"down": {"uv": [0, 4, 16, 6], "texture": "#1"}
			}
		},
		{
			"name": "hexadecagon",
			"from": [6.57319, 9.13947, 1.9],
			"to": [6.87319, 9.93512, 2.1],
			"rotation": {"angle": 22.5, "axis": "z", "origin": [5.07319, 9.53729, 1.9]},
			"faces": {
				"north": {"uv": [0, 2, 16, 4], "texture": "#1"},
				"east": {"uv": [0, 2, 16, 4], "texture": "#1"},
				"south": {"uv": [0, 2, 16, 4], "texture": "#1"},
				"west": {"uv": [0, 2, 16, 4], "texture": "#1"},
				"up": {"uv": [0, 2, 16, 4], "texture": "#1"},
				"down": {"uv": [0, 2, 16, 4], "texture": "#1"}
			}
		},
		{
			"name": "hexadecagon",
			"from": [8.12681, 9.13947, 1.9],
			"to": [8.42681, 9.93512, 2.1],
			"rotation": {"angle": -22.5, "axis": "z", "origin": [9.92681, 9.53729, 1.9]},
			"faces": {
				"north": {"uv": [0, 2, 16, 4], "texture": "#1"},
				"east": {"uv": [0, 2, 16, 4], "texture": "#1"},
				"south": {"uv": [0, 2, 16, 4], "texture": "#1"},
				"west": {"uv": [0, 2, 16, 4], "texture": "#1"},
				"up": {"uv": [0, 2, 16, 4], "texture": "#1"},
				"down": {"uv": [0, 2, 16, 4], "texture": "#1"}
			}
		},
		{
			"name": "hexadecagon",
			"from": [9.57234, 7.51933, 1.9],
			"to": [10.36799, 7.81933, 2.1],
			"rotation": {"angle": -45, "axis": "z", "origin": [9.97017, 9.31933, 1.9]},
			"faces": {
				"north": {"uv": [0, 8, 16, 10], "rotation": 180, "texture": "#1"},
				"east": {"uv": [0, 8, 16, 10], "rotation": 180, "texture": "#1"},
				"south": {"uv": [0, 8, 16, 10], "rotation": 180, "texture": "#1"},
				"west": {"uv": [0, 8, 16, 10], "rotation": 180, "texture": "#1"},
				"up": {"uv": [0, 8, 16, 10], "rotation": 180, "texture": "#1"},
				"down": {"uv": [0, 8, 16, 10], "rotation": 180, "texture": "#1"}
			}
		},
		{
			"name": "hexadecagon",
			"from": [4.63201, 7.51933, 1.9],
			"to": [5.42766, 7.81933, 2.1],
			"rotation": {"angle": 45, "axis": "z", "origin": [5.02983, 9.31933, 1.9]},
			"faces": {
				"north": {"uv": [0, 8, 16, 10], "rotation": 180, "texture": "#1"},
				"east": {"uv": [0, 8, 16, 10], "rotation": 180, "texture": "#1"},
				"south": {"uv": [0, 8, 16, 10], "rotation": 180, "texture": "#1"},
				"west": {"uv": [0, 8, 16, 10], "rotation": 180, "texture": "#1"},
				"up": {"uv": [0, 8, 16, 10], "rotation": 180, "texture": "#1"},
				"down": {"uv": [0, 8, 16, 10], "rotation": 180, "texture": "#1"}
			}
		},
		{
			"name": "hexadecagon",
			"from": [8.97868, 7.76524, 1.9],
			"to": [11.37433, 8.06524, 2.1],
			"rotation": {"angle": 0, "axis": "z", "origin": [11.97651, 9.56524, 1.9]},
			"faces": {
				"north": {"uv": [0, 10, 16, 12], "rotation": 180, "texture": "#1"},
				"east": {"uv": [0, 10, 16, 12], "rotation": 180, "texture": "#1"},
				"south": {"uv": [0, 10, 16, 12], "rotation": 180, "texture": "#1"},
				"west": {"uv": [0, 10, 16, 12], "rotation": 180, "texture": "#1"},
				"up": {"uv": [0, 10, 16, 12], "rotation": 180, "texture": "#1"},
				"down": {"uv": [0, 10, 16, 12], "rotation": 180, "texture": "#1"}
			}
		},
		{
			"name": "hexadecagon",
			"from": [3.62567, 7.76524, 1.9],
			"to": [6.02132, 8.06524, 2.1],
			"rotation": {"angle": 0, "axis": "z", "origin": [3.02349, 9.56524, 1.9]},
			"faces": {
				"north": {"uv": [0, 10, 16, 12], "rotation": 180, "texture": "#1"},
				"east": {"uv": [0, 10, 16, 12], "rotation": 180, "texture": "#1"},
				"south": {"uv": [0, 10, 16, 12], "rotation": 180, "texture": "#1"},
				"west": {"uv": [0, 10, 16, 12], "rotation": 180, "texture": "#1"},
				"up": {"uv": [0, 10, 16, 12], "rotation": 180, "texture": "#1"},
				"down": {"uv": [0, 10, 16, 12], "rotation": 180, "texture": "#1"}
			}
		},
		{
			"name": "hexadecagon",
			"from": [8.67868, 8.26524, 2],
			"to": [11.67433, 8.46524, 2.1],
			"rotation": {"angle": 0, "axis": "z", "origin": [11.97651, 9.56524, 1.9]},
			"faces": {
				"north": {"uv": [0, 10, 16, 12], "rotation": 180, "texture": "#1"},
				"east": {"uv": [0, 10, 16, 12], "rotation": 180, "texture": "#1"},
				"south": {"uv": [0, 10, 16, 12], "rotation": 180, "texture": "#1"},
				"west": {"uv": [0, 10, 16, 12], "rotation": 180, "texture": "#1"},
				"up": {"uv": [0, 10, 16, 12], "rotation": 180, "texture": "#1"},
				"down": {"uv": [0, 10, 16, 12], "rotation": 180, "texture": "#1"}
			}
		},
		{
			"name": "hexadecagon",
			"from": [3.32567, 8.26524, 2],
			"to": [6.32132, 8.46524, 2.1],
			"rotation": {"angle": 0, "axis": "z", "origin": [3.02349, 9.56524, 1.9]},
			"faces": {
				"north": {"uv": [0, 10, 16, 12], "rotation": 180, "texture": "#1"},
				"east": {"uv": [0, 10, 16, 12], "rotation": 180, "texture": "#1"},
				"south": {"uv": [0, 10, 16, 12], "rotation": 180, "texture": "#1"},
				"west": {"uv": [0, 10, 16, 12], "rotation": 180, "texture": "#1"},
				"up": {"uv": [0, 10, 16, 12], "rotation": 180, "texture": "#1"},
				"down": {"uv": [0, 10, 16, 12], "rotation": 180, "texture": "#1"}
			}
		},
		{
			"name": "hexadecagon",
			"from": [8.37868, 8.86524, 2],
			"to": [11.97433, 9.06524, 2.1],
			"rotation": {"angle": 0, "axis": "z", "origin": [11.97651, 9.56524, 1.9]},
			"faces": {
				"north": {"uv": [0, 8, 16, 10], "rotation": 180, "texture": "#1"},
				"east": {"uv": [0, 8, 16, 10], "rotation": 180, "texture": "#1"},
				"south": {"uv": [0, 8, 16, 10], "rotation": 180, "texture": "#1"},
				"west": {"uv": [0, 8, 16, 10], "rotation": 180, "texture": "#1"},
				"up": {"uv": [0, 8, 16, 10], "rotation": 180, "texture": "#1"},
				"down": {"uv": [0, 8, 16, 10], "rotation": 180, "texture": "#1"}
			}
		},
		{
			"name": "hexadecagon",
			"from": [3.02567, 8.86524, 2],
			"to": [6.62132, 9.06524, 2.1],
			"rotation": {"angle": 0, "axis": "z", "origin": [3.02349, 9.56524, 1.9]},
			"faces": {
				"north": {"uv": [0, 8, 16, 10], "rotation": 180, "texture": "#1"},
				"east": {"uv": [0, 8, 16, 10], "rotation": 180, "texture": "#1"},
				"south": {"uv": [0, 8, 16, 10], "rotation": 180, "texture": "#1"},
				"west": {"uv": [0, 8, 16, 10], "rotation": 180, "texture": "#1"},
				"up": {"uv": [0, 8, 16, 10], "rotation": 180, "texture": "#1"},
				"down": {"uv": [0, 8, 16, 10], "rotation": 180, "texture": "#1"}
			}
		},
		{
			"name": "hexadecagon",
			"from": [8.37868, 9.36524, 2],
			"to": [11.97433, 9.56524, 2.1],
			"rotation": {"angle": 0, "axis": "z", "origin": [11.97651, 9.56524, 1.9]},
			"faces": {
				"north": {"uv": [0, 6, 16, 8], "rotation": 180, "texture": "#1"},
				"east": {"uv": [0, 6, 16, 8], "rotation": 180, "texture": "#1"},
				"south": {"uv": [0, 6, 16, 8], "rotation": 180, "texture": "#1"},
				"west": {"uv": [0, 6, 16, 8], "rotation": 180, "texture": "#1"},
				"up": {"uv": [0, 6, 16, 8], "rotation": 180, "texture": "#1"},
				"down": {"uv": [0, 6, 16, 8], "rotation": 180, "texture": "#1"}
			}
		},
		{
			"name": "hexadecagon",
			"from": [3.02567, 9.36524, 2],
			"to": [6.62132, 9.56524, 2.1],
			"rotation": {"angle": 0, "axis": "z", "origin": [3.02349, 9.56524, 1.9]},
			"faces": {
				"north": {"uv": [0, 6, 16, 8], "rotation": 180, "texture": "#1"},
				"east": {"uv": [0, 6, 16, 8], "rotation": 180, "texture": "#1"},
				"south": {"uv": [0, 6, 16, 8], "rotation": 180, "texture": "#1"},
				"west": {"uv": [0, 6, 16, 8], "rotation": 180, "texture": "#1"},
				"up": {"uv": [0, 6, 16, 8], "rotation": 180, "texture": "#1"},
				"down": {"uv": [0, 6, 16, 8], "rotation": 180, "texture": "#1"}
			}
		},
		{
			"name": "hexadecagon",
			"from": [9.98502, 7.51933, 1.9],
			"to": [10.78067, 7.81933, 2.1],
			"rotation": {"angle": 45, "axis": "z", "origin": [10.38284, 9.31933, 1.9]},
			"faces": {
				"north": {"uv": [0, 8, 16, 10], "rotation": 180, "texture": "#1"},
				"east": {"uv": [0, 8, 16, 10], "rotation": 180, "texture": "#1"},
				"south": {"uv": [0, 8, 16, 10], "rotation": 180, "texture": "#1"},
				"west": {"uv": [0, 8, 16, 10], "rotation": 180, "texture": "#1"},
				"up": {"uv": [0, 8, 16, 10], "rotation": 180, "texture": "#1"},
				"down": {"uv": [0, 8, 16, 10], "rotation": 180, "texture": "#1"}
			}
		},
		{
			"name": "hexadecagon",
			"from": [4.21933, 7.51933, 1.9],
			"to": [5.01498, 7.81933, 2.1],
			"rotation": {"angle": -45, "axis": "z", "origin": [4.61716, 9.31933, 1.9]},
			"faces": {
				"north": {"uv": [0, 8, 16, 10], "rotation": 180, "texture": "#1"},
				"east": {"uv": [0, 8, 16, 10], "rotation": 180, "texture": "#1"},
				"south": {"uv": [0, 8, 16, 10], "rotation": 180, "texture": "#1"},
				"west": {"uv": [0, 8, 16, 10], "rotation": 180, "texture": "#1"},
				"up": {"uv": [0, 8, 16, 10], "rotation": 180, "texture": "#1"},
				"down": {"uv": [0, 8, 16, 10], "rotation": 180, "texture": "#1"}
			}
		},
		{
			"name": "hexadecagon",
			"from": [11.9262, 8.98639, 1.9],
			"to": [12.2262, 9.78204, 2.1],
			"rotation": {"angle": -22.5, "axis": "z", "origin": [10.4262, 9.38422, 1.9]},
			"faces": {
				"north": {"uv": [0, 6, 16, 8], "rotation": 180, "texture": "#1"},
				"east": {"uv": [0, 6, 16, 8], "rotation": 180, "texture": "#1"},
				"south": {"uv": [0, 6, 16, 8], "rotation": 180, "texture": "#1"},
				"west": {"uv": [0, 6, 16, 8], "rotation": 180, "texture": "#1"},
				"up": {"uv": [0, 6, 16, 8], "rotation": 180, "texture": "#1"},
				"down": {"uv": [0, 6, 16, 8], "rotation": 180, "texture": "#1"}
			}
		},
		{
			"name": "hexadecagon",
			"from": [2.7738, 8.98639, 1.9],
			"to": [3.0738, 9.78204, 2.1],
			"rotation": {"angle": 22.5, "axis": "z", "origin": [4.5738, 9.38422, 1.9]},
			"faces": {
				"north": {"uv": [0, 6, 16, 8], "rotation": 180, "texture": "#1"},
				"east": {"uv": [0, 6, 16, 8], "rotation": 180, "texture": "#1"},
				"south": {"uv": [0, 6, 16, 8], "rotation": 180, "texture": "#1"},
				"west": {"uv": [0, 6, 16, 8], "rotation": 180, "texture": "#1"},
				"up": {"uv": [0, 6, 16, 8], "rotation": 180, "texture": "#1"},
				"down": {"uv": [0, 6, 16, 8], "rotation": 180, "texture": "#1"}
			}
		},
		{
			"name": "hexadecagon",
			"from": [6.58841, 9.06293, 1.9],
			"to": [6.88841, 9.85858, 2.1],
			"rotation": {"angle": 0, "axis": "z", "origin": [5.08841, 9.46075, 1.9]},
			"faces": {
				"north": {"uv": [0, 4, 16, 6], "rotation": 180, "texture": "#1"},
				"east": {"uv": [0, 4, 16, 6], "rotation": 180, "texture": "#1"},
				"south": {"uv": [0, 4, 16, 6], "rotation": 180, "texture": "#1"},
				"west": {"uv": [0, 4, 16, 6], "rotation": 180, "texture": "#1"},
				"up": {"uv": [0, 4, 16, 6], "rotation": 180, "texture": "#1"},
				"down": {"uv": [0, 4, 16, 6], "rotation": 180, "texture": "#1"}
			}
		},
		{
			"name": "hexadecagon",
			"from": [8.12681, 8.98639, 1.9],
			"to": [8.42681, 9.78204, 2.1],
			"rotation": {"angle": 22.5, "axis": "z", "origin": [9.92681, 9.38422, 1.9]},
			"faces": {
				"north": {"uv": [0, 6, 16, 8], "rotation": 180, "texture": "#1"},
				"east": {"uv": [0, 6, 16, 8], "rotation": 180, "texture": "#1"},
				"south": {"uv": [0, 6, 16, 8], "rotation": 180, "texture": "#1"},
				"west": {"uv": [0, 6, 16, 8], "rotation": 180, "texture": "#1"},
				"up": {"uv": [0, 6, 16, 8], "rotation": 180, "texture": "#1"},
				"down": {"uv": [0, 6, 16, 8], "rotation": 180, "texture": "#1"}
			}
		},
		{
			"name": "hexadecagon",
			"from": [6.57319, 8.98639, 1.9],
			"to": [6.87319, 9.78204, 2.1],
			"rotation": {"angle": -22.5, "axis": "z", "origin": [5.07319, 9.38422, 1.9]},
			"faces": {
				"north": {"uv": [0, 6, 16, 8], "rotation": 180, "texture": "#1"},
				"east": {"uv": [0, 6, 16, 8], "rotation": 180, "texture": "#1"},
				"south": {"uv": [0, 6, 16, 8], "rotation": 180, "texture": "#1"},
				"west": {"uv": [0, 6, 16, 8], "rotation": 180, "texture": "#1"},
				"up": {"uv": [0, 6, 16, 8], "rotation": 180, "texture": "#1"},
				"down": {"uv": [0, 6, 16, 8], "rotation": 180, "texture": "#1"}
			}
		}
	],
	"display": {
		"thirdperson_righthand": {
			"rotation": [68, 0, 0],
			"translation": [-5, -1.75, 14.25]
		}
	},
	"groups": [0, 1, 2, 3, 4, 5,
		{
			"name": "hexadecagon",
			"origin": [8, 8, 8],
			"children": [6, 7, 8, 9, 10, 11, 12, 13, 14, 15, 16, 17, 18, 19, 20, 21, 22, 23, 24, 25, 26]
		},
		{
			"name": "hexadecagon",
			"origin": [8, 8, 8],
			"children": [27, 28, 29, 30, 31, 32, 33, 34, 35, 36, 37, 38, 39, 40, 41, 42, 43]
		}
	]
}