{
	"credit": "Made with Blockbench",
	"textures": {
		"2": "block/brown_concrete",
		"4": "block/cake_inner",
		"6": "block/white_concrete",
		"7": "block/redstone_ore",
		"particle": "block/brown_concrete"
	},
	"elements": [
		{
			"from": [4, 5, 9],
			"to": [5, 6, 10],
			"rotation": {"angle": 0, "axis": "y", "origin": [8, 13, 8]},
			"faces": {
				"north": {"uv": [6, 12, 8, 13], "texture": "#4"},
				"east": {"uv": [6, 12, 8, 13], "texture": "#4"},
				"south": {"uv": [6, 12, 8, 13], "texture": "#4"},
				"west": {"uv": [6, 12, 8, 13], "texture": "#4"},
				"up": {"uv": [6, 12, 8, 13], "texture": "#4"},
				"down": {"uv": [6, 12, 8, 13], "texture": "#4"}
			}
		},
		{
			"from": [2, 7, 9],
			"to": [4, 8, 10],
			"rotation": {"angle": 22.5, "axis": "z", "origin": [8, 13, 8]},
			"faces": {
				"north": {"uv": [6, 12, 8, 13], "texture": "#4"},
				"east": {"uv": [6, 12, 8, 13], "texture": "#4"},
				"south": {"uv": [6, 12, 8, 13], "texture": "#4"},
				"west": {"uv": [6, 12, 8, 13], "texture": "#4"},
				"up": {"uv": [6, 12, 8, 13], "texture": "#4"},
				"down": {"uv": [6, 12, 8, 13], "texture": "#4"}
			}
		},
		{
			"from": [6.3, 5.9, 9],
			"to": [7.8, 6.9, 10],
			"rotation": {"angle": 0, "axis": "y", "origin": [8, 13, 8]},
			"faces": {
				"north": {"uv": [6, 12, 8, 13], "texture": "#4"},
				"east": {"uv": [6, 12, 8, 13], "texture": "#4"},
				"south": {"uv": [6, 12, 8, 13], "texture": "#4"},
				"west": {"uv": [6, 12, 8, 13], "texture": "#4"},
				"up": {"uv": [6, 12, 8, 13], "texture": "#4"},
				"down": {"uv": [6, 12, 8, 13], "texture": "#4"}
			}
		},
		{
			"from": [7.7, 5.9, 9],
			"to": [9.7, 6.9, 10],
			"rotation": {"angle": 0, "axis": "y", "origin": [8, 13, 8]},
			"faces": {
				"north": {"uv": [6, 12, 8, 13], "texture": "#4"},
				"east": {"uv": [6, 12, 8, 13], "texture": "#4"},
				"south": {"uv": [6, 12, 8, 13], "texture": "#4"},
				"west": {"uv": [6, 12, 8, 13], "texture": "#4"},
				"up": {"uv": [6, 12, 8, 13], "texture": "#4"},
				"down": {"uv": [6, 12, 8, 13], "texture": "#4"}
			}
		},
		{
			"from": [11, 5, 9],
			"to": [12, 6, 10],
			"rotation": {"angle": 0, "axis": "y", "origin": [8, 13, 8]},
			"faces": {
				"north": {"uv": [6, 12, 8, 13], "texture": "#4"},
				"east": {"uv": [6, 12, 8, 13], "texture": "#4"},
				"south": {"uv": [6, 12, 8, 13], "texture": "#4"},
				"west": {"uv": [6, 12, 8, 13], "texture": "#4"},
				"up": {"uv": [6, 12, 8, 13], "texture": "#4"},
				"down": {"uv": [6, 12, 8, 13], "texture": "#4"}
			}
		},
		{
			"from": [8, 4, 9],
			"to": [11, 7, 10],
			"rotation": {"angle": 22.5, "axis": "z", "origin": [8, 13, 8]},
			"faces": {
				"north": {"uv": [6, 12, 8, 13], "texture": "#4"},
				"east": {"uv": [6, 12, 8, 13], "texture": "#4"},
				"south": {"uv": [6, 12, 8, 13], "texture": "#4"},
				"west": {"uv": [6, 12, 8, 13], "texture": "#4"},
				"up": {"uv": [6, 12, 8, 13], "texture": "#4"},
				"down": {"uv": [6, 12, 8, 13], "texture": "#4"}
			}
		},
		{
			"from": [8.5, 4.5, 9],
			"to": [11.4008, 7.4008, 9.9504],
			"rotation": {"angle": 22.5, "axis": "z", "origin": [8, 13, 8]},
			"faces": {
				"north": {"uv": [6, 12, 8, 13], "texture": "#4"},
				"east": {"uv": [6, 12, 8, 13], "texture": "#4"},
				"south": {"uv": [6, 12, 8, 13], "texture": "#4"},
				"west": {"uv": [6, 12, 8, 13], "texture": "#4"},
				"up": {"uv": [6, 12, 8, 13], "texture": "#4"},
				"down": {"uv": [6, 12, 8, 13], "texture": "#4"}
			}
		},
		{
			"from": [9, 5.25, 8.94],
			"to": [11.78675, 8.03675, 9.83338],
			"rotation": {"angle": 22.5, "axis": "z", "origin": [8, 13, 8]},
			"faces": {
				"north": {"uv": [6, 12, 8, 13], "texture": "#4"},
				"east": {"uv": [6, 12, 8, 13], "texture": "#4"},
				"south": {"uv": [6, 12, 8, 13], "texture": "#4"},
				"west": {"uv": [6, 12, 8, 13], "texture": "#4"},
				"up": {"uv": [6, 12, 8, 13], "texture": "#4"},
				"down": {"uv": [6, 12, 8, 13], "texture": "#4"}
			}
		},
		{
			"from": [4.5992, 4.5, 9],
			"to": [7.5, 7.4008, 9.9504],
			"rotation": {"angle": -22.5, "axis": "z", "origin": [8, 13, 8]},
			"faces": {
				"north": {"uv": [6, 12, 8, 13], "texture": "#4"},
				"east": {"uv": [6, 12, 8, 13], "texture": "#4"},
				"south": {"uv": [6, 12, 8, 13], "texture": "#4"},
				"west": {"uv": [6, 12, 8, 13], "texture": "#4"},
				"up": {"uv": [6, 12, 8, 13], "texture": "#4"},
				"down": {"uv": [6, 12, 8, 13], "texture": "#4"}
			}
		},
		{
			"from": [5, 4, 9],
			"to": [8, 7, 10],
			"rotation": {"angle": -22.5, "axis": "z", "origin": [8, 13, 8]},
			"faces": {
				"north": {"uv": [6, 12, 8, 13], "texture": "#4"},
				"east": {"uv": [6, 12, 8, 13], "texture": "#4"},
				"south": {"uv": [6, 12, 8, 13], "texture": "#4"},
				"west": {"uv": [6, 12, 8, 13], "texture": "#4"},
				"up": {"uv": [6, 12, 8, 13], "texture": "#4"},
				"down": {"uv": [6, 12, 8, 13], "texture": "#4"}
			}
		},
		{
			"from": [4.21325, 5.25, 8.94],
			"to": [7, 8.03675, 9.83338],
			"rotation": {"angle": -22.5, "axis": "z", "origin": [8, 13, 8]},
			"faces": {
				"north": {"uv": [6, 12, 8, 13], "texture": "#4"},
				"east": {"uv": [6, 12, 8, 13], "texture": "#4"},
				"south": {"uv": [6, 12, 8, 13], "texture": "#4"},
				"west": {"uv": [6, 12, 8, 13], "texture": "#4"},
				"up": {"uv": [6, 12, 8, 13], "texture": "#4"},
				"down": {"uv": [6, 12, 8, 13], "texture": "#4"}
			}
		},
		{
			"from": [12, 7, 9],
			"to": [14, 8, 10],
			"rotation": {"angle": -22.5, "axis": "z", "origin": [8, 13, 8]},
			"faces": {
				"north": {"uv": [6, 12, 8, 13], "texture": "#4"},
				"east": {"uv": [6, 12, 8, 13], "texture": "#4"},
				"south": {"uv": [6, 12, 8, 13], "texture": "#4"},
				"west": {"uv": [6, 12, 8, 13], "texture": "#4"},
				"up": {"uv": [6, 12, 8, 13], "texture": "#4"},
				"down": {"uv": [6, 12, 8, 13], "texture": "#4"}
			}
		},
		{
			"from": [1, 8, 8.9],
			"to": [2.6, 10, 9.1],
			"rotation": {"angle": 22.5, "axis": "z", "origin": [8, 13, 8]},
			"faces": {
				"north": {"uv": [2, 0, 1, 0.69984], "texture": "#6"},
				"east": {"uv": [2, 0, 1, 0.69984], "texture": "#6"},
				"south": {"uv": [2, 0, 1, 0.69984], "texture": "#6"},
				"west": {"uv": [2, 0, 1, 0.69984], "texture": "#6"},
				"up": {"uv": [2, 0, 1, 0.69984], "texture": "#6"},
				"down": {"uv": [2, 0, 1, 0.69984], "texture": "#6"}
			}
		},
		{
			"from": [1.3, 9, 8.9],
			"to": [2.3, 10.76, 9.076],
			"rotation": {"angle": 22.5, "axis": "z", "origin": [8, 13, 8]},
			"faces": {
				"north": {"uv": [2, 0, 1, 0.69984], "texture": "#6"},
				"east": {"uv": [2, 0, 1, 0.69984], "texture": "#6"},
				"south": {"uv": [2, 0, 1, 0.69984], "texture": "#6"},
				"west": {"uv": [2, 0, 1, 0.69984], "texture": "#6"},
				"up": {"uv": [2, 0, 1, 0.69984], "texture": "#6"},
				"down": {"uv": [2, 0, 1, 0.69984], "texture": "#6"}
			}
		},
		{
			"from": [13.7, 9, 8.9],
			"to": [14.7, 10.76, 9.076],
			"rotation": {"angle": -22.5, "axis": "z", "origin": [8, 13, 8]},
			"faces": {
				"north": {"uv": [2, 0, 1, 0.69984], "texture": "#6"},
				"east": {"uv": [2, 0, 1, 0.69984], "texture": "#6"},
				"south": {"uv": [2, 0, 1, 0.69984], "texture": "#6"},
				"west": {"uv": [2, 0, 1, 0.69984], "texture": "#6"},
				"up": {"uv": [2, 0, 1, 0.69984], "texture": "#6"},
				"down": {"uv": [2, 0, 1, 0.69984], "texture": "#6"}
			}
		},
		{
			"from": [13.4, 8, 8.9],
			"to": [15, 10, 9.1],
			"rotation": {"angle": -22.5, "axis": "z", "origin": [8, 13, 8]},
			"faces": {
				"north": {"uv": [2, 0, 1, 0.69984], "texture": "#6"},
				"east": {"uv": [2, 0, 1, 0.69984], "texture": "#6"},
				"south": {"uv": [2, 0, 1, 0.69984], "texture": "#6"},
				"west": {"uv": [2, 0, 1, 0.69984], "texture": "#6"},
				"up": {"uv": [2, 0, 1, 0.69984], "texture": "#6"},
				"down": {"uv": [2, 0, 1, 0.69984], "texture": "#6"}
			}
		},
		{
			"from": [6.3, 6.9, 9],
			"to": [7.15, 8.1, 9.85],
			"rotation": {"angle": 0, "axis": "y", "origin": [8, 13, 8]},
			"faces": {
				"north": {"uv": [0.85, 0, 0, 1.2], "texture": "#2"},
				"east": {"uv": [0.85, 0, 0, 1.2], "texture": "#2"},
				"south": {"uv": [0.85, 0, 0, 1.2], "texture": "#2"},
				"west": {"uv": [0.85, 0, 0, 1.2], "texture": "#2"},
				"up": {"uv": [0.85, 0, 0, 1.2], "texture": "#2"},
				"down": {"uv": [0.85, 0, 0, 1.2], "texture": "#2"}
			}
		},
		{
			"from": [8.85, 6.9, 9],
			"to": [9.7, 8.1, 9.85],
			"rotation": {"angle": 0, "axis": "y", "origin": [8, 13, 8]},
			"faces": {
				"north": {"uv": [0.85, 0, 0, 1.2], "texture": "#2"},
				"east": {"uv": [0.85, 0, 0, 1.2], "texture": "#2"},
				"south": {"uv": [0.85, 0, 0, 1.2], "texture": "#2"},
				"west": {"uv": [0.85, 0, 0, 1.2], "texture": "#2"},
				"up": {"uv": [0.85, 0, 0, 1.2], "texture": "#2"},
				"down": {"uv": [0.85, 0, 0, 1.2], "texture": "#2"}
			}
		},
		{
			"name": "hexadecagon",
			"from": [7.70163, -4.5, 7.75],
			"to": [8.29837, -1.5, 8.25],
			"rotation": {"angle": -45, "axis": "z", "origin": [8, -3, 8]},
			"faces": {
				"north": {"uv": [10.5, 11.75, 10.75, 12], "texture": "#7"},
				"east": {"uv": [10.5, 11.75, 10.75, 12], "texture": "#7"},
				"south": {"uv": [10.5, 11.75, 10.75, 12], "texture": "#7"},
				"west": {"uv": [10.5, 11.75, 10.75, 12], "texture": "#7"},
				"up": {"uv": [10.5, 11.75, 10.75, 12], "texture": "#7"},
				"down": {"uv": [10.5, 11.75, 10.75, 12], "texture": "#7"}
			}
		},
		{
			"name": "hexadecagon",
			"from": [7.70163, -4.5, 7.75],
			"to": [8.29837, -1.5, 8.25],
			"rotation": {"angle": -22.5, "axis": "z", "origin": [8, -3, 8]},
			"faces": {
				"north": {"uv": [10.5, 11.75, 10.75, 12], "texture": "#7"},
				"east": {"uv": [10.5, 11.75, 10.75, 12], "texture": "#7"},
				"south": {"uv": [10.5, 11.75, 10.75, 12], "texture": "#7"},
				"west": {"uv": [10.5, 11.75, 10.75, 12], "texture": "#7"},
				"up": {"uv": [10.5, 11.75, 10.75, 12], "texture": "#7"},
				"down": {"uv": [10.5, 11.75, 10.75, 12], "texture": "#7"}
			}
		},
		{
			"name": "hexadecagon",
			"from": [7.70163, -4.5, 7.75],
			"to": [8.29837, -1.5, 8.25],
			"rotation": {"angle": 0, "axis": "z", "origin": [8, -3, 8]},
			"faces": {
				"north": {"uv": [10.5, 11.75, 10.75, 12], "texture": "#7"},
				"east": {"uv": [10.5, 11.75, 10.75, 12], "texture": "#7"},
				"south": {"uv": [10.5, 11.75, 10.75, 12], "texture": "#7"},
				"west": {"uv": [10.5, 11.75, 10.75, 12], "texture": "#7"},
				"up": {"uv": [10.5, 11.75, 10.75, 12], "texture": "#7"},
				"down": {"uv": [10.5, 11.75, 10.75, 12], "texture": "#7"}
			}
		},
		{
			"name": "hexadecagon",
			"from": [7.70163, -4.5, 7.75],
			"to": [8.29837, -1.5, 8.25],
			"rotation": {"angle": 22.5, "axis": "z", "origin": [8, -3, 8]},
			"faces": {
				"north": {"uv": [10.5, 11.75, 10.75, 12], "texture": "#7"},
				"east": {"uv": [10.5, 11.75, 10.75, 12], "texture": "#7"},
				"south": {"uv": [10.5, 11.75, 10.75, 12], "texture": "#7"},
				"west": {"uv": [10.5, 11.75, 10.75, 12], "texture": "#7"},
				"up": {"uv": [10.5, 11.75, 10.75, 12], "texture": "#7"},
				"down": {"uv": [10.5, 11.75, 10.75, 12], "texture": "#7"}
			}
		},
		{
			"name": "hexadecagon",
			"from": [7.70163, -4.5, 7.75],
			"to": [8.29837, -1.5, 8.25],
			"rotation": {"angle": 45, "axis": "z", "origin": [8, -3, 8]},
			"faces": {
				"north": {"uv": [10.5, 11.75, 10.75, 12], "texture": "#7"},
				"east": {"uv": [10.5, 11.75, 10.75, 12], "texture": "#7"},
				"south": {"uv": [10.5, 11.75, 10.75, 12], "texture": "#7"},
				"west": {"uv": [10.5, 11.75, 10.75, 12], "texture": "#7"},
				"up": {"uv": [10.5, 11.75, 10.75, 12], "texture": "#7"},
				"down": {"uv": [10.5, 11.75, 10.75, 12], "texture": "#7"}
			}
		},
		{
			"name": "hexadecagon",
			"from": [6.5, -3.29837, 7.75],
			"to": [9.5, -2.70163, 8.25],
			"rotation": {"angle": -22.5, "axis": "z", "origin": [8, -3, 8]},
			"faces": {
				"north": {"uv": [10.5, 11.75, 10.75, 12], "texture": "#7"},
				"east": {"uv": [10.5, 11.75, 10.75, 12], "texture": "#7"},
				"south": {"uv": [10.5, 11.75, 10.75, 12], "texture": "#7"},
				"west": {"uv": [10.5, 11.75, 10.75, 12], "texture": "#7"},
				"up": {"uv": [10.5, 11.75, 10.75, 12], "texture": "#7"},
				"down": {"uv": [10.5, 11.75, 10.75, 12], "texture": "#7"}
			}
		},
		{
			"name": "hexadecagon",
			"from": [6.5, -3.29837, 7.75],
			"to": [9.5, -2.70163, 8.25],
			"rotation": {"angle": 0, "axis": "z", "origin": [8, -3, 8]},
			"faces": {
				"north": {"uv": [10.5, 11.75, 10.75, 12], "texture": "#7"},
				"east": {"uv": [10.5, 11.75, 10.75, 12], "texture": "#7"},
				"south": {"uv": [10.5, 11.75, 10.75, 12], "texture": "#7"},
				"west": {"uv": [10.5, 11.75, 10.75, 12], "texture": "#7"},
				"up": {"uv": [10.5, 11.75, 10.75, 12], "texture": "#7"},
				"down": {"uv": [10.5, 11.75, 10.75, 12], "texture": "#7"}
			}
		},
		{
			"name": "hexadecagon",
			"from": [6.5, -3.29837, 7.75],
			"to": [9.5, -2.70163, 8.25],
			"rotation": {"angle": 22.5, "axis": "z", "origin": [8, -3, 8]},
			"faces": {
				"north": {"uv": [10.5, 11.75, 10.75, 12], "texture": "#7"},
				"east": {"uv": [10.5, 11.75, 10.75, 12], "texture": "#7"},
				"south": {"uv": [10.5, 11.75, 10.75, 12], "texture": "#7"},
				"west": {"uv": [10.5, 11.75, 10.75, 12], "texture": "#7"},
				"up": {"uv": [10.5, 11.75, 10.75, 12], "texture": "#7"},
				"down": {"uv": [10.5, 11.75, 10.75, 12], "texture": "#7"}
			}
		}
	],
	"display": {
		"thirdperson_righthand": {
			"translation": [0, 7, 0],
			"scale": [0.825, 0.825, 0.825]
		},
		"thirdperson_lefthand": {
			"translation": [0, 7, 0],
			"scale": [0.825, 0.825, 0.825]
		},
		"firstperson_righthand": {
			"translation": [0, 7.5, 0],
			"scale": [0.85, 0.85, 0.85]
		},
		"firstperson_lefthand": {
			"translation": [0, 7.5, 0],
			"scale": [0.85, 0.85, 0.85]
		},
		"ground": {
			"translation": [0, 2, 0]
		},
		"gui": {
			"rotation": [0, 150, 0],
			"translation": [0, 7, 0]
		},
		"head": {
			"translation": [0, 9.25, -6.75],
			"scale": [1.3, 1.225, 1.3]
		},
		"fixed": {
			"translation": [0, 6.5, -3.5]
		}
	},
	"groups": [
		{
			"name": "gidget",
			"origin": [8, 8, 8],
			"children": [0, 1, 2, 3, 4, 5, 6, 7, 8, 9, 10, 11, 12, 13, 14, 15]
		}, 16, 17,
		{
			"name": "hexadecagon",
			"origin": [8, 8, 8],
			"children": [18, 19, 20, 21, 22, 23, 24, 25]
		}
	]
}