{
	"credit": "Made with Blockbench",
	"ambientocclusion": false,
	"texture_size": [128, 128],
	"textures": {
		"particle": "ohben/SteeleelFRNT",
		"voxels_atlas": "ohben/SteeleelFRNT"
	},
	"elements": [
		{
			"from": [-3, 1, 10],
			"to": [19, 11, 13],
			"rotation": {"angle": 0, "axis": "y", "origin": [8.5, 9, 20]},
			"faces": {
				"north": {"uv": [6.75, 6.75, 9.5, 8], "texture": "#voxels_atlas"},
				"east": {"uv": [6.375, 6.75, 6.75, 8], "texture": "#voxels_atlas"},
				"south": {"uv": [9.875, 6.75, 12.625, 8], "texture": "#voxels_atlas"},
				"west": {"uv": [9.5, 6.75, 9.875, 8], "texture": "#voxels_atlas"},
				"up": {"uv": [9.5, 6.75, 6.75, 6.375], "texture": "#voxels_atlas"},
				"down": {"uv": [12.25, 6.375, 9.5, 6.75], "texture": "#voxels_atlas"}
			}
		},
		{
			"from": [-3, 2, 8],
			"to": [19, 10, 10],
			"rotation": {"angle": 0, "axis": "y", "origin": [11, 10, 17]},
			"faces": {
				"north": {"uv": [0.25, 6.875, 3, 7.875], "texture": "#voxels_atlas"},
				"east": {"uv": [0, 6.875, 0.25, 7.875], "texture": "#voxels_atlas"},
				"south": {"uv": [3.25, 6.875, 6, 7.875], "texture": "#voxels_atlas"},
				"west": {"uv": [3, 6.875, 3.25, 7.875], "texture": "#voxels_atlas"},
				"up": {"uv": [3, 6.875, 0.25, 6.625], "texture": "#voxels_atlas"},
				"down": {"uv": [5.75, 6.625, 3, 6.875], "texture": "#voxels_atlas"}
			}
		},
		{
			"from": [-3, 3, 6],
			"to": [19, 9, 8],
			"rotation": {"angle": 0, "axis": "y", "origin": [8, 11, 15]},
			"faces": {
				"north": {"uv": [7, 4.75, 9.75, 5.5], "texture": "#voxels_atlas"},
				"east": {"uv": [6.75, 4.75, 7, 5.5], "texture": "#voxels_atlas"},
				"south": {"uv": [10, 4.75, 12.75, 5.5], "texture": "#voxels_atlas"},
				"west": {"uv": [9.75, 4.75, 10, 5.5], "texture": "#voxels_atlas"},
				"up": {"uv": [9.75, 4.75, 7, 4.5], "texture": "#voxels_atlas"},
				"down": {"uv": [12.5, 4.5, 9.75, 4.75], "texture": "#voxels_atlas"}
			}
		},
		{
			"from": [-3, 4, 4],
			"to": [19, 8, 6],
			"rotation": {"angle": 0, "axis": "y", "origin": [8, 12, 12]},
			"faces": {
				"north": {"uv": [7, 5.75, 9.75, 6.25], "texture": "#voxels_atlas"},
				"east": {"uv": [6.75, 5.75, 7, 6.25], "texture": "#voxels_atlas"},
				"south": {"uv": [10, 5.75, 12.75, 6.25], "texture": "#voxels_atlas"},
				"west": {"uv": [9.75, 5.75, 10, 6.25], "texture": "#voxels_atlas"},
				"up": {"uv": [9.75, 5.75, 7, 5.5], "texture": "#voxels_atlas"},
				"down": {"uv": [12.5, 5.5, 9.75, 5.75], "texture": "#voxels_atlas"}
			}
		},
		{
			"from": [-3.25, 5, 6],
			"to": [-3, 8, 13],
			"rotation": {"angle": 0, "axis": "y", "origin": [4, 15, 20]},
			"faces": {
				"north": {"uv": [3.375, 1.25, 3.375, 1.625], "texture": "#voxels_atlas"},
				"east": {"uv": [2.5, 1.25, 3.375, 1.625], "texture": "#voxels_atlas"},
				"south": {"uv": [4.25, 1.25, 4.25, 1.625], "texture": "#voxels_atlas"},
				"west": {"uv": [3.375, 1.25, 4.25, 1.625], "texture": "#voxels_atlas"},
				"up": {"uv": [3.375, 1.25, 3.375, 0.375], "texture": "#voxels_atlas"},
				"down": {"uv": [3.375, 0.375, 3.375, 1.25], "texture": "#voxels_atlas"}
			}
		},
		{
			"from": [19, 5, 6],
			"to": [19.25, 8, 13],
			"rotation": {"angle": 0, "axis": "y", "origin": [26.25, 15, 20]},
			"faces": {
				"north": {"uv": [3.125, 0.875, 3.125, 1.25], "texture": "#voxels_atlas"},
				"east": {"uv": [2.25, 0.875, 3.125, 1.25], "texture": "#voxels_atlas"},
				"south": {"uv": [4, 0.875, 4, 1.25], "texture": "#voxels_atlas"},
				"west": {"uv": [3.125, 0.875, 4, 1.25], "texture": "#voxels_atlas"},
				"up": {"uv": [3.125, 0.875, 3.125, 0], "texture": "#voxels_atlas"},
				"down": {"uv": [3.125, 0, 3.125, 0.875], "texture": "#voxels_atlas"}
			}
		},
		{
			"from": [-3.25, 2, 10],
			"to": [-3, 5, 13],
			"rotation": {"angle": 0, "axis": "y", "origin": [4, 12, 20]},
			"faces": {
				"north": {"uv": [0.375, 9.625, 0.375, 10], "texture": "#voxels_atlas"},
				"east": {"uv": [0, 9.625, 0.375, 10], "texture": "#voxels_atlas"},
				"south": {"uv": [0.75, 9.625, 0.75, 10], "texture": "#voxels_atlas"},
				"west": {"uv": [0.375, 9.625, 0.75, 10], "texture": "#voxels_atlas"},
				"up": {"uv": [0.375, 9.625, 0.375, 9.25], "texture": "#voxels_atlas"},
				"down": {"uv": [0.375, 9.25, 0.375, 9.625], "texture": "#voxels_atlas"}
			}
		},
		{
			"from": [19, 2, 10],
			"to": [19.25, 5, 13],
			"rotation": {"angle": 0, "axis": "y", "origin": [26.25, 12, 20]},
			"faces": {
				"north": {"uv": [0.375, 0.375, 0.375, 0.75], "texture": "#voxels_atlas"},
				"east": {"uv": [0, 0.375, 0.375, 0.75], "texture": "#voxels_atlas"},
				"south": {"uv": [0.75, 0.375, 0.75, 0.75], "texture": "#voxels_atlas"},
				"west": {"uv": [0.375, 0.375, 0.75, 0.75], "texture": "#voxels_atlas"},
				"up": {"uv": [0.375, 0.375, 0.375, 0], "texture": "#voxels_atlas"},
				"down": {"uv": [0.375, 0, 0.375, 0.375], "texture": "#voxels_atlas"}
			}
		},
		{
			"from": [-3.25, 2, 8],
			"to": [-3, 5, 10],
			"rotation": {"angle": 0, "axis": "y", "origin": [4, 12, 17]},
			"faces": {
				"north": {"uv": [2.75, 3.5, 2.75, 3.875], "texture": "#voxels_atlas"},
				"east": {"uv": [2.5, 3.5, 2.75, 3.875], "texture": "#voxels_atlas"},
				"south": {"uv": [3, 3.5, 3, 3.875], "texture": "#voxels_atlas"},
				"west": {"uv": [2.75, 3.5, 3, 3.875], "texture": "#voxels_atlas"},
				"up": {"uv": [2.75, 3.5, 2.75, 3.25], "texture": "#voxels_atlas"},
				"down": {"uv": [2.75, 3.25, 2.75, 3.5], "texture": "#voxels_atlas"}
			}
		},
		{
			"from": [19, 2, 8],
			"to": [19.25, 5, 10],
			"rotation": {"angle": 0, "axis": "y", "origin": [26.25, 12, 17]},
			"faces": {
				"north": {"uv": [0.25, 3.25, 0.25, 3.625], "texture": "#voxels_atlas"},
				"east": {"uv": [0, 3.25, 0.25, 3.625], "texture": "#voxels_atlas"},
				"south": {"uv": [0.5, 3.25, 0.5, 3.625], "texture": "#voxels_atlas"},
				"west": {"uv": [0.25, 3.25, 0.5, 3.625], "texture": "#voxels_atlas"},
				"up": {"uv": [0.25, 3.25, 0.25, 3], "texture": "#voxels_atlas"},
				"down": {"uv": [0.25, 3, 0.25, 3.25], "texture": "#voxels_atlas"}
			}
		},
		{
			"from": [-3.25, 3, 6],
			"to": [-3, 5, 8],
			"rotation": {"angle": 0, "axis": "y", "origin": [4, 11, 15]},
			"faces": {
				"north": {"uv": [1.5, 0.75, 1.5, 1], "texture": "#voxels_atlas"},
				"east": {"uv": [1.25, 0.75, 1.5, 1], "texture": "#voxels_atlas"},
				"south": {"uv": [1.75, 0.75, 1.75, 1], "texture": "#voxels_atlas"},
				"west": {"uv": [1.5, 0.75, 1.75, 1], "texture": "#voxels_atlas"},
				"up": {"uv": [1.5, 0.75, 1.5, 0.5], "texture": "#voxels_atlas"},
				"down": {"uv": [1.5, 0.5, 1.5, 0.75], "texture": "#voxels_atlas"}
			}
		},
		{
			"from": [19, 3, 6],
			"to": [19.25, 5, 8],
			"rotation": {"angle": 0, "axis": "y", "origin": [26.25, 11, 15]},
			"faces": {
				"north": {"uv": [0.25, 0.75, 0.25, 1], "texture": "#voxels_atlas"},
				"east": {"uv": [0, 0.75, 0.25, 1], "texture": "#voxels_atlas"},
				"south": {"uv": [0.5, 0.75, 0.5, 1], "texture": "#voxels_atlas"},
				"west": {"uv": [0.25, 0.75, 0.5, 1], "texture": "#voxels_atlas"},
				"up": {"uv": [0.25, 0.75, 0.25, 0.5], "texture": "#voxels_atlas"},
				"down": {"uv": [0.25, 0.5, 0.25, 0.75], "texture": "#voxels_atlas"}
			}
		},
		{
			"from": [-3.25, 4, 4],
			"to": [-3, 5, 6],
			"rotation": {"angle": 0, "axis": "y", "origin": [4, 12, 13]},
			"faces": {
				"north": {"uv": [0.75, 0.25, 0.75, 0.375], "texture": "#voxels_atlas"},
				"east": {"uv": [0.5, 0.25, 0.75, 0.375], "texture": "#voxels_atlas"},
				"south": {"uv": [1, 0.25, 1, 0.375], "texture": "#voxels_atlas"},
				"west": {"uv": [0.75, 0.25, 1, 0.375], "texture": "#voxels_atlas"},
				"up": {"uv": [0.75, 0.25, 0.75, 0], "texture": "#voxels_atlas"},
				"down": {"uv": [0.75, 0, 0.75, 0.25], "texture": "#voxels_atlas"}
			}
		},
		{
			"from": [19, 4, 4],
			"to": [19.25, 5, 6],
			"rotation": {"angle": 0, "axis": "y", "origin": [26.25, 12, 13]},
			"faces": {
				"north": {"uv": [0.25, 0.25, 0.25, 0.375], "texture": "#voxels_atlas"},
				"east": {"uv": [0, 0.25, 0.25, 0.375], "texture": "#voxels_atlas"},
				"south": {"uv": [0.5, 0.25, 0.5, 0.375], "texture": "#voxels_atlas"},
				"west": {"uv": [0.25, 0.25, 0.5, 0.375], "texture": "#voxels_atlas"},
				"up": {"uv": [0.25, 0.25, 0.25, 0], "texture": "#voxels_atlas"},
				"down": {"uv": [0.25, 0, 0.25, 0.25], "texture": "#voxels_atlas"}
			}
		},
		{
			"from": [-3.25, 5, 4],
			"to": [-3, 7, 6],
			"rotation": {"angle": 0, "axis": "y", "origin": [4, 13, 13]},
			"faces": {
				"north": {"uv": [1.5, 0.25, 1.5, 0.5], "texture": "#voxels_atlas"},
				"east": {"uv": [1.25, 0.25, 1.5, 0.5], "texture": "#voxels_atlas"},
				"south": {"uv": [1.75, 0.25, 1.75, 0.5], "texture": "#voxels_atlas"},
				"west": {"uv": [1.5, 0.25, 1.75, 0.5], "texture": "#voxels_atlas"},
				"up": {"uv": [1.5, 0.25, 1.5, 0], "texture": "#voxels_atlas"},
				"down": {"uv": [1.5, 0, 1.5, 0.25], "texture": "#voxels_atlas"}
			}
		},
		{
			"from": [19, 5, 4],
			"to": [19.25, 7, 6],
			"rotation": {"angle": 0, "axis": "y", "origin": [26.25, 13, 13]},
			"faces": {
				"north": {"uv": [0.75, 0.75, 0.75, 1], "texture": "#voxels_atlas"},
				"east": {"uv": [0.5, 0.75, 0.75, 1], "texture": "#voxels_atlas"},
				"south": {"uv": [1, 0.75, 1, 1], "texture": "#voxels_atlas"},
				"west": {"uv": [0.75, 0.75, 1, 1], "texture": "#voxels_atlas"},
				"up": {"uv": [0.75, 0.75, 0.75, 0.5], "texture": "#voxels_atlas"},
				"down": {"uv": [0.75, 0.5, 0.75, 0.75], "texture": "#voxels_atlas"}
			}
		},
		{
			"from": [-3, 4, 3.75],
			"to": [19, 5, 4],
			"rotation": {"angle": 0, "axis": "y", "origin": [8, 12, 11]},
			"faces": {
				"north": {"uv": [6.75, 6.25, 9.5, 6.375], "texture": "#voxels_atlas"},
				"east": {"uv": [6.75, 6.25, 6.75, 6.375], "texture": "#voxels_atlas"},
				"south": {"uv": [9.5, 6.25, 12.25, 6.375], "texture": "#voxels_atlas"},
				"west": {"uv": [9.5, 6.25, 9.5, 6.375], "texture": "#voxels_atlas"},
				"up": {"uv": [9.5, 6.25, 6.75, 6.25], "texture": "#voxels_atlas"},
				"down": {"uv": [12.25, 6.25, 9.5, 6.25], "texture": "#voxels_atlas"}
			}
		},
		{
			"from": [-3, 5, 3.75],
			"to": [19, 7, 4],
			"rotation": {"angle": 0, "axis": "y", "origin": [8, 14, 11]},
			"faces": {
				"north": {"uv": [9.375, 3, 12.125, 3.25], "texture": "#voxels_atlas"},
				"east": {"uv": [9.375, 3, 9.375, 3.25], "texture": "#voxels_atlas"},
				"south": {"uv": [12.125, 3, 14.875, 3.25], "texture": "#voxels_atlas"},
				"west": {"uv": [12.125, 3, 12.125, 3.25], "texture": "#voxels_atlas"},
				"up": {"uv": [12.125, 3, 9.375, 3], "texture": "#voxels_atlas"},
				"down": {"uv": [14.875, 3, 12.125, 3], "texture": "#voxels_atlas"}
			}
		}
	],
	"display": {
		"thirdperson_righthand": {
			"translation": [0, 3, -2.75],
			"scale": [0.25, 0.25, 0.25]
		},
		"thirdperson_lefthand": {
			"translation": [0, 3, 1],
			"scale": [0.55, 0.55, 0.55]
		},
		"firstperson_righthand": {
			"rotation": [0, -90, 25],
			"translation": [1.13, 3.2, 1.13],
			"scale": [0.28, 0.28, 0.28]
		},
		"firstperson_lefthand": {
			"rotation": [0, -90, 25],
			"translation": [1.13, 3.2, 1.13],
			"scale": [0.28, 0.28, 0.28]
		},
		"ground": {
			"translation": [0, 2, 0],
			"scale": [0.5, 0.5, 0.5]
		},
		"gui": {
			"rotation": [0, -180, 0],
			"scale": [0.63477, 0.69336, 1]
		},
		"head": {
			"translation": [0, 13, 7],
			"scale": [2, 2, 2]
		},
		"fixed": {
			"translation": [0, 0, -1],
			"scale": [0.75, 1, 1]
		}
	}
}