{
  "__comment": "Model_generated_using_MrCrayfish\u0027s_Model_Creator_(http://mrcrayfish.com/modelcreator/)",
  "textures": {
    "particle": "block/block/brick",
    "0": "block/black_wool",
    "1": "block/light_gray_wool",
    "2": "block/lime_stained_glass",
    "3": "block/red_wool",
    "4": "block/black_terracotta",
    "5": "block/gold_block",
    "6": "block/blue_wool",
    "7": "block/lime_wool"
  },
  "elements": [
    {
      "name": "Drawer",
      "from": [
        0.0,
        0.0,
        0.0
      ],
      "to": [
        11.0,
        3.0,
        11.0
      ],
      "faces": {
        "north": {
          "texture": "#0",
          "uv": [
            0.0,
            0.0,
            11.0,
            3.0
          ]
        },
        "east": {
          "texture": "#0",
          "uv": [
            0.0,
            0.0,
            11.0,
            3.0
          ]
        },
        "south": {
          "texture": "#0",
          "uv": [
            0.0,
            0.0,
            11.0,
            3.0
          ]
        },
        "west": {
          "texture": "#0",
          "uv": [
            0.0,
            0.0,
            11.0,
            3.0
          ]
        },
        "up": {
          "texture": "#0",
          "uv": [
            0.0,
            0.0,
            11.0,
            11.0
          ]
        },
        "down": {
          "texture": "#0",
          "uv": [
            0.0,
            0.0,
            11.0,
            11.0
          ]
        }
      }
    },
    {
      "name": "MagicBandScannerMainBody",
      "from": [
        0.20000000298023224,
        0.0,
        13.0
      ],
      "to": [
        5.200000002980232,
        2.0,
        16.0
      ],
      "faces": {
        "north": {
          "texture": "#1",
          "uv": [
            0.0,
            0.0,
            5.0,
            2.0
          ]
        },
        "east": {
          "texture": "#1",
          "uv": [
            0.0,
            0.0,
            3.0,
            2.0
          ]
        },
        "south": {
          "texture": "#1",
          "uv": [
            0.0,
            0.0,
            5.0,
            2.0
          ]
        },
        "west": {
          "texture": "#1",
          "uv": [
            0.0,
            0.0,
            3.0,
            2.0
          ]
        },
        "up": {
          "texture": "#1",
          "uv": [
            0.0,
            0.0,
            5.0,
            3.0
          ]
        },
        "down": {
          "texture": "#1",
          "uv": [
            0.0,
            0.0,
            5.0,
            3.0
          ]
        }
      }
    },
    {
      "name": "TopBodyRight",
      "from": [
        1.0,
        0.0,
        13.100000001490116
      ],
      "to": [
        5.0,
        2.199999988079071,
        13.799999997019768
      ],
      "faces": {
        "north": {
          "texture": "#1",
          "uv": [
            0.0,
            0.0,
            4.0,
            2.199999988079071
          ]
        },
        "east": {
          "texture": "#1",
          "uv": [
            0.0,
            0.0,
            0.7999999970197678,
            2.199999988079071
          ]
        },
        "south": {
          "texture": "#1",
          "uv": [
            0.0,
            0.0,
            4.0,
            2.199999988079071
          ]
        },
        "west": {
          "texture": "#1",
          "uv": [
            0.0,
            0.0,
            0.7999999970197678,
            2.199999988079071
          ]
        },
        "up": {
          "texture": "#1",
          "uv": [
            0.0,
            0.0,
            4.0,
            0.7999999970197678
          ]
        },
        "down": {
          "texture": "#1",
          "uv": [
            0.0,
            0.0,
            4.0,
            0.7999999970197678
          ]
        }
      }
    },
    {
      "name": "BackCardReader",
      "from": [
        5.499999977648258,
        0.0,
        13.0
      ],
      "to": [
        5.999999970197678,
        2.199999988079071,
        16.0
      ],
      "faces": {
        "north": {
          "texture": "#1",
          "uv": [
            0.0,
            0.0,
            0.4999999925494194,
            2.199999988079071
          ]
        },
        "east": {
          "texture": "#1",
          "uv": [
            0.0,
            0.0,
            3.0,
            2.199999988079071
          ]
        },
        "south": {
          "texture": "#1",
          "uv": [
            0.0,
            0.0,
            0.4999999925494194,
            2.199999988079071
          ]
        },
        "west": {
          "texture": "#1",
          "uv": [
            0.0,
            0.0,
            3.0,
            2.199999988079071
          ]
        },
        "up": {
          "texture": "#1",
          "uv": [
            0.0,
            0.0,
            0.4999999925494194,
            3.0
          ]
        },
        "down": {
          "texture": "#1",
          "uv": [
            0.0,
            0.0,
            0.4999999925494194,
            3.0
          ]
        }
      }
    },
    {
      "name": "BottomcardReader",
      "from": [
        4.999999970197678,
        0.0,
        13.0
      ],
      "to": [
        5.499999962747097,
        1.0999999716877937,
        16.0
      ],
      "faces": {
        "north": {
          "texture": "#1",
          "uv": [
            0.0,
            0.0,
            0.4999999925494194,
            1.0999999716877937
          ]
        },
        "east": {
          "texture": "#1",
          "uv": [
            0.0,
            0.0,
            3.0,
            1.0999999716877937
          ]
        },
        "south": {
          "texture": "#1",
          "uv": [
            0.0,
            0.0,
            0.4999999925494194,
            1.0999999716877937
          ]
        },
        "west": {
          "texture": "#1",
          "uv": [
            0.0,
            0.0,
            3.0,
            1.0999999716877937
          ]
        },
        "up": {
          "texture": "#1",
          "uv": [
            0.0,
            0.0,
            0.4999999925494194,
            3.0
          ]
        },
        "down": {
          "texture": "#1",
          "uv": [
            0.0,
            0.0,
            0.4999999925494194,
            3.0
          ]
        }
      }
    },
    {
      "name": "TopSideDisplay1",
      "from": [
        1.0,
        0.0,
        15.199999988079071
      ],
      "to": [
        5.0,
        2.199999988079071,
        15.899999983608723
      ],
      "faces": {
        "north": {
          "texture": "#1",
          "uv": [
            0.0,
            0.0,
            4.0,
            2.199999988079071
          ]
        },
        "east": {
          "texture": "#1",
          "uv": [
            0.0,
            0.0,
            0.7999999970197678,
            2.199999988079071
          ]
        },
        "south": {
          "texture": "#1",
          "uv": [
            0.0,
            0.0,
            4.0,
            2.199999988079071
          ]
        },
        "west": {
          "texture": "#1",
          "uv": [
            0.0,
            0.0,
            0.7999999970197678,
            2.199999988079071
          ]
        },
        "up": {
          "texture": "#1",
          "uv": [
            0.0,
            0.0,
            4.0,
            0.7999999970197678
          ]
        },
        "down": {
          "texture": "#1",
          "uv": [
            0.0,
            0.0,
            4.0,
            0.7999999970197678
          ]
        }
      }
    },
    {
      "name": "TopbottomDisplay",
      "from": [
        1.0,
        0.0,
        13.799999982118607
      ],
      "to": [
        3.0,
        2.199999988079071,
        15.199999988079071
      ],
      "faces": {
        "north": {
          "texture": "#1",
          "uv": [
            0.0,
            0.0,
            2.0,
            2.199999988079071
          ]
        },
        "east": {
          "texture": "#1",
          "uv": [
            0.0,
            0.0,
            1.4000000059604645,
            2.199999988079071
          ]
        },
        "south": {
          "texture": "#1",
          "uv": [
            0.0,
            0.0,
            2.0,
            2.199999988079071
          ]
        },
        "west": {
          "texture": "#1",
          "uv": [
            0.0,
            0.0,
            1.4000000059604645,
            2.199999988079071
          ]
        },
        "up": {
          "texture": "#1",
          "uv": [
            0.0,
            0.0,
            2.0,
            1.4000000059604645
          ]
        },
        "down": {
          "texture": "#1",
          "uv": [
            0.0,
            0.0,
            2.0,
            1.4000000059604645
          ]
        }
      }
    },
    {
      "name": "TopBackDisplay",
      "from": [
        4.200000047683716,
        0.0,
        13.799999982118607
      ],
      "to": [
        5.000000029802322,
        2.199999988079071,
        15.199999988079071
      ],
      "faces": {
        "north": {
          "texture": "#1",
          "uv": [
            0.0,
            0.0,
            0.7999999821186066,
            2.199999988079071
          ]
        },
        "east": {
          "texture": "#1",
          "uv": [
            0.0,
            0.0,
            1.4000000059604645,
            2.199999988079071
          ]
        },
        "south": {
          "texture": "#1",
          "uv": [
            0.0,
            0.0,
            0.7999999821186066,
            2.199999988079071
          ]
        },
        "west": {
          "texture": "#1",
          "uv": [
            0.0,
            0.0,
            1.4000000059604645,
            2.199999988079071
          ]
        },
        "up": {
          "texture": "#1",
          "uv": [
            0.0,
            0.0,
            0.7999999821186066,
            1.4000000059604645
          ]
        },
        "down": {
          "texture": "#1",
          "uv": [
            0.0,
            0.0,
            0.7999999821186066,
            1.4000000059604645
          ]
        }
      }
    },
    {
      "name": "DisplayFace",
      "from": [
        3.0000000298023224,
        0.4000000059604645,
        13.799999952316284
      ],
      "to": [
        4.200000017881393,
        2.099999986588955,
        15.199999958276749
      ],
      "faces": {
        "north": {
          "texture": "#2",
          "uv": [
            6.0,
            3.0,
            7.199999988079071,
            4.6999999806284904
          ]
        },
        "east": {
          "texture": "#2",
          "uv": [
            6.0,
            4.0,
            7.4000000059604645,
            5.6999999806284904
          ]
        },
        "south": {
          "texture": "#2",
          "uv": [
            3.0,
            3.0,
            4.199999988079071,
            4.6999999806284904
          ]
        },
        "west": {
          "texture": "#2",
          "uv": [
            4.0,
            5.0,
            5.4000000059604645,
            6.6999999806284904
          ]
        },
        "up": {
          "texture": "#2",
          "uv": [
            3.0,
            4.0,
            4.199999988079071,
            5.4000000059604645
          ]
        },
        "down": {
          "texture": "#2",
          "uv": [
            4.0,
            3.0,
            5.199999988079071,
            4.4000000059604645
          ]
        }
      }
    },
    {
      "name": "RedButton",
      "from": [
        1.2000000476837158,
        0.10000000149011612,
        13.799999982118607
      ],
      "to": [
        1.5000000223517418,
        2.299999989569187,
        14.099999971687794
      ],
      "faces": {
        "north": {
          "texture": "#3",
          "uv": [
            0.0,
            0.0,
            0.7999999821186066,
            2.199999988079071
          ]
        },
        "east": {
          "texture": "#3",
          "uv": [
            0.0,
            0.0,
            1.4000000059604645,
            2.199999988079071
          ]
        },
        "south": {
          "texture": "#3",
          "uv": [
            0.0,
            0.0,
            0.7999999821186066,
            2.199999988079071
          ]
        },
        "west": {
          "texture": "#3",
          "uv": [
            0.0,
            0.0,
            1.4000000059604645,
            2.199999988079071
          ]
        },
        "up": {
          "texture": "#3",
          "uv": [
            0.0,
            0.0,
            0.7999999821186066,
            1.4000000059604645
          ]
        },
        "down": {
          "texture": "#3",
          "uv": [
            0.0,
            0.0,
            0.7999999821186066,
            1.4000000059604645
          ]
        }
      }
    },
    {
      "name": "Cube",
      "from": [
        1.600000038743019,
        0.10000000149011612,
        13.799999982118607
      ],
      "to": [
        1.900000013411045,
        2.299999989569187,
        14.099999971687794
      ],
      "faces": {
        "north": {
          "texture": "#4",
          "uv": [
            0.0,
            0.0,
            0.7999999821186066,
            2.199999988079071
          ]
        },
        "east": {
          "texture": "#4",
          "uv": [
            0.0,
            0.0,
            1.4000000059604645,
            2.199999988079071
          ]
        },
        "south": {
          "texture": "#4",
          "uv": [
            0.0,
            0.0,
            0.7999999821186066,
            2.199999988079071
          ]
        },
        "west": {
          "texture": "#4",
          "uv": [
            0.0,
            0.0,
            1.4000000059604645,
            2.199999988079071
          ]
        },
        "up": {
          "texture": "#4",
          "uv": [
            0.0,
            0.0,
            0.7999999821186066,
            1.4000000059604645
          ]
        },
        "down": {
          "texture": "#4",
          "uv": [
            0.0,
            0.0,
            0.7999999821186066,
            1.4000000059604645
          ]
        }
      }
    },
    {
      "name": "Cube",
      "from": [
        2.0000000447034836,
        0.10000000149011612,
        13.799999982118607
      ],
      "to": [
        2.3000000193715096,
        2.299999989569187,
        14.099999971687794
      ],
      "faces": {
        "north": {
          "texture": "#4",
          "uv": [
            0.0,
            0.0,
            0.7999999821186066,
            2.199999988079071
          ]
        },
        "east": {
          "texture": "#4",
          "uv": [
            0.0,
            0.0,
            1.4000000059604645,
            2.199999988079071
          ]
        },
        "south": {
          "texture": "#4",
          "uv": [
            0.0,
            0.0,
            0.7999999821186066,
            2.199999988079071
          ]
        },
        "west": {
          "texture": "#4",
          "uv": [
            0.0,
            0.0,
            1.4000000059604645,
            2.199999988079071
          ]
        },
        "up": {
          "texture": "#4",
          "uv": [
            0.0,
            0.0,
            0.7999999821186066,
            1.4000000059604645
          ]
        },
        "down": {
          "texture": "#4",
          "uv": [
            0.0,
            0.0,
            0.7999999821186066,
            1.4000000059604645
          ]
        }
      }
    },
    {
      "name": "Cube",
      "from": [
        2.0000000447034836,
        0.10000000149011612,
        14.199999988079071
      ],
      "to": [
        2.3000000193715096,
        2.299999989569187,
        14.499999977648258
      ],
      "faces": {
        "north": {
          "texture": "#4",
          "uv": [
            0.0,
            0.0,
            0.7999999821186066,
            2.199999988079071
          ]
        },
        "east": {
          "texture": "#4",
          "uv": [
            0.0,
            0.0,
            1.4000000059604645,
            2.199999988079071
          ]
        },
        "south": {
          "texture": "#4",
          "uv": [
            0.0,
            0.0,
            0.7999999821186066,
            2.199999988079071
          ]
        },
        "west": {
          "texture": "#4",
          "uv": [
            0.0,
            0.0,
            1.4000000059604645,
            2.199999988079071
          ]
        },
        "up": {
          "texture": "#4",
          "uv": [
            0.0,
            0.0,
            0.7999999821186066,
            1.4000000059604645
          ]
        },
        "down": {
          "texture": "#4",
          "uv": [
            0.0,
            0.0,
            0.7999999821186066,
            1.4000000059604645
          ]
        }
      }
    },
    {
      "name": "Cube",
      "from": [
        1.600000038743019,
        0.10000000149011612,
        14.199999988079071
      ],
      "to": [
        1.900000013411045,
        2.299999989569187,
        14.499999977648258
      ],
      "faces": {
        "north": {
          "texture": "#4",
          "uv": [
            0.0,
            0.0,
            0.7999999821186066,
            2.199999988079071
          ]
        },
        "east": {
          "texture": "#4",
          "uv": [
            0.0,
            0.0,
            1.4000000059604645,
            2.199999988079071
          ]
        },
        "south": {
          "texture": "#4",
          "uv": [
            0.0,
            0.0,
            0.7999999821186066,
            2.199999988079071
          ]
        },
        "west": {
          "texture": "#4",
          "uv": [
            0.0,
            0.0,
            1.4000000059604645,
            2.199999988079071
          ]
        },
        "up": {
          "texture": "#4",
          "uv": [
            0.0,
            0.0,
            0.7999999821186066,
            1.4000000059604645
          ]
        },
        "down": {
          "texture": "#4",
          "uv": [
            0.0,
            0.0,
            0.7999999821186066,
            1.4000000059604645
          ]
        }
      }
    },
    {
      "name": "Cube",
      "from": [
        1.2000000327825546,
        0.10000000149011612,
        14.199999988079071
      ],
      "to": [
        1.5000000074505806,
        2.299999989569187,
        14.499999977648258
      ],
      "faces": {
        "north": {
          "texture": "#4",
          "uv": [
            0.0,
            0.0,
            0.7999999821186066,
            2.199999988079071
          ]
        },
        "east": {
          "texture": "#4",
          "uv": [
            0.0,
            0.0,
            1.4000000059604645,
            2.199999988079071
          ]
        },
        "south": {
          "texture": "#4",
          "uv": [
            0.0,
            0.0,
            0.7999999821186066,
            2.199999988079071
          ]
        },
        "west": {
          "texture": "#4",
          "uv": [
            0.0,
            0.0,
            1.4000000059604645,
            2.199999988079071
          ]
        },
        "up": {
          "texture": "#4",
          "uv": [
            0.0,
            0.0,
            0.7999999821186066,
            1.4000000059604645
          ]
        },
        "down": {
          "texture": "#4",
          "uv": [
            0.0,
            0.0,
            0.7999999821186066,
            1.4000000059604645
          ]
        }
      }
    },
    {
      "name": "Cube",
      "from": [
        1.2000000327825546,
        0.10000000149011612,
        14.599999994039536
      ],
      "to": [
        1.5000000074505806,
        2.299999989569187,
        14.899999983608723
      ],
      "faces": {
        "north": {
          "texture": "#5",
          "uv": [
            0.0,
            0.0,
            0.7999999821186066,
            2.199999988079071
          ]
        },
        "east": {
          "texture": "#5",
          "uv": [
            0.0,
            0.0,
            1.4000000059604645,
            2.199999988079071
          ]
        },
        "south": {
          "texture": "#5",
          "uv": [
            0.0,
            0.0,
            0.7999999821186066,
            2.199999988079071
          ]
        },
        "west": {
          "texture": "#5",
          "uv": [
            0.0,
            0.0,
            1.4000000059604645,
            2.199999988079071
          ]
        },
        "up": {
          "texture": "#5",
          "uv": [
            0.0,
            0.0,
            0.7999999821186066,
            1.4000000059604645
          ]
        },
        "down": {
          "texture": "#5",
          "uv": [
            0.0,
            0.0,
            0.7999999821186066,
            1.4000000059604645
          ]
        }
      }
    },
    {
      "name": "Cube",
      "from": [
        1.600000038743019,
        0.10000000149011612,
        14.599999994039536
      ],
      "to": [
        1.900000013411045,
        2.299999989569187,
        14.899999983608723
      ],
      "faces": {
        "north": {
          "texture": "#4",
          "uv": [
            0.0,
            0.0,
            0.7999999821186066,
            2.199999988079071
          ]
        },
        "east": {
          "texture": "#4",
          "uv": [
            0.0,
            0.0,
            1.4000000059604645,
            2.199999988079071
          ]
        },
        "south": {
          "texture": "#4",
          "uv": [
            0.0,
            0.0,
            0.7999999821186066,
            2.199999988079071
          ]
        },
        "west": {
          "texture": "#4",
          "uv": [
            0.0,
            0.0,
            1.4000000059604645,
            2.199999988079071
          ]
        },
        "up": {
          "texture": "#4",
          "uv": [
            0.0,
            0.0,
            0.7999999821186066,
            1.4000000059604645
          ]
        },
        "down": {
          "texture": "#4",
          "uv": [
            0.0,
            0.0,
            0.7999999821186066,
            1.4000000059604645
          ]
        }
      }
    },
    {
      "name": "Cube",
      "from": [
        2.0000000447034836,
        0.10000000149011612,
        14.599999994039536
      ],
      "to": [
        2.3000000193715096,
        2.299999989569187,
        14.899999983608723
      ],
      "faces": {
        "north": {
          "texture": "#4",
          "uv": [
            0.0,
            0.0,
            0.7999999821186066,
            2.199999988079071
          ]
        },
        "east": {
          "texture": "#4",
          "uv": [
            0.0,
            0.0,
            1.4000000059604645,
            2.199999988079071
          ]
        },
        "south": {
          "texture": "#4",
          "uv": [
            0.0,
            0.0,
            0.7999999821186066,
            2.199999988079071
          ]
        },
        "west": {
          "texture": "#4",
          "uv": [
            0.0,
            0.0,
            1.4000000059604645,
            2.199999988079071
          ]
        },
        "up": {
          "texture": "#4",
          "uv": [
            0.0,
            0.0,
            0.7999999821186066,
            1.4000000059604645
          ]
        },
        "down": {
          "texture": "#4",
          "uv": [
            0.0,
            0.0,
            0.7999999821186066,
            1.4000000059604645
          ]
        }
      }
    },
    {
      "name": "Cube",
      "from": [
        2.400000050663948,
        0.10000000149011612,
        14.599999994039536
      ],
      "to": [
        2.700000025331974,
        2.299999989569187,
        14.899999983608723
      ],
      "faces": {
        "north": {
          "texture": "#4",
          "uv": [
            0.0,
            0.0,
            0.7999999821186066,
            2.199999988079071
          ]
        },
        "east": {
          "texture": "#4",
          "uv": [
            0.0,
            0.0,
            1.4000000059604645,
            2.199999988079071
          ]
        },
        "south": {
          "texture": "#4",
          "uv": [
            0.0,
            0.0,
            0.7999999821186066,
            2.199999988079071
          ]
        },
        "west": {
          "texture": "#4",
          "uv": [
            0.0,
            0.0,
            1.4000000059604645,
            2.199999988079071
          ]
        },
        "up": {
          "texture": "#4",
          "uv": [
            0.0,
            0.0,
            0.7999999821186066,
            1.4000000059604645
          ]
        },
        "down": {
          "texture": "#4",
          "uv": [
            0.0,
            0.0,
            0.7999999821186066,
            1.4000000059604645
          ]
        }
      }
    },
    {
      "name": "Cube",
      "from": [
        2.400000050663948,
        0.10000000149011612,
        14.199999988079071
      ],
      "to": [
        2.700000025331974,
        2.299999989569187,
        14.499999977648258
      ],
      "faces": {
        "north": {
          "texture": "#4",
          "uv": [
            0.0,
            0.0,
            0.7999999821186066,
            2.199999988079071
          ]
        },
        "east": {
          "texture": "#4",
          "uv": [
            0.0,
            0.0,
            1.4000000059604645,
            2.199999988079071
          ]
        },
        "south": {
          "texture": "#4",
          "uv": [
            0.0,
            0.0,
            0.7999999821186066,
            2.199999988079071
          ]
        },
        "west": {
          "texture": "#4",
          "uv": [
            0.0,
            0.0,
            1.4000000059604645,
            2.199999988079071
          ]
        },
        "up": {
          "texture": "#4",
          "uv": [
            0.0,
            0.0,
            0.7999999821186066,
            1.4000000059604645
          ]
        },
        "down": {
          "texture": "#4",
          "uv": [
            0.0,
            0.0,
            0.7999999821186066,
            1.4000000059604645
          ]
        }
      }
    },
    {
      "name": "Cube",
      "from": [
        2.400000050663948,
        0.10000000149011612,
        13.799999982118607
      ],
      "to": [
        2.700000025331974,
        2.299999989569187,
        14.099999971687794
      ],
      "faces": {
        "north": {
          "texture": "#4",
          "uv": [
            0.0,
            0.0,
            0.7999999821186066,
            2.199999988079071
          ]
        },
        "east": {
          "texture": "#4",
          "uv": [
            0.0,
            0.0,
            1.4000000059604645,
            2.199999988079071
          ]
        },
        "south": {
          "texture": "#4",
          "uv": [
            0.0,
            0.0,
            0.7999999821186066,
            2.199999988079071
          ]
        },
        "west": {
          "texture": "#4",
          "uv": [
            0.0,
            0.0,
            1.4000000059604645,
            2.199999988079071
          ]
        },
        "up": {
          "texture": "#4",
          "uv": [
            0.0,
            0.0,
            0.7999999821186066,
            1.4000000059604645
          ]
        },
        "down": {
          "texture": "#4",
          "uv": [
            0.0,
            0.0,
            0.7999999821186066,
            1.4000000059604645
          ]
        }
      }
    },
    {
      "name": "BlueButton2",
      "from": [
        2.400000050663948,
        0.10000000149011612,
        14.999999985098839
      ],
      "to": [
        2.700000025331974,
        2.299999989569187,
        15.299999974668026
      ],
      "faces": {
        "north": {
          "texture": "#6",
          "uv": [
            0.0,
            0.0,
            0.7999999821186066,
            2.199999988079071
          ]
        },
        "east": {
          "texture": "#6",
          "uv": [
            0.0,
            0.0,
            1.4000000059604645,
            2.199999988079071
          ]
        },
        "south": {
          "texture": "#6",
          "uv": [
            0.0,
            0.0,
            0.7999999821186066,
            2.199999988079071
          ]
        },
        "west": {
          "texture": "#6",
          "uv": [
            0.0,
            0.0,
            1.4000000059604645,
            2.199999988079071
          ]
        },
        "up": {
          "texture": "#6",
          "uv": [
            0.0,
            0.0,
            0.7999999821186066,
            1.4000000059604645
          ]
        },
        "down": {
          "texture": "#6",
          "uv": [
            0.0,
            0.0,
            0.7999999821186066,
            1.4000000059604645
          ]
        }
      }
    },
    {
      "name": "BlueButton1",
      "from": [
        2.0000000447034836,
        0.10000000149011612,
        14.999999985098839
      ],
      "to": [
        2.3000000193715096,
        2.299999989569187,
        15.299999974668026
      ],
      "faces": {
        "north": {
          "texture": "#6",
          "uv": [
            0.0,
            0.0,
            0.7999999821186066,
            2.199999988079071
          ]
        },
        "east": {
          "texture": "#6",
          "uv": [
            0.0,
            0.0,
            1.4000000059604645,
            2.199999988079071
          ]
        },
        "south": {
          "texture": "#6",
          "uv": [
            0.0,
            0.0,
            0.7999999821186066,
            2.199999988079071
          ]
        },
        "west": {
          "texture": "#6",
          "uv": [
            0.0,
            0.0,
            1.4000000059604645,
            2.199999988079071
          ]
        },
        "up": {
          "texture": "#6",
          "uv": [
            0.0,
            0.0,
            0.7999999821186066,
            1.4000000059604645
          ]
        },
        "down": {
          "texture": "#6",
          "uv": [
            0.0,
            0.0,
            0.7999999821186066,
            1.4000000059604645
          ]
        }
      }
    },
    {
      "name": "GreenButton",
      "from": [
        1.2000000327825546,
        0.10000000149011612,
        14.999999985098839
      ],
      "to": [
        1.800000011920929,
        2.299999989569187,
        15.299999974668026
      ],
      "faces": {
        "north": {
          "texture": "#7",
          "uv": [
            0.0,
            0.0,
            0.7999999821186066,
            2.199999988079071
          ]
        },
        "east": {
          "texture": "#7",
          "uv": [
            0.0,
            0.0,
            1.4000000059604645,
            2.199999988079071
          ]
        },
        "south": {
          "texture": "#7",
          "uv": [
            0.0,
            0.0,
            0.7999999821186066,
            2.199999988079071
          ]
        },
        "west": {
          "texture": "#7",
          "uv": [
            0.0,
            0.0,
            1.4000000059604645,
            2.199999988079071
          ]
        },
        "up": {
          "texture": "#7",
          "uv": [
            0.0,
            0.0,
            0.7999999821186066,
            1.4000000059604645
          ]
        },
        "down": {
          "texture": "#7",
          "uv": [
            0.0,
            0.0,
            0.7999999821186066,
            1.4000000059604645
          ]
        }
      }
    },
    {
      "name": "MickeyScannerMain",
      "from": [
        0.0,
        0.4000000059604645,
        14.0
      ],
      "to": [
        1.0,
        1.4000000059604645,
        15.0
      ],
      "faces": {
        "north": {
          "texture": "#2",
          "uv": [
            2.0,
            4.0,
            3.0,
            5.0
          ]
        },
        "east": {
          "texture": "#2",
          "uv": [
            3.0,
            5.0,
            4.0,
            6.0
          ]
        },
        "south": {
          "texture": "#2",
          "uv": [
            1.0,
            3.0,
            2.0,
            4.0
          ]
        },
        "west": {
          "texture": "#2",
          "uv": [
            6.0,
            7.0,
            7.0,
            8.0
          ]
        },
        "up": {
          "texture": "#2",
          "uv": [
            2.0,
            4.0,
            3.0,
            5.0
          ]
        },
        "down": {
          "texture": "#2",
          "uv": [
            3.0,
            3.0,
            4.0,
            4.0
          ]
        }
      }
    },
    {
      "name": "MickeyScannerEar1",
      "from": [
        0.10000000149011612,
        1.2000000178813934,
        13.599999994039536
      ],
      "to": [
        0.6999999955296516,
        1.800000011920929,
        14.199999988079071
      ],
      "faces": {
        "north": {
          "texture": "#2",
          "uv": [
            2.0,
            4.0,
            2.5999999940395355,
            4.5999999940395355
          ]
        },
        "east": {
          "texture": "#2",
          "uv": [
            3.0,
            5.0,
            3.5999999940395355,
            5.5999999940395355
          ]
        },
        "south": {
          "texture": "#2",
          "uv": [
            1.0,
            3.0,
            1.5999999940395355,
            3.5999999940395355
          ]
        },
        "west": {
          "texture": "#2",
          "uv": [
            6.0,
            7.0,
            6.5999999940395355,
            7.5999999940395355
          ]
        },
        "up": {
          "texture": "#2",
          "uv": [
            2.0,
            4.0,
            2.5999999940395355,
            4.5999999940395355
          ]
        },
        "down": {
          "texture": "#2",
          "uv": [
            3.0,
            3.0,
            3.5999999940395355,
            3.5999999940395355
          ]
        }
      }
    },
    {
      "name": "MickeyScannerEar2",
      "from": [
        0.10000000149011612,
        1.2000000178813934,
        14.700000010430813
      ],
      "to": [
        0.6999999955296516,
        1.800000011920929,
        15.300000004470348
      ],
      "faces": {
        "north": {
          "texture": "#2",
          "uv": [
            2.0,
            4.0,
            2.5999999940395355,
            4.5999999940395355
          ]
        },
        "east": {
          "texture": "#2",
          "uv": [
            3.0,
            5.0,
            3.5999999940395355,
            5.5999999940395355
          ]
        },
        "south": {
          "texture": "#2",
          "uv": [
            1.0,
            3.0,
            1.5999999940395355,
            3.5999999940395355
          ]
        },
        "west": {
          "texture": "#2",
          "uv": [
            6.0,
            7.0,
            6.5999999940395355,
            7.5999999940395355
          ]
        },
        "up": {
          "texture": "#2",
          "uv": [
            2.0,
            4.0,
            2.5999999940395355,
            4.5999999940395355
          ]
        },
        "down": {
          "texture": "#2",
          "uv": [
            3.0,
            3.0,
            3.5999999940395355,
            3.5999999940395355
          ]
        }
      }
    },
    {
      "name": "MonitorBase",
      "from": [
        4.500000007450581,
        2.6999999955296516,
        3.0
      ],
      "to": [
        8.50000000745058,
        3.6999999955296516,
        8.0
      ],
      "faces": {
        "north": {
          "texture": "#4",
          "uv": [
            0.0,
            0.0,
            4.0,
            1.0
          ]
        },
        "east": {
          "texture": "#4",
          "uv": [
            0.0,
            0.0,
            5.0,
            1.0
          ]
        },
        "south": {
          "texture": "#4",
          "uv": [
            0.0,
            0.0,
            4.0,
            1.0
          ]
        },
        "west": {
          "texture": "#4",
          "uv": [
            0.0,
            0.0,
            5.0,
            1.0
          ]
        },
        "up": {
          "texture": "#4",
          "uv": [
            0.0,
            0.0,
            4.0,
            5.0
          ]
        },
        "down": {
          "texture": "#4",
          "uv": [
            0.0,
            0.0,
            4.0,
            5.0
          ]
        }
      }
    }
  ]
}
