{
  "__comment": "Model_generated_using_MrCrayfish\u0027s_Model_Creator_(http://mrcrayfish.com/modelcreator/)",
  "textures": {
    "particle": "block/birch_planks",
    "0": "block/itemframe_background"
  },
  "elements": [
    {
      "name": "Element",
      "from": [
        3.0,
        3.0,
        15.5
      ],
      "to": [
        13.0,
        13.0,
        15.49999999254942
      ],
      "faces": {
        "north": {
          "texture": "#0",
          "uv": [
            3.0,
            3.0,
            13.0,
            13.0
          ]
        },
        "south": {
          "texture": "#0",
          "uv": [
            3.0,
            3.0,
            13.0,
            13.0
          ]
        }
      }
    }
  ]
}
