{
	"credit": "Made with Blockbench",
	"ambientocclusion": false,
	"textures": {
		"particle": "block/black_concrete"
	},
	"elements": [
		{
			"name": "Element",
			"from": [7.7, 0, 0],
			"to": [8.3, 1, 16],
			"rotation": {"angle": 0, "axis": "y", "origin": [8, 7.8, 8]},
			"faces": {
				"north": {"uv": [7.125, 0, 8.375, 15.975], "texture": "#particle"},
				"east": {"uv": [7.125, 0, 8.375, 15.975], "texture": "#particle"},
				"south": {"uv": [7.125, 0, 8.375, 15.975], "texture": "#particle"},
				"west": {"uv": [7.125, 0, 8.375, 15.975], "texture": "#particle"},
				"up": {"uv": [7.125, 0, 8.375, 15.975], "texture": "#particle"},
				"down": {"uv": [7.125, 0, 8.375, 15.975], "texture": "#particle"}
			}
		},
		{
			"name": "Element",
			"from": [0, 0, 7.7],
			"to": [16, 1, 8.3],
			"rotation": {"angle": 0, "axis": "y", "origin": [8, 7.8, 8]},
			"faces": {
				"north": {"uv": [7.125, 0, 8.375, 15.975], "texture": "#particle"},
				"east": {"uv": [7.125, 0, 8.375, 15.975], "texture": "#particle"},
				"south": {"uv": [7.125, 0, 8.375, 15.975], "texture": "#particle"},
				"west": {"uv": [7.125, 0, 8.375, 15.975], "texture": "#particle"},
				"up": {"uv": [7.125, 0, 8.375, 15.975], "texture": "#particle"},
				"down": {"uv": [7.125, 0, 8.375, 15.975], "texture": "#particle"}
			}
		}
	]
}