{
	"credit": "Made with Blockbench",
	"textures": {
		"1": "block/anvil",
		"2": "block/astrogrill",
		"3": "block/cyan_terracotta",
		"4": "block/orange_wool",
		"5": "block/note_block",
		"6": "block/blue_wool",
		"particle": "block/acacia_planks"
	},
	"elements": [
		{
			"name": "hexadecagon",
			"from": [6.25082, 24.75, 5.7],
			"to": [6.54918, 26.25, 6.7],
			"rotation": {"angle": 22.5, "axis": "z", "origin": [6.4, 25.5, 6.2]},
			"faces": {
				"north": {"uv": [1, 0, 0, 1], "texture": "#6"},
				"east": {"uv": [1, 0, 0, 1], "texture": "#6"},
				"south": {"uv": [1, 0, 0, 1], "texture": "#6"},
				"west": {"uv": [1, 0, 0, 1], "texture": "#6"},
				"up": {"uv": [1, 0, 0, 1], "texture": "#6"},
				"down": {"uv": [1, 0, 0, 1], "texture": "#6"}
			}
		},
		{
			"name": "hexadecagon",
			"from": [6.25082, 24.75, 5.7],
			"to": [6.54918, 26.25, 6.7],
			"rotation": {"angle": 0, "axis": "y", "origin": [6.4, 25.5, 6.2]},
			"faces": {
				"north": {"uv": [1, 0, 0, 1], "texture": "#6"},
				"east": {"uv": [1, 0, 0, 1], "texture": "#6"},
				"south": {"uv": [1, 0, 0, 1], "texture": "#6"},
				"west": {"uv": [1, 0, 0, 1], "texture": "#6"},
				"up": {"uv": [1, 0, 0, 1], "texture": "#6"},
				"down": {"uv": [1, 0, 0, 1], "texture": "#6"}
			}
		},
		{
			"name": "hexadecagon",
			"from": [6.25082, 24.75, 5.7],
			"to": [6.54918, 26.25, 6.7],
			"rotation": {"angle": -22.5, "axis": "z", "origin": [6.4, 25.5, 6.2]},
			"faces": {
				"north": {"uv": [1, 0, 0, 1], "texture": "#6"},
				"east": {"uv": [1, 0, 0, 1], "texture": "#6"},
				"south": {"uv": [1, 0, 0, 1], "texture": "#6"},
				"west": {"uv": [1, 0, 0, 1], "texture": "#6"},
				"up": {"uv": [1, 0, 0, 1], "texture": "#6"},
				"down": {"uv": [1, 0, 0, 1], "texture": "#6"}
			}
		},
		{
			"name": "hexadecagon",
			"from": [6.25082, 24.75, 5.7],
			"to": [6.54918, 26.25, 6.7],
			"rotation": {"angle": -45, "axis": "z", "origin": [6.4, 25.5, 6.2]},
			"faces": {
				"north": {"uv": [1, 0, 0, 1], "texture": "#6"},
				"east": {"uv": [1, 0, 0, 1], "texture": "#6"},
				"south": {"uv": [1, 0, 0, 1], "texture": "#6"},
				"west": {"uv": [1, 0, 0, 1], "texture": "#6"},
				"up": {"uv": [1, 0, 0, 1], "texture": "#6"},
				"down": {"uv": [1, 0, 0, 1], "texture": "#6"}
			}
		},
		{
			"name": "hexadecagon",
			"from": [5.65, 25.35082, 5.7],
			"to": [7.15, 25.64918, 6.7],
			"rotation": {"angle": 22.5, "axis": "z", "origin": [6.4, 25.5, 6.2]},
			"faces": {
				"north": {"uv": [1, 0, 0, 1], "texture": "#6"},
				"east": {"uv": [1, 0, 0, 1], "texture": "#6"},
				"south": {"uv": [1, 0, 0, 1], "texture": "#6"},
				"west": {"uv": [1, 0, 0, 1], "texture": "#6"},
				"up": {"uv": [1, 0, 0, 1], "texture": "#6"},
				"down": {"uv": [1, 0, 0, 1], "texture": "#6"}
			}
		},
		{
			"name": "hexadecagon",
			"from": [5.65, 25.35082, 5.7],
			"to": [7.15, 25.64918, 6.7],
			"rotation": {"angle": 0, "axis": "y", "origin": [6.4, 25.5, 6.2]},
			"faces": {
				"north": {"uv": [1, 0, 0, 1], "texture": "#6"},
				"east": {"uv": [1, 0, 0, 1], "texture": "#6"},
				"south": {"uv": [1, 0, 0, 1], "texture": "#6"},
				"west": {"uv": [1, 0, 0, 1], "texture": "#6"},
				"up": {"uv": [1, 0, 0, 1], "texture": "#6"},
				"down": {"uv": [1, 0, 0, 1], "texture": "#6"}
			}
		},
		{
			"name": "hexadecagon",
			"from": [5.65, 25.35082, 5.7],
			"to": [7.15, 25.64918, 6.7],
			"rotation": {"angle": -22.5, "axis": "z", "origin": [6.4, 25.5, 6.2]},
			"faces": {
				"north": {"uv": [1, 0, 0, 1], "texture": "#6"},
				"east": {"uv": [1, 0, 0, 1], "texture": "#6"},
				"south": {"uv": [1, 0, 0, 1], "texture": "#6"},
				"west": {"uv": [1, 0, 0, 1], "texture": "#6"},
				"up": {"uv": [1, 0, 0, 1], "texture": "#6"},
				"down": {"uv": [1, 0, 0, 1], "texture": "#6"}
			}
		},
		{
			"name": "hexadecagon",
			"from": [9.45082, 24.75, 5.7],
			"to": [9.74918, 26.25, 6.7],
			"rotation": {"angle": -45, "axis": "z", "origin": [9.6, 25.5, 6.2]},
			"faces": {
				"north": {"uv": [0, 0, 1, 1], "texture": "#6"},
				"east": {"uv": [0, 0, 1, 1], "texture": "#6"},
				"south": {"uv": [0, 0, 1, 1], "texture": "#6"},
				"west": {"uv": [0, 0, 1, 1], "texture": "#6"},
				"up": {"uv": [0, 0, 1, 1], "texture": "#6"},
				"down": {"uv": [0, 0, 1, 1], "texture": "#6"}
			}
		},
		{
			"name": "hexadecagon",
			"from": [9.45082, 24.75, 5.7],
			"to": [9.74918, 26.25, 6.7],
			"rotation": {"angle": -22.5, "axis": "z", "origin": [9.6, 25.5, 6.2]},
			"faces": {
				"north": {"uv": [0, 0, 1, 1], "texture": "#6"},
				"east": {"uv": [0, 0, 1, 1], "texture": "#6"},
				"south": {"uv": [0, 0, 1, 1], "texture": "#6"},
				"west": {"uv": [0, 0, 1, 1], "texture": "#6"},
				"up": {"uv": [0, 0, 1, 1], "texture": "#6"},
				"down": {"uv": [0, 0, 1, 1], "texture": "#6"}
			}
		},
		{
			"name": "hexadecagon",
			"from": [9.45082, 24.75, 5.7],
			"to": [9.74918, 26.25, 6.7],
			"rotation": {"angle": 0, "axis": "y", "origin": [9.6, 25.5, 6.2]},
			"faces": {
				"north": {"uv": [0, 0, 1, 1], "texture": "#6"},
				"east": {"uv": [0, 0, 1, 1], "texture": "#6"},
				"south": {"uv": [0, 0, 1, 1], "texture": "#6"},
				"west": {"uv": [0, 0, 1, 1], "texture": "#6"},
				"up": {"uv": [0, 0, 1, 1], "texture": "#6"},
				"down": {"uv": [0, 0, 1, 1], "texture": "#6"}
			}
		},
		{
			"name": "hexadecagon",
			"from": [9.45082, 24.75, 5.7],
			"to": [9.74918, 26.25, 6.7],
			"rotation": {"angle": 22.5, "axis": "z", "origin": [9.6, 25.5, 6.2]},
			"faces": {
				"north": {"uv": [0, 0, 1, 1], "texture": "#6"},
				"east": {"uv": [0, 0, 1, 1], "texture": "#6"},
				"south": {"uv": [0, 0, 1, 1], "texture": "#6"},
				"west": {"uv": [0, 0, 1, 1], "texture": "#6"},
				"up": {"uv": [0, 0, 1, 1], "texture": "#6"},
				"down": {"uv": [0, 0, 1, 1], "texture": "#6"}
			}
		},
		{
			"name": "hexadecagon",
			"from": [9.45082, 24.75, 5.7],
			"to": [9.74918, 26.25, 6.7],
			"rotation": {"angle": 45, "axis": "z", "origin": [9.6, 25.5, 6.2]},
			"faces": {
				"north": {"uv": [0, 0, 1, 1], "texture": "#6"},
				"east": {"uv": [0, 0, 1, 1], "texture": "#6"},
				"south": {"uv": [0, 0, 1, 1], "texture": "#6"},
				"west": {"uv": [0, 0, 1, 1], "texture": "#6"},
				"up": {"uv": [0, 0, 1, 1], "texture": "#6"},
				"down": {"uv": [0, 0, 1, 1], "texture": "#6"}
			}
		},
		{
			"name": "hexadecagon",
			"from": [8.85, 25.35082, 5.7],
			"to": [10.35, 25.64918, 6.7],
			"rotation": {"angle": -22.5, "axis": "z", "origin": [9.6, 25.5, 6.2]},
			"faces": {
				"north": {"uv": [0, 0, 1, 1], "texture": "#6"},
				"east": {"uv": [0, 0, 1, 1], "texture": "#6"},
				"south": {"uv": [0, 0, 1, 1], "texture": "#6"},
				"west": {"uv": [0, 0, 1, 1], "texture": "#6"},
				"up": {"uv": [0, 0, 1, 1], "texture": "#6"},
				"down": {"uv": [0, 0, 1, 1], "texture": "#6"}
			}
		},
		{
			"name": "hexadecagon",
			"from": [8.85, 25.35082, 5.7],
			"to": [10.35, 25.64918, 6.7],
			"rotation": {"angle": 0, "axis": "y", "origin": [9.6, 25.5, 6.2]},
			"faces": {
				"north": {"uv": [0, 0, 1, 1], "texture": "#6"},
				"east": {"uv": [0, 0, 1, 1], "texture": "#6"},
				"south": {"uv": [0, 0, 1, 1], "texture": "#6"},
				"west": {"uv": [0, 0, 1, 1], "texture": "#6"},
				"up": {"uv": [0, 0, 1, 1], "texture": "#6"},
				"down": {"uv": [0, 0, 1, 1], "texture": "#6"}
			}
		},
		{
			"name": "hexadecagon",
			"from": [8.85, 25.35082, 5.7],
			"to": [10.35, 25.64918, 6.7],
			"rotation": {"angle": 22.5, "axis": "z", "origin": [9.6, 25.5, 6.2]},
			"faces": {
				"north": {"uv": [0, 0, 1, 1], "texture": "#6"},
				"east": {"uv": [0, 0, 1, 1], "texture": "#6"},
				"south": {"uv": [0, 0, 1, 1], "texture": "#6"},
				"west": {"uv": [0, 0, 1, 1], "texture": "#6"},
				"up": {"uv": [0, 0, 1, 1], "texture": "#6"},
				"down": {"uv": [0, 0, 1, 1], "texture": "#6"}
			}
		},
		{
			"from": [3.5, 23, 5],
			"to": [12.5, 24, 12],
			"rotation": {"angle": 0, "axis": "y", "origin": [16.5, 31, 16]},
			"faces": {
				"north": {"uv": [0, 0, 9, 1], "texture": "#3"},
				"east": {"uv": [0, 0, 7, 1], "texture": "#3"},
				"south": {"uv": [0, 0, 9, 1], "texture": "#3"},
				"west": {"uv": [0, 0, 7, 1], "texture": "#3"},
				"up": {"uv": [0, 0, 9, 7], "texture": "#3"},
				"down": {"uv": [0, 0, 9, 7], "texture": "#3"}
			}
		},
		{
			"from": [7.2, 22.3, 4.7],
			"to": [8.8, 24.3, 7],
			"rotation": {"angle": 0, "axis": "y", "origin": [16.5, 31, 16]},
			"faces": {
				"north": {"uv": [0, 0, 15.75, 16], "texture": "#5"},
				"east": {"uv": [0, 0, 15.75, 16], "texture": "#5"},
				"south": {"uv": [0, 0, 15.75, 16], "texture": "#5"},
				"west": {"uv": [0, 0, 15.75, 16], "texture": "#5"},
				"up": {"uv": [0, 0, 15.75, 16], "texture": "#5"},
				"down": {"uv": [0, 0, 15.75, 16], "texture": "#5"}
			}
		},
		{
			"from": [7.1, 22.7, 4.6],
			"to": [8.9, 24, 7],
			"rotation": {"angle": 0, "axis": "y", "origin": [16.5, 31, 16]},
			"faces": {
				"north": {"uv": [0, 0, 15.75, 16], "texture": "#5"},
				"east": {"uv": [0, 0, 15.75, 16], "texture": "#5"},
				"south": {"uv": [0, 0, 15.75, 16], "texture": "#5"},
				"west": {"uv": [0, 0, 15.75, 16], "texture": "#5"},
				"up": {"uv": [0, 0, 15.75, 16], "texture": "#5"},
				"down": {"uv": [0, 0, 15.75, 16], "texture": "#5"}
			}
		},
		{
			"from": [7.2, 23.1, 4.5],
			"to": [8.8, 24.3, 7],
			"rotation": {"angle": 0, "axis": "y", "origin": [16.5, 31, 16]},
			"faces": {
				"north": {"uv": [0, 0, 15.75, 16], "texture": "#5"},
				"east": {"uv": [0, 0, 15.75, 16], "texture": "#5"},
				"south": {"uv": [0, 0, 15.75, 16], "texture": "#5"},
				"west": {"uv": [0, 0, 15.75, 16], "texture": "#5"},
				"up": {"uv": [0, 0, 15.75, 16], "texture": "#5"},
				"down": {"uv": [0, 0, 15.75, 16], "texture": "#5"}
			}
		},
		{
			"from": [7.5, 24.3, 4.5],
			"to": [8.5, 24.8, 7],
			"rotation": {"angle": 0, "axis": "y", "origin": [16.5, 31, 16]},
			"faces": {
				"north": {"uv": [0, 0, 15.75, 16], "texture": "#5"},
				"east": {"uv": [0, 0, 15.75, 16], "texture": "#5"},
				"south": {"uv": [0, 0, 15.75, 16], "texture": "#5"},
				"west": {"uv": [0, 0, 15.75, 16], "texture": "#5"},
				"up": {"uv": [0, 0, 15.75, 16], "texture": "#5"},
				"down": {"uv": [0, 0, 15.75, 16], "texture": "#5"}
			}
		},
		{
			"from": [4.5, 23.3, 6],
			"to": [11.5, 26, 11],
			"rotation": {"angle": 0, "axis": "y", "origin": [16.5, 31, 16]},
			"faces": {
				"north": {"uv": [4, 14, 5, 15], "texture": "#1"},
				"east": {"uv": [4, 14, 5, 15], "texture": "#1"},
				"south": {"uv": [4, 14, 5, 15], "texture": "#1"},
				"west": {"uv": [4, 14, 5, 15], "texture": "#1"},
				"up": {"uv": [4, 14, 5, 15], "texture": "#1"},
				"down": {"uv": [4, 14, 5, 15], "texture": "#1"}
			}
		},
		{
			"from": [5.5, 26, 6],
			"to": [10.5, 27, 11],
			"rotation": {"angle": 0, "axis": "y", "origin": [16.5, 34, 16]},
			"faces": {
				"north": {"uv": [4, 14, 5, 15], "texture": "#1"},
				"east": {"uv": [4, 14, 5, 15], "texture": "#1"},
				"south": {"uv": [4, 14, 5, 15], "texture": "#1"},
				"west": {"uv": [4, 14, 5, 15], "texture": "#1"},
				"up": {"uv": [4, 14, 5, 15], "texture": "#1"},
				"down": {"uv": [4, 14, 5, 15], "texture": "#1"}
			}
		},
		{
			"from": [8.62504, 25.76534, 5],
			"to": [9.62504, 28.76534, 12],
			"rotation": {"angle": -22.5, "axis": "z", "origin": [1.62504, 37.76534, 16]},
			"faces": {
				"north": {"uv": [0, 0, 3, 1], "rotation": 90, "texture": "#3"},
				"east": {"uv": [0, 0, 3, 7], "rotation": 270, "texture": "#3"},
				"south": {"uv": [0, 0, 3, 1], "rotation": 270, "texture": "#3"},
				"west": {"uv": [0, 0, 3, 7], "rotation": 270, "texture": "#3"},
				"up": {"uv": [0, 0, 7, 1], "rotation": 270, "texture": "#3"},
				"down": {"uv": [0, 0, 7, 1], "rotation": 270, "texture": "#3"}
			}
		},
		{
			"from": [6.37496, 25.76534, 5],
			"to": [7.37496, 28.76534, 12],
			"rotation": {"angle": 22.5, "axis": "z", "origin": [14.37496, 37.76534, 16]},
			"faces": {
				"north": {"uv": [0, 1, 3, 2], "rotation": 90, "texture": "#3"},
				"east": {"uv": [0, 7, 3, 14], "rotation": 270, "texture": "#3"},
				"south": {"uv": [0, 1, 3, 2], "rotation": 270, "texture": "#3"},
				"west": {"uv": [0, 7, 3, 14], "rotation": 270, "texture": "#3"},
				"up": {"uv": [0, 1, 7, 2], "rotation": 270, "texture": "#3"},
				"down": {"uv": [0, 1, 7, 2], "rotation": 270, "texture": "#3"}
			}
		},
		{
			"from": [1.20806, 29.06563, 5],
			"to": [3.20806, 30.06563, 12],
			"rotation": {"angle": 22.5, "axis": "z", "origin": [11.20806, 37.06563, 16]},
			"faces": {
				"north": {"uv": [0, 0, 2, 1], "texture": "#3"},
				"east": {"uv": [0, 0, 7, 1], "texture": "#3"},
				"south": {"uv": [0, 0, 2, 1], "texture": "#3"},
				"west": {"uv": [0, 0, 7, 1], "texture": "#3"},
				"up": {"uv": [0, 0, 2, 7], "texture": "#3"},
				"down": {"uv": [0, 0, 2, 7], "texture": "#3"}
			}
		},
		{
			"from": [2.10806, 29.36563, 2.9],
			"to": [2.70806, 29.76563, 5],
			"rotation": {"angle": 22.5, "axis": "z", "origin": [11.20806, 37.06563, 16]},
			"faces": {
				"north": {"uv": [8, 10, 9, 10], "texture": "#1"},
				"east": {"uv": [8, 10, 9, 10], "texture": "#1"},
				"south": {"uv": [8, 10, 9, 10], "texture": "#1"},
				"west": {"uv": [8, 10, 9, 10], "texture": "#1"},
				"up": {"uv": [8, 10, 9, 10], "texture": "#1"},
				"down": {"uv": [8, 10, 9, 10], "texture": "#1"}
			}
		},
		{
			"from": [1.60806, 29.66563, 2],
			"to": [3.00806, 30.06563, 4.4],
			"rotation": {"angle": 22.5, "axis": "z", "origin": [11.20806, 37.36563, 16]},
			"faces": {
				"north": {"uv": [8, 10, 9, 10], "texture": "#4"},
				"east": {"uv": [8, 10, 9, 10], "texture": "#4"},
				"south": {"uv": [8, 10, 9, 10], "texture": "#4"},
				"west": {"uv": [8, 10, 9, 10], "texture": "#4"},
				"up": {"uv": [8, 10, 9, 10], "texture": "#4"},
				"down": {"uv": [8, 10, 9, 10], "texture": "#4"}
			}
		},
		{
			"from": [12.99194, 29.66563, 2],
			"to": [14.39194, 30.06563, 4.4],
			"rotation": {"angle": -22.5, "axis": "z", "origin": [4.79194, 37.36563, 16]},
			"faces": {
				"north": {"uv": [9, 10, 8, 10], "texture": "#4"},
				"east": {"uv": [9, 10, 8, 10], "texture": "#4"},
				"south": {"uv": [9, 10, 8, 10], "texture": "#4"},
				"west": {"uv": [9, 10, 8, 10], "texture": "#4"},
				"up": {"uv": [9, 10, 8, 10], "texture": "#4"},
				"down": {"uv": [9, 10, 8, 10], "texture": "#4"}
			}
		},
		{
			"from": [8.57416, 27.0833, 2],
			"to": [9.57416, 27.4833, 4.4],
			"rotation": {"angle": 0, "axis": "y", "origin": [-0.02584, 34.7833, 16]},
			"faces": {
				"north": {"uv": [9, 10, 8, 10], "texture": "#4"},
				"east": {"uv": [9, 10, 8, 10], "texture": "#4"},
				"south": {"uv": [9, 10, 8, 10], "texture": "#4"},
				"west": {"uv": [9, 10, 8, 10], "texture": "#4"},
				"up": {"uv": [9, 10, 8, 10], "texture": "#4"},
				"down": {"uv": [9, 10, 8, 10], "texture": "#4"}
			}
		},
		{
			"from": [6.42584, 27.0833, 2],
			"to": [7.42584, 27.4833, 4.4],
			"rotation": {"angle": 0, "axis": "y", "origin": [16.02584, 34.7833, 16]},
			"faces": {
				"north": {"uv": [8, 10, 9, 10], "texture": "#4"},
				"east": {"uv": [8, 10, 9, 10], "texture": "#4"},
				"south": {"uv": [8, 10, 9, 10], "texture": "#4"},
				"west": {"uv": [8, 10, 9, 10], "texture": "#4"},
				"up": {"uv": [8, 10, 9, 10], "texture": "#4"},
				"down": {"uv": [8, 10, 9, 10], "texture": "#4"}
			}
		},
		{
			"from": [7.02584, 27.2833, 2],
			"to": [8.92584, 27.6833, 4.4],
			"rotation": {"angle": 0, "axis": "y", "origin": [16.62584, 34.9833, 16]},
			"faces": {
				"north": {"uv": [8, 10, 9, 10], "texture": "#4"},
				"east": {"uv": [8, 10, 9, 10], "texture": "#4"},
				"south": {"uv": [8, 10, 9, 10], "texture": "#4"},
				"west": {"uv": [8, 10, 9, 10], "texture": "#4"},
				"up": {"uv": [8, 10, 9, 10], "texture": "#4"},
				"down": {"uv": [8, 10, 9, 10], "texture": "#4"}
			}
		},
		{
			"from": [13.29194, 29.36563, 2.8],
			"to": [13.89194, 29.76563, 5],
			"rotation": {"angle": -22.5, "axis": "z", "origin": [4.79194, 37.06563, 16]},
			"faces": {
				"north": {"uv": [9, 10, 8, 10], "texture": "#1"},
				"east": {"uv": [9, 10, 8, 10], "texture": "#1"},
				"south": {"uv": [9, 10, 8, 10], "texture": "#1"},
				"west": {"uv": [9, 10, 8, 10], "texture": "#1"},
				"up": {"uv": [9, 10, 8, 10], "texture": "#1"},
				"down": {"uv": [9, 10, 8, 10], "texture": "#1"}
			}
		},
		{
			"from": [6.40419, 26.53701, 5],
			"to": [9.50419, 27.53701, 12],
			"rotation": {"angle": 0, "axis": "y", "origin": [17.20419, 34.53701, 16]},
			"faces": {
				"north": {"uv": [0, 0, 3.1, 1], "texture": "#3"},
				"east": {"uv": [0, 0, 7, 1], "texture": "#3"},
				"south": {"uv": [0, 0, 3.1, 1], "texture": "#3"},
				"west": {"uv": [0, 0, 7, 1], "texture": "#3"},
				"up": {"uv": [0, 0, 3.1, 7], "texture": "#3"},
				"down": {"uv": [0, 0, 3.1, 7], "texture": "#3"}
			}
		},
		{
			"from": [12.79194, 29.06563, 5],
			"to": [14.79194, 30.06563, 12],
			"rotation": {"angle": -22.5, "axis": "z", "origin": [4.79194, 37.06563, 16]},
			"faces": {
				"north": {"uv": [2, 0, 4, 1], "texture": "#3"},
				"east": {"uv": [7, 0, 14, 1], "texture": "#3"},
				"south": {"uv": [2, 0, 4, 1], "texture": "#3"},
				"west": {"uv": [7, 0, 14, 1], "texture": "#3"},
				"up": {"uv": [2, 0, 4, 7], "texture": "#3"},
				"down": {"uv": [2, 0, 4, 7], "texture": "#3"}
			}
		},
		{
			"name": "hexadecagon",
			"from": [2.5, 24.70163, 6.5],
			"to": [13.5, 25.29837, 9.5],
			"rotation": {"angle": -45, "axis": "x", "origin": [3, 25, 8]},
			"faces": {
				"north": {"uv": [0, 0, 1, 1], "texture": "#1"},
				"east": {"uv": [0, 0, 1, 1], "texture": "#1"},
				"south": {"uv": [0, 0, 1, 1], "texture": "#1"},
				"west": {"uv": [4, 14, 5, 15], "texture": "#1"},
				"up": {"uv": [0, 0, 1, 1], "texture": "#1"},
				"down": {"uv": [0, 0, 1, 1], "texture": "#1"}
			}
		},
		{
			"name": "hexadecagon",
			"from": [2.5, 24.70163, 6.5],
			"to": [13.5, 25.29837, 9.5],
			"rotation": {"angle": -22.5, "axis": "x", "origin": [3, 25, 8]},
			"faces": {
				"north": {"uv": [0, 0, 1, 1], "texture": "#1"},
				"east": {"uv": [0, 0, 1, 1], "texture": "#1"},
				"south": {"uv": [0, 0, 1, 1], "texture": "#1"},
				"west": {"uv": [4, 14, 5, 15], "texture": "#1"},
				"up": {"uv": [0, 0, 1, 1], "texture": "#1"},
				"down": {"uv": [0, 0, 1, 1], "texture": "#1"}
			}
		},
		{
			"name": "hexadecagon",
			"from": [2.5, 24.70163, 6.5],
			"to": [13.5, 25.29837, 9.5],
			"rotation": {"angle": 0, "axis": "y", "origin": [3, 25, 8]},
			"faces": {
				"north": {"uv": [0, 0, 1, 1], "texture": "#1"},
				"east": {"uv": [0, 0, 1, 1], "texture": "#1"},
				"south": {"uv": [0, 0, 1, 1], "texture": "#1"},
				"west": {"uv": [4, 14, 5, 15], "texture": "#1"},
				"up": {"uv": [0, 0, 1, 1], "texture": "#1"},
				"down": {"uv": [0, 0, 1, 1], "texture": "#1"}
			}
		},
		{
			"name": "hexadecagon",
			"from": [2.5, 24.70163, 6.5],
			"to": [13.5, 25.29837, 9.5],
			"rotation": {"angle": 22.5, "axis": "x", "origin": [3, 25, 8]},
			"faces": {
				"north": {"uv": [0, 0, 1, 1], "texture": "#1"},
				"east": {"uv": [0, 0, 1, 1], "texture": "#1"},
				"south": {"uv": [0, 0, 1, 1], "texture": "#1"},
				"west": {"uv": [4, 14, 5, 15], "texture": "#1"},
				"up": {"uv": [0, 0, 1, 1], "texture": "#1"},
				"down": {"uv": [0, 0, 1, 1], "texture": "#1"}
			}
		},
		{
			"name": "hexadecagon",
			"from": [2.5, 24.70163, 6.5],
			"to": [13.5, 25.29837, 9.5],
			"rotation": {"angle": 45, "axis": "x", "origin": [3, 25, 8]},
			"faces": {
				"north": {"uv": [0, 0, 1, 1], "texture": "#1"},
				"east": {"uv": [0, 0, 1, 1], "texture": "#1"},
				"south": {"uv": [0, 0, 1, 1], "texture": "#1"},
				"west": {"uv": [4, 14, 5, 15], "texture": "#1"},
				"up": {"uv": [0, 0, 1, 1], "texture": "#1"},
				"down": {"uv": [0, 0, 1, 1], "texture": "#1"}
			}
		},
		{
			"name": "hexadecagon",
			"from": [2.5, 23.5, 7.70163],
			"to": [13.5, 26.5, 8.29837],
			"rotation": {"angle": -22.5, "axis": "x", "origin": [3, 25, 8]},
			"faces": {
				"north": {"uv": [0, 0, 1, 1], "texture": "#1"},
				"east": {"uv": [0, 0, 1, 1], "texture": "#1"},
				"south": {"uv": [0, 0, 1, 1], "texture": "#1"},
				"west": {"uv": [4, 14, 5, 15], "texture": "#1"},
				"up": {"uv": [0, 0, 1, 1], "texture": "#1"},
				"down": {"uv": [0, 0, 1, 1], "texture": "#1"}
			}
		},
		{
			"name": "hexadecagon",
			"from": [2.5, 23.5, 7.70163],
			"to": [13.5, 26.5, 8.29837],
			"rotation": {"angle": 0, "axis": "y", "origin": [3, 25, 8]},
			"faces": {
				"north": {"uv": [0, 0, 1, 1], "texture": "#1"},
				"east": {"uv": [0, 0, 1, 1], "texture": "#1"},
				"south": {"uv": [0, 0, 1, 1], "texture": "#1"},
				"west": {"uv": [4, 14, 5, 15], "texture": "#1"},
				"up": {"uv": [0, 0, 1, 1], "texture": "#1"},
				"down": {"uv": [0, 0, 1, 1], "texture": "#1"}
			}
		},
		{
			"name": "hexadecagon",
			"from": [2.5, 23.5, 7.70163],
			"to": [13.5, 26.5, 8.29837],
			"rotation": {"angle": 22.5, "axis": "x", "origin": [3, 25, 8]},
			"faces": {
				"north": {"uv": [0, 0, 1, 1], "texture": "#1"},
				"east": {"uv": [0, 0, 1, 1], "texture": "#1"},
				"south": {"uv": [0, 0, 1, 1], "texture": "#1"},
				"west": {"uv": [4, 14, 5, 15], "texture": "#1"},
				"up": {"uv": [0, 0, 1, 1], "texture": "#1"},
				"down": {"uv": [0, 0, 1, 1], "texture": "#1"}
			}
		},
		{
			"name": "hexadecagon",
			"from": [2.8, 23.5, 7.70163],
			"to": [3.8, 30.5, 8.29837],
			"rotation": {"angle": 22.5, "axis": "x", "origin": [3, 25, 8]},
			"faces": {
				"north": {"uv": [0, 0, 1, 1], "texture": "#1"},
				"east": {"uv": [0, 0, 1, 1], "texture": "#1"},
				"south": {"uv": [0, 0, 1, 1], "texture": "#1"},
				"west": {"uv": [4, 14, 5, 15], "texture": "#1"},
				"up": {"uv": [0, 0, 1, 1], "texture": "#1"},
				"down": {"uv": [0, 0, 1, 1], "texture": "#1"}
			}
		},
		{
			"name": "hexadecagon",
			"from": [2.7, 29.5, 7.60163],
			"to": [3.9, 30.4, 8.39837],
			"rotation": {"angle": 22.5, "axis": "x", "origin": [3, 25, 8]},
			"faces": {
				"north": {"uv": [10, 14, 11, 15], "texture": "#1"},
				"east": {"uv": [10, 14, 11, 15], "texture": "#1"},
				"south": {"uv": [10, 14, 11, 15], "texture": "#1"},
				"west": {"uv": [10, 14, 11, 15], "texture": "#1"},
				"up": {"uv": [10, 14, 11, 15], "texture": "#1"},
				"down": {"uv": [10, 14, 11, 15], "texture": "#1"}
			}
		},
		{
			"name": "hexadecagon",
			"from": [3.9, 29.6, 7.70163],
			"to": [12.5, 30.3, 8.29837],
			"rotation": {"angle": 22.5, "axis": "x", "origin": [3, 25, 8]},
			"faces": {
				"north": {"uv": [0, 0, 1, 1], "texture": "#1"},
				"east": {"uv": [0, 0, 1, 1], "texture": "#1"},
				"south": {"uv": [0, 0, 1, 1], "texture": "#1"},
				"west": {"uv": [3, 10, 4, 11], "texture": "#1"},
				"up": {"uv": [0, 0, 1, 1], "texture": "#1"},
				"down": {"uv": [0, 0, 1, 1], "texture": "#1"}
			}
		},
		{
			"name": "hexadecagon",
			"from": [12.1, 29.5, 7.60163],
			"to": [13.3, 30.4, 8.39837],
			"rotation": {"angle": 22.5, "axis": "x", "origin": [13, 25, 8]},
			"faces": {
				"north": {"uv": [10, 14, 11, 15], "texture": "#1"},
				"east": {"uv": [10, 14, 11, 15], "texture": "#1"},
				"south": {"uv": [10, 14, 11, 15], "texture": "#1"},
				"west": {"uv": [10, 14, 11, 15], "texture": "#1"},
				"up": {"uv": [10, 14, 11, 15], "texture": "#1"},
				"down": {"uv": [10, 14, 11, 15], "texture": "#1"}
			}
		},
		{
			"name": "hexadecagon",
			"from": [12.2, 23.5, 7.70163],
			"to": [13.2, 30.5, 8.29837],
			"rotation": {"angle": 22.5, "axis": "x", "origin": [13, 25, 8]},
			"faces": {
				"north": {"uv": [1, 0, 0, 1], "texture": "#1"},
				"east": {"uv": [5, 14, 4, 15], "texture": "#1"},
				"south": {"uv": [1, 0, 0, 1], "texture": "#1"},
				"west": {"uv": [1, 0, 0, 1], "texture": "#1"},
				"up": {"uv": [1, 0, 0, 1], "texture": "#1"},
				"down": {"uv": [1, 0, 0, 1], "texture": "#1"}
			}
		},
		{
			"name": "hexadecagon",
			"from": [9.43092, 24.65, 5.4],
			"to": [9.76908, 24.95, 6.5],
			"rotation": {"angle": -45, "axis": "z", "origin": [9.6, 25.5, 6]},
			"faces": {
				"north": {"uv": [0, 0, 1, 1], "texture": "#2"},
				"east": {"uv": [0, 0, 1, 1], "texture": "#2"},
				"south": {"uv": [0, 0, 1, 1], "texture": "#2"},
				"west": {"uv": [0, 0, 1, 1], "texture": "#2"},
				"up": {"uv": [0, 0, 1, 1], "texture": "#2"},
				"down": {"uv": [0, 0, 1, 1], "texture": "#2"}
			}
		},
		{
			"name": "hexadecagon",
			"from": [6.23092, 24.65, 5.4],
			"to": [6.56908, 24.95, 6.5],
			"rotation": {"angle": 45, "axis": "z", "origin": [6.4, 25.5, 6]},
			"faces": {
				"north": {"uv": [1, 0, 0, 1], "texture": "#2"},
				"east": {"uv": [1, 0, 0, 1], "texture": "#2"},
				"south": {"uv": [1, 0, 0, 1], "texture": "#2"},
				"west": {"uv": [1, 0, 0, 1], "texture": "#2"},
				"up": {"uv": [1, 0, 0, 1], "texture": "#2"},
				"down": {"uv": [1, 0, 0, 1], "texture": "#2"}
			}
		},
		{
			"name": "hexadecagon",
			"from": [9.43092, 24.65, 5.4],
			"to": [9.76908, 24.95, 6.5],
			"rotation": {"angle": -22.5, "axis": "z", "origin": [9.6, 25.5, 6]},
			"faces": {
				"north": {"uv": [0, 0, 1, 1], "texture": "#2"},
				"east": {"uv": [0, 0, 1, 1], "texture": "#2"},
				"south": {"uv": [0, 0, 1, 1], "texture": "#2"},
				"west": {"uv": [0, 0, 1, 1], "texture": "#2"},
				"up": {"uv": [0, 0, 1, 1], "texture": "#2"},
				"down": {"uv": [0, 0, 1, 1], "texture": "#2"}
			}
		},
		{
			"name": "hexadecagon",
			"from": [6.23092, 24.65, 5.4],
			"to": [6.56908, 24.95, 6.5],
			"rotation": {"angle": 22.5, "axis": "z", "origin": [6.4, 25.5, 6]},
			"faces": {
				"north": {"uv": [1, 0, 0, 1], "texture": "#2"},
				"east": {"uv": [1, 0, 0, 1], "texture": "#2"},
				"south": {"uv": [1, 0, 0, 1], "texture": "#2"},
				"west": {"uv": [1, 0, 0, 1], "texture": "#2"},
				"up": {"uv": [1, 0, 0, 1], "texture": "#2"},
				"down": {"uv": [1, 0, 0, 1], "texture": "#2"}
			}
		},
		{
			"name": "hexadecagon",
			"from": [9.43092, 24.65, 5.4],
			"to": [9.76908, 24.95, 6.5],
			"rotation": {"angle": 0, "axis": "y", "origin": [9.6, 25.5, 6]},
			"faces": {
				"north": {"uv": [0, 0, 1, 1], "texture": "#2"},
				"east": {"uv": [0, 0, 1, 1], "texture": "#2"},
				"south": {"uv": [0, 0, 1, 1], "texture": "#2"},
				"west": {"uv": [0, 0, 1, 1], "texture": "#2"},
				"up": {"uv": [0, 0, 1, 1], "texture": "#2"},
				"down": {"uv": [0, 0, 1, 1], "texture": "#2"}
			}
		},
		{
			"name": "hexadecagon",
			"from": [6.23092, 24.65, 5.4],
			"to": [6.56908, 24.95, 6.5],
			"rotation": {"angle": 0, "axis": "y", "origin": [6.4, 25.5, 6]},
			"faces": {
				"north": {"uv": [1, 0, 0, 1], "texture": "#2"},
				"east": {"uv": [1, 0, 0, 1], "texture": "#2"},
				"south": {"uv": [1, 0, 0, 1], "texture": "#2"},
				"west": {"uv": [1, 0, 0, 1], "texture": "#2"},
				"up": {"uv": [1, 0, 0, 1], "texture": "#2"},
				"down": {"uv": [1, 0, 0, 1], "texture": "#2"}
			}
		},
		{
			"name": "hexadecagon",
			"from": [9.43092, 24.65, 5.4],
			"to": [9.76908, 24.95, 6.5],
			"rotation": {"angle": 22.5, "axis": "z", "origin": [9.6, 25.5, 6]},
			"faces": {
				"north": {"uv": [0, 0, 1, 1], "texture": "#2"},
				"east": {"uv": [0, 0, 1, 1], "texture": "#2"},
				"south": {"uv": [0, 0, 1, 1], "texture": "#2"},
				"west": {"uv": [0, 0, 1, 1], "texture": "#2"},
				"up": {"uv": [0, 0, 1, 1], "texture": "#2"},
				"down": {"uv": [0, 0, 1, 1], "texture": "#2"}
			}
		},
		{
			"name": "hexadecagon",
			"from": [6.23092, 24.65, 5.4],
			"to": [6.56908, 24.95, 6.5],
			"rotation": {"angle": -22.5, "axis": "z", "origin": [6.4, 25.5, 6]},
			"faces": {
				"north": {"uv": [1, 0, 0, 1], "texture": "#2"},
				"east": {"uv": [1, 0, 0, 1], "texture": "#2"},
				"south": {"uv": [1, 0, 0, 1], "texture": "#2"},
				"west": {"uv": [1, 0, 0, 1], "texture": "#2"},
				"up": {"uv": [1, 0, 0, 1], "texture": "#2"},
				"down": {"uv": [1, 0, 0, 1], "texture": "#2"}
			}
		},
		{
			"name": "hexadecagon",
			"from": [9.43092, 24.65, 5.4],
			"to": [9.76908, 24.95, 6.5],
			"rotation": {"angle": 45, "axis": "z", "origin": [9.6, 25.5, 6]},
			"faces": {
				"north": {"uv": [0, 0, 1, 1], "texture": "#2"},
				"east": {"uv": [0, 0, 1, 1], "texture": "#2"},
				"south": {"uv": [0, 0, 1, 1], "texture": "#2"},
				"west": {"uv": [0, 0, 1, 1], "texture": "#2"},
				"up": {"uv": [0, 0, 1, 1], "texture": "#2"},
				"down": {"uv": [0, 0, 1, 1], "texture": "#2"}
			}
		},
		{
			"name": "hexadecagon",
			"from": [6.23092, 24.65, 5.4],
			"to": [6.56908, 24.95, 6.5],
			"rotation": {"angle": -45, "axis": "z", "origin": [6.4, 25.5, 6]},
			"faces": {
				"north": {"uv": [1, 0, 0, 1], "texture": "#2"},
				"east": {"uv": [1, 0, 0, 1], "texture": "#2"},
				"south": {"uv": [1, 0, 0, 1], "texture": "#2"},
				"west": {"uv": [1, 0, 0, 1], "texture": "#2"},
				"up": {"uv": [1, 0, 0, 1], "texture": "#2"},
				"down": {"uv": [1, 0, 0, 1], "texture": "#2"}
			}
		},
		{
			"name": "hexadecagon",
			"from": [9.43092, 26.05, 5.4],
			"to": [9.76908, 26.35, 6.5],
			"rotation": {"angle": -45, "axis": "z", "origin": [9.6, 25.5, 6]},
			"faces": {
				"north": {"uv": [0, 0, 1, 1], "texture": "#2"},
				"east": {"uv": [0, 0, 1, 1], "texture": "#2"},
				"south": {"uv": [0, 0, 1, 1], "texture": "#2"},
				"west": {"uv": [0, 0, 1, 1], "texture": "#2"},
				"up": {"uv": [0, 0, 1, 1], "texture": "#2"},
				"down": {"uv": [0, 0, 1, 1], "texture": "#2"}
			}
		},
		{
			"name": "hexadecagon",
			"from": [6.23092, 26.05, 5.4],
			"to": [6.56908, 26.35, 6.5],
			"rotation": {"angle": 45, "axis": "z", "origin": [6.4, 25.5, 6]},
			"faces": {
				"north": {"uv": [1, 0, 0, 1], "texture": "#2"},
				"east": {"uv": [1, 0, 0, 1], "texture": "#2"},
				"south": {"uv": [1, 0, 0, 1], "texture": "#2"},
				"west": {"uv": [1, 0, 0, 1], "texture": "#2"},
				"up": {"uv": [1, 0, 0, 1], "texture": "#2"},
				"down": {"uv": [1, 0, 0, 1], "texture": "#2"}
			}
		},
		{
			"name": "hexadecagon",
			"from": [9.43092, 26.05, 5.4],
			"to": [9.76908, 26.35, 6.5],
			"rotation": {"angle": -22.5, "axis": "z", "origin": [9.6, 25.5, 6]},
			"faces": {
				"north": {"uv": [0, 0, 1, 1], "texture": "#2"},
				"east": {"uv": [0, 0, 1, 1], "texture": "#2"},
				"south": {"uv": [0, 0, 1, 1], "texture": "#2"},
				"west": {"uv": [0, 0, 1, 1], "texture": "#2"},
				"up": {"uv": [0, 0, 1, 1], "texture": "#2"},
				"down": {"uv": [0, 0, 1, 1], "texture": "#2"}
			}
		},
		{
			"name": "hexadecagon",
			"from": [6.23092, 26.05, 5.4],
			"to": [6.56908, 26.35, 6.5],
			"rotation": {"angle": 22.5, "axis": "z", "origin": [6.4, 25.5, 6]},
			"faces": {
				"north": {"uv": [1, 0, 0, 1], "texture": "#2"},
				"east": {"uv": [1, 0, 0, 1], "texture": "#2"},
				"south": {"uv": [1, 0, 0, 1], "texture": "#2"},
				"west": {"uv": [1, 0, 0, 1], "texture": "#2"},
				"up": {"uv": [1, 0, 0, 1], "texture": "#2"},
				"down": {"uv": [1, 0, 0, 1], "texture": "#2"}
			}
		},
		{
			"name": "hexadecagon",
			"from": [9.43092, 26.05, 5.4],
			"to": [9.76908, 26.35, 6.5],
			"rotation": {"angle": 0, "axis": "y", "origin": [9.6, 25.5, 6]},
			"faces": {
				"north": {"uv": [0, 0, 1, 1], "texture": "#2"},
				"east": {"uv": [0, 0, 1, 1], "texture": "#2"},
				"south": {"uv": [0, 0, 1, 1], "texture": "#2"},
				"west": {"uv": [0, 0, 1, 1], "texture": "#2"},
				"up": {"uv": [0, 0, 1, 1], "texture": "#2"},
				"down": {"uv": [0, 0, 1, 1], "texture": "#2"}
			}
		},
		{
			"name": "hexadecagon",
			"from": [6.23092, 26.05, 5.4],
			"to": [6.56908, 26.35, 6.5],
			"rotation": {"angle": 0, "axis": "y", "origin": [6.4, 25.5, 6]},
			"faces": {
				"north": {"uv": [1, 0, 0, 1], "texture": "#2"},
				"east": {"uv": [1, 0, 0, 1], "texture": "#2"},
				"south": {"uv": [1, 0, 0, 1], "texture": "#2"},
				"west": {"uv": [1, 0, 0, 1], "texture": "#2"},
				"up": {"uv": [1, 0, 0, 1], "texture": "#2"},
				"down": {"uv": [1, 0, 0, 1], "texture": "#2"}
			}
		},
		{
			"name": "hexadecagon",
			"from": [9.43092, 26.05, 5.4],
			"to": [9.76908, 26.35, 6.5],
			"rotation": {"angle": 22.5, "axis": "z", "origin": [9.6, 25.5, 6]},
			"faces": {
				"north": {"uv": [0, 0, 1, 1], "texture": "#2"},
				"east": {"uv": [0, 0, 1, 1], "texture": "#2"},
				"south": {"uv": [0, 0, 1, 1], "texture": "#2"},
				"west": {"uv": [0, 0, 1, 1], "texture": "#2"},
				"up": {"uv": [0, 0, 1, 1], "texture": "#2"},
				"down": {"uv": [0, 0, 1, 1], "texture": "#2"}
			}
		},
		{
			"name": "hexadecagon",
			"from": [6.23092, 26.05, 5.4],
			"to": [6.56908, 26.35, 6.5],
			"rotation": {"angle": -22.5, "axis": "z", "origin": [6.4, 25.5, 6]},
			"faces": {
				"north": {"uv": [1, 0, 0, 1], "texture": "#2"},
				"east": {"uv": [1, 0, 0, 1], "texture": "#2"},
				"south": {"uv": [1, 0, 0, 1], "texture": "#2"},
				"west": {"uv": [1, 0, 0, 1], "texture": "#2"},
				"up": {"uv": [1, 0, 0, 1], "texture": "#2"},
				"down": {"uv": [1, 0, 0, 1], "texture": "#2"}
			}
		},
		{
			"name": "hexadecagon",
			"from": [9.43092, 26.05, 5.4],
			"to": [9.76908, 26.35, 6.5],
			"rotation": {"angle": 45, "axis": "z", "origin": [9.6, 25.5, 6]},
			"faces": {
				"north": {"uv": [0, 0, 1, 1], "texture": "#2"},
				"east": {"uv": [0, 0, 1, 1], "texture": "#2"},
				"south": {"uv": [0, 0, 1, 1], "texture": "#2"},
				"west": {"uv": [0, 0, 1, 1], "texture": "#2"},
				"up": {"uv": [0, 0, 1, 1], "texture": "#2"},
				"down": {"uv": [0, 0, 1, 1], "texture": "#2"}
			}
		},
		{
			"name": "hexadecagon",
			"from": [6.23092, 26.05, 5.4],
			"to": [6.56908, 26.35, 6.5],
			"rotation": {"angle": -45, "axis": "z", "origin": [6.4, 25.5, 6]},
			"faces": {
				"north": {"uv": [1, 0, 0, 1], "texture": "#2"},
				"east": {"uv": [1, 0, 0, 1], "texture": "#2"},
				"south": {"uv": [1, 0, 0, 1], "texture": "#2"},
				"west": {"uv": [1, 0, 0, 1], "texture": "#2"},
				"up": {"uv": [1, 0, 0, 1], "texture": "#2"},
				"down": {"uv": [1, 0, 0, 1], "texture": "#2"}
			}
		},
		{
			"name": "hexadecagon",
			"from": [8.75, 25.33092, 5.4],
			"to": [9.05, 25.66908, 6.5],
			"rotation": {"angle": -22.5, "axis": "z", "origin": [9.6, 25.5, 6]},
			"faces": {
				"north": {"uv": [0, 0, 1, 1], "texture": "#2"},
				"east": {"uv": [0, 0, 1, 1], "texture": "#2"},
				"south": {"uv": [0, 0, 1, 1], "texture": "#2"},
				"west": {"uv": [0, 0, 1, 1], "texture": "#2"},
				"up": {"uv": [0, 0, 1, 1], "texture": "#2"},
				"down": {"uv": [0, 0, 1, 1], "texture": "#2"}
			}
		},
		{
			"name": "hexadecagon",
			"from": [6.95, 25.33092, 5.4],
			"to": [7.25, 25.66908, 6.5],
			"rotation": {"angle": 22.5, "axis": "z", "origin": [6.4, 25.5, 6]},
			"faces": {
				"north": {"uv": [1, 0, 0, 1], "texture": "#2"},
				"east": {"uv": [1, 0, 0, 1], "texture": "#2"},
				"south": {"uv": [1, 0, 0, 1], "texture": "#2"},
				"west": {"uv": [1, 0, 0, 1], "texture": "#2"},
				"up": {"uv": [1, 0, 0, 1], "texture": "#2"},
				"down": {"uv": [1, 0, 0, 1], "texture": "#2"}
			}
		},
		{
			"name": "hexadecagon",
			"from": [8.75, 25.33092, 5.4],
			"to": [9.05, 25.66908, 6.5],
			"rotation": {"angle": 0, "axis": "y", "origin": [9.6, 25.5, 6]},
			"faces": {
				"north": {"uv": [0, 0, 1, 1], "texture": "#2"},
				"east": {"uv": [0, 0, 1, 1], "texture": "#2"},
				"south": {"uv": [0, 0, 1, 1], "texture": "#2"},
				"west": {"uv": [0, 0, 1, 1], "texture": "#2"},
				"up": {"uv": [0, 0, 1, 1], "texture": "#2"},
				"down": {"uv": [0, 0, 1, 1], "texture": "#2"}
			}
		},
		{
			"name": "hexadecagon",
			"from": [6.95, 25.33092, 5.4],
			"to": [7.25, 25.66908, 6.5],
			"rotation": {"angle": 0, "axis": "y", "origin": [6.4, 25.5, 6]},
			"faces": {
				"north": {"uv": [1, 0, 0, 1], "texture": "#2"},
				"east": {"uv": [1, 0, 0, 1], "texture": "#2"},
				"south": {"uv": [1, 0, 0, 1], "texture": "#2"},
				"west": {"uv": [1, 0, 0, 1], "texture": "#2"},
				"up": {"uv": [1, 0, 0, 1], "texture": "#2"},
				"down": {"uv": [1, 0, 0, 1], "texture": "#2"}
			}
		},
		{
			"name": "hexadecagon",
			"from": [8.75, 25.33092, 5.4],
			"to": [9.05, 25.66908, 6.5],
			"rotation": {"angle": 22.5, "axis": "z", "origin": [9.6, 25.5, 6]},
			"faces": {
				"north": {"uv": [0, 0, 1, 1], "texture": "#2"},
				"east": {"uv": [0, 0, 1, 1], "texture": "#2"},
				"south": {"uv": [0, 0, 1, 1], "texture": "#2"},
				"west": {"uv": [0, 0, 1, 1], "texture": "#2"},
				"up": {"uv": [0, 0, 1, 1], "texture": "#2"},
				"down": {"uv": [0, 0, 1, 1], "texture": "#2"}
			}
		},
		{
			"name": "hexadecagon",
			"from": [6.95, 25.33092, 5.4],
			"to": [7.25, 25.66908, 6.5],
			"rotation": {"angle": -22.5, "axis": "z", "origin": [6.4, 25.5, 6]},
			"faces": {
				"north": {"uv": [1, 0, 0, 1], "texture": "#2"},
				"east": {"uv": [1, 0, 0, 1], "texture": "#2"},
				"south": {"uv": [1, 0, 0, 1], "texture": "#2"},
				"west": {"uv": [1, 0, 0, 1], "texture": "#2"},
				"up": {"uv": [1, 0, 0, 1], "texture": "#2"},
				"down": {"uv": [1, 0, 0, 1], "texture": "#2"}
			}
		},
		{
			"name": "hexadecagon",
			"from": [10.15, 25.33092, 5.4],
			"to": [10.45, 25.66908, 6.5],
			"rotation": {"angle": -22.5, "axis": "z", "origin": [9.6, 25.5, 6]},
			"faces": {
				"north": {"uv": [0, 0, 1, 1], "texture": "#2"},
				"east": {"uv": [0, 0, 1, 1], "texture": "#2"},
				"south": {"uv": [0, 0, 1, 1], "texture": "#2"},
				"west": {"uv": [0, 0, 1, 1], "texture": "#2"},
				"up": {"uv": [0, 0, 1, 1], "texture": "#2"},
				"down": {"uv": [0, 0, 1, 1], "texture": "#2"}
			}
		},
		{
			"name": "hexadecagon",
			"from": [5.55, 25.33092, 5.4],
			"to": [5.85, 25.66908, 6.5],
			"rotation": {"angle": 22.5, "axis": "z", "origin": [6.4, 25.5, 6]},
			"faces": {
				"north": {"uv": [1, 0, 0, 1], "texture": "#2"},
				"east": {"uv": [1, 0, 0, 1], "texture": "#2"},
				"south": {"uv": [1, 0, 0, 1], "texture": "#2"},
				"west": {"uv": [1, 0, 0, 1], "texture": "#2"},
				"up": {"uv": [1, 0, 0, 1], "texture": "#2"},
				"down": {"uv": [1, 0, 0, 1], "texture": "#2"}
			}
		},
		{
			"name": "hexadecagon",
			"from": [10.15, 25.33092, 5.4],
			"to": [10.45, 25.66908, 6.5],
			"rotation": {"angle": 0, "axis": "y", "origin": [9.6, 25.5, 6]},
			"faces": {
				"north": {"uv": [0, 0, 1, 1], "texture": "#2"},
				"east": {"uv": [0, 0, 1, 1], "texture": "#2"},
				"south": {"uv": [0, 0, 1, 1], "texture": "#2"},
				"west": {"uv": [0, 0, 1, 1], "texture": "#2"},
				"up": {"uv": [0, 0, 1, 1], "texture": "#2"},
				"down": {"uv": [0, 0, 1, 1], "texture": "#2"}
			}
		},
		{
			"name": "hexadecagon",
			"from": [5.55, 25.33092, 5.4],
			"to": [5.85, 25.66908, 6.5],
			"rotation": {"angle": 0, "axis": "y", "origin": [6.4, 25.5, 6]},
			"faces": {
				"north": {"uv": [1, 0, 0, 1], "texture": "#2"},
				"east": {"uv": [1, 0, 0, 1], "texture": "#2"},
				"south": {"uv": [1, 0, 0, 1], "texture": "#2"},
				"west": {"uv": [1, 0, 0, 1], "texture": "#2"},
				"up": {"uv": [1, 0, 0, 1], "texture": "#2"},
				"down": {"uv": [1, 0, 0, 1], "texture": "#2"}
			}
		},
		{
			"name": "hexadecagon",
			"from": [10.15, 25.33092, 5.4],
			"to": [10.45, 25.66908, 6.5],
			"rotation": {"angle": 22.5, "axis": "z", "origin": [9.6, 25.5, 6]},
			"faces": {
				"north": {"uv": [0, 0, 1, 1], "texture": "#2"},
				"east": {"uv": [0, 0, 1, 1], "texture": "#2"},
				"south": {"uv": [0, 0, 1, 1], "texture": "#2"},
				"west": {"uv": [0, 0, 1, 1], "texture": "#2"},
				"up": {"uv": [0, 0, 1, 1], "texture": "#2"},
				"down": {"uv": [0, 0, 1, 1], "texture": "#2"}
			}
		},
		{
			"name": "hexadecagon",
			"from": [5.55, 25.33092, 5.4],
			"to": [5.85, 25.66908, 6.5],
			"rotation": {"angle": -22.5, "axis": "z", "origin": [6.4, 25.5, 6]},
			"faces": {
				"north": {"uv": [1, 0, 0, 1], "texture": "#2"},
				"east": {"uv": [1, 0, 0, 1], "texture": "#2"},
				"south": {"uv": [1, 0, 0, 1], "texture": "#2"},
				"west": {"uv": [1, 0, 0, 1], "texture": "#2"},
				"up": {"uv": [1, 0, 0, 1], "texture": "#2"},
				"down": {"uv": [1, 0, 0, 1], "texture": "#2"}
			}
		},
		{
			"name": "hexadecagon",
			"from": [6.25082, 24.75, 5.7],
			"to": [6.54918, 26.25, 6.7],
			"rotation": {"angle": 45, "axis": "z", "origin": [6.4, 25.5, 6.2]},
			"faces": {
				"north": {"uv": [1, 0, 0, 1], "texture": "#6"},
				"east": {"uv": [1, 0, 0, 1], "texture": "#6"},
				"south": {"uv": [1, 0, 0, 1], "texture": "#6"},
				"west": {"uv": [1, 0, 0, 1], "texture": "#6"},
				"up": {"uv": [1, 0, 0, 1], "texture": "#6"},
				"down": {"uv": [1, 0, 0, 1], "texture": "#6"}
			}
		}
	],
	"display": {
		"thirdperson_righthand": {
			"rotation": [90, 0, 0],
			"translation": [-5.75, -2.75, 4.75],
			"scale": [2.11, 2.03, 2.06]
		},
		"thirdperson_lefthand": {
			"rotation": [90, 0, 0],
			"translation": [-5.25, -2.75, 2.25],
			"scale": [2.11, 1.72, 2.06]
		},
		"firstperson_righthand": {
			"rotation": [90, 0, 0],
			"translation": [-5.25, -2.75, 2.25],
			"scale": [2.11, 1.72, 2.06]
		},
		"firstperson_lefthand": {
			"rotation": [90, 0, 0],
			"translation": [-5.25, -2.75, 2.25],
			"scale": [2.11, 1.72, 2.06]
		},
		"head": {
			"rotation": [90, 0, 0],
			"translation": [-5.25, -2.75, 2.25],
			"scale": [2.11, 1.72, 2.06]
		}
	},
	"groups": [
		{
			"name": "hexadecagon",
			"origin": [8, 8, 8],
			"children": [0, 1, 2, 3, 4, 5, 6, 7, 8, 9, 10, 11, 12, 13, 14,
				{
					"name": "head",
					"origin": [8, 8, 8],
					"children": [15, 16, 17, 18, 19, 20, 21, 22, 23, 24, 25, 26, 27, 28, 29, 30, 31, 32, 33,
						{
							"name": "hexadecagon",
							"origin": [8, 8, 8],
							"children": [34, 35, 36, 37, 38, 39, 40, 41, 42, 43, 44, 45, 46]
						},
						{
							"name": "hexadecagon",
							"origin": [8, 8, 8],
							"children": [47, 48, 49, 50, 51, 52, 53, 54, 55, 56, 57, 58, 59, 60, 61, 62, 63, 64, 65, 66, 67, 68, 69, 70, 71, 72, 73, 74, 75, 76, 77, 78]
						}, 79]
				}
			]
		},
		{
			"name": "hexadecagon",
			"origin": [8, 8, 8],
			"children": []
		},
		{
			"name": "hexadecagon",
			"origin": [8, 8, 8],
			"children": []
		},
		{
			"name": "hexadecagon",
			"origin": [8, 8, 8],
			"children": []
		},
		{
			"name": "hexadecagon",
			"origin": [8, 8, 8],
			"children": []
		},
		{
			"name": "hexadecagon",
			"origin": [8, 8, 8],
			"children": []
		},
		{
			"name": "hexadecagon",
			"origin": [8, 8, 8],
			"children": []
		},
		{
			"name": "hexadecagon",
			"origin": [8, 8, 8],
			"children": []
		},
		{
			"name": "hexadecagon",
			"origin": [8, 8, 8],
			"children": []
		},
		{
			"name": "hexadecagon",
			"origin": [8, 8, 8],
			"children": []
		},
		{
			"name": "hexadecagon",
			"origin": [8, 8, 8],
			"children": []
		},
		{
			"name": "hexadecagon",
			"origin": [8, 8, 8],
			"children": []
		},
		{
			"name": "hexadecagon",
			"origin": [8, 8, 8],
			"children": []
		},
		{
			"name": "hexadecagon",
			"origin": [8, 8, 8],
			"children": []
		},
		{
			"name": "hexadecagon",
			"origin": [8, 8, 8],
			"children": []
		},
		{
			"name": "hexadecagon",
			"origin": [8, 8, 8],
			"children": []
		},
		{
			"name": "hexadecagon",
			"origin": [8, 8, 8],
			"children": []
		},
		{
			"name": "hexadecagon",
			"origin": [8, 8, 8],
			"children": []
		},
		{
			"name": "hexadecagon",
			"origin": [8, 8, 8],
			"children": []
		},
		{
			"name": "hexadecagon",
			"origin": [8, 8, 8],
			"children": []
		},
		{
			"name": "hexadecagon",
			"origin": [8, 8, 8],
			"children": []
		},
		{
			"name": "hexadecagon",
			"origin": [8, 8, 8],
			"children": []
		},
		{
			"name": "hexadecagon",
			"origin": [8, 8, 8],
			"children": []
		},
		{
			"name": "hexadecagon",
			"origin": [8, 8, 8],
			"children": []
		},
		{
			"name": "hexadecagon",
			"origin": [8, 8, 8],
			"children": []
		},
		{
			"name": "hexadecagon",
			"origin": [8, 8, 8],
			"children": []
		}
	]
}
