{
	"credit": "Made with Blockbench",
	"texture_size": [64, 64],
	"textures": {
		"1": "block/light_gray_terracotta",
		"2": "block/oak_log",
		"3": "block/quartz_block_top",
		"4": "block/black_wool",
		"5": "block/granite",
		"6": "block/brown_mushroom_block",
		"7": "block/coarse_dirt",
		"particle": "block/granite"
	},
	"elements": [
		{
			"from": [8.5, 24.50157, 2.75104],
			"to": [9.5, 25.75157, 3.25104],
			"rotation": {"angle": -22.5, "axis": "x", "origin": [9.5, 24.50157, 2.75104]},
			"faces": {
				"north": {"uv": [0, 0, 8, 8], "texture": "#5"},
				"east": {"uv": [0, 0, 8, 8], "texture": "#5"},
				"south": {"uv": [0, 0, 16, 16], "texture": "#5"},
				"west": {"uv": [0, 0, 16, 16], "texture": "#5"},
				"up": {"uv": [0, 0, 16, 16], "texture": "#5"},
				"down": {"uv": [0, 0, 16, 16], "texture": "#5"}
			}
		},
		{
			"from": [7.5, 24.50157, 2.75104],
			"to": [8.5, 25.75157, 3.25104],
			"rotation": {"angle": -22.5, "axis": "x", "origin": [8.5, 24.50157, 2.75104]},
			"faces": {
				"north": {"uv": [0, 0, 8, 8], "texture": "#5"},
				"east": {"uv": [0, 0, 16, 16], "texture": "#5"},
				"south": {"uv": [0, 0, 16, 16], "texture": "#5"},
				"west": {"uv": [0, 0, 16, 16], "texture": "#5"},
				"up": {"uv": [0, 0, 16, 16], "texture": "#5"},
				"down": {"uv": [0, 0, 16, 16], "texture": "#5"}
			}
		},
		{
			"from": [6.5, 24.50157, 2.75104],
			"to": [7.5, 25.75157, 3.25104],
			"rotation": {"angle": -22.5, "axis": "x", "origin": [7.5, 24.50157, 2.75104]},
			"faces": {
				"north": {"uv": [0, 0, 8, 8], "texture": "#5"},
				"east": {"uv": [0, 0, 16, 16], "texture": "#5"},
				"south": {"uv": [0, 0, 16, 16], "texture": "#5"},
				"west": {"uv": [0, 0, 3, 8], "texture": "#5"},
				"up": {"uv": [0, 0, 16, 16], "texture": "#5"},
				"down": {"uv": [0, 0, 16, 16], "texture": "#5"}
			}
		},
		{
			"from": [6.5, 25.65642, 2.27269],
			"to": [9.5, 26.72642, 4.77269],
			"rotation": {"angle": 0, "axis": "y", "origin": [9.5, 25.65642, 2.27269]},
			"faces": {
				"north": {"uv": [0, 9, 16, 16], "texture": "#5"},
				"east": {"uv": [0, 0, 8, 8], "texture": "#5"},
				"south": {"uv": [0, 0, 16, 16], "texture": "#5"},
				"west": {"uv": [0, 0, 8, 8], "texture": "#5"},
				"up": {"uv": [0, 0, 16, 16], "texture": "#5"},
				"down": {"uv": [0, 0, 16, 16], "texture": "#5"}
			}
		},
		{
			"from": [6.5, 23.68741, 3.83074],
			"to": [9.5, 24.75741, 5.33074],
			"rotation": {"angle": -45, "axis": "x", "origin": [9.5, 23.68741, 2.83074]},
			"faces": {
				"north": {"uv": [0, 0, 16, 16], "texture": "#5"},
				"east": {"uv": [0, 0, 8, 8], "texture": "#5"},
				"south": {"uv": [0, 0, 16, 16], "texture": "#5"},
				"west": {"uv": [0, 0, 8, 8], "texture": "#5"},
				"up": {"uv": [0, 0, 16, 16], "texture": "#5"},
				"down": {"uv": [0, 0, 16, 16], "texture": "#6"}
			}
		},
		{
			"from": [6.5, 25.15112, 2.78124],
			"to": [9.5, 26.22112, 3.28124],
			"rotation": {"angle": 0, "axis": "y", "origin": [9.5, 25.15112, 1.78124]},
			"faces": {
				"north": {"uv": [0, 0, 16, 16], "texture": "#5"},
				"east": {"uv": [0, 0, 8, 8], "texture": "#5"},
				"south": {"uv": [0, 0, 16, 16], "texture": "#5"},
				"west": {"uv": [0, 0, 8, 8], "texture": "#5"},
				"up": {"uv": [0, 0, 16, 16], "texture": "#5"},
				"down": {"uv": [0, 0, 16, 16], "texture": "#5"}
			}
		},
		{
			"from": [6.5, 25.74343, 3.35796],
			"to": [9.5, 28.04343, 4.42796],
			"rotation": {"angle": 22.5, "axis": "x", "origin": [9.5, 24.74343, 4.42796]},
			"faces": {
				"north": {"uv": [0, 0, 16, 16], "rotation": 180, "texture": "#6"},
				"east": {"uv": [0, 0, 16, 16], "rotation": 90, "texture": "#6"},
				"south": {"uv": [0, 0, 16, 16], "texture": "#6"},
				"west": {"uv": [0, 0, 16, 16], "rotation": 270, "texture": "#6"},
				"up": {"uv": [0, 0, 16, 16], "texture": "#6"},
				"down": {"uv": [0, 0, 16, 16], "rotation": 180, "texture": "#6"}
			}
		},
		{
			"from": [6.5, 24.74807, 4.8914],
			"to": [9.5, 25.81807, 5.1914],
			"rotation": {"angle": -45, "axis": "x", "origin": [9.5, 24.74807, 3.8914]},
			"faces": {
				"north": {"uv": [0, 0, 16, 16], "texture": "#5"},
				"east": {"uv": [0, 0, 8, 8], "texture": "#5"},
				"south": {"uv": [0, 0, 16, 16], "texture": "#5"},
				"west": {"uv": [0, 0, 8, 8], "texture": "#5"},
				"up": {"uv": [0, 0, 16, 16], "texture": "#5"},
				"down": {"uv": [0, 0, 16, 16], "texture": "#6"}
			}
		},
		{
			"from": [6.5, 27.86835, 5.0035],
			"to": [9.5, 28.36835, 6.0735],
			"rotation": {"angle": -22.5, "axis": "x", "origin": [9.5, 26.86835, 6.0735]},
			"faces": {
				"north": {"uv": [0, 0, 16, 16], "rotation": 180, "texture": "#6"},
				"east": {"uv": [0, 0, 16, 16], "rotation": 90, "texture": "#6"},
				"south": {"uv": [0, 0, 16, 16], "texture": "#6"},
				"west": {"uv": [0, 0, 16, 16], "rotation": 270, "texture": "#6"},
				"up": {"uv": [0, 0, 16, 16], "texture": "#6"},
				"down": {"uv": [0, 0, 16, 16], "rotation": 180, "texture": "#6"}
			}
		},
		{
			"from": [6.85355, 27.25417, 4.85302],
			"to": [7.92355, 28.25417, 5.35302],
			"rotation": {"angle": 45, "axis": "y", "origin": [6.85355, 27.25417, 5.85302]},
			"faces": {
				"north": {"uv": [0, 0, 16, 16], "rotation": 270, "texture": "#6"},
				"east": {"uv": [0, 0, 16, 16], "rotation": 180, "texture": "#6"},
				"south": {"uv": [0, 0, 16, 16], "rotation": 90, "texture": "#6"},
				"west": {"uv": [0, 0, 16, 16], "texture": "#6"},
				"up": {"uv": [0, 0, 16, 16], "rotation": 90, "texture": "#6"},
				"down": {"uv": [0, 0, 16, 16], "rotation": 90, "texture": "#6"}
			}
		},
		{
			"from": [9.20711, 27.25417, 3.72236],
			"to": [9.70711, 28.25417, 4.79236],
			"rotation": {"angle": 45, "axis": "y", "origin": [10.20711, 27.25417, 4.79236]},
			"faces": {
				"north": {"uv": [0, 0, 16, 16], "rotation": 180, "texture": "#6"},
				"east": {"uv": [0, 0, 16, 16], "rotation": 90, "texture": "#6"},
				"south": {"uv": [0, 0, 16, 16], "texture": "#6"},
				"west": {"uv": [0, 0, 16, 16], "rotation": 270, "texture": "#6"},
				"up": {"uv": [0, 0, 16, 16], "texture": "#6"},
				"down": {"uv": [0, 0, 16, 16], "rotation": 180, "texture": "#6"}
			}
		},
		{
			"from": [6.5, 26.43, 4.7202],
			"to": [9.5, 27.5, 5.1202],
			"rotation": {"angle": 45, "axis": "x", "origin": [9.5, 27.41927, 6.2202]},
			"faces": {
				"north": {"uv": [0, 0, 16, 16], "rotation": 180, "texture": "#6"},
				"east": {"uv": [0, 0, 16, 16], "rotation": 180, "texture": "#6"},
				"south": {"uv": [0, 0, 16, 16], "rotation": 180, "texture": "#6"},
				"west": {"uv": [0, 0, 16, 16], "rotation": 180, "texture": "#6"},
				"up": {"uv": [0, 0, 16, 16], "texture": "#6"},
				"down": {"uv": [0, 0, 16, 16], "texture": "#6"}
			}
		},
		{
			"from": [4.04067, 24.79538, 2.2727],
			"to": [6.29067, 26.04538, 4.7727],
			"rotation": {"angle": -22.5, "axis": "z", "origin": [9.04067, 24.79538, 2.73463]},
			"faces": {
				"north": {"uv": [0, 0, 11.5, 16], "texture": "#5"},
				"east": {"uv": [0, 0, 16, 16], "texture": "#5"},
				"south": {"uv": [0, 0, 16, 16], "texture": "#6"},
				"west": {"uv": [0, 0, 16, 16], "texture": "#5"},
				"up": {"uv": [0, 0, 16, 16], "texture": "#5"},
				"down": {"uv": [0, 0, 16, 16], "texture": "#5"}
			}
		},
		{
			"from": [8.16269, 25.65642, 2.2727],
			"to": [10.41269, 26.90642, 5.2727],
			"rotation": {"angle": -22.5, "axis": "z", "origin": [13.16269, 25.65642, 2.73463]},
			"faces": {
				"north": {"uv": [0, 0, 16, 16], "texture": "#5"},
				"east": {"uv": [0, 0, 16, 16], "texture": "#6"},
				"south": {"uv": [0, 0, 16, 16], "texture": "#6"},
				"west": {"uv": [0, 0, 16, 16], "texture": "#5"},
				"up": {"uv": [0, 0, 16, 16], "texture": "#5"},
				"down": {"uv": [0, 0, 16, 16], "texture": "#5"}
			}
		},
		{
			"from": [9.12087, 26.35436, 2.2727],
			"to": [11.37087, 27.60436, 4.7727],
			"rotation": {"angle": 22.5, "axis": "z", "origin": [10.58386, 27.05407, 2.73463]},
			"faces": {
				"north": {"uv": [0, 9, 16, 16], "texture": "#5"},
				"east": {"uv": [0, 0, 16, 16], "texture": "#5"},
				"south": {"uv": [0, 0, 16, 16], "texture": "#6"},
				"west": {"uv": [0, 0, 16, 16], "texture": "#5"},
				"up": {"uv": [0, 0, 16, 16], "texture": "#5"},
				"down": {"uv": [0, 0, 16, 16], "texture": "#5"}
			}
		},
		{
			"from": [4.99885, 27.2154, 2.2727],
			"to": [7.24885, 28.4654, 5.2727],
			"rotation": {"angle": 22.5, "axis": "z", "origin": [6.46184, 27.91511, 2.73463]},
			"faces": {
				"north": {"uv": [0, 0, 16, 16], "texture": "#5"},
				"east": {"uv": [0, 0, 16, 16], "texture": "#5"},
				"south": {"uv": [0, 0, 16, 16], "texture": "#6"},
				"west": {"uv": [0, 0, 16, 16], "texture": "#6"},
				"up": {"uv": [0, 0, 16, 16], "texture": "#5"},
				"down": {"uv": [0, 0, 16, 16], "texture": "#5"}
			}
		},
		{
			"from": [5.37798, 26.58676, 4.2108],
			"to": [10.62798, 27.08676, 5.4608],
			"rotation": {"angle": 45, "axis": "x", "origin": [6.84097, 27.12483, 4.9105]},
			"faces": {
				"north": {"uv": [0, 0, 16, 16], "rotation": 180, "texture": "#6"},
				"east": {"uv": [0, 0, 16, 16], "rotation": 270, "texture": "#6"},
				"south": {"uv": [0, 0, 16, 16], "texture": "#6"},
				"west": {"uv": [0, 0, 16, 16], "rotation": 90, "texture": "#6"},
				"up": {"uv": [0, 0, 16, 16], "rotation": 180, "texture": "#6"},
				"down": {"uv": [0, 0, 16, 16], "texture": "#6"}
			}
		},
		{
			"from": [5.37798, 26.7088, 5.0227],
			"to": [10.62798, 27.2088, 5.2727],
			"rotation": {"angle": 0, "axis": "y", "origin": [6.84097, 27.24687, 4.72241]},
			"faces": {
				"north": {"uv": [0, 0, 16, 16], "rotation": 180, "texture": "#6"},
				"east": {"uv": [0, 0, 16, 16], "rotation": 270, "texture": "#6"},
				"south": {"uv": [0, 0, 16, 16], "texture": "#6"},
				"west": {"uv": [0, 0, 16, 16], "rotation": 90, "texture": "#6"},
				"up": {"uv": [0, 0, 16, 16], "rotation": 180, "texture": "#6"},
				"down": {"uv": [0, 0, 16, 16], "texture": "#6"}
			}
		},
		{
			"from": [6.97835, 27.47468, 2.2727],
			"to": [9.02835, 28.72468, 5.2727],
			"rotation": {"angle": 0, "axis": "y", "origin": [11.97835, 27.47468, 2.73463]},
			"faces": {
				"north": {"uv": [0, 0, 16, 16], "texture": "#5"},
				"east": {"uv": [0, 0, 16, 16], "texture": "#5"},
				"south": {"uv": [0, 0, 16, 16], "texture": "#6"},
				"west": {"uv": [0, 0, 16, 16], "texture": "#5"},
				"up": {"uv": [0, 0, 16, 16], "texture": "#5"},
				"down": {"uv": [0, 0, 16, 16], "texture": "#5"}
			}
		},
		{
			"from": [9.4892, 26.9458, 2.06051],
			"to": [10.5392, 27.1958, 4.06051],
			"rotation": {"angle": -22.5, "axis": "x", "origin": [14.4892, 26.9458, 2.52244]},
			"faces": {
				"north": {"uv": [0, 0, 16, 16], "texture": "#5"},
				"east": {"uv": [0, 0, 16, 16], "texture": "#5"},
				"south": {"uv": [0, 0, 16, 16], "texture": "#5"},
				"west": {"uv": [0, 0, 16, 16], "texture": "#5"},
				"up": {"uv": [0, 0, 6, 5], "texture": "#5"},
				"down": {"uv": [0, 0, 16, 16], "texture": "#5"}
			}
		},
		{
			"from": [5.4892, 26.9458, 2.06051],
			"to": [6.5392, 27.1958, 4.06051],
			"rotation": {"angle": -22.5, "axis": "x", "origin": [10.4892, 26.9458, 2.52244]},
			"faces": {
				"north": {"uv": [0, 0, 16, 16], "texture": "#5"},
				"east": {"uv": [0, 0, 16, 16], "texture": "#5"},
				"south": {"uv": [0, 0, 16, 16], "texture": "#5"},
				"west": {"uv": [0, 0, 16, 16], "texture": "#5"},
				"up": {"uv": [0, 0, 6, 5], "texture": "#5"},
				"down": {"uv": [0, 0, 16, 16], "texture": "#5"}
			}
		},
		{
			"from": [5.4892, 26.32825, 1.96484],
			"to": [6.5392, 26.57825, 2.46484],
			"rotation": {"angle": 22.5, "axis": "x", "origin": [10.4892, 26.32825, 2.42677]},
			"faces": {
				"north": {"uv": [0, 0, 16, 16], "texture": "#5"},
				"east": {"uv": [0, 0, 16, 16], "texture": "#5"},
				"south": {"uv": [0, 0, 16, 16], "texture": "#5"},
				"west": {"uv": [0, 0, 16, 16], "texture": "#5"},
				"up": {"uv": [0, 0, 6, 5], "texture": "#5"},
				"down": {"uv": [0, 0, 6, 6.5], "texture": "#5"}
			}
		},
		{
			"from": [9.4892, 26.32825, 1.96484],
			"to": [10.5392, 26.57825, 2.46484],
			"rotation": {"angle": 22.5, "axis": "x", "origin": [14.4892, 26.32825, 2.42677]},
			"faces": {
				"north": {"uv": [0, 0, 16, 16], "texture": "#5"},
				"east": {"uv": [0, 0, 16, 16], "texture": "#5"},
				"south": {"uv": [0, 0, 16, 16], "texture": "#5"},
				"west": {"uv": [0, 0, 16, 16], "texture": "#5"},
				"up": {"uv": [0, 0, 6, 5], "texture": "#5"},
				"down": {"uv": [0, 0, 6, 6.5], "texture": "#5"}
			}
		},
		{
			"from": [6.4892, 26.47468, 2.2727],
			"to": [9.5392, 27.47468, 4.7727],
			"rotation": {"angle": 0, "axis": "y", "origin": [11.97835, 26.47468, 2.73463]},
			"faces": {
				"north": {"uv": [0, 2.5, 16, 9.5], "texture": "#5"},
				"east": {"uv": [0, 0, 16, 16], "texture": "#5"},
				"south": {"uv": [0, 0, 16, 16], "texture": "#5"},
				"west": {"uv": [0, 0, 16, 16], "texture": "#5"},
				"up": {"uv": [0, 0, 16, 16], "texture": "#5"},
				"down": {"uv": [0, 0, 16, 16], "texture": "#5"}
			}
		},
		{
			"from": [5.4892, 26.5, 2],
			"to": [6.5392, 27, 2.75],
			"rotation": {"angle": 0, "axis": "y", "origin": [10.97835, 26.47468, 1.73463]},
			"faces": {
				"north": {"uv": [0, 0, 16, 16], "texture": "#4"},
				"east": {"uv": [0, 0, 16, 16], "texture": "#4"},
				"south": {"uv": [0, 0, 16, 16], "texture": "#4"},
				"west": {"uv": [0, 0, 16, 16], "texture": "#4"},
				"up": {"uv": [0, 0, 16, 16], "texture": "#4"},
				"down": {"uv": [0, 0, 16, 16], "texture": "#4"}
			}
		},
		{
			"from": [6.41383, 26.85832, 2],
			"to": [6.76383, 27.20832, 2.35],
			"rotation": {"angle": 45, "axis": "z", "origin": [6.90298, 26.83301, 2.73463]},
			"faces": {
				"north": {"uv": [0, 0, 16, 16], "texture": "#4"},
				"east": {"uv": [0, 0, 16, 16], "texture": "#4"},
				"south": {"uv": [0, 0, 16, 16], "texture": "#4"},
				"west": {"uv": [0, 0, 16, 16], "texture": "#4"},
				"up": {"uv": [0, 0, 16, 16], "texture": "#4"},
				"down": {"uv": [0, 0, 16, 16], "texture": "#4"}
			}
		},
		{
			"from": [9.36383, 26.85832, 2],
			"to": [9.71383, 27.20832, 2.35],
			"rotation": {"angle": 45, "axis": "z", "origin": [9.85298, 26.83301, 2.73463]},
			"faces": {
				"north": {"uv": [0, 0, 16, 16], "texture": "#4"},
				"east": {"uv": [0, 0, 16, 16], "texture": "#4"},
				"south": {"uv": [0, 0, 16, 16], "texture": "#4"},
				"west": {"uv": [0, 0, 16, 16], "texture": "#4"},
				"up": {"uv": [0, 0, 16, 16], "texture": "#4"},
				"down": {"uv": [0, 0, 16, 16], "texture": "#4"}
			}
		},
		{
			"from": [10.41383, 26.85832, 2],
			"to": [10.76383, 27.20832, 2.35],
			"rotation": {"angle": 45, "axis": "z", "origin": [10.90298, 26.83301, 2.73463]},
			"faces": {
				"north": {"uv": [0, 0, 16, 16], "texture": "#4"},
				"east": {"uv": [0, 0, 16, 16], "texture": "#4"},
				"south": {"uv": [0, 0, 16, 16], "texture": "#4"},
				"west": {"uv": [0, 0, 16, 16], "texture": "#4"},
				"up": {"uv": [0, 0, 16, 16], "texture": "#4"},
				"down": {"uv": [0, 0, 16, 16], "texture": "#4"}
			}
		},
		{
			"from": [5.36383, 26.85832, 2],
			"to": [5.71383, 27.20832, 2.35],
			"rotation": {"angle": 45, "axis": "z", "origin": [5.85298, 26.83301, 2.73463]},
			"faces": {
				"north": {"uv": [0, 0, 16, 16], "texture": "#4"},
				"east": {"uv": [0, 0, 16, 16], "texture": "#4"},
				"south": {"uv": [0, 0, 16, 16], "texture": "#4"},
				"west": {"uv": [0, 0, 16, 16], "texture": "#4"},
				"up": {"uv": [0, 0, 16, 16], "texture": "#4"},
				"down": {"uv": [0, 0, 16, 16], "texture": "#4"}
			}
		},
		{
			"from": [9.4892, 26.5, 2],
			"to": [10.5392, 27, 2.75],
			"rotation": {"angle": 0, "axis": "y", "origin": [14.97835, 26.47468, 1.73463]},
			"faces": {
				"north": {"uv": [0, 0, 16, 16], "texture": "#4"},
				"east": {"uv": [0, 0, 16, 16], "texture": "#4"},
				"south": {"uv": [0, 0, 16, 16], "texture": "#4"},
				"west": {"uv": [0, 0, 16, 16], "texture": "#4"},
				"up": {"uv": [0, 0, 16, 16], "texture": "#4"},
				"down": {"uv": [0, 0, 16, 16], "texture": "#4"}
			}
		},
		{
			"from": [5.5, 19.84776, 2.73463],
			"to": [6.5, 20.84776, 3.48463],
			"rotation": {"angle": 0, "axis": "y", "origin": [10, 26.84776, 11.98463]},
			"faces": {
				"north": {"uv": [12, 12, 16, 16], "texture": "#5"},
				"east": {"uv": [0, 0, 16, 16], "texture": "#5"},
				"south": {"uv": [0, 0, 16, 16], "texture": "#5"},
				"west": {"uv": [11, 10.5, 16, 16], "texture": "#5"},
				"up": {"uv": [0, 0, 16, 16], "texture": "#5"},
				"down": {"uv": [0, 0, 16, 16], "texture": "#5"}
			}
		},
		{
			"from": [7.9525, 17.17733, 2.73463],
			"to": [8.9525, 18.17733, 3.83463],
			"rotation": {"angle": -22.5, "axis": "z", "origin": [15.9525, 25.17733, 10.73463]},
			"faces": {
				"north": {"uv": [0, 0, 5, 5], "texture": "#5"},
				"east": {"uv": [0, 12, 4, 16], "texture": "#5"},
				"south": {"uv": [0, 0, 16, 16], "texture": "#6"},
				"west": {"uv": [0, 12, 4, 16], "texture": "#5"},
				"up": {"uv": [0, 0, 16, 16], "texture": "#5"},
				"down": {"uv": [0, 0, 16, 16], "texture": "#5"}
			}
		},
		{
			"from": [9.19639, 13.77164, 2.73463],
			"to": [9.94639, 14.77164, 3.83463],
			"rotation": {"angle": -45, "axis": "z", "origin": [17.19639, 21.77164, 10.73463]},
			"faces": {
				"north": {"uv": [0, 0, 4.5, 4.5], "texture": "#5"},
				"east": {"uv": [0, 12, 4, 16], "texture": "#5"},
				"south": {"uv": [0, 0, 16, 16], "texture": "#6"},
				"west": {"uv": [0, 12, 4, 16], "texture": "#5"},
				"up": {"uv": [0, 0, 6, 5], "texture": "#5"},
				"down": {"uv": [0, 0, 16, 16], "texture": "#5"}
			}
		},
		{
			"from": [1.58699, 24.55502, 2.73463],
			"to": [2.33699, 25.55502, 3.83463],
			"rotation": {"angle": 45, "axis": "z", "origin": [9.58699, 32.55502, 10.73463]},
			"faces": {
				"north": {"uv": [0, 0, 5, 5], "texture": "#5"},
				"east": {"uv": [0, 12, 4, 16], "texture": "#5"},
				"south": {"uv": [0, 0, 16, 16], "texture": "#6"},
				"west": {"uv": [0, 12, 4, 16], "texture": "#5"},
				"up": {"uv": [0, 0, 16, 16], "texture": "#5"},
				"down": {"uv": [0, 0, 16, 16], "texture": "#5"}
			}
		},
		{
			"from": [5.90569, 22.91758, 2.73463],
			"to": [6.90569, 23.91758, 3.83463],
			"rotation": {"angle": 22.5, "axis": "z", "origin": [13.90569, 30.91758, 10.73463]},
			"faces": {
				"north": {"uv": [0, 0, 5, 5], "texture": "#5"},
				"east": {"uv": [0, 12, 4, 16], "texture": "#5"},
				"south": {"uv": [0, 0, 16, 16], "texture": "#6"},
				"west": {"uv": [0, 12, 4, 16], "texture": "#5"},
				"up": {"uv": [0, 0, 16, 16], "texture": "#5"},
				"down": {"uv": [0, 0, 16, 16], "texture": "#5"}
			}
		},
		{
			"from": [9.5, 19.84776, 2.73463],
			"to": [10.5, 20.84776, 3.23463],
			"rotation": {"angle": 0, "axis": "y", "origin": [14, 26.84776, 11.73463]},
			"faces": {
				"north": {"uv": [12, 12, 16, 16], "texture": "#5"},
				"east": {"uv": [11, 10.5, 16, 16], "texture": "#5"},
				"south": {"uv": [0, 0, 16, 16], "texture": "#5"},
				"west": {"uv": [0, 0, 16, 16], "texture": "#5"},
				"up": {"uv": [0, 0, 16, 16], "texture": "#5"},
				"down": {"uv": [0, 0, 16, 16], "texture": "#5"}
			}
		},
		{
			"from": [6.5, 22.84776, 2.73463],
			"to": [7.5, 23.84776, 3.77463],
			"rotation": {"angle": 0, "axis": "y", "origin": [13, 26.84776, 10.73463]},
			"faces": {
				"north": {"uv": [0, 0, 5.5, 5.5], "texture": "#5"},
				"east": {"uv": [0, 0, 16, 16], "texture": "#5"},
				"south": {"uv": [0, 0, 16, 16], "texture": "#6"},
				"west": {"uv": [10.5, 10.5, 16, 16], "texture": "#5"},
				"up": {"uv": [0, 0, 16, 16], "texture": "#5"},
				"down": {"uv": [0, 0, 16, 16], "texture": "#5"}
			}
		},
		{
			"from": [6.5, 23.84776, 2.73463],
			"to": [7.5, 24.84776, 3.77463],
			"rotation": {"angle": 0, "axis": "y", "origin": [13, 27.84776, 10.73463]},
			"faces": {
				"north": {"uv": [0, 0, 5.5, 5.5], "texture": "#5"},
				"east": {"uv": [0, 0, 16, 16], "texture": "#5"},
				"south": {"uv": [0, 0, 16, 16], "texture": "#6"},
				"west": {"uv": [10.5, 10.5, 16, 16], "texture": "#5"},
				"up": {"uv": [0, 0, 16, 16], "texture": "#5"},
				"down": {"uv": [0, 0, 16, 16], "texture": "#5"}
			}
		},
		{
			"from": [7.5, 23.84776, 2.73463],
			"to": [8.5, 24.84776, 3.77463],
			"rotation": {"angle": 0, "axis": "y", "origin": [14, 27.84776, 10.73463]},
			"faces": {
				"north": {"uv": [0, 0, 5.5, 5.5], "texture": "#5"},
				"east": {"uv": [0, 0, 16, 16], "texture": "#5"},
				"south": {"uv": [0, 0, 16, 16], "texture": "#6"},
				"west": {"uv": [0, 0, 16, 16], "texture": "#5"},
				"up": {"uv": [0, 0, 16, 16], "texture": "#5"},
				"down": {"uv": [0, 0, 16, 16], "texture": "#5"}
			}
		},
		{
			"from": [8.5, 23.84776, 2.73463],
			"to": [9.5, 24.84776, 3.77463],
			"rotation": {"angle": 0, "axis": "y", "origin": [15, 28.84776, 10.73463]},
			"faces": {
				"north": {"uv": [0, 0, 5.5, 5.5], "texture": "#5"},
				"east": {"uv": [0, 0, 5.5, 5.5], "texture": "#5"},
				"south": {"uv": [0, 0, 16, 16], "texture": "#6"},
				"west": {"uv": [0, 0, 16, 16], "texture": "#5"},
				"up": {"uv": [0, 0, 16, 16], "texture": "#5"},
				"down": {"uv": [0, 0, 16, 16], "texture": "#5"}
			}
		},
		{
			"from": [8.5, 22.84776, 2.73463],
			"to": [9.5, 23.84776, 3.77463],
			"rotation": {"angle": 0, "axis": "y", "origin": [15, 27.84776, 10.73463]},
			"faces": {
				"north": {"uv": [0, 0, 5.5, 5.5], "texture": "#5"},
				"east": {"uv": [0, 0, 5.5, 5.5], "texture": "#5"},
				"south": {"uv": [0, 0, 16, 16], "texture": "#6"},
				"west": {"uv": [0, 0, 16, 16], "texture": "#5"},
				"up": {"uv": [0, 0, 16, 16], "texture": "#5"},
				"down": {"uv": [0, 0, 16, 16], "texture": "#5"}
			}
		},
		{
			"from": [7.5, 22.84776, 2.73463],
			"to": [8.5, 23.84776, 3.77463],
			"rotation": {"angle": 0, "axis": "y", "origin": [14, 26.84776, 10.73463]},
			"faces": {
				"north": {"uv": [0, 0, 5.5, 5.5], "texture": "#5"},
				"east": {"uv": [0, 0, 16, 16], "texture": "#5"},
				"south": {"uv": [0, 0, 16, 16], "texture": "#6"},
				"west": {"uv": [0, 0, 16, 16], "texture": "#5"},
				"up": {"uv": [0, 0, 16, 16], "texture": "#5"},
				"down": {"uv": [0, 0, 16, 16], "texture": "#5"}
			}
		},
		{
			"from": [5.5, 20.34776, 3.23463],
			"to": [10.5, 20.84776, 3.83463],
			"rotation": {"angle": 0, "axis": "y", "origin": [14, 27.34776, 12.23463]},
			"faces": {
				"north": {"uv": [12, 12, 16, 16], "texture": "#5"},
				"east": {"uv": [11, 10.5, 16, 16], "texture": "#5"},
				"south": {"uv": [0, 0, 16, 16], "texture": "#6"},
				"west": {"uv": [11, 10.5, 16, 16], "texture": "#5"},
				"up": {"uv": [0, 0, 16, 16], "texture": "#5"},
				"down": {"uv": [0, 0, 16, 16], "texture": "#5"}
			}
		},
		{
			"from": [6.5, 19.84776, 2.73463],
			"to": [7.5, 20.84776, 3.23463],
			"rotation": {"angle": 0, "axis": "y", "origin": [11, 26.84776, 11.73463]},
			"faces": {
				"north": {"uv": [12, 12, 16, 16], "texture": "#5"},
				"east": {"uv": [0, 0, 16, 16], "texture": "#5"},
				"south": {"uv": [0, 0, 16, 16], "texture": "#5"},
				"west": {"uv": [0, 0, 16, 16], "texture": "#5"},
				"up": {"uv": [0, 0, 16, 16], "texture": "#5"},
				"down": {"uv": [0, 0, 16, 16], "texture": "#5"}
			}
		},
		{
			"from": [7.5, 19.84776, 2.73463],
			"to": [8.5, 20.84776, 3.23463],
			"rotation": {"angle": 0, "axis": "y", "origin": [12, 26.84776, 11.73463]},
			"faces": {
				"north": {"uv": [12, 12, 16, 16], "texture": "#5"},
				"east": {"uv": [0, 0, 16, 16], "texture": "#5"},
				"south": {"uv": [0, 0, 16, 16], "texture": "#5"},
				"west": {"uv": [0, 0, 16, 16], "texture": "#5"},
				"up": {"uv": [0, 0, 16, 16], "texture": "#5"},
				"down": {"uv": [0, 0, 16, 16], "texture": "#5"}
			}
		},
		{
			"from": [8.5, 19.84776, 2.73463],
			"to": [9.5, 20.84776, 3.23463],
			"rotation": {"angle": 0, "axis": "y", "origin": [13, 26.84776, 11.73463]},
			"faces": {
				"north": {"uv": [12, 12, 16, 16], "texture": "#5"},
				"east": {"uv": [0, 0, 16, 16], "texture": "#5"},
				"south": {"uv": [0, 0, 16, 16], "texture": "#5"},
				"west": {"uv": [0, 0, 16, 16], "texture": "#5"},
				"up": {"uv": [0, 0, 16, 16], "texture": "#5"},
				"down": {"uv": [0, 0, 16, 16], "texture": "#5"}
			}
		},
		{
			"from": [8.5, 20.84776, 2.73463],
			"to": [9.5, 21.84776, 3.77463],
			"rotation": {"angle": 0, "axis": "y", "origin": [15, 25.84776, 10.73463]},
			"faces": {
				"north": {"uv": [12, 12, 16, 16], "texture": "#5"},
				"east": {"uv": [0, 0, 16, 16], "texture": "#5"},
				"south": {"uv": [0, 0, 16, 16], "texture": "#5"},
				"west": {"uv": [0, 0, 16, 16], "texture": "#5"},
				"up": {"uv": [0, 0, 16, 16], "texture": "#5"},
				"down": {"uv": [0, 0, 16, 16], "texture": "#5"}
			}
		},
		{
			"from": [7.5, 20.84776, 2.73463],
			"to": [8.5, 21.84776, 3.77463],
			"rotation": {"angle": 0, "axis": "y", "origin": [14, 24.84776, 10.73463]},
			"faces": {
				"north": {"uv": [12, 12, 16, 16], "texture": "#5"},
				"east": {"uv": [0, 0, 16, 16], "texture": "#5"},
				"south": {"uv": [0, 0, 16, 16], "texture": "#5"},
				"west": {"uv": [0, 0, 16, 16], "texture": "#5"},
				"up": {"uv": [0, 0, 16, 16], "texture": "#5"},
				"down": {"uv": [0, 0, 16, 16], "texture": "#5"}
			}
		},
		{
			"from": [6.5, 20.84776, 2.73463],
			"to": [7.5, 21.84776, 3.77463],
			"rotation": {"angle": 0, "axis": "y", "origin": [13, 24.84776, 10.73463]},
			"faces": {
				"north": {"uv": [12, 12, 16, 16], "texture": "#5"},
				"east": {"uv": [0, 0, 16, 16], "texture": "#5"},
				"south": {"uv": [0, 0, 16, 16], "texture": "#5"},
				"west": {"uv": [0, 0, 16, 16], "texture": "#5"},
				"up": {"uv": [0, 0, 16, 16], "texture": "#5"},
				"down": {"uv": [0, 0, 16, 16], "texture": "#5"}
			}
		},
		{
			"from": [6.5, 21.84776, 2.73463],
			"to": [7.5, 22.84776, 3.77463],
			"rotation": {"angle": 0, "axis": "y", "origin": [13, 25.84776, 10.73463]},
			"faces": {
				"north": {"uv": [12, 12, 16, 16], "texture": "#5"},
				"east": {"uv": [0, 0, 16, 16], "texture": "#5"},
				"south": {"uv": [0, 0, 16, 16], "texture": "#6"},
				"west": {"uv": [10.5, 10.5, 16, 16], "texture": "#5"},
				"up": {"uv": [0, 0, 16, 16], "texture": "#5"},
				"down": {"uv": [0, 0, 16, 16], "texture": "#5"}
			}
		},
		{
			"from": [7.5, 21.84776, 2.73463],
			"to": [8.5, 22.84776, 3.77463],
			"rotation": {"angle": 0, "axis": "y", "origin": [14, 25.84776, 10.73463]},
			"faces": {
				"north": {"uv": [12, 12, 16, 16], "texture": "#5"},
				"east": {"uv": [0, 0, 16, 16], "texture": "#5"},
				"south": {"uv": [0, 0, 16, 16], "texture": "#6"},
				"west": {"uv": [0, 0, 16, 16], "texture": "#5"},
				"up": {"uv": [0, 0, 16, 16], "texture": "#5"},
				"down": {"uv": [0, 0, 16, 16], "texture": "#5"}
			}
		},
		{
			"from": [8.5, 21.84776, 2.73463],
			"to": [9.5, 22.84776, 3.77463],
			"rotation": {"angle": 0, "axis": "y", "origin": [15, 26.84776, 10.73463]},
			"faces": {
				"north": {"uv": [12, 12, 16, 16], "texture": "#5"},
				"east": {"uv": [0, 0, 5.5, 5.5], "texture": "#5"},
				"south": {"uv": [0, 0, 16, 16], "texture": "#6"},
				"west": {"uv": [0, 0, 16, 16], "texture": "#5"},
				"up": {"uv": [0, 0, 16, 16], "texture": "#5"},
				"down": {"uv": [0, 0, 16, 16], "texture": "#5"}
			}
		},
		{
			"from": [6.5, 23.3176, -0.76401],
			"to": [9.5, 24.5676, 0.23599],
			"rotation": {"angle": -22.5, "axis": "x", "origin": [13.58979, 32.3176, 7.23599]},
			"faces": {
				"north": {"uv": [0, 0, 16, 16], "texture": "#6"},
				"east": {"uv": [0, 0, 16, 16], "texture": "#6"},
				"south": {"uv": [0, 0, 16, 16], "texture": "#6"},
				"west": {"uv": [0, 0, 16, 16], "texture": "#6"},
				"up": {"uv": [0, 0, 16, 16], "texture": "#6"},
				"down": {"uv": [0, 0, 16, 16], "texture": "#6"}
			}
		},
		{
			"from": [-0.88774, 21.47875, 6.63988],
			"to": [0.11226, 25.47875, 7.63988],
			"rotation": {"angle": -45, "axis": "y", "origin": [8.11226, 27.38896, 15.37587]},
			"faces": {
				"north": {"uv": [0, 0, 16, 16], "rotation": 270, "texture": "#6"},
				"east": {"uv": [0, 0, 16, 16], "rotation": 90, "texture": "#6"},
				"south": {"uv": [0, 0, 16, 16], "rotation": 90, "texture": "#6"},
				"west": {"uv": [0, 0, 16, 16], "rotation": 90, "texture": "#6"},
				"up": {"uv": [0, 0, 16, 16], "rotation": 90, "texture": "#6"},
				"down": {"uv": [0, 0, 16, 16], "rotation": 90, "texture": "#6"}
			}
		},
		{
			"from": [6.58979, 24.47245, -1.14236],
			"to": [9.33979, 24.72245, -0.14236],
			"rotation": {"angle": -22.5, "axis": "x", "origin": [13.67957, 33.47245, 6.85764]},
			"faces": {
				"north": {"uv": [0, 0, 16, 16], "texture": "#5"},
				"east": {"uv": [0, 0, 16, 16], "texture": "#5"},
				"south": {"uv": [0, 0, 16, 16], "texture": "#6"},
				"west": {"uv": [0, 0, 16, 16], "texture": "#5"},
				"up": {"uv": [0, 0, 16, 16], "texture": "#5"},
				"down": {"uv": [0, 0, 16, 16], "texture": "#5"}
			}
		},
		{
			"from": [6.5, 19.3239, 3.21298],
			"to": [9.5, 21.3239, 4.21298],
			"rotation": {"angle": 0, "axis": "y", "origin": [13.58979, 29.3239, 11.21298]},
			"faces": {
				"north": {"uv": [0, 0, 16, 16], "texture": "#5"},
				"east": {"uv": [0, 0, 16, 16], "texture": "#5"},
				"south": {"uv": [0, 0, 16, 16], "texture": "#5"},
				"west": {"uv": [0, 0, 16, 16], "texture": "#5"},
				"up": {"uv": [0, 0, 16, 16], "texture": "#5"},
				"down": {"uv": [0, 0, 16, 16], "texture": "#5"}
			}
		},
		{
			"from": [6.58979, 21.47875, 3.58463],
			"to": [9.38979, 22.47875, 3.83463],
			"rotation": {"angle": 0, "axis": "y", "origin": [13.67957, 31.47875, 11.58463]},
			"faces": {
				"north": {"uv": [0, 0, 16, 16], "texture": "#6"},
				"east": {"uv": [0, 0, 16, 16], "texture": "#6"},
				"south": {"uv": [0, 0, 16, 16], "texture": "#6"},
				"west": {"uv": [0, 0, 16, 16], "texture": "#6"},
				"up": {"uv": [0, 0, 16, 16], "texture": "#6"},
				"down": {"uv": [0, 0, 16, 16], "texture": "#6"}
			}
		},
		{
			"from": [6, 21.84146, -0.74236],
			"to": [10, 23.84146, 0.45764],
			"rotation": {"angle": -22.5, "axis": "x", "origin": [14.58979, 31.84146, 7.25764]},
			"faces": {
				"north": {"uv": [0, 0, 16, 16], "texture": "#6"},
				"east": {"uv": [0, 0, 16, 16], "texture": "#6"},
				"south": {"uv": [0, 0, 16, 16], "texture": "#6"},
				"west": {"uv": [0, 0, 16, 16], "texture": "#6"},
				"up": {"uv": [0, 0, 16, 16], "texture": "#6"},
				"down": {"uv": [0, 0, 16, 16], "texture": "#6"}
			}
		},
		{
			"from": [5.85, 20.09409, 3.13279],
			"to": [6.1, 21.29409, 4.13279],
			"rotation": {"angle": 45, "axis": "x", "origin": [5.58979, 20.73025, 3.79042]},
			"faces": {
				"north": {"uv": [0, 0, 16, 16], "rotation": 180, "texture": "#6"},
				"east": {"uv": [0, 0, 16, 16], "rotation": 90, "texture": "#6"},
				"south": {"uv": [0, 0, 16, 16], "texture": "#6"},
				"west": {"uv": [0, 0, 16, 16], "rotation": 270, "texture": "#6"},
				"up": {"uv": [0, 0, 16, 16], "texture": "#6"},
				"down": {"uv": [0, 0, 16, 16], "rotation": 180, "texture": "#6"}
			}
		},
		{
			"from": [9.9, 20.09409, 3.13279],
			"to": [10.15, 21.29409, 4.13279],
			"rotation": {"angle": 45, "axis": "x", "origin": [9.58979, 20.73025, 3.79042]},
			"faces": {
				"north": {"uv": [0, 0, 16, 16], "rotation": 180, "texture": "#6"},
				"east": {"uv": [0, 0, 16, 16], "rotation": 90, "texture": "#6"},
				"south": {"uv": [0, 0, 16, 16], "texture": "#6"},
				"west": {"uv": [0, 0, 16, 16], "rotation": 270, "texture": "#6"},
				"up": {"uv": [0, 0, 16, 16], "texture": "#6"},
				"down": {"uv": [0, 0, 16, 16], "rotation": 180, "texture": "#6"}
			}
		},
		{
			"from": [9.5, 19.34566, 2.73777],
			"to": [10.5, 20.34566, 3.93777],
			"rotation": {"angle": 0, "axis": "y", "origin": [14, 27.34566, -2.26223]},
			"faces": {
				"north": {"uv": [0, 0, 8.5, 8.5], "rotation": 180, "texture": "#5"},
				"east": {"uv": [11, 10.5, 16, 16], "rotation": 90, "texture": "#5"},
				"south": {"uv": [0, 0, 16, 16], "texture": "#5"},
				"west": {"uv": [0, 0, 16, 16], "rotation": 270, "texture": "#5"},
				"up": {"uv": [0, 0, 16, 16], "texture": "#5"},
				"down": {"uv": [0, 0, 16, 16], "rotation": 180, "texture": "#5"}
			}
		},
		{
			"from": [8.5, 19.34566, 2.73777],
			"to": [9.5, 20.34566, 3.93777],
			"rotation": {"angle": 0, "axis": "y", "origin": [13, 27.34566, -2.26223]},
			"faces": {
				"north": {"uv": [0, 0, 8.5, 8.5], "rotation": 180, "texture": "#5"},
				"east": {"uv": [0, 0, 16, 16], "rotation": 90, "texture": "#5"},
				"south": {"uv": [0, 0, 16, 16], "texture": "#5"},
				"west": {"uv": [0, 0, 16, 16], "rotation": 270, "texture": "#5"},
				"up": {"uv": [0, 0, 16, 16], "texture": "#5"},
				"down": {"uv": [0, 0, 16, 16], "rotation": 180, "texture": "#5"}
			}
		},
		{
			"from": [7.5, 19.34566, 2.73777],
			"to": [8.5, 20.34566, 3.93777],
			"rotation": {"angle": 0, "axis": "y", "origin": [12, 27.34566, -2.26223]},
			"faces": {
				"north": {"uv": [0, 0, 8.5, 8.5], "rotation": 180, "texture": "#5"},
				"east": {"uv": [0, 0, 16, 16], "rotation": 90, "texture": "#5"},
				"south": {"uv": [0, 0, 16, 16], "texture": "#5"},
				"west": {"uv": [0, 0, 16, 16], "rotation": 270, "texture": "#5"},
				"up": {"uv": [0, 0, 16, 16], "texture": "#5"},
				"down": {"uv": [0, 0, 16, 16], "rotation": 180, "texture": "#5"}
			}
		},
		{
			"from": [6.5, 19.34566, 2.73777],
			"to": [7.5, 20.34566, 3.93777],
			"rotation": {"angle": 0, "axis": "y", "origin": [11, 27.34566, -2.26223]},
			"faces": {
				"north": {"uv": [0, 0, 8.5, 8.5], "rotation": 180, "texture": "#5"},
				"east": {"uv": [0, 0, 16, 16], "rotation": 90, "texture": "#5"},
				"south": {"uv": [0, 0, 16, 16], "texture": "#5"},
				"west": {"uv": [0, 0, 16, 16], "rotation": 270, "texture": "#5"},
				"up": {"uv": [0, 0, 16, 16], "texture": "#5"},
				"down": {"uv": [0, 0, 16, 16], "rotation": 180, "texture": "#5"}
			}
		},
		{
			"from": [5.5, 19.34566, 2.73777],
			"to": [6.5, 20.34566, 3.93777],
			"rotation": {"angle": 0, "axis": "y", "origin": [10, 27.34566, -2.26223]},
			"faces": {
				"north": {"uv": [0, 0, 8.5, 8.5], "rotation": 180, "texture": "#5"},
				"east": {"uv": [0, 0, 16, 16], "rotation": 90, "texture": "#5"},
				"south": {"uv": [0, 0, 16, 16], "texture": "#5"},
				"west": {"uv": [11, 10.5, 16, 16], "rotation": 270, "texture": "#5"},
				"up": {"uv": [0, 0, 16, 16], "texture": "#5"},
				"down": {"uv": [0, 0, 16, 16], "rotation": 180, "texture": "#5"}
			}
		},
		{
			"from": [8.70764, 11.10607, 2.8],
			"to": [9.35764, 12.10607, 3.8],
			"rotation": {"angle": -45, "axis": "z", "origin": [17.20764, 19.10607, -2.2]},
			"faces": {
				"north": {"uv": [0, 0, 16, 16], "rotation": 180, "texture": "#5"},
				"east": {"uv": [0, 0, 16, 16], "rotation": 90, "texture": "#5"},
				"south": {"uv": [0, 0, 16, 16], "texture": "#5"},
				"west": {"uv": [0, 0, 16, 16], "rotation": 270, "texture": "#5"},
				"up": {"uv": [0, 0, 16, 16], "texture": "#5"},
				"down": {"uv": [0, 0, 16, 16], "rotation": 180, "texture": "#5"}
			}
		},
		{
			"from": [9.70764, 11.10607, 2.8],
			"to": [10.35764, 11.75607, 3.8],
			"rotation": {"angle": -45, "axis": "z", "origin": [18.20764, 19.10607, -2.2]},
			"faces": {
				"north": {"uv": [0, 0, 16, 16], "rotation": 180, "texture": "#5"},
				"east": {"uv": [0, 0, 16, 16], "rotation": 90, "texture": "#5"},
				"south": {"uv": [0, 0, 16, 16], "texture": "#5"},
				"west": {"uv": [0, 0, 16, 16], "rotation": 270, "texture": "#5"},
				"up": {"uv": [0, 0, 16, 16], "texture": "#5"},
				"down": {"uv": [0, 0, 16, 16], "rotation": 180, "texture": "#5"}
			}
		},
		{
			"from": [6.25, 18.75, 2.85],
			"to": [6.75, 19, 3.1],
			"rotation": {"angle": 0, "axis": "y", "origin": [14, 26.84566, -2.26223]},
			"faces": {
				"north": {"uv": [0, 0, 16, 16], "rotation": 180, "texture": "#3"},
				"east": {"uv": [0, 0, 16, 16], "rotation": 90, "texture": "#3"},
				"south": {"uv": [0, 0, 16, 16], "texture": "#3"},
				"west": {"uv": [0, 0, 16, 16], "rotation": 270, "texture": "#3"},
				"up": {"uv": [0, 0, 16, 16], "texture": "#3"},
				"down": {"uv": [0, 0, 16, 16], "rotation": 180, "texture": "#3"}
			}
		},
		{
			"from": [9.25, 18.75, 2.85],
			"to": [9.75, 19, 3.1],
			"rotation": {"angle": 0, "axis": "y", "origin": [17, 26.84566, -2.26223]},
			"faces": {
				"north": {"uv": [0, 0, 16, 16], "rotation": 180, "texture": "#3"},
				"east": {"uv": [0, 0, 16, 16], "rotation": 90, "texture": "#3"},
				"south": {"uv": [0, 0, 16, 16], "texture": "#3"},
				"west": {"uv": [0, 0, 16, 16], "rotation": 270, "texture": "#3"},
				"up": {"uv": [0, 0, 16, 16], "texture": "#3"},
				"down": {"uv": [0, 0, 16, 16], "rotation": 180, "texture": "#3"}
			}
		},
		{
			"from": [9, 19, 2.8],
			"to": [10, 20, 3.8],
			"rotation": {"angle": 0, "axis": "y", "origin": [17, 27.34566, -2.26223]},
			"faces": {
				"north": {"uv": [0, 0, 16, 16], "rotation": 180, "texture": "#5"},
				"east": {"uv": [0, 0, 16, 16], "rotation": 90, "texture": "#5"},
				"south": {"uv": [0, 0, 16, 16], "texture": "#5"},
				"west": {"uv": [0, 0, 16, 16], "rotation": 270, "texture": "#5"},
				"up": {"uv": [0, 0, 16, 16], "texture": "#5"},
				"down": {"uv": [0, 0, 16, 16], "rotation": 180, "texture": "#5"}
			}
		},
		{
			"from": [11.70764, 11.10607, 2.8],
			"to": [12.35764, 12.10607, 3.8],
			"rotation": {"angle": -45, "axis": "z", "origin": [20.20764, 19.10607, -2.2]},
			"faces": {
				"north": {"uv": [0, 0, 16, 16], "rotation": 180, "texture": "#5"},
				"east": {"uv": [0, 0, 16, 16], "rotation": 90, "texture": "#5"},
				"south": {"uv": [0, 0, 16, 16], "texture": "#5"},
				"west": {"uv": [0, 0, 16, 16], "rotation": 270, "texture": "#5"},
				"up": {"uv": [0, 0, 16, 16], "texture": "#5"},
				"down": {"uv": [0, 0, 16, 16], "rotation": 180, "texture": "#5"}
			}
		},
		{
			"from": [12.70764, 11.10607, 2.8],
			"to": [13.35764, 11.75607, 3.8],
			"rotation": {"angle": -45, "axis": "z", "origin": [21.20764, 19.10607, -2.2]},
			"faces": {
				"north": {"uv": [0, 0, 16, 16], "rotation": 180, "texture": "#5"},
				"east": {"uv": [0, 0, 16, 16], "rotation": 90, "texture": "#5"},
				"south": {"uv": [0, 0, 16, 16], "texture": "#5"},
				"west": {"uv": [0, 0, 16, 16], "rotation": 270, "texture": "#5"},
				"up": {"uv": [0, 0, 16, 16], "texture": "#5"},
				"down": {"uv": [0, 0, 16, 16], "rotation": 180, "texture": "#5"}
			}
		},
		{
			"from": [6, 19, 2.8],
			"to": [7, 20, 3.8],
			"rotation": {"angle": 0, "axis": "y", "origin": [14, 27.34566, -2.26223]},
			"faces": {
				"north": {"uv": [0, 0, 16, 16], "rotation": 180, "texture": "#5"},
				"east": {"uv": [0, 0, 16, 16], "rotation": 90, "texture": "#5"},
				"south": {"uv": [0, 0, 16, 16], "texture": "#5"},
				"west": {"uv": [0, 0, 16, 16], "rotation": 270, "texture": "#5"},
				"up": {"uv": [0, 0, 16, 16], "texture": "#5"},
				"down": {"uv": [0, 0, 16, 16], "rotation": 180, "texture": "#5"}
			}
		},
		{
			"name": "octagon",
			"from": [6.89645, 19.45, 8.75],
			"to": [7.10355, 19.7, 9.25],
			"rotation": {"angle": 45, "axis": "y", "origin": [7, 21, 9]},
			"faces": {
				"north": {"uv": [0, 0, 16, 16], "texture": "#7"},
				"east": {"uv": [0, 0, 16, 16], "texture": "#7"},
				"south": {"uv": [0, 0, 16, 16], "texture": "#7"},
				"west": {"uv": [0, 0, 16, 16], "texture": "#7"},
				"up": {"uv": [0, 0, 16, 16], "texture": "#7"},
				"down": {"uv": [0, 0, 16, 16], "texture": "#7"}
			}
		},
		{
			"name": "octagon",
			"from": [6.89645, 19.45, 8.75],
			"to": [7.10355, 19.7, 9.25],
			"rotation": {"angle": 0, "axis": "y", "origin": [7, 21, 9]},
			"faces": {
				"north": {"uv": [0, 0, 16, 16], "texture": "#7"},
				"east": {"uv": [0, 0, 16, 16], "texture": "#7"},
				"south": {"uv": [0, 0, 16, 16], "texture": "#7"},
				"west": {"uv": [0, 0, 16, 16], "texture": "#7"},
				"up": {"uv": [0, 0, 16, 16], "texture": "#7"},
				"down": {"uv": [0, 0, 16, 16], "texture": "#7"}
			}
		},
		{
			"name": "octagon",
			"from": [6.75, 19.45, 8.89645],
			"to": [7.25, 19.7, 9.10355],
			"rotation": {"angle": 45, "axis": "y", "origin": [7, 21, 9]},
			"faces": {
				"north": {"uv": [0, 0, 16, 16], "texture": "#7"},
				"east": {"uv": [0, 0, 16, 16], "texture": "#7"},
				"south": {"uv": [0, 0, 16, 16], "texture": "#7"},
				"west": {"uv": [0, 0, 16, 16], "texture": "#7"},
				"up": {"uv": [0, 0, 16, 16], "texture": "#7"},
				"down": {"uv": [0, 0, 16, 16], "texture": "#7"}
			}
		},
		{
			"name": "octagon",
			"from": [6.75, 19.45, 8.89645],
			"to": [7.25, 19.7, 9.10355],
			"rotation": {"angle": 0, "axis": "y", "origin": [7, 21, 9]},
			"faces": {
				"north": {"uv": [0, 0, 16, 16], "texture": "#7"},
				"east": {"uv": [0, 0, 16, 16], "texture": "#7"},
				"south": {"uv": [0, 0, 16, 16], "texture": "#7"},
				"west": {"uv": [0, 0, 16, 16], "texture": "#7"},
				"up": {"uv": [0, 0, 16, 16], "texture": "#7"},
				"down": {"uv": [0, 0, 16, 16], "texture": "#7"}
			}
		},
		{
			"name": "octagon",
			"from": [7.9, 19.45, 9.35355],
			"to": [8.21066, 19.7, 10.10355],
			"rotation": {"angle": 45, "axis": "y", "origin": [8.05533, 19.625, 9.72855]},
			"faces": {
				"north": {"uv": [0, 0, 16, 16], "texture": "#7"},
				"east": {"uv": [0, 0, 16, 16], "texture": "#7"},
				"south": {"uv": [0, 0, 16, 16], "texture": "#7"},
				"west": {"uv": [0, 0, 16, 16], "texture": "#7"},
				"up": {"uv": [0, 0, 16, 16], "texture": "#7"},
				"down": {"uv": [0, 0, 16, 16], "texture": "#7"}
			}
		},
		{
			"name": "octagon",
			"from": [7.9, 19.45, 9.35355],
			"to": [8.21066, 19.7, 10.10355],
			"rotation": {"angle": 0, "axis": "y", "origin": [8.05533, 19.625, 9.72855]},
			"faces": {
				"north": {"uv": [0, 0, 16, 16], "texture": "#7"},
				"east": {"uv": [0, 0, 16, 16], "texture": "#7"},
				"south": {"uv": [0, 0, 16, 16], "texture": "#7"},
				"west": {"uv": [0, 0, 16, 16], "texture": "#7"},
				"up": {"uv": [0, 0, 16, 16], "texture": "#7"},
				"down": {"uv": [0, 0, 16, 16], "texture": "#7"}
			}
		},
		{
			"name": "octagon",
			"from": [7.68033, 19.45, 9.57322],
			"to": [8.43033, 19.7, 9.88388],
			"rotation": {"angle": 45, "axis": "y", "origin": [8.05533, 19.625, 9.72855]},
			"faces": {
				"north": {"uv": [0, 0, 16, 16], "texture": "#7"},
				"east": {"uv": [0, 0, 16, 16], "texture": "#7"},
				"south": {"uv": [0, 0, 16, 16], "texture": "#7"},
				"west": {"uv": [0, 0, 16, 16], "texture": "#7"},
				"up": {"uv": [0, 0, 16, 16], "texture": "#7"},
				"down": {"uv": [0, 0, 16, 16], "texture": "#7"}
			}
		},
		{
			"name": "octagon",
			"from": [7.68033, 19.45, 9.57322],
			"to": [8.43033, 19.7, 9.88388],
			"rotation": {"angle": 0, "axis": "y", "origin": [8.05533, 19.625, 9.72855]},
			"faces": {
				"north": {"uv": [0, 0, 16, 16], "texture": "#7"},
				"east": {"uv": [0, 0, 16, 16], "texture": "#7"},
				"south": {"uv": [0, 0, 16, 16], "texture": "#7"},
				"west": {"uv": [0, 0, 16, 16], "texture": "#7"},
				"up": {"uv": [0, 0, 16, 16], "texture": "#7"},
				"down": {"uv": [0, 0, 16, 16], "texture": "#7"}
			}
		},
		{
			"name": "octagon",
			"from": [7.99749, 19.45, 8.85607],
			"to": [8.14246, 19.7, 9.20607],
			"rotation": {"angle": 45, "axis": "y", "origin": [8.06997, 19.625, 9.03107]},
			"faces": {
				"north": {"uv": [0, 0, 16, 16], "texture": "#7"},
				"east": {"uv": [0, 0, 16, 16], "texture": "#7"},
				"south": {"uv": [0, 0, 16, 16], "texture": "#7"},
				"west": {"uv": [0, 0, 16, 16], "texture": "#7"},
				"up": {"uv": [0, 0, 16, 16], "texture": "#7"},
				"down": {"uv": [0, 0, 16, 16], "texture": "#7"}
			}
		},
		{
			"name": "octagon",
			"from": [7.99749, 19.45, 8.85607],
			"to": [8.14246, 19.7, 9.20607],
			"rotation": {"angle": 0, "axis": "y", "origin": [8.06997, 19.625, 9.03107]},
			"faces": {
				"north": {"uv": [0, 0, 16, 16], "texture": "#7"},
				"east": {"uv": [0, 0, 16, 16], "texture": "#7"},
				"south": {"uv": [0, 0, 16, 16], "texture": "#7"},
				"west": {"uv": [0, 0, 16, 16], "texture": "#7"},
				"up": {"uv": [0, 0, 16, 16], "texture": "#7"},
				"down": {"uv": [0, 0, 16, 16], "texture": "#7"}
			}
		},
		{
			"name": "octagon",
			"from": [7.89497, 19.45, 8.95858],
			"to": [8.24497, 19.7, 9.10355],
			"rotation": {"angle": 45, "axis": "y", "origin": [8.06997, 19.625, 9.03107]},
			"faces": {
				"north": {"uv": [0, 0, 16, 16], "texture": "#7"},
				"east": {"uv": [0, 0, 16, 16], "texture": "#7"},
				"south": {"uv": [0, 0, 16, 16], "texture": "#7"},
				"west": {"uv": [0, 0, 16, 16], "texture": "#7"},
				"up": {"uv": [0, 0, 16, 16], "texture": "#7"},
				"down": {"uv": [0, 0, 16, 16], "texture": "#7"}
			}
		},
		{
			"name": "octagon",
			"from": [7.89497, 19.45, 8.95858],
			"to": [8.24497, 19.7, 9.10355],
			"rotation": {"angle": 0, "axis": "y", "origin": [8.06997, 19.625, 9.03107]},
			"faces": {
				"north": {"uv": [0, 0, 16, 16], "texture": "#7"},
				"east": {"uv": [0, 0, 16, 16], "texture": "#7"},
				"south": {"uv": [0, 0, 16, 16], "texture": "#7"},
				"west": {"uv": [0, 0, 16, 16], "texture": "#7"},
				"up": {"uv": [0, 0, 16, 16], "texture": "#7"},
				"down": {"uv": [0, 0, 16, 16], "texture": "#7"}
			}
		},
		{
			"name": "octagon",
			"from": [9.39645, 19.45, 8.39645],
			"to": [9.5, 19.7, 8.64645],
			"rotation": {"angle": 45, "axis": "y", "origin": [9.44822, 19.625, 8.52145]},
			"faces": {
				"north": {"uv": [0, 0, 16, 16], "texture": "#7"},
				"east": {"uv": [0, 0, 16, 16], "texture": "#7"},
				"south": {"uv": [0, 0, 16, 16], "texture": "#7"},
				"west": {"uv": [0, 0, 16, 16], "texture": "#7"},
				"up": {"uv": [0, 0, 16, 16], "texture": "#7"},
				"down": {"uv": [0, 0, 16, 16], "texture": "#7"}
			}
		},
		{
			"name": "octagon",
			"from": [9.39645, 19.45, 8.39645],
			"to": [9.5, 19.7, 8.64645],
			"rotation": {"angle": 0, "axis": "y", "origin": [9.44822, 19.625, 8.52145]},
			"faces": {
				"north": {"uv": [0, 0, 16, 16], "texture": "#7"},
				"east": {"uv": [0, 0, 16, 16], "texture": "#7"},
				"south": {"uv": [0, 0, 16, 16], "texture": "#7"},
				"west": {"uv": [0, 0, 16, 16], "texture": "#7"},
				"up": {"uv": [0, 0, 16, 16], "texture": "#7"},
				"down": {"uv": [0, 0, 16, 16], "texture": "#7"}
			}
		},
		{
			"name": "octagon",
			"from": [9.32322, 19.45, 8.46967],
			"to": [9.57322, 19.7, 8.57322],
			"rotation": {"angle": 45, "axis": "y", "origin": [9.44822, 19.625, 8.52145]},
			"faces": {
				"north": {"uv": [0, 0, 16, 16], "texture": "#7"},
				"east": {"uv": [0, 0, 16, 16], "texture": "#7"},
				"south": {"uv": [0, 0, 16, 16], "texture": "#7"},
				"west": {"uv": [0, 0, 16, 16], "texture": "#7"},
				"up": {"uv": [0, 0, 16, 16], "texture": "#7"},
				"down": {"uv": [0, 0, 16, 16], "texture": "#7"}
			}
		},
		{
			"name": "octagon",
			"from": [9.32322, 19.45, 8.46967],
			"to": [9.57322, 19.7, 8.57322],
			"rotation": {"angle": 0, "axis": "y", "origin": [9.44822, 19.625, 8.52145]},
			"faces": {
				"north": {"uv": [0, 0, 16, 16], "texture": "#7"},
				"east": {"uv": [0, 0, 16, 16], "texture": "#7"},
				"south": {"uv": [0, 0, 16, 16], "texture": "#7"},
				"west": {"uv": [0, 0, 16, 16], "texture": "#7"},
				"up": {"uv": [0, 0, 16, 16], "texture": "#7"},
				"down": {"uv": [0, 0, 16, 16], "texture": "#7"}
			}
		},
		{
			"name": "octagon",
			"from": [7.39645, 19.45, 8.39645],
			"to": [7.5, 19.7, 8.64645],
			"rotation": {"angle": 45, "axis": "y", "origin": [7.44822, 19.625, 8.52145]},
			"faces": {
				"north": {"uv": [0, 0, 16, 16], "texture": "#7"},
				"east": {"uv": [0, 0, 16, 16], "texture": "#7"},
				"south": {"uv": [0, 0, 16, 16], "texture": "#7"},
				"west": {"uv": [0, 0, 16, 16], "texture": "#7"},
				"up": {"uv": [0, 0, 16, 16], "texture": "#7"},
				"down": {"uv": [0, 0, 16, 16], "texture": "#7"}
			}
		},
		{
			"name": "octagon",
			"from": [7.39645, 19.45, 8.39645],
			"to": [7.5, 19.7, 8.64645],
			"rotation": {"angle": 0, "axis": "y", "origin": [7.44822, 19.625, 8.52145]},
			"faces": {
				"north": {"uv": [0, 0, 16, 16], "texture": "#7"},
				"east": {"uv": [0, 0, 16, 16], "texture": "#7"},
				"south": {"uv": [0, 0, 16, 16], "texture": "#7"},
				"west": {"uv": [0, 0, 16, 16], "texture": "#7"},
				"up": {"uv": [0, 0, 16, 16], "texture": "#7"},
				"down": {"uv": [0, 0, 16, 16], "texture": "#7"}
			}
		},
		{
			"name": "octagon",
			"from": [7.32322, 19.45, 8.46967],
			"to": [7.57322, 19.7, 8.57322],
			"rotation": {"angle": 45, "axis": "y", "origin": [7.44822, 19.625, 8.52145]},
			"faces": {
				"north": {"uv": [0, 0, 16, 16], "texture": "#7"},
				"east": {"uv": [0, 0, 16, 16], "texture": "#7"},
				"south": {"uv": [0, 0, 16, 16], "texture": "#7"},
				"west": {"uv": [0, 0, 16, 16], "texture": "#7"},
				"up": {"uv": [0, 0, 16, 16], "texture": "#7"},
				"down": {"uv": [0, 0, 16, 16], "texture": "#7"}
			}
		},
		{
			"name": "octagon",
			"from": [7.32322, 19.45, 8.46967],
			"to": [7.57322, 19.7, 8.57322],
			"rotation": {"angle": 0, "axis": "y", "origin": [7.44822, 19.625, 8.52145]},
			"faces": {
				"north": {"uv": [0, 0, 16, 16], "texture": "#7"},
				"east": {"uv": [0, 0, 16, 16], "texture": "#7"},
				"south": {"uv": [0, 0, 16, 16], "texture": "#7"},
				"west": {"uv": [0, 0, 16, 16], "texture": "#7"},
				"up": {"uv": [0, 0, 16, 16], "texture": "#7"},
				"down": {"uv": [0, 0, 16, 16], "texture": "#7"}
			}
		},
		{
			"name": "octagon",
			"from": [6.39645, 19.45, 8.39645],
			"to": [6.5, 19.7, 8.64645],
			"rotation": {"angle": 45, "axis": "y", "origin": [6.44822, 19.625, 8.52145]},
			"faces": {
				"north": {"uv": [0, 0, 16, 16], "texture": "#7"},
				"east": {"uv": [0, 0, 16, 16], "texture": "#7"},
				"south": {"uv": [0, 0, 16, 16], "texture": "#7"},
				"west": {"uv": [0, 0, 16, 16], "texture": "#7"},
				"up": {"uv": [0, 0, 16, 16], "texture": "#7"},
				"down": {"uv": [0, 0, 16, 16], "texture": "#7"}
			}
		},
		{
			"name": "octagon",
			"from": [6.39645, 19.45, 8.39645],
			"to": [6.5, 19.7, 8.64645],
			"rotation": {"angle": 0, "axis": "y", "origin": [6.44822, 19.625, 8.52145]},
			"faces": {
				"north": {"uv": [0, 0, 16, 16], "texture": "#7"},
				"east": {"uv": [0, 0, 16, 16], "texture": "#7"},
				"south": {"uv": [0, 0, 16, 16], "texture": "#7"},
				"west": {"uv": [0, 0, 16, 16], "texture": "#7"},
				"up": {"uv": [0, 0, 16, 16], "texture": "#7"},
				"down": {"uv": [0, 0, 16, 16], "texture": "#7"}
			}
		},
		{
			"name": "octagon",
			"from": [6.32322, 19.45, 8.46967],
			"to": [6.57322, 19.7, 8.57322],
			"rotation": {"angle": 45, "axis": "y", "origin": [6.44822, 19.625, 8.52145]},
			"faces": {
				"north": {"uv": [0, 0, 16, 16], "texture": "#7"},
				"east": {"uv": [0, 0, 16, 16], "texture": "#7"},
				"south": {"uv": [0, 0, 16, 16], "texture": "#7"},
				"west": {"uv": [0, 0, 16, 16], "texture": "#7"},
				"up": {"uv": [0, 0, 16, 16], "texture": "#7"},
				"down": {"uv": [0, 0, 16, 16], "texture": "#7"}
			}
		},
		{
			"name": "octagon",
			"from": [6.32322, 19.45, 8.46967],
			"to": [6.57322, 19.7, 8.57322],
			"rotation": {"angle": 0, "axis": "y", "origin": [6.44822, 19.625, 8.52145]},
			"faces": {
				"north": {"uv": [0, 0, 16, 16], "texture": "#7"},
				"east": {"uv": [0, 0, 16, 16], "texture": "#7"},
				"south": {"uv": [0, 0, 16, 16], "texture": "#7"},
				"west": {"uv": [0, 0, 16, 16], "texture": "#7"},
				"up": {"uv": [0, 0, 16, 16], "texture": "#7"},
				"down": {"uv": [0, 0, 16, 16], "texture": "#7"}
			}
		},
		{
			"name": "octagon",
			"from": [8.89645, 19.45, 8.75],
			"to": [9.10355, 19.7, 9.25],
			"rotation": {"angle": 45, "axis": "y", "origin": [9, 21, 9]},
			"faces": {
				"north": {"uv": [0, 0, 16, 16], "texture": "#7"},
				"east": {"uv": [0, 0, 16, 16], "texture": "#7"},
				"south": {"uv": [0, 0, 16, 16], "texture": "#7"},
				"west": {"uv": [0, 0, 16, 16], "texture": "#7"},
				"up": {"uv": [0, 0, 16, 16], "texture": "#7"},
				"down": {"uv": [0, 0, 16, 16], "texture": "#7"}
			}
		},
		{
			"name": "octagon",
			"from": [8.89645, 19.45, 8.75],
			"to": [9.10355, 19.7, 9.25],
			"rotation": {"angle": 0, "axis": "y", "origin": [9, 21, 9]},
			"faces": {
				"north": {"uv": [0, 0, 16, 16], "texture": "#7"},
				"east": {"uv": [0, 0, 16, 16], "texture": "#7"},
				"south": {"uv": [0, 0, 16, 16], "texture": "#7"},
				"west": {"uv": [0, 0, 16, 16], "texture": "#7"},
				"up": {"uv": [0, 0, 16, 16], "texture": "#7"},
				"down": {"uv": [0, 0, 16, 16], "texture": "#7"}
			}
		},
		{
			"name": "octagon",
			"from": [8.75, 19.45, 8.89645],
			"to": [9.25, 19.7, 9.10355],
			"rotation": {"angle": 45, "axis": "y", "origin": [9, 21, 9]},
			"faces": {
				"north": {"uv": [0, 0, 16, 16], "texture": "#7"},
				"east": {"uv": [0, 0, 16, 16], "texture": "#7"},
				"south": {"uv": [0, 0, 16, 16], "texture": "#7"},
				"west": {"uv": [0, 0, 16, 16], "texture": "#7"},
				"up": {"uv": [0, 0, 16, 16], "texture": "#7"},
				"down": {"uv": [0, 0, 16, 16], "texture": "#7"}
			}
		},
		{
			"name": "octagon",
			"from": [8.75, 19.45, 8.89645],
			"to": [9.25, 19.7, 9.10355],
			"rotation": {"angle": 0, "axis": "y", "origin": [9, 21, 9]},
			"faces": {
				"north": {"uv": [0, 0, 16, 16], "texture": "#7"},
				"east": {"uv": [0, 0, 16, 16], "texture": "#7"},
				"south": {"uv": [0, 0, 16, 16], "texture": "#7"},
				"west": {"uv": [0, 0, 16, 16], "texture": "#7"},
				"up": {"uv": [0, 0, 16, 16], "texture": "#7"},
				"down": {"uv": [0, 0, 16, 16], "texture": "#7"}
			}
		},
		{
			"name": "octagon",
			"from": [9.12071, 19.45, 9.38284],
			"to": [9.38995, 19.7, 10.03284],
			"rotation": {"angle": 45, "axis": "y", "origin": [9.25533, 19.625, 9.70784]},
			"faces": {
				"north": {"uv": [0, 0, 16, 16], "texture": "#7"},
				"east": {"uv": [0, 0, 16, 16], "texture": "#7"},
				"south": {"uv": [0, 0, 16, 16], "texture": "#7"},
				"west": {"uv": [0, 0, 16, 16], "texture": "#7"},
				"up": {"uv": [0, 0, 16, 16], "texture": "#7"},
				"down": {"uv": [0, 0, 16, 16], "texture": "#7"}
			}
		},
		{
			"name": "octagon",
			"from": [9.12071, 19.45, 9.38284],
			"to": [9.38995, 19.7, 10.03284],
			"rotation": {"angle": 0, "axis": "y", "origin": [9.25533, 19.625, 9.70784]},
			"faces": {
				"north": {"uv": [0, 0, 16, 16], "texture": "#7"},
				"east": {"uv": [0, 0, 16, 16], "texture": "#7"},
				"south": {"uv": [0, 0, 16, 16], "texture": "#7"},
				"west": {"uv": [0, 0, 16, 16], "texture": "#7"},
				"up": {"uv": [0, 0, 16, 16], "texture": "#7"},
				"down": {"uv": [0, 0, 16, 16], "texture": "#7"}
			}
		},
		{
			"name": "octagon",
			"from": [8.93033, 19.45, 9.57322],
			"to": [9.58033, 19.7, 9.84246],
			"rotation": {"angle": 45, "axis": "y", "origin": [9.25533, 19.625, 9.70784]},
			"faces": {
				"north": {"uv": [0, 0, 16, 16], "texture": "#7"},
				"east": {"uv": [0, 0, 16, 16], "texture": "#7"},
				"south": {"uv": [0, 0, 16, 16], "texture": "#7"},
				"west": {"uv": [0, 0, 16, 16], "texture": "#7"},
				"up": {"uv": [0, 0, 16, 16], "texture": "#7"},
				"down": {"uv": [0, 0, 16, 16], "texture": "#7"}
			}
		},
		{
			"name": "octagon",
			"from": [8.93033, 19.45, 9.57322],
			"to": [9.58033, 19.7, 9.84246],
			"rotation": {"angle": 0, "axis": "y", "origin": [9.25533, 19.625, 9.70784]},
			"faces": {
				"north": {"uv": [0, 0, 16, 16], "texture": "#7"},
				"east": {"uv": [0, 0, 16, 16], "texture": "#7"},
				"south": {"uv": [0, 0, 16, 16], "texture": "#7"},
				"west": {"uv": [0, 0, 16, 16], "texture": "#7"},
				"up": {"uv": [0, 0, 16, 16], "texture": "#7"},
				"down": {"uv": [0, 0, 16, 16], "texture": "#7"}
			}
		},
		{
			"name": "octagon",
			"from": [6.72071, 19.45, 9.38284],
			"to": [6.98995, 19.7, 10.03284],
			"rotation": {"angle": 45, "axis": "y", "origin": [6.85533, 19.625, 9.70784]},
			"faces": {
				"north": {"uv": [0, 0, 16, 16], "texture": "#7"},
				"east": {"uv": [0, 0, 16, 16], "texture": "#7"},
				"south": {"uv": [0, 0, 16, 16], "texture": "#7"},
				"west": {"uv": [0, 0, 16, 16], "texture": "#7"},
				"up": {"uv": [0, 0, 16, 16], "texture": "#7"},
				"down": {"uv": [0, 0, 16, 16], "texture": "#7"}
			}
		},
		{
			"name": "octagon",
			"from": [6.72071, 19.45, 9.38284],
			"to": [6.98995, 19.7, 10.03284],
			"rotation": {"angle": 0, "axis": "y", "origin": [6.85533, 19.625, 9.70784]},
			"faces": {
				"north": {"uv": [0, 0, 16, 16], "texture": "#7"},
				"east": {"uv": [0, 0, 16, 16], "texture": "#7"},
				"south": {"uv": [0, 0, 16, 16], "texture": "#7"},
				"west": {"uv": [0, 0, 16, 16], "texture": "#7"},
				"up": {"uv": [0, 0, 16, 16], "texture": "#7"},
				"down": {"uv": [0, 0, 16, 16], "texture": "#7"}
			}
		},
		{
			"name": "octagon",
			"from": [6.53033, 19.45, 9.57322],
			"to": [7.18033, 19.7, 9.84246],
			"rotation": {"angle": 45, "axis": "y", "origin": [6.85533, 19.625, 9.70784]},
			"faces": {
				"north": {"uv": [0, 0, 16, 16], "texture": "#7"},
				"east": {"uv": [0, 0, 16, 16], "texture": "#7"},
				"south": {"uv": [0, 0, 16, 16], "texture": "#7"},
				"west": {"uv": [0, 0, 16, 16], "texture": "#7"},
				"up": {"uv": [0, 0, 16, 16], "texture": "#7"},
				"down": {"uv": [0, 0, 16, 16], "texture": "#7"}
			}
		},
		{
			"name": "octagon",
			"from": [6.53033, 19.45, 9.57322],
			"to": [7.18033, 19.7, 9.84246],
			"rotation": {"angle": 0, "axis": "y", "origin": [6.85533, 19.625, 9.70784]},
			"faces": {
				"north": {"uv": [0, 0, 16, 16], "texture": "#7"},
				"east": {"uv": [0, 0, 16, 16], "texture": "#7"},
				"south": {"uv": [0, 0, 16, 16], "texture": "#7"},
				"west": {"uv": [0, 0, 16, 16], "texture": "#7"},
				"up": {"uv": [0, 0, 16, 16], "texture": "#7"},
				"down": {"uv": [0, 0, 16, 16], "texture": "#7"}
			}
		},
		{
			"name": "octagon",
			"from": [7.96893, 19.05, 6.925],
			"to": [8.03107, 19.3, 7.075],
			"rotation": {"angle": 45, "axis": "y", "origin": [8, 20, 7]},
			"faces": {
				"north": {"uv": [0, 0, 16, 16], "texture": "#7"},
				"east": {"uv": [0, 0, 16, 16], "texture": "#7"},
				"south": {"uv": [0, 0, 16, 16], "texture": "#7"},
				"west": {"uv": [0, 0, 16, 16], "texture": "#7"},
				"up": {"uv": [0, 0, 16, 16], "texture": "#7"},
				"down": {"uv": [0, 0, 16, 16], "texture": "#7"}
			}
		},
		{
			"name": "octagon",
			"from": [7.96893, 19.05, 6.925],
			"to": [8.03107, 19.3, 7.075],
			"rotation": {"angle": 0, "axis": "y", "origin": [8, 20, 7]},
			"faces": {
				"north": {"uv": [0, 0, 16, 16], "texture": "#7"},
				"east": {"uv": [0, 0, 16, 16], "texture": "#7"},
				"south": {"uv": [0, 0, 16, 16], "texture": "#7"},
				"west": {"uv": [0, 0, 16, 16], "texture": "#7"},
				"up": {"uv": [0, 0, 16, 16], "texture": "#7"},
				"down": {"uv": [0, 0, 16, 16], "texture": "#7"}
			}
		},
		{
			"name": "octagon",
			"from": [7.925, 19.05, 6.96893],
			"to": [8.075, 19.3, 7.03107],
			"rotation": {"angle": 45, "axis": "y", "origin": [8, 20, 7]},
			"faces": {
				"north": {"uv": [0, 0, 16, 16], "texture": "#7"},
				"east": {"uv": [0, 0, 16, 16], "texture": "#7"},
				"south": {"uv": [0, 0, 16, 16], "texture": "#7"},
				"west": {"uv": [0, 0, 16, 16], "texture": "#7"},
				"up": {"uv": [0, 0, 16, 16], "texture": "#7"},
				"down": {"uv": [0, 0, 16, 16], "texture": "#7"}
			}
		},
		{
			"name": "octagon",
			"from": [7.925, 19.05, 6.96893],
			"to": [8.075, 19.3, 7.03107],
			"rotation": {"angle": 0, "axis": "y", "origin": [8, 20, 7]},
			"faces": {
				"north": {"uv": [0, 0, 16, 16], "texture": "#7"},
				"east": {"uv": [0, 0, 16, 16], "texture": "#7"},
				"south": {"uv": [0, 0, 16, 16], "texture": "#7"},
				"west": {"uv": [0, 0, 16, 16], "texture": "#7"},
				"up": {"uv": [0, 0, 16, 16], "texture": "#7"},
				"down": {"uv": [0, 0, 16, 16], "texture": "#7"}
			}
		},
		{
			"name": "octagon",
			"from": [8.96893, 19.05, 6.925],
			"to": [9.03107, 19.3, 7.075],
			"rotation": {"angle": 45, "axis": "y", "origin": [9, 20, 7]},
			"faces": {
				"north": {"uv": [0, 0, 16, 16], "texture": "#7"},
				"east": {"uv": [0, 0, 16, 16], "texture": "#7"},
				"south": {"uv": [0, 0, 16, 16], "texture": "#7"},
				"west": {"uv": [0, 0, 16, 16], "texture": "#7"},
				"up": {"uv": [0, 0, 16, 16], "texture": "#7"},
				"down": {"uv": [0, 0, 16, 16], "texture": "#7"}
			}
		},
		{
			"name": "octagon",
			"from": [8.96893, 19.05, 6.925],
			"to": [9.03107, 19.3, 7.075],
			"rotation": {"angle": 0, "axis": "y", "origin": [9, 20, 7]},
			"faces": {
				"north": {"uv": [0, 0, 16, 16], "texture": "#7"},
				"east": {"uv": [0, 0, 16, 16], "texture": "#7"},
				"south": {"uv": [0, 0, 16, 16], "texture": "#7"},
				"west": {"uv": [0, 0, 16, 16], "texture": "#7"},
				"up": {"uv": [0, 0, 16, 16], "texture": "#7"},
				"down": {"uv": [0, 0, 16, 16], "texture": "#7"}
			}
		},
		{
			"name": "octagon",
			"from": [8.925, 19.05, 6.96893],
			"to": [9.075, 19.3, 7.03107],
			"rotation": {"angle": 45, "axis": "y", "origin": [9, 20, 7]},
			"faces": {
				"north": {"uv": [0, 0, 16, 16], "texture": "#7"},
				"east": {"uv": [0, 0, 16, 16], "texture": "#7"},
				"south": {"uv": [0, 0, 16, 16], "texture": "#7"},
				"west": {"uv": [0, 0, 16, 16], "texture": "#7"},
				"up": {"uv": [0, 0, 16, 16], "texture": "#7"},
				"down": {"uv": [0, 0, 16, 16], "texture": "#7"}
			}
		},
		{
			"name": "octagon",
			"from": [8.925, 19.05, 6.96893],
			"to": [9.075, 19.3, 7.03107],
			"rotation": {"angle": 0, "axis": "y", "origin": [9, 20, 7]},
			"faces": {
				"north": {"uv": [0, 0, 16, 16], "texture": "#7"},
				"east": {"uv": [0, 0, 16, 16], "texture": "#7"},
				"south": {"uv": [0, 0, 16, 16], "texture": "#7"},
				"west": {"uv": [0, 0, 16, 16], "texture": "#7"},
				"up": {"uv": [0, 0, 16, 16], "texture": "#7"},
				"down": {"uv": [0, 0, 16, 16], "texture": "#7"}
			}
		},
		{
			"name": "octagon",
			"from": [7.425, 19.05, 7.21893],
			"to": [7.48713, 19.3, 7.36893],
			"rotation": {"angle": 45, "axis": "y", "origin": [7.45607, 21, 7.29393]},
			"faces": {
				"north": {"uv": [0, 0, 16, 16], "texture": "#7"},
				"east": {"uv": [0, 0, 16, 16], "texture": "#7"},
				"south": {"uv": [0, 0, 16, 16], "texture": "#7"},
				"west": {"uv": [0, 0, 16, 16], "texture": "#7"},
				"up": {"uv": [0, 0, 16, 16], "texture": "#7"},
				"down": {"uv": [0, 0, 16, 16], "texture": "#7"}
			}
		},
		{
			"name": "octagon",
			"from": [7.425, 19.05, 7.21893],
			"to": [7.48713, 19.3, 7.36893],
			"rotation": {"angle": 0, "axis": "y", "origin": [7.45607, 21, 7.29393]},
			"faces": {
				"north": {"uv": [0, 0, 16, 16], "texture": "#7"},
				"east": {"uv": [0, 0, 16, 16], "texture": "#7"},
				"south": {"uv": [0, 0, 16, 16], "texture": "#7"},
				"west": {"uv": [0, 0, 16, 16], "texture": "#7"},
				"up": {"uv": [0, 0, 16, 16], "texture": "#7"},
				"down": {"uv": [0, 0, 16, 16], "texture": "#7"}
			}
		},
		{
			"name": "octagon",
			"from": [7.38107, 19.05, 7.26287],
			"to": [7.53107, 19.3, 7.325],
			"rotation": {"angle": 45, "axis": "y", "origin": [7.45607, 21, 7.29393]},
			"faces": {
				"north": {"uv": [0, 0, 16, 16], "texture": "#7"},
				"east": {"uv": [0, 0, 16, 16], "texture": "#7"},
				"south": {"uv": [0, 0, 16, 16], "texture": "#7"},
				"west": {"uv": [0, 0, 16, 16], "texture": "#7"},
				"up": {"uv": [0, 0, 16, 16], "texture": "#7"},
				"down": {"uv": [0, 0, 16, 16], "texture": "#7"}
			}
		},
		{
			"name": "octagon",
			"from": [7.38107, 19.05, 7.26287],
			"to": [7.53107, 19.3, 7.325],
			"rotation": {"angle": 0, "axis": "y", "origin": [7.45607, 21, 7.29393]},
			"faces": {
				"north": {"uv": [0, 0, 16, 16], "texture": "#7"},
				"east": {"uv": [0, 0, 16, 16], "texture": "#7"},
				"south": {"uv": [0, 0, 16, 16], "texture": "#7"},
				"west": {"uv": [0, 0, 16, 16], "texture": "#7"},
				"up": {"uv": [0, 0, 16, 16], "texture": "#7"},
				"down": {"uv": [0, 0, 16, 16], "texture": "#7"}
			}
		},
		{
			"name": "octagon",
			"from": [8.425, 19.05, 7.21893],
			"to": [8.48713, 19.3, 7.36893],
			"rotation": {"angle": 45, "axis": "y", "origin": [8.45607, 21, 7.29393]},
			"faces": {
				"north": {"uv": [0, 0, 16, 16], "texture": "#7"},
				"east": {"uv": [0, 0, 16, 16], "texture": "#7"},
				"south": {"uv": [0, 0, 16, 16], "texture": "#7"},
				"west": {"uv": [0, 0, 16, 16], "texture": "#7"},
				"up": {"uv": [0, 0, 16, 16], "texture": "#7"},
				"down": {"uv": [0, 0, 16, 16], "texture": "#7"}
			}
		},
		{
			"name": "octagon",
			"from": [8.425, 19.05, 7.21893],
			"to": [8.48713, 19.3, 7.36893],
			"rotation": {"angle": 0, "axis": "y", "origin": [8.45607, 21, 7.29393]},
			"faces": {
				"north": {"uv": [0, 0, 16, 16], "texture": "#7"},
				"east": {"uv": [0, 0, 16, 16], "texture": "#7"},
				"south": {"uv": [0, 0, 16, 16], "texture": "#7"},
				"west": {"uv": [0, 0, 16, 16], "texture": "#7"},
				"up": {"uv": [0, 0, 16, 16], "texture": "#7"},
				"down": {"uv": [0, 0, 16, 16], "texture": "#7"}
			}
		},
		{
			"name": "octagon",
			"from": [8.38107, 19.05, 7.26287],
			"to": [8.53107, 19.3, 7.325],
			"rotation": {"angle": 45, "axis": "y", "origin": [8.45607, 21, 7.29393]},
			"faces": {
				"north": {"uv": [0, 0, 16, 16], "texture": "#7"},
				"east": {"uv": [0, 0, 16, 16], "texture": "#7"},
				"south": {"uv": [0, 0, 16, 16], "texture": "#7"},
				"west": {"uv": [0, 0, 16, 16], "texture": "#7"},
				"up": {"uv": [0, 0, 16, 16], "texture": "#7"},
				"down": {"uv": [0, 0, 16, 16], "texture": "#7"}
			}
		},
		{
			"name": "octagon",
			"from": [8.38107, 19.05, 7.26287],
			"to": [8.53107, 19.3, 7.325],
			"rotation": {"angle": 0, "axis": "y", "origin": [8.45607, 21, 7.29393]},
			"faces": {
				"north": {"uv": [0, 0, 16, 16], "texture": "#7"},
				"east": {"uv": [0, 0, 16, 16], "texture": "#7"},
				"south": {"uv": [0, 0, 16, 16], "texture": "#7"},
				"west": {"uv": [0, 0, 16, 16], "texture": "#7"},
				"up": {"uv": [0, 0, 16, 16], "texture": "#7"},
				"down": {"uv": [0, 0, 16, 16], "texture": "#7"}
			}
		},
		{
			"name": "octagon",
			"from": [6.96893, 19.05, 6.925],
			"to": [7.03107, 19.3, 7.075],
			"rotation": {"angle": 45, "axis": "y", "origin": [7, 20, 7]},
			"faces": {
				"north": {"uv": [0, 0, 16, 16], "texture": "#7"},
				"east": {"uv": [0, 0, 16, 16], "texture": "#7"},
				"south": {"uv": [0, 0, 16, 16], "texture": "#7"},
				"west": {"uv": [0, 0, 16, 16], "texture": "#7"},
				"up": {"uv": [0, 0, 16, 16], "texture": "#7"},
				"down": {"uv": [0, 0, 16, 16], "texture": "#7"}
			}
		},
		{
			"name": "octagon",
			"from": [6.96893, 19.05, 6.925],
			"to": [7.03107, 19.3, 7.075],
			"rotation": {"angle": 0, "axis": "y", "origin": [7, 20, 7]},
			"faces": {
				"north": {"uv": [0, 0, 16, 16], "texture": "#7"},
				"east": {"uv": [0, 0, 16, 16], "texture": "#7"},
				"south": {"uv": [0, 0, 16, 16], "texture": "#7"},
				"west": {"uv": [0, 0, 16, 16], "texture": "#7"},
				"up": {"uv": [0, 0, 16, 16], "texture": "#7"},
				"down": {"uv": [0, 0, 16, 16], "texture": "#7"}
			}
		},
		{
			"name": "octagon",
			"from": [6.925, 19.05, 6.96893],
			"to": [7.075, 19.3, 7.03107],
			"rotation": {"angle": 45, "axis": "y", "origin": [7, 20, 7]},
			"faces": {
				"north": {"uv": [0, 0, 16, 16], "texture": "#7"},
				"east": {"uv": [0, 0, 16, 16], "texture": "#7"},
				"south": {"uv": [0, 0, 16, 16], "texture": "#7"},
				"west": {"uv": [0, 0, 16, 16], "texture": "#7"},
				"up": {"uv": [0, 0, 16, 16], "texture": "#7"},
				"down": {"uv": [0, 0, 16, 16], "texture": "#7"}
			}
		},
		{
			"name": "octagon",
			"from": [6.925, 19.05, 6.96893],
			"to": [7.075, 19.3, 7.03107],
			"rotation": {"angle": 0, "axis": "y", "origin": [7, 20, 7]},
			"faces": {
				"north": {"uv": [0, 0, 16, 16], "texture": "#7"},
				"east": {"uv": [0, 0, 16, 16], "texture": "#7"},
				"south": {"uv": [0, 0, 16, 16], "texture": "#7"},
				"west": {"uv": [0, 0, 16, 16], "texture": "#7"},
				"up": {"uv": [0, 0, 16, 16], "texture": "#7"},
				"down": {"uv": [0, 0, 16, 16], "texture": "#7"}
			}
		},
		{
			"name": "octagon",
			"from": [8.39645, 19.45, 8.39645],
			"to": [8.5, 19.7, 8.64645],
			"rotation": {"angle": 45, "axis": "y", "origin": [8.44822, 19.625, 8.52145]},
			"faces": {
				"north": {"uv": [0, 0, 16, 16], "texture": "#7"},
				"east": {"uv": [0, 0, 16, 16], "texture": "#7"},
				"south": {"uv": [0, 0, 16, 16], "texture": "#7"},
				"west": {"uv": [0, 0, 16, 16], "texture": "#7"},
				"up": {"uv": [0, 0, 16, 16], "texture": "#7"},
				"down": {"uv": [0, 0, 16, 16], "texture": "#7"}
			}
		},
		{
			"name": "octagon",
			"from": [8.39645, 19.45, 8.39645],
			"to": [8.5, 19.7, 8.64645],
			"rotation": {"angle": 0, "axis": "y", "origin": [8.44822, 19.625, 8.52145]},
			"faces": {
				"north": {"uv": [0, 0, 16, 16], "texture": "#7"},
				"east": {"uv": [0, 0, 16, 16], "texture": "#7"},
				"south": {"uv": [0, 0, 16, 16], "texture": "#7"},
				"west": {"uv": [0, 0, 16, 16], "texture": "#7"},
				"up": {"uv": [0, 0, 16, 16], "texture": "#7"},
				"down": {"uv": [0, 0, 16, 16], "texture": "#7"}
			}
		},
		{
			"name": "octagon",
			"from": [8.32322, 19.45, 8.46967],
			"to": [8.57322, 19.7, 8.57322],
			"rotation": {"angle": 45, "axis": "y", "origin": [8.44822, 19.625, 8.52145]},
			"faces": {
				"north": {"uv": [0, 0, 16, 16], "texture": "#7"},
				"east": {"uv": [0, 0, 16, 16], "texture": "#7"},
				"south": {"uv": [0, 0, 16, 16], "texture": "#7"},
				"west": {"uv": [0, 0, 16, 16], "texture": "#7"},
				"up": {"uv": [0, 0, 16, 16], "texture": "#7"},
				"down": {"uv": [0, 0, 16, 16], "texture": "#7"}
			}
		},
		{
			"name": "octagon",
			"from": [8.32322, 19.45, 8.46967],
			"to": [8.57322, 19.7, 8.57322],
			"rotation": {"angle": 0, "axis": "y", "origin": [8.44822, 19.625, 8.52145]},
			"faces": {
				"north": {"uv": [0, 0, 16, 16], "texture": "#7"},
				"east": {"uv": [0, 0, 16, 16], "texture": "#7"},
				"south": {"uv": [0, 0, 16, 16], "texture": "#7"},
				"west": {"uv": [0, 0, 16, 16], "texture": "#7"},
				"up": {"uv": [0, 0, 16, 16], "texture": "#7"},
				"down": {"uv": [0, 0, 16, 16], "texture": "#7"}
			}
		},
		{
			"from": [5.5, 18.56784, 3.51559],
			"to": [10.5, 19.16784, 4.91559],
			"rotation": {"angle": 0, "axis": "y", "origin": [15.5, 25.8156, 11.75022]},
			"faces": {
				"north": {"uv": [0, 0, 16, 16], "texture": "#5"},
				"east": {"uv": [11, 10.5, 16, 16], "texture": "#5"},
				"south": {"uv": [0, 0, 16, 16], "texture": "#5"},
				"west": {"uv": [11, 10.5, 16, 16], "texture": "#5"},
				"up": {"uv": [0, 0, 16, 16], "texture": "#5"},
				"down": {"uv": [0, 0, 16, 10], "texture": "#5"}
			}
		},
		{
			"from": [5.5, 18.81429, 3.55135],
			"to": [10.5, 19.81429, 4.65135],
			"rotation": {"angle": 45, "axis": "x", "origin": [6.5, 20.06205, 3.78598]},
			"faces": {
				"north": {"uv": [0, 0, 16, 16], "texture": "#5"},
				"east": {"uv": [11, 10.5, 16, 16], "texture": "#5"},
				"south": {"uv": [0, 0, 16, 16], "texture": "#5"},
				"west": {"uv": [11, 10.5, 16, 16], "texture": "#5"},
				"up": {"uv": [0, 0, 16, 16], "texture": "#5"},
				"down": {"uv": [0, 0, 16, 4.5], "texture": "#5"}
			}
		},
		{
			"from": [5.5, 19.6, 4],
			"to": [10.5, 20.6, 4],
			"rotation": {"angle": 0, "axis": "y", "origin": [15.5, 25.84776, 11.73463]},
			"faces": {
				"north": {"uv": [0, 0, 16, 16], "texture": "#5"},
				"east": {"uv": [0, 0, 16, 16], "texture": "#5"},
				"south": {"uv": [0, 0, 16, 16], "texture": "#5"},
				"west": {"uv": [0, 0, 16, 16], "texture": "#5"},
				"up": {"uv": [0, 0, 16, 16], "texture": "#5"},
				"down": {"uv": [0, 0, 16, 16], "texture": "#5"}
			}
		},
		{
			"from": [5.5, 19.25328, 3.53195],
			"to": [10.5, 20.25328, 4.53195],
			"rotation": {"angle": -22.5, "axis": "x", "origin": [15.5, 20.31683, 2.88897]},
			"faces": {
				"north": {"uv": [0, 0, 16, 16], "rotation": 180, "texture": "#6"},
				"east": {"uv": [11, 10.5, 16, 16], "rotation": 270, "texture": "#5"},
				"south": {"uv": [0, 0, 16, 16], "texture": "#6"},
				"west": {"uv": [11, 10.5, 16, 16], "rotation": 90, "texture": "#5"},
				"up": {"uv": [0, 0, 16, 16], "rotation": 180, "texture": "#6"},
				"down": {"uv": [0, 0, 16, 16], "texture": "#6"}
			}
		},
		{
			"from": [5.5, 18.42178, 3.87637],
			"to": [10.5, 19.32178, 4.87637],
			"rotation": {"angle": -22.5, "axis": "x", "origin": [15.5, 19.48533, 3.23338]},
			"faces": {
				"north": {"uv": [0, 0, 16, 16], "rotation": 180, "texture": "#5"},
				"east": {"uv": [11, 10.5, 16, 16], "rotation": 270, "texture": "#5"},
				"south": {"uv": [0, 0, 16, 16], "texture": "#5"},
				"west": {"uv": [11, 10.5, 16, 16], "rotation": 90, "texture": "#5"},
				"up": {"uv": [0, 0, 16, 16], "rotation": 180, "texture": "#5"},
				"down": {"uv": [0, 0, 16, 16], "texture": "#5"}
			}
		},
		{
			"from": [5.5, 16.90602, 5.2895],
			"to": [10.5, 18.90602, 6.5395],
			"rotation": {"angle": 0, "axis": "y", "origin": [13.5, 25.90602, 12.2895]},
			"faces": {
				"north": {"uv": [0, 0, 16, 16], "texture": "#5"},
				"east": {"uv": [0, 0, 16, 16], "texture": "#5"},
				"south": {"uv": [0, 0, 16, 16], "texture": "#5"},
				"west": {"uv": [11, 10.5, 16, 16], "texture": "#5"},
				"up": {"uv": [0, 0, 16, 16], "texture": "#6"},
				"down": {"uv": [0, 0, 16, 16], "texture": "#5"}
			}
		},
		{
			"from": [5.5, 18.70602, 4.0395],
			"to": [10.5, 18.90602, 5.2895],
			"rotation": {"angle": 0, "axis": "y", "origin": [13.5, 26.70602, 11.0395]},
			"faces": {
				"north": {"uv": [0, 0, 16, 16], "texture": "#5"},
				"east": {"uv": [0, 0, 16, 16], "texture": "#5"},
				"south": {"uv": [0, 0, 16, 16], "texture": "#5"},
				"west": {"uv": [11, 10.5, 16, 16], "texture": "#5"},
				"up": {"uv": [0, 0, 16, 16], "texture": "#5"},
				"down": {"uv": [0, 0, 16, 16], "texture": "#5"}
			}
		},
		{
			"from": [5.5, 17.23668, 4.96924],
			"to": [10.5, 19.03668, 5.46924],
			"rotation": {"angle": -22.5, "axis": "x", "origin": [14, 18.4525, 5.82957]},
			"faces": {
				"north": {"uv": [0, 0, 16, 16], "texture": "#5"},
				"east": {"uv": [0, 0, 16, 16], "texture": "#5"},
				"south": {"uv": [0, 0, 16, 16], "texture": "#5"},
				"west": {"uv": [11, 10.5, 16, 16], "texture": "#5"},
				"up": {"uv": [0, 0, 16, 16], "texture": "#5"},
				"down": {"uv": [0, 0, 16, 16], "texture": "#5"}
			}
		},
		{
			"from": [5.5, 16.52592, 5.42843],
			"to": [10.5, 17.27592, 5.92843],
			"rotation": {"angle": -22.5, "axis": "x", "origin": [14, 16.74173, 6.28876]},
			"faces": {
				"north": {"uv": [0, 10.5, 16, 16], "texture": "#5"},
				"east": {"uv": [0, 0, 16, 16], "texture": "#5"},
				"south": {"uv": [0, 0, 16, 16], "texture": "#5"},
				"west": {"uv": [0, 0, 16, 16], "texture": "#5"},
				"up": {"uv": [0, 0, 16, 16], "texture": "#5"},
				"down": {"uv": [0, 0, 16, 16], "texture": "#5"}
			}
		},
		{
			"from": [5.5, 17.5, 5.60025],
			"to": [10.5, 17.8, 6.60025],
			"rotation": {"angle": 45, "axis": "x", "origin": [14, 19.51076, 6.38444]},
			"faces": {
				"north": {"uv": [0, 0, 16, 16], "rotation": 180, "texture": "#5"},
				"east": {"uv": [0, 0, 16, 16], "rotation": 90, "texture": "#5"},
				"south": {"uv": [0, 0, 16, 16], "texture": "#5"},
				"west": {"uv": [11, 10.5, 16, 16], "rotation": 270, "texture": "#5"},
				"up": {"uv": [0, 0, 16, 16], "texture": "#5"},
				"down": {"uv": [0, 7, 16, 16], "rotation": 180, "texture": "#5"}
			}
		},
		{
			"from": [5.5, 18.75, 5.60025],
			"to": [10.5, 19.05, 7.25025],
			"rotation": {"angle": 45, "axis": "x", "origin": [14, 20.51076, 6.38444]},
			"faces": {
				"north": {"uv": [0, 0, 16, 16], "rotation": 180, "texture": "#5"},
				"east": {"uv": [0, 0, 16, 16], "rotation": 90, "texture": "#5"},
				"south": {"uv": [0, 0, 16, 16], "texture": "#5"},
				"west": {"uv": [11, 10.5, 16, 16], "rotation": 270, "texture": "#5"},
				"up": {"uv": [0, 0, 16, 16], "texture": "#6"},
				"down": {"uv": [0, 0, 16, 16], "rotation": 180, "texture": "#5"}
			}
		},
		{
			"from": [5.5, 18, 5.60025],
			"to": [10.5, 18.5, 6.60025],
			"rotation": {"angle": 45, "axis": "x", "origin": [14, 19.51076, 6.38444]},
			"faces": {
				"north": {"uv": [0, 0, 16, 16], "rotation": 180, "texture": "#5"},
				"east": {"uv": [0, 0, 16, 16], "rotation": 90, "texture": "#5"},
				"south": {"uv": [0, 0, 16, 16], "texture": "#5"},
				"west": {"uv": [11, 10.5, 16, 16], "rotation": 270, "texture": "#5"},
				"up": {"uv": [0, 0, 16, 16], "texture": "#5"},
				"down": {"uv": [0, 0, 16, 16], "rotation": 180, "texture": "#5"}
			}
		},
		{
			"from": [5.5, 16.4, 5.51505],
			"to": [10.5, 17.2, 10.01505],
			"rotation": {"angle": 0, "axis": "y", "origin": [13, 23.94341, 16.01505]},
			"faces": {
				"north": {"uv": [0, 0, 16, 16], "texture": "#5"},
				"east": {"uv": [0, 0, 16, 16], "texture": "#5"},
				"south": {"uv": [0, 0, 16, 16], "texture": "#5"},
				"west": {"uv": [0, 0, 16, 16], "texture": "#5"},
				"up": {"uv": [0, 0, 16, 16], "texture": "#5"},
				"down": {"uv": [0, 0, 16, 16], "texture": "#5"}
			}
		},
		{
			"from": [5.5, 16.21311, 5.57651],
			"to": [10.5, 17.01311, 10.07651],
			"rotation": {"angle": 0, "axis": "y", "origin": [13, 23.75652, 16.07651]},
			"faces": {
				"north": {"uv": [0, 0, 16, 16], "texture": "#5"},
				"east": {"uv": [0, 0, 16, 16], "texture": "#5"},
				"south": {"uv": [0, 0, 16, 16], "texture": "#5"},
				"west": {"uv": [0, 0, 16, 16], "texture": "#5"},
				"up": {"uv": [0, 0, 16, 16], "texture": "#5"},
				"down": {"uv": [0, 0, 16, 16], "texture": "#5"}
			}
		},
		{
			"from": [5.5, 16.72296, 6.41184],
			"to": [10.5, 17.94296, 10.41184],
			"rotation": {"angle": 0, "axis": "y", "origin": [13.5, 24.72296, 16.41184]},
			"faces": {
				"north": {"uv": [0, 0, 16, 16], "texture": "#5"},
				"east": {"uv": [0, 0, 16, 16], "texture": "#5"},
				"south": {"uv": [0, 0, 16, 16], "texture": "#5"},
				"west": {"uv": [0, 0, 16, 16], "texture": "#5"},
				"up": {"uv": [0, 0, 16, 16], "texture": "#5"},
				"down": {"uv": [0, 0, 16, 16], "texture": "#5"}
			}
		},
		{
			"from": [10.37252, 16.75309, 6.5],
			"to": [11.37252, 17.25309, 10.75],
			"rotation": {"angle": -22.5, "axis": "z", "origin": [15.0334, 19.75309, 15.58239]},
			"faces": {
				"north": {"uv": [0, 0, 16, 16], "texture": "#6"},
				"east": {"uv": [0, 0, 16, 16], "texture": "#6"},
				"south": {"uv": [0, 0, 16, 16], "texture": "#6"},
				"west": {"uv": [0, 0, 16, 16], "texture": "#6"},
				"up": {"uv": [0, 0, 16, 16], "texture": "#6"},
				"down": {"uv": [0, 0, 16, 16], "texture": "#6"}
			}
		},
		{
			"from": [4, 20.11476, 6.5],
			"to": [5, 20.61476, 10.75],
			"rotation": {"angle": 22.5, "axis": "z", "origin": [9.12359, 23.11476, 15.66478]},
			"faces": {
				"north": {"uv": [0, 0, 16, 16], "texture": "#6"},
				"east": {"uv": [0, 0, 16, 16], "texture": "#6"},
				"south": {"uv": [0, 0, 16, 16], "texture": "#6"},
				"west": {"uv": [0, 0, 16, 16], "texture": "#6"},
				"up": {"uv": [0, 0, 16, 16], "texture": "#6"},
				"down": {"uv": [0, 0, 16, 16], "texture": "#6"}
			}
		},
		{
			"from": [2.29506, 21.30733, 8],
			"to": [3.29506, 21.80733, 10.25],
			"rotation": {"angle": 45, "axis": "z", "origin": [7.41865, 24.30733, 15]},
			"faces": {
				"north": {"uv": [0, 0, 16, 16], "texture": "#6"},
				"east": {"uv": [0, 0, 16, 16], "texture": "#6"},
				"south": {"uv": [0, 0, 16, 16], "texture": "#6"},
				"west": {"uv": [0, 0, 16, 16], "texture": "#6"},
				"up": {"uv": [0, 0, 16, 16], "texture": "#6"},
				"down": {"uv": [0, 0, 16, 16], "texture": "#6"}
			}
		},
		{
			"from": [10.0377, 14.76859, 8],
			"to": [11.0377, 15.26859, 10.25],
			"rotation": {"angle": -45, "axis": "z", "origin": [15.16129, 17.76859, 15]},
			"faces": {
				"north": {"uv": [0, 0, 16, 16], "texture": "#6"},
				"east": {"uv": [0, 0, 16, 16], "texture": "#6"},
				"south": {"uv": [0, 0, 16, 16], "texture": "#6"},
				"west": {"uv": [0, 0, 16, 16], "texture": "#6"},
				"up": {"uv": [0, 0, 16, 16], "texture": "#6"},
				"down": {"uv": [0, 0, 16, 16], "texture": "#6"}
			}
		},
		{
			"from": [6.2706, 18.72703, 6.58239],
			"to": [9.7706, 19.22703, 10.83239],
			"rotation": {"angle": 0, "axis": "y", "origin": [11.39419, 21.72703, 15.58239]},
			"faces": {
				"north": {"uv": [0, 0, 16, 16], "texture": "#6"},
				"east": {"uv": [0, 0, 16, 16], "texture": "#6"},
				"south": {"uv": [0, 0, 16, 16], "texture": "#6"},
				"west": {"uv": [0, 0, 16, 16], "texture": "#6"},
				"up": {"uv": [0, 0, 16, 16], "texture": "#6"},
				"down": {"uv": [0, 0, 16, 16], "texture": "#6"}
			}
		},
		{
			"from": [6.2706, 19.12375, 8],
			"to": [9.7706, 19.62375, 10.25],
			"rotation": {"angle": 0, "axis": "y", "origin": [11.39419, 22.12375, 16.67377]},
			"faces": {
				"north": {"uv": [0, 0, 16, 16], "texture": "#6"},
				"east": {"uv": [0, 0, 16, 16], "texture": "#6"},
				"south": {"uv": [0, 0, 16, 16], "texture": "#6"},
				"west": {"uv": [0, 0, 16, 16], "texture": "#6"},
				"up": {"uv": [0, 0, 16, 16], "texture": "#6"},
				"down": {"uv": [0, 0, 16, 16], "texture": "#6"}
			}
		},
		{
			"from": [6.2706, 20.35448, 4.01411],
			"to": [9.7706, 20.85448, 5.26411],
			"rotation": {"angle": -22.5, "axis": "x", "origin": [11.39419, 23.35448, 10.01411]},
			"faces": {
				"north": {"uv": [0, 0, 16, 16], "texture": "#6"},
				"east": {"uv": [0, 0, 16, 16], "texture": "#6"},
				"south": {"uv": [0, 0, 16, 16], "texture": "#6"},
				"west": {"uv": [0, 0, 16, 16], "texture": "#6"},
				"up": {"uv": [0, 0, 16, 16], "texture": "#6"},
				"down": {"uv": [0, 0, 16, 16], "texture": "#6"}
			}
		},
		{
			"from": [6.2706, 18.22444, 4.80067],
			"to": [9.7706, 18.72444, 5.80067],
			"rotation": {"angle": -45, "axis": "x", "origin": [11.39419, 21.82892, 5.81478]},
			"faces": {
				"north": {"uv": [0, 0, 16, 16], "texture": "#6"},
				"east": {"uv": [0, 0, 16, 16], "texture": "#6"},
				"south": {"uv": [0, 0, 16, 16], "texture": "#6"},
				"west": {"uv": [0, 0, 16, 16], "texture": "#6"},
				"up": {"uv": [0, 0, 16, 16], "texture": "#6"},
				"down": {"uv": [0, 0, 16, 16], "texture": "#6"}
			}
		},
		{
			"from": [6.2706, 17.49738, 12.14817],
			"to": [9.7706, 17.99738, 13.14817],
			"rotation": {"angle": 45, "axis": "x", "origin": [11.39419, 21.10186, 13.16228]},
			"faces": {
				"north": {"uv": [0, 0, 16, 16], "texture": "#6"},
				"east": {"uv": [0, 0, 16, 16], "texture": "#6"},
				"south": {"uv": [0, 0, 16, 16], "texture": "#6"},
				"west": {"uv": [0, 0, 16, 16], "texture": "#6"},
				"up": {"uv": [0, 0, 16, 16], "texture": "#6"},
				"down": {"uv": [0, 0, 16, 16], "texture": "#6"}
			}
		},
		{
			"from": [5.5, 17.84892, 10.2466],
			"to": [10.5, 18.19892, 11.2466],
			"rotation": {"angle": 0, "axis": "y", "origin": [13.5, 25.84892, 16.2466]},
			"faces": {
				"north": {"uv": [0, 0, 16, 16], "texture": "#5"},
				"east": {"uv": [0, 0, 16, 16], "texture": "#5"},
				"south": {"uv": [0, 0, 16, 16], "texture": "#5"},
				"west": {"uv": [0, 0, 16, 16], "texture": "#5"},
				"up": {"uv": [0, 0, 16, 16], "texture": "#5"},
				"down": {"uv": [0, 0, 16, 16], "texture": "#5"}
			}
		},
		{
			"from": [6, 17.90602, 6.2895],
			"to": [10, 18.90602, 10.5395],
			"rotation": {"angle": 0, "axis": "y", "origin": [13.5, 25.90602, 16.2895]},
			"faces": {
				"north": {"uv": [0, 0, 16, 16], "texture": "#5"},
				"east": {"uv": [0, 0, 16, 16], "texture": "#2"},
				"south": {"uv": [0, 0, 16, 16], "texture": "#5"},
				"west": {"uv": [0, 0, 16, 16], "texture": "#2"},
				"up": {"uv": [0, 0, 16, 16], "texture": "#6"},
				"down": {"uv": [0, 0, 16, 16], "texture": "#5"}
			}
		},
		{
			"from": [5.5, 13.63729, 12.39254],
			"to": [10.5, 14.63729, 13.39254],
			"rotation": {"angle": 22.5, "axis": "x", "origin": [13.5, 21.63729, 21.39254]},
			"faces": {
				"north": {"uv": [0, 0, 16, 16], "texture": "#5"},
				"east": {"uv": [0, 0, 16, 16], "texture": "#5"},
				"south": {"uv": [0, 0, 16, 16], "texture": "#5"},
				"west": {"uv": [0, 0, 16, 16], "texture": "#5"},
				"up": {"uv": [0, 0, 16, 16], "texture": "#5"},
				"down": {"uv": [0, 0, 16, 16], "texture": "#5"}
			}
		},
		{
			"from": [5.5, 20.57493, 7.13468],
			"to": [10.5, 21.07493, 7.63468],
			"rotation": {"angle": -22.5, "axis": "x", "origin": [13.5, 29.57493, 15.13468]},
			"faces": {
				"north": {"uv": [0, 0, 16, 16], "texture": "#5"},
				"east": {"uv": [0, 0, 16, 16], "texture": "#5"},
				"south": {"uv": [0, 0, 16, 16], "texture": "#6"},
				"west": {"uv": [0, 0, 16, 16], "texture": "#5"},
				"up": {"uv": [0, 0, 16, 16], "texture": "#5"},
				"down": {"uv": [0, 0, 16, 16], "texture": "#5"}
			}
		},
		{
			"from": [5.5, 18.04317, 10.74645],
			"to": [10.5, 19.04317, 10.99645],
			"rotation": {"angle": 0, "axis": "y", "origin": [6.5, 18.79391, 11.07537]},
			"faces": {
				"north": {"uv": [0, 0, 16, 16], "rotation": 180, "texture": "#7"},
				"east": {"uv": [0, 0, 16, 16], "rotation": 90, "texture": "#5"},
				"south": {"uv": [0, 0, 16, 16], "texture": "#5"},
				"west": {"uv": [0, 0, 16, 16], "rotation": 270, "texture": "#5"},
				"up": {"uv": [0, 0, 16, 16], "texture": "#6"},
				"down": {"uv": [0, 0, 16, 16], "rotation": 180, "texture": "#5"}
			}
		},
		{
			"from": [5.5, 21.22508, 14.5136],
			"to": [10.5, 21.72508, 15.0136],
			"rotation": {"angle": 22.5, "axis": "x", "origin": [13.5, 29.22508, 6.0136]},
			"faces": {
				"north": {"uv": [0, 0, 16, 16], "rotation": 180, "texture": "#5"},
				"east": {"uv": [0, 0, 16, 16], "rotation": 90, "texture": "#5"},
				"south": {"uv": [0, 0, 16, 16], "texture": "#5"},
				"west": {"uv": [0, 0, 16, 16], "rotation": 270, "texture": "#5"},
				"up": {"uv": [0, 0, 16, 16], "texture": "#6"},
				"down": {"uv": [0, 0, 16, 16], "rotation": 180, "texture": "#5"}
			}
		},
		{
			"from": [5.5, 18.04317, 10.74645],
			"to": [10.5, 18.54317, 11.24645],
			"rotation": {"angle": 0, "axis": "y", "origin": [6.5, 18.79391, 11.07537]},
			"faces": {
				"north": {"uv": [0, 0, 16, 16], "rotation": 180, "texture": "#5"},
				"east": {"uv": [0, 0, 16, 16], "rotation": 90, "texture": "#5"},
				"south": {"uv": [0, 0, 16, 16], "texture": "#5"},
				"west": {"uv": [0, 0, 16, 16], "rotation": 270, "texture": "#5"},
				"up": {"uv": [0, 0, 16, 16], "texture": "#5"},
				"down": {"uv": [0, 0, 16, 16], "rotation": 180, "texture": "#5"}
			}
		},
		{
			"from": [5.5, 14.14177, 13.73597],
			"to": [10.5, 14.89177, 14.23597],
			"rotation": {"angle": 22.5, "axis": "x", "origin": [13.5, 23.14177, 21.73597]},
			"faces": {
				"north": {"uv": [0, 0, 16, 16], "texture": "#5"},
				"east": {"uv": [0, 0, 16, 16], "texture": "#5"},
				"south": {"uv": [0, 0, 16, 16], "texture": "#6"},
				"west": {"uv": [0, 0, 16, 16], "texture": "#5"},
				"up": {"uv": [0, 0, 16, 16], "texture": "#5"},
				"down": {"uv": [0, 0, 16, 16], "texture": "#5"}
			}
		},
		{
			"from": [5.5, 12.91853, 12.91862],
			"to": [10.5, 13.66853, 13.41862],
			"rotation": {"angle": 22.5, "axis": "x", "origin": [13.5, 21.91853, 20.91862]},
			"faces": {
				"north": {"uv": [0, 0, 16, 16], "texture": "#5"},
				"east": {"uv": [0, 0, 16, 16], "texture": "#5"},
				"south": {"uv": [0, 0, 16, 16], "texture": "#6"},
				"west": {"uv": [0, 0, 16, 16], "texture": "#5"},
				"up": {"uv": [0, 0, 16, 16], "texture": "#5"},
				"down": {"uv": [0, 0, 16, 16], "texture": "#5"}
			}
		},
		{
			"from": [5.5, 20.89469, 12.32452],
			"to": [10.5, 21.39469, 13.07452],
			"rotation": {"angle": -22.5, "axis": "x", "origin": [13.5, 13.39469, 21.32452]},
			"faces": {
				"north": {"uv": [0, 0, 16, 16], "rotation": 180, "texture": "#5"},
				"east": {"uv": [0, 0, 16, 16], "rotation": 270, "texture": "#5"},
				"south": {"uv": [0, 0, 16, 16], "texture": "#5"},
				"west": {"uv": [0, 0, 16, 16], "rotation": 90, "texture": "#5"},
				"up": {"uv": [0, 0, 16, 16], "rotation": 180, "texture": "#5"},
				"down": {"uv": [0, 0, 16, 16], "texture": "#5"}
			}
		},
		{
			"from": [5.5, 9.22731, 14.49965],
			"to": [10.5, 9.97731, 14.99965],
			"rotation": {"angle": 45, "axis": "x", "origin": [13.5, 18.22731, 22.49965]},
			"faces": {
				"north": {"uv": [0, 0, 16, 16], "texture": "#5"},
				"east": {"uv": [0, 0, 16, 16], "texture": "#5"},
				"south": {"uv": [0, 0, 16, 16], "texture": "#6"},
				"west": {"uv": [0, 0, 16, 16], "texture": "#5"},
				"up": {"uv": [0, 0, 16, 16], "texture": "#5"},
				"down": {"uv": [0, 0, 16, 16], "texture": "#5"}
			}
		},
		{
			"from": [5.5, 8.18085, 13.85909],
			"to": [10.5, 8.68085, 14.35909],
			"rotation": {"angle": 45, "axis": "x", "origin": [13.5, 17.18085, 21.85909]},
			"faces": {
				"north": {"uv": [0, 0, 16, 16], "texture": "#5"},
				"east": {"uv": [0, 0, 16, 16], "texture": "#5"},
				"south": {"uv": [0, 0, 16, 16], "texture": "#6"},
				"west": {"uv": [0, 0, 16, 16], "texture": "#5"},
				"up": {"uv": [0, 0, 16, 16], "texture": "#5"},
				"down": {"uv": [0, 0, 16, 16], "texture": "#5"}
			}
		},
		{
			"from": [5.5, 9.92022, 14.78666],
			"to": [10.5, 10.67022, 15.28666],
			"rotation": {"angle": 45, "axis": "x", "origin": [13.5, 18.92022, 22.78666]},
			"faces": {
				"north": {"uv": [0, 0, 16, 16], "texture": "#5"},
				"east": {"uv": [0, 0, 16, 16], "texture": "#5"},
				"south": {"uv": [0, 0, 16, 16], "texture": "#5"},
				"west": {"uv": [0, 0, 16, 16], "texture": "#5"},
				"up": {"uv": [0, 0, 16, 16], "texture": "#5"},
				"down": {"uv": [0, 0, 16, 16], "texture": "#5"}
			}
		},
		{
			"from": [5.65, 17.86136, 9.65016],
			"to": [10.4, 18.36136, 9.80016],
			"rotation": {"angle": -22.5, "axis": "x", "origin": [7.875, 18.11136, 9.72516]},
			"faces": {
				"north": {"uv": [0, 0, 16, 16], "texture": "#1"},
				"east": {"uv": [0, 0, 16, 16], "texture": "#1"},
				"south": {"uv": [0, 0, 16, 16], "texture": "#1"},
				"west": {"uv": [0, 0, 16, 16], "texture": "#1"},
				"up": {"uv": [0, 0, 16, 16], "texture": "#1"},
				"down": {"uv": [0, 0, 16, 16], "texture": "#1"}
			}
		},
		{
			"from": [5.65, 17.86136, 8.65016],
			"to": [10.4, 18.36136, 8.80016],
			"rotation": {"angle": -22.5, "axis": "x", "origin": [7.875, 18.11136, 8.72516]},
			"faces": {
				"north": {"uv": [0, 0, 16, 16], "texture": "#1"},
				"east": {"uv": [0, 0, 16, 16], "texture": "#1"},
				"south": {"uv": [0, 0, 16, 16], "texture": "#1"},
				"west": {"uv": [0, 0, 16, 16], "texture": "#1"},
				"up": {"uv": [0, 0, 16, 16], "texture": "#1"},
				"down": {"uv": [0, 0, 16, 16], "texture": "#1"}
			}
		},
		{
			"from": [5.65, 17.86136, 9.15016],
			"to": [10.4, 18.36136, 9.30016],
			"rotation": {"angle": -22.5, "axis": "x", "origin": [7.875, 18.11136, 9.22516]},
			"faces": {
				"north": {"uv": [0, 0, 16, 16], "texture": "#1"},
				"east": {"uv": [0, 0, 16, 16], "texture": "#1"},
				"south": {"uv": [0, 0, 16, 16], "texture": "#1"},
				"west": {"uv": [0, 0, 16, 16], "texture": "#1"},
				"up": {"uv": [0, 0, 16, 16], "texture": "#1"},
				"down": {"uv": [0, 0, 16, 16], "texture": "#1"}
			}
		},
		{
			"from": [5.65, 17.86136, 10.15016],
			"to": [10.4, 18.36136, 10.30016],
			"rotation": {"angle": -22.5, "axis": "x", "origin": [7.875, 18.11136, 10.22516]},
			"faces": {
				"north": {"uv": [0, 0, 16, 16], "texture": "#1"},
				"east": {"uv": [0, 0, 16, 16], "texture": "#1"},
				"south": {"uv": [0, 0, 16, 16], "texture": "#1"},
				"west": {"uv": [0, 0, 16, 16], "texture": "#1"},
				"up": {"uv": [0, 0, 16, 16], "texture": "#1"},
				"down": {"uv": [0, 0, 16, 16], "texture": "#1"}
			}
		},
		{
			"from": [5.65, 17.86136, 8.15016],
			"to": [10.4, 18.36136, 8.30016],
			"rotation": {"angle": -22.5, "axis": "x", "origin": [7.875, 18.11136, 8.22516]},
			"faces": {
				"north": {"uv": [0, 0, 16, 16], "texture": "#1"},
				"east": {"uv": [0, 0, 16, 16], "texture": "#1"},
				"south": {"uv": [0, 0, 16, 16], "texture": "#1"},
				"west": {"uv": [0, 0, 16, 16], "texture": "#1"},
				"up": {"uv": [0, 0, 16, 16], "texture": "#1"},
				"down": {"uv": [0, 0, 16, 16], "texture": "#1"}
			}
		},
		{
			"from": [5.65, 17.86136, 7.15016],
			"to": [10.4, 18.36136, 7.30016],
			"rotation": {"angle": -22.5, "axis": "x", "origin": [7.875, 18.11136, 7.22516]},
			"faces": {
				"north": {"uv": [0, 0, 16, 16], "texture": "#1"},
				"east": {"uv": [0, 0, 16, 16], "texture": "#1"},
				"south": {"uv": [0, 0, 16, 16], "texture": "#1"},
				"west": {"uv": [0, 0, 16, 16], "texture": "#1"},
				"up": {"uv": [0, 0, 16, 16], "texture": "#1"},
				"down": {"uv": [0, 0, 16, 16], "texture": "#1"}
			}
		},
		{
			"from": [5.65, 17.86136, 7.65016],
			"to": [10.4, 18.36136, 7.80016],
			"rotation": {"angle": -22.5, "axis": "x", "origin": [7.875, 18.11136, 7.72516]},
			"faces": {
				"north": {"uv": [0, 0, 16, 16], "texture": "#1"},
				"east": {"uv": [0, 0, 16, 16], "texture": "#1"},
				"south": {"uv": [0, 0, 16, 16], "texture": "#1"},
				"west": {"uv": [0, 0, 16, 16], "texture": "#1"},
				"up": {"uv": [0, 0, 16, 16], "texture": "#1"},
				"down": {"uv": [0, 0, 16, 16], "texture": "#1"}
			}
		},
		{
			"from": [5.65, 17.86136, 6.65016],
			"to": [10.4, 18.36136, 6.80016],
			"rotation": {"angle": -22.5, "axis": "x", "origin": [7.875, 18.11136, 6.72516]},
			"faces": {
				"north": {"uv": [0, 0, 16, 16], "texture": "#1"},
				"east": {"uv": [0, 0, 16, 16], "texture": "#1"},
				"south": {"uv": [0, 0, 16, 16], "texture": "#1"},
				"west": {"uv": [0, 0, 16, 16], "texture": "#1"},
				"up": {"uv": [0, 0, 16, 16], "texture": "#1"},
				"down": {"uv": [0, 0, 16, 16], "texture": "#1"}
			}
		},
		{
			"from": [5.65, 18.2659, 9.65016],
			"to": [10.4, 18.7659, 9.80016],
			"rotation": {"angle": 22.5, "axis": "x", "origin": [7.875, 18.5159, 9.72516]},
			"faces": {
				"north": {"uv": [0, 0, 16, 16], "texture": "#1"},
				"east": {"uv": [0, 0, 16, 16], "texture": "#1"},
				"south": {"uv": [0, 0, 16, 16], "texture": "#1"},
				"west": {"uv": [0, 0, 16, 16], "texture": "#1"},
				"up": {"uv": [0, 0, 16, 16], "texture": "#1"},
				"down": {"uv": [0, 0, 16, 16], "texture": "#1"}
			}
		},
		{
			"from": [5.65, 18.2659, 8.65016],
			"to": [10.4, 18.7659, 8.80016],
			"rotation": {"angle": 22.5, "axis": "x", "origin": [7.875, 18.5159, 8.72516]},
			"faces": {
				"north": {"uv": [0, 0, 16, 16], "texture": "#1"},
				"east": {"uv": [0, 0, 16, 16], "texture": "#1"},
				"south": {"uv": [0, 0, 16, 16], "texture": "#1"},
				"west": {"uv": [0, 0, 16, 16], "texture": "#1"},
				"up": {"uv": [0, 0, 16, 16], "texture": "#1"},
				"down": {"uv": [0, 0, 16, 16], "texture": "#1"}
			}
		},
		{
			"from": [5.65, 18.52419, 9.20153],
			"to": [10.4, 19.02419, 9.35153],
			"rotation": {"angle": 22.5, "axis": "x", "origin": [7.875, 18.77419, 8.60159]},
			"faces": {
				"north": {"uv": [0, 0, 16, 16], "texture": "#1"},
				"east": {"uv": [0, 0, 16, 16], "texture": "#1"},
				"south": {"uv": [0, 0, 16, 16], "texture": "#1"},
				"west": {"uv": [0, 0, 16, 16], "texture": "#1"},
				"up": {"uv": [0, 0, 16, 16], "texture": "#1"},
				"down": {"uv": [0, 0, 16, 16], "texture": "#1"}
			}
		},
		{
			"from": [5.65, 18.52419, 10.20153],
			"to": [10.4, 19.02419, 10.35153],
			"rotation": {"angle": 22.5, "axis": "x", "origin": [7.875, 18.77419, 9.60159]},
			"faces": {
				"north": {"uv": [0, 0, 16, 16], "texture": "#1"},
				"east": {"uv": [0, 0, 16, 16], "texture": "#1"},
				"south": {"uv": [0, 0, 16, 16], "texture": "#1"},
				"west": {"uv": [0, 0, 16, 16], "texture": "#1"},
				"up": {"uv": [0, 0, 16, 16], "texture": "#1"},
				"down": {"uv": [0, 0, 16, 16], "texture": "#1"}
			}
		},
		{
			"from": [5.65, 18.52419, 8.20153],
			"to": [10.4, 19.02419, 8.35153],
			"rotation": {"angle": 22.5, "axis": "x", "origin": [7.875, 18.77419, 7.60159]},
			"faces": {
				"north": {"uv": [0, 0, 16, 16], "texture": "#1"},
				"east": {"uv": [0, 0, 16, 16], "texture": "#1"},
				"south": {"uv": [0, 0, 16, 16], "texture": "#1"},
				"west": {"uv": [0, 0, 16, 16], "texture": "#1"},
				"up": {"uv": [0, 0, 16, 16], "texture": "#1"},
				"down": {"uv": [0, 0, 16, 16], "texture": "#1"}
			}
		},
		{
			"from": [5.65, 18.52419, 7.20153],
			"to": [10.4, 19.02419, 7.35153],
			"rotation": {"angle": 22.5, "axis": "x", "origin": [7.875, 18.77419, 6.60159]},
			"faces": {
				"north": {"uv": [0, 0, 16, 16], "texture": "#1"},
				"east": {"uv": [0, 0, 16, 16], "texture": "#1"},
				"south": {"uv": [0, 0, 16, 16], "texture": "#1"},
				"west": {"uv": [0, 0, 16, 16], "texture": "#1"},
				"up": {"uv": [0, 0, 16, 16], "texture": "#1"},
				"down": {"uv": [0, 0, 16, 16], "texture": "#1"}
			}
		},
		{
			"from": [5.65, 18.2659, 7.65016],
			"to": [10.4, 18.7659, 7.80016],
			"rotation": {"angle": 22.5, "axis": "x", "origin": [7.875, 18.5159, 7.72516]},
			"faces": {
				"north": {"uv": [0, 0, 16, 16], "texture": "#1"},
				"east": {"uv": [0, 0, 16, 16], "texture": "#1"},
				"south": {"uv": [0, 0, 16, 16], "texture": "#1"},
				"west": {"uv": [0, 0, 16, 16], "texture": "#1"},
				"up": {"uv": [0, 0, 16, 16], "texture": "#1"},
				"down": {"uv": [0, 0, 16, 16], "texture": "#1"}
			}
		},
		{
			"from": [5.65, 18.2659, 6.65016],
			"to": [10.4, 18.7659, 6.80016],
			"rotation": {"angle": 22.5, "axis": "x", "origin": [7.875, 18.5159, 6.72516]},
			"faces": {
				"north": {"uv": [0, 0, 16, 16], "texture": "#1"},
				"east": {"uv": [0, 0, 16, 16], "texture": "#1"},
				"south": {"uv": [0, 0, 16, 16], "texture": "#1"},
				"west": {"uv": [0, 0, 16, 16], "texture": "#1"},
				"up": {"uv": [0, 0, 16, 16], "texture": "#1"},
				"down": {"uv": [0, 0, 16, 16], "texture": "#1"}
			}
		}
	],
	"display": {
		"thirdperson_righthand": {
			"translation": [0, -7.75, 0]
		},
		"thirdperson_lefthand": {
			"translation": [0, -7.75, 0]
		},
		"firstperson_righthand": {
			"translation": [0, -8.75, 0]
		},
		"firstperson_lefthand": {
			"translation": [0, -8.75, 0]
		},
		"ground": {
			"translation": [0, -10.5, 0]
		},
		"gui": {
			"rotation": [0, 151, 0],
			"translation": [0, -13.5, 0]
		},
		"head": {
			"translation": [0.25, -17.25, -0.5],
			"scale": [1.6, 1.6, 1.6]
		},
		"fixed": {
			"rotation": [0, -26, 0],
			"translation": [0, -14, 0]
		}
	},
	"groups": [
		{
			"name": "Head",
			"origin": [0, 24, 0],
			"children": [
				{
					"name": "Eyes",
					"origin": [0, 24, 0],
					"children": [0, 1, 2, 3, 4, 5, 6, 7, 8, 9, 10, 11, 12, 13, 14, 15, 16, 17, 18, 19, 20, 21, 22, 23, 24, 25, 26, 27, 28, 29]
				},
				{
					"name": "Neck",
					"origin": [13.5, 30.91758, 9.14032],
					"children": [
						{
							"name": "group",
							"origin": [14, 26.84776, 11.73463],
							"children": [30, 31, 32, 33, 34, 35]
						},
						{
							"name": "group",
							"origin": [14, 24.84776, 10.73463],
							"children": [36, 37, 38, 39, 40, 41,
								{
									"name": "group",
									"origin": [15, 26.84776, 10.73463],
									"children": [42, 43, 44, 45, 46, 47, 48, 49, 50, 51]
								}
							]
						}, 52, 53, 54, 55, 56, 57, 58, 59]
				},
				{
					"name": "Teeth",
					"origin": [14, 27.34566, -2.26223],
					"children": [60, 61, 62, 63, 64, 65, 66, 67, 68, 69, 70, 71, 72]
				},
				{
					"name": "Bumps",
					"origin": [8, 8, 8],
					"children": [
						{
							"name": "octagon",
							"origin": [8, 8, 8],
							"children": [73, 74, 75, 76]
						},
						{
							"name": "octagon",
							"origin": [8, 8, 8],
							"children": [77, 78, 79, 80]
						},
						{
							"name": "octagon",
							"origin": [8, 8, 8],
							"children": [81, 82, 83, 84]
						},
						{
							"name": "octagon",
							"origin": [8, 8, 8],
							"children": [85, 86, 87, 88]
						},
						{
							"name": "octagon",
							"origin": [8, 8, 8],
							"children": [89, 90, 91, 92]
						},
						{
							"name": "octagon",
							"origin": [8, 8, 8],
							"children": [93, 94, 95, 96]
						},
						{
							"name": "octagon",
							"origin": [8, 8, 8],
							"children": [97, 98, 99, 100]
						},
						{
							"name": "octagon",
							"origin": [8, 8, 8],
							"children": [101, 102, 103, 104]
						},
						{
							"name": "octagon",
							"origin": [8, 8, 8],
							"children": [105, 106, 107, 108]
						},
						{
							"name": "octagon",
							"origin": [8, 8, 8],
							"children": [109, 110, 111, 112]
						},
						{
							"name": "octagon",
							"origin": [8, 8, 8],
							"children": [113, 114, 115, 116]
						},
						{
							"name": "octagon",
							"origin": [8, 8, 8],
							"children": [117, 118, 119, 120]
						},
						{
							"name": "octagon",
							"origin": [8, 8, 8],
							"children": [121, 122, 123, 124]
						},
						{
							"name": "octagon",
							"origin": [8, 8, 8],
							"children": [125, 126, 127, 128]
						},
						{
							"name": "octagon",
							"origin": [8, 8, 8],
							"children": [129, 130, 131, 132]
						}
					]
				},
				{
					"name": "Neck base",
					"origin": [13.5, 25.90602, 16.2895],
					"children": [133, 134, 135, 136, 137, 138, 139, 140, 141, 142, 143, 144, 145, 146, 147, 148, 149, 150, 151, 152, 153, 154, 155, 156, 157, 158, 159, 160, 161, 162, 163, 164, 165, 166, 167, 168, 169,
						{
							"name": "Gills",
							"origin": [0, 24, 0],
							"children": [170, 171, 172, 173, 174, 175, 176, 177, 178, 179, 180, 181, 182, 183, 184, 185]
						}
					]
				}
			]
		}
	]
}