{
	"credit": "Made with Blockbench",
	"textures": {
		"2": "custom/epcot_logo",
		"particle": "block/white_stained_glass"
	},
	"elements": [
		{
			"from": [0.5, 0, 9],
			"to": [2.9, 13.2, 11.3],
			"rotation": {"angle": -45, "axis": "y", "origin": [10, 14.4, 15.6]},
			"faces": {
				"north": {"uv": [4, 6.75, 4.5, 7.5], "texture": "#particle"},
				"east": {"uv": [4, 6.75, 4.5, 7.5], "texture": "#particle"},
				"south": {"uv": [4, 6.75, 4.5, 7.5], "texture": "#particle"},
				"west": {"uv": [4, 6.75, 4.5, 7.5], "texture": "#particle"},
				"up": {"uv": [4, 6.75, 4.5, 7.5], "texture": "#particle"},
				"down": {"uv": [4, 6.75, 4.5, 7.5], "texture": "#particle"}
			}
		},
		{
			"from": [-1.6, 0, 10.5],
			"to": [-0.2, 11.2, 12.8],
			"rotation": {"angle": -45, "axis": "y", "origin": [8, 14.4, 17.6]},
			"faces": {
				"north": {"uv": [4, 6.75, 4.5, 7.5], "texture": "#particle"},
				"east": {"uv": [4, 6.75, 4.5, 7.5], "texture": "#particle"},
				"south": {"uv": [4, 6.75, 4.5, 7.5], "texture": "#particle"},
				"west": {"uv": [4, 6.75, 4.5, 7.5], "texture": "#particle"},
				"up": {"uv": [4, 6.75, 4.5, 7.5], "texture": "#particle"},
				"down": {"uv": [4, 6.75, 4.5, 7.5], "texture": "#particle"}
			}
		},
		{
			"from": [5, 0, -2.18234],
			"to": [7.3, 11.2, -0.78234],
			"rotation": {"angle": -45, "axis": "y", "origin": [-2.18234, 14.4, 7.41766]},
			"faces": {
				"north": {"uv": [4, 6.75, 4.5, 7.5], "texture": "#particle"},
				"east": {"uv": [4, 6.75, 4.5, 7.5], "texture": "#particle"},
				"south": {"uv": [4, 6.75, 4.5, 7.5], "texture": "#particle"},
				"west": {"uv": [4, 6.75, 4.5, 7.5], "texture": "#particle"},
				"up": {"uv": [4, 6.75, 4.5, 7.5], "texture": "#particle"},
				"down": {"uv": [4, 6.75, 4.5, 7.5], "texture": "#particle"}
			}
		},
		{
			"from": [4.7, 13.2, 0.68],
			"to": [11.3, 31.2, 4.952],
			"rotation": {"angle": -22.5, "axis": "x", "origin": [14, 24, 10.4]},
			"faces": {
				"north": {"uv": [4, 6.75, 4.5, 7.5], "texture": "#particle"},
				"east": {"uv": [4, 6.75, 4.5, 7.5], "texture": "#particle"},
				"south": {"uv": [4, 6.75, 4.5, 7.5], "texture": "#particle"},
				"west": {"uv": [4, 6.75, 4.5, 7.5], "texture": "#particle"},
				"up": {"uv": [4, 6.75, 4.5, 7.5], "texture": "#particle"},
				"down": {"uv": [4, 6.75, 4.5, 7.5], "texture": "#particle"}
			}
		},
		{
			"from": [4.7, 0, 7.4],
			"to": [11.3, 12, 9.2],
			"rotation": {"angle": 0, "axis": "y", "origin": [14, 9.6, 17.6]},
			"faces": {
				"north": {"uv": [4, 6.75, 4.5, 7.5], "texture": "#particle"},
				"east": {"uv": [4, 6.75, 4.5, 7.5], "texture": "#particle"},
				"south": {"uv": [4, 6.75, 4.5, 7.5], "texture": "#particle"},
				"west": {"uv": [4, 6.75, 4.5, 7.5], "texture": "#particle"},
				"up": {"uv": [4, 6.75, 4.5, 7.5], "texture": "#particle"},
				"down": {"uv": [4, 6.75, 4.5, 7.5], "texture": "#particle"}
			}
		},
		{
			"from": [4.7, 15.13502, -1.36],
			"to": [11.3, 21.73502, -1.24],
			"rotation": {"angle": -22.5, "axis": "x", "origin": [14.3, 24.73502, -10.01446]},
			"faces": {
				"north": {"uv": [0, 0, 16, 16], "texture": "#2"},
				"east": {"uv": [0, 0, 5.5, 0.929], "texture": "#2"},
				"south": {"uv": [0, 0, 5.5, 0.929], "texture": "#2"},
				"west": {"uv": [0, 0, 5.5, 0.929], "texture": "#2"},
				"up": {"uv": [0, 0, 5.5, 0.929], "texture": "#2"},
				"down": {"uv": [0, 0, 5.5, 0.929], "texture": "#2"}
			}
		}
	],
	"display": {
		"thirdperson_righthand": {
			"rotation": [90, 0, 0],
			"translation": [0, 0, 6.5],
			"scale": [2.5, 2.5, 2.5]
		},
		"head": {
			"rotation": [22, 0, 0],
			"translation": [0, -16.25, -0.25],
			"scale": [4, 4, 4]
		}
	}
}