{
	"credit": "Made with Blockbench",
	"texture_size": [32, 32],
	"textures": {
		"0": "block/gold_block",
		"1": "block/glass",
		"2": "block/white_concrete",
		"3": "block/dark_oak_log",
		"4": "block/dark_oak_planks",
		"particle": "block/gold_block"
	},
	"elements": [
		{
			"from": [13, 11, -7],
			"to": [15, 13, -6],
			"rotation": {"angle": 0, "axis": "y", "origin": [22, 19, 1]},
			"faces": {
				"north": {"uv": [5.5, 6, 6.5, 7], "texture": "#4"},
				"east": {"uv": [0, 0, 0.5, 1], "texture": "#0"},
				"south": {"uv": [0, 0, 1, 1], "texture": "#0"},
				"west": {"uv": [0, 0, 0.5, 1], "texture": "#0"},
				"up": {"uv": [0, 0, 1, 0.5], "texture": "#0"},
				"down": {"uv": [0, 0, 1, 0.5], "texture": "#0"}
			}
		},
		{
			"from": [13.52, 11.52, -6],
			"to": [14.48, 12.48, -2.08],
			"rotation": {"angle": 0, "axis": "y", "origin": [14, 12, -6]},
			"faces": {
				"north": {"uv": [5.5, 6, 6.5, 7], "texture": "#4"},
				"east": {"uv": [0, 0, 2, 1], "texture": "#0"},
				"south": {"uv": [0, 0, 1, 1], "texture": "#0"},
				"west": {"uv": [0, 0, 2, 1], "texture": "#0"},
				"up": {"uv": [0, 0, 1, 2], "texture": "#0"},
				"down": {"uv": [0, 0, 1, 2], "texture": "#0"}
			}
		},
		{
			"from": [7, 11, -7],
			"to": [9, 13, -6],
			"rotation": {"angle": 0, "axis": "y", "origin": [16, 19, 1]},
			"faces": {
				"north": {"uv": [5.5, 6, 6.5, 7], "texture": "#4"},
				"east": {"uv": [0, 0, 0.5, 1], "texture": "#0"},
				"south": {"uv": [0, 0, 1, 1], "texture": "#0"},
				"west": {"uv": [0, 0, 0.5, 1], "texture": "#0"},
				"up": {"uv": [0, 0, 1, 0.5], "texture": "#0"},
				"down": {"uv": [0, 0, 1, 0.5], "texture": "#0"}
			}
		},
		{
			"from": [7.52, 11.52, -6],
			"to": [8.48, 12.48, -2.08],
			"rotation": {"angle": 0, "axis": "y", "origin": [8, 12, -6]},
			"faces": {
				"north": {"uv": [5.5, 6, 6.5, 7], "texture": "#4"},
				"east": {"uv": [0, 0, 2, 1], "texture": "#0"},
				"south": {"uv": [0, 0, 1, 1], "texture": "#0"},
				"west": {"uv": [0, 0, 2, 1], "texture": "#0"},
				"up": {"uv": [0, 0, 1, 2], "texture": "#0"},
				"down": {"uv": [0, 0, 1, 2], "texture": "#0"}
			}
		},
		{
			"from": [-5, 11, -7],
			"to": [-3, 13, -6],
			"rotation": {"angle": 0, "axis": "y", "origin": [4, 19, 1]},
			"faces": {
				"north": {"uv": [5.5, 6, 6.5, 7], "texture": "#4"},
				"east": {"uv": [0, 0, 0.5, 1], "texture": "#0"},
				"south": {"uv": [0, 0, 1, 1], "texture": "#0"},
				"west": {"uv": [0, 0, 0.5, 1], "texture": "#0"},
				"up": {"uv": [0, 0, 1, 0.5], "texture": "#0"},
				"down": {"uv": [0, 0, 1, 0.5], "texture": "#0"}
			}
		},
		{
			"from": [-4.48, 11.52, -6],
			"to": [-3.52, 12.48, -2.08],
			"rotation": {"angle": 0, "axis": "y", "origin": [-4, 12, -6]},
			"faces": {
				"north": {"uv": [5.5, 6, 6.5, 7], "texture": "#4"},
				"east": {"uv": [0, 0, 2, 1], "texture": "#0"},
				"south": {"uv": [0, 0, 1, 1], "texture": "#0"},
				"west": {"uv": [0, 0, 2, 1], "texture": "#0"},
				"up": {"uv": [0, 0, 1, 2], "texture": "#0"},
				"down": {"uv": [0, 0, 1, 2], "texture": "#0"}
			}
		},
		{
			"from": [1, 11, -7],
			"to": [3, 13, -6],
			"rotation": {"angle": 0, "axis": "y", "origin": [10, 19, 1]},
			"faces": {
				"north": {"uv": [5.5, 6, 6.5, 7], "texture": "#4"},
				"east": {"uv": [0, 0, 0.5, 1], "texture": "#0"},
				"south": {"uv": [0, 0, 1, 1], "texture": "#0"},
				"west": {"uv": [0, 0, 0.5, 1], "texture": "#0"},
				"up": {"uv": [0, 0, 1, 0.5], "texture": "#0"},
				"down": {"uv": [0, 0, 1, 0.5], "texture": "#0"}
			}
		},
		{
			"from": [1.52, 11.52, -6],
			"to": [2.48, 12.48, -2.08],
			"rotation": {"angle": 0, "axis": "y", "origin": [2, 12, -6]},
			"faces": {
				"north": {"uv": [5.5, 6, 6.5, 7], "texture": "#4"},
				"east": {"uv": [0, 0, 2, 1], "texture": "#0"},
				"south": {"uv": [0, 0, 1, 1], "texture": "#0"},
				"west": {"uv": [0, 0, 2, 1], "texture": "#0"},
				"up": {"uv": [0, 0, 1, 2], "texture": "#0"},
				"down": {"uv": [0, 0, 1, 2], "texture": "#0"}
			}
		},
		{
			"from": [19, 11, -7],
			"to": [21, 13, -6],
			"rotation": {"angle": 0, "axis": "y", "origin": [28, 19, 1]},
			"faces": {
				"north": {"uv": [5.5, 6, 6.5, 7], "texture": "#4"},
				"east": {"uv": [0, 0, 0.5, 1], "texture": "#0"},
				"south": {"uv": [0, 0, 1, 1], "texture": "#0"},
				"west": {"uv": [0, 0, 0.5, 1], "texture": "#0"},
				"up": {"uv": [0, 0, 1, 0.5], "texture": "#0"},
				"down": {"uv": [0, 0, 1, 0.5], "texture": "#0"}
			}
		},
		{
			"from": [19.52, 11.52, -6],
			"to": [20.48, 12.48, -2.08],
			"rotation": {"angle": 0, "axis": "y", "origin": [20, 12, -6]},
			"faces": {
				"north": {"uv": [5.5, 6, 6.5, 7], "texture": "#4"},
				"east": {"uv": [0, 0, 2, 1], "texture": "#0"},
				"south": {"uv": [0, 0, 1, 1], "texture": "#0"},
				"west": {"uv": [0, 0, 2, 1], "texture": "#0"},
				"up": {"uv": [0, 0, 1, 2], "texture": "#0"},
				"down": {"uv": [0, 0, 1, 2], "texture": "#0"}
			}
		},
		{
			"from": [16, 8, -9],
			"to": [18, 10, -8],
			"rotation": {"angle": 0, "axis": "y", "origin": [25, 16, -1]},
			"faces": {
				"north": {"uv": [5.5, 6, 6.5, 7], "texture": "#4"},
				"east": {"uv": [0, 0, 0.5, 1], "texture": "#0"},
				"south": {"uv": [0, 0, 1, 1], "texture": "#0"},
				"west": {"uv": [0, 0, 0.5, 1], "texture": "#0"},
				"up": {"uv": [0, 0, 1, 0.5], "texture": "#0"},
				"down": {"uv": [0, 0, 1, 0.5], "texture": "#0"}
			}
		},
		{
			"from": [16.52, 8.52, -8],
			"to": [17.48, 9.48, -4.08],
			"rotation": {"angle": 0, "axis": "y", "origin": [17, 9, -8]},
			"faces": {
				"north": {"uv": [5.5, 6, 6.5, 7], "texture": "#4"},
				"east": {"uv": [0, 0, 2, 1], "texture": "#0"},
				"south": {"uv": [0, 0, 1, 1], "texture": "#0"},
				"west": {"uv": [0, 0, 2, 1], "texture": "#0"},
				"up": {"uv": [0, 0, 1, 2], "texture": "#0"},
				"down": {"uv": [0, 0, 1, 2], "texture": "#0"}
			}
		},
		{
			"from": [10, 8, -9],
			"to": [12, 10, -8],
			"rotation": {"angle": 0, "axis": "y", "origin": [19, 16, -1]},
			"faces": {
				"north": {"uv": [5.5, 6, 6.5, 7], "texture": "#4"},
				"east": {"uv": [0, 0, 0.5, 1], "texture": "#0"},
				"south": {"uv": [0, 0, 1, 1], "texture": "#0"},
				"west": {"uv": [0, 0, 0.5, 1], "texture": "#0"},
				"up": {"uv": [0, 0, 1, 0.5], "texture": "#0"},
				"down": {"uv": [0, 0, 1, 0.5], "texture": "#0"}
			}
		},
		{
			"from": [10.52, 8.52, -8],
			"to": [11.48, 9.48, -4.08],
			"rotation": {"angle": 0, "axis": "y", "origin": [11, 9, -8]},
			"faces": {
				"north": {"uv": [5.5, 6, 6.5, 7], "texture": "#4"},
				"east": {"uv": [0, 0, 2, 1], "texture": "#0"},
				"south": {"uv": [0, 0, 1, 1], "texture": "#0"},
				"west": {"uv": [0, 0, 2, 1], "texture": "#0"},
				"up": {"uv": [0, 0, 1, 2], "texture": "#0"},
				"down": {"uv": [0, 0, 1, 2], "texture": "#0"}
			}
		},
		{
			"from": [4, 8, -9],
			"to": [6, 10, -8],
			"rotation": {"angle": 0, "axis": "y", "origin": [13, 16, -1]},
			"faces": {
				"north": {"uv": [5.5, 6, 6.5, 7], "texture": "#4"},
				"east": {"uv": [0, 0, 0.5, 1], "texture": "#0"},
				"south": {"uv": [0, 0, 1, 1], "texture": "#0"},
				"west": {"uv": [0, 0, 0.5, 1], "texture": "#0"},
				"up": {"uv": [0, 0, 1, 0.5], "texture": "#0"},
				"down": {"uv": [0, 0, 1, 0.5], "texture": "#0"}
			}
		},
		{
			"from": [4.52, 8.52, -8],
			"to": [5.48, 9.48, -4.08],
			"rotation": {"angle": 0, "axis": "y", "origin": [5, 9, -8]},
			"faces": {
				"north": {"uv": [5.5, 6, 6.5, 7], "texture": "#4"},
				"east": {"uv": [0, 0, 2, 1], "texture": "#0"},
				"south": {"uv": [0, 0, 1, 1], "texture": "#0"},
				"west": {"uv": [0, 0, 2, 1], "texture": "#0"},
				"up": {"uv": [0, 0, 1, 2], "texture": "#0"},
				"down": {"uv": [0, 0, 1, 2], "texture": "#0"}
			}
		},
		{
			"from": [-2, 8, -9],
			"to": [0, 10, -8],
			"rotation": {"angle": 0, "axis": "y", "origin": [7, 16, -1]},
			"faces": {
				"north": {"uv": [5.5, 6, 6.5, 7], "texture": "#4"},
				"east": {"uv": [0, 0, 0.5, 1], "texture": "#0"},
				"south": {"uv": [0, 0, 1, 1], "texture": "#0"},
				"west": {"uv": [0, 0, 0.5, 1], "texture": "#0"},
				"up": {"uv": [0, 0, 1, 0.5], "texture": "#0"},
				"down": {"uv": [0, 0, 1, 0.5], "texture": "#0"}
			}
		},
		{
			"from": [-1.48, 8.52, -8],
			"to": [-0.52, 9.48, -4.08],
			"rotation": {"angle": 0, "axis": "y", "origin": [-1, 9, -8]},
			"faces": {
				"north": {"uv": [5.5, 6, 6.5, 7], "texture": "#4"},
				"east": {"uv": [0, 0, 2, 1], "texture": "#0"},
				"south": {"uv": [0, 0, 1, 1], "texture": "#0"},
				"west": {"uv": [0, 0, 2, 1], "texture": "#0"},
				"up": {"uv": [0, 0, 1, 2], "texture": "#0"},
				"down": {"uv": [0, 0, 1, 2], "texture": "#0"}
			}
		},
		{
			"from": [-5, 5, -9],
			"to": [-3, 7, -8],
			"rotation": {"angle": 0, "axis": "y", "origin": [4, 13, -1]},
			"faces": {
				"north": {"uv": [5.5, 6, 6.5, 7], "texture": "#4"},
				"east": {"uv": [0, 0, 0.5, 1], "texture": "#0"},
				"south": {"uv": [0, 0, 1, 1], "texture": "#0"},
				"west": {"uv": [0, 0, 0.5, 1], "texture": "#0"},
				"up": {"uv": [0, 0, 1, 0.5], "texture": "#0"},
				"down": {"uv": [0, 0, 1, 0.5], "texture": "#0"}
			}
		},
		{
			"from": [-4.48, 5.52, -8],
			"to": [-3.52, 6.48, -4.08],
			"rotation": {"angle": 0, "axis": "y", "origin": [-4, 6, -8]},
			"faces": {
				"north": {"uv": [5.5, 6, 6.5, 7], "texture": "#4"},
				"east": {"uv": [0, 0, 2, 1], "texture": "#0"},
				"south": {"uv": [0, 0, 1, 1], "texture": "#0"},
				"west": {"uv": [0, 0, 2, 1], "texture": "#0"},
				"up": {"uv": [0, 0, 1, 2], "texture": "#0"},
				"down": {"uv": [0, 0, 1, 2], "texture": "#0"}
			}
		},
		{
			"from": [1.52, 5.52, -8],
			"to": [2.48, 6.48, -4.08],
			"rotation": {"angle": 0, "axis": "y", "origin": [2, 6, -8]},
			"faces": {
				"north": {"uv": [5.5, 6, 6.5, 7], "texture": "#4"},
				"east": {"uv": [0, 0, 2, 1], "texture": "#0"},
				"south": {"uv": [0, 0, 1, 1], "texture": "#0"},
				"west": {"uv": [0, 0, 2, 1], "texture": "#0"},
				"up": {"uv": [0, 0, 1, 2], "texture": "#0"},
				"down": {"uv": [0, 0, 1, 2], "texture": "#0"}
			}
		},
		{
			"from": [7.52, 5.52, -8],
			"to": [8.48, 6.48, -4.08],
			"rotation": {"angle": 0, "axis": "y", "origin": [8, 6, -8]},
			"faces": {
				"north": {"uv": [5.5, 6, 6.5, 7], "texture": "#4"},
				"east": {"uv": [0, 0, 2, 1], "texture": "#0"},
				"south": {"uv": [0, 0, 1, 1], "texture": "#0"},
				"west": {"uv": [0, 0, 2, 1], "texture": "#0"},
				"up": {"uv": [0, 0, 1, 2], "texture": "#0"},
				"down": {"uv": [0, 0, 1, 2], "texture": "#0"}
			}
		},
		{
			"from": [13.52, 5.52, -8],
			"to": [14.48, 6.48, -4.08],
			"rotation": {"angle": 0, "axis": "y", "origin": [14, 6, -8]},
			"faces": {
				"north": {"uv": [5.5, 6, 6.5, 7], "texture": "#4"},
				"east": {"uv": [0, 0, 2, 1], "texture": "#0"},
				"south": {"uv": [0, 0, 1, 1], "texture": "#0"},
				"west": {"uv": [0, 0, 2, 1], "texture": "#0"},
				"up": {"uv": [0, 0, 1, 2], "texture": "#0"},
				"down": {"uv": [0, 0, 1, 2], "texture": "#0"}
			}
		},
		{
			"from": [19.52, 5.52, -8],
			"to": [20.48, 6.48, -4.08],
			"rotation": {"angle": 0, "axis": "y", "origin": [20, 6, -8]},
			"faces": {
				"north": {"uv": [5.5, 6, 6.5, 7], "texture": "#4"},
				"east": {"uv": [0, 0, 2, 1], "texture": "#0"},
				"south": {"uv": [0, 0, 1, 1], "texture": "#0"},
				"west": {"uv": [0, 0, 2, 1], "texture": "#0"},
				"up": {"uv": [0, 0, 1, 2], "texture": "#0"},
				"down": {"uv": [0, 0, 1, 2], "texture": "#0"}
			}
		},
		{
			"from": [1, 5, -9],
			"to": [3, 7, -8],
			"rotation": {"angle": 0, "axis": "y", "origin": [10, 13, -1]},
			"faces": {
				"north": {"uv": [5.5, 6, 6.5, 7], "texture": "#4"},
				"east": {"uv": [0, 0, 0.5, 1], "texture": "#0"},
				"south": {"uv": [0, 0, 1, 1], "texture": "#0"},
				"west": {"uv": [0, 0, 0.5, 1], "texture": "#0"},
				"up": {"uv": [0, 0, 1, 0.5], "texture": "#0"},
				"down": {"uv": [0, 0, 1, 0.5], "texture": "#0"}
			}
		},
		{
			"from": [7, 5, -9],
			"to": [9, 7, -8],
			"rotation": {"angle": 0, "axis": "y", "origin": [16, 13, -1]},
			"faces": {
				"north": {"uv": [5.5, 6, 6.5, 7], "texture": "#4"},
				"east": {"uv": [0, 0, 0.5, 1], "texture": "#0"},
				"south": {"uv": [0, 0, 1, 1], "texture": "#0"},
				"west": {"uv": [0, 0, 0.5, 1], "texture": "#0"},
				"up": {"uv": [0, 0, 1, 0.5], "texture": "#0"},
				"down": {"uv": [0, 0, 1, 0.5], "texture": "#0"}
			}
		},
		{
			"from": [13, 5, -9],
			"to": [15, 7, -8],
			"rotation": {"angle": 0, "axis": "y", "origin": [22, 13, -1]},
			"faces": {
				"north": {"uv": [5.5, 6, 6.5, 7], "texture": "#4"},
				"east": {"uv": [0, 0, 0.5, 1], "texture": "#0"},
				"south": {"uv": [0, 0, 1, 1], "texture": "#0"},
				"west": {"uv": [0, 0, 0.5, 1], "texture": "#0"},
				"up": {"uv": [0, 0, 1, 0.5], "texture": "#0"},
				"down": {"uv": [0, 0, 1, 0.5], "texture": "#0"}
			}
		},
		{
			"from": [19, 5, -9],
			"to": [21, 7, -8],
			"rotation": {"angle": 0, "axis": "y", "origin": [28, 13, -1]},
			"faces": {
				"north": {"uv": [5.5, 6, 6.5, 7], "texture": "#4"},
				"east": {"uv": [0, 0, 0.5, 1], "texture": "#0"},
				"south": {"uv": [0, 0, 1, 1], "texture": "#0"},
				"west": {"uv": [0, 0, 0.5, 1], "texture": "#0"},
				"up": {"uv": [0, 0, 1, 0.5], "texture": "#0"},
				"down": {"uv": [0, 0, 1, 0.5], "texture": "#0"}
			}
		},
		{
			"from": [18, 22, 16],
			"to": [21, 25, 17],
			"rotation": {"angle": 0, "axis": "y", "origin": [28, 30, 24]},
			"faces": {
				"north": {"uv": [0, 0, 1.5, 1.5], "texture": "#2"},
				"east": {"uv": [0, 0, 0.5, 1.5], "texture": "#2"},
				"south": {"uv": [0, 0, 1.5, 1.5], "texture": "#2"},
				"west": {"uv": [0, 0, 0.5, 1.5], "texture": "#2"},
				"up": {"uv": [0, 0, 1.5, 0.5], "texture": "#2"},
				"down": {"uv": [0, 0, 1.5, 0.5], "texture": "#2"}
			}
		},
		{
			"from": [14, 22, 16],
			"to": [17, 25, 17],
			"rotation": {"angle": 0, "axis": "y", "origin": [24, 30, 24]},
			"faces": {
				"north": {"uv": [0, 0, 1.5, 1.5], "texture": "#2"},
				"east": {"uv": [0, 0, 0.5, 1.5], "texture": "#2"},
				"south": {"uv": [0, 0, 1.5, 1.5], "texture": "#2"},
				"west": {"uv": [0, 0, 0.5, 1.5], "texture": "#2"},
				"up": {"uv": [0, 0, 1.5, 0.5], "texture": "#2"},
				"down": {"uv": [0, 0, 1.5, 0.5], "texture": "#2"}
			}
		},
		{
			"from": [10, 22, 16],
			"to": [13, 25, 17],
			"rotation": {"angle": 0, "axis": "y", "origin": [20, 30, 24]},
			"faces": {
				"north": {"uv": [0, 0, 1.5, 1.5], "texture": "#2"},
				"east": {"uv": [0, 0, 0.5, 1.5], "texture": "#2"},
				"south": {"uv": [0, 0, 1.5, 1.5], "texture": "#2"},
				"west": {"uv": [0, 0, 0.5, 1.5], "texture": "#2"},
				"up": {"uv": [0, 0, 1.5, 0.5], "texture": "#2"},
				"down": {"uv": [0, 0, 1.5, 0.5], "texture": "#2"}
			}
		},
		{
			"from": [6, 22, 16],
			"to": [9, 23, 17],
			"rotation": {"angle": 0, "axis": "y", "origin": [16, 30, 24]},
			"faces": {
				"north": {"uv": [0, 0, 1.5, 0.5], "texture": "#2"},
				"east": {"uv": [0, 0, 0.5, 0.5], "texture": "#2"},
				"south": {"uv": [0, 0, 1.5, 0.5], "texture": "#2"},
				"west": {"uv": [0, 0, 0.5, 0.5], "texture": "#2"},
				"up": {"uv": [0, 0, 1.5, 0.5], "texture": "#2"},
				"down": {"uv": [0, 0, 1.5, 0.5], "texture": "#2"}
			}
		},
		{
			"from": [2, 22, 16],
			"to": [5, 23, 17],
			"rotation": {"angle": 0, "axis": "y", "origin": [12, 30, 24]},
			"faces": {
				"north": {"uv": [0, 0, 1.5, 0.5], "texture": "#2"},
				"east": {"uv": [0, 0, 0.5, 0.5], "texture": "#2"},
				"south": {"uv": [0, 0, 1.5, 0.5], "texture": "#2"},
				"west": {"uv": [0, 0, 0.5, 0.5], "texture": "#2"},
				"up": {"uv": [0, 0, 1.5, 0.5], "texture": "#2"},
				"down": {"uv": [0, 0, 1.5, 0.5], "texture": "#2"}
			}
		},
		{
			"from": [-6, 27, 15],
			"to": [22, 28, 19],
			"rotation": {"angle": 0, "axis": "y", "origin": [16, 31, 22]},
			"faces": {
				"north": {"uv": [1, 2.5, 15, 4.5], "texture": "#1"},
				"east": {"uv": [1, 2.5, 15, 4.5], "texture": "#1"},
				"south": {"uv": [1, 2.5, 15, 4.5], "texture": "#1"},
				"west": {"uv": [1, 2.5, 15, 4.5], "texture": "#1"},
				"up": {"uv": [1, 2.5, 15, 4.5], "texture": "#1"},
				"down": {"uv": [1, 2.5, 15, 4.5], "texture": "#1"}
			}
		},
		{
			"from": [-6, 22, 19],
			"to": [22, 27, 19],
			"rotation": {"angle": 0, "axis": "y", "origin": [16, 30, 27]},
			"faces": {
				"north": {"uv": [0, 0, 14, 2.5], "texture": "#1"},
				"east": {"uv": [0, 0, 0, 2.5], "texture": "#1"},
				"south": {"uv": [0, 11.5, 16, 14], "texture": "#1"},
				"west": {"uv": [0, 0, 0, 2.5], "texture": "#1"},
				"up": {"uv": [0, 0, 14, 0], "texture": "#1"},
				"down": {"uv": [0, 0, 14, 0], "texture": "#1"}
			}
		},
		{
			"from": [-6, 22, 14],
			"to": [22, 27, 14],
			"rotation": {"angle": 0, "axis": "y", "origin": [16, 30, 21]},
			"faces": {
				"north": {"uv": [0, 2.5, 16, 5], "texture": "#1"},
				"east": {"uv": [0, 0, 0, 2.5], "texture": "#1"},
				"south": {"uv": [0, 0, 14, 2.5], "texture": "#1"},
				"west": {"uv": [0, 0, 0, 2.5], "texture": "#1"},
				"up": {"uv": [0, 0, 14, 0], "texture": "#1"},
				"down": {"uv": [0, 0, 14, 0], "texture": "#1"}
			}
		},
		{
			"from": [-6, 1.17181, 6.713],
			"to": [22, 21.17181, 14.713],
			"rotation": {"angle": 0, "axis": "y", "origin": [21.5, 20.67181, 10.213]},
			"faces": {
				"north": {"uv": [0, 0, 14, 10], "rotation": 180, "texture": "#0"},
				"east": {"uv": [3, 8, 13, 12], "rotation": 270, "texture": "#0"},
				"south": {"uv": [0, 0, 14, 10], "texture": "#0"},
				"west": {"uv": [1, 4.5, 11, 8.5], "rotation": 90, "texture": "#0"},
				"up": {"uv": [1, 0, 15, 4], "rotation": 180, "texture": "#0"},
				"down": {"uv": [0, 0, 14, 4], "texture": "#0"}
			}
		},
		{
			"from": [-6, 0.87048, 0.17077],
			"to": [22, 19.87048, 7.17077],
			"rotation": {"angle": -22.5, "axis": "x", "origin": [21.5, 19.37048, 3.67077]},
			"faces": {
				"north": {"uv": [0, 0, 14, 9.5], "rotation": 180, "texture": "#0"},
				"east": {"uv": [3, 8, 13, 12], "rotation": 270, "texture": "#0"},
				"south": {"uv": [0, 0, 14, 9.5], "texture": "#0"},
				"west": {"uv": [1, 4.5, 11, 8.5], "rotation": 90, "texture": "#0"},
				"up": {"uv": [1, 3.5, 15, 7.5], "rotation": 180, "texture": "#0"},
				"down": {"uv": [0, 0, 14, 3.5], "texture": "#0"}
			}
		},
		{
			"from": [-6, 12.60394, -3.43613],
			"to": [22, 19.60394, 15.56387],
			"rotation": {"angle": 45, "axis": "x", "origin": [21.5, 14.60394, -2.93613]},
			"faces": {
				"north": {"uv": [1, 7.5, 15, 11], "texture": "#0"},
				"east": {"uv": [3, 8, 13, 12], "texture": "#0"},
				"south": {"uv": [0, 0, 14, 3.5], "texture": "#0"},
				"west": {"uv": [1, 4.5, 11, 8.5], "texture": "#0"},
				"up": {"uv": [1, 1, 15, 5], "texture": "#0"},
				"down": {"uv": [0, 0, 14, 9.5], "texture": "#0"}
			}
		},
		{
			"from": [-6, 7.65642, -6.27269],
			"to": [22, 13.65642, 10.72731],
			"rotation": {"angle": 22.5, "axis": "x", "origin": [21.5, 9.65642, -5.77269]},
			"faces": {
				"north": {"uv": [1, 11, 15, 14], "texture": "#0"},
				"east": {"uv": [3, 8, 13, 12], "texture": "#0"},
				"south": {"uv": [0, 0, 14, 3], "texture": "#0"},
				"west": {"uv": [1, 4.5, 11, 8.5], "texture": "#0"},
				"up": {"uv": [1, 1, 15, 5], "texture": "#0"},
				"down": {"uv": [0, 0, 14, 8.5], "texture": "#0"}
			}
		},
		{
			"from": [-6, 2, -7],
			"to": [22, 8, 13],
			"rotation": {"angle": 0, "axis": "y", "origin": [21.5, 6, -6.5]},
			"faces": {
				"north": {"uv": [1.5, 13, 15.5, 16], "texture": "#0"},
				"east": {"uv": [3, 8, 13, 12], "texture": "#0"},
				"south": {"uv": [0, 0, 14, 3], "texture": "#0"},
				"west": {"uv": [1, 4.5, 11, 8.5], "texture": "#0"},
				"up": {"uv": [1, 1, 15, 5], "texture": "#0"},
				"down": {"uv": [0, 0, 14, 10], "texture": "#0"}
			}
		},
		{
			"from": [-6, 2, 14],
			"to": [22, 22, 19],
			"rotation": {"angle": 0, "axis": "y", "origin": [16, 5, 8]},
			"faces": {
				"north": {"uv": [6, 4.5, 8.5, 15.5], "texture": "#0"},
				"east": {"uv": [6, 4.5, 8.5, 15.5], "texture": "#0"},
				"south": {"uv": [1, 0, 15, 10], "texture": "#0"},
				"west": {"uv": [6, 4.5, 8.5, 15.5], "texture": "#0"},
				"up": {"uv": [6, 4.5, 8.5, 15.5], "texture": "#0"},
				"down": {"uv": [6, 4.5, 8.5, 15.5], "texture": "#0"}
			}
		},
		{
			"from": [-6, 22, 15],
			"to": [-5, 27, 19],
			"rotation": {"angle": 0, "axis": "y", "origin": [16, 5, 8]},
			"faces": {
				"north": {"uv": [0, 0, 0.5, 2.5], "texture": "#0"},
				"east": {"uv": [13, 5.5, 15, 8], "texture": "#0"},
				"south": {"uv": [0, 0, 0.5, 2.5], "texture": "#0"},
				"west": {"uv": [7.5, 1.5, 9.5, 4], "texture": "#0"},
				"up": {"uv": [1, 1, 15, 5], "texture": "#0"},
				"down": {"uv": [0, 0, 0.5, 2], "texture": "#0"}
			}
		},
		{
			"from": [21, 22, 15],
			"to": [22, 27, 19],
			"rotation": {"angle": 0, "axis": "y", "origin": [43, 5, 8]},
			"faces": {
				"north": {"uv": [0, 0, 0.5, 2.5], "texture": "#0"},
				"east": {"uv": [6.5, 2, 8.5, 4.5], "texture": "#0"},
				"south": {"uv": [0, 0, 0.5, 2.5], "texture": "#0"},
				"west": {"uv": [12, 6.5, 14, 9], "texture": "#0"},
				"up": {"uv": [1, 1, 15, 5], "texture": "#0"},
				"down": {"uv": [0, 0, 0.5, 2], "texture": "#0"}
			}
		},
		{
			"from": [22, 20.17181, 6.713],
			"to": [23, 21.17181, 14.713],
			"rotation": {"angle": 0, "axis": "y", "origin": [22.5, 20.67181, 10.213]},
			"faces": {
				"north": {"uv": [14.5, 15.5, 15, 16], "rotation": 180, "texture": "#0"},
				"east": {"uv": [15.5, 3, 16, 7], "rotation": 270, "texture": "#0"},
				"south": {"uv": [11.5, 15.5, 12, 16], "texture": "#0"},
				"west": {"uv": [15.5, 3, 16, 7], "rotation": 90, "texture": "#0"},
				"up": {"uv": [15.5, 2, 16, 6], "rotation": 180, "texture": "#0"},
				"down": {"uv": [15.5, 5, 16, 9], "texture": "#0"}
			}
		},
		{
			"from": [22, 18.87048, 0.17077],
			"to": [23, 19.87048, 7.17077],
			"rotation": {"angle": -22.5, "axis": "x", "origin": [22.5, 19.37048, 3.67077]},
			"faces": {
				"north": {"uv": [14.5, 15.5, 15, 16], "rotation": 180, "texture": "#0"},
				"east": {"uv": [15.5, 3, 16, 7], "rotation": 270, "texture": "#0"},
				"south": {"uv": [11.5, 15.5, 12, 16], "texture": "#0"},
				"west": {"uv": [15.5, 3, 16, 7], "rotation": 90, "texture": "#0"},
				"up": {"uv": [15.5, 2, 16, 6], "rotation": 180, "texture": "#0"},
				"down": {"uv": [15.5, 5, 16, 9], "texture": "#0"}
			}
		},
		{
			"from": [22, 12.60394, -3.43613],
			"to": [23, 19.60394, -2.43613],
			"rotation": {"angle": 45, "axis": "x", "origin": [22.5, 14.60394, -2.93613]},
			"faces": {
				"north": {"uv": [14.5, 15.5, 15, 16], "texture": "#0"},
				"east": {"uv": [15.5, 3, 16, 7], "texture": "#0"},
				"south": {"uv": [11.5, 15.5, 12, 16], "texture": "#0"},
				"west": {"uv": [15.5, 3, 16, 7], "texture": "#0"},
				"up": {"uv": [15.5, 2, 16, 6], "texture": "#0"},
				"down": {"uv": [15.5, 5, 16, 9], "texture": "#0"}
			}
		},
		{
			"from": [22, 7.65642, -6.27269],
			"to": [23, 13.65642, -5.27269],
			"rotation": {"angle": 22.5, "axis": "x", "origin": [22.5, 9.65642, -5.77269]},
			"faces": {
				"north": {"uv": [14.5, 15.5, 15, 16], "texture": "#0"},
				"east": {"uv": [15.5, 3, 16, 7], "texture": "#0"},
				"south": {"uv": [11.5, 15.5, 12, 16], "texture": "#0"},
				"west": {"uv": [15.5, 3, 16, 7], "texture": "#0"},
				"up": {"uv": [15.5, 2, 16, 6], "texture": "#0"},
				"down": {"uv": [15.5, 5, 16, 9], "texture": "#0"}
			}
		},
		{
			"from": [22, 2, -7],
			"to": [23, 8, -6],
			"rotation": {"angle": 0, "axis": "y", "origin": [22.5, 6, -6.5]},
			"faces": {
				"north": {"uv": [14.5, 15.5, 15, 16], "texture": "#0"},
				"east": {"uv": [15.5, 3, 16, 7], "texture": "#0"},
				"south": {"uv": [11.5, 15.5, 12, 16], "texture": "#0"},
				"west": {"uv": [15.5, 3, 16, 7], "texture": "#0"},
				"up": {"uv": [15.5, 2, 16, 6], "texture": "#0"},
				"down": {"uv": [15.5, 5, 16, 9], "texture": "#0"}
			}
		},
		{
			"from": [-7, 1, -9],
			"to": [23, 2, 20],
			"rotation": {"angle": 0, "axis": "y", "origin": [16, 4, 8]},
			"faces": {
				"north": {"uv": [14.5, 15.5, 15, 16], "texture": "#0"},
				"east": {"uv": [15.5, 3, 16, 7], "texture": "#0"},
				"south": {"uv": [11.5, 15.5, 12, 16], "texture": "#0"},
				"west": {"uv": [15.5, 3, 16, 7], "texture": "#0"},
				"up": {"uv": [15.5, 2, 16, 6], "texture": "#0"},
				"down": {"uv": [15.5, 5, 16, 9], "texture": "#0"}
			}
		},
		{
			"from": [-7, 2, 19],
			"to": [-6, 27, 20],
			"rotation": {"angle": 0, "axis": "y", "origin": [1, 10, 27]},
			"faces": {
				"north": {"uv": [14.5, 15.5, 15, 16], "texture": "#0"},
				"east": {"uv": [15.5, 3, 16, 7], "texture": "#0"},
				"south": {"uv": [11.5, 15.5, 12, 16], "texture": "#0"},
				"west": {"uv": [15.5, 3, 16, 7], "texture": "#0"},
				"up": {"uv": [15.5, 2, 16, 6], "texture": "#0"},
				"down": {"uv": [15.5, 5, 16, 9], "texture": "#0"}
			}
		},
		{
			"from": [-7, 2, 14],
			"to": [-6, 27, 15],
			"rotation": {"angle": 0, "axis": "y", "origin": [1, 10, 22]},
			"faces": {
				"north": {"uv": [14.5, 15.5, 15, 16], "texture": "#0"},
				"east": {"uv": [15.5, 3, 16, 7], "texture": "#0"},
				"south": {"uv": [11.5, 15.5, 12, 16], "texture": "#0"},
				"west": {"uv": [15.5, 3, 16, 7], "texture": "#0"},
				"up": {"uv": [15.5, 2, 16, 6], "texture": "#0"},
				"down": {"uv": [15.5, 5, 16, 9], "texture": "#0"}
			}
		},
		{
			"from": [22, 2, 14],
			"to": [23, 27, 15],
			"rotation": {"angle": 0, "axis": "y", "origin": [30, 10, 22]},
			"faces": {
				"north": {"uv": [14.5, 15.5, 15, 16], "texture": "#0"},
				"east": {"uv": [15.5, 3, 16, 7], "texture": "#0"},
				"south": {"uv": [11.5, 15.5, 12, 16], "texture": "#0"},
				"west": {"uv": [15.5, 3, 16, 7], "texture": "#0"},
				"up": {"uv": [15.5, 2, 16, 6], "texture": "#0"},
				"down": {"uv": [15.5, 5, 16, 9], "texture": "#0"}
			}
		},
		{
			"from": [-7, 21, 13],
			"to": [23, 22, 14],
			"rotation": {"angle": 0, "axis": "y", "origin": [30, 10, 22]},
			"faces": {
				"north": {"uv": [14.5, 15.5, 15, 16], "texture": "#0"},
				"east": {"uv": [15.5, 3, 16, 7], "texture": "#0"},
				"south": {"uv": [11.5, 15.5, 12, 16], "texture": "#0"},
				"west": {"uv": [15.5, 3, 16, 7], "texture": "#0"},
				"up": {"uv": [15.5, 2, 16, 6], "texture": "#0"},
				"down": {"uv": [15.5, 5, 16, 9], "texture": "#0"}
			}
		},
		{
			"from": [-7, 27, 14],
			"to": [23, 28, 15],
			"rotation": {"angle": 0, "axis": "y", "origin": [30, 16, 23]},
			"faces": {
				"north": {"uv": [14.5, 15.5, 15, 16], "texture": "#0"},
				"east": {"uv": [15.5, 3, 16, 7], "texture": "#0"},
				"south": {"uv": [11.5, 15.5, 12, 16], "texture": "#0"},
				"west": {"uv": [15.5, 3, 16, 7], "texture": "#0"},
				"up": {"uv": [15.5, 2, 16, 6], "texture": "#0"},
				"down": {"uv": [15.5, 5, 16, 9], "texture": "#0"}
			}
		},
		{
			"from": [-7, 27, 19],
			"to": [23, 28, 20],
			"rotation": {"angle": 0, "axis": "y", "origin": [30, 16, 28]},
			"faces": {
				"north": {"uv": [14.5, 15.5, 15, 16], "texture": "#0"},
				"east": {"uv": [15.5, 3, 16, 7], "texture": "#0"},
				"south": {"uv": [11.5, 15.5, 12, 16], "texture": "#0"},
				"west": {"uv": [15.5, 3, 16, 7], "texture": "#0"},
				"up": {"uv": [15.5, 2, 16, 6], "texture": "#0"},
				"down": {"uv": [15.5, 5, 16, 9], "texture": "#0"}
			}
		},
		{
			"from": [-7, 27, 15],
			"to": [-6, 28, 19],
			"rotation": {"angle": 0, "axis": "y", "origin": [30, 16, 24]},
			"faces": {
				"north": {"uv": [14.5, 15.5, 15, 16], "texture": "#0"},
				"east": {"uv": [15.5, 3, 16, 7], "texture": "#0"},
				"south": {"uv": [11.5, 15.5, 12, 16], "texture": "#0"},
				"west": {"uv": [15.5, 3, 16, 7], "texture": "#0"},
				"up": {"uv": [15.5, 2, 16, 6], "texture": "#0"},
				"down": {"uv": [15.5, 5, 16, 9], "texture": "#0"}
			}
		},
		{
			"from": [22, 27, 15],
			"to": [23, 28, 19],
			"rotation": {"angle": 0, "axis": "y", "origin": [59, 16, 24]},
			"faces": {
				"north": {"uv": [14.5, 15.5, 15, 16], "texture": "#0"},
				"east": {"uv": [15.5, 3, 16, 7], "texture": "#0"},
				"south": {"uv": [11.5, 15.5, 12, 16], "texture": "#0"},
				"west": {"uv": [15.5, 3, 16, 7], "texture": "#0"},
				"up": {"uv": [15.5, 2, 16, 6], "texture": "#0"},
				"down": {"uv": [15.5, 5, 16, 9], "texture": "#0"}
			}
		},
		{
			"from": [22, 2, 19],
			"to": [23, 27, 20],
			"rotation": {"angle": 0, "axis": "y", "origin": [30, 10, 27]},
			"faces": {
				"north": {"uv": [14.5, 15.5, 15, 16], "texture": "#0"},
				"east": {"uv": [15.5, 3, 16, 7], "texture": "#0"},
				"south": {"uv": [11.5, 15.5, 12, 16], "texture": "#0"},
				"west": {"uv": [15.5, 3, 16, 7], "texture": "#0"},
				"up": {"uv": [15.5, 2, 16, 6], "texture": "#0"},
				"down": {"uv": [15.5, 5, 16, 9], "texture": "#0"}
			}
		},
		{
			"from": [-7, 20.17181, 6.713],
			"to": [-6, 21.17181, 14.713],
			"rotation": {"angle": 0, "axis": "y", "origin": [-6.5, 20.67181, 10.213]},
			"faces": {
				"north": {"uv": [14.5, 15.5, 15, 16], "rotation": 180, "texture": "#0"},
				"east": {"uv": [15.5, 3, 16, 7], "rotation": 270, "texture": "#0"},
				"south": {"uv": [11.5, 15.5, 12, 16], "texture": "#0"},
				"west": {"uv": [15.5, 3, 16, 7], "rotation": 90, "texture": "#0"},
				"up": {"uv": [15.5, 2, 16, 6], "rotation": 180, "texture": "#0"},
				"down": {"uv": [15.5, 5, 16, 9], "texture": "#0"}
			}
		},
		{
			"from": [-7, 18.87048, 0.17077],
			"to": [-6, 19.87048, 7.17077],
			"rotation": {"angle": -22.5, "axis": "x", "origin": [-6.5, 19.37048, 3.67077]},
			"faces": {
				"north": {"uv": [14.5, 15.5, 15, 16], "rotation": 180, "texture": "#0"},
				"east": {"uv": [15.5, 3, 16, 7], "rotation": 270, "texture": "#0"},
				"south": {"uv": [11.5, 15.5, 12, 16], "texture": "#0"},
				"west": {"uv": [15.5, 3, 16, 7], "rotation": 90, "texture": "#0"},
				"up": {"uv": [15.5, 2, 16, 6], "rotation": 180, "texture": "#0"},
				"down": {"uv": [15.5, 5, 16, 9], "texture": "#0"}
			}
		},
		{
			"from": [-7, 12.60394, -3.43613],
			"to": [-6, 19.60394, -2.43613],
			"rotation": {"angle": 45, "axis": "x", "origin": [-6.5, 14.60394, -2.93613]},
			"faces": {
				"north": {"uv": [14.5, 15.5, 15, 16], "texture": "#0"},
				"east": {"uv": [15.5, 3, 16, 7], "texture": "#0"},
				"south": {"uv": [11.5, 15.5, 12, 16], "texture": "#0"},
				"west": {"uv": [15.5, 3, 16, 7], "texture": "#0"},
				"up": {"uv": [15.5, 2, 16, 6], "texture": "#0"},
				"down": {"uv": [15.5, 5, 16, 9], "texture": "#0"}
			}
		},
		{
			"from": [-7, 7.65642, -6.27269],
			"to": [-6, 13.65642, -5.27269],
			"rotation": {"angle": 22.5, "axis": "x", "origin": [-6.5, 9.65642, -5.77269]},
			"faces": {
				"north": {"uv": [14.5, 15.5, 15, 16], "texture": "#0"},
				"east": {"uv": [15.5, 3, 16, 7], "texture": "#0"},
				"south": {"uv": [11.5, 15.5, 12, 16], "texture": "#0"},
				"west": {"uv": [15.5, 3, 16, 7], "texture": "#0"},
				"up": {"uv": [15.5, 2, 16, 6], "texture": "#0"},
				"down": {"uv": [15.5, 5, 16, 9], "texture": "#0"}
			}
		},
		{
			"from": [-7, 2, -7],
			"to": [-6, 8, -6],
			"rotation": {"angle": 0, "axis": "y", "origin": [-6.5, 6, -6.5]},
			"faces": {
				"north": {"uv": [14.5, 15.5, 15, 16], "texture": "#0"},
				"east": {"uv": [15.5, 3, 16, 7], "texture": "#0"},
				"south": {"uv": [11.5, 15.5, 12, 16], "texture": "#0"},
				"west": {"uv": [15.5, 3, 16, 7], "texture": "#0"},
				"up": {"uv": [15.5, 2, 16, 6], "texture": "#0"},
				"down": {"uv": [15.5, 5, 16, 9], "texture": "#0"}
			}
		},
		{
			"from": [-8, -6, -11],
			"to": [24, -5, 21],
			"rotation": {"angle": 0, "axis": "y", "origin": [16, 2, 13]},
			"faces": {
				"north": {"uv": [0, 0, 16, 0.5], "texture": "#3"},
				"east": {"uv": [0, 0, 16, 0.5], "texture": "#3"},
				"south": {"uv": [0, 0, 16, 0.5], "texture": "#3"},
				"west": {"uv": [0, 0, 16, 0.5], "texture": "#3"},
				"up": {"uv": [0, 0, 16, 16], "texture": "#3"},
				"down": {"uv": [0, 0, 16, 16], "texture": "#3"}
			}
		},
		{
			"from": [-8, 0, -11],
			"to": [24, 1, 21],
			"rotation": {"angle": 0, "axis": "y", "origin": [16, 8, 8]},
			"faces": {
				"north": {"uv": [0, 0, 16, 0.5], "texture": "#3"},
				"east": {"uv": [0, 0, 16, 0.5], "texture": "#3"},
				"south": {"uv": [0, 0, 16, 0.5], "texture": "#3"},
				"west": {"uv": [0, 0, 16, 0.5], "texture": "#3"},
				"up": {"uv": [0, 0, 16, 16], "texture": "#3"},
				"down": {"uv": [0, 0, 16, 16], "texture": "#3"}
			}
		},
		{
			"from": [-7, -5, -10],
			"to": [23, 0, 20],
			"rotation": {"angle": 0, "axis": "y", "origin": [16, 5, 8]},
			"faces": {
				"north": {"uv": [0.5, 8.5, 15.5, 11], "texture": "#4"},
				"east": {"uv": [0.5, 4.5, 15.5, 7], "texture": "#4"},
				"south": {"uv": [0.5, 0.5, 15.5, 3], "texture": "#4"},
				"west": {"uv": [0.5, 12.5, 15.5, 15], "texture": "#4"},
				"up": {"uv": [0, 0.5, 15.5, 15.5], "texture": "#4"},
				"down": {"uv": [0.5, 0.5, 15.5, 15.5], "texture": "#4"}
			}
		},
		{
			"from": [-4, -5, -11],
			"to": [19, 0, -10],
			"rotation": {"angle": 0, "axis": "y", "origin": [9, 5, -3]},
			"faces": {
				"north": {"uv": [0, 0, 16, 2.5], "texture": "#0"},
				"east": {"uv": [15.5, 0, 16, 2.5], "texture": "#0"},
				"south": {"uv": [0, 0, 16, 2.5], "texture": "#0"},
				"west": {"uv": [15.5, 0, 16, 2.5], "texture": "#0"},
				"up": {"uv": [2.5, 0.5, 14, 1], "texture": "#0"},
				"down": {"uv": [2, 15.5, 13.5, 16], "texture": "#0"}
			}
		},
		{
			"from": [1, -3, -12],
			"to": [14, -2, -11],
			"rotation": {"angle": 0, "axis": "y", "origin": [9, 4, -4]},
			"faces": {
				"north": {"uv": [4.5, 15.5, 11, 16], "texture": "#0"},
				"east": {"uv": [5, 0.5, 5.5, 1], "texture": "#0"},
				"south": {"uv": [4, 0, 10.5, 0.5], "texture": "#0"},
				"west": {"uv": [3, 0.5, 3.5, 1], "texture": "#0"},
				"up": {"uv": [8, 0.5, 14.5, 1], "texture": "#0"},
				"down": {"uv": [8.5, 15, 15, 15.5], "texture": "#0"}
			}
		},
		{
			"from": [22, 6, 7],
			"to": [24, 10, 11],
			"rotation": {"angle": 0, "axis": "y", "origin": [30, 14, 15]},
			"faces": {
				"north": {"uv": [1, 1, 2, 3], "texture": "#0"},
				"east": {"uv": [4.5, 5.5, 6.5, 7.5], "texture": "#0"},
				"south": {"uv": [1, 1, 2, 3], "texture": "#0"},
				"west": {"uv": [1, 1, 2, 3], "texture": "#0"},
				"up": {"uv": [1, 1, 2, 3], "texture": "#0"},
				"down": {"uv": [1, 1, 2, 3], "texture": "#0"}
			}
		},
		{
			"from": [24, 7, 8],
			"to": [26, 9, 10],
			"rotation": {"angle": 0, "axis": "y", "origin": [32, 14, 15]},
			"faces": {
				"north": {"uv": [0, 0, 2, 2], "texture": "#3"},
				"east": {"uv": [0, 0, 2, 2], "texture": "#3"},
				"south": {"uv": [0, 0, 2, 2], "texture": "#3"},
				"west": {"uv": [0, 0, 2, 2], "texture": "#3"},
				"up": {"uv": [0, 0, 2, 2], "texture": "#3"},
				"down": {"uv": [0, 0, 2, 2], "texture": "#3"}
			}
		},
		{
			"from": [24, 18, 8],
			"to": [26, 26, 10],
			"rotation": {"angle": 0, "axis": "y", "origin": [32, 28, 15]},
			"faces": {
				"north": {"uv": [4, 4, 6, 9], "texture": "#3"},
				"east": {"uv": [4, 4, 6, 9], "texture": "#3"},
				"south": {"uv": [4, 4, 6, 9], "texture": "#3"},
				"west": {"uv": [4, 4, 6, 9], "texture": "#3"},
				"up": {"uv": [14, 0, 16, 2], "texture": "#3"},
				"down": {"uv": [4, 4, 6, 9], "texture": "#3"}
			}
		},
		{
			"from": [24.46, 8.14, 8.46],
			"to": [25.54, 18, 9.54],
			"rotation": {"angle": 0, "axis": "y", "origin": [25, 18, 9]},
			"faces": {
				"north": {"uv": [4, 1, 5.5, 15], "texture": "#0"},
				"east": {"uv": [4, 1, 5.5, 15], "texture": "#0"},
				"south": {"uv": [4, 1, 5.5, 15], "texture": "#0"},
				"west": {"uv": [4, 1, 5.5, 15], "texture": "#0"},
				"up": {"uv": [4, 1, 5.5, 15], "texture": "#0"},
				"down": {"uv": [4, 1, 5.5, 15], "texture": "#0"}
			}
		}
	],
	"display": {
		"thirdperson_righthand": {
			"translation": [0, 0, -2.75],
			"scale": [0.25, 0.25, 0.25]
		},
		"thirdperson_lefthand": {
			"translation": [0, 0, -3.25],
			"scale": [0.25, 0.25, 0.25]
		},
		"firstperson_righthand": {
			"translation": [3.25, -3, -3.25],
			"scale": [0.5, 0.5, 0.5]
		},
		"ground": {
			"scale": [0.5, 0.5, 0.5]
		},
		"gui": {
			"rotation": [22, -160, 0],
			"translation": [-0.5, -0.5, 0],
			"scale": [0.3, 0.3, 0.3]
		},
		"head": {
			"translation": [0, 10, 0],
			"scale": [0.25, 0.25, 0.25]
		},
		"fixed": {
			"translation": [0, 28, 20],
			"scale": [0.84, 0.84, 0.84]
		}
	},
	"groups": [
		{
			"name": "register",
			"origin": [8, 8, 8],
			"children": [
				{
					"name": "buttons",
					"origin": [8, 8, 8],
					"children": [
						{
							"name": "group",
							"origin": [-12, 9, -8],
							"children": [0, 1]
						},
						{
							"name": "group",
							"origin": [-12, 9, -8],
							"children": [2, 3]
						},
						{
							"name": "group",
							"origin": [-12, 9, -8],
							"children": [4, 5]
						},
						{
							"name": "group",
							"origin": [-12, 9, -8],
							"children": [6, 7]
						},
						{
							"name": "group",
							"origin": [-12, 9, -8],
							"children": [8, 9]
						},
						{
							"name": "group",
							"origin": [-12, 9, -8],
							"children": [10, 11]
						},
						{
							"name": "group",
							"origin": [-12, 9, -8],
							"children": [12, 13]
						},
						{
							"name": "group",
							"origin": [-12, 9, -8],
							"children": [14, 15]
						},
						{
							"name": "group",
							"origin": [-12, 9, -8],
							"children": [16, 17]
						},
						{
							"name": "group",
							"origin": [-12, 9, -8],
							"children": [18, 19]
						}, 20, 21, 22, 23, 24, 25, 26, 27]
				},
				{
					"name": "tiles",
					"origin": [4, 34, 24],
					"children": [28, 29, 30, 31, 32]
				},
				{
					"name": "glass",
					"origin": [8, 34, 21],
					"children": [33, 34, 35]
				},
				{
					"name": "innerframe",
					"origin": [14.5, 10, -6.5],
					"children": [36, 37, 38, 39, 40, 41, 42, 43]
				},
				{
					"name": "frame",
					"origin": [14.5, 10, -6.5],
					"children": [44, 45, 46, 47, 48, 49,
						{
							"name": "frame",
							"origin": [14.5, 10, -6.5],
							"children": [50, 51, 52, 53, 54, 55, 56, 57, 58, 59, 60, 61, 62, 63]
						}
					]
				},
				{
					"name": "base",
					"origin": [8, 9, 8],
					"children": [64, 65, 66]
				},
				{
					"name": "drawer",
					"origin": [10, 9, 6],
					"children": [67, 68]
				}
			]
		}, 69, 70, 71, 72]
}