{
	"credit": "Made with Blockbench by RRandomm",
	"textures": {
		"0": "block/red_wool",
		"1": "block/yellow_wool",
		"2": "block/light_blue_wool",
		"3": "custom/pixarweek",
		"particle": "block/red_wool"
	},
	"elements": [
		{
			"from": [7.5, 0.65, 7.475],
			"to": [8, 17.5, 8.025],
			"rotation": {"angle": 0, "axis": "y", "origin": [7.75, 0.75, 7.75]},
			"faces": {
				"north": {"uv": [0, 0, 0.5, 16], "texture": "#0"},
				"east": {"uv": [0, 0, 0.55, 16], "texture": "#0"},
				"south": {"uv": [0, 0, 0.5, 16], "texture": "#0"},
				"west": {"uv": [0, 0, 0.55, 16], "texture": "#0"},
				"up": {"uv": [0, 0, 0.5, 0.55], "texture": "#0"},
				"down": {"uv": [0, 0, 0.5, 0.55], "texture": "#0"}
			}
		},
		{
			"from": [0.5, 17, 7.475],
			"to": [15, 17.85, 8.025],
			"rotation": {"angle": 0, "axis": "y", "origin": [7.75, 0.75, 7.75]},
			"faces": {
				"north": {"uv": [0, 0, 14.5, 0.85], "texture": "#0"},
				"east": {"uv": [0, 0, 0.55, 0.85], "texture": "#0"},
				"south": {"uv": [0, 0, 14.5, 0.85], "texture": "#0"},
				"west": {"uv": [0, 0, 0.55, 0.85], "texture": "#0"},
				"up": {"uv": [0, 0, 14.5, 0.55], "texture": "#0"},
				"down": {"uv": [0, 0, 14.5, 0.55], "texture": "#0"}
			}
		},
		{
			"from": [3.5, 9, 8.05],
			"to": [12, 16.85, 8.05],
			"rotation": {"angle": 0, "axis": "y", "origin": [7.75, -1.25, 7.75]},
			"faces": {
				"north": {"uv": [0, 0, 7.5, 0.85], "texture": "#3"},
				"east": {"uv": [0, 0, 0, 0.85], "texture": "#3"},
				"south": {"uv": [0, 0, 16, 16], "texture": "#3"},
				"west": {"uv": [0, 0, 0, 0.85], "texture": "#3"},
				"up": {"uv": [0, 0, 7.5, 0], "texture": "#3"},
				"down": {"uv": [0, 0, 7.5, 0], "texture": "#3"}
			}
		},
		{
			"from": [3.5, 9, 8.025],
			"to": [12, 16.85, 8.025],
			"rotation": {"angle": 0, "axis": "y", "origin": [7.75, -1.25, 7.75]},
			"faces": {
				"north": {"uv": [0, 0, 7.5, 0.85], "texture": "#3"},
				"east": {"uv": [0, 0, 0, 0.85], "texture": "#3"},
				"south": {"uv": [0, 0, 16, 16], "texture": "#3"},
				"west": {"uv": [0, 0, 0, 0.85], "texture": "#3"},
				"up": {"uv": [0, 0, 7.5, 0], "texture": "#3"},
				"down": {"uv": [0, 0, 7.5, 0], "texture": "#3"}
			}
		},
		{
			"from": [3.5, 9, 7.47],
			"to": [12, 16.85, 7.47],
			"rotation": {"angle": 0, "axis": "y", "origin": [7.75, -1.25, 6.75]},
			"faces": {
				"north": {"uv": [0, 0, 16, 16], "texture": "#3"},
				"east": {"uv": [0, 0, 0, 0.85], "texture": "#3"},
				"south": {"uv": [0, 0, 7, 0.625], "texture": "#3"},
				"west": {"uv": [0, 0, 0, 0.85], "texture": "#3"},
				"up": {"uv": [0, 0, 7.5, 0], "texture": "#3"},
				"down": {"uv": [0, 0, 7.5, 0], "texture": "#3"}
			}
		},
		{
			"from": [7.07898, 0.67935, 7.49999],
			"to": [7.57898, 18.67935, 7.99999],
			"rotation": {"angle": 22.5, "axis": "z", "origin": [7.32898, 1.92935, 7.75]},
			"faces": {
				"north": {"uv": [0, 0, 0.5, 16], "texture": "#2"},
				"east": {"uv": [0, 0, 0.5, 16], "texture": "#2"},
				"south": {"uv": [0, 0, 0.5, 16], "texture": "#2"},
				"west": {"uv": [0, 0, 0.5, 16], "texture": "#2"},
				"up": {"uv": [0, 0, 0.5, 0.5], "texture": "#2"},
				"down": {"uv": [0, 0, 0.5, 0.5], "texture": "#2"}
			}
		},
		{
			"from": [1.15, 16.5, 7.5],
			"to": [7.5, 17.5, 8],
			"rotation": {"angle": 0, "axis": "y", "origin": [7.75, 1.75, 7.75]},
			"faces": {
				"north": {"uv": [0, 0, 6.35, 1], "texture": "#2"},
				"east": {"uv": [0, 0, 0.5, 1], "texture": "#2"},
				"south": {"uv": [0, 0, 6.35, 1], "texture": "#2"},
				"west": {"uv": [0, 0, 0.5, 1], "texture": "#2"},
				"up": {"uv": [0, 0, 6.35, 0.5], "texture": "#2"},
				"down": {"uv": [0, 0, 6.35, 0.5], "texture": "#2"}
			}
		},
		{
			"from": [2, 14.5, 7.5],
			"to": [7.5, 15.5, 8],
			"rotation": {"angle": 0, "axis": "y", "origin": [7.75, -0.25, 7.75]},
			"faces": {
				"north": {"uv": [0, 0, 5.5, 1], "texture": "#2"},
				"east": {"uv": [0, 0, 0.5, 1], "texture": "#2"},
				"south": {"uv": [0, 0, 5.5, 1], "texture": "#2"},
				"west": {"uv": [0, 0, 0.5, 1], "texture": "#2"},
				"up": {"uv": [0, 0, 5.5, 0.5], "texture": "#2"},
				"down": {"uv": [0, 0, 5.5, 0.5], "texture": "#2"}
			}
		},
		{
			"from": [2.8, 12.5, 7.5],
			"to": [7.5, 13.5, 8],
			"rotation": {"angle": 0, "axis": "y", "origin": [7.75, -2.25, 7.75]},
			"faces": {
				"north": {"uv": [0, 0, 4.7, 1], "texture": "#2"},
				"east": {"uv": [0, 0, 0.5, 1], "texture": "#2"},
				"south": {"uv": [0, 0, 4.7, 1], "texture": "#2"},
				"west": {"uv": [0, 0, 0.5, 1], "texture": "#2"},
				"up": {"uv": [0, 0, 4.7, 0.5], "texture": "#2"},
				"down": {"uv": [0, 0, 4.7, 0.5], "texture": "#2"}
			}
		},
		{
			"from": [3.6, 10.5, 7.5],
			"to": [7.5, 11.5, 8],
			"rotation": {"angle": 0, "axis": "y", "origin": [7.75, -4.25, 7.75]},
			"faces": {
				"north": {"uv": [0, 0, 3.9, 1], "texture": "#2"},
				"east": {"uv": [0, 0, 0.5, 1], "texture": "#2"},
				"south": {"uv": [0, 0, 3.9, 1], "texture": "#2"},
				"west": {"uv": [0, 0, 0.5, 1], "texture": "#2"},
				"up": {"uv": [0, 0, 3.9, 0.5], "texture": "#2"},
				"down": {"uv": [0, 0, 3.9, 0.5], "texture": "#2"}
			}
		},
		{
			"from": [4.4, 8.5, 7.5],
			"to": [7.5, 9.5, 8],
			"rotation": {"angle": 0, "axis": "y", "origin": [7.75, -6.25, 7.75]},
			"faces": {
				"north": {"uv": [0, 0, 3.1, 1], "texture": "#2"},
				"east": {"uv": [0, 0, 0.5, 1], "texture": "#2"},
				"south": {"uv": [0, 0, 3.1, 1], "texture": "#2"},
				"west": {"uv": [0, 0, 0.5, 1], "texture": "#2"},
				"up": {"uv": [0, 0, 3.1, 0.5], "texture": "#2"},
				"down": {"uv": [0, 0, 3.1, 0.5], "texture": "#2"}
			}
		},
		{
			"from": [5.2, 6.5, 7.5],
			"to": [7.5, 7.5, 8],
			"rotation": {"angle": 0, "axis": "y", "origin": [7.75, -8.25, 7.75]},
			"faces": {
				"north": {"uv": [0, 0, 2.3, 1], "texture": "#2"},
				"east": {"uv": [0, 0, 0.5, 1], "texture": "#2"},
				"south": {"uv": [0, 0, 2.3, 1], "texture": "#2"},
				"west": {"uv": [0, 0, 0.5, 1], "texture": "#2"},
				"up": {"uv": [0, 0, 2.3, 0.5], "texture": "#2"},
				"down": {"uv": [0, 0, 2.3, 0.5], "texture": "#2"}
			}
		},
		{
			"from": [6, 4.5, 7.5],
			"to": [7.5, 5.5, 8],
			"rotation": {"angle": 0, "axis": "y", "origin": [7.75, -10.25, 7.75]},
			"faces": {
				"north": {"uv": [0, 0, 1.5, 1], "texture": "#2"},
				"east": {"uv": [0, 0, 0.5, 1], "texture": "#2"},
				"south": {"uv": [0, 0, 1.5, 1], "texture": "#2"},
				"west": {"uv": [0, 0, 0.5, 1], "texture": "#2"},
				"up": {"uv": [0, 0, 1.5, 0.5], "texture": "#2"},
				"down": {"uv": [0, 0, 1.5, 0.5], "texture": "#2"}
			}
		},
		{
			"from": [6.95, 2.65, 7.5],
			"to": [7.5, 3.5, 8],
			"rotation": {"angle": 0, "axis": "y", "origin": [7.75, -12.25, 7.75]},
			"faces": {
				"north": {"uv": [0, 0, 0.55, 0.85], "texture": "#2"},
				"east": {"uv": [0, 0, 0.5, 0.85], "texture": "#2"},
				"south": {"uv": [0, 0, 0.55, 0.85], "texture": "#2"},
				"west": {"uv": [0, 0, 0.5, 0.85], "texture": "#2"},
				"up": {"uv": [0, 0, 0.55, 0.5], "texture": "#2"},
				"down": {"uv": [0, 0, 0.55, 0.5], "texture": "#2"}
			}
		},
		{
			"from": [7, 2.15, 7.5],
			"to": [7.5, 2.65, 8],
			"rotation": {"angle": 0, "axis": "y", "origin": [7.75, -12.75, 7.75]},
			"faces": {
				"north": {"uv": [0, 0, 0.5, 0.5], "texture": "#2"},
				"east": {"uv": [0, 0, 0.5, 0.5], "texture": "#2"},
				"south": {"uv": [0, 0, 0.5, 0.5], "texture": "#2"},
				"west": {"uv": [0, 0, 0.5, 0.5], "texture": "#2"},
				"up": {"uv": [0, 0, 0.5, 0.5], "texture": "#2"},
				"down": {"uv": [0, 0, 0.5, 0.5], "texture": "#2"}
			}
		},
		{
			"from": [1.6, 15.5, 7.5],
			"to": [7.5, 16.5, 8],
			"rotation": {"angle": 0, "axis": "y", "origin": [7.75, 0.75, 7.75]},
			"faces": {
				"north": {"uv": [0, 0, 5.9, 1], "texture": "#2"},
				"east": {"uv": [0, 0, 0.5, 1], "texture": "#2"},
				"south": {"uv": [0, 0, 5.9, 1], "texture": "#2"},
				"west": {"uv": [0, 0, 0.5, 1], "texture": "#2"},
				"up": {"uv": [0, 0, 5.9, 0.5], "texture": "#2"},
				"down": {"uv": [0, 0, 5.9, 0.5], "texture": "#2"}
			}
		},
		{
			"from": [2.4, 13.5, 7.5],
			"to": [7.5, 14.5, 8],
			"rotation": {"angle": 0, "axis": "y", "origin": [7.75, -1.25, 7.75]},
			"faces": {
				"north": {"uv": [0, 0, 5.1, 1], "texture": "#2"},
				"east": {"uv": [0, 0, 0.5, 1], "texture": "#2"},
				"south": {"uv": [0, 0, 5.1, 1], "texture": "#2"},
				"west": {"uv": [0, 0, 0.5, 1], "texture": "#2"},
				"up": {"uv": [0, 0, 5.1, 0.5], "texture": "#2"},
				"down": {"uv": [0, 0, 5.1, 0.5], "texture": "#2"}
			}
		},
		{
			"from": [3.2, 11.5, 7.5],
			"to": [7.5, 12.5, 8],
			"rotation": {"angle": 0, "axis": "y", "origin": [7.75, -3.25, 7.75]},
			"faces": {
				"north": {"uv": [0, 0, 4.3, 1], "texture": "#2"},
				"east": {"uv": [0, 0, 0.5, 1], "texture": "#2"},
				"south": {"uv": [0, 0, 4.3, 1], "texture": "#2"},
				"west": {"uv": [0, 0, 0.5, 1], "texture": "#2"},
				"up": {"uv": [0, 0, 4.3, 0.5], "texture": "#2"},
				"down": {"uv": [0, 0, 4.3, 0.5], "texture": "#2"}
			}
		},
		{
			"from": [4, 9.5, 7.5],
			"to": [7.5, 10.5, 8],
			"rotation": {"angle": 0, "axis": "y", "origin": [7.75, -5.25, 7.75]},
			"faces": {
				"north": {"uv": [0, 0, 3.5, 1], "texture": "#2"},
				"east": {"uv": [0, 0, 0.5, 1], "texture": "#2"},
				"south": {"uv": [0, 0, 3.5, 1], "texture": "#2"},
				"west": {"uv": [0, 0, 0.5, 1], "texture": "#2"},
				"up": {"uv": [0, 0, 3.5, 0.5], "texture": "#2"},
				"down": {"uv": [0, 0, 3.5, 0.5], "texture": "#2"}
			}
		},
		{
			"from": [4.8, 7.5, 7.5],
			"to": [7.5, 8.5, 8],
			"rotation": {"angle": 0, "axis": "y", "origin": [7.75, -7.25, 7.75]},
			"faces": {
				"north": {"uv": [0, 0, 2.7, 1], "texture": "#2"},
				"east": {"uv": [0, 0, 0.5, 1], "texture": "#2"},
				"south": {"uv": [0, 0, 2.7, 1], "texture": "#2"},
				"west": {"uv": [0, 0, 0.5, 1], "texture": "#2"},
				"up": {"uv": [0, 0, 2.7, 0.5], "texture": "#2"},
				"down": {"uv": [0, 0, 2.7, 0.5], "texture": "#2"}
			}
		},
		{
			"from": [5.6, 5.5, 7.5],
			"to": [7.5, 6.5, 8],
			"rotation": {"angle": 0, "axis": "y", "origin": [7.75, -9.25, 7.75]},
			"faces": {
				"north": {"uv": [0, 0, 1.9, 1], "texture": "#2"},
				"east": {"uv": [0, 0, 0.5, 1], "texture": "#2"},
				"south": {"uv": [0, 0, 1.9, 1], "texture": "#2"},
				"west": {"uv": [0, 0, 0.5, 1], "texture": "#2"},
				"up": {"uv": [0, 0, 1.9, 0.5], "texture": "#2"},
				"down": {"uv": [0, 0, 1.9, 0.5], "texture": "#2"}
			}
		},
		{
			"from": [6.4, 3.5, 7.5],
			"to": [7.5, 4.5, 8],
			"rotation": {"angle": 0, "axis": "y", "origin": [7.75, -11.25, 7.75]},
			"faces": {
				"north": {"uv": [0, 0, 1.1, 1], "texture": "#2"},
				"east": {"uv": [0, 0, 0.5, 1], "texture": "#2"},
				"south": {"uv": [0, 0, 1.1, 1], "texture": "#2"},
				"west": {"uv": [0, 0, 0.5, 1], "texture": "#2"},
				"up": {"uv": [0, 0, 1.1, 0.5], "texture": "#2"},
				"down": {"uv": [0, 0, 1.1, 0.5], "texture": "#2"}
			}
		},
		{
			"from": [7.97102, 0.67935, 7.5],
			"to": [8.47102, 18.67935, 8],
			"rotation": {"angle": -22.5, "axis": "z", "origin": [8.22102, 1.92935, 7.75]},
			"faces": {
				"north": {"uv": [0, 0, 0.5, 16], "texture": "#1"},
				"east": {"uv": [0, 0, 0.5, 16], "texture": "#1"},
				"south": {"uv": [0, 0, 0.5, 16], "texture": "#1"},
				"west": {"uv": [0, 0, 0.5, 16], "texture": "#1"},
				"up": {"uv": [0, 0, 0.5, 0.5], "texture": "#1"},
				"down": {"uv": [0, 0, 0.5, 0.5], "texture": "#1"}
			}
		},
		{
			"from": [8, 16.5, 7.5],
			"to": [14.4, 17.5, 8],
			"rotation": {"angle": 0, "axis": "y", "origin": [7.75, 1.75, 7.75]},
			"faces": {
				"north": {"uv": [0, 0, 6.4, 1], "texture": "#1"},
				"east": {"uv": [0, 0, 0.5, 1], "texture": "#1"},
				"south": {"uv": [0, 0, 6.4, 1], "texture": "#1"},
				"west": {"uv": [0, 0, 0.5, 1], "texture": "#1"},
				"up": {"uv": [0, 0, 6.4, 0.5], "texture": "#1"},
				"down": {"uv": [0, 0, 6.4, 0.5], "texture": "#1"}
			}
		},
		{
			"from": [8, 14.5, 7.5],
			"to": [13.6, 15.5, 8],
			"rotation": {"angle": 0, "axis": "y", "origin": [13.75, -0.25, 7.75]},
			"faces": {
				"north": {"uv": [0, 0, 5.6, 1], "texture": "#1"},
				"east": {"uv": [0, 0, 0.5, 1], "texture": "#1"},
				"south": {"uv": [0, 0, 5.6, 1], "texture": "#1"},
				"west": {"uv": [0, 0, 0.5, 1], "texture": "#1"},
				"up": {"uv": [0, 0, 5.6, 0.5], "texture": "#1"},
				"down": {"uv": [0, 0, 5.6, 0.5], "texture": "#1"}
			}
		},
		{
			"from": [8, 12.5, 7.5],
			"to": [12.8, 13.5, 8],
			"rotation": {"angle": 0, "axis": "y", "origin": [14.25, -2.25, 7.75]},
			"faces": {
				"north": {"uv": [0, 0, 4.8, 1], "texture": "#1"},
				"east": {"uv": [0, 0, 0.5, 1], "texture": "#1"},
				"south": {"uv": [0, 0, 4.8, 1], "texture": "#1"},
				"west": {"uv": [0, 0, 0.5, 1], "texture": "#1"},
				"up": {"uv": [0, 0, 4.8, 0.5], "texture": "#1"},
				"down": {"uv": [0, 0, 4.8, 0.5], "texture": "#1"}
			}
		},
		{
			"from": [8, 10.5, 7.5],
			"to": [11.9, 11.5, 8],
			"rotation": {"angle": 0, "axis": "y", "origin": [14.25, -4.25, 7.75]},
			"faces": {
				"north": {"uv": [0, 0, 3.9, 1], "texture": "#1"},
				"east": {"uv": [0, 0, 0.5, 1], "texture": "#1"},
				"south": {"uv": [0, 0, 3.9, 1], "texture": "#1"},
				"west": {"uv": [0, 0, 0.5, 1], "texture": "#1"},
				"up": {"uv": [0, 0, 3.9, 0.5], "texture": "#1"},
				"down": {"uv": [0, 0, 3.9, 0.5], "texture": "#1"}
			}
		},
		{
			"from": [8, 8.5, 7.5],
			"to": [11.1, 9.5, 8],
			"rotation": {"angle": 0, "axis": "y", "origin": [14.25, -6.25, 7.75]},
			"faces": {
				"north": {"uv": [0, 0, 3.1, 1], "texture": "#1"},
				"east": {"uv": [0, 0, 0.5, 1], "texture": "#1"},
				"south": {"uv": [0, 0, 3.1, 1], "texture": "#1"},
				"west": {"uv": [0, 0, 0.5, 1], "texture": "#1"},
				"up": {"uv": [0, 0, 3.1, 0.5], "texture": "#1"},
				"down": {"uv": [0, 0, 3.1, 0.5], "texture": "#1"}
			}
		},
		{
			"from": [8, 6.5, 7.5],
			"to": [10.3, 7.5, 8],
			"rotation": {"angle": 0, "axis": "y", "origin": [14.25, -8.25, 7.75]},
			"faces": {
				"north": {"uv": [0, 0, 2.3, 1], "texture": "#1"},
				"east": {"uv": [0, 0, 0.5, 1], "texture": "#1"},
				"south": {"uv": [0, 0, 2.3, 1], "texture": "#1"},
				"west": {"uv": [0, 0, 0.5, 1], "texture": "#1"},
				"up": {"uv": [0, 0, 2.3, 0.5], "texture": "#1"},
				"down": {"uv": [0, 0, 2.3, 0.5], "texture": "#1"}
			}
		},
		{
			"from": [8, 4.5, 7.5],
			"to": [9.5, 5.5, 8],
			"rotation": {"angle": 0, "axis": "y", "origin": [14.25, -10.25, 7.75]},
			"faces": {
				"north": {"uv": [0, 0, 1.5, 1], "texture": "#1"},
				"east": {"uv": [0, 0, 0.5, 1], "texture": "#1"},
				"south": {"uv": [0, 0, 1.5, 1], "texture": "#1"},
				"west": {"uv": [0, 0, 0.5, 1], "texture": "#1"},
				"up": {"uv": [0, 0, 1.5, 0.5], "texture": "#1"},
				"down": {"uv": [0, 0, 1.5, 0.5], "texture": "#1"}
			}
		},
		{
			"from": [8, 2.7, 7.5],
			"to": [8.7, 3.5, 8],
			"rotation": {"angle": 0, "axis": "y", "origin": [14.25, -12.25, 7.75]},
			"faces": {
				"north": {"uv": [0, 0, 0.7, 0.8], "texture": "#1"},
				"east": {"uv": [0, 0, 0.5, 0.8], "texture": "#1"},
				"south": {"uv": [0, 0, 0.7, 0.8], "texture": "#1"},
				"west": {"uv": [0, 0, 0.5, 0.8], "texture": "#1"},
				"up": {"uv": [0, 0, 0.7, 0.5], "texture": "#1"},
				"down": {"uv": [0, 0, 0.7, 0.5], "texture": "#1"}
			}
		},
		{
			"from": [8, 2, 7.5],
			"to": [8.3, 2.8, 8],
			"rotation": {"angle": 0, "axis": "y", "origin": [14.25, -12.75, 7.75]},
			"faces": {
				"north": {"uv": [0, 0, 0.3, 0.8], "texture": "#1"},
				"east": {"uv": [0, 0, 0.5, 0.8], "texture": "#1"},
				"south": {"uv": [0, 0, 0.3, 0.8], "texture": "#1"},
				"west": {"uv": [0, 0, 0.5, 0.8], "texture": "#1"},
				"up": {"uv": [0, 0, 0.3, 0.5], "texture": "#1"},
				"down": {"uv": [0, 0, 0.3, 0.5], "texture": "#1"}
			}
		},
		{
			"from": [8, 15.5, 7.5],
			"to": [14, 16.5, 8],
			"rotation": {"angle": 0, "axis": "y", "origin": [14.25, 0.75, 7.75]},
			"faces": {
				"north": {"uv": [0, 0, 6, 1], "texture": "#1"},
				"east": {"uv": [0, 0, 0.5, 1], "texture": "#1"},
				"south": {"uv": [0, 0, 6, 1], "texture": "#1"},
				"west": {"uv": [0, 0, 0.5, 1], "texture": "#1"},
				"up": {"uv": [0, 0, 6, 0.5], "texture": "#1"},
				"down": {"uv": [0, 0, 6, 0.5], "texture": "#1"}
			}
		},
		{
			"from": [8, 13.5, 7.5],
			"to": [13.2, 14.5, 8],
			"rotation": {"angle": 0, "axis": "y", "origin": [13.25, -1.25, 7.75]},
			"faces": {
				"north": {"uv": [0, 0, 5.2, 1], "texture": "#1"},
				"east": {"uv": [0, 0, 0.5, 1], "texture": "#1"},
				"south": {"uv": [0, 0, 5.2, 1], "texture": "#1"},
				"west": {"uv": [0, 0, 0.5, 1], "texture": "#1"},
				"up": {"uv": [0, 0, 5.2, 0.5], "texture": "#1"},
				"down": {"uv": [0, 0, 5.2, 0.5], "texture": "#1"}
			}
		},
		{
			"from": [8, 11.5, 7.5],
			"to": [12.4, 12.5, 8],
			"rotation": {"angle": 0, "axis": "y", "origin": [14.25, -3.25, 7.75]},
			"faces": {
				"north": {"uv": [0, 0, 4.4, 1], "texture": "#1"},
				"east": {"uv": [0, 0, 0.5, 1], "texture": "#1"},
				"south": {"uv": [0, 0, 4.4, 1], "texture": "#1"},
				"west": {"uv": [0, 0, 0.5, 1], "texture": "#1"},
				"up": {"uv": [0, 0, 4.4, 0.5], "texture": "#1"},
				"down": {"uv": [0, 0, 4.4, 0.5], "texture": "#1"}
			}
		},
		{
			"from": [8, 9.5, 7.5],
			"to": [11.5, 10.5, 8],
			"rotation": {"angle": 0, "axis": "y", "origin": [14.25, -5.25, 7.75]},
			"faces": {
				"north": {"uv": [0, 0, 3.5, 1], "texture": "#1"},
				"east": {"uv": [0, 0, 0.5, 1], "texture": "#1"},
				"south": {"uv": [0, 0, 3.5, 1], "texture": "#1"},
				"west": {"uv": [0, 0, 0.5, 1], "texture": "#1"},
				"up": {"uv": [0, 0, 3.5, 0.5], "texture": "#1"},
				"down": {"uv": [0, 0, 3.5, 0.5], "texture": "#1"}
			}
		},
		{
			"from": [8, 7.5, 7.5],
			"to": [10.7, 8.5, 8],
			"rotation": {"angle": 0, "axis": "y", "origin": [14.25, -7.25, 7.75]},
			"faces": {
				"north": {"uv": [0, 0, 2.7, 1], "texture": "#1"},
				"east": {"uv": [0, 0, 0.5, 1], "texture": "#1"},
				"south": {"uv": [0, 0, 2.7, 1], "texture": "#1"},
				"west": {"uv": [0, 0, 0.5, 1], "texture": "#1"},
				"up": {"uv": [0, 0, 2.7, 0.5], "texture": "#1"},
				"down": {"uv": [0, 0, 2.7, 0.5], "texture": "#1"}
			}
		},
		{
			"from": [8, 5.5, 7.5],
			"to": [9.9, 6.5, 8],
			"rotation": {"angle": 0, "axis": "y", "origin": [14.25, -9.25, 7.75]},
			"faces": {
				"north": {"uv": [0, 0, 1.9, 1], "texture": "#1"},
				"east": {"uv": [0, 0, 0.5, 1], "texture": "#1"},
				"south": {"uv": [0, 0, 1.9, 1], "texture": "#1"},
				"west": {"uv": [0, 0, 0.5, 1], "texture": "#1"},
				"up": {"uv": [0, 0, 1.9, 0.5], "texture": "#1"},
				"down": {"uv": [0, 0, 1.9, 0.5], "texture": "#1"}
			}
		},
		{
			"from": [8, 3.5, 7.5],
			"to": [9.1, 4.5, 8],
			"rotation": {"angle": 0, "axis": "y", "origin": [14.25, -11.25, 7.75]},
			"faces": {
				"north": {"uv": [0, 0, 1.1, 1], "texture": "#1"},
				"east": {"uv": [0, 0, 0.5, 1], "texture": "#1"},
				"south": {"uv": [0, 0, 1.1, 1], "texture": "#1"},
				"west": {"uv": [0, 0, 0.5, 1], "texture": "#1"},
				"up": {"uv": [0, 0, 1.1, 0.5], "texture": "#1"},
				"down": {"uv": [0, 0, 1.1, 0.5], "texture": "#1"}
			}
		}
	],
	"display": {
		"head": {
			"translation": [0, 20.5, 0],
			"scale": [3, 3, 3]
		}
	},
	"groups": [0, 1, 2, 3, 4,
		{
			"name": "Blue",
			"origin": [7.75, 1.75, 7.75],
			"children": [5, 6, 7, 8, 9, 10, 11, 12, 13, 14, 15, 16, 17, 18, 19, 20, 21]
		},
		{
			"name": "Yellow",
			"origin": [7.75, 1.75, 7.75],
			"children": [22, 23, 24, 25, 26, 27, 28, 29, 30, 31, 32, 33, 34, 35, 36, 37, 38]
		}
	]
}
