{
	"credit": "Made with Blockbench",
	"textures": {
		"1": "block/anvil",
		"2": "block/anvil",
		"3": "block/piston_bottom",
		"4": "block/red_wool",
		"7": "block/glass",
		"8": "block/gray_terracotta",
		"9": "block/black_wool",
		"10": "block/lapis_ore",
		"12": "block/black_wool",
		"14": "block/light_blue_wool",
		"15": "block/yellow_wool",
		"19": "block/cyan_terracotta",
		"20": "block/gold_block",
		"22": "block/gold_block",
		"23": "block/red_terracotta",
		"25": "block/white_wool",
		"26": "block/red_wool",
		"particle": "block/red_terracotta"
	},
	"elements": [
		{
			"from": [12, 0, 18],
			"to": [13, 2, 19],
			"faces": {
				"north": {"uv": [0, 0, 2, 1], "rotation": 90, "texture": "#9"},
				"east": {"uv": [0, 0, 2, 1], "rotation": 90, "texture": "#9"},
				"south": {"uv": [0, 0, 2, 1], "rotation": 90, "texture": "#9"},
				"west": {"uv": [0, 0, 2, 1], "rotation": 90, "texture": "#9"},
				"up": {"uv": [0, 0, 2, 1], "rotation": 90, "texture": "#9"},
				"down": {"uv": [0, 0, 2, 1], "rotation": 90, "texture": "#9"}
			}
		},
		{
			"from": [22, 0, 18],
			"to": [23, 2, 19],
			"faces": {
				"north": {"uv": [0, 0, 2, 1], "rotation": 90, "texture": "#9"},
				"east": {"uv": [0, 0, 2, 1], "rotation": 90, "texture": "#9"},
				"south": {"uv": [0, 0, 2, 1], "rotation": 90, "texture": "#9"},
				"west": {"uv": [0, 0, 2, 1], "rotation": 90, "texture": "#9"},
				"up": {"uv": [0, 0, 2, 1], "rotation": 90, "texture": "#9"},
				"down": {"uv": [0, 0, 2, 1], "rotation": 90, "texture": "#9"}
			}
		},
		{
			"from": [21, 2, 18],
			"to": [22, 3, 19],
			"faces": {
				"north": {"uv": [0, 0, 1, 1], "texture": "#9"},
				"east": {"uv": [0, 0, 1, 1], "texture": "#9"},
				"south": {"uv": [0, 0, 1, 1], "texture": "#9"},
				"west": {"uv": [0, 0, 1, 1], "texture": "#9"},
				"up": {"uv": [0, 0, 1, 1], "texture": "#9"},
				"down": {"uv": [0, 0, 1, 1], "texture": "#9"}
			}
		},
		{
			"from": [13, 2, 18],
			"to": [14, 3, 19],
			"faces": {
				"north": {"uv": [0, 0, 1, 1], "texture": "#9"},
				"east": {"uv": [0, 0, 1, 1], "texture": "#9"},
				"south": {"uv": [0, 0, 1, 1], "texture": "#9"},
				"west": {"uv": [0, 0, 1, 1], "texture": "#9"},
				"up": {"uv": [0, 0, 1, 1], "texture": "#9"},
				"down": {"uv": [0, 0, 1, 1], "texture": "#9"}
			}
		},
		{
			"from": [14, 3, 18],
			"to": [16, 4, 19],
			"faces": {
				"north": {"uv": [0, 0, 2, 1], "texture": "#9"},
				"east": {"uv": [0, 0, 2, 1], "texture": "#9"},
				"south": {"uv": [0, 0, 2, 1], "texture": "#9"},
				"west": {"uv": [0, 0, 2, 1], "texture": "#9"},
				"up": {"uv": [0, 0, 2, 1], "texture": "#9"},
				"down": {"uv": [0, 0, 2, 1], "texture": "#9"}
			}
		},
		{
			"from": [16, 4, 18],
			"to": [19, 5, 19],
			"faces": {
				"north": {"uv": [0, 0, 3, 1], "texture": "#9"},
				"east": {"uv": [0, 0, 3, 1], "texture": "#9"},
				"south": {"uv": [0, 0, 3, 1], "texture": "#9"},
				"west": {"uv": [0, 0, 3, 1], "texture": "#9"},
				"up": {"uv": [0, 0, 3, 1], "texture": "#9"},
				"down": {"uv": [0, 0, 3, 1], "texture": "#9"}
			}
		},
		{
			"from": [19, 3, 18],
			"to": [21, 4, 19],
			"faces": {
				"north": {"uv": [0, 0, 2, 1], "texture": "#9"},
				"east": {"uv": [0, 0, 2, 1], "texture": "#9"},
				"south": {"uv": [0, 0, 2, 1], "texture": "#9"},
				"west": {"uv": [0, 0, 2, 1], "texture": "#9"},
				"up": {"uv": [0, 0, 2, 1], "texture": "#9"},
				"down": {"uv": [0, 0, 2, 1], "texture": "#9"}
			}
		},
		{
			"from": [11, -3, 18],
			"to": [12, 0, 19],
			"faces": {
				"north": {"uv": [0, 0, 1, 3], "rotation": 180, "texture": "#9"},
				"east": {"uv": [0, 0, 1, 3], "rotation": 180, "texture": "#9"},
				"south": {"uv": [0, 0, 1, 3], "rotation": 180, "texture": "#9"},
				"west": {"uv": [0, 0, 1, 3], "rotation": 180, "texture": "#9"},
				"up": {"uv": [0, 0, 1, 3], "rotation": 180, "texture": "#9"},
				"down": {"uv": [0, 0, 1, 3], "rotation": 180, "texture": "#9"}
			}
		},
		{
			"from": [23, -3, 18],
			"to": [24, 0, 19],
			"faces": {
				"north": {"uv": [0, 0, 1, 3], "rotation": 180, "texture": "#9"},
				"east": {"uv": [0, 0, 1, 3], "rotation": 180, "texture": "#9"},
				"south": {"uv": [0, 0, 1, 3], "rotation": 180, "texture": "#9"},
				"west": {"uv": [0, 0, 1, 3], "rotation": 180, "texture": "#9"},
				"up": {"uv": [0, 0, 1, 3], "rotation": 180, "texture": "#9"},
				"down": {"uv": [0, 0, 1, 3], "rotation": 180, "texture": "#9"}
			}
		},
		{
			"from": [22, -5, 18],
			"to": [23, -3, 19],
			"faces": {
				"north": {"uv": [0, 0, 2, 1], "rotation": 270, "texture": "#9"},
				"east": {"uv": [0, 0, 2, 1], "rotation": 270, "texture": "#9"},
				"south": {"uv": [0, 0, 2, 1], "rotation": 270, "texture": "#9"},
				"west": {"uv": [0, 0, 2, 1], "rotation": 270, "texture": "#9"},
				"up": {"uv": [0, 0, 2, 1], "rotation": 270, "texture": "#9"},
				"down": {"uv": [0, 0, 2, 1], "rotation": 270, "texture": "#9"}
			}
		},
		{
			"from": [12, -5, 18],
			"to": [13, -3, 19],
			"faces": {
				"north": {"uv": [0, 0, 2, 1], "rotation": 270, "texture": "#9"},
				"east": {"uv": [0, 0, 2, 1], "rotation": 270, "texture": "#9"},
				"south": {"uv": [0, 0, 2, 1], "rotation": 270, "texture": "#9"},
				"west": {"uv": [0, 0, 2, 1], "rotation": 270, "texture": "#9"},
				"up": {"uv": [0, 0, 2, 1], "rotation": 270, "texture": "#9"},
				"down": {"uv": [0, 0, 2, 1], "rotation": 270, "texture": "#9"}
			}
		},
		{
			"from": [13, -6, 18],
			"to": [14, -5, 19],
			"faces": {
				"north": {"uv": [0, 0, 1, 1], "rotation": 180, "texture": "#9"},
				"east": {"uv": [0, 0, 1, 1], "rotation": 180, "texture": "#9"},
				"south": {"uv": [0, 0, 1, 1], "rotation": 180, "texture": "#9"},
				"west": {"uv": [0, 0, 1, 1], "rotation": 180, "texture": "#9"},
				"up": {"uv": [0, 0, 1, 1], "rotation": 180, "texture": "#9"},
				"down": {"uv": [0, 0, 1, 1], "rotation": 180, "texture": "#9"}
			}
		},
		{
			"from": [21, -6, 18],
			"to": [22, -5, 19],
			"faces": {
				"north": {"uv": [0, 0, 1, 1], "rotation": 180, "texture": "#9"},
				"east": {"uv": [0, 0, 1, 1], "rotation": 180, "texture": "#9"},
				"south": {"uv": [0, 0, 1, 1], "rotation": 180, "texture": "#9"},
				"west": {"uv": [0, 0, 1, 1], "rotation": 180, "texture": "#9"},
				"up": {"uv": [0, 0, 1, 1], "rotation": 180, "texture": "#9"},
				"down": {"uv": [0, 0, 1, 1], "rotation": 180, "texture": "#9"}
			}
		},
		{
			"from": [19, -7, 18],
			"to": [21, -6, 19],
			"faces": {
				"north": {"uv": [0, 0, 2, 1], "rotation": 180, "texture": "#9"},
				"east": {"uv": [0, 0, 2, 1], "rotation": 180, "texture": "#9"},
				"south": {"uv": [0, 0, 2, 1], "rotation": 180, "texture": "#9"},
				"west": {"uv": [0, 0, 2, 1], "rotation": 180, "texture": "#9"},
				"up": {"uv": [0, 0, 2, 1], "rotation": 180, "texture": "#9"},
				"down": {"uv": [0, 0, 2, 1], "rotation": 180, "texture": "#9"}
			}
		},
		{
			"from": [16, -8, 18],
			"to": [19, -7, 19],
			"faces": {
				"north": {"uv": [0, 0, 3, 1], "rotation": 180, "texture": "#9"},
				"east": {"uv": [0, 0, 3, 1], "rotation": 180, "texture": "#9"},
				"south": {"uv": [0, 0, 3, 1], "rotation": 180, "texture": "#9"},
				"west": {"uv": [0, 0, 3, 1], "rotation": 180, "texture": "#9"},
				"up": {"uv": [0, 0, 3, 1], "rotation": 180, "texture": "#9"},
				"down": {"uv": [0, 0, 3, 1], "rotation": 180, "texture": "#9"}
			}
		},
		{
			"from": [14, -7, 18],
			"to": [16, -6, 19],
			"faces": {
				"north": {"uv": [0, 0, 2, 1], "rotation": 180, "texture": "#9"},
				"east": {"uv": [0, 0, 2, 1], "rotation": 180, "texture": "#9"},
				"south": {"uv": [0, 0, 2, 1], "rotation": 180, "texture": "#9"},
				"west": {"uv": [0, 0, 2, 1], "rotation": 180, "texture": "#9"},
				"up": {"uv": [0, 0, 2, 1], "rotation": 180, "texture": "#9"},
				"down": {"uv": [0, 0, 2, 1], "rotation": 180, "texture": "#9"}
			}
		},
		{
			"from": [12, -2, 18],
			"to": [23, -1, 19],
			"faces": {
				"north": {"uv": [0, 0, 11, 1], "texture": "#9"},
				"east": {"uv": [0, 0, 11, 1], "texture": "#9"},
				"south": {"uv": [0, 0, 11, 1], "texture": "#9"},
				"west": {"uv": [0, 0, 11, 1], "texture": "#9"},
				"up": {"uv": [0, 0, 11, 1], "texture": "#9"},
				"down": {"uv": [0, 0, 11, 1], "texture": "#9"}
			}
		},
		{
			"from": [17, -7, 18],
			"to": [18, 4, 19],
			"rotation": {"angle": 45, "axis": "z", "origin": [17.5, -1.5, 18.5]},
			"faces": {
				"north": {"uv": [0, 0, 11, 1], "rotation": 90, "texture": "#9"},
				"east": {"uv": [0, 0, 11, 1], "rotation": 90, "texture": "#9"},
				"south": {"uv": [0, 0, 11, 1], "rotation": 90, "texture": "#9"},
				"west": {"uv": [0, 0, 11, 1], "rotation": 90, "texture": "#9"},
				"up": {"uv": [0, 0, 11, 1], "rotation": 90, "texture": "#9"},
				"down": {"uv": [0, 0, 11, 1], "rotation": 90, "texture": "#9"}
			}
		},
		{
			"from": [17, -7, 18],
			"to": [18, 4, 19],
			"faces": {
				"north": {"uv": [0, 0, 11, 1], "rotation": 90, "texture": "#9"},
				"east": {"uv": [0, 0, 11, 1], "rotation": 90, "texture": "#9"},
				"south": {"uv": [0, 0, 11, 1], "rotation": 90, "texture": "#9"},
				"west": {"uv": [0, 0, 11, 1], "rotation": 90, "texture": "#9"},
				"up": {"uv": [0, 0, 11, 1], "rotation": 90, "texture": "#9"},
				"down": {"uv": [0, 0, 11, 1], "rotation": 90, "texture": "#9"}
			}
		},
		{
			"from": [17, -7, 18],
			"to": [18, 4, 19],
			"rotation": {"angle": -45, "axis": "z", "origin": [17.5, -1.5, 18.5]},
			"faces": {
				"north": {"uv": [0, 0, 11, 1], "rotation": 90, "texture": "#9"},
				"east": {"uv": [0, 0, 11, 1], "rotation": 90, "texture": "#9"},
				"south": {"uv": [0, 0, 11, 1], "rotation": 90, "texture": "#9"},
				"west": {"uv": [0, 0, 11, 1], "rotation": 90, "texture": "#9"},
				"up": {"uv": [0, 0, 11, 1], "rotation": 90, "texture": "#9"},
				"down": {"uv": [0, 0, 11, 1], "rotation": 90, "texture": "#9"}
			}
		},
		{
			"from": [12, 0, -3],
			"to": [13, 2, -2],
			"faces": {
				"north": {"uv": [0, 0, 2, 1], "rotation": 90, "texture": "#9"},
				"east": {"uv": [0, 0, 2, 1], "rotation": 90, "texture": "#9"},
				"south": {"uv": [0, 0, 2, 1], "rotation": 90, "texture": "#9"},
				"west": {"uv": [0, 0, 2, 1], "rotation": 90, "texture": "#9"},
				"up": {"uv": [0, 0, 2, 1], "rotation": 90, "texture": "#9"},
				"down": {"uv": [0, 0, 2, 1], "rotation": 90, "texture": "#9"}
			}
		},
		{
			"from": [22, 0, -3],
			"to": [23, 2, -2],
			"faces": {
				"north": {"uv": [0, 0, 2, 1], "rotation": 90, "texture": "#9"},
				"east": {"uv": [0, 0, 2, 1], "rotation": 90, "texture": "#9"},
				"south": {"uv": [0, 0, 2, 1], "rotation": 90, "texture": "#9"},
				"west": {"uv": [0, 0, 2, 1], "rotation": 90, "texture": "#9"},
				"up": {"uv": [0, 0, 2, 1], "rotation": 90, "texture": "#9"},
				"down": {"uv": [0, 0, 2, 1], "rotation": 90, "texture": "#9"}
			}
		},
		{
			"from": [21, 2, -3],
			"to": [22, 3, -2],
			"faces": {
				"north": {"uv": [0, 0, 1, 1], "texture": "#9"},
				"east": {"uv": [0, 0, 1, 1], "texture": "#9"},
				"south": {"uv": [0, 0, 1, 1], "texture": "#9"},
				"west": {"uv": [0, 0, 1, 1], "texture": "#9"},
				"up": {"uv": [0, 0, 1, 1], "texture": "#9"},
				"down": {"uv": [0, 0, 1, 1], "texture": "#9"}
			}
		},
		{
			"from": [13, 2, -3],
			"to": [14, 3, -2],
			"faces": {
				"north": {"uv": [0, 0, 1, 1], "texture": "#9"},
				"east": {"uv": [0, 0, 1, 1], "texture": "#9"},
				"south": {"uv": [0, 0, 1, 1], "texture": "#9"},
				"west": {"uv": [0, 0, 1, 1], "texture": "#9"},
				"up": {"uv": [0, 0, 1, 1], "texture": "#9"},
				"down": {"uv": [0, 0, 1, 1], "texture": "#9"}
			}
		},
		{
			"from": [14, 3, -3],
			"to": [16, 4, -2],
			"faces": {
				"north": {"uv": [0, 0, 2, 1], "texture": "#9"},
				"east": {"uv": [0, 0, 2, 1], "texture": "#9"},
				"south": {"uv": [0, 0, 2, 1], "texture": "#9"},
				"west": {"uv": [0, 0, 2, 1], "texture": "#9"},
				"up": {"uv": [0, 0, 2, 1], "texture": "#9"},
				"down": {"uv": [0, 0, 2, 1], "texture": "#9"}
			}
		},
		{
			"from": [16, 4, -3],
			"to": [19, 5, -2],
			"faces": {
				"north": {"uv": [0, 0, 3, 1], "texture": "#9"},
				"east": {"uv": [0, 0, 3, 1], "texture": "#9"},
				"south": {"uv": [0, 0, 3, 1], "texture": "#9"},
				"west": {"uv": [0, 0, 3, 1], "texture": "#9"},
				"up": {"uv": [0, 0, 3, 1], "texture": "#9"},
				"down": {"uv": [0, 0, 3, 1], "texture": "#9"}
			}
		},
		{
			"from": [19, 3, -3],
			"to": [21, 4, -2],
			"faces": {
				"north": {"uv": [0, 0, 2, 1], "texture": "#9"},
				"east": {"uv": [0, 0, 2, 1], "texture": "#9"},
				"south": {"uv": [0, 0, 2, 1], "texture": "#9"},
				"west": {"uv": [0, 0, 2, 1], "texture": "#9"},
				"up": {"uv": [0, 0, 2, 1], "texture": "#9"},
				"down": {"uv": [0, 0, 2, 1], "texture": "#9"}
			}
		},
		{
			"from": [11, -3, -3],
			"to": [12, 0, -2],
			"faces": {
				"north": {"uv": [0, 0, 1, 3], "rotation": 180, "texture": "#9"},
				"east": {"uv": [0, 0, 1, 3], "rotation": 180, "texture": "#9"},
				"south": {"uv": [0, 0, 1, 3], "rotation": 180, "texture": "#9"},
				"west": {"uv": [0, 0, 1, 3], "rotation": 180, "texture": "#9"},
				"up": {"uv": [0, 0, 1, 3], "rotation": 180, "texture": "#9"},
				"down": {"uv": [0, 0, 1, 3], "rotation": 180, "texture": "#9"}
			}
		},
		{
			"from": [23, -3, -3],
			"to": [24, 0, -2],
			"faces": {
				"north": {"uv": [0, 0, 1, 3], "rotation": 180, "texture": "#9"},
				"east": {"uv": [0, 0, 1, 3], "rotation": 180, "texture": "#9"},
				"south": {"uv": [0, 0, 1, 3], "rotation": 180, "texture": "#9"},
				"west": {"uv": [0, 0, 1, 3], "rotation": 180, "texture": "#9"},
				"up": {"uv": [0, 0, 1, 3], "rotation": 180, "texture": "#9"},
				"down": {"uv": [0, 0, 1, 3], "rotation": 180, "texture": "#9"}
			}
		},
		{
			"from": [22, -5, -3],
			"to": [23, -3, -2],
			"faces": {
				"north": {"uv": [0, 0, 2, 1], "rotation": 270, "texture": "#9"},
				"east": {"uv": [0, 0, 2, 1], "rotation": 270, "texture": "#9"},
				"south": {"uv": [0, 0, 2, 1], "rotation": 270, "texture": "#9"},
				"west": {"uv": [0, 0, 2, 1], "rotation": 270, "texture": "#9"},
				"up": {"uv": [0, 0, 2, 1], "rotation": 270, "texture": "#9"},
				"down": {"uv": [0, 0, 2, 1], "rotation": 270, "texture": "#9"}
			}
		},
		{
			"from": [12, -5, -3],
			"to": [13, -3, -2],
			"faces": {
				"north": {"uv": [0, 0, 2, 1], "rotation": 270, "texture": "#9"},
				"east": {"uv": [0, 0, 2, 1], "rotation": 270, "texture": "#9"},
				"south": {"uv": [0, 0, 2, 1], "rotation": 270, "texture": "#9"},
				"west": {"uv": [0, 0, 2, 1], "rotation": 270, "texture": "#9"},
				"up": {"uv": [0, 0, 2, 1], "rotation": 270, "texture": "#9"},
				"down": {"uv": [0, 0, 2, 1], "rotation": 270, "texture": "#9"}
			}
		},
		{
			"from": [13, -6, -3],
			"to": [14, -5, -2],
			"faces": {
				"north": {"uv": [0, 0, 1, 1], "rotation": 180, "texture": "#9"},
				"east": {"uv": [0, 0, 1, 1], "rotation": 180, "texture": "#9"},
				"south": {"uv": [0, 0, 1, 1], "rotation": 180, "texture": "#9"},
				"west": {"uv": [0, 0, 1, 1], "rotation": 180, "texture": "#9"},
				"up": {"uv": [0, 0, 1, 1], "rotation": 180, "texture": "#9"},
				"down": {"uv": [0, 0, 1, 1], "rotation": 180, "texture": "#9"}
			}
		},
		{
			"from": [21, -6, -3],
			"to": [22, -5, -2],
			"faces": {
				"north": {"uv": [0, 0, 1, 1], "rotation": 180, "texture": "#9"},
				"east": {"uv": [0, 0, 1, 1], "rotation": 180, "texture": "#9"},
				"south": {"uv": [0, 0, 1, 1], "rotation": 180, "texture": "#9"},
				"west": {"uv": [0, 0, 1, 1], "rotation": 180, "texture": "#9"},
				"up": {"uv": [0, 0, 1, 1], "rotation": 180, "texture": "#9"},
				"down": {"uv": [0, 0, 1, 1], "rotation": 180, "texture": "#9"}
			}
		},
		{
			"from": [19, -7, -3],
			"to": [21, -6, -2],
			"faces": {
				"north": {"uv": [0, 0, 2, 1], "rotation": 180, "texture": "#9"},
				"east": {"uv": [0, 0, 2, 1], "rotation": 180, "texture": "#9"},
				"south": {"uv": [0, 0, 2, 1], "rotation": 180, "texture": "#9"},
				"west": {"uv": [0, 0, 2, 1], "rotation": 180, "texture": "#9"},
				"up": {"uv": [0, 0, 2, 1], "rotation": 180, "texture": "#9"},
				"down": {"uv": [0, 0, 2, 1], "rotation": 180, "texture": "#9"}
			}
		},
		{
			"from": [16, -8, -3],
			"to": [19, -7, -2],
			"faces": {
				"north": {"uv": [0, 0, 3, 1], "rotation": 180, "texture": "#9"},
				"east": {"uv": [0, 0, 3, 1], "rotation": 180, "texture": "#9"},
				"south": {"uv": [0, 0, 3, 1], "rotation": 180, "texture": "#9"},
				"west": {"uv": [0, 0, 3, 1], "rotation": 180, "texture": "#9"},
				"up": {"uv": [0, 0, 3, 1], "rotation": 180, "texture": "#9"},
				"down": {"uv": [0, 0, 3, 1], "rotation": 180, "texture": "#9"}
			}
		},
		{
			"from": [14, -7, -3],
			"to": [16, -6, -2],
			"faces": {
				"north": {"uv": [0, 0, 2, 1], "rotation": 180, "texture": "#9"},
				"east": {"uv": [0, 0, 2, 1], "rotation": 180, "texture": "#9"},
				"south": {"uv": [0, 0, 2, 1], "rotation": 180, "texture": "#9"},
				"west": {"uv": [0, 0, 2, 1], "rotation": 180, "texture": "#9"},
				"up": {"uv": [0, 0, 2, 1], "rotation": 180, "texture": "#9"},
				"down": {"uv": [0, 0, 2, 1], "rotation": 180, "texture": "#9"}
			}
		},
		{
			"from": [12, -2, -3],
			"to": [23, -1, -2],
			"faces": {
				"north": {"uv": [0, 0, 11, 1], "texture": "#9"},
				"east": {"uv": [0, 0, 11, 1], "texture": "#9"},
				"south": {"uv": [0, 0, 11, 1], "texture": "#9"},
				"west": {"uv": [0, 0, 11, 1], "texture": "#9"},
				"up": {"uv": [0, 0, 11, 1], "texture": "#9"},
				"down": {"uv": [0, 0, 11, 1], "texture": "#9"}
			}
		},
		{
			"from": [17, -7, -3],
			"to": [18, 4, -2],
			"rotation": {"angle": 45, "axis": "z", "origin": [17.5, -1.5, -2.5]},
			"faces": {
				"north": {"uv": [0, 0, 11, 1], "rotation": 90, "texture": "#9"},
				"east": {"uv": [0, 0, 11, 1], "rotation": 90, "texture": "#9"},
				"south": {"uv": [0, 0, 11, 1], "rotation": 90, "texture": "#9"},
				"west": {"uv": [0, 0, 11, 1], "rotation": 90, "texture": "#9"},
				"up": {"uv": [0, 0, 11, 1], "rotation": 90, "texture": "#9"},
				"down": {"uv": [0, 0, 11, 1], "rotation": 90, "texture": "#9"}
			}
		},
		{
			"from": [17, -7, -3],
			"to": [18, 4, -2],
			"faces": {
				"north": {"uv": [0, 0, 11, 1], "rotation": 90, "texture": "#9"},
				"east": {"uv": [0, 0, 11, 1], "rotation": 90, "texture": "#9"},
				"south": {"uv": [0, 0, 11, 1], "rotation": 90, "texture": "#9"},
				"west": {"uv": [0, 0, 11, 1], "rotation": 90, "texture": "#9"},
				"up": {"uv": [0, 0, 11, 1], "rotation": 90, "texture": "#9"},
				"down": {"uv": [0, 0, 11, 1], "rotation": 90, "texture": "#9"}
			}
		},
		{
			"from": [17, -7, -3],
			"to": [18, 4, -2],
			"rotation": {"angle": -45, "axis": "z", "origin": [17.5, -1.5, -2.5]},
			"faces": {
				"north": {"uv": [0, 0, 11, 1], "rotation": 90, "texture": "#9"},
				"east": {"uv": [0, 0, 11, 1], "rotation": 90, "texture": "#9"},
				"south": {"uv": [0, 0, 11, 1], "rotation": 90, "texture": "#9"},
				"west": {"uv": [0, 0, 11, 1], "rotation": 90, "texture": "#9"},
				"up": {"uv": [0, 0, 11, 1], "rotation": 90, "texture": "#9"},
				"down": {"uv": [0, 0, 11, 1], "rotation": 90, "texture": "#9"}
			}
		},
		{
			"from": [17, -2, -4],
			"to": [18, -1, 20],
			"faces": {
				"north": {"uv": [0, 0, 1, 1], "texture": "#9"},
				"east": {"uv": [0, 0, 1, 1], "texture": "#9"},
				"south": {"uv": [0, 0, 1, 1], "texture": "#9"},
				"west": {"uv": [0, 0, 1, 1], "texture": "#9"},
				"up": {"uv": [0, 0, 1, 1], "texture": "#9"},
				"down": {"uv": [0, 0, 1, 1], "texture": "#9"}
			}
		},
		{
			"from": [-15, 0, 18],
			"to": [-14, 2, 19],
			"faces": {
				"north": {"uv": [0, 0, 2, 1], "rotation": 90, "texture": "#9"},
				"east": {"uv": [0, 0, 2, 1], "rotation": 90, "texture": "#9"},
				"south": {"uv": [0, 0, 2, 1], "rotation": 90, "texture": "#9"},
				"west": {"uv": [0, 0, 2, 1], "rotation": 90, "texture": "#9"},
				"up": {"uv": [0, 0, 2, 1], "rotation": 90, "texture": "#9"},
				"down": {"uv": [0, 0, 2, 1], "rotation": 90, "texture": "#9"}
			}
		},
		{
			"from": [-5, 0, 18],
			"to": [-4, 2, 19],
			"faces": {
				"north": {"uv": [0, 0, 2, 1], "rotation": 90, "texture": "#9"},
				"east": {"uv": [0, 0, 2, 1], "rotation": 90, "texture": "#9"},
				"south": {"uv": [0, 0, 2, 1], "rotation": 90, "texture": "#9"},
				"west": {"uv": [0, 0, 2, 1], "rotation": 90, "texture": "#9"},
				"up": {"uv": [0, 0, 2, 1], "rotation": 90, "texture": "#9"},
				"down": {"uv": [0, 0, 2, 1], "rotation": 90, "texture": "#9"}
			}
		},
		{
			"from": [-6, 2, 18],
			"to": [-5, 3, 19],
			"faces": {
				"north": {"uv": [0, 0, 1, 1], "texture": "#9"},
				"east": {"uv": [0, 0, 1, 1], "texture": "#9"},
				"south": {"uv": [0, 0, 1, 1], "texture": "#9"},
				"west": {"uv": [0, 0, 1, 1], "texture": "#9"},
				"up": {"uv": [0, 0, 1, 1], "texture": "#9"},
				"down": {"uv": [0, 0, 1, 1], "texture": "#9"}
			}
		},
		{
			"from": [-14, 2, 18],
			"to": [-13, 3, 19],
			"faces": {
				"north": {"uv": [0, 0, 1, 1], "texture": "#9"},
				"east": {"uv": [0, 0, 1, 1], "texture": "#9"},
				"south": {"uv": [0, 0, 1, 1], "texture": "#9"},
				"west": {"uv": [0, 0, 1, 1], "texture": "#9"},
				"up": {"uv": [0, 0, 1, 1], "texture": "#9"},
				"down": {"uv": [0, 0, 1, 1], "texture": "#9"}
			}
		},
		{
			"from": [-13, 3, 18],
			"to": [-11, 4, 19],
			"faces": {
				"north": {"uv": [0, 0, 2, 1], "texture": "#9"},
				"east": {"uv": [0, 0, 2, 1], "texture": "#9"},
				"south": {"uv": [0, 0, 2, 1], "texture": "#9"},
				"west": {"uv": [0, 0, 2, 1], "texture": "#9"},
				"up": {"uv": [0, 0, 2, 1], "texture": "#9"},
				"down": {"uv": [0, 0, 2, 1], "texture": "#9"}
			}
		},
		{
			"from": [-11, 4, 18],
			"to": [-8, 5, 19],
			"faces": {
				"north": {"uv": [0, 0, 3, 1], "texture": "#9"},
				"east": {"uv": [0, 0, 3, 1], "texture": "#9"},
				"south": {"uv": [0, 0, 3, 1], "texture": "#9"},
				"west": {"uv": [0, 0, 3, 1], "texture": "#9"},
				"up": {"uv": [0, 0, 3, 1], "texture": "#9"},
				"down": {"uv": [0, 0, 3, 1], "texture": "#9"}
			}
		},
		{
			"from": [-8, 3, 18],
			"to": [-6, 4, 19],
			"faces": {
				"north": {"uv": [0, 0, 2, 1], "texture": "#9"},
				"east": {"uv": [0, 0, 2, 1], "texture": "#9"},
				"south": {"uv": [0, 0, 2, 1], "texture": "#9"},
				"west": {"uv": [0, 0, 2, 1], "texture": "#9"},
				"up": {"uv": [0, 0, 2, 1], "texture": "#9"},
				"down": {"uv": [0, 0, 2, 1], "texture": "#9"}
			}
		},
		{
			"from": [-16, -3, 18],
			"to": [-15, 0, 19],
			"faces": {
				"north": {"uv": [0, 0, 1, 3], "rotation": 180, "texture": "#9"},
				"east": {"uv": [0, 0, 1, 3], "rotation": 180, "texture": "#9"},
				"south": {"uv": [0, 0, 1, 3], "rotation": 180, "texture": "#9"},
				"west": {"uv": [0, 0, 1, 3], "rotation": 180, "texture": "#9"},
				"up": {"uv": [0, 0, 1, 3], "rotation": 180, "texture": "#9"},
				"down": {"uv": [0, 0, 1, 3], "rotation": 180, "texture": "#9"}
			}
		},
		{
			"from": [-4, -3, 18],
			"to": [-3, 0, 19],
			"faces": {
				"north": {"uv": [0, 0, 1, 3], "rotation": 180, "texture": "#9"},
				"east": {"uv": [0, 0, 1, 3], "rotation": 180, "texture": "#9"},
				"south": {"uv": [0, 0, 1, 3], "rotation": 180, "texture": "#9"},
				"west": {"uv": [0, 0, 1, 3], "rotation": 180, "texture": "#9"},
				"up": {"uv": [0, 0, 1, 3], "rotation": 180, "texture": "#9"},
				"down": {"uv": [0, 0, 1, 3], "rotation": 180, "texture": "#9"}
			}
		},
		{
			"from": [-5, -5, 18],
			"to": [-4, -3, 19],
			"faces": {
				"north": {"uv": [0, 0, 2, 1], "rotation": 270, "texture": "#9"},
				"east": {"uv": [0, 0, 2, 1], "rotation": 270, "texture": "#9"},
				"south": {"uv": [0, 0, 2, 1], "rotation": 270, "texture": "#9"},
				"west": {"uv": [0, 0, 2, 1], "rotation": 270, "texture": "#9"},
				"up": {"uv": [0, 0, 2, 1], "rotation": 270, "texture": "#9"},
				"down": {"uv": [0, 0, 2, 1], "rotation": 270, "texture": "#9"}
			}
		},
		{
			"from": [-15, -5, 18],
			"to": [-14, -3, 19],
			"faces": {
				"north": {"uv": [0, 0, 2, 1], "rotation": 270, "texture": "#9"},
				"east": {"uv": [0, 0, 2, 1], "rotation": 270, "texture": "#9"},
				"south": {"uv": [0, 0, 2, 1], "rotation": 270, "texture": "#9"},
				"west": {"uv": [0, 0, 2, 1], "rotation": 270, "texture": "#9"},
				"up": {"uv": [0, 0, 2, 1], "rotation": 270, "texture": "#9"},
				"down": {"uv": [0, 0, 2, 1], "rotation": 270, "texture": "#9"}
			}
		},
		{
			"from": [-14, -6, 18],
			"to": [-13, -5, 19],
			"faces": {
				"north": {"uv": [0, 0, 1, 1], "rotation": 180, "texture": "#9"},
				"east": {"uv": [0, 0, 1, 1], "rotation": 180, "texture": "#9"},
				"south": {"uv": [0, 0, 1, 1], "rotation": 180, "texture": "#9"},
				"west": {"uv": [0, 0, 1, 1], "rotation": 180, "texture": "#9"},
				"up": {"uv": [0, 0, 1, 1], "rotation": 180, "texture": "#9"},
				"down": {"uv": [0, 0, 1, 1], "rotation": 180, "texture": "#9"}
			}
		},
		{
			"from": [-6, -6, 18],
			"to": [-5, -5, 19],
			"faces": {
				"north": {"uv": [0, 0, 1, 1], "rotation": 180, "texture": "#9"},
				"east": {"uv": [0, 0, 1, 1], "rotation": 180, "texture": "#9"},
				"south": {"uv": [0, 0, 1, 1], "rotation": 180, "texture": "#9"},
				"west": {"uv": [0, 0, 1, 1], "rotation": 180, "texture": "#9"},
				"up": {"uv": [0, 0, 1, 1], "rotation": 180, "texture": "#9"},
				"down": {"uv": [0, 0, 1, 1], "rotation": 180, "texture": "#9"}
			}
		},
		{
			"from": [-8, -7, 18],
			"to": [-6, -6, 19],
			"faces": {
				"north": {"uv": [0, 0, 2, 1], "rotation": 180, "texture": "#9"},
				"east": {"uv": [0, 0, 2, 1], "rotation": 180, "texture": "#9"},
				"south": {"uv": [0, 0, 2, 1], "rotation": 180, "texture": "#9"},
				"west": {"uv": [0, 0, 2, 1], "rotation": 180, "texture": "#9"},
				"up": {"uv": [0, 0, 2, 1], "rotation": 180, "texture": "#9"},
				"down": {"uv": [0, 0, 2, 1], "rotation": 180, "texture": "#9"}
			}
		},
		{
			"from": [-11, -8, 18],
			"to": [-8, -7, 19],
			"faces": {
				"north": {"uv": [0, 0, 3, 1], "rotation": 180, "texture": "#9"},
				"east": {"uv": [0, 0, 3, 1], "rotation": 180, "texture": "#9"},
				"south": {"uv": [0, 0, 3, 1], "rotation": 180, "texture": "#9"},
				"west": {"uv": [0, 0, 3, 1], "rotation": 180, "texture": "#9"},
				"up": {"uv": [0, 0, 3, 1], "rotation": 180, "texture": "#9"},
				"down": {"uv": [0, 0, 3, 1], "rotation": 180, "texture": "#9"}
			}
		},
		{
			"from": [-13, -7, 18],
			"to": [-11, -6, 19],
			"faces": {
				"north": {"uv": [0, 0, 2, 1], "rotation": 180, "texture": "#9"},
				"east": {"uv": [0, 0, 2, 1], "rotation": 180, "texture": "#9"},
				"south": {"uv": [0, 0, 2, 1], "rotation": 180, "texture": "#9"},
				"west": {"uv": [0, 0, 2, 1], "rotation": 180, "texture": "#9"},
				"up": {"uv": [0, 0, 2, 1], "rotation": 180, "texture": "#9"},
				"down": {"uv": [0, 0, 2, 1], "rotation": 180, "texture": "#9"}
			}
		},
		{
			"from": [-15, -2, 18],
			"to": [-4, -1, 19],
			"faces": {
				"north": {"uv": [0, 0, 11, 1], "texture": "#9"},
				"east": {"uv": [0, 0, 11, 1], "texture": "#9"},
				"south": {"uv": [0, 0, 11, 1], "texture": "#9"},
				"west": {"uv": [0, 0, 11, 1], "texture": "#9"},
				"up": {"uv": [0, 0, 11, 1], "texture": "#9"},
				"down": {"uv": [0, 0, 11, 1], "texture": "#9"}
			}
		},
		{
			"from": [-10, -7, 18],
			"to": [-9, 4, 19],
			"rotation": {"angle": 45, "axis": "z", "origin": [-9.5, -1.5, 18.5]},
			"faces": {
				"north": {"uv": [0, 0, 11, 1], "rotation": 90, "texture": "#9"},
				"east": {"uv": [0, 0, 11, 1], "rotation": 90, "texture": "#9"},
				"south": {"uv": [0, 0, 11, 1], "rotation": 90, "texture": "#9"},
				"west": {"uv": [0, 0, 11, 1], "rotation": 90, "texture": "#9"},
				"up": {"uv": [0, 0, 11, 1], "rotation": 90, "texture": "#9"},
				"down": {"uv": [0, 0, 11, 1], "rotation": 90, "texture": "#9"}
			}
		},
		{
			"from": [-10, -7, 18],
			"to": [-9, 4, 19],
			"faces": {
				"north": {"uv": [0, 0, 11, 1], "rotation": 90, "texture": "#9"},
				"east": {"uv": [0, 0, 11, 1], "rotation": 90, "texture": "#9"},
				"south": {"uv": [0, 0, 11, 1], "rotation": 90, "texture": "#9"},
				"west": {"uv": [0, 0, 11, 1], "rotation": 90, "texture": "#9"},
				"up": {"uv": [0, 0, 11, 1], "rotation": 90, "texture": "#9"},
				"down": {"uv": [0, 0, 11, 1], "rotation": 90, "texture": "#9"}
			}
		},
		{
			"from": [-10, -7, 18],
			"to": [-9, 4, 19],
			"rotation": {"angle": -45, "axis": "z", "origin": [-9.5, -1.5, 18.5]},
			"faces": {
				"north": {"uv": [0, 0, 11, 1], "rotation": 90, "texture": "#9"},
				"east": {"uv": [0, 0, 11, 1], "rotation": 90, "texture": "#9"},
				"south": {"uv": [0, 0, 11, 1], "rotation": 90, "texture": "#9"},
				"west": {"uv": [0, 0, 11, 1], "rotation": 90, "texture": "#9"},
				"up": {"uv": [0, 0, 11, 1], "rotation": 90, "texture": "#9"},
				"down": {"uv": [0, 0, 11, 1], "rotation": 90, "texture": "#9"}
			}
		},
		{
			"from": [-15, 0, -3],
			"to": [-14, 2, -2],
			"faces": {
				"north": {"uv": [0, 0, 2, 1], "rotation": 90, "texture": "#9"},
				"east": {"uv": [0, 0, 2, 1], "rotation": 90, "texture": "#9"},
				"south": {"uv": [0, 0, 2, 1], "rotation": 90, "texture": "#9"},
				"west": {"uv": [0, 0, 2, 1], "rotation": 90, "texture": "#9"},
				"up": {"uv": [0, 0, 2, 1], "rotation": 90, "texture": "#9"},
				"down": {"uv": [0, 0, 2, 1], "rotation": 90, "texture": "#9"}
			}
		},
		{
			"from": [-5, 0, -3],
			"to": [-4, 2, -2],
			"faces": {
				"north": {"uv": [0, 0, 2, 1], "rotation": 90, "texture": "#9"},
				"east": {"uv": [0, 0, 2, 1], "rotation": 90, "texture": "#9"},
				"south": {"uv": [0, 0, 2, 1], "rotation": 90, "texture": "#9"},
				"west": {"uv": [0, 0, 2, 1], "rotation": 90, "texture": "#9"},
				"up": {"uv": [0, 0, 2, 1], "rotation": 90, "texture": "#9"},
				"down": {"uv": [0, 0, 2, 1], "rotation": 90, "texture": "#9"}
			}
		},
		{
			"from": [-6, 2, -3],
			"to": [-5, 3, -2],
			"faces": {
				"north": {"uv": [0, 0, 1, 1], "texture": "#9"},
				"east": {"uv": [0, 0, 1, 1], "texture": "#9"},
				"south": {"uv": [0, 0, 1, 1], "texture": "#9"},
				"west": {"uv": [0, 0, 1, 1], "texture": "#9"},
				"up": {"uv": [0, 0, 1, 1], "texture": "#9"},
				"down": {"uv": [0, 0, 1, 1], "texture": "#9"}
			}
		},
		{
			"from": [-14, 2, -3],
			"to": [-13, 3, -2],
			"faces": {
				"north": {"uv": [0, 0, 1, 1], "texture": "#9"},
				"east": {"uv": [0, 0, 1, 1], "texture": "#9"},
				"south": {"uv": [0, 0, 1, 1], "texture": "#9"},
				"west": {"uv": [0, 0, 1, 1], "texture": "#9"},
				"up": {"uv": [0, 0, 1, 1], "texture": "#9"},
				"down": {"uv": [0, 0, 1, 1], "texture": "#9"}
			}
		},
		{
			"from": [-13, 3, -3],
			"to": [-11, 4, -2],
			"faces": {
				"north": {"uv": [0, 0, 2, 1], "texture": "#9"},
				"east": {"uv": [0, 0, 2, 1], "texture": "#9"},
				"south": {"uv": [0, 0, 2, 1], "texture": "#9"},
				"west": {"uv": [0, 0, 2, 1], "texture": "#9"},
				"up": {"uv": [0, 0, 2, 1], "texture": "#9"},
				"down": {"uv": [0, 0, 2, 1], "texture": "#9"}
			}
		},
		{
			"from": [-11, 4, -3],
			"to": [-8, 5, -2],
			"faces": {
				"north": {"uv": [0, 0, 3, 1], "texture": "#9"},
				"east": {"uv": [0, 0, 3, 1], "texture": "#9"},
				"south": {"uv": [0, 0, 3, 1], "texture": "#9"},
				"west": {"uv": [0, 0, 3, 1], "texture": "#9"},
				"up": {"uv": [0, 0, 3, 1], "texture": "#9"},
				"down": {"uv": [0, 0, 3, 1], "texture": "#9"}
			}
		},
		{
			"from": [-8, 3, -3],
			"to": [-6, 4, -2],
			"faces": {
				"north": {"uv": [0, 0, 2, 1], "texture": "#9"},
				"east": {"uv": [0, 0, 2, 1], "texture": "#9"},
				"south": {"uv": [0, 0, 2, 1], "texture": "#9"},
				"west": {"uv": [0, 0, 2, 1], "texture": "#9"},
				"up": {"uv": [0, 0, 2, 1], "texture": "#9"},
				"down": {"uv": [0, 0, 2, 1], "texture": "#9"}
			}
		},
		{
			"from": [-16, -3, -3],
			"to": [-15, 0, -2],
			"faces": {
				"north": {"uv": [0, 0, 1, 3], "rotation": 180, "texture": "#9"},
				"east": {"uv": [0, 0, 1, 3], "rotation": 180, "texture": "#9"},
				"south": {"uv": [0, 0, 1, 3], "rotation": 180, "texture": "#9"},
				"west": {"uv": [0, 0, 1, 3], "rotation": 180, "texture": "#9"},
				"up": {"uv": [0, 0, 1, 3], "rotation": 180, "texture": "#9"},
				"down": {"uv": [0, 0, 1, 3], "rotation": 180, "texture": "#9"}
			}
		},
		{
			"from": [-4, -3, -3],
			"to": [-3, 0, -2],
			"faces": {
				"north": {"uv": [0, 0, 1, 3], "rotation": 180, "texture": "#9"},
				"east": {"uv": [0, 0, 1, 3], "rotation": 180, "texture": "#9"},
				"south": {"uv": [0, 0, 1, 3], "rotation": 180, "texture": "#9"},
				"west": {"uv": [0, 0, 1, 3], "rotation": 180, "texture": "#9"},
				"up": {"uv": [0, 0, 1, 3], "rotation": 180, "texture": "#9"},
				"down": {"uv": [0, 0, 1, 3], "rotation": 180, "texture": "#9"}
			}
		},
		{
			"from": [-5, -5, -3],
			"to": [-4, -3, -2],
			"faces": {
				"north": {"uv": [0, 0, 2, 1], "rotation": 270, "texture": "#9"},
				"east": {"uv": [0, 0, 2, 1], "rotation": 270, "texture": "#9"},
				"south": {"uv": [0, 0, 2, 1], "rotation": 270, "texture": "#9"},
				"west": {"uv": [0, 0, 2, 1], "rotation": 270, "texture": "#9"},
				"up": {"uv": [0, 0, 2, 1], "rotation": 270, "texture": "#9"},
				"down": {"uv": [0, 0, 2, 1], "rotation": 270, "texture": "#9"}
			}
		},
		{
			"from": [-15, -5, -3],
			"to": [-14, -3, -2],
			"faces": {
				"north": {"uv": [0, 0, 2, 1], "rotation": 270, "texture": "#9"},
				"east": {"uv": [0, 0, 2, 1], "rotation": 270, "texture": "#9"},
				"south": {"uv": [0, 0, 2, 1], "rotation": 270, "texture": "#9"},
				"west": {"uv": [0, 0, 2, 1], "rotation": 270, "texture": "#9"},
				"up": {"uv": [0, 0, 2, 1], "rotation": 270, "texture": "#9"},
				"down": {"uv": [0, 0, 2, 1], "rotation": 270, "texture": "#9"}
			}
		},
		{
			"from": [-14, -6, -3],
			"to": [-13, -5, -2],
			"faces": {
				"north": {"uv": [0, 0, 1, 1], "rotation": 180, "texture": "#9"},
				"east": {"uv": [0, 0, 1, 1], "rotation": 180, "texture": "#9"},
				"south": {"uv": [0, 0, 1, 1], "rotation": 180, "texture": "#9"},
				"west": {"uv": [0, 0, 1, 1], "rotation": 180, "texture": "#9"},
				"up": {"uv": [0, 0, 1, 1], "rotation": 180, "texture": "#9"},
				"down": {"uv": [0, 0, 1, 1], "rotation": 180, "texture": "#9"}
			}
		},
		{
			"from": [-6, -6, -3],
			"to": [-5, -5, -2],
			"faces": {
				"north": {"uv": [0, 0, 1, 1], "rotation": 180, "texture": "#9"},
				"east": {"uv": [0, 0, 1, 1], "rotation": 180, "texture": "#9"},
				"south": {"uv": [0, 0, 1, 1], "rotation": 180, "texture": "#9"},
				"west": {"uv": [0, 0, 1, 1], "rotation": 180, "texture": "#9"},
				"up": {"uv": [0, 0, 1, 1], "rotation": 180, "texture": "#9"},
				"down": {"uv": [0, 0, 1, 1], "rotation": 180, "texture": "#9"}
			}
		},
		{
			"from": [-8, -7, -3],
			"to": [-6, -6, -2],
			"faces": {
				"north": {"uv": [0, 0, 2, 1], "rotation": 180, "texture": "#9"},
				"east": {"uv": [0, 0, 2, 1], "rotation": 180, "texture": "#9"},
				"south": {"uv": [0, 0, 2, 1], "rotation": 180, "texture": "#9"},
				"west": {"uv": [0, 0, 2, 1], "rotation": 180, "texture": "#9"},
				"up": {"uv": [0, 0, 2, 1], "rotation": 180, "texture": "#9"},
				"down": {"uv": [0, 0, 2, 1], "rotation": 180, "texture": "#9"}
			}
		},
		{
			"from": [-11, -8, -3],
			"to": [-8, -7, -2],
			"faces": {
				"north": {"uv": [0, 0, 3, 1], "rotation": 180, "texture": "#9"},
				"east": {"uv": [0, 0, 3, 1], "rotation": 180, "texture": "#9"},
				"south": {"uv": [0, 0, 3, 1], "rotation": 180, "texture": "#9"},
				"west": {"uv": [0, 0, 3, 1], "rotation": 180, "texture": "#9"},
				"up": {"uv": [0, 0, 3, 1], "rotation": 180, "texture": "#9"},
				"down": {"uv": [0, 0, 3, 1], "rotation": 180, "texture": "#9"}
			}
		},
		{
			"from": [-13, -7, -3],
			"to": [-11, -6, -2],
			"faces": {
				"north": {"uv": [0, 0, 2, 1], "rotation": 180, "texture": "#9"},
				"east": {"uv": [0, 0, 2, 1], "rotation": 180, "texture": "#9"},
				"south": {"uv": [0, 0, 2, 1], "rotation": 180, "texture": "#9"},
				"west": {"uv": [0, 0, 2, 1], "rotation": 180, "texture": "#9"},
				"up": {"uv": [0, 0, 2, 1], "rotation": 180, "texture": "#9"},
				"down": {"uv": [0, 0, 2, 1], "rotation": 180, "texture": "#9"}
			}
		},
		{
			"from": [-15, -2, -3],
			"to": [-4, -1, -2],
			"faces": {
				"north": {"uv": [0, 0, 11, 1], "texture": "#9"},
				"east": {"uv": [0, 0, 11, 1], "texture": "#9"},
				"south": {"uv": [0, 0, 11, 1], "texture": "#9"},
				"west": {"uv": [0, 0, 11, 1], "texture": "#9"},
				"up": {"uv": [0, 0, 11, 1], "texture": "#9"},
				"down": {"uv": [0, 0, 11, 1], "texture": "#9"}
			}
		},
		{
			"from": [-10, -7, -3],
			"to": [-9, 4, -2],
			"rotation": {"angle": 45, "axis": "z", "origin": [-9.5, -1.5, -2.5]},
			"faces": {
				"north": {"uv": [0, 0, 11, 1], "rotation": 90, "texture": "#9"},
				"east": {"uv": [0, 0, 11, 1], "rotation": 90, "texture": "#9"},
				"south": {"uv": [0, 0, 11, 1], "rotation": 90, "texture": "#9"},
				"west": {"uv": [0, 0, 11, 1], "rotation": 90, "texture": "#9"},
				"up": {"uv": [0, 0, 11, 1], "rotation": 90, "texture": "#9"},
				"down": {"uv": [0, 0, 11, 1], "rotation": 90, "texture": "#9"}
			}
		},
		{
			"from": [-10, -7, -3],
			"to": [-9, 4, -2],
			"faces": {
				"north": {"uv": [0, 0, 11, 1], "rotation": 90, "texture": "#9"},
				"east": {"uv": [0, 0, 11, 1], "rotation": 90, "texture": "#9"},
				"south": {"uv": [0, 0, 11, 1], "rotation": 90, "texture": "#9"},
				"west": {"uv": [0, 0, 11, 1], "rotation": 90, "texture": "#9"},
				"up": {"uv": [0, 0, 11, 1], "rotation": 90, "texture": "#9"},
				"down": {"uv": [0, 0, 11, 1], "rotation": 90, "texture": "#9"}
			}
		},
		{
			"from": [-10, -7, -3],
			"to": [-9, 4, -2],
			"rotation": {"angle": -45, "axis": "z", "origin": [-9.5, -1.5, -2.5]},
			"faces": {
				"north": {"uv": [0, 0, 11, 1], "rotation": 90, "texture": "#9"},
				"east": {"uv": [0, 0, 11, 1], "rotation": 90, "texture": "#9"},
				"south": {"uv": [0, 0, 11, 1], "rotation": 90, "texture": "#9"},
				"west": {"uv": [0, 0, 11, 1], "rotation": 90, "texture": "#9"},
				"up": {"uv": [0, 0, 11, 1], "rotation": 90, "texture": "#9"},
				"down": {"uv": [0, 0, 11, 1], "rotation": 90, "texture": "#9"}
			}
		},
		{
			"from": [-10, -2, -4],
			"to": [-9, -1, 20],
			"faces": {
				"north": {"uv": [0, 0, 1, 1], "texture": "#9"},
				"east": {"uv": [0, 0, 1, 1], "texture": "#9"},
				"south": {"uv": [0, 0, 1, 1], "texture": "#9"},
				"west": {"uv": [0, 0, 1, 1], "texture": "#9"},
				"up": {"uv": [0, 0, 1, 1], "texture": "#9"},
				"down": {"uv": [0, 0, 1, 1], "texture": "#9"}
			}
		},
		{
			"from": [-16, -3, -3],
			"to": [-15, 0, -2],
			"faces": {
				"north": {"uv": [0, 0, 1, 3], "rotation": 180, "texture": "#9"},
				"east": {"uv": [0, 0, 1, 3], "rotation": 180, "texture": "#9"},
				"south": {"uv": [0, 0, 1, 3], "rotation": 180, "texture": "#9"},
				"west": {"uv": [0, 0, 1, 3], "rotation": 180, "texture": "#9"},
				"up": {"uv": [0, 0, 1, 3], "rotation": 180, "texture": "#9"},
				"down": {"uv": [0, 0, 1, 3], "rotation": 180, "texture": "#9"}
			}
		},
		{
			"from": [20, 21, 0],
			"to": [21, 26, 15],
			"faces": {
				"north": {"uv": [0, 0, 15, 5], "texture": "#2"},
				"east": {"uv": [0, 0, 0.75, 0.75], "texture": "#23"},
				"south": {"uv": [0, 0, 15, 5], "texture": "#2"},
				"west": {"uv": [0, 0, 15, 5], "texture": "#1"},
				"up": {"uv": [0, 0, 15, 5], "texture": "#3"},
				"down": {"uv": [0, 0, 15, 5], "texture": "#2"}
			}
		},
		{
			"from": [5, 21, 0],
			"to": [6, 26, 15],
			"faces": {
				"north": {"uv": [0, 0, 15, 5], "texture": "#2"},
				"east": {"uv": [0, 0, 15, 5], "texture": "#1"},
				"south": {"uv": [0, 0, 15, 5], "texture": "#2"},
				"west": {"uv": [0, 0, 15, 5], "texture": "#4"},
				"up": {"uv": [0, 0, 15, 5], "texture": "#3"},
				"down": {"uv": [0, 0, 15, 5], "texture": "#2"}
			}
		},
		{
			"from": [5, 21, 15],
			"to": [21, 26, 16],
			"faces": {
				"north": {"uv": [0, 0, 16, 5], "texture": "#1"},
				"east": {"uv": [0, 0, 1, 5], "texture": "#4"},
				"south": {"uv": [0, 0, 0.749, 0.75], "texture": "#23"},
				"west": {"uv": [0, 0, 1, 5], "texture": "#4"},
				"up": {"uv": [0, 0, 16, 1], "texture": "#3"},
				"down": {"uv": [0, 0, 16, 1], "texture": "#missing"}
			}
		},
		{
			"from": [6, 9, -1],
			"to": [7, 21, 0],
			"faces": {
				"north": {"uv": [0, 0, 1, 13], "texture": "#4"},
				"east": {"uv": [0, 0, 1, 13], "texture": "#2"},
				"south": {"uv": [0, 0, 1, 13], "texture": "#2"},
				"west": {"uv": [0, 0, 1, 13], "texture": "#4"},
				"up": {"uv": [0, 0, 1, 13], "texture": "#2"},
				"down": {"uv": [0, 0, 1, 13], "texture": "#2"}
			}
		},
		{
			"from": [7, 9, -1],
			"to": [19, 10, 0],
			"faces": {
				"north": {"uv": [0, 0, 12, 1], "texture": "#4"},
				"east": {"uv": [0, 0, 12, 1], "texture": "#1"},
				"south": {"uv": [0, 0, 12, 1], "texture": "#1"},
				"west": {"uv": [0, 0, 12, 1], "texture": "#1"},
				"up": {"uv": [0, 0, 12, 1], "texture": "#1"},
				"down": {"uv": [0, 0, 12, 1], "texture": "#1"}
			}
		},
		{
			"from": [6, 9, 0],
			"to": [7, 10, 15],
			"faces": {
				"north": {"uv": [0, 0, 1, 1], "texture": "#missing"},
				"east": {"uv": [0, 0, 15, 1], "texture": "#1"},
				"south": {"uv": [0, 0, 1, 1], "texture": "#missing"},
				"west": {"uv": [0, 0, 15, 1], "texture": "#4"},
				"up": {"uv": [0, 0, 1, 15], "texture": "#1"},
				"down": {"uv": [0, 0, 1, 15], "texture": "#missing"}
			}
		},
		{
			"from": [19, 20, 1],
			"to": [20, 21, 13],
			"faces": {
				"north": {"uv": [0, 0, 1, 1], "texture": "#missing"},
				"east": {"uv": [0, 0, 12, 1], "texture": "#2"},
				"south": {"uv": [0, 0, 1, 1], "texture": "#missing"},
				"west": {"uv": [0, 0, 12, 1], "texture": "#1"},
				"up": {"uv": [0, 0, 1, 12], "texture": "#missing"},
				"down": {"uv": [0, 0, 1, 12], "texture": "#2"}
			}
		},
		{
			"from": [19, 9, 13],
			"to": [21, 21, 16],
			"faces": {
				"north": {"uv": [0, 0, 1, 12], "texture": "#2"},
				"east": {"uv": [0, 0, 1, 12], "texture": "#4"},
				"south": {"uv": [0, 0, 1, 12], "texture": "#4"},
				"west": {"uv": [0, 0, 1, 12], "texture": "#1"},
				"up": {"uv": [0, 0, 1, 12], "texture": "#1"},
				"down": {"uv": [0, 0, 1, 12], "texture": "#1"}
			}
		},
		{
			"from": [21, 5, -1],
			"to": [24, 10, 16],
			"faces": {
				"north": {"uv": [0, 0, 3, 5], "texture": "#4"},
				"east": {"uv": [0, 0, 3, 5], "texture": "#4"},
				"south": {"uv": [0, 0, 3, 5], "texture": "#4"},
				"west": {"uv": [0, 0, 3, 5], "texture": "#1"},
				"up": {"uv": [0, 0, 3, 5], "texture": "#4"},
				"down": {"uv": [0, 0, 3, 5], "texture": "#2"}
			}
		},
		{
			"from": [21, 4, -1],
			"to": [24, 5, 16],
			"faces": {
				"north": {"uv": [0, 0, 16, 1], "texture": "#4"},
				"east": {"uv": [0, 0, 16, 1], "texture": "#4"},
				"south": {"uv": [0, 0, 16, 1], "texture": "#4"},
				"west": {"uv": [0, 0, 16, 1], "texture": "#2"},
				"up": {"uv": [0, 0, 16, 1], "texture": "#2"},
				"down": {"uv": [0, 0, 16, 1], "texture": "#4"}
			}
		},
		{
			"from": [6, 20, 15],
			"to": [19, 21, 16],
			"faces": {
				"north": {"uv": [0, 0, 13, 1], "texture": "#1"},
				"east": {"uv": [0, 0, 13, 1], "texture": "#1"},
				"south": {"uv": [0, 0, 13, 1], "texture": "#4"},
				"west": {"uv": [0, 0, 13, 1], "texture": "#4"},
				"up": {"uv": [0, 0, 13, 1], "texture": "#1"},
				"down": {"uv": [0, 0, 13, 1], "texture": "#1"}
			}
		},
		{
			"from": [20, 10, -1],
			"to": [24, 12, 16],
			"rotation": {"angle": -45, "axis": "z", "origin": [21.5, 11.5, 15.5]},
			"faces": {
				"north": {"uv": [0, 0, 4, 2], "rotation": 180, "texture": "#4"},
				"east": {"uv": [0, 0, 4, 2], "rotation": 180, "texture": "#2"},
				"south": {"uv": [0, 0, 4, 2], "rotation": 180, "texture": "#4"},
				"west": {"uv": [0, 0, 4, 2], "rotation": 180, "texture": "#1"},
				"up": {"uv": [0, 0, 4, 2], "rotation": 180, "texture": "#4"},
				"down": {"uv": [0, 0, 4, 2], "rotation": 180, "texture": "#1"}
			}
		},
		{
			"from": [7, 9, 15],
			"to": [20, 10, 16],
			"faces": {
				"north": {"uv": [0, 0, 13, 1], "texture": "#1"},
				"east": {"uv": [0, 0, 13, 1], "texture": "#1"},
				"south": {"uv": [0, 0, 13, 1], "texture": "#4"},
				"west": {"uv": [0, 0, 13, 1], "texture": "#1"},
				"up": {"uv": [0, 0, 13, 1], "texture": "#1"},
				"down": {"uv": [0, 0, 13, 1], "texture": "#1"}
			}
		},
		{
			"from": [19, 9, -1],
			"to": [21, 21, 1],
			"faces": {
				"north": {"uv": [0, 0, 1, 12], "texture": "#4"},
				"east": {"uv": [0, 0, 1, 12], "texture": "#4"},
				"south": {"uv": [0, 0, 1, 12], "texture": "#1"},
				"west": {"uv": [0, 0, 1, 12], "texture": "#2"},
				"up": {"uv": [0, 0, 1, 12], "texture": "#2"},
				"down": {"uv": [0, 0, 1, 12], "texture": "#2"}
			}
		},
		{
			"from": [6, 9, 15],
			"to": [7, 20, 16],
			"faces": {
				"north": {"uv": [0, 0, 1, 12], "texture": "#1"},
				"east": {"uv": [0, 0, 1, 12], "texture": "#1"},
				"south": {"uv": [0, 0, 1, 12], "texture": "#4"},
				"west": {"uv": [0, 0, 1, 12], "texture": "#4"},
				"up": {"uv": [0, 0, 1, 12], "texture": "#1"},
				"down": {"uv": [0, 0, 1, 12], "texture": "#1"}
			}
		},
		{
			"from": [5, 21, -1],
			"to": [21, 26, 0],
			"faces": {
				"north": {"uv": [0, 0, 0.749, 0.75], "texture": "#23"},
				"east": {"uv": [0, 0, 1, 5], "texture": "#4"},
				"south": {"uv": [0, 0, 16, 5], "texture": "#1"},
				"west": {"uv": [0, 0, 1, 5], "texture": "#4"},
				"up": {"uv": [0, 0, 16, 1], "texture": "#3"},
				"down": {"uv": [0, 0, 16, 1], "texture": "#2"}
			}
		},
		{
			"from": [-13, 0, 0],
			"to": [12, 4, 16],
			"faces": {
				"north": {"uv": [0, 0, 0, 0], "texture": "#4"},
				"east": {"uv": [0, 0, 0, 0], "texture": "#4"},
				"south": {"uv": [0, 0, 0, 0], "texture": "#4"},
				"west": {"uv": [0, 0, 0, 0], "texture": "#4"},
				"up": {"uv": [0, 0, 0, 0], "texture": "#4"},
				"down": {"uv": [0, 0, 0, 0], "texture": "#4"}
			}
		},
		{
			"from": [-15, 25, 8],
			"to": [22, 26, 21],
			"rotation": {"angle": 22.5, "axis": "x", "origin": [3.5, 29.5, 18.5]},
			"faces": {
				"north": {"uv": [0, 0, 16, 1], "rotation": 180, "texture": "#missing"},
				"east": {"uv": [0, 0, 1, 13], "rotation": 270, "texture": "#20"},
				"south": {"uv": [0, 0, 16, 1], "texture": "#20"},
				"west": {"uv": [0, 0, 1, 13], "rotation": 90, "texture": "#20"},
				"up": {"uv": [0, 0, 16, 13], "rotation": 180, "texture": "#4"},
				"down": {"uv": [0, 0, 16, 13], "texture": "#3"}
			}
		},
		{
			"from": [-13, 9, -1],
			"to": [-12, 27, 0],
			"faces": {
				"north": {"uv": [0, 0, 1, 16], "texture": "#1"},
				"east": {"uv": [0, 0, 1, 16], "texture": "#1"},
				"south": {"uv": [0, 0, 1, 16], "texture": "#1"},
				"west": {"uv": [0, 0, 1, 16], "texture": "#1"},
				"up": {"uv": [0, 0, 1, 16], "texture": "#1"},
				"down": {"uv": [0, 0, 1, 16], "texture": "#1"}
			}
		},
		{
			"from": [-15, 25, -6],
			"to": [22, 26, 7],
			"rotation": {"angle": -22.5, "axis": "x", "origin": [2.5, 29.5, -3.5]},
			"faces": {
				"north": {"uv": [0, 0, 16, 13], "rotation": 180, "texture": "#20"},
				"east": {"uv": [0, 0, 16, 13], "rotation": 180, "texture": "#20"},
				"south": {"uv": [0, 0, 16, 13], "rotation": 180, "texture": "#4"},
				"west": {"uv": [0, 0, 16, 13], "rotation": 180, "texture": "#20"},
				"up": {"uv": [0, 0, 16, 13], "rotation": 180, "texture": "#4"},
				"down": {"uv": [0, 0, 16, 15.999], "rotation": 180, "texture": "#3"}
			}
		},
		{
			"from": [-13, 9, 15],
			"to": [-12, 27, 16],
			"faces": {
				"north": {"uv": [0, 0, 1, 16], "texture": "#1"},
				"east": {"uv": [0, 0, 1, 16], "texture": "#1"},
				"south": {"uv": [0, 0, 1, 16], "texture": "#1"},
				"west": {"uv": [0, 0, 1, 16], "texture": "#1"},
				"up": {"uv": [0, 0, 1, 16], "texture": "#1"},
				"down": {"uv": [0, 0, 1, 16], "texture": "#1"}
			}
		},
		{
			"from": [1, 10, 16],
			"to": [4, 11, 17],
			"faces": {
				"north": {"uv": [0, 0, 5, 1], "texture": "#25"},
				"east": {"uv": [0, 0, 5, 1], "texture": "#25"},
				"south": {"uv": [0, 0, 5, 1], "texture": "#25"},
				"west": {"uv": [0, 0, 5, 1], "texture": "#25"},
				"up": {"uv": [0, 0, 5, 1], "texture": "#25"},
				"down": {"uv": [0, 0, 5, 1], "texture": "#25"}
			}
		},
		{
			"from": [-9, 9, 0],
			"to": [-1, 10, 5],
			"faces": {
				"north": {"uv": [0, 0, 7, 5], "texture": "#12"},
				"east": {"uv": [0, 0, 7, 5], "texture": "#12"},
				"south": {"uv": [0, 0, 7, 5], "texture": "#12"},
				"west": {"uv": [0, 0, 7, 5], "texture": "#12"},
				"up": {"uv": [0, 0, 7, 5], "texture": "#12"},
				"down": {"uv": [0, 0, 7, 5], "texture": "#12"}
			}
		},
		{
			"from": [-6, 12, 3],
			"to": [-4, 13, 4],
			"faces": {
				"north": {"uv": [0, 0, 1, 1], "texture": "#12"},
				"east": {"uv": [0, 0, 1, 1], "texture": "#12"},
				"south": {"uv": [0, 0, 1, 1], "texture": "#12"},
				"west": {"uv": [0, 0, 1, 1], "texture": "#12"},
				"up": {"uv": [0, 0, 1, 1], "texture": "#12"},
				"down": {"uv": [0, 0, 1, 1], "texture": "#12"}
			}
		},
		{
			"from": [-8, 10, 3],
			"to": [-2, 12, 4],
			"faces": {
				"north": {"uv": [0, 0, 5, 2], "texture": "#12"},
				"east": {"uv": [0, 0, 5, 2], "texture": "#12"},
				"south": {"uv": [0, 0, 5, 2], "texture": "#12"},
				"west": {"uv": [0, 0, 5, 2], "texture": "#12"},
				"up": {"uv": [0, 0, 5, 2], "texture": "#12"},
				"down": {"uv": [0, 0, 5, 2], "texture": "#12"}
			}
		},
		{
			"from": [-10, 11, 2],
			"to": [0, 17, 3],
			"faces": {
				"north": {"uv": [6.999, 11, 15.999, 15.999], "texture": "#14"},
				"east": {"uv": [0, 0, 9, 5], "texture": "#12"},
				"south": {"uv": [0, 0, 9, 5], "texture": "#12"},
				"west": {"uv": [0, 0, 9, 5], "texture": "#12"},
				"up": {"uv": [0, 0, 9, 5], "texture": "#12"},
				"down": {"uv": [0, 0, 9, 5], "texture": "#12"}
			}
		},
		{
			"from": [-10, 5, 1],
			"to": [-9, 6, 2],
			"color": 7,
			"faces": {
				"north": {"uv": [0, 0, 1, 1], "texture": "#missing"},
				"east": {"uv": [0, 0, 1, 1], "texture": "#missing"},
				"south": {"uv": [0, 0, 1, 1], "texture": "#missing"},
				"west": {"uv": [0, 0, 1, 1], "texture": "#missing"},
				"up": {"uv": [0, 0, 1, 1], "texture": "#missing"},
				"down": {"uv": [0, 0, 1, 1], "texture": "#missing"}
			}
		},
		{
			"from": [-12, 9, 2],
			"to": [-10, 10, 4],
			"faces": {
				"north": {"uv": [0, 0, 2, 2], "texture": "#15"},
				"east": {"uv": [0, 0, 2, 2], "texture": "#15"},
				"south": {"uv": [0, 0, 2, 2], "texture": "#15"},
				"west": {"uv": [0, 0, 2, 2], "texture": "#15"},
				"up": {"uv": [0, 0, 2, 2], "texture": "#15"},
				"down": {"uv": [0, 0, 2, 2], "texture": "#15"}
			}
		},
		{
			"from": [7, 10, -1],
			"to": [19, 21, -1],
			"faces": {
				"north": {"uv": [0, 0, 15.999, 15.999], "texture": "#7"},
				"east": {"uv": [0, 0, 12, 11], "texture": "#7"},
				"south": {"uv": [0, 0, 12, 11], "texture": "#7"},
				"west": {"uv": [0, 0, 12, 11], "texture": "#7"},
				"up": {"uv": [0, 0, 12, 11], "texture": "#7"},
				"down": {"uv": [0, 0, 12, 11], "texture": "#7"}
			}
		},
		{
			"from": [21, 12, 1],
			"to": [21, 21, 13],
			"faces": {
				"north": {"uv": [0, 0, 12, 9], "texture": "#7"},
				"east": {"uv": [0, 0, 15.999, 15.999], "texture": "#7"},
				"south": {"uv": [0, 0, 12, 9], "texture": "#7"},
				"west": {"uv": [0, 0, 12, 9], "texture": "#7"},
				"up": {"uv": [0, 0, 12, 9], "texture": "#7"},
				"down": {"uv": [0, 0, 12, 9], "texture": "#7"}
			}
		},
		{
			"from": [7, 10, 16],
			"to": [19, 20, 16],
			"faces": {
				"north": {"uv": [0, 0, 12, 10], "texture": "#7"},
				"east": {"uv": [0, 0, 12, 10], "texture": "#7"},
				"south": {"uv": [0, 0, 15.999, 15.999], "texture": "#7"},
				"west": {"uv": [0, 0, 12, 10], "texture": "#7"},
				"up": {"uv": [0, 0, 12, 10], "texture": "#7"},
				"down": {"uv": [0, 0, 12, 10], "texture": "#7"}
			}
		},
		{
			"from": [6, 10, 7],
			"to": [7, 21, 8],
			"faces": {
				"north": {"uv": [0, 0, 1, 11], "texture": "#2"},
				"east": {"uv": [0, 0, 1, 11], "texture": "#2"},
				"south": {"uv": [0, 0, 1, 11], "texture": "#2"},
				"west": {"uv": [0, 0, 1, 11], "texture": "#2"},
				"up": {"uv": [0, 0, 1, 11], "texture": "#2"},
				"down": {"uv": [0, 0, 1, 11], "texture": "#2"}
			}
		},
		{
			"from": [13, 20, 5],
			"to": [18, 20, 11],
			"faces": {
				"north": {"uv": [0, 0, 6, 5], "rotation": 270, "texture": "#2"},
				"east": {"uv": [0, 0, 6, 5], "rotation": 270, "texture": "#2"},
				"south": {"uv": [0, 0, 6, 5], "rotation": 270, "texture": "#2"},
				"west": {"uv": [0, 0, 6, 5], "rotation": 270, "texture": "#2"},
				"up": {"uv": [0, 0, 6, 5], "rotation": 270, "texture": "#19"},
				"down": {"uv": [0, 0, 6, 5], "rotation": 270, "texture": "#2"}
			}
		},
		{
			"from": [13, 16, 6],
			"to": [18, 20, 10],
			"faces": {
				"north": {"uv": [0, 0, 4, 4], "texture": "#19"},
				"east": {"uv": [0, 0, 4, 4], "texture": "#19"},
				"south": {"uv": [0, 0, 4, 4], "texture": "#19"},
				"west": {"uv": [0, 0, 4, 4], "texture": "#19"},
				"up": {"uv": [0, 0, 4, 4], "texture": "#19"},
				"down": {"uv": [0, 0, 4, 4], "texture": "#19"}
			}
		},
		{
			"from": [18, 18, 8],
			"to": [19, 23, 9],
			"faces": {
				"north": {"uv": [0, 0, 1, 5], "texture": "#19"},
				"east": {"uv": [0, 0, 1, 5], "texture": "#19"},
				"south": {"uv": [0, 0, 1, 5], "texture": "#19"},
				"west": {"uv": [0, 0, 1, 5], "texture": "#19"},
				"up": {"uv": [0, 0, 1, 5], "texture": "#19"},
				"down": {"uv": [0, 0, 1, 5], "texture": "#19"}
			}
		},
		{
			"from": [12, 18, 8],
			"to": [13, 23, 9],
			"faces": {
				"north": {"uv": [0, 0, 1, 5], "rotation": 270, "texture": "#19"},
				"east": {"uv": [0, 0, 1, 5], "texture": "#19"},
				"south": {"uv": [0, 0, 1, 5], "texture": "#19"},
				"west": {"uv": [0, 0, 1, 5], "texture": "#19"},
				"up": {"uv": [0, 0, 1, 5], "texture": "#19"},
				"down": {"uv": [0, 0, 1, 5], "texture": "#19"}
			}
		},
		{
			"from": [12, 23, 8],
			"to": [19, 24, 9],
			"faces": {
				"north": {"uv": [0, 0, 7, 1], "texture": "#19"},
				"east": {"uv": [0, 0, 7, 1], "texture": "#19"},
				"south": {"uv": [0, 0, 7, 1], "texture": "#19"},
				"west": {"uv": [0, 0, 7, 1], "texture": "#19"},
				"up": {"uv": [0, 0, 7, 1], "texture": "#19"},
				"down": {"uv": [0, 0, 7, 1], "texture": "#19"}
			}
		},
		{
			"from": [3, 9, 11],
			"to": [5, 13, 13],
			"faces": {
				"north": {"uv": [2, 5.75, 3.5, 13.497], "texture": "#10"},
				"east": {"uv": [2, 5.75, 3.5, 13.497], "texture": "#10"},
				"south": {"uv": [2, 5.75, 3.5, 13.497], "texture": "#10"},
				"west": {"uv": [2, 5.75, 3.5, 13.497], "texture": "#10"},
				"up": {"uv": [2, 5.75, 3.5, 13.497], "texture": "#4"},
				"down": {"uv": [2, 5.75, 3.5, 13.497], "texture": "#10"}
			}
		},
		{
			"from": [1, 9, 9],
			"to": [3, 13, 11],
			"faces": {
				"north": {"uv": [2, 5.75, 3.5, 13.497], "texture": "#10"},
				"east": {"uv": [2, 5.75, 3.5, 13.497], "texture": "#10"},
				"south": {"uv": [2, 5.75, 3.5, 13.497], "texture": "#10"},
				"west": {"uv": [2, 5.75, 3.5, 13.497], "texture": "#10"},
				"up": {"uv": [2, 5.75, 3.5, 13.497], "texture": "#4"},
				"down": {"uv": [2, 5.75, 3.5, 13.497], "texture": "#10"}
			}
		},
		{
			"from": [0, 9, 11],
			"to": [2, 13, 13],
			"faces": {
				"north": {"uv": [2, 5.75, 3.5, 13.497], "texture": "#10"},
				"east": {"uv": [2, 5.75, 3.5, 13.497], "texture": "#10"},
				"south": {"uv": [2, 5.75, 3.5, 13.497], "texture": "#10"},
				"west": {"uv": [2, 5.75, 3.5, 13.497], "texture": "#10"},
				"up": {"uv": [2, 5.75, 3.5, 13.497], "texture": "#4"},
				"down": {"uv": [2, 5.75, 3.5, 13.497], "texture": "#10"}
			}
		},
		{
			"from": [0, 9, 13],
			"to": [5, 12, 16],
			"faces": {
				"north": {"uv": [0, 0, 5, 3], "texture": "#9"},
				"east": {"uv": [0, 0, 5, 3], "texture": "#9"},
				"south": {"uv": [0, 0, 5, 3], "texture": "#9"},
				"west": {"uv": [0, 0, 5, 3], "texture": "#9"},
				"up": {"uv": [0, 0, 5, 3], "texture": "#9"},
				"down": {"uv": [0, 0, 5, 3], "texture": "#9"}
			}
		},
		{
			"from": [-15, 25, -6],
			"to": [22, 26, 7],
			"rotation": {"angle": -22.5, "axis": "x", "origin": [2.5, 29.5, -3.5]},
			"faces": {
				"north": {"uv": [0, 0, 16, 13], "rotation": 180, "texture": "#20"},
				"east": {"uv": [0, 0, 16, 13], "rotation": 180, "texture": "#20"},
				"south": {"uv": [0, 0, 16, 13], "rotation": 180, "texture": "#4"},
				"west": {"uv": [0, 0, 16, 13], "rotation": 180, "texture": "#20"},
				"up": {"uv": [0, 0, 16, 13], "rotation": 180, "texture": "#4"},
				"down": {"uv": [0, 0, 16, 13], "rotation": 180, "texture": "#missing"}
			}
		},
		{
			"from": [-15, 25, -6],
			"to": [22, 26, 7],
			"rotation": {"angle": -22.5, "axis": "x", "origin": [2.5, 29.5, -3.5]},
			"faces": {
				"north": {"uv": [0, 0, 16, 13], "rotation": 180, "texture": "#20"},
				"east": {"uv": [0, 0, 16, 13], "rotation": 180, "texture": "#20"},
				"south": {"uv": [0, 0, 16, 13], "rotation": 180, "texture": "#4"},
				"west": {"uv": [0, 0, 16, 13], "rotation": 180, "texture": "#20"},
				"up": {"uv": [0, 0, 16, 13], "rotation": 180, "texture": "#4"},
				"down": {"uv": [0, 0, 16, 15.999], "rotation": 180, "texture": "#3"}
			}
		},
		{
			"from": [-13, 4, -1],
			"to": [21, 9, 16],
			"faces": {
				"north": {"uv": [0, 0, 0.999, 0.999], "texture": "#26"},
				"east": {"uv": [0, 0, 16, 16], "texture": "#2"},
				"south": {"uv": [0, 0, 1.999, 0.999], "texture": "#26"},
				"west": {"uv": [0, 0, 0.999, 0.999], "texture": "#4"},
				"up": {"uv": [6.25, 4, 7.249, 4.999], "texture": "#8"},
				"down": {"uv": [0, 0, 16, 16], "texture": "#4"}
			}
		},
		{
			"from": [6, 10, 0],
			"to": [7, 21, 7],
			"faces": {
				"north": {"uv": [0, 0, 1, 11], "texture": "#7"},
				"east": {"uv": [0, 0, 15.999, 15.999], "texture": "#7"},
				"south": {"uv": [0, 0, 1, 11], "texture": "#7"},
				"west": {"uv": [0, 0, 15.999, 15.998], "texture": "#7"},
				"up": {"uv": [0, 0, 1, 11], "texture": "#7"},
				"down": {"uv": [0, 0, 1, 11], "texture": "#7"}
			}
		},
		{
			"from": [6, 10, 8],
			"to": [7, 21, 15],
			"faces": {
				"north": {"uv": [0, 0, 1, 11], "texture": "#7"},
				"east": {"uv": [0, 0, 15.999, 15.999], "texture": "#7"},
				"south": {"uv": [0, 0, 1, 11], "texture": "#7"},
				"west": {"uv": [0, 0, 15.999, 15.998], "texture": "#7"},
				"up": {"uv": [0, 0, 1, 11], "texture": "#7"},
				"down": {"uv": [0, 0, 1, 11], "texture": "#7"}
			}
		},
		{
			"from": [-11, -3, 7],
			"to": [-10, 0, 8],
			"faces": {
				"north": {"uv": [0, 0, 1, 3], "texture": "#20"},
				"east": {"uv": [0, 0, 1, 3], "texture": "#20"},
				"south": {"uv": [0, 0, 1, 3], "texture": "#20"},
				"west": {"uv": [0, 0, 1, 3], "texture": "#20"},
				"up": {"uv": [0, 0, 1, 3], "texture": "#20"},
				"down": {"uv": [0, 0, 1, 3], "texture": "#20"}
			}
		},
		{
			"from": [-9, -3, 7],
			"to": [-8, 0, 8],
			"faces": {
				"north": {"uv": [0, 0, 1, 3], "texture": "#20"},
				"east": {"uv": [0, 0, 1, 3], "texture": "#20"},
				"south": {"uv": [0, 0, 1, 3], "texture": "#20"},
				"west": {"uv": [0, 0, 1, 3], "texture": "#20"},
				"up": {"uv": [0, 0, 1, 3], "texture": "#20"},
				"down": {"uv": [0, 0, 1, 3], "texture": "#20"}
			}
		},
		{
			"from": [-10, -1, 7],
			"to": [-9, 0, 8],
			"faces": {
				"north": {"uv": [0, 0, 1, 1], "texture": "#20"},
				"east": {"uv": [0, 0, 1, 1], "texture": "#20"},
				"south": {"uv": [0, 0, 1, 1], "texture": "#20"},
				"west": {"uv": [0, 0, 1, 1], "texture": "#20"},
				"up": {"uv": [0, 0, 1, 1], "texture": "#20"},
				"down": {"uv": [0, 0, 1, 1], "texture": "#20"}
			}
		},
		{
			"from": [-10, -3, 7],
			"to": [-9, -2, 8],
			"faces": {
				"north": {"uv": [0, 0, 1, 1], "texture": "#20"},
				"east": {"uv": [0, 0, 1, 1], "texture": "#20"},
				"south": {"uv": [0, 0, 1, 1], "texture": "#20"},
				"west": {"uv": [0, 0, 1, 1], "texture": "#20"},
				"up": {"uv": [0, 0, 1, 1], "texture": "#20"},
				"down": {"uv": [0, 0, 1, 1], "texture": "#20"}
			}
		},
		{
			"from": [7, 8, 0],
			"to": [23, 10, 14],
			"faces": {
				"north": {"uv": [0, 0, 12, 14], "texture": "#20"},
				"east": {"uv": [0, 0, 12, 14], "texture": "#20"},
				"south": {"uv": [0, 0, 12, 14], "texture": "#20"},
				"west": {"uv": [0, 0, 12, 14], "texture": "#20"},
				"up": {"uv": [2, 2.999, 2.997, 3.997], "texture": "#20"},
				"down": {"uv": [0, 0, 12, 14], "texture": "#20"}
			}
		},
		{
			"from": [7, 10, 0],
			"to": [11, 11, 4],
			"faces": {
				"north": {"uv": [0, 0, 3, 4], "texture": "#20"},
				"east": {"uv": [0, 0, 3, 4], "texture": "#20"},
				"south": {"uv": [0, 0, 3, 4], "texture": "#20"},
				"west": {"uv": [0, 0, 3, 4], "texture": "#20"},
				"up": {"uv": [0, 0, 3, 4], "texture": "#20"},
				"down": {"uv": [0, 0, 3, 4], "texture": "#20"}
			}
		},
		{
			"from": [14, 10, 6],
			"to": [19, 11, 13],
			"faces": {
				"north": {"uv": [0, 0, 5, 1], "texture": "#20"},
				"east": {"uv": [0, 0, 5, 1], "texture": "#20"},
				"south": {"uv": [0, 0, 5, 1], "texture": "#20"},
				"west": {"uv": [0, 0, 5, 1], "texture": "#20"},
				"up": {"uv": [0, 0, 5, 1], "texture": "#20"},
				"down": {"uv": [0, 0, 5, 1], "texture": "#20"}
			}
		},
		{
			"from": [7, 11, 2],
			"to": [8, 12, 3],
			"faces": {
				"north": {"uv": [0, 0, 1, 1], "texture": "#20"},
				"east": {"uv": [0, 0, 1, 1], "texture": "#20"},
				"south": {"uv": [0, 0, 1, 1], "texture": "#20"},
				"west": {"uv": [0, 0, 1, 1], "texture": "#20"},
				"up": {"uv": [0, 0, 1, 1], "texture": "#20"},
				"down": {"uv": [0, 0, 1, 1], "texture": "#20"}
			}
		},
		{
			"from": [12, 10, 2],
			"to": [13, 11, 3],
			"faces": {
				"north": {"uv": [0, 0, 1, 1], "texture": "#20"},
				"east": {"uv": [0, 0, 1, 1], "texture": "#20"},
				"south": {"uv": [0, 0, 1, 1], "texture": "#20"},
				"west": {"uv": [0, 0, 1, 1], "texture": "#20"},
				"up": {"uv": [0, 0, 1, 1], "texture": "#20"},
				"down": {"uv": [0, 0, 1, 1], "texture": "#20"}
			}
		},
		{
			"from": [15, 10, 1],
			"to": [18, 11, 5],
			"faces": {
				"north": {"uv": [0, 0, 1, 1], "texture": "#20"},
				"east": {"uv": [0, 0, 1, 1], "texture": "#20"},
				"south": {"uv": [0, 0, 1, 1], "texture": "#20"},
				"west": {"uv": [0, 0, 1, 1], "texture": "#20"},
				"up": {"uv": [0, 0, 1, 1], "texture": "#20"},
				"down": {"uv": [0, 0, 1, 1], "texture": "#20"}
			}
		},
		{
			"from": [7, 10, 7],
			"to": [10, 11, 11],
			"faces": {
				"north": {"uv": [0, 0, 1, 1], "texture": "#20"},
				"east": {"uv": [0, 0, 1, 1], "texture": "#20"},
				"south": {"uv": [0, 0, 1, 1], "texture": "#20"},
				"west": {"uv": [0, 0, 1, 1], "texture": "#20"},
				"up": {"uv": [0, 0, 1, 1], "texture": "#20"},
				"down": {"uv": [0, 0, 1, 1], "texture": "#20"}
			}
		},
		{
			"from": [16, 11, 10],
			"to": [17, 12, 11],
			"faces": {
				"north": {"uv": [0, 0, 1, 1], "texture": "#20"},
				"east": {"uv": [0, 0, 1, 1], "texture": "#20"},
				"south": {"uv": [0, 0, 1, 1], "texture": "#20"},
				"west": {"uv": [0, 0, 1, 1], "texture": "#20"},
				"up": {"uv": [0, 0, 1, 1], "texture": "#20"},
				"down": {"uv": [0, 0, 1, 1], "texture": "#20"}
			}
		},
		{
			"from": [-15, 26, 7],
			"to": [-14, 27, 8],
			"rotation": {"angle": 22.5, "axis": "x", "origin": [0.5, 26.5, 17.5]},
			"faces": {
				"north": {"uv": [0, 0, 1, 1], "rotation": 270, "texture": "#22"},
				"east": {"uv": [0, 0, 1, 1], "rotation": 270, "texture": "#22"},
				"south": {"uv": [0, 0, 1, 1], "rotation": 270, "texture": "#22"},
				"west": {"uv": [0, 0, 1, 1], "rotation": 270, "texture": "#22"},
				"up": {"uv": [0, 0, 1, 1], "rotation": 270, "texture": "#22"},
				"down": {"uv": [0, 0, 1, 1], "rotation": 270, "texture": "#22"}
			}
		},
		{
			"from": [-15, 27, -1],
			"to": [-14, 28, 0],
			"rotation": {"angle": -22.5, "axis": "x", "origin": [0.5, 27.5, 0.5]},
			"faces": {
				"north": {"uv": [0, 0, 1, 1], "rotation": 90, "texture": "#22"},
				"east": {"uv": [0, 0, 1, 1], "rotation": 90, "texture": "#22"},
				"south": {"uv": [0, 0, 1, 1], "rotation": 90, "texture": "#22"},
				"west": {"uv": [0, 0, 1, 1], "rotation": 90, "texture": "#22"},
				"up": {"uv": [0, 0, 1, 1], "rotation": 90, "texture": "#22"},
				"down": {"uv": [0, 0, 1, 1], "rotation": 90, "texture": "#22"}
			}
		},
		{
			"from": [-15, 27, 1],
			"to": [-14, 28, 2],
			"rotation": {"angle": -22.5, "axis": "x", "origin": [0.5, 27.5, 0.5]},
			"faces": {
				"north": {"uv": [0, 0, 1, 1], "rotation": 90, "texture": "#22"},
				"east": {"uv": [0, 0, 1, 1], "rotation": 90, "texture": "#22"},
				"south": {"uv": [0, 0, 1, 1], "rotation": 90, "texture": "#22"},
				"west": {"uv": [0, 0, 1, 1], "rotation": 90, "texture": "#22"},
				"up": {"uv": [0, 0, 1, 1], "rotation": 90, "texture": "#22"},
				"down": {"uv": [0, 0, 1, 1], "rotation": 90, "texture": "#22"}
			}
		},
		{
			"from": [-15, 27, 3],
			"to": [-14, 28, 4],
			"rotation": {"angle": -22.5, "axis": "x", "origin": [0.5, 27.5, 0.5]},
			"faces": {
				"north": {"uv": [0, 0, 1, 1], "rotation": 90, "texture": "#22"},
				"east": {"uv": [0, 0, 1, 1], "rotation": 90, "texture": "#22"},
				"south": {"uv": [0, 0, 1, 1], "rotation": 90, "texture": "#22"},
				"west": {"uv": [0, 0, 1, 1], "rotation": 90, "texture": "#22"},
				"up": {"uv": [0, 0, 1, 1], "rotation": 90, "texture": "#22"},
				"down": {"uv": [0, 0, 1, 1], "rotation": 90, "texture": "#22"}
			}
		},
		{
			"from": [-15, 27, 5],
			"to": [-14, 28, 6],
			"rotation": {"angle": -22.5, "axis": "x", "origin": [0.5, 27.5, 0.5]},
			"faces": {
				"north": {"uv": [0, 0, 1, 1], "rotation": 90, "texture": "#22"},
				"east": {"uv": [0, 0, 1, 1], "rotation": 90, "texture": "#22"},
				"south": {"uv": [0, 0, 1, 1], "rotation": 90, "texture": "#22"},
				"west": {"uv": [0, 0, 1, 1], "rotation": 90, "texture": "#22"},
				"up": {"uv": [0, 0, 1, 1], "rotation": 90, "texture": "#22"},
				"down": {"uv": [0, 0, 1, 1], "rotation": 90, "texture": "#22"}
			}
		},
		{
			"from": [-15, 27, -3],
			"to": [-14, 28, -2],
			"rotation": {"angle": -22.5, "axis": "x", "origin": [0.5, 27.5, 0.5]},
			"faces": {
				"north": {"uv": [0, 0, 1, 1], "rotation": 90, "texture": "#22"},
				"east": {"uv": [0, 0, 1, 1], "rotation": 90, "texture": "#22"},
				"south": {"uv": [0, 0, 1, 1], "rotation": 90, "texture": "#22"},
				"west": {"uv": [0, 0, 1, 1], "rotation": 90, "texture": "#22"},
				"up": {"uv": [0, 0, 1, 1], "rotation": 90, "texture": "#22"},
				"down": {"uv": [0, 0, 1, 1], "rotation": 90, "texture": "#22"}
			}
		},
		{
			"from": [-15, 27, -5],
			"to": [-14, 28, -4],
			"rotation": {"angle": -22.5, "axis": "x", "origin": [0.5, 27.5, 0.5]},
			"faces": {
				"north": {"uv": [0, 0, 1, 1], "rotation": 90, "texture": "#22"},
				"east": {"uv": [0, 0, 1, 1], "rotation": 90, "texture": "#22"},
				"south": {"uv": [0, 0, 1, 1], "rotation": 90, "texture": "#22"},
				"west": {"uv": [0, 0, 1, 1], "rotation": 90, "texture": "#22"},
				"up": {"uv": [0, 0, 1, 1], "rotation": 90, "texture": "#22"},
				"down": {"uv": [0, 0, 1, 1], "rotation": 90, "texture": "#22"}
			}
		},
		{
			"from": [-15, 27, 7],
			"to": [-14, 28, 8],
			"rotation": {"angle": -22.5, "axis": "x", "origin": [0.5, 27.5, 0.5]},
			"faces": {
				"north": {"uv": [0, 0, 1, 1], "rotation": 90, "texture": "#22"},
				"east": {"uv": [0, 0, 1, 1], "rotation": 90, "texture": "#22"},
				"south": {"uv": [0, 0, 1, 1], "rotation": 90, "texture": "#22"},
				"west": {"uv": [0, 0, 1, 1], "rotation": 90, "texture": "#22"},
				"up": {"uv": [0, 0, 1, 1], "rotation": 90, "texture": "#22"},
				"down": {"uv": [0, 0, 1, 1], "rotation": 90, "texture": "#22"}
			}
		},
		{
			"from": [-13, 27, -5],
			"to": [-12, 28, -4],
			"rotation": {"angle": -22.5, "axis": "x", "origin": [0.5, 27.5, 0.5]},
			"faces": {
				"north": {"uv": [0, 0, 1, 1], "rotation": 90, "texture": "#22"},
				"east": {"uv": [0, 0, 1, 1], "rotation": 90, "texture": "#22"},
				"south": {"uv": [0, 0, 1, 1], "rotation": 90, "texture": "#22"},
				"west": {"uv": [0, 0, 1, 1], "rotation": 90, "texture": "#22"},
				"up": {"uv": [0, 0, 1, 1], "rotation": 90, "texture": "#22"},
				"down": {"uv": [0, 0, 1, 1], "rotation": 90, "texture": "#22"}
			}
		},
		{
			"from": [-11, 27, -5],
			"to": [-10, 28, -4],
			"rotation": {"angle": -22.5, "axis": "x", "origin": [0.5, 27.5, 0.5]},
			"faces": {
				"north": {"uv": [0, 0, 1, 1], "rotation": 90, "texture": "#22"},
				"east": {"uv": [0, 0, 1, 1], "rotation": 90, "texture": "#22"},
				"south": {"uv": [0, 0, 1, 1], "rotation": 90, "texture": "#22"},
				"west": {"uv": [0, 0, 1, 1], "rotation": 90, "texture": "#22"},
				"up": {"uv": [0, 0, 1, 1], "rotation": 90, "texture": "#22"},
				"down": {"uv": [0, 0, 1, 1], "rotation": 90, "texture": "#22"}
			}
		},
		{
			"from": [-9, 27, -5],
			"to": [-8, 28, -4],
			"rotation": {"angle": -22.5, "axis": "x", "origin": [0.5, 27.5, 0.5]},
			"faces": {
				"north": {"uv": [0, 0, 1, 1], "rotation": 90, "texture": "#22"},
				"east": {"uv": [0, 0, 1, 1], "rotation": 90, "texture": "#22"},
				"south": {"uv": [0, 0, 1, 1], "rotation": 90, "texture": "#22"},
				"west": {"uv": [0, 0, 1, 1], "rotation": 90, "texture": "#22"},
				"up": {"uv": [0, 0, 1, 1], "rotation": 90, "texture": "#22"},
				"down": {"uv": [0, 0, 1, 1], "rotation": 90, "texture": "#22"}
			}
		},
		{
			"from": [-7, 27, -5],
			"to": [-6, 28, -4],
			"rotation": {"angle": -22.5, "axis": "x", "origin": [0.5, 27.5, 0.5]},
			"faces": {
				"north": {"uv": [0, 0, 1, 1], "rotation": 90, "texture": "#22"},
				"east": {"uv": [0, 0, 1, 1], "rotation": 90, "texture": "#22"},
				"south": {"uv": [0, 0, 1, 1], "rotation": 90, "texture": "#22"},
				"west": {"uv": [0, 0, 1, 1], "rotation": 90, "texture": "#22"},
				"up": {"uv": [0, 0, 1, 1], "rotation": 90, "texture": "#22"},
				"down": {"uv": [0, 0, 1, 1], "rotation": 90, "texture": "#22"}
			}
		},
		{
			"from": [-5, 27, -5],
			"to": [-4, 28, -4],
			"rotation": {"angle": -22.5, "axis": "x", "origin": [0.5, 27.5, 0.5]},
			"faces": {
				"north": {"uv": [0, 0, 1, 1], "rotation": 90, "texture": "#22"},
				"east": {"uv": [0, 0, 1, 1], "rotation": 90, "texture": "#22"},
				"south": {"uv": [0, 0, 1, 1], "rotation": 90, "texture": "#22"},
				"west": {"uv": [0, 0, 1, 1], "rotation": 90, "texture": "#22"},
				"up": {"uv": [0, 0, 1, 1], "rotation": 90, "texture": "#22"},
				"down": {"uv": [0, 0, 1, 1], "rotation": 90, "texture": "#22"}
			}
		},
		{
			"from": [-3, 27, -5],
			"to": [-2, 28, -4],
			"rotation": {"angle": -22.5, "axis": "x", "origin": [0.5, 27.5, 0.5]},
			"faces": {
				"north": {"uv": [0, 0, 1, 1], "rotation": 90, "texture": "#22"},
				"east": {"uv": [0, 0, 1, 1], "rotation": 90, "texture": "#22"},
				"south": {"uv": [0, 0, 1, 1], "rotation": 90, "texture": "#22"},
				"west": {"uv": [0, 0, 1, 1], "rotation": 90, "texture": "#22"},
				"up": {"uv": [0, 0, 1, 1], "rotation": 90, "texture": "#22"},
				"down": {"uv": [0, 0, 1, 1], "rotation": 90, "texture": "#22"}
			}
		},
		{
			"from": [-1, 27, -5],
			"to": [0, 28, -4],
			"rotation": {"angle": -22.5, "axis": "x", "origin": [0.5, 27.5, 0.5]},
			"faces": {
				"north": {"uv": [0, 0, 1, 1], "rotation": 90, "texture": "#22"},
				"east": {"uv": [0, 0, 1, 1], "rotation": 90, "texture": "#22"},
				"south": {"uv": [0, 0, 1, 1], "rotation": 90, "texture": "#22"},
				"west": {"uv": [0, 0, 1, 1], "rotation": 90, "texture": "#22"},
				"up": {"uv": [0, 0, 1, 1], "rotation": 90, "texture": "#22"},
				"down": {"uv": [0, 0, 1, 1], "rotation": 90, "texture": "#22"}
			}
		},
		{
			"from": [1, 27, -5],
			"to": [2, 28, -4],
			"rotation": {"angle": -22.5, "axis": "x", "origin": [0.5, 27.5, 0.5]},
			"faces": {
				"north": {"uv": [0, 0, 1, 1], "rotation": 90, "texture": "#22"},
				"east": {"uv": [0, 0, 1, 1], "rotation": 90, "texture": "#22"},
				"south": {"uv": [0, 0, 1, 1], "rotation": 90, "texture": "#22"},
				"west": {"uv": [0, 0, 1, 1], "rotation": 90, "texture": "#22"},
				"up": {"uv": [0, 0, 1, 1], "rotation": 90, "texture": "#22"},
				"down": {"uv": [0, 0, 1, 1], "rotation": 90, "texture": "#22"}
			}
		},
		{
			"from": [3, 27, -5],
			"to": [4, 28, -4],
			"rotation": {"angle": -22.5, "axis": "x", "origin": [0.5, 27.5, 0.5]},
			"faces": {
				"north": {"uv": [0, 0, 1, 1], "rotation": 90, "texture": "#22"},
				"east": {"uv": [0, 0, 1, 1], "rotation": 90, "texture": "#22"},
				"south": {"uv": [0, 0, 1, 1], "rotation": 90, "texture": "#22"},
				"west": {"uv": [0, 0, 1, 1], "rotation": 90, "texture": "#22"},
				"up": {"uv": [0, 0, 1, 1], "rotation": 90, "texture": "#22"},
				"down": {"uv": [0, 0, 1, 1], "rotation": 90, "texture": "#22"}
			}
		},
		{
			"from": [5, 27, -5],
			"to": [6, 28, -4],
			"rotation": {"angle": -22.5, "axis": "x", "origin": [0.5, 27.5, 0.5]},
			"faces": {
				"north": {"uv": [0, 0, 1, 1], "rotation": 90, "texture": "#22"},
				"east": {"uv": [0, 0, 1, 1], "rotation": 90, "texture": "#22"},
				"south": {"uv": [0, 0, 1, 1], "rotation": 90, "texture": "#22"},
				"west": {"uv": [0, 0, 1, 1], "rotation": 90, "texture": "#22"},
				"up": {"uv": [0, 0, 1, 1], "rotation": 90, "texture": "#22"},
				"down": {"uv": [0, 0, 1, 1], "rotation": 90, "texture": "#22"}
			}
		},
		{
			"from": [7, 27, -5],
			"to": [8, 28, -4],
			"rotation": {"angle": -22.5, "axis": "x", "origin": [0.5, 27.5, 0.5]},
			"faces": {
				"north": {"uv": [0, 0, 1, 1], "rotation": 90, "texture": "#22"},
				"east": {"uv": [0, 0, 1, 1], "rotation": 90, "texture": "#22"},
				"south": {"uv": [0, 0, 1, 1], "rotation": 90, "texture": "#22"},
				"west": {"uv": [0, 0, 1, 1], "rotation": 90, "texture": "#22"},
				"up": {"uv": [0, 0, 1, 1], "rotation": 90, "texture": "#22"},
				"down": {"uv": [0, 0, 1, 1], "rotation": 90, "texture": "#22"}
			}
		},
		{
			"from": [7, 27, -5],
			"to": [8, 28, -4],
			"rotation": {"angle": -22.5, "axis": "x", "origin": [0.5, 27.5, 0.5]},
			"faces": {
				"north": {"uv": [0, 0, 1, 1], "rotation": 90, "texture": "#22"},
				"east": {"uv": [0, 0, 1, 1], "rotation": 90, "texture": "#22"},
				"south": {"uv": [0, 0, 1, 1], "rotation": 90, "texture": "#22"},
				"west": {"uv": [0, 0, 1, 1], "rotation": 90, "texture": "#22"},
				"up": {"uv": [0, 0, 1, 1], "rotation": 90, "texture": "#22"},
				"down": {"uv": [0, 0, 1, 1], "rotation": 90, "texture": "#22"}
			}
		},
		{
			"from": [9, 27, -5],
			"to": [10, 28, -4],
			"rotation": {"angle": -22.5, "axis": "x", "origin": [0.5, 27.5, 0.5]},
			"faces": {
				"north": {"uv": [0, 0, 1, 1], "rotation": 90, "texture": "#22"},
				"east": {"uv": [0, 0, 1, 1], "rotation": 90, "texture": "#22"},
				"south": {"uv": [0, 0, 1, 1], "rotation": 90, "texture": "#22"},
				"west": {"uv": [0, 0, 1, 1], "rotation": 90, "texture": "#22"},
				"up": {"uv": [0, 0, 1, 1], "rotation": 90, "texture": "#22"},
				"down": {"uv": [0, 0, 1, 1], "rotation": 90, "texture": "#22"}
			}
		},
		{
			"from": [11, 27, -5],
			"to": [12, 28, -4],
			"rotation": {"angle": -22.5, "axis": "x", "origin": [0.5, 27.5, 0.5]},
			"faces": {
				"north": {"uv": [0, 0, 1, 1], "rotation": 90, "texture": "#22"},
				"east": {"uv": [0, 0, 1, 1], "rotation": 90, "texture": "#22"},
				"south": {"uv": [0, 0, 1, 1], "rotation": 90, "texture": "#22"},
				"west": {"uv": [0, 0, 1, 1], "rotation": 90, "texture": "#22"},
				"up": {"uv": [0, 0, 1, 1], "rotation": 90, "texture": "#22"},
				"down": {"uv": [0, 0, 1, 1], "rotation": 90, "texture": "#22"}
			}
		},
		{
			"from": [13, 27, -5],
			"to": [14, 28, -4],
			"rotation": {"angle": -22.5, "axis": "x", "origin": [0.5, 27.5, 0.5]},
			"faces": {
				"north": {"uv": [0, 0, 1, 1], "rotation": 90, "texture": "#22"},
				"east": {"uv": [0, 0, 1, 1], "rotation": 90, "texture": "#22"},
				"south": {"uv": [0, 0, 1, 1], "rotation": 90, "texture": "#22"},
				"west": {"uv": [0, 0, 1, 1], "rotation": 90, "texture": "#22"},
				"up": {"uv": [0, 0, 1, 1], "rotation": 90, "texture": "#22"},
				"down": {"uv": [0, 0, 1, 1], "rotation": 90, "texture": "#22"}
			}
		},
		{
			"from": [15, 27, -5],
			"to": [16, 28, -4],
			"rotation": {"angle": -22.5, "axis": "x", "origin": [0.5, 27.5, 0.5]},
			"faces": {
				"north": {"uv": [0, 0, 1, 1], "rotation": 90, "texture": "#22"},
				"east": {"uv": [0, 0, 1, 1], "rotation": 90, "texture": "#22"},
				"south": {"uv": [0, 0, 1, 1], "rotation": 90, "texture": "#22"},
				"west": {"uv": [0, 0, 1, 1], "rotation": 90, "texture": "#22"},
				"up": {"uv": [0, 0, 1, 1], "rotation": 90, "texture": "#22"},
				"down": {"uv": [0, 0, 1, 1], "rotation": 90, "texture": "#22"}
			}
		},
		{
			"from": [17, 27, -5],
			"to": [18, 28, -4],
			"rotation": {"angle": -22.5, "axis": "x", "origin": [0.5, 27.5, 0.5]},
			"faces": {
				"north": {"uv": [0, 0, 1, 1], "rotation": 90, "texture": "#22"},
				"east": {"uv": [0, 0, 1, 1], "rotation": 90, "texture": "#22"},
				"south": {"uv": [0, 0, 1, 1], "rotation": 90, "texture": "#22"},
				"west": {"uv": [0, 0, 1, 1], "rotation": 90, "texture": "#22"},
				"up": {"uv": [0, 0, 1, 1], "rotation": 90, "texture": "#22"},
				"down": {"uv": [0, 0, 1, 1], "rotation": 90, "texture": "#22"}
			}
		},
		{
			"from": [19, 27, -5],
			"to": [20, 28, -4],
			"rotation": {"angle": -22.5, "axis": "x", "origin": [0.5, 27.5, 0.5]},
			"faces": {
				"north": {"uv": [0, 0, 1, 1], "rotation": 90, "texture": "#22"},
				"east": {"uv": [0, 0, 1, 1], "rotation": 90, "texture": "#22"},
				"south": {"uv": [0, 0, 1, 1], "rotation": 90, "texture": "#22"},
				"west": {"uv": [0, 0, 1, 1], "rotation": 90, "texture": "#22"},
				"up": {"uv": [0, 0, 1, 1], "rotation": 90, "texture": "#22"},
				"down": {"uv": [0, 0, 1, 1], "rotation": 90, "texture": "#22"}
			}
		},
		{
			"from": [21, 27, -5],
			"to": [22, 28, -4],
			"rotation": {"angle": -22.5, "axis": "x", "origin": [0.5, 27.5, 0.5]},
			"faces": {
				"north": {"uv": [0, 0, 1, 1], "rotation": 90, "texture": "#22"},
				"east": {"uv": [0, 0, 1, 1], "rotation": 90, "texture": "#22"},
				"south": {"uv": [0, 0, 1, 1], "rotation": 90, "texture": "#22"},
				"west": {"uv": [0, 0, 1, 1], "rotation": 90, "texture": "#22"},
				"up": {"uv": [0, 0, 1, 1], "rotation": 90, "texture": "#22"},
				"down": {"uv": [0, 0, 1, 1], "rotation": 90, "texture": "#22"}
			}
		},
		{
			"from": [21, 27, -3],
			"to": [22, 28, -2],
			"rotation": {"angle": -22.5, "axis": "x", "origin": [0.5, 27.5, 0.5]},
			"faces": {
				"north": {"uv": [0, 0, 1, 1], "rotation": 90, "texture": "#22"},
				"east": {"uv": [0, 0, 1, 1], "rotation": 90, "texture": "#22"},
				"south": {"uv": [0, 0, 1, 1], "rotation": 90, "texture": "#22"},
				"west": {"uv": [0, 0, 1, 1], "rotation": 90, "texture": "#22"},
				"up": {"uv": [0, 0, 1, 1], "rotation": 90, "texture": "#22"},
				"down": {"uv": [0, 0, 1, 1], "rotation": 90, "texture": "#22"}
			}
		},
		{
			"from": [21, 27, -1],
			"to": [22, 28, 0],
			"rotation": {"angle": -22.5, "axis": "x", "origin": [0.5, 27.5, 0.5]},
			"faces": {
				"north": {"uv": [0, 0, 1, 1], "rotation": 90, "texture": "#22"},
				"east": {"uv": [0, 0, 1, 1], "rotation": 90, "texture": "#22"},
				"south": {"uv": [0, 0, 1, 1], "rotation": 90, "texture": "#22"},
				"west": {"uv": [0, 0, 1, 1], "rotation": 90, "texture": "#22"},
				"up": {"uv": [0, 0, 1, 1], "rotation": 90, "texture": "#22"},
				"down": {"uv": [0, 0, 1, 1], "rotation": 90, "texture": "#22"}
			}
		},
		{
			"from": [21, 27, 1],
			"to": [22, 28, 2],
			"rotation": {"angle": -22.5, "axis": "x", "origin": [0.5, 27.5, 0.5]},
			"faces": {
				"north": {"uv": [0, 0, 1, 1], "rotation": 90, "texture": "#22"},
				"east": {"uv": [0, 0, 1, 1], "rotation": 90, "texture": "#22"},
				"south": {"uv": [0, 0, 1, 1], "rotation": 90, "texture": "#22"},
				"west": {"uv": [0, 0, 1, 1], "rotation": 90, "texture": "#22"},
				"up": {"uv": [0, 0, 1, 1], "rotation": 90, "texture": "#22"},
				"down": {"uv": [0, 0, 1, 1], "rotation": 90, "texture": "#22"}
			}
		},
		{
			"from": [21, 27, 3],
			"to": [22, 28, 4],
			"rotation": {"angle": -22.5, "axis": "x", "origin": [0.5, 27.5, 0.5]},
			"faces": {
				"north": {"uv": [0, 0, 1, 1], "rotation": 90, "texture": "#22"},
				"east": {"uv": [0, 0, 1, 1], "rotation": 90, "texture": "#22"},
				"south": {"uv": [0, 0, 1, 1], "rotation": 90, "texture": "#22"},
				"west": {"uv": [0, 0, 1, 1], "rotation": 90, "texture": "#22"},
				"up": {"uv": [0, 0, 1, 1], "rotation": 90, "texture": "#22"},
				"down": {"uv": [0, 0, 1, 1], "rotation": 90, "texture": "#22"}
			}
		},
		{
			"from": [21, 27, 5],
			"to": [22, 28, 6],
			"rotation": {"angle": -22.5, "axis": "x", "origin": [0.5, 27.5, 0.5]},
			"faces": {
				"north": {"uv": [0, 0, 1, 1], "rotation": 90, "texture": "#22"},
				"east": {"uv": [0, 0, 1, 1], "rotation": 90, "texture": "#22"},
				"south": {"uv": [0, 0, 1, 1], "rotation": 90, "texture": "#22"},
				"west": {"uv": [0, 0, 1, 1], "rotation": 90, "texture": "#22"},
				"up": {"uv": [0, 0, 1, 1], "rotation": 90, "texture": "#22"},
				"down": {"uv": [0, 0, 1, 1], "rotation": 90, "texture": "#22"}
			}
		},
		{
			"from": [21, 27, 7],
			"to": [22, 28, 8],
			"rotation": {"angle": -22.5, "axis": "x", "origin": [0.5, 27.5, 0.5]},
			"faces": {
				"north": {"uv": [0, 0, 1, 1], "rotation": 90, "texture": "#22"},
				"east": {"uv": [0, 0, 1, 1], "rotation": 90, "texture": "#22"},
				"south": {"uv": [0, 0, 1, 1], "rotation": 90, "texture": "#22"},
				"west": {"uv": [0, 0, 1, 1], "rotation": 90, "texture": "#22"},
				"up": {"uv": [0, 0, 1, 1], "rotation": 90, "texture": "#22"},
				"down": {"uv": [0, 0, 1, 1], "rotation": 90, "texture": "#22"}
			}
		},
		{
			"from": [-15, 26, 9],
			"to": [-14, 27, 10],
			"rotation": {"angle": 22.5, "axis": "x", "origin": [0.5, 26.5, 17.5]},
			"faces": {
				"north": {"uv": [0, 0, 1, 1], "rotation": 270, "texture": "#22"},
				"east": {"uv": [0, 0, 1, 1], "rotation": 270, "texture": "#22"},
				"south": {"uv": [0, 0, 1, 1], "rotation": 270, "texture": "#22"},
				"west": {"uv": [0, 0, 1, 1], "rotation": 270, "texture": "#22"},
				"up": {"uv": [0, 0, 1, 1], "rotation": 270, "texture": "#22"},
				"down": {"uv": [0, 0, 1, 1], "rotation": 270, "texture": "#22"}
			}
		},
		{
			"from": [-15, 26, 11],
			"to": [-14, 27, 12],
			"rotation": {"angle": 22.5, "axis": "x", "origin": [0.5, 26.5, 17.5]},
			"faces": {
				"north": {"uv": [0, 0, 1, 1], "rotation": 270, "texture": "#22"},
				"east": {"uv": [0, 0, 1, 1], "rotation": 270, "texture": "#22"},
				"south": {"uv": [0, 0, 1, 1], "rotation": 270, "texture": "#22"},
				"west": {"uv": [0, 0, 1, 1], "rotation": 270, "texture": "#22"},
				"up": {"uv": [0, 0, 1, 1], "rotation": 270, "texture": "#22"},
				"down": {"uv": [0, 0, 1, 1], "rotation": 270, "texture": "#22"}
			}
		},
		{
			"from": [-15, 26, 13],
			"to": [-14, 27, 14],
			"rotation": {"angle": 22.5, "axis": "x", "origin": [0.5, 26.5, 17.5]},
			"faces": {
				"north": {"uv": [0, 0, 1, 1], "rotation": 270, "texture": "#22"},
				"east": {"uv": [0, 0, 1, 1], "rotation": 270, "texture": "#22"},
				"south": {"uv": [0, 0, 1, 1], "rotation": 270, "texture": "#22"},
				"west": {"uv": [0, 0, 1, 1], "rotation": 270, "texture": "#22"},
				"up": {"uv": [0, 0, 1, 1], "rotation": 270, "texture": "#22"},
				"down": {"uv": [0, 0, 1, 1], "rotation": 270, "texture": "#22"}
			}
		},
		{
			"from": [-15, 26, 15],
			"to": [-14, 27, 16],
			"rotation": {"angle": 22.5, "axis": "x", "origin": [0.5, 26.5, 17.5]},
			"faces": {
				"north": {"uv": [0, 0, 1, 1], "rotation": 270, "texture": "#22"},
				"east": {"uv": [0, 0, 1, 1], "rotation": 270, "texture": "#22"},
				"south": {"uv": [0, 0, 1, 1], "rotation": 270, "texture": "#22"},
				"west": {"uv": [0, 0, 1, 1], "rotation": 270, "texture": "#22"},
				"up": {"uv": [0, 0, 1, 1], "rotation": 270, "texture": "#22"},
				"down": {"uv": [0, 0, 1, 1], "rotation": 270, "texture": "#22"}
			}
		},
		{
			"from": [-15, 26, 17],
			"to": [-14, 27, 18],
			"rotation": {"angle": 22.5, "axis": "x", "origin": [0.5, 26.5, 17.5]},
			"faces": {
				"north": {"uv": [0, 0, 1, 1], "rotation": 270, "texture": "#22"},
				"east": {"uv": [0, 0, 1, 1], "rotation": 270, "texture": "#22"},
				"south": {"uv": [0, 0, 1, 1], "rotation": 270, "texture": "#22"},
				"west": {"uv": [0, 0, 1, 1], "rotation": 270, "texture": "#22"},
				"up": {"uv": [0, 0, 1, 1], "rotation": 270, "texture": "#22"},
				"down": {"uv": [0, 0, 1, 1], "rotation": 270, "texture": "#22"}
			}
		},
		{
			"from": [-15, 26, 19],
			"to": [-14, 27, 20],
			"rotation": {"angle": 22.5, "axis": "x", "origin": [0.5, 26.5, 17.5]},
			"faces": {
				"north": {"uv": [0, 0, 1, 1], "rotation": 270, "texture": "#22"},
				"east": {"uv": [0, 0, 1, 1], "rotation": 270, "texture": "#22"},
				"south": {"uv": [0, 0, 1, 1], "rotation": 270, "texture": "#22"},
				"west": {"uv": [0, 0, 1, 1], "rotation": 270, "texture": "#22"},
				"up": {"uv": [0, 0, 1, 1], "rotation": 270, "texture": "#22"},
				"down": {"uv": [0, 0, 1, 1], "rotation": 270, "texture": "#22"}
			}
		},
		{
			"from": [-13, 26, 19],
			"to": [-12, 27, 20],
			"rotation": {"angle": 22.5, "axis": "x", "origin": [0.5, 26.5, 17.5]},
			"faces": {
				"north": {"uv": [0, 0, 1, 1], "rotation": 270, "texture": "#22"},
				"east": {"uv": [0, 0, 1, 1], "rotation": 270, "texture": "#22"},
				"south": {"uv": [0, 0, 1, 1], "rotation": 270, "texture": "#22"},
				"west": {"uv": [0, 0, 1, 1], "rotation": 270, "texture": "#22"},
				"up": {"uv": [0, 0, 1, 1], "rotation": 270, "texture": "#22"},
				"down": {"uv": [0, 0, 1, 1], "rotation": 270, "texture": "#22"}
			}
		},
		{
			"from": [-11, 26, 19],
			"to": [-10, 27, 20],
			"rotation": {"angle": 22.5, "axis": "x", "origin": [0.5, 26.5, 17.5]},
			"faces": {
				"north": {"uv": [0, 0, 1, 1], "rotation": 270, "texture": "#22"},
				"east": {"uv": [0, 0, 1, 1], "rotation": 270, "texture": "#22"},
				"south": {"uv": [0, 0, 1, 1], "rotation": 270, "texture": "#22"},
				"west": {"uv": [0, 0, 1, 1], "rotation": 270, "texture": "#22"},
				"up": {"uv": [0, 0, 1, 1], "rotation": 270, "texture": "#22"},
				"down": {"uv": [0, 0, 1, 1], "rotation": 270, "texture": "#22"}
			}
		},
		{
			"from": [-9, 26, 19],
			"to": [-8, 27, 20],
			"rotation": {"angle": 22.5, "axis": "x", "origin": [0.5, 26.5, 17.5]},
			"faces": {
				"north": {"uv": [0, 0, 1, 1], "rotation": 270, "texture": "#22"},
				"east": {"uv": [0, 0, 1, 1], "rotation": 270, "texture": "#22"},
				"south": {"uv": [0, 0, 1, 1], "rotation": 270, "texture": "#22"},
				"west": {"uv": [0, 0, 1, 1], "rotation": 270, "texture": "#22"},
				"up": {"uv": [0, 0, 1, 1], "rotation": 270, "texture": "#22"},
				"down": {"uv": [0, 0, 1, 1], "rotation": 270, "texture": "#22"}
			}
		},
		{
			"from": [-7, 26, 19],
			"to": [-6, 27, 20],
			"rotation": {"angle": 22.5, "axis": "x", "origin": [0.5, 26.5, 17.5]},
			"faces": {
				"north": {"uv": [0, 0, 1, 1], "rotation": 270, "texture": "#22"},
				"east": {"uv": [0, 0, 1, 1], "rotation": 270, "texture": "#22"},
				"south": {"uv": [0, 0, 1, 1], "rotation": 270, "texture": "#22"},
				"west": {"uv": [0, 0, 1, 1], "rotation": 270, "texture": "#22"},
				"up": {"uv": [0, 0, 1, 1], "rotation": 270, "texture": "#22"},
				"down": {"uv": [0, 0, 1, 1], "rotation": 270, "texture": "#22"}
			}
		},
		{
			"from": [-5, 26, 19],
			"to": [-4, 27, 20],
			"rotation": {"angle": 22.5, "axis": "x", "origin": [0.5, 26.5, 17.5]},
			"faces": {
				"north": {"uv": [0, 0, 1, 1], "rotation": 270, "texture": "#22"},
				"east": {"uv": [0, 0, 1, 1], "rotation": 270, "texture": "#22"},
				"south": {"uv": [0, 0, 1, 1], "rotation": 270, "texture": "#22"},
				"west": {"uv": [0, 0, 1, 1], "rotation": 270, "texture": "#22"},
				"up": {"uv": [0, 0, 1, 1], "rotation": 270, "texture": "#22"},
				"down": {"uv": [0, 0, 1, 1], "rotation": 270, "texture": "#22"}
			}
		},
		{
			"from": [-3, 26, 19],
			"to": [-2, 27, 20],
			"rotation": {"angle": 22.5, "axis": "x", "origin": [0.5, 26.5, 17.5]},
			"faces": {
				"north": {"uv": [0, 0, 1, 1], "rotation": 270, "texture": "#22"},
				"east": {"uv": [0, 0, 1, 1], "rotation": 270, "texture": "#22"},
				"south": {"uv": [0, 0, 1, 1], "rotation": 270, "texture": "#22"},
				"west": {"uv": [0, 0, 1, 1], "rotation": 270, "texture": "#22"},
				"up": {"uv": [0, 0, 1, 1], "rotation": 270, "texture": "#22"},
				"down": {"uv": [0, 0, 1, 1], "rotation": 270, "texture": "#22"}
			}
		},
		{
			"from": [-1, 26, 19],
			"to": [0, 27, 20],
			"rotation": {"angle": 22.5, "axis": "x", "origin": [0.5, 26.5, 17.5]},
			"faces": {
				"north": {"uv": [0, 0, 1, 1], "rotation": 270, "texture": "#22"},
				"east": {"uv": [0, 0, 1, 1], "rotation": 270, "texture": "#22"},
				"south": {"uv": [0, 0, 1, 1], "rotation": 270, "texture": "#22"},
				"west": {"uv": [0, 0, 1, 1], "rotation": 270, "texture": "#22"},
				"up": {"uv": [0, 0, 1, 1], "rotation": 270, "texture": "#22"},
				"down": {"uv": [0, 0, 1, 1], "rotation": 270, "texture": "#22"}
			}
		},
		{
			"from": [1, 26, 19],
			"to": [2, 27, 20],
			"rotation": {"angle": 22.5, "axis": "x", "origin": [0.5, 26.5, 17.5]},
			"faces": {
				"north": {"uv": [0, 0, 1, 1], "rotation": 270, "texture": "#22"},
				"east": {"uv": [0, 0, 1, 1], "rotation": 270, "texture": "#22"},
				"south": {"uv": [0, 0, 1, 1], "rotation": 270, "texture": "#22"},
				"west": {"uv": [0, 0, 1, 1], "rotation": 270, "texture": "#22"},
				"up": {"uv": [0, 0, 1, 1], "rotation": 270, "texture": "#22"},
				"down": {"uv": [0, 0, 1, 1], "rotation": 270, "texture": "#22"}
			}
		},
		{
			"from": [3, 26, 19],
			"to": [4, 27, 20],
			"rotation": {"angle": 22.5, "axis": "x", "origin": [0.5, 26.5, 17.5]},
			"faces": {
				"north": {"uv": [0, 0, 1, 1], "rotation": 270, "texture": "#22"},
				"east": {"uv": [0, 0, 1, 1], "rotation": 270, "texture": "#22"},
				"south": {"uv": [0, 0, 1, 1], "rotation": 270, "texture": "#22"},
				"west": {"uv": [0, 0, 1, 1], "rotation": 270, "texture": "#22"},
				"up": {"uv": [0, 0, 1, 1], "rotation": 270, "texture": "#22"},
				"down": {"uv": [0, 0, 1, 1], "rotation": 270, "texture": "#22"}
			}
		},
		{
			"from": [5, 26, 19],
			"to": [6, 27, 20],
			"rotation": {"angle": 22.5, "axis": "x", "origin": [0.5, 26.5, 17.5]},
			"faces": {
				"north": {"uv": [0, 0, 1, 1], "rotation": 270, "texture": "#22"},
				"east": {"uv": [0, 0, 1, 1], "rotation": 270, "texture": "#22"},
				"south": {"uv": [0, 0, 1, 1], "rotation": 270, "texture": "#22"},
				"west": {"uv": [0, 0, 1, 1], "rotation": 270, "texture": "#22"},
				"up": {"uv": [0, 0, 1, 1], "rotation": 270, "texture": "#22"},
				"down": {"uv": [0, 0, 1, 1], "rotation": 270, "texture": "#22"}
			}
		},
		{
			"from": [7, 26, 19],
			"to": [8, 27, 20],
			"rotation": {"angle": 22.5, "axis": "x", "origin": [0.5, 26.5, 17.5]},
			"faces": {
				"north": {"uv": [0, 0, 1, 1], "rotation": 270, "texture": "#22"},
				"east": {"uv": [0, 0, 1, 1], "rotation": 270, "texture": "#22"},
				"south": {"uv": [0, 0, 1, 1], "rotation": 270, "texture": "#22"},
				"west": {"uv": [0, 0, 1, 1], "rotation": 270, "texture": "#22"},
				"up": {"uv": [0, 0, 1, 1], "rotation": 270, "texture": "#22"},
				"down": {"uv": [0, 0, 1, 1], "rotation": 270, "texture": "#22"}
			}
		},
		{
			"from": [9, 26, 19],
			"to": [10, 27, 20],
			"rotation": {"angle": 22.5, "axis": "x", "origin": [0.5, 26.5, 17.5]},
			"faces": {
				"north": {"uv": [0, 0, 1, 1], "rotation": 270, "texture": "#22"},
				"east": {"uv": [0, 0, 1, 1], "rotation": 270, "texture": "#22"},
				"south": {"uv": [0, 0, 1, 1], "rotation": 270, "texture": "#22"},
				"west": {"uv": [0, 0, 1, 1], "rotation": 270, "texture": "#22"},
				"up": {"uv": [0, 0, 1, 1], "rotation": 270, "texture": "#22"},
				"down": {"uv": [0, 0, 1, 1], "rotation": 270, "texture": "#22"}
			}
		},
		{
			"from": [11, 26, 19],
			"to": [12, 27, 20],
			"rotation": {"angle": 22.5, "axis": "x", "origin": [0.5, 26.5, 17.5]},
			"faces": {
				"north": {"uv": [0, 0, 1, 1], "rotation": 270, "texture": "#22"},
				"east": {"uv": [0, 0, 1, 1], "rotation": 270, "texture": "#22"},
				"south": {"uv": [0, 0, 1, 1], "rotation": 270, "texture": "#22"},
				"west": {"uv": [0, 0, 1, 1], "rotation": 270, "texture": "#22"},
				"up": {"uv": [0, 0, 1, 1], "rotation": 270, "texture": "#22"},
				"down": {"uv": [0, 0, 1, 1], "rotation": 270, "texture": "#22"}
			}
		},
		{
			"from": [13, 26, 19],
			"to": [14, 27, 20],
			"rotation": {"angle": 22.5, "axis": "x", "origin": [0.5, 26.5, 17.5]},
			"faces": {
				"north": {"uv": [0, 0, 1, 1], "rotation": 270, "texture": "#22"},
				"east": {"uv": [0, 0, 1, 1], "rotation": 270, "texture": "#22"},
				"south": {"uv": [0, 0, 1, 1], "rotation": 270, "texture": "#22"},
				"west": {"uv": [0, 0, 1, 1], "rotation": 270, "texture": "#22"},
				"up": {"uv": [0, 0, 1, 1], "rotation": 270, "texture": "#22"},
				"down": {"uv": [0, 0, 1, 1], "rotation": 270, "texture": "#22"}
			}
		},
		{
			"from": [15, 26, 19],
			"to": [16, 27, 20],
			"rotation": {"angle": 22.5, "axis": "x", "origin": [0.5, 26.5, 17.5]},
			"faces": {
				"north": {"uv": [0, 0, 1, 1], "rotation": 270, "texture": "#22"},
				"east": {"uv": [0, 0, 1, 1], "rotation": 270, "texture": "#22"},
				"south": {"uv": [0, 0, 1, 1], "rotation": 270, "texture": "#22"},
				"west": {"uv": [0, 0, 1, 1], "rotation": 270, "texture": "#22"},
				"up": {"uv": [0, 0, 1, 1], "rotation": 270, "texture": "#22"},
				"down": {"uv": [0, 0, 1, 1], "rotation": 270, "texture": "#22"}
			}
		},
		{
			"from": [17, 26, 19],
			"to": [18, 27, 20],
			"rotation": {"angle": 22.5, "axis": "x", "origin": [0.5, 26.5, 17.5]},
			"faces": {
				"north": {"uv": [0, 0, 1, 1], "rotation": 270, "texture": "#22"},
				"east": {"uv": [0, 0, 1, 1], "rotation": 270, "texture": "#22"},
				"south": {"uv": [0, 0, 1, 1], "rotation": 270, "texture": "#22"},
				"west": {"uv": [0, 0, 1, 1], "rotation": 270, "texture": "#22"},
				"up": {"uv": [0, 0, 1, 1], "rotation": 270, "texture": "#22"},
				"down": {"uv": [0, 0, 1, 1], "rotation": 270, "texture": "#22"}
			}
		},
		{
			"from": [19, 26, 19],
			"to": [20, 27, 20],
			"rotation": {"angle": 22.5, "axis": "x", "origin": [0.5, 26.5, 17.5]},
			"faces": {
				"north": {"uv": [0, 0, 1, 1], "rotation": 270, "texture": "#22"},
				"east": {"uv": [0, 0, 1, 1], "rotation": 270, "texture": "#22"},
				"south": {"uv": [0, 0, 1, 1], "rotation": 270, "texture": "#22"},
				"west": {"uv": [0, 0, 1, 1], "rotation": 270, "texture": "#22"},
				"up": {"uv": [0, 0, 1, 1], "rotation": 270, "texture": "#22"},
				"down": {"uv": [0, 0, 1, 1], "rotation": 270, "texture": "#22"}
			}
		},
		{
			"from": [21, 26, 19],
			"to": [22, 27, 20],
			"rotation": {"angle": 22.5, "axis": "x", "origin": [0.5, 26.5, 17.5]},
			"faces": {
				"north": {"uv": [0, 0, 1, 1], "rotation": 270, "texture": "#22"},
				"east": {"uv": [0, 0, 1, 1], "rotation": 270, "texture": "#22"},
				"south": {"uv": [0, 0, 1, 1], "rotation": 270, "texture": "#22"},
				"west": {"uv": [0, 0, 1, 1], "rotation": 270, "texture": "#22"},
				"up": {"uv": [0, 0, 1, 1], "rotation": 270, "texture": "#22"},
				"down": {"uv": [0, 0, 1, 1], "rotation": 270, "texture": "#22"}
			}
		},
		{
			"from": [21, 26, 17],
			"to": [22, 27, 18],
			"rotation": {"angle": 22.5, "axis": "x", "origin": [0.5, 26.5, 17.5]},
			"faces": {
				"north": {"uv": [0, 0, 1, 1], "rotation": 270, "texture": "#22"},
				"east": {"uv": [0, 0, 1, 1], "rotation": 270, "texture": "#22"},
				"south": {"uv": [0, 0, 1, 1], "rotation": 270, "texture": "#22"},
				"west": {"uv": [0, 0, 1, 1], "rotation": 270, "texture": "#22"},
				"up": {"uv": [0, 0, 1, 1], "rotation": 270, "texture": "#22"},
				"down": {"uv": [0, 0, 1, 1], "rotation": 270, "texture": "#22"}
			}
		},
		{
			"from": [21, 26, 15],
			"to": [22, 27, 16],
			"rotation": {"angle": 22.5, "axis": "x", "origin": [0.5, 26.5, 17.5]},
			"faces": {
				"north": {"uv": [0, 0, 1, 1], "rotation": 270, "texture": "#22"},
				"east": {"uv": [0, 0, 1, 1], "rotation": 270, "texture": "#22"},
				"south": {"uv": [0, 0, 1, 1], "rotation": 270, "texture": "#22"},
				"west": {"uv": [0, 0, 1, 1], "rotation": 270, "texture": "#22"},
				"up": {"uv": [0, 0, 1, 1], "rotation": 270, "texture": "#22"},
				"down": {"uv": [0, 0, 1, 1], "rotation": 270, "texture": "#22"}
			}
		},
		{
			"from": [21, 26, 13],
			"to": [22, 27, 14],
			"rotation": {"angle": 22.5, "axis": "x", "origin": [0.5, 26.5, 17.5]},
			"faces": {
				"north": {"uv": [0, 0, 1, 1], "rotation": 270, "texture": "#22"},
				"east": {"uv": [0, 0, 1, 1], "rotation": 270, "texture": "#22"},
				"south": {"uv": [0, 0, 1, 1], "rotation": 270, "texture": "#22"},
				"west": {"uv": [0, 0, 1, 1], "rotation": 270, "texture": "#22"},
				"up": {"uv": [0, 0, 1, 1], "rotation": 270, "texture": "#22"},
				"down": {"uv": [0, 0, 1, 1], "rotation": 270, "texture": "#22"}
			}
		},
		{
			"from": [21, 26, 11],
			"to": [22, 27, 12],
			"rotation": {"angle": 22.5, "axis": "x", "origin": [0.5, 26.5, 17.5]},
			"faces": {
				"north": {"uv": [0, 0, 1, 1], "rotation": 270, "texture": "#22"},
				"east": {"uv": [0, 0, 1, 1], "rotation": 270, "texture": "#22"},
				"south": {"uv": [0, 0, 1, 1], "rotation": 270, "texture": "#22"},
				"west": {"uv": [0, 0, 1, 1], "rotation": 270, "texture": "#22"},
				"up": {"uv": [0, 0, 1, 1], "rotation": 270, "texture": "#22"},
				"down": {"uv": [0, 0, 1, 1], "rotation": 270, "texture": "#22"}
			}
		},
		{
			"from": [21, 26, 9],
			"to": [22, 27, 10],
			"rotation": {"angle": 22.5, "axis": "x", "origin": [0.5, 26.5, 17.5]},
			"faces": {
				"north": {"uv": [0, 0, 1, 1], "rotation": 270, "texture": "#22"},
				"east": {"uv": [0, 0, 1, 1], "rotation": 270, "texture": "#22"},
				"south": {"uv": [0, 0, 1, 1], "rotation": 270, "texture": "#22"},
				"west": {"uv": [0, 0, 1, 1], "rotation": 270, "texture": "#22"},
				"up": {"uv": [0, 0, 1, 1], "rotation": 270, "texture": "#22"},
				"down": {"uv": [0, 0, 1, 1], "rotation": 270, "texture": "#22"}
			}
		},
		{
			"from": [21, 26, 7],
			"to": [22, 27, 8],
			"rotation": {"angle": 22.5, "axis": "x", "origin": [0.5, 26.5, 17.5]},
			"faces": {
				"north": {"uv": [0, 0, 1, 1], "rotation": 270, "texture": "#22"},
				"east": {"uv": [0, 0, 1, 1], "rotation": 270, "texture": "#22"},
				"south": {"uv": [0, 0, 1, 1], "rotation": 270, "texture": "#22"},
				"west": {"uv": [0, 0, 1, 1], "rotation": 270, "texture": "#22"},
				"up": {"uv": [0, 0, 1, 1], "rotation": 270, "texture": "#22"},
				"down": {"uv": [0, 0, 1, 1], "rotation": 270, "texture": "#22"}
			}
		},
		{
			"from": [7, 11, 7],
			"to": [8, 12, 8],
			"faces": {
				"north": {"uv": [0, 0, 1, 1], "texture": "#20"},
				"east": {"uv": [0, 0, 1, 1], "texture": "#20"},
				"south": {"uv": [0, 0, 1, 1], "texture": "#20"},
				"west": {"uv": [0, 0, 1, 1], "texture": "#20"},
				"up": {"uv": [0, 0, 1, 1], "texture": "#20"},
				"down": {"uv": [0, 0, 1, 1], "texture": "#20"}
			}
		}
	],
	"display": {
		"thirdperson_righthand": {
			"rotation": [68, -176, 0],
			"translation": [-21.75, 13.25, -1],
			"scale": [1.16406, 1.10352, 1]
		},
		"ground": {
			"translation": [3.5, 12.25, 0]
		}
	},
	"groups": [
		{
			"name": "group",
			"children": [
				{
					"name": "group4",
					"children": [0, 1, 2, 3, 4, 5, 6, 7, 8, 9, 10, 11, 12, 13, 14, 15, 16, 17, 18, 19, 20, 21, 22, 23, 24, 25, 26, 27, 28, 29, 30, 31, 32, 33, 34, 35, 36, 37, 38, 39, 40]
				},
				{
					"name": "group5",
					"children": [41, 42, 43, 44, 45, 46, 47, 48, 49, 50, 51, 52, 53, 54, 55, 56, 57, 58, 59, 60, 61, 62, 63, 64, 65, 66, 67, 68, 69, 70, 71, 72, 73, 74, 75, 76, 77, 78, 79, 80, 81, 82]
				},
				{
					"name": "group",
					"children": [83, 84, 85, 86, 87, 88, 89, 90, 91, 92, 93, 94, 95, 96, 97, 98, 99, 100, 101, 102, 103, 104, 105, 106, 107, 108, 109, 110, 111, 112, 113, 114,
						{
							"name": "group",
							"children": [115, 116, 117, 118, 119,
								{
									"name": "group",
									"children": [
										{
											"name": "group2",
											"children": [120, 121, 122]
										},
										{
											"name": "group3",
											"children": [
												{
													"name": "group2",
													"children": [123]
												}
											]
										}
									]
								}
							]
						}, 124, 125, 126, 127, 128]
				}
			]
		}, 129, 130, 131, 132, 133, 134, 135, 136, 137, 138, 139, 140, 141, 142, 143, 144, 145, 146, 147, 148, 149, 150, 151, 152, 153, 154, 155, 156, 157, 158, 159, 160, 161, 162, 163, 164, 165, 166, 167, 168, 169, 170, 171, 172, 173, 174, 175, 176, 177, 178, 179, 180, 181, 182, 183, 184, 185, 186, 187, 188, 189, 190, 191, 192, 193, 194, 195, 196, 197, 198, 199, 200, 201, 202, 203, 204]
}
