{
	"credit": "Made by SpyKid_22",
	"textures": {
		"0": "block/red_wool",
		"1": "block/white_wool",
		"2": "block/light_gray_wool",
		"3": "block/gray_wool",
		"4": "block/yellow_wool",
		"5": "block/green_wool",
		"6": "block/lime_wool",
		"particle": "block/red_wool"
	},
	"elements": [
		{
			"name": "hexadecagon",
			"from": [2.05, -0.15, 3.95517],
			"to": [3.7988, 0.35, 7.05073],
			"rotation": {"angle": 0, "axis": "y", "origin": [8.79778, 0.12919, 5.50295]},
			"faces": {
				"north": {"uv": [0, 0, 1, 1], "texture": "#2"},
				"east": {"uv": [0, 0, 1, 1], "texture": "#2"},
				"south": {"uv": [0, 0, 1, 1], "texture": "#2"},
				"west": {"uv": [0, 0, 1, 1], "texture": "#2"},
				"up": {"uv": [0, 0, 1, 1], "texture": "#2"},
				"down": {"uv": [0, 0, 1, 1], "texture": "#2"}
			}
		},
		{
			"name": "hexadecagon",
			"from": [2.1, 0.1, 3.8952],
			"to": [2.25, 0.25, 7.0952],
			"rotation": {"angle": -45, "axis": "z", "origin": [2.1, 0, 3.9552]},
			"faces": {
				"north": {"uv": [0, 0, 1, 1], "texture": "#3"},
				"east": {"uv": [0, 0, 1, 1], "texture": "#3"},
				"south": {"uv": [0, 0, 1, 1], "texture": "#3"},
				"west": {"uv": [0, 0, 1, 1], "texture": "#3"},
				"up": {"uv": [0, 0, 1, 1], "texture": "#3"},
				"down": {"uv": [0, 0, 1, 1], "texture": "#3"}
			}
		},
		{
			"name": "hexadecagon",
			"from": [3.35, 0.1, 3.8952],
			"to": [3.5, 0.25, 7.0952],
			"rotation": {"angle": -45, "axis": "z", "origin": [3.35, 0, 3.9552]},
			"faces": {
				"north": {"uv": [0, 0, 1, 1], "texture": "#3"},
				"east": {"uv": [0, 0, 1, 1], "texture": "#3"},
				"south": {"uv": [0, 0, 1, 1], "texture": "#3"},
				"west": {"uv": [0, 0, 1, 1], "texture": "#3"},
				"up": {"uv": [0, 0, 1, 1], "texture": "#3"},
				"down": {"uv": [0, 0, 1, 1], "texture": "#3"}
			}
		},
		{
			"name": "hexadecagon",
			"from": [2, 0.01101, 5.40118],
			"to": [2.59556, 0.25, 7],
			"rotation": {"angle": -45, "axis": "y", "origin": [2.29778, 0.12919, 5.50295]},
			"faces": {
				"north": {"uv": [0, 0, 1, 1], "texture": "#1"},
				"east": {"uv": [0, 0, 1, 1], "texture": "#1"},
				"south": {"uv": [0, 0, 1, 1], "texture": "#1"},
				"west": {"uv": [0, 0, 1, 1], "texture": "#1"},
				"up": {"uv": [0, 0, 1, 1], "rotation": 180, "texture": "#1"},
				"down": {"uv": [0, 0, 1, 1], "rotation": 180, "texture": "#1"}
			}
		},
		{
			"name": "hexadecagon",
			"from": [2, 0.01101, 5.40118],
			"to": [2.59556, 0.25, 7],
			"rotation": {"angle": -22.5, "axis": "y", "origin": [2.29778, 0.12919, 5.50295]},
			"faces": {
				"north": {"uv": [0, 0, 1, 1], "texture": "#1"},
				"east": {"uv": [0, 0, 1, 1], "texture": "#1"},
				"south": {"uv": [0, 0, 1, 1], "texture": "#1"},
				"west": {"uv": [0, 0, 1, 1], "texture": "#1"},
				"up": {"uv": [0, 0, 1, 1], "rotation": 180, "texture": "#1"},
				"down": {"uv": [0, 0, 1, 1], "rotation": 180, "texture": "#1"}
			}
		},
		{
			"name": "hexadecagon",
			"from": [2.25, 0.01101, 4.40118],
			"to": [2.84556, 0.25, 7],
			"rotation": {"angle": 0, "axis": "y", "origin": [2.54778, 0.12919, 5.50295]},
			"faces": {
				"north": {"uv": [0, 0, 1, 1], "texture": "#1"},
				"east": {"uv": [0, 0, 1, 1], "texture": "#1"},
				"south": {"uv": [0, 0, 1, 1], "texture": "#1"},
				"west": {"uv": [0, 0, 1, 1], "texture": "#1"},
				"up": {"uv": [0, 0, 1, 1], "rotation": 180, "texture": "#1"},
				"down": {"uv": [0, 0, 1, 1], "rotation": 180, "texture": "#1"}
			}
		},
		{
			"name": "hexadecagon",
			"from": [2.25, 0.01101, 4.00589],
			"to": [2.84556, 0.25, 4.60472],
			"rotation": {"angle": 0, "axis": "y", "origin": [2.54778, 0.12919, 5.50295]},
			"faces": {
				"north": {"uv": [0, 0, 1, 1], "texture": "#1"},
				"east": {"uv": [0, 0, 1, 1], "texture": "#1"},
				"south": {"uv": [0, 0, 1, 1], "texture": "#1"},
				"west": {"uv": [0, 0, 1, 1], "texture": "#1"},
				"up": {"uv": [0, 0, 1, 1], "rotation": 180, "texture": "#1"},
				"down": {"uv": [0, 0, 1, 1], "rotation": 180, "texture": "#1"}
			}
		},
		{
			"name": "hexadecagon",
			"from": [2, 0.01101, 4.00589],
			"to": [2.59556, 0.25, 5.60472],
			"rotation": {"angle": 22.5, "axis": "y", "origin": [2.29778, 0.12919, 5.50295]},
			"faces": {
				"north": {"uv": [0, 0, 1, 1], "texture": "#1"},
				"east": {"uv": [0, 0, 1, 1], "texture": "#1"},
				"south": {"uv": [0, 0, 1, 1], "texture": "#1"},
				"west": {"uv": [0, 0, 1, 1], "texture": "#1"},
				"up": {"uv": [0, 0, 1, 1], "rotation": 180, "texture": "#1"},
				"down": {"uv": [0, 0, 1, 1], "rotation": 180, "texture": "#1"}
			}
		},
		{
			"name": "hexadecagon",
			"from": [0.80073, 0.01101, 5.20517],
			"to": [2.39955, 0.25, 5.80073],
			"rotation": {"angle": -45, "axis": "y", "origin": [2.29778, 0.12919, 5.50295]},
			"faces": {
				"north": {"uv": [0, 0, 1, 1], "texture": "#1"},
				"east": {"uv": [0, 0, 1, 1], "texture": "#1"},
				"south": {"uv": [0, 0, 1, 1], "texture": "#1"},
				"west": {"uv": [0, 0, 1, 1], "texture": "#1"},
				"up": {"uv": [0, 0, 1, 1], "rotation": 90, "texture": "#1"},
				"down": {"uv": [0, 0, 1, 1], "rotation": 270, "texture": "#1"}
			}
		},
		{
			"name": "hexadecagon",
			"from": [0.80073, 0.01101, 5.20517],
			"to": [2.39955, 0.25, 5.80073],
			"rotation": {"angle": -22.5, "axis": "y", "origin": [2.29778, 0.12919, 5.50295]},
			"faces": {
				"north": {"uv": [0, 0, 1, 1], "texture": "#1"},
				"east": {"uv": [0, 0, 1, 1], "texture": "#1"},
				"south": {"uv": [0, 0, 1, 1], "texture": "#1"},
				"west": {"uv": [0, 0, 1, 1], "texture": "#1"},
				"up": {"uv": [0, 0, 1, 1], "rotation": 180, "texture": "#1"},
				"down": {"uv": [0, 0, 1, 1], "rotation": 180, "texture": "#1"}
			}
		},
		{
			"name": "hexadecagon",
			"from": [0.80073, 0.011, 5.20517],
			"to": [10.14955, 0.25, 5.80073],
			"rotation": {"angle": 0, "axis": "y", "origin": [2.29778, 0.12918, 5.50295]},
			"faces": {
				"north": {"uv": [0, 0, 1, 1], "texture": "#1"},
				"east": {"uv": [0, 0, 1, 1], "texture": "#1"},
				"south": {"uv": [0, 0, 1, 1], "texture": "#1"},
				"west": {"uv": [0, 0, 1, 1], "texture": "#1"},
				"up": {"uv": [0, 0, 1, 1], "rotation": 180, "texture": "#1"},
				"down": {"uv": [0, 0, 1, 1], "rotation": 180, "texture": "#1"}
			}
		},
		{
			"name": "hexadecagon",
			"from": [0.80073, 0.01101, 5.20517],
			"to": [2.39955, 0.25, 5.80073],
			"rotation": {"angle": 22.5, "axis": "y", "origin": [2.29778, 0.12919, 5.50295]},
			"faces": {
				"north": {"uv": [0, 0, 1, 1], "texture": "#1"},
				"east": {"uv": [0, 0, 1, 1], "texture": "#1"},
				"south": {"uv": [0, 0, 1, 1], "texture": "#1"},
				"west": {"uv": [0, 0, 1, 1], "texture": "#1"},
				"up": {"uv": [0, 0, 1, 1], "rotation": 180, "texture": "#1"},
				"down": {"uv": [0, 0, 1, 1], "rotation": 180, "texture": "#1"}
			}
		},
		{
			"name": "hexadecagon",
			"from": [9.5, 0.01101, 4.00589],
			"to": [10.09556, 0.25, 5.60472],
			"rotation": {"angle": -45, "axis": "y", "origin": [9.79778, 0.12919, 5.50295]},
			"faces": {
				"north": {"uv": [0, 0, 1, 1], "texture": "#1"},
				"east": {"uv": [0, 0, 1, 1], "texture": "#1"},
				"south": {"uv": [0, 0, 1, 1], "texture": "#1"},
				"west": {"uv": [0, 0, 1, 1], "texture": "#1"},
				"up": {"uv": [0, 0, 1, 1], "texture": "#1"},
				"down": {"uv": [0, 0, 1, 1], "texture": "#1"}
			}
		},
		{
			"name": "hexadecagon",
			"from": [9.5, 0.01101, 4.00589],
			"to": [10.09556, 0.25, 5.60472],
			"rotation": {"angle": -22.5, "axis": "y", "origin": [9.79778, 0.12919, 5.50295]},
			"faces": {
				"north": {"uv": [0, 0, 1, 1], "texture": "#1"},
				"east": {"uv": [0, 0, 1, 1], "texture": "#1"},
				"south": {"uv": [0, 0, 1, 1], "texture": "#1"},
				"west": {"uv": [0, 0, 1, 1], "texture": "#1"},
				"up": {"uv": [0, 0, 1, 1], "texture": "#1"},
				"down": {"uv": [0, 0, 1, 1], "texture": "#1"}
			}
		},
		{
			"name": "hexadecagon",
			"from": [9.5, 0.01101, 4.00589],
			"to": [10.09556, 0.25, 6.60472],
			"rotation": {"angle": 0, "axis": "y", "origin": [9.79778, 0.12919, 5.50295]},
			"faces": {
				"north": {"uv": [0, 0, 1, 1], "texture": "#1"},
				"east": {"uv": [0, 0, 1, 1], "texture": "#1"},
				"south": {"uv": [0, 0, 1, 1], "texture": "#1"},
				"west": {"uv": [0, 0, 1, 1], "texture": "#1"},
				"up": {"uv": [0, 0, 1, 1], "texture": "#1"},
				"down": {"uv": [0, 0, 1, 1], "texture": "#1"}
			}
		},
		{
			"name": "hexadecagon",
			"from": [9.5, 0.01101, 6.40118],
			"to": [10.09556, 0.25, 7],
			"rotation": {"angle": 0, "axis": "y", "origin": [9.79778, 0.12919, 5.50295]},
			"faces": {
				"north": {"uv": [0, 0, 1, 1], "texture": "#1"},
				"east": {"uv": [0, 0, 1, 1], "texture": "#1"},
				"south": {"uv": [0, 0, 1, 1], "texture": "#1"},
				"west": {"uv": [0, 0, 1, 1], "texture": "#1"},
				"up": {"uv": [0, 0, 1, 1], "texture": "#1"},
				"down": {"uv": [0, 0, 1, 1], "texture": "#1"}
			}
		},
		{
			"name": "hexadecagon",
			"from": [9.5, 0.01101, 5.40118],
			"to": [10.09556, 0.25, 7],
			"rotation": {"angle": 22.5, "axis": "y", "origin": [9.79778, 0.12919, 5.50295]},
			"faces": {
				"north": {"uv": [0, 0, 1, 1], "texture": "#1"},
				"east": {"uv": [0, 0, 1, 1], "texture": "#1"},
				"south": {"uv": [0, 0, 1, 1], "texture": "#1"},
				"west": {"uv": [0, 0, 1, 1], "texture": "#1"},
				"up": {"uv": [0, 0, 1, 1], "texture": "#1"},
				"down": {"uv": [0, 0, 1, 1], "texture": "#1"}
			}
		},
		{
			"name": "hexadecagon",
			"from": [9.5, 0.01101, 5.40118],
			"to": [10.09556, 0.25, 7],
			"rotation": {"angle": 45, "axis": "y", "origin": [9.79778, 0.12919, 5.50295]},
			"faces": {
				"north": {"uv": [0, 0, 1, 1], "texture": "#1"},
				"east": {"uv": [0, 0, 1, 1], "texture": "#1"},
				"south": {"uv": [0, 0, 1, 1], "texture": "#1"},
				"west": {"uv": [0, 0, 1, 1], "texture": "#1"},
				"up": {"uv": [0, 0, 1, 1], "texture": "#1"},
				"down": {"uv": [0, 0, 1, 1], "texture": "#1"}
			}
		},
		{
			"name": "hexadecagon",
			"from": [9.69601, 0.01101, 5.20517],
			"to": [11.29483, 0.25, 5.80073],
			"rotation": {"angle": -22.5, "axis": "y", "origin": [9.79778, 0.12919, 5.50295]},
			"faces": {
				"north": {"uv": [0, 0, 1, 1], "texture": "#1"},
				"east": {"uv": [0, 0, 1, 1], "texture": "#1"},
				"south": {"uv": [0, 0, 1, 1], "texture": "#1"},
				"west": {"uv": [0, 0, 1, 1], "texture": "#1"},
				"up": {"uv": [0, 0, 1, 1], "texture": "#1"},
				"down": {"uv": [0, 0, 1, 1], "texture": "#1"}
			}
		},
		{
			"name": "hexadecagon",
			"from": [0.8, 0.01101, 5.20517],
			"to": [11.2988, 0.30101, 5.80073],
			"rotation": {"angle": 0, "axis": "y", "origin": [9.79778, 0.12919, 5.50295]},
			"faces": {
				"north": {"uv": [0, 0, 1, 1], "texture": "#0"},
				"east": {"uv": [0, 0, 1, 1], "texture": "#0"},
				"south": {"uv": [0, 0, 1, 1], "texture": "#0"},
				"west": {"uv": [0, 0, 1, 1], "texture": "#0"},
				"up": {"uv": [0, 0, 1, 1], "texture": "#0"},
				"down": {"uv": [0, 0, 1, 1], "texture": "#0"}
			}
		},
		{
			"name": "hexadecagon",
			"from": [1.05, 0.01101, 4.95517],
			"to": [11.0488, 0.30101, 6.05073],
			"rotation": {"angle": 0, "axis": "y", "origin": [9.79778, 0.12919, 5.50295]},
			"faces": {
				"north": {"uv": [0, 0, 1, 1], "texture": "#0"},
				"east": {"uv": [0, 0, 1, 1], "texture": "#0"},
				"south": {"uv": [0, 0, 1, 1], "texture": "#0"},
				"west": {"uv": [0, 0, 1, 1], "texture": "#0"},
				"up": {"uv": [0, 0, 1, 1], "texture": "#0"},
				"down": {"uv": [0, 0, 1, 1], "texture": "#0"}
			}
		},
		{
			"name": "hexadecagon",
			"from": [1.3, 0.01101, 4.70517],
			"to": [10.7988, 0.30101, 6.30073],
			"rotation": {"angle": 0, "axis": "y", "origin": [9.79778, 0.12919, 5.50295]},
			"faces": {
				"north": {"uv": [0, 0, 1, 1], "texture": "#0"},
				"east": {"uv": [0, 0, 1, 1], "texture": "#0"},
				"south": {"uv": [0, 0, 1, 1], "texture": "#0"},
				"west": {"uv": [0, 0, 1, 1], "texture": "#0"},
				"up": {"uv": [0, 0, 1, 1], "texture": "#0"},
				"down": {"uv": [0, 0, 1, 1], "texture": "#0"}
			}
		},
		{
			"name": "hexadecagon",
			"from": [9.69601, 0.01101, 5.20517],
			"to": [11.29483, 0.25, 5.80073],
			"rotation": {"angle": 22.5, "axis": "y", "origin": [9.79778, 0.12919, 5.50295]},
			"faces": {
				"north": {"uv": [0, 0, 1, 1], "texture": "#1"},
				"east": {"uv": [0, 0, 1, 1], "texture": "#1"},
				"south": {"uv": [0, 0, 1, 1], "texture": "#1"},
				"west": {"uv": [0, 0, 1, 1], "texture": "#1"},
				"up": {"uv": [0, 0, 1, 1], "texture": "#1"},
				"down": {"uv": [0, 0, 1, 1], "texture": "#1"}
			}
		},
		{
			"from": [2, 0, 4.00589],
			"to": [9.5, 0.25, 7.00589],
			"rotation": {"angle": 0, "axis": "y", "origin": [10, 8, 12.00589]},
			"faces": {
				"north": {"uv": [0, 0, 7.5, 0.25], "texture": "#1"},
				"east": {"uv": [0, 0, 3, 0.25], "texture": "#1"},
				"south": {"uv": [0, 0, 7.5, 0.25], "texture": "#1"},
				"west": {"uv": [0, 0, 3, 0.25], "texture": "#1"},
				"up": {"uv": [0, 0, 7.5, 3], "texture": "#1"},
				"down": {"uv": [0, 0, 7.5, 3], "texture": "#1"}
			}
		},
		{
			"from": [0.35, 1.1, 3.2],
			"to": [2.75, 2.9, 6.8],
			"rotation": {"angle": -22.5, "axis": "z", "origin": [0.65, 1.1, 5.6]},
			"faces": {
				"north": {"uv": [0, 0, 2, 1.5], "texture": "#5"},
				"east": {"uv": [0, 0, 3, 1.5], "texture": "#5"},
				"south": {"uv": [0, 0, 2, 1.5], "texture": "#5"},
				"west": {"uv": [0, 0, 3, 1.5], "texture": "#5"},
				"up": {"uv": [0, 0, 2, 3], "texture": "#5"},
				"down": {"uv": [0, 0, 2, 3], "texture": "#5"}
			}
		},
		{
			"from": [0.21298, 1.71844, 3.2],
			"to": [2.49298, 3.57844, 6.8],
			"rotation": {"angle": 22.5, "axis": "z", "origin": [2.31298, 3.51844, 5.6]},
			"faces": {
				"north": {"uv": [0, 0, 1.9, 1.55], "rotation": 180, "texture": "#5"},
				"east": {"uv": [0, 0, 3, 1.55], "rotation": 180, "texture": "#5"},
				"south": {"uv": [0, 0, 1.9, 1.55], "rotation": 180, "texture": "#5"},
				"west": {"uv": [0, 0, 3, 1.55], "rotation": 180, "texture": "#5"},
				"up": {"uv": [0, 0, 1.9, 3], "rotation": 180, "texture": "#5"},
				"down": {"uv": [0, 0, 1.9, 3], "rotation": 180, "texture": "#5"}
			}
		},
		{
			"from": [0.37284, 1.21481, 3.2],
			"to": [3.37284, 2.71481, 6.8],
			"rotation": {"angle": 0, "axis": "z", "origin": [0.37284, 3.31481, 5.6]},
			"faces": {
				"north": {"uv": [0, 0, 1.25, 2.5], "rotation": 270, "texture": "#5"},
				"east": {"uv": [0, 0, 1.25, 3], "rotation": 90, "texture": "#5"},
				"south": {"uv": [0, 0, 1.25, 2.5], "rotation": 90, "texture": "#5"},
				"west": {"uv": [0, 0, 1.25, 3], "rotation": 90, "texture": "#5"},
				"up": {"uv": [0, 0, 3, 2.5], "rotation": 90, "texture": "#5"},
				"down": {"uv": [0, 0, 3, 2.5], "rotation": 90, "texture": "#5"}
			}
		},
		{
			"from": [2.47284, 3.61481, 3.925],
			"to": [3.37284, 4.21481, 6.025],
			"rotation": {"angle": 0, "axis": "z", "origin": [0.37284, 4.51481, 5.725]},
			"faces": {
				"north": {"uv": [0, 0, 0.5, 0.75], "rotation": 270, "texture": "#5"},
				"east": {"uv": [0, 0, 0.5, 1.75], "rotation": 90, "texture": "#5"},
				"south": {"uv": [0, 0, 0.5, 0.75], "rotation": 90, "texture": "#5"},
				"west": {"uv": [0, 0, 0.5, 1.75], "rotation": 90, "texture": "#5"},
				"up": {"uv": [0, 0, 1.75, 0.75], "rotation": 90, "texture": "#5"},
				"down": {"uv": [0, 0, 1.75, 0.75], "rotation": 90, "texture": "#5"}
			}
		},
		{
			"from": [2.77284, 3.74, 4.045],
			"to": [3.43284, 4.1, 5.845],
			"rotation": {"angle": 0, "axis": "z", "origin": [0.37284, 4.51484, 5.725]},
			"faces": {
				"north": {"uv": [0, 0, 0.3, 0.55], "rotation": 270, "texture": "#4"},
				"east": {"uv": [0, 0, 0.3, 1.5], "rotation": 90, "texture": "#4"},
				"south": {"uv": [0, 0, 0.3, 0.55], "rotation": 90, "texture": "#4"},
				"west": {"uv": [0, 0, 0.3, 1.5], "rotation": 90, "texture": "#4"},
				"up": {"uv": [0, 0, 1.5, 0.55], "rotation": 90, "texture": "#4"},
				"down": {"uv": [0, 0, 1.5, 0.55], "rotation": 90, "texture": "#4"}
			}
		},
		{
			"from": [3.67284, 0.98, 4.52],
			"to": [4.33284, 1.22, 5.48],
			"rotation": {"angle": 0, "axis": "z", "origin": [1.27284, 1.51484, 5.6]},
			"faces": {
				"north": {"uv": [0, 0, 0.2, 0.55], "rotation": 270, "texture": "#4"},
				"east": {"uv": [0, 0, 0.2, 0.8], "rotation": 90, "texture": "#4"},
				"south": {"uv": [0, 0, 0.2, 0.55], "rotation": 90, "texture": "#4"},
				"west": {"uv": [0, 0, 0.2, 0.8], "rotation": 90, "texture": "#4"},
				"up": {"uv": [0, 0, 0.8, 0.55], "rotation": 90, "texture": "#4"},
				"down": {"uv": [0, 0, 0.8, 0.55], "rotation": 90, "texture": "#4"}
			}
		},
		{
			"from": [2.79784, 2.845, 6.08],
			"to": [3.45784, 3.055, 6.32],
			"rotation": {"angle": 45, "axis": "x", "origin": [3.25, 3, 6.3]},
			"faces": {
				"north": {"uv": [0, 0, 0.8, 0.55], "rotation": 270, "texture": "#0"},
				"east": {"uv": [0, 0, 0.2, 0.8], "rotation": 180, "texture": "#0"},
				"south": {"uv": [0, 0, 0.8, 0.55], "rotation": 90, "texture": "#0"},
				"west": {"uv": [0, 0, 0.2, 0.8], "texture": "#0"},
				"up": {"uv": [0, 0, 0.2, 0.55], "rotation": 90, "texture": "#0"},
				"down": {"uv": [0, 0, 0.2, 0.55], "rotation": 90, "texture": "#0"}
			}
		},
		{
			"from": [2.79784, 2.355, 6.02],
			"to": [3.45784, 2.47, 6.355],
			"rotation": {"angle": 0, "axis": "x", "origin": [3.25, 2.375, 6.3]},
			"faces": {
				"north": {"uv": [0, 0, 0.2, 0.55], "rotation": 270, "texture": "#0"},
				"east": {"uv": [0, 0, 0.2, 0.8], "rotation": 90, "texture": "#0"},
				"south": {"uv": [0, 0, 0.2, 0.55], "rotation": 90, "texture": "#0"},
				"west": {"uv": [0, 0, 0.2, 0.8], "rotation": 90, "texture": "#0"},
				"up": {"uv": [0, 0, 0.8, 0.55], "rotation": 90, "texture": "#0"},
				"down": {"uv": [0, 0, 0.8, 0.55], "rotation": 90, "texture": "#0"}
			}
		},
		{
			"from": [2.79784, 2.355, 6.77],
			"to": [2.95784, 3.97, 6.855],
			"rotation": {"angle": -45, "axis": "z", "origin": [3.25, 2.375, 6.8]},
			"faces": {
				"north": {"uv": [0, 0, 0.2, 0.55], "rotation": 270, "texture": "#3"},
				"east": {"uv": [0, 0, 0.2, 0.8], "rotation": 90, "texture": "#3"},
				"south": {"uv": [0, 0, 0.2, 0.55], "rotation": 90, "texture": "#3"},
				"west": {"uv": [0, 0, 0.2, 0.8], "rotation": 90, "texture": "#3"},
				"up": {"uv": [0, 0, 0.8, 0.55], "rotation": 90, "texture": "#3"},
				"down": {"uv": [0, 0, 0.8, 0.55], "rotation": 90, "texture": "#3"}
			}
		},
		{
			"from": [2.67284, 3.355, 6.645],
			"to": [3.08284, 3.845, 6.98],
			"rotation": {"angle": -45, "axis": "z", "origin": [3.25, 2.375, 6.8]},
			"faces": {
				"north": {"uv": [0, 0, 0.2, 0.55], "rotation": 270, "texture": "#0"},
				"east": {"uv": [0, 0, 0.2, 0.8], "rotation": 90, "texture": "#0"},
				"south": {"uv": [0, 0, 0.2, 0.55], "rotation": 90, "texture": "#0"},
				"west": {"uv": [0, 0, 0.2, 0.8], "rotation": 90, "texture": "#0"},
				"up": {"uv": [0, 0, 0.8, 0.55], "rotation": 90, "texture": "#0"},
				"down": {"uv": [0, 0, 0.8, 0.55], "rotation": 90, "texture": "#0"}
			}
		},
		{
			"from": [2.79784, 2.095, 3.705],
			"to": [3.45784, 2.43, 3.82],
			"rotation": {"angle": 0, "axis": "x", "origin": [3.25, 2.375, 3.8]},
			"faces": {
				"north": {"uv": [0, 0, 0.8, 0.55], "rotation": 270, "texture": "#0"},
				"east": {"uv": [0, 0, 0.2, 0.8], "rotation": 180, "texture": "#0"},
				"south": {"uv": [0, 0, 0.8, 0.55], "rotation": 90, "texture": "#0"},
				"west": {"uv": [0, 0, 0.2, 0.8], "texture": "#0"},
				"up": {"uv": [0, 0, 0.2, 0.55], "rotation": 90, "texture": "#0"},
				"down": {"uv": [0, 0, 0.2, 0.55], "rotation": 90, "texture": "#0"}
			}
		},
		{
			"from": [2.79784, 1.72, 3.705],
			"to": [3.45784, 2.055, 3.82],
			"rotation": {"angle": 0, "axis": "x", "origin": [3.25, 2, 3.8]},
			"faces": {
				"north": {"uv": [0, 0, 0.8, 0.55], "rotation": 270, "texture": "#0"},
				"east": {"uv": [0, 0, 0.2, 0.8], "rotation": 180, "texture": "#0"},
				"south": {"uv": [0, 0, 0.8, 0.55], "rotation": 90, "texture": "#0"},
				"west": {"uv": [0, 0, 0.2, 0.8], "texture": "#0"},
				"up": {"uv": [0, 0, 0.2, 0.55], "rotation": 90, "texture": "#0"},
				"down": {"uv": [0, 0, 0.2, 0.55], "rotation": 90, "texture": "#0"}
			}
		},
		{
			"from": [2.79784, 1.48, 6.145],
			"to": [3.39784, 2.72, 6.23],
			"rotation": {"angle": 0, "axis": "x", "origin": [3.25, 2.375, 6.3]},
			"faces": {
				"north": {"uv": [0, 0, 0.2, 0.55], "rotation": 270, "texture": "#3"},
				"east": {"uv": [0, 0, 0.2, 0.8], "rotation": 90, "texture": "#3"},
				"south": {"uv": [0, 0, 0.2, 0.55], "rotation": 90, "texture": "#3"},
				"west": {"uv": [0, 0, 0.2, 0.8], "rotation": 90, "texture": "#3"},
				"up": {"uv": [0, 0, 0.8, 0.55], "rotation": 90, "texture": "#3"},
				"down": {"uv": [0, 0, 0.8, 0.55], "rotation": 90, "texture": "#3"}
			}
		},
		{
			"from": [2.79784, 2.22, 3.455],
			"to": [3.39784, 2.305, 5.07],
			"rotation": {"angle": 0, "axis": "x", "origin": [3.25, 2.375, 3.8]},
			"faces": {
				"north": {"uv": [0, 0, 0.8, 0.55], "rotation": 270, "texture": "#3"},
				"east": {"uv": [0, 0, 0.2, 0.8], "rotation": 180, "texture": "#3"},
				"south": {"uv": [0, 0, 0.8, 0.55], "rotation": 90, "texture": "#3"},
				"west": {"uv": [0, 0, 0.2, 0.8], "texture": "#3"},
				"up": {"uv": [0, 0, 0.2, 0.55], "rotation": 90, "texture": "#3"},
				"down": {"uv": [0, 0, 0.2, 0.55], "rotation": 90, "texture": "#3"}
			}
		},
		{
			"from": [2.79784, 1.845, 3.455],
			"to": [3.39784, 1.93, 5.07],
			"rotation": {"angle": 0, "axis": "x", "origin": [3.25, 2, 3.8]},
			"faces": {
				"north": {"uv": [0, 0, 0.8, 0.55], "rotation": 270, "texture": "#3"},
				"east": {"uv": [0, 0, 0.2, 0.8], "rotation": 180, "texture": "#3"},
				"south": {"uv": [0, 0, 0.8, 0.55], "rotation": 90, "texture": "#3"},
				"west": {"uv": [0, 0, 0.2, 0.8], "texture": "#3"},
				"up": {"uv": [0, 0, 0.2, 0.55], "rotation": 90, "texture": "#3"},
				"down": {"uv": [0, 0, 0.2, 0.55], "rotation": 90, "texture": "#3"}
			}
		},
		{
			"from": [2.79784, 2.845, 5.58],
			"to": [3.45784, 3.055, 5.82],
			"rotation": {"angle": 45, "axis": "x", "origin": [3.25, 3, 5.8]},
			"faces": {
				"north": {"uv": [0, 0, 0.8, 0.55], "rotation": 270, "texture": "#0"},
				"east": {"uv": [0, 0, 0.2, 0.8], "rotation": 180, "texture": "#0"},
				"south": {"uv": [0, 0, 0.8, 0.55], "rotation": 90, "texture": "#0"},
				"west": {"uv": [0, 0, 0.2, 0.8], "texture": "#0"},
				"up": {"uv": [0, 0, 0.2, 0.55], "rotation": 90, "texture": "#0"},
				"down": {"uv": [0, 0, 0.2, 0.55], "rotation": 90, "texture": "#0"}
			}
		},
		{
			"from": [2.79784, 2.845, 3.58],
			"to": [3.45784, 3.055, 3.82],
			"rotation": {"angle": 45, "axis": "x", "origin": [3.25, 3, 3.8]},
			"faces": {
				"north": {"uv": [0, 0, 0.8, 0.55], "rotation": 270, "texture": "#0"},
				"east": {"uv": [0, 0, 0.2, 0.8], "rotation": 180, "texture": "#0"},
				"south": {"uv": [0, 0, 0.8, 0.55], "rotation": 90, "texture": "#0"},
				"west": {"uv": [0, 0, 0.2, 0.8], "texture": "#0"},
				"up": {"uv": [0, 0, 0.2, 0.55], "rotation": 90, "texture": "#0"},
				"down": {"uv": [0, 0, 0.2, 0.55], "rotation": 90, "texture": "#0"}
			}
		},
		{
			"from": [2.79784, 2.845, 4.08],
			"to": [3.45784, 3.055, 4.32],
			"rotation": {"angle": 45, "axis": "x", "origin": [3.25, 3, 4.3]},
			"faces": {
				"north": {"uv": [0, 0, 0.8, 0.55], "rotation": 270, "texture": "#0"},
				"east": {"uv": [0, 0, 0.2, 0.8], "rotation": 180, "texture": "#0"},
				"south": {"uv": [0, 0, 0.8, 0.55], "rotation": 90, "texture": "#0"},
				"west": {"uv": [0, 0, 0.2, 0.8], "texture": "#0"},
				"up": {"uv": [0, 0, 0.2, 0.55], "rotation": 90, "texture": "#0"},
				"down": {"uv": [0, 0, 0.2, 0.55], "rotation": 90, "texture": "#0"}
			}
		},
		{
			"from": [2.45, 0.5, 3.2],
			"to": [3.374, 3.632, 6.8],
			"rotation": {"angle": 0, "axis": "z", "origin": [1.25, 0.5, 5.6]},
			"faces": {
				"north": {"uv": [0, 0, 0.77, 2.61], "texture": "#5"},
				"east": {"uv": [0, 0, 3, 2.61], "texture": "#5"},
				"south": {"uv": [0, 0, 0.77, 2.61], "texture": "#5"},
				"west": {"uv": [0, 0, 3, 2.61], "texture": "#5"},
				"up": {"uv": [0, 0, 0.77, 3], "texture": "#5"},
				"down": {"uv": [0, 0, 0.77, 3], "texture": "#5"}
			}
		},
		{
			"from": [3.05, 0.5, 4.4],
			"to": [4.25, 1.4, 5.6],
			"rotation": {"angle": 0, "axis": "z", "origin": [1.25, 0.5, 5.6]},
			"faces": {
				"north": {"uv": [0, 0, 1, 0.75], "texture": "#5"},
				"east": {"uv": [0, 0, 1, 0.75], "texture": "#5"},
				"south": {"uv": [0, 0, 1, 0.75], "texture": "#5"},
				"west": {"uv": [0, 0, 1, 0.75], "texture": "#5"},
				"up": {"uv": [0, 0, 1, 1], "texture": "#5"},
				"down": {"uv": [0, 0, 1, 1], "texture": "#5"}
			}
		},
		{
			"name": "hexadecagon",
			"from": [3, 2.95027, 4.75],
			"to": [3.5, 3.04973, 5.25],
			"rotation": {"angle": -45, "axis": "x", "origin": [3.25, 3, 5]},
			"faces": {
				"north": {"uv": [0, 0, 1, 1], "texture": "#3"},
				"east": {"uv": [0, 0, 1, 1], "texture": "#3"},
				"south": {"uv": [0, 0, 1, 1], "texture": "#3"},
				"west": {"uv": [0, 0, 1, 1], "texture": "#3"},
				"up": {"uv": [0, 0, 1, 1], "texture": "#3"},
				"down": {"uv": [0, 0, 1, 1], "texture": "#3"}
			}
		},
		{
			"name": "hexadecagon",
			"from": [3, 2.95027, 4.75],
			"to": [3.5, 3.04973, 5.25],
			"rotation": {"angle": -22.5, "axis": "x", "origin": [3.25, 3, 5]},
			"faces": {
				"north": {"uv": [0, 0, 1, 1], "texture": "#3"},
				"east": {"uv": [0, 0, 1, 1], "texture": "#3"},
				"south": {"uv": [0, 0, 1, 1], "texture": "#3"},
				"west": {"uv": [0, 0, 1, 1], "texture": "#3"},
				"up": {"uv": [0, 0, 1, 1], "texture": "#3"},
				"down": {"uv": [0, 0, 1, 1], "texture": "#3"}
			}
		},
		{
			"name": "hexadecagon",
			"from": [3, 2.95027, 4.75],
			"to": [3.5, 3.04973, 5.25],
			"rotation": {"angle": 0, "axis": "x", "origin": [3.25, 3, 5]},
			"faces": {
				"north": {"uv": [0, 0, 1, 1], "texture": "#3"},
				"east": {"uv": [0, 0, 1, 1], "texture": "#3"},
				"south": {"uv": [0, 0, 1, 1], "texture": "#3"},
				"west": {"uv": [0, 0, 1, 1], "texture": "#3"},
				"up": {"uv": [0, 0, 1, 1], "texture": "#3"},
				"down": {"uv": [0, 0, 1, 1], "texture": "#3"}
			}
		},
		{
			"name": "hexadecagon",
			"from": [3, 2.95027, 4.75],
			"to": [3.5, 3.04973, 5.25],
			"rotation": {"angle": 22.5, "axis": "x", "origin": [3.25, 3, 5]},
			"faces": {
				"north": {"uv": [0, 0, 1, 1], "texture": "#3"},
				"east": {"uv": [0, 0, 1, 1], "texture": "#3"},
				"south": {"uv": [0, 0, 1, 1], "texture": "#3"},
				"west": {"uv": [0, 0, 1, 1], "texture": "#3"},
				"up": {"uv": [0, 0, 1, 1], "texture": "#3"},
				"down": {"uv": [0, 0, 1, 1], "texture": "#3"}
			}
		},
		{
			"name": "hexadecagon",
			"from": [3, 2.95027, 4.75],
			"to": [3.5, 3.04973, 5.25],
			"rotation": {"angle": 45, "axis": "x", "origin": [3.25, 3, 5]},
			"faces": {
				"north": {"uv": [0, 0, 1, 1], "texture": "#3"},
				"east": {"uv": [0, 0, 1, 1], "texture": "#3"},
				"south": {"uv": [0, 0, 1, 1], "texture": "#3"},
				"west": {"uv": [0, 0, 1, 1], "texture": "#3"},
				"up": {"uv": [0, 0, 1, 1], "texture": "#3"},
				"down": {"uv": [0, 0, 1, 1], "texture": "#3"}
			}
		},
		{
			"name": "hexadecagon",
			"from": [3, 2.75, 4.95027],
			"to": [3.5, 3.25, 5.04973],
			"rotation": {"angle": -22.5, "axis": "x", "origin": [3.25, 3, 5]},
			"faces": {
				"north": {"uv": [0, 0, 1, 1], "texture": "#3"},
				"east": {"uv": [0, 0, 1, 1], "texture": "#3"},
				"south": {"uv": [0, 0, 1, 1], "texture": "#3"},
				"west": {"uv": [0, 0, 1, 1], "texture": "#3"},
				"up": {"uv": [0, 0, 1, 1], "texture": "#3"},
				"down": {"uv": [0, 0, 1, 1], "texture": "#3"}
			}
		},
		{
			"name": "hexadecagon",
			"from": [3, 2.75, 4.95027],
			"to": [3.5, 3.25, 5.04973],
			"rotation": {"angle": 0, "axis": "x", "origin": [3.25, 3, 5]},
			"faces": {
				"north": {"uv": [0, 0, 1, 1], "texture": "#3"},
				"east": {"uv": [0, 0, 1, 1], "texture": "#3"},
				"south": {"uv": [0, 0, 1, 1], "texture": "#3"},
				"west": {"uv": [0, 0, 1, 1], "texture": "#3"},
				"up": {"uv": [0, 0, 1, 1], "texture": "#3"},
				"down": {"uv": [0, 0, 1, 1], "texture": "#3"}
			}
		},
		{
			"name": "hexadecagon",
			"from": [3, 2.75, 4.95027],
			"to": [3.5, 3.25, 5.04973],
			"rotation": {"angle": 22.5, "axis": "x", "origin": [3.25, 3, 5]},
			"faces": {
				"north": {"uv": [0, 0, 1, 1], "texture": "#3"},
				"east": {"uv": [0, 0, 1, 1], "texture": "#3"},
				"south": {"uv": [0, 0, 1, 1], "texture": "#3"},
				"west": {"uv": [0, 0, 1, 1], "texture": "#3"},
				"up": {"uv": [0, 0, 1, 1], "texture": "#3"},
				"down": {"uv": [0, 0, 1, 1], "texture": "#3"}
			}
		},
		{
			"name": "hexadecagon",
			"from": [3.25, 1.38306, 4.396],
			"to": [4.25, 1.62494, 5.612],
			"rotation": {"angle": -45, "axis": "x", "origin": [-0.026, 1.504, 5.004]},
			"faces": {
				"north": {"uv": [0, 0, 1, 1], "texture": "#5"},
				"east": {"uv": [0, 0, 1, 1], "texture": "#5"},
				"south": {"uv": [0, 0, 1, 1], "texture": "#5"},
				"west": {"uv": [0, 0, 1, 1], "texture": "#5"},
				"up": {"uv": [0, 0, 1, 1], "texture": "#5"},
				"down": {"uv": [0, 0, 1, 1], "texture": "#5"}
			}
		},
		{
			"name": "hexadecagon",
			"from": [3.25, 1.38306, 4.396],
			"to": [4.25, 1.62494, 5.612],
			"rotation": {"angle": -22.5, "axis": "x", "origin": [-0.026, 1.504, 5.004]},
			"faces": {
				"north": {"uv": [0, 0, 1, 1], "texture": "#5"},
				"east": {"uv": [0, 0, 1, 1], "texture": "#5"},
				"south": {"uv": [0, 0, 1, 1], "texture": "#5"},
				"west": {"uv": [0, 0, 1, 1], "texture": "#5"},
				"up": {"uv": [0, 0, 1, 1], "texture": "#5"},
				"down": {"uv": [0, 0, 1, 1], "texture": "#5"}
			}
		},
		{
			"name": "hexadecagon",
			"from": [3.25, 1.38306, 4.396],
			"to": [4.25, 1.62494, 5.612],
			"rotation": {"angle": 0, "axis": "x", "origin": [-0.026, 1.504, 5.004]},
			"faces": {
				"north": {"uv": [0, 0, 1, 1], "texture": "#5"},
				"east": {"uv": [0, 0, 1, 1], "texture": "#5"},
				"south": {"uv": [0, 0, 1, 1], "texture": "#5"},
				"west": {"uv": [0, 0, 1, 1], "texture": "#5"},
				"up": {"uv": [0, 0, 1, 1], "texture": "#5"},
				"down": {"uv": [0, 0, 1, 1], "texture": "#5"}
			}
		},
		{
			"name": "hexadecagon",
			"from": [3.25, 1.38306, 4.396],
			"to": [4.25, 1.62494, 5.612],
			"rotation": {"angle": 22.5, "axis": "x", "origin": [-0.026, 1.504, 5.004]},
			"faces": {
				"north": {"uv": [0, 0, 1, 1], "texture": "#5"},
				"east": {"uv": [0, 0, 1, 1], "texture": "#5"},
				"south": {"uv": [0, 0, 1, 1], "texture": "#5"},
				"west": {"uv": [0, 0, 1, 1], "texture": "#5"},
				"up": {"uv": [0, 0, 1, 1], "texture": "#5"},
				"down": {"uv": [0, 0, 1, 1], "texture": "#5"}
			}
		},
		{
			"name": "hexadecagon",
			"from": [3.25, 1.38306, 4.396],
			"to": [4.25, 1.62494, 5.612],
			"rotation": {"angle": 45, "axis": "x", "origin": [-0.026, 1.504, 5.004]},
			"faces": {
				"north": {"uv": [0, 0, 1, 1], "texture": "#5"},
				"east": {"uv": [0, 0, 1, 1], "texture": "#5"},
				"south": {"uv": [0, 0, 1, 1], "texture": "#5"},
				"west": {"uv": [0, 0, 1, 1], "texture": "#5"},
				"up": {"uv": [0, 0, 1, 1], "texture": "#5"},
				"down": {"uv": [0, 0, 1, 1], "texture": "#5"}
			}
		},
		{
			"name": "hexadecagon",
			"from": [3.25, 0.896, 4.88306],
			"to": [4.25, 2.112, 5.12494],
			"rotation": {"angle": -22.5, "axis": "x", "origin": [-0.026, 1.504, 5.004]},
			"faces": {
				"north": {"uv": [0, 0, 1, 1], "texture": "#5"},
				"east": {"uv": [0, 0, 1, 1], "texture": "#5"},
				"south": {"uv": [0, 0, 1, 1], "texture": "#5"},
				"west": {"uv": [0, 0, 1, 1], "texture": "#5"},
				"up": {"uv": [0, 0, 1, 1], "texture": "#5"},
				"down": {"uv": [0, 0, 1, 1], "texture": "#5"}
			}
		},
		{
			"name": "hexadecagon",
			"from": [3.25, 0.896, 4.88306],
			"to": [4.25, 2.112, 5.12494],
			"rotation": {"angle": 0, "axis": "x", "origin": [-0.026, 1.504, 5.004]},
			"faces": {
				"north": {"uv": [0, 0, 1, 1], "texture": "#5"},
				"east": {"uv": [0, 0, 1, 1], "texture": "#5"},
				"south": {"uv": [0, 0, 1, 1], "texture": "#5"},
				"west": {"uv": [0, 0, 1, 1], "texture": "#5"},
				"up": {"uv": [0, 0, 1, 1], "texture": "#5"},
				"down": {"uv": [0, 0, 1, 1], "texture": "#5"}
			}
		},
		{
			"name": "hexadecagon",
			"from": [3.25, 0.896, 4.88306],
			"to": [4.25, 2.112, 5.12494],
			"rotation": {"angle": 22.5, "axis": "x", "origin": [-0.026, 1.504, 5.004]},
			"faces": {
				"north": {"uv": [0, 0, 1, 1], "texture": "#5"},
				"east": {"uv": [0, 0, 1, 1], "texture": "#5"},
				"south": {"uv": [0, 0, 1, 1], "texture": "#5"},
				"west": {"uv": [0, 0, 1, 1], "texture": "#5"},
				"up": {"uv": [0, 0, 1, 1], "texture": "#5"},
				"down": {"uv": [0, 0, 1, 1], "texture": "#5"}
			}
		},
		{
			"name": "hexadecagon",
			"from": [3.5, 1.46887, 4.99805],
			"to": [4.36, 1.67689, 5.54381],
			"rotation": {"angle": -45, "axis": "x", "origin": [0.68264, 1.57288, 5.02093]},
			"faces": {
				"north": {"uv": [0, 0, 1, 1], "texture": "#4"},
				"east": {"uv": [0, 0, 1, 1], "texture": "#4"},
				"south": {"uv": [0, 0, 1, 1], "texture": "#4"},
				"west": {"uv": [0, 0, 1, 1], "texture": "#4"},
				"up": {"uv": [0, 0, 1, 1], "texture": "#4"},
				"down": {"uv": [0, 0, 1, 1], "texture": "#4"}
			}
		},
		{
			"name": "hexadecagon",
			"from": [3.51, 1.4912, 5.00619],
			"to": [4.385, 1.57421, 5.42695],
			"rotation": {"angle": -45, "axis": "x", "origin": [0.79264, 1.47021, 5.02907]},
			"faces": {
				"north": {"uv": [0, 0, 1, 1], "texture": "#0"},
				"east": {"uv": [0, 0, 1, 1], "texture": "#0"},
				"south": {"uv": [0, 0, 1, 1], "texture": "#0"},
				"west": {"uv": [0, 0, 1, 1], "texture": "#0"},
				"up": {"uv": [0, 0, 1, 1], "texture": "#0"},
				"down": {"uv": [0, 0, 1, 1], "texture": "#0"}
			}
		},
		{
			"name": "hexadecagon",
			"from": [3.5, 1.46887, 4.99805],
			"to": [4.36, 1.67689, 5.54381],
			"rotation": {"angle": -22.5, "axis": "x", "origin": [0.68264, 1.57288, 5.02093]},
			"faces": {
				"north": {"uv": [0, 0, 1, 1], "texture": "#4"},
				"east": {"uv": [0, 0, 1, 1], "texture": "#4"},
				"south": {"uv": [0, 0, 1, 1], "texture": "#4"},
				"west": {"uv": [0, 0, 1, 1], "texture": "#4"},
				"up": {"uv": [0, 0, 1, 1], "texture": "#4"},
				"down": {"uv": [0, 0, 1, 1], "texture": "#4"}
			}
		},
		{
			"name": "hexadecagon",
			"from": [3.5, 1.46887, 4.49805],
			"to": [4.36, 1.67689, 5.54381],
			"rotation": {"angle": 0, "axis": "x", "origin": [0.68264, 1.57288, 5.02093]},
			"faces": {
				"north": {"uv": [0, 0, 1, 1], "texture": "#4"},
				"east": {"uv": [0, 0, 1, 1], "texture": "#4"},
				"south": {"uv": [0, 0, 1, 1], "texture": "#4"},
				"west": {"uv": [0, 0, 1, 1], "texture": "#4"},
				"up": {"uv": [0, 0, 1, 1], "texture": "#4"},
				"down": {"uv": [0, 0, 1, 1], "texture": "#4"}
			}
		},
		{
			"name": "hexadecagon",
			"from": [3.5, 1.46887, 4.49805],
			"to": [4.36, 1.67689, 5.04381],
			"rotation": {"angle": 22.5, "axis": "x", "origin": [0.68264, 1.57288, 5.02093]},
			"faces": {
				"north": {"uv": [0, 0, 1, 1], "texture": "#4"},
				"east": {"uv": [0, 0, 1, 1], "texture": "#4"},
				"south": {"uv": [0, 0, 1, 1], "texture": "#4"},
				"west": {"uv": [0, 0, 1, 1], "texture": "#4"},
				"up": {"uv": [0, 0, 1, 1], "texture": "#4"},
				"down": {"uv": [0, 0, 1, 1], "texture": "#4"}
			}
		},
		{
			"name": "hexadecagon",
			"from": [3.5, 1.46887, 4.49805],
			"to": [4.36, 1.67689, 5.04381],
			"rotation": {"angle": 45, "axis": "x", "origin": [0.68264, 1.57288, 5.02093]},
			"faces": {
				"north": {"uv": [0, 0, 1, 1], "texture": "#4"},
				"east": {"uv": [0, 0, 1, 1], "texture": "#4"},
				"south": {"uv": [0, 0, 1, 1], "texture": "#4"},
				"west": {"uv": [0, 0, 1, 1], "texture": "#4"},
				"up": {"uv": [0, 0, 1, 1], "texture": "#4"},
				"down": {"uv": [0, 0, 1, 1], "texture": "#4"}
			}
		},
		{
			"name": "hexadecagon",
			"from": [3.5, 1.54876, 4.91071],
			"to": [4.36, 2.09452, 5.11872],
			"rotation": {"angle": -22.5, "axis": "x", "origin": [0.68264, 1.58788, 5.01472]},
			"faces": {
				"north": {"uv": [0, 0, 1, 1], "texture": "#4"},
				"east": {"uv": [0, 0, 1, 1], "texture": "#4"},
				"south": {"uv": [0, 0, 1, 1], "texture": "#4"},
				"west": {"uv": [0, 0, 1, 1], "texture": "#4"},
				"up": {"uv": [0, 0, 1, 1], "texture": "#4"},
				"down": {"uv": [0, 0, 1, 1], "texture": "#4"}
			}
		},
		{
			"name": "hexadecagon",
			"from": [3.5, 1.55, 4.91692],
			"to": [4.36, 2.09576, 5.12494],
			"rotation": {"angle": 0, "axis": "x", "origin": [0.68264, 1.58912, 5.02093]},
			"faces": {
				"north": {"uv": [0, 0, 1, 1], "texture": "#4"},
				"east": {"uv": [0, 0, 1, 1], "texture": "#4"},
				"south": {"uv": [0, 0, 1, 1], "texture": "#4"},
				"west": {"uv": [0, 0, 1, 1], "texture": "#4"},
				"up": {"uv": [0, 0, 1, 1], "texture": "#4"},
				"down": {"uv": [0, 0, 1, 1], "texture": "#4"}
			}
		},
		{
			"name": "hexadecagon",
			"from": [3.5, 1.55, 4.91692],
			"to": [4.36, 2.09576, 5.12494],
			"rotation": {"angle": 22.5, "axis": "x", "origin": [0.68264, 1.57288, 5.02093]},
			"faces": {
				"north": {"uv": [0, 0, 1, 1], "texture": "#4"},
				"east": {"uv": [0, 0, 1, 1], "texture": "#4"},
				"south": {"uv": [0, 0, 1, 1], "texture": "#4"},
				"west": {"uv": [0, 0, 1, 1], "texture": "#4"},
				"up": {"uv": [0, 0, 1, 1], "texture": "#4"},
				"down": {"uv": [0, 0, 1, 1], "texture": "#4"}
			}
		},
		{
			"name": "hexadecagon",
			"from": [3, 1.07527, 3.5],
			"to": [3.5, 1.17473, 4],
			"rotation": {"angle": -45, "axis": "x", "origin": [3.25, 1.125, 3.75]},
			"faces": {
				"north": {"uv": [0, 0, 1, 1], "texture": "#6"},
				"east": {"uv": [0, 0, 1, 1], "texture": "#6"},
				"south": {"uv": [0, 0, 1, 1], "texture": "#6"},
				"west": {"uv": [0, 0, 1, 1], "texture": "#6"},
				"up": {"uv": [0, 0, 1, 1], "texture": "#6"},
				"down": {"uv": [0, 0, 1, 1], "texture": "#6"}
			}
		},
		{
			"name": "hexadecagon",
			"from": [3, 1.07527, 3.5],
			"to": [3.5, 1.17473, 4],
			"rotation": {"angle": -22.5, "axis": "x", "origin": [3.25, 1.125, 3.75]},
			"faces": {
				"north": {"uv": [0, 0, 1, 1], "texture": "#6"},
				"east": {"uv": [0, 0, 1, 1], "texture": "#6"},
				"south": {"uv": [0, 0, 1, 1], "texture": "#6"},
				"west": {"uv": [0, 0, 1, 1], "texture": "#6"},
				"up": {"uv": [0, 0, 1, 1], "texture": "#6"},
				"down": {"uv": [0, 0, 1, 1], "texture": "#6"}
			}
		},
		{
			"name": "hexadecagon",
			"from": [3, 1.07527, 3.5],
			"to": [3.5, 1.17473, 4],
			"rotation": {"angle": 0, "axis": "x", "origin": [3.25, 1.125, 3.75]},
			"faces": {
				"north": {"uv": [0, 0, 1, 1], "texture": "#6"},
				"east": {"uv": [0, 0, 1, 1], "texture": "#6"},
				"south": {"uv": [0, 0, 1, 1], "texture": "#6"},
				"west": {"uv": [0, 0, 1, 1], "texture": "#6"},
				"up": {"uv": [0, 0, 1, 1], "texture": "#6"},
				"down": {"uv": [0, 0, 1, 1], "texture": "#6"}
			}
		},
		{
			"name": "hexadecagon",
			"from": [3, 1.07527, 3.5],
			"to": [3.5, 1.17473, 4],
			"rotation": {"angle": 22.5, "axis": "x", "origin": [3.25, 1.125, 3.75]},
			"faces": {
				"north": {"uv": [0, 0, 1, 1], "texture": "#6"},
				"east": {"uv": [0, 0, 1, 1], "texture": "#6"},
				"south": {"uv": [0, 0, 1, 1], "texture": "#6"},
				"west": {"uv": [0, 0, 1, 1], "texture": "#6"},
				"up": {"uv": [0, 0, 1, 1], "texture": "#6"},
				"down": {"uv": [0, 0, 1, 1], "texture": "#6"}
			}
		},
		{
			"name": "hexadecagon",
			"from": [3, 1.07527, 3.5],
			"to": [3.5, 1.17473, 4],
			"rotation": {"angle": 45, "axis": "x", "origin": [3.25, 1.125, 3.75]},
			"faces": {
				"north": {"uv": [0, 0, 1, 1], "texture": "#6"},
				"east": {"uv": [0, 0, 1, 1], "texture": "#6"},
				"south": {"uv": [0, 0, 1, 1], "texture": "#6"},
				"west": {"uv": [0, 0, 1, 1], "texture": "#6"},
				"up": {"uv": [0, 0, 1, 1], "texture": "#6"},
				"down": {"uv": [0, 0, 1, 1], "texture": "#6"}
			}
		},
		{
			"name": "hexadecagon",
			"from": [3, 0.875, 3.70027],
			"to": [3.5, 1.375, 3.79973],
			"rotation": {"angle": -22.5, "axis": "x", "origin": [3.25, 1.125, 3.75]},
			"faces": {
				"north": {"uv": [0, 0, 1, 1], "texture": "#6"},
				"east": {"uv": [0, 0, 1, 1], "texture": "#6"},
				"south": {"uv": [0, 0, 1, 1], "texture": "#6"},
				"west": {"uv": [0, 0, 1, 1], "texture": "#6"},
				"up": {"uv": [0, 0, 1, 1], "texture": "#6"},
				"down": {"uv": [0, 0, 1, 1], "texture": "#6"}
			}
		},
		{
			"name": "hexadecagon",
			"from": [3, 0.875, 3.70027],
			"to": [3.5, 1.375, 3.79973],
			"rotation": {"angle": 0, "axis": "x", "origin": [3.25, 1.125, 3.75]},
			"faces": {
				"north": {"uv": [0, 0, 1, 1], "texture": "#6"},
				"east": {"uv": [0, 0, 1, 1], "texture": "#6"},
				"south": {"uv": [0, 0, 1, 1], "texture": "#6"},
				"west": {"uv": [0, 0, 1, 1], "texture": "#6"},
				"up": {"uv": [0, 0, 1, 1], "texture": "#6"},
				"down": {"uv": [0, 0, 1, 1], "texture": "#6"}
			}
		},
		{
			"name": "hexadecagon",
			"from": [3, 0.875, 3.70027],
			"to": [3.5, 1.375, 3.79973],
			"rotation": {"angle": 22.5, "axis": "x", "origin": [3.25, 1.125, 3.75]},
			"faces": {
				"north": {"uv": [0, 0, 1, 1], "texture": "#6"},
				"east": {"uv": [0, 0, 1, 1], "texture": "#6"},
				"south": {"uv": [0, 0, 1, 1], "texture": "#6"},
				"west": {"uv": [0, 0, 1, 1], "texture": "#6"},
				"up": {"uv": [0, 0, 1, 1], "texture": "#6"},
				"down": {"uv": [0, 0, 1, 1], "texture": "#6"}
			}
		},
		{
			"name": "hexadecagon",
			"from": [3, 1.07527, 6],
			"to": [3.5, 1.17473, 6.5],
			"rotation": {"angle": -45, "axis": "x", "origin": [3.25, 1.125, 6.25]},
			"faces": {
				"north": {"uv": [0, 0, 1, 1], "texture": "#6"},
				"east": {"uv": [0, 0, 1, 1], "texture": "#6"},
				"south": {"uv": [0, 0, 1, 1], "texture": "#6"},
				"west": {"uv": [0, 0, 1, 1], "texture": "#6"},
				"up": {"uv": [0, 0, 1, 1], "texture": "#6"},
				"down": {"uv": [0, 0, 1, 1], "texture": "#6"}
			}
		},
		{
			"name": "hexadecagon",
			"from": [3, 1.07527, 6],
			"to": [3.5, 1.17473, 6.5],
			"rotation": {"angle": -22.5, "axis": "x", "origin": [3.25, 1.125, 6.25]},
			"faces": {
				"north": {"uv": [0, 0, 1, 1], "texture": "#6"},
				"east": {"uv": [0, 0, 1, 1], "texture": "#6"},
				"south": {"uv": [0, 0, 1, 1], "texture": "#6"},
				"west": {"uv": [0, 0, 1, 1], "texture": "#6"},
				"up": {"uv": [0, 0, 1, 1], "texture": "#6"},
				"down": {"uv": [0, 0, 1, 1], "texture": "#6"}
			}
		},
		{
			"name": "hexadecagon",
			"from": [3, 1.07527, 6],
			"to": [3.5, 1.17473, 6.5],
			"rotation": {"angle": 0, "axis": "x", "origin": [3.25, 1.125, 6.25]},
			"faces": {
				"north": {"uv": [0, 0, 1, 1], "texture": "#6"},
				"east": {"uv": [0, 0, 1, 1], "texture": "#6"},
				"south": {"uv": [0, 0, 1, 1], "texture": "#6"},
				"west": {"uv": [0, 0, 1, 1], "texture": "#6"},
				"up": {"uv": [0, 0, 1, 1], "texture": "#6"},
				"down": {"uv": [0, 0, 1, 1], "texture": "#6"}
			}
		},
		{
			"name": "hexadecagon",
			"from": [3, 1.07527, 6],
			"to": [3.5, 1.17473, 6.5],
			"rotation": {"angle": 22.5, "axis": "x", "origin": [3.25, 1.125, 6.25]},
			"faces": {
				"north": {"uv": [0, 0, 1, 1], "texture": "#6"},
				"east": {"uv": [0, 0, 1, 1], "texture": "#6"},
				"south": {"uv": [0, 0, 1, 1], "texture": "#6"},
				"west": {"uv": [0, 0, 1, 1], "texture": "#6"},
				"up": {"uv": [0, 0, 1, 1], "texture": "#6"},
				"down": {"uv": [0, 0, 1, 1], "texture": "#6"}
			}
		},
		{
			"name": "hexadecagon",
			"from": [3, 1.07527, 6],
			"to": [3.5, 1.17473, 6.5],
			"rotation": {"angle": 45, "axis": "x", "origin": [3.25, 1.125, 6.25]},
			"faces": {
				"north": {"uv": [0, 0, 1, 1], "texture": "#6"},
				"east": {"uv": [0, 0, 1, 1], "texture": "#6"},
				"south": {"uv": [0, 0, 1, 1], "texture": "#6"},
				"west": {"uv": [0, 0, 1, 1], "texture": "#6"},
				"up": {"uv": [0, 0, 1, 1], "texture": "#6"},
				"down": {"uv": [0, 0, 1, 1], "texture": "#6"}
			}
		},
		{
			"name": "hexadecagon",
			"from": [3, 0.875, 6.20027],
			"to": [3.5, 1.375, 6.29973],
			"rotation": {"angle": -22.5, "axis": "x", "origin": [3.25, 1.125, 6.25]},
			"faces": {
				"north": {"uv": [0, 0, 1, 1], "texture": "#6"},
				"east": {"uv": [0, 0, 1, 1], "texture": "#6"},
				"south": {"uv": [0, 0, 1, 1], "texture": "#6"},
				"west": {"uv": [0, 0, 1, 1], "texture": "#6"},
				"up": {"uv": [0, 0, 1, 1], "texture": "#6"},
				"down": {"uv": [0, 0, 1, 1], "texture": "#6"}
			}
		},
		{
			"name": "hexadecagon",
			"from": [3, 0.875, 6.20027],
			"to": [3.5, 1.375, 6.29973],
			"rotation": {"angle": 0, "axis": "x", "origin": [3.25, 1.125, 6.25]},
			"faces": {
				"north": {"uv": [0, 0, 1, 1], "texture": "#6"},
				"east": {"uv": [0, 0, 1, 1], "texture": "#6"},
				"south": {"uv": [0, 0, 1, 1], "texture": "#6"},
				"west": {"uv": [0, 0, 1, 1], "texture": "#6"},
				"up": {"uv": [0, 0, 1, 1], "texture": "#6"},
				"down": {"uv": [0, 0, 1, 1], "texture": "#6"}
			}
		},
		{
			"name": "hexadecagon",
			"from": [3, 0.875, 6.20027],
			"to": [3.5, 1.375, 6.29973],
			"rotation": {"angle": 22.5, "axis": "x", "origin": [3.25, 1.125, 6.25]},
			"faces": {
				"north": {"uv": [0, 0, 1, 1], "texture": "#6"},
				"east": {"uv": [0, 0, 1, 1], "texture": "#6"},
				"south": {"uv": [0, 0, 1, 1], "texture": "#6"},
				"west": {"uv": [0, 0, 1, 1], "texture": "#6"},
				"up": {"uv": [0, 0, 1, 1], "texture": "#6"},
				"down": {"uv": [0, 0, 1, 1], "texture": "#6"}
			}
		}
	],
	"display": {
		"thirdperson_righthand": {
			"rotation": [67, 90, 0],
			"translation": [4, 7.25, 16],
			"scale": [4, 4, 4]
		},
		"thirdperson_lefthand": {
			"rotation": [67, -89, 0],
			"translation": [-16, 7.25, 16],
			"scale": [4, 4, 4]
		},
		"firstperson_righthand": {
			"rotation": [2, -108, 0],
			"translation": [-5, 10.25, 6.75]
		},
		"firstperson_lefthand": {
			"rotation": [0, 58, 0],
			"translation": [-2.5, 11.5, 9.25]
		},
		"ground": {
			"translation": [3, 9, 6.75],
			"scale": [2, 2, 2]
		},
		"gui": {
			"translation": [5, 8.75, 3],
			"scale": [2, 2, 2]
		},
		"head": {
			"translation": [5.75, -13, 10],
			"scale": [4, 4, 4]
		},
		"fixed": {
			"translation": [5, 8.75, 3],
			"scale": [2, 2, 2]
		}
	},
	"groups": [
		{
			"name": "Metal strap",
			"origin": [8, 8, 8],
			"children": [0, 1, 2]
		},
		{
			"name": "Board",
			"origin": [8, 8, 8],
			"children": [
				{
					"name": "hexadecagon",
					"origin": [8, 8, 8],
					"children": [3, 4, 5, 6, 7, 8, 9, 10, 11]
				},
				{
					"name": "hexadecagon",
					"origin": [8, 8, 8],
					"children": [12, 13, 14, 15, 16, 17, 18, 19, 20, 21, 22]
				}, 23]
		}, 24, 25, 26, 27, 28, 29, 30, 31, 32, 33, 34, 35, 36, 37, 38, 39, 40, 41, 42, 43,
		{
			"name": "hexadecagon",
			"origin": [8, 8, 8],
			"children": [44, 45, 46, 47, 48, 49, 50, 51]
		},
		{
			"name": "hexadecagon",
			"origin": [8, 8, 8],
			"children": [52, 53, 54, 55, 56, 57, 58, 59]
		},
		{
			"name": "hexadecagon",
			"origin": [8, 8, 8],
			"children": [60, 61, 62, 63, 64, 65, 66, 67, 68]
		},
		{
			"name": "hexadecagon",
			"origin": [8, 8, 8],
			"children": [69, 70, 71, 72, 73, 74, 75, 76]
		},
		{
			"name": "hexadecagon",
			"origin": [8, 8, 8],
			"children": [77, 78, 79, 80, 81, 82, 83, 84]
		}
	]
}
