{
	"credit": "Made with Kastle",
	"textures": {
		"0": "custom/backpack_mickey",
		"1": "block/red_concrete",
		"2": "block/black_concrete",
		"3": "block/silver_concrete"
	},
	"elements": [
		{
			"from": [5.5, 7.45, 6.45],
			"to": [10.5, 7.7, 6.5],
			"rotation": {"angle": 0, "axis": "y", "origin": [15.5, 14.2, 13.5]},
			"faces": {
				"north": {"uv": [0, 0, 1, 1], "texture": "#1"},
				"east": {"uv": [0, 0, 1, 1], "texture": "#2"},
				"south": {"uv": [0, 0, 1, 1], "texture": "#2"},
				"west": {"uv": [0, 0, 1, 1], "texture": "#2"},
				"up": {"uv": [0, 0, 1, 1], "texture": "#2"},
				"down": {"uv": [0, 0, 1, 1], "texture": "#2"}
			}
		},
		{
			"from": [5.5, 7.75, 6.45],
			"to": [10.5, 8, 6.5],
			"rotation": {"angle": 0, "axis": "y", "origin": [15.5, 14.5, 13.5]},
			"faces": {
				"north": {"uv": [0, 0, 1, 1], "texture": "#1"},
				"east": {"uv": [0, 0, 1, 1], "texture": "#2"},
				"south": {"uv": [0, 0, 1, 1], "texture": "#2"},
				"west": {"uv": [0, 0, 1, 1], "texture": "#2"},
				"up": {"uv": [0, 0, 1, 1], "texture": "#2"},
				"down": {"uv": [0, 0, 1, 1], "texture": "#2"}
			}
		},
		{
			"from": [5.75, 7.1, 6.4],
			"to": [6, 7.85, 6.45],
			"rotation": {"angle": 0, "axis": "y", "origin": [15, 14.35, 13.45]},
			"faces": {
				"north": {"uv": [0, 0, 0.25, 0.75], "texture": "#3"},
				"east": {"uv": [0, 0, 0.05, 0.75], "texture": "#3"},
				"south": {"uv": [0, 0, 0.25, 0.75], "texture": "#3"},
				"west": {"uv": [0, 0, 0.05, 0.75], "texture": "#3"},
				"up": {"uv": [0, 0, 0.25, 0.05], "texture": "#3"},
				"down": {"uv": [0, 0, 0.25, 0.05], "texture": "#3"}
			}
		},
		{
			"from": [3.5, 3, 6.5],
			"to": [12.5, 7, 10],
			"rotation": {"angle": 0, "axis": "y", "origin": [15.5, 9.5, 14.5]},
			"faces": {
				"north": {"uv": [0, 0, 1, 1], "texture": "#2"},
				"east": {"uv": [0, 0, 1, 1], "texture": "#1"},
				"south": {"uv": [0, 0, 1, 1], "texture": "#2"},
				"west": {"uv": [0, 0, 1, 1], "texture": "#1"},
				"up": {"uv": [0, 0, 1, 1], "texture": "#2"},
				"down": {"uv": [0, 0, 1, 1], "texture": "#2"}
			}
		},
		{
			"from": [3.5, 1, 6.5],
			"to": [12.5, 3, 10],
			"rotation": {"angle": 0, "axis": "y", "origin": [15.5, 9.5, 14.5]},
			"faces": {
				"north": {"uv": [0, 0, 1, 1], "texture": "#1"},
				"east": {"uv": [0, 0, 1, 1], "texture": "#1"},
				"south": {"uv": [0, 0, 1, 1], "texture": "#2"},
				"west": {"uv": [0, 0, 1, 1], "texture": "#1"},
				"up": {"uv": [0, 0, 1, 1], "texture": "#2"},
				"down": {"uv": [0, 0, 1, 1], "texture": "#2"}
			}
		},
		{
			"from": [4.5, 0, 6.5],
			"to": [11.5, 1, 10],
			"rotation": {"angle": 0, "axis": "y", "origin": [15.5, 8.5, 14.5]},
			"faces": {
				"north": {"uv": [0, 0, 1, 1], "texture": "#1"},
				"east": {"uv": [0, 0, 1, 1], "texture": "#2"},
				"south": {"uv": [0, 0, 1, 1], "texture": "#2"},
				"west": {"uv": [0, 0, 1, 1], "texture": "#2"},
				"up": {"uv": [0, 0, 1, 1], "texture": "#2"},
				"down": {"uv": [0, 0, 1, 1], "texture": "#1"}
			}
		},
		{
			"from": [17.97487, -1.04594, 6.5],
			"to": [18.97487, 0.36827, 10],
			"rotation": {"angle": -45, "axis": "z", "origin": [16.5, 8.5, 14.5]},
			"faces": {
				"north": {"uv": [0, 0, 1, 1], "texture": "#1"},
				"east": {"uv": [0, 0, 1, 1], "texture": "#1"},
				"south": {"uv": [0, 0, 1, 1], "texture": "#2"},
				"west": {"uv": [0, 0, 1, 1], "texture": "#2"},
				"up": {"uv": [0, 0, 1, 1], "texture": "#2"},
				"down": {"uv": [0, 0, 1, 1], "texture": "#2"}
			}
		},
		{
			"from": [-2.97487, -1.04594, 6.5],
			"to": [-1.97487, 0.36827, 10],
			"rotation": {"angle": 45, "axis": "z", "origin": [-0.5, 8.5, 14.5]},
			"faces": {
				"north": {"uv": [0, 0, 1, 1], "texture": "#1"},
				"east": {"uv": [0, 0, 1, 1], "texture": "#2"},
				"south": {"uv": [0, 0, 1, 1], "texture": "#2"},
				"west": {"uv": [0, 0, 1, 1], "texture": "#1"},
				"up": {"uv": [0, 0, 1, 1], "texture": "#2"},
				"down": {"uv": [0, 0, 1, 1], "texture": "#2"}
			}
		},
		{
			"from": [6.78983, 7.53909, 6.5],
			"to": [12.28983, 10.03909, 10],
			"rotation": {"angle": -22.5, "axis": "z", "origin": [3.78983, 15.53909, 14.5]},
			"faces": {
				"north": {"uv": [0, 0, 1, 1], "texture": "#2"},
				"east": {"uv": [0, 0, 1, 1], "texture": "#2"},
				"south": {"uv": [0, 0, 1, 1], "texture": "#2"},
				"west": {"uv": [0, 0, 1, 1], "texture": "#1"},
				"up": {"uv": [0, 0, 1, 1], "texture": "#2"},
				"down": {"uv": [0, 0, 1, 1], "texture": "#2"}
			}
		},
		{
			"from": [10.28514, 9.38077, 6.5],
			"to": [15.78514, 10.88077, 10],
			"rotation": {"angle": -45, "axis": "z", "origin": [7.28514, 16.38077, 14.5]},
			"faces": {
				"north": {"uv": [0, 0, 1, 1], "texture": "#2"},
				"east": {"uv": [0, 0, 1, 1], "texture": "#2"},
				"south": {"uv": [0, 0, 1, 1], "texture": "#2"},
				"west": {"uv": [0, 0, 1, 1], "texture": "#1"},
				"up": {"uv": [0, 0, 1, 1], "texture": "#2"},
				"down": {"uv": [0, 0, 1, 1], "texture": "#2"}
			}
		},
		{
			"from": [3.83648, 7.32078, 6.5],
			"to": [5.33648, 12.82078, 10],
			"rotation": {"angle": 22.5, "axis": "z", "origin": [10.83648, 15.82078, 14.5]},
			"faces": {
				"north": {"uv": [0, 0, 1, 1], "rotation": 90, "texture": "#2"},
				"east": {"uv": [0, 0, 1, 1], "rotation": 90, "texture": "#2"},
				"south": {"uv": [0, 0, 1, 1], "rotation": 90, "texture": "#2"},
				"west": {"uv": [0, 0, 1, 1], "rotation": 90, "texture": "#2"},
				"up": {"uv": [0, 0, 1, 1], "rotation": 90, "texture": "#1"},
				"down": {"uv": [0, 0, 1, 1], "rotation": 90, "texture": "#2"}
			}
		},
		{
			"from": [6.90319, 7.5, 6.5],
			"to": [9.09681, 10.94438, 10],
			"rotation": {"angle": 0, "axis": "y", "origin": [15.5, 18, 14.5]},
			"faces": {
				"north": {"uv": [0, 0, 1, 1], "texture": "#2"},
				"east": {"uv": [0, 0, 1, 1], "texture": "#2"},
				"south": {"uv": [0, 0, 1, 1], "texture": "#2"},
				"west": {"uv": [0, 0, 1, 1], "texture": "#2"},
				"up": {"uv": [0, 0, 1, 1], "texture": "#1"},
				"down": {"uv": [0, 0, 1, 1], "texture": "#2"}
			}
		},
		{
			"from": [10.66352, 7.32078, 6.5],
			"to": [12.16352, 12.82078, 10],
			"rotation": {"angle": -22.5, "axis": "z", "origin": [5.16352, 15.82078, 14.5]},
			"faces": {
				"north": {"uv": [0, 0, 1, 1], "rotation": 90, "texture": "#2"},
				"east": {"uv": [0, 0, 1, 1], "rotation": 90, "texture": "#2"},
				"south": {"uv": [0, 0, 1, 1], "rotation": 90, "texture": "#2"},
				"west": {"uv": [0, 0, 1, 1], "rotation": 90, "texture": "#2"},
				"up": {"uv": [0, 0, 1, 1], "rotation": 90, "texture": "#1"},
				"down": {"uv": [0, 0, 1, 1], "rotation": 90, "texture": "#2"}
			}
		},
		{
			"from": [0.21486, 9.38077, 6.5],
			"to": [5.71486, 10.88077, 10],
			"rotation": {"angle": 45, "axis": "z", "origin": [8.71486, 16.38077, 14.5]},
			"faces": {
				"north": {"uv": [0, 0, 1, 1], "texture": "#2"},
				"east": {"uv": [0, 0, 1, 1], "texture": "#1"},
				"south": {"uv": [0, 0, 1, 1], "texture": "#2"},
				"west": {"uv": [0, 0, 1, 1], "texture": "#2"},
				"up": {"uv": [0, 0, 1, 1], "texture": "#2"},
				"down": {"uv": [0, 0, 1, 1], "texture": "#2"}
			}
		},
		{
			"from": [3.71017, 7.53909, 6.5],
			"to": [9.21017, 10.03909, 10],
			"rotation": {"angle": 22.5, "axis": "z", "origin": [12.21017, 15.53909, 14.5]},
			"faces": {
				"north": {"uv": [0, 0, 1, 1], "texture": "#2"},
				"east": {"uv": [0, 0, 1, 1], "texture": "#1"},
				"south": {"uv": [0, 0, 1, 1], "texture": "#2"},
				"west": {"uv": [0, 0, 1, 1], "texture": "#2"},
				"up": {"uv": [0, 0, 1, 1], "texture": "#2"},
				"down": {"uv": [0, 0, 1, 1], "texture": "#2"}
			}
		},
		{
			"from": [5.50241, 3, 6.001],
			"to": [10.48759, 3.50241, 6.5],
			"rotation": {"angle": 0, "axis": "y", "origin": [15.48, 11.982, 13.486]},
			"faces": {
				"north": {"uv": [0, 0, 1, 1], "texture": "#2"},
				"east": {"uv": [0, 0, 1, 1], "texture": "#2"},
				"south": {"uv": [0, 0, 1, 1], "texture": "#2"},
				"west": {"uv": [0, 0, 1, 1], "texture": "#2"},
				"up": {"uv": [0, 0, 1, 1], "texture": "#1"},
				"down": {"uv": [0, 0, 1, 1], "texture": "#2"}
			}
		},
		{
			"from": [2.08375, 4.1282, 6.001],
			"to": [3.08175, 4.3777, 6.5],
			"rotation": {"angle": 45, "axis": "z", "origin": [8.07175, 13.1102, 13.486]},
			"faces": {
				"north": {"uv": [0, 0, 1, 1], "texture": "#2"},
				"east": {"uv": [0, 0, 1, 1], "texture": "#1"},
				"south": {"uv": [0, 0, 1, 1], "texture": "#2"},
				"west": {"uv": [0, 0, 1, 1], "texture": "#2"},
				"up": {"uv": [0, 0, 1, 1], "texture": "#2"},
				"down": {"uv": [0, 0, 1, 1], "texture": "#2"}
			}
		},
		{
			"from": [6.1749, 4.22588, 6.001],
			"to": [7.1729, 4.47538, 6.5],
			"rotation": {"angle": 22.5, "axis": "z", "origin": [12.1629, 13.20788, 13.486]},
			"faces": {
				"north": {"uv": [0, 0, 1, 1], "texture": "#2"},
				"east": {"uv": [0, 0, 1, 1], "texture": "#1"},
				"south": {"uv": [0, 0, 1, 1], "texture": "#2"},
				"west": {"uv": [0, 0, 1, 1], "texture": "#2"},
				"up": {"uv": [0, 0, 1, 1], "texture": "#2"},
				"down": {"uv": [0, 0, 1, 1], "texture": "#2"}
			}
		},
		{
			"from": [2.6786, 5.46635, 6.001],
			"to": [2.9281, 6.46435, 6.5],
			"rotation": {"angle": 22.5, "axis": "z", "origin": [11.6606, 11.45435, 13.486]},
			"faces": {
				"north": {"uv": [0, 0, 1, 1], "rotation": 90, "texture": "#2"},
				"east": {"uv": [0, 0, 1, 1], "rotation": 90, "texture": "#2"},
				"south": {"uv": [0, 0, 1, 1], "rotation": 90, "texture": "#2"},
				"west": {"uv": [0, 0, 1, 1], "rotation": 90, "texture": "#2"},
				"up": {"uv": [0, 0, 1, 1], "rotation": 90, "texture": "#1"},
				"down": {"uv": [0, 0, 1, 1], "rotation": 90, "texture": "#2"}
			}
		},
		{
			"from": [12.90825, 4.1282, 6.001],
			"to": [13.90625, 4.3777, 6.5],
			"rotation": {"angle": -45, "axis": "z", "origin": [7.91825, 13.1102, 13.486]},
			"faces": {
				"north": {"uv": [0, 0, 1, 1], "texture": "#2"},
				"east": {"uv": [0, 0, 1, 1], "texture": "#2"},
				"south": {"uv": [0, 0, 1, 1], "texture": "#2"},
				"west": {"uv": [0, 0, 1, 1], "texture": "#1"},
				"up": {"uv": [0, 0, 1, 1], "texture": "#2"},
				"down": {"uv": [0, 0, 1, 1], "texture": "#2"}
			}
		},
		{
			"from": [8.8171, 4.22588, 6.001],
			"to": [9.8151, 4.47538, 6.5],
			"rotation": {"angle": -22.5, "axis": "z", "origin": [3.8271, 13.20788, 13.486]},
			"faces": {
				"north": {"uv": [0, 0, 1, 1], "texture": "#2"},
				"east": {"uv": [0, 0, 1, 1], "texture": "#2"},
				"south": {"uv": [0, 0, 1, 1], "texture": "#2"},
				"west": {"uv": [0, 0, 1, 1], "texture": "#1"},
				"up": {"uv": [0, 0, 1, 1], "texture": "#2"},
				"down": {"uv": [0, 0, 1, 1], "texture": "#2"}
			}
		},
		{
			"from": [13.0619, 5.46635, 6.001],
			"to": [13.3114, 6.46435, 6.5],
			"rotation": {"angle": -22.5, "axis": "z", "origin": [4.3294, 11.45435, 13.486]},
			"faces": {
				"north": {"uv": [0, 0, 1, 1], "rotation": 90, "texture": "#2"},
				"east": {"uv": [0, 0, 1, 1], "rotation": 90, "texture": "#2"},
				"south": {"uv": [0, 0, 1, 1], "rotation": 90, "texture": "#2"},
				"west": {"uv": [0, 0, 1, 1], "rotation": 90, "texture": "#2"},
				"up": {"uv": [0, 0, 1, 1], "rotation": 90, "texture": "#1"},
				"down": {"uv": [0, 0, 1, 1], "rotation": 90, "texture": "#2"}
			}
		},
		{
			"from": [5, 0.5, 6],
			"to": [11, 3, 6.5],
			"rotation": {"angle": 0, "axis": "y", "origin": [15.5, 9.5, 13.5]},
			"faces": {
				"north": {"uv": [0, 0, 1, 1], "texture": "#1"},
				"east": {"uv": [0, 0, 1, 1], "texture": "#2"},
				"south": {"uv": [0, 0, 1, 1], "texture": "#1"},
				"west": {"uv": [0, 0, 1, 1], "texture": "#2"},
				"up": {"uv": [0, 0, 1, 1], "texture": "#1"},
				"down": {"uv": [0, 0, 1, 1], "texture": "#2"}
			}
		},
		{
			"from": [6, 2.45, 5.95],
			"to": [10, 2.7, 6],
			"rotation": {"angle": 0, "axis": "y", "origin": [15.5, 9.2, 13]},
			"faces": {
				"north": {"uv": [0, 0, 1, 1], "texture": "#2"},
				"east": {"uv": [0, 0, 1, 1], "texture": "#1"},
				"south": {"uv": [0, 0, 1, 1], "texture": "#1"},
				"west": {"uv": [0, 0, 1, 1], "texture": "#1"},
				"up": {"uv": [0, 0, 1, 1], "texture": "#1"},
				"down": {"uv": [0, 0, 1, 1], "texture": "#1"}
			}
		},
		{
			"from": [6, 2.75, 5.95],
			"to": [10, 3, 6],
			"rotation": {"angle": 0, "axis": "y", "origin": [15.5, 9.5, 13]},
			"faces": {
				"north": {"uv": [0, 0, 1, 1], "texture": "#2"},
				"east": {"uv": [0, 0, 1, 1], "texture": "#1"},
				"south": {"uv": [0, 0, 1, 1], "texture": "#1"},
				"west": {"uv": [0, 0, 1, 1], "texture": "#1"},
				"up": {"uv": [0, 0, 1, 1], "texture": "#1"},
				"down": {"uv": [0, 0, 1, 1], "texture": "#1"}
			}
		},
		{
			"from": [6.25, 2.1, 5.9],
			"to": [6.5, 2.85, 5.95],
			"rotation": {"angle": 0, "axis": "y", "origin": [15.5, 9.35, 12.95]},
			"faces": {
				"north": {"uv": [0, 0, 0.25, 0.75], "texture": "#3"},
				"east": {"uv": [0, 0, 0.05, 0.75], "texture": "#3"},
				"south": {"uv": [0, 0, 0.25, 0.75], "texture": "#3"},
				"west": {"uv": [0, 0, 0.05, 0.75], "texture": "#3"},
				"up": {"uv": [0, 0, 0.25, 0.05], "texture": "#3"},
				"down": {"uv": [0, 0, 0.25, 0.05], "texture": "#3"}
			}
		},
		{
			"from": [7.5, 12, 8],
			"to": [8.5, 12.25, 8.5],
			"rotation": {"angle": 0, "axis": "y", "origin": [16, 19.75, 16]},
			"faces": {
				"north": {"uv": [0, 0, 1, 0.25], "texture": "#2"},
				"east": {"uv": [0, 0, 0.5, 0.25], "texture": "#2"},
				"south": {"uv": [0, 0, 1, 0.25], "texture": "#2"},
				"west": {"uv": [0, 0, 0.5, 0.25], "texture": "#2"},
				"up": {"uv": [0, 0, 1, 0.5], "texture": "#2"},
				"down": {"uv": [0, 0, 1, 0.5], "texture": "#2"}
			}
		},
		{
			"from": [10.7231, 8.17629, 8],
			"to": [11.2231, 8.42629, 8.5],
			"rotation": {"angle": -22.5, "axis": "z", "origin": [19.2231, 15.92629, 16]},
			"faces": {
				"north": {"uv": [0, 0, 0.5, 0.25], "texture": "#2"},
				"east": {"uv": [0, 0, 0.5, 0.25], "texture": "#2"},
				"south": {"uv": [0, 0, 0.5, 0.25], "texture": "#2"},
				"west": {"uv": [0, 0, 0.5, 0.25], "texture": "#2"},
				"up": {"uv": [0, 0, 0.5, 0.5], "texture": "#2"},
				"down": {"uv": [0, 0, 0.5, 0.5], "texture": "#2"}
			}
		},
		{
			"from": [4.7769, 8.17629, 8],
			"to": [5.2769, 8.42629, 8.5],
			"rotation": {"angle": 22.5, "axis": "z", "origin": [-3.2231, 15.92629, 16]},
			"faces": {
				"north": {"uv": [0.5, 0, 1, 0.25], "texture": "#2"},
				"east": {"uv": [0.5, 0, 1, 0.25], "texture": "#2"},
				"south": {"uv": [0.5, 0, 1, 0.25], "texture": "#2"},
				"west": {"uv": [0.5, 0, 1, 0.25], "texture": "#2"},
				"up": {"uv": [0.5, 0, 1, 0.5], "texture": "#2"},
				"down": {"uv": [0.5, 0, 1, 0.5], "texture": "#2"}
			}
		},
		{
			"from": [11.77565, 3.60155, 8],
			"to": [12.27565, 3.85155, 8.5],
			"rotation": {"angle": -45, "axis": "z", "origin": [20.27565, 11.35155, 16]},
			"faces": {
				"north": {"uv": [0, 0, 0.5, 0.25], "texture": "#2"},
				"east": {"uv": [0, 0, 0.5, 0.25], "texture": "#2"},
				"south": {"uv": [0, 0, 0.5, 0.25], "texture": "#2"},
				"west": {"uv": [0, 0, 0.5, 0.25], "texture": "#2"},
				"up": {"uv": [0, 0, 0.5, 0.5], "texture": "#2"},
				"down": {"uv": [0, 0, 0.5, 0.5], "texture": "#2"}
			}
		},
		{
			"from": [3.72435, 3.60155, 8],
			"to": [4.22435, 3.85155, 8.5],
			"rotation": {"angle": 45, "axis": "z", "origin": [-4.27565, 11.35155, 16]},
			"faces": {
				"north": {"uv": [0.5, 0, 1, 0.25], "texture": "#2"},
				"east": {"uv": [0.5, 0, 1, 0.25], "texture": "#2"},
				"south": {"uv": [0.5, 0, 1, 0.25], "texture": "#2"},
				"west": {"uv": [0.5, 0, 1, 0.25], "texture": "#2"},
				"up": {"uv": [0.5, 0, 1, 0.5], "texture": "#2"},
				"down": {"uv": [0.5, 0, 1, 0.5], "texture": "#2"}
			}
		},
		{
			"from": [11.7474, 13.72225, 8],
			"to": [11.9974, 15.22225, 8.5],
			"rotation": {"angle": 22.5, "axis": "z", "origin": [19.4974, 6.72225, 16]},
			"faces": {
				"north": {"uv": [0, 0, 1.5, 0.25], "rotation": 270, "texture": "#2"},
				"east": {"uv": [0, 0, 1.5, 0.5], "rotation": 90, "texture": "#2"},
				"south": {"uv": [0, 0, 1.5, 0.25], "rotation": 90, "texture": "#2"},
				"west": {"uv": [0, 0, 1.5, 0.5], "rotation": 90, "texture": "#2"},
				"up": {"uv": [0, 0, 0.5, 0.25], "rotation": 90, "texture": "#2"},
				"down": {"uv": [0, 0, 0.5, 0.25], "rotation": 90, "texture": "#2"}
			}
		},
		{
			"from": [4.0026, 13.72225, 8],
			"to": [4.2526, 15.22225, 8.5],
			"rotation": {"angle": -22.5, "axis": "z", "origin": [-3.4974, 6.72225, 16]},
			"faces": {
				"north": {"uv": [0, 0.25, 1.5, 0.5], "rotation": 270, "texture": "#2"},
				"east": {"uv": [0, 0.5, 1.5, 1], "rotation": 90, "texture": "#2"},
				"south": {"uv": [0, 0.25, 1.5, 0.5], "rotation": 90, "texture": "#2"},
				"west": {"uv": [0, 0.5, 1.5, 1], "rotation": 90, "texture": "#2"},
				"up": {"uv": [0, 0.25, 0.5, 0.5], "rotation": 90, "texture": "#2"},
				"down": {"uv": [0, 0.25, 0.5, 0.5], "rotation": 90, "texture": "#2"}
			}
		},
		{
			"name": "hexadecagon",
			"from": [10, 6.04565, 13.75],
			"to": [11, 7.04565, 14],
			"rotation": {"angle": -45, "axis": "x", "origin": [10.5, 6.25, 10]},
			"faces": {
				"north": {"uv": [0, 0, 0.5, 0.5], "texture": "#2"},
				"east": {"uv": [0, 0, 0.5, 0.5], "texture": "#1"},
				"south": {"uv": [0, 0, 0.5, 0.5], "texture": "#2"},
				"west": {"uv": [0, 0, 0.5, 0.5], "texture": "#1"},
				"up": {"uv": [0, 0, 0.5, 0.5], "texture": "#2"},
				"down": {"uv": [0, 0, 0.5, 0.5], "texture": "#2"}
			}
		},
		{
			"name": "hexadecagon",
			"from": [10, 3.20435, 13.75],
			"to": [11, 4.20435, 14],
			"rotation": {"angle": 45, "axis": "x", "origin": [10.5, 4, 10]},
			"faces": {
				"north": {"uv": [0, 0.5, 0.5, 0], "texture": "#2"},
				"east": {"uv": [0, 0.5, 0.5, 0], "texture": "#1"},
				"south": {"uv": [0, 0.5, 0.5, 0], "texture": "#2"},
				"west": {"uv": [0, 0.5, 0.5, 0], "texture": "#1"},
				"up": {"uv": [0, 0.5, 0.5, 0], "texture": "#2"},
				"down": {"uv": [0, 0.5, 0.5, 0], "texture": "#2"}
			}
		},
		{
			"name": "hexadecagon",
			"from": [10, 6.46376, 13.33189],
			"to": [11, 7.46376, 13.58189],
			"rotation": {"angle": -22.5, "axis": "x", "origin": [10.5, 6.66811, 9.58189]},
			"faces": {
				"north": {"uv": [0, 0, 0.5, 0.5], "texture": "#2"},
				"east": {"uv": [0, 0, 0.5, 0.5], "texture": "#1"},
				"south": {"uv": [0, 0, 0.5, 0.5], "texture": "#2"},
				"west": {"uv": [0, 0, 0.5, 0.5], "texture": "#1"},
				"up": {"uv": [0, 0, 0.5, 0.5], "texture": "#2"},
				"down": {"uv": [0, 0, 0.5, 0.5], "texture": "#2"}
			}
		},
		{
			"name": "hexadecagon",
			"from": [10, 2.78624, 13.33189],
			"to": [11, 3.78624, 13.58189],
			"rotation": {"angle": 22.5, "axis": "x", "origin": [10.5, 3.58189, 9.58189]},
			"faces": {
				"north": {"uv": [0, 0.5, 0.5, 0], "texture": "#2"},
				"east": {"uv": [0, 0.5, 0.5, 0], "texture": "#1"},
				"south": {"uv": [0, 0.5, 0.5, 0], "texture": "#2"},
				"west": {"uv": [0, 0.5, 0.5, 0], "texture": "#1"},
				"up": {"uv": [0, 0.5, 0.5, 0], "texture": "#2"},
				"down": {"uv": [0, 0.5, 0.5, 0], "texture": "#2"}
			}
		},
		{
			"name": "hexadecagon",
			"from": [10, 2.23995, 13.10561],
			"to": [11, 8.01005, 13.35561],
			"rotation": {"angle": 0, "axis": "y", "origin": [10.5, 6.9644, 9.35561]},
			"faces": {
				"north": {"uv": [0, 0, 0.5, 0.5], "texture": "#2"},
				"east": {"uv": [0, 0, 0.5, 0.5], "texture": "#1"},
				"south": {"uv": [0, 0, 0.5, 0.5], "texture": "#2"},
				"west": {"uv": [0, 0, 0.5, 0.5], "texture": "#1"},
				"up": {"uv": [0, 0, 0.5, 0.5], "texture": "#2"},
				"down": {"uv": [0, 0, 0.5, 0.5], "texture": "#2"}
			}
		},
		{
			"name": "hexadecagon",
			"from": [10, 10, 11.31211],
			"to": [11, 10.25, 11.81211],
			"rotation": {"angle": -22.5, "axis": "x", "origin": [10.5, 6.25, 12.10776]},
			"faces": {
				"north": {"uv": [0, 0, 0.5, 0.5], "texture": "#2"},
				"east": {"uv": [0, 0, 0.5, 0.5], "texture": "#1"},
				"south": {"uv": [0, 0, 0.5, 0.5], "texture": "#2"},
				"west": {"uv": [0, 0, 0.5, 0.5], "texture": "#1"},
				"up": {"uv": [0, 0, 0.5, 0.5], "texture": "#2"},
				"down": {"uv": [0, 0, 0.5, 0.5], "texture": "#2"}
			}
		},
		{
			"name": "hexadecagon",
			"from": [10, 0, 11.31211],
			"to": [11, 0.25, 11.81211],
			"rotation": {"angle": 22.5, "axis": "x", "origin": [10.5, 4, 12.10776]},
			"faces": {
				"north": {"uv": [0, 0.5, 0.5, 0], "texture": "#2"},
				"east": {"uv": [0, 0.5, 0.5, 0], "texture": "#1"},
				"south": {"uv": [0, 0.5, 0.5, 0], "texture": "#2"},
				"west": {"uv": [0, 0.5, 0.5, 0], "texture": "#1"},
				"up": {"uv": [0, 0.5, 0.5, 0], "texture": "#2"},
				"down": {"uv": [0, 0.5, 0.5, 0], "texture": "#2"}
			}
		},
		{
			"name": "hexadecagon",
			"from": [10, 9.58238, 10.30388],
			"to": [11, 9.83238, 11.80388],
			"rotation": {"angle": 0, "axis": "y", "origin": [10.5, 5.83238, 11.09953]},
			"faces": {
				"north": {"uv": [0, 0, 0.5, 0.5], "texture": "#2"},
				"east": {"uv": [0, 0, 0.5, 0.5], "texture": "#1"},
				"south": {"uv": [0, 0, 0.5, 0.5], "texture": "#2"},
				"west": {"uv": [0, 0, 0.5, 0.5], "texture": "#1"},
				"up": {"uv": [0, 0, 0.5, 0.5], "texture": "#2"},
				"down": {"uv": [0, 0, 0.5, 0.5], "texture": "#2"}
			}
		},
		{
			"name": "hexadecagon",
			"from": [10, 0.41762, 10.30388],
			"to": [11, 0.66762, 11.80388],
			"rotation": {"angle": 0, "axis": "y", "origin": [10.5, 4.41762, 11.09953]},
			"faces": {
				"north": {"uv": [0, 0.5, 0.5, 0], "texture": "#2"},
				"east": {"uv": [0, 0.5, 0.5, 0], "texture": "#1"},
				"south": {"uv": [0, 0.5, 0.5, 0], "texture": "#2"},
				"west": {"uv": [0, 0.5, 0.5, 0], "texture": "#1"},
				"up": {"uv": [0, 0.5, 0.5, 0], "texture": "#2"},
				"down": {"uv": [0, 0.5, 0.5, 0], "texture": "#2"}
			}
		},
		{
			"name": "hexadecagon",
			"from": [10, 9.58238, 10.21258],
			"to": [11, 9.83238, 10.71258],
			"rotation": {"angle": 22.5, "axis": "x", "origin": [10.5, 5.83238, 11.00823]},
			"faces": {
				"north": {"uv": [0, 0, 0.5, 0.5], "texture": "#2"},
				"east": {"uv": [0, 0, 0.5, 0.5], "texture": "#1"},
				"south": {"uv": [0, 0, 0.5, 0.5], "texture": "#2"},
				"west": {"uv": [0, 0, 0.5, 0.5], "texture": "#1"},
				"up": {"uv": [0, 0, 0.5, 0.5], "texture": "#2"},
				"down": {"uv": [0, 0, 0.5, 0.5], "texture": "#2"}
			}
		},
		{
			"name": "hexadecagon",
			"from": [10, 0.41762, 10.21258],
			"to": [11, 0.66762, 10.71258],
			"rotation": {"angle": -22.5, "axis": "x", "origin": [10.5, 4.41762, 11.00823]},
			"faces": {
				"north": {"uv": [0, 0.5, 0.5, 0], "texture": "#2"},
				"east": {"uv": [0, 0.5, 0.5, 0], "texture": "#1"},
				"south": {"uv": [0, 0.5, 0.5, 0], "texture": "#2"},
				"west": {"uv": [0, 0.5, 0.5, 0], "texture": "#1"},
				"up": {"uv": [0, 0.5, 0.5, 0], "texture": "#2"},
				"down": {"uv": [0, 0.5, 0.5, 0], "texture": "#2"}
			}
		},
		{
			"name": "hexadecagon",
			"from": [5, 6.04565, 13.75],
			"to": [6, 7.04565, 14],
			"rotation": {"angle": -45, "axis": "x", "origin": [5.5, 6.25, 10]},
			"faces": {
				"north": {"uv": [0.5, 0, 0, 0.5], "texture": "#2"},
				"east": {"uv": [0, 0, 1, 1], "texture": "#1"},
				"south": {"uv": [0.5, 0, 0, 0.5], "texture": "#2"},
				"west": {"uv": [0.5, 0, 0, 0.5], "texture": "#1"},
				"up": {"uv": [0.5, 0, 0, 0.5], "texture": "#2"},
				"down": {"uv": [0.5, 0, 0, 0.5], "texture": "#2"}
			}
		},
		{
			"name": "hexadecagon",
			"from": [5, 3.20435, 13.75],
			"to": [6, 4.20435, 14],
			"rotation": {"angle": 45, "axis": "x", "origin": [5.5, 4, 10]},
			"faces": {
				"north": {"uv": [0.5, 0.5, 0, 0], "texture": "#2"},
				"east": {"uv": [0, 0, 1, 1], "texture": "#1"},
				"south": {"uv": [0.5, 0.5, 0, 0], "texture": "#2"},
				"west": {"uv": [0.5, 0.5, 0, 0], "texture": "#1"},
				"up": {"uv": [0.5, 0.5, 0, 0], "texture": "#2"},
				"down": {"uv": [0.5, 0.5, 0, 0], "texture": "#2"}
			}
		},
		{
			"name": "hexadecagon",
			"from": [5, 6.46376, 13.33189],
			"to": [6, 7.46376, 13.58189],
			"rotation": {"angle": -22.5, "axis": "x", "origin": [5.5, 6.66811, 9.58189]},
			"faces": {
				"north": {"uv": [0.5, 0, 0, 0.5], "texture": "#2"},
				"east": {"uv": [0, 0, 1, 1], "texture": "#1"},
				"south": {"uv": [0.5, 0, 0, 0.5], "texture": "#2"},
				"west": {"uv": [0.5, 0, 0, 0.5], "texture": "#1"},
				"up": {"uv": [0.5, 0, 0, 0.5], "texture": "#2"},
				"down": {"uv": [0.5, 0, 0, 0.5], "texture": "#2"}
			}
		},
		{
			"name": "hexadecagon",
			"from": [5, 2.78624, 13.33189],
			"to": [6, 3.78624, 13.58189],
			"rotation": {"angle": 22.5, "axis": "x", "origin": [5.5, 3.58189, 9.58189]},
			"faces": {
				"north": {"uv": [0.5, 0.5, 0, 0], "texture": "#2"},
				"east": {"uv": [0, 0, 1, 1], "texture": "#1"},
				"south": {"uv": [0.5, 0.5, 0, 0], "texture": "#2"},
				"west": {"uv": [0.5, 0.5, 0, 0], "texture": "#1"},
				"up": {"uv": [0.5, 0.5, 0, 0], "texture": "#2"},
				"down": {"uv": [0.5, 0.5, 0, 0], "texture": "#2"}
			}
		},
		{
			"name": "hexadecagon",
			"from": [5, 2.23995, 13.10561],
			"to": [6, 8.01005, 13.35561],
			"rotation": {"angle": 0, "axis": "y", "origin": [5.5, 6.9644, 9.35561]},
			"faces": {
				"north": {"uv": [0.5, 0, 0, 0.5], "texture": "#2"},
				"east": {"uv": [0, 0, 1, 1], "texture": "#1"},
				"south": {"uv": [0.5, 0, 0, 0.5], "texture": "#2"},
				"west": {"uv": [0.5, 0, 0, 0.5], "texture": "#1"},
				"up": {"uv": [0.5, 0, 0, 0.5], "texture": "#2"},
				"down": {"uv": [0.5, 0, 0, 0.5], "texture": "#2"}
			}
		},
		{
			"name": "hexadecagon",
			"from": [5, 10, 11.31211],
			"to": [6, 10.25, 11.81211],
			"rotation": {"angle": -22.5, "axis": "x", "origin": [5.5, 6.25, 12.10776]},
			"faces": {
				"north": {"uv": [0.5, 0, 0, 0.5], "texture": "#2"},
				"east": {"uv": [0, 0, 1, 1], "texture": "#1"},
				"south": {"uv": [0.5, 0, 0, 0.5], "texture": "#2"},
				"west": {"uv": [0.5, 0, 0, 0.5], "texture": "#1"},
				"up": {"uv": [0.5, 0, 0, 0.5], "texture": "#2"},
				"down": {"uv": [0.5, 0, 0, 0.5], "texture": "#2"}
			}
		},
		{
			"name": "hexadecagon",
			"from": [5, 0, 11.31211],
			"to": [6, 0.25, 11.81211],
			"rotation": {"angle": 22.5, "axis": "x", "origin": [5.5, 4, 12.10776]},
			"faces": {
				"north": {"uv": [0.5, 0.5, 0, 0], "texture": "#2"},
				"east": {"uv": [0, 0, 1, 1], "texture": "#1"},
				"south": {"uv": [0.5, 0.5, 0, 0], "texture": "#2"},
				"west": {"uv": [0.5, 0.5, 0, 0], "texture": "#1"},
				"up": {"uv": [0.5, 0.5, 0, 0], "texture": "#2"},
				"down": {"uv": [0.5, 0.5, 0, 0], "texture": "#2"}
			}
		},
		{
			"name": "hexadecagon",
			"from": [5, 9.58238, 10.30388],
			"to": [6, 9.83238, 11.80388],
			"rotation": {"angle": 0, "axis": "y", "origin": [5.5, 5.83238, 11.09953]},
			"faces": {
				"north": {"uv": [0.5, 0, 0, 0.5], "texture": "#2"},
				"east": {"uv": [0, 0, 1, 1], "texture": "#1"},
				"south": {"uv": [0.5, 0, 0, 0.5], "texture": "#2"},
				"west": {"uv": [0.5, 0, 0, 0.5], "texture": "#1"},
				"up": {"uv": [0.5, 0, 0, 0.5], "texture": "#2"},
				"down": {"uv": [0.5, 0, 0, 0.5], "texture": "#2"}
			}
		},
		{
			"name": "hexadecagon",
			"from": [5, 0.41762, 10.30388],
			"to": [6, 0.66762, 11.80388],
			"rotation": {"angle": 0, "axis": "y", "origin": [5.5, 4.41762, 11.09953]},
			"faces": {
				"north": {"uv": [0.5, 0.5, 0, 0], "texture": "#2"},
				"east": {"uv": [0, 0, 1, 1], "texture": "#1"},
				"south": {"uv": [0.5, 0.5, 0, 0], "texture": "#2"},
				"west": {"uv": [0.5, 0.5, 0, 0], "texture": "#1"},
				"up": {"uv": [0.5, 0.5, 0, 0], "texture": "#2"},
				"down": {"uv": [0.5, 0.5, 0, 0], "texture": "#2"}
			}
		},
		{
			"name": "hexadecagon",
			"from": [5, 9.58238, 10.21258],
			"to": [6, 9.83238, 10.71258],
			"rotation": {"angle": 22.5, "axis": "x", "origin": [5.5, 5.83238, 11.00823]},
			"faces": {
				"north": {"uv": [0.5, 0, 0, 0.5], "texture": "#2"},
				"east": {"uv": [0, 0, 1, 1], "texture": "#1"},
				"south": {"uv": [0.5, 0, 0, 0.5], "texture": "#2"},
				"west": {"uv": [0.5, 0, 0, 0.5], "texture": "#1"},
				"up": {"uv": [0.5, 0, 0, 0.5], "texture": "#2"},
				"down": {"uv": [0.5, 0, 0, 0.5], "texture": "#2"}
			}
		},
		{
			"name": "hexadecagon",
			"from": [5, 0.41762, 10.21258],
			"to": [6, 0.66762, 10.71258],
			"rotation": {"angle": -22.5, "axis": "x", "origin": [5.5, 4.41762, 11.00823]},
			"faces": {
				"north": {"uv": [0.5, 0.5, 0, 0], "texture": "#2"},
				"east": {"uv": [0, 0, 1, 1], "texture": "#1"},
				"south": {"uv": [0.5, 0.5, 0, 0], "texture": "#2"},
				"west": {"uv": [0.5, 0.5, 0, 0], "texture": "#1"},
				"up": {"uv": [0.5, 0.5, 0, 0], "texture": "#2"},
				"down": {"uv": [0.5, 0.5, 0, 0], "texture": "#2"}
			}
		},
		{
			"from": [6.78983, 7.58909, 7.5],
			"to": [6.83983, 10.08909, 7.75],
			"rotation": {"angle": -22.5, "axis": "z", "origin": [3.78983, 15.58909, 15.5]},
			"faces": {
				"north": {"uv": [0, 0, 1, 1], "texture": "#1"},
				"east": {"uv": [0, 0, 1, 1], "texture": "#1"},
				"south": {"uv": [0, 0, 1, 1], "texture": "#1"},
				"west": {"uv": [0, 0, 1, 1], "texture": "#2"},
				"up": {"uv": [0, 0, 1, 1], "texture": "#1"},
				"down": {"uv": [0, 0, 1, 1], "texture": "#1"}
			}
		},
		{
			"from": [6.73983, 7.33909, 7.25],
			"to": [6.78983, 8.08909, 7.5],
			"rotation": {"angle": -22.5, "axis": "z", "origin": [3.78983, 15.58909, 15.5]},
			"faces": {
				"north": {"uv": [5.5, 0, 5.55, 0.75], "texture": "#3"},
				"east": {"uv": [3.5, 0, 3.75, 0.75], "texture": "#3"},
				"south": {"uv": [5.5, 0, 5.55, 0.75], "texture": "#3"},
				"west": {"uv": [3.5, 0, 3.75, 0.75], "texture": "#3"},
				"up": {"uv": [5.5, 0, 5.55, 0.25], "texture": "#3"},
				"down": {"uv": [5.5, 0, 5.55, 0.25], "texture": "#3"}
			}
		},
		{
			"from": [10.28514, 9.43077, 7.5],
			"to": [10.33514, 10.93077, 7.75],
			"rotation": {"angle": -45, "axis": "z", "origin": [7.28514, 16.43077, 15.5]},
			"faces": {
				"north": {"uv": [0, 0, 1, 1], "texture": "#1"},
				"east": {"uv": [0, 0, 1, 1], "texture": "#1"},
				"south": {"uv": [0, 0, 1, 1], "texture": "#1"},
				"west": {"uv": [0, 0, 1, 1], "texture": "#2"},
				"up": {"uv": [0, 0, 1, 1], "texture": "#1"},
				"down": {"uv": [0, 0, 1, 1], "texture": "#1"}
			}
		},
		{
			"from": [3.83648, 12.82078, 7.5],
			"to": [5.33648, 12.87078, 7.75],
			"rotation": {"angle": 22.5, "axis": "z", "origin": [10.83648, 15.87078, 15.5]},
			"faces": {
				"north": {"uv": [0, 0, 1, 1], "rotation": 90, "texture": "#1"},
				"east": {"uv": [0, 0, 1, 1], "rotation": 90, "texture": "#1"},
				"south": {"uv": [0, 0, 1, 1], "rotation": 90, "texture": "#1"},
				"west": {"uv": [0, 0, 1, 1], "rotation": 90, "texture": "#1"},
				"up": {"uv": [0, 0, 1, 1], "rotation": 90, "texture": "#2"},
				"down": {"uv": [0, 0, 1, 1], "rotation": 90, "texture": "#1"}
			}
		},
		{
			"from": [6.90319, 10.94438, 7.5],
			"to": [9.09681, 10.99438, 7.75],
			"rotation": {"angle": 0, "axis": "y", "origin": [15.5, 18.05, 15.5]},
			"faces": {
				"north": {"uv": [0, 0, 1, 1], "texture": "#1"},
				"east": {"uv": [0, 0, 1, 1], "texture": "#1"},
				"south": {"uv": [0, 0, 1, 1], "texture": "#1"},
				"west": {"uv": [0, 0, 1, 1], "texture": "#1"},
				"up": {"uv": [0, 0, 1, 1], "texture": "#2"},
				"down": {"uv": [0, 0, 1, 1], "texture": "#1"}
			}
		},
		{
			"from": [10.66352, 12.82078, 7.5],
			"to": [12.16352, 12.87078, 7.75],
			"rotation": {"angle": -22.5, "axis": "z", "origin": [5.16352, 15.87078, 15.5]},
			"faces": {
				"north": {"uv": [0, 0, 1, 1], "rotation": 90, "texture": "#1"},
				"east": {"uv": [0, 0, 1, 1], "rotation": 90, "texture": "#1"},
				"south": {"uv": [0, 0, 1, 1], "rotation": 90, "texture": "#1"},
				"west": {"uv": [0, 0, 1, 1], "rotation": 90, "texture": "#1"},
				"up": {"uv": [0, 0, 1, 1], "rotation": 90, "texture": "#2"},
				"down": {"uv": [0, 0, 1, 1], "rotation": 90, "texture": "#1"}
			}
		},
		{
			"from": [5.66486, 9.43077, 7.5],
			"to": [5.71486, 10.93077, 7.75],
			"rotation": {"angle": 45, "axis": "z", "origin": [8.71486, 16.43077, 15.5]},
			"faces": {
				"north": {"uv": [0, 0, 1, 1], "texture": "#1"},
				"east": {"uv": [0, 0, 1, 1], "texture": "#2"},
				"south": {"uv": [0, 0, 1, 1], "texture": "#1"},
				"west": {"uv": [0, 0, 1, 1], "texture": "#1"},
				"up": {"uv": [0, 0, 1, 1], "texture": "#1"},
				"down": {"uv": [0, 0, 1, 1], "texture": "#1"}
			}
		},
		{
			"from": [9.16017, 7.58909, 7.5],
			"to": [9.21017, 10.08909, 7.75],
			"rotation": {"angle": 22.5, "axis": "z", "origin": [12.21017, 15.58909, 15.5]},
			"faces": {
				"north": {"uv": [0, 0, 1, 1], "texture": "#1"},
				"east": {"uv": [0, 0, 1, 1], "texture": "#2"},
				"south": {"uv": [0, 0, 1, 1], "texture": "#1"},
				"west": {"uv": [0, 0, 1, 1], "texture": "#1"},
				"up": {"uv": [0, 0, 1, 1], "texture": "#1"},
				"down": {"uv": [0, 0, 1, 1], "texture": "#1"}
			}
		},
		{
			"from": [6.78983, 7.58909, 7.2],
			"to": [6.83983, 10.08909, 7.45],
			"rotation": {"angle": -22.5, "axis": "z", "origin": [3.78983, 15.58909, 15.2]},
			"faces": {
				"north": {"uv": [0, 0, 1, 1], "texture": "#1"},
				"east": {"uv": [0, 0, 1, 1], "texture": "#1"},
				"south": {"uv": [0, 0, 1, 1], "texture": "#1"},
				"west": {"uv": [0, 0, 1, 1], "texture": "#2"},
				"up": {"uv": [0, 0, 1, 1], "texture": "#1"},
				"down": {"uv": [0, 0, 1, 1], "texture": "#1"}
			}
		},
		{
			"from": [10.28514, 9.43077, 7.2],
			"to": [10.33514, 10.93077, 7.45],
			"rotation": {"angle": -45, "axis": "z", "origin": [7.28514, 16.43077, 15.2]},
			"faces": {
				"north": {"uv": [0, 0, 1, 1], "texture": "#1"},
				"east": {"uv": [0, 0, 1, 1], "texture": "#1"},
				"south": {"uv": [0, 0, 1, 1], "texture": "#1"},
				"west": {"uv": [0, 0, 1, 1], "texture": "#2"},
				"up": {"uv": [0, 0, 1, 1], "texture": "#1"},
				"down": {"uv": [0, 0, 1, 1], "texture": "#1"}
			}
		},
		{
			"from": [3.83648, 12.82078, 7.2],
			"to": [5.33648, 12.87078, 7.45],
			"rotation": {"angle": 22.5, "axis": "z", "origin": [10.83648, 15.87078, 15.2]},
			"faces": {
				"north": {"uv": [0, 0, 1, 1], "rotation": 90, "texture": "#1"},
				"east": {"uv": [0, 0, 1, 1], "rotation": 90, "texture": "#1"},
				"south": {"uv": [0, 0, 1, 1], "rotation": 90, "texture": "#1"},
				"west": {"uv": [0, 0, 1, 1], "rotation": 90, "texture": "#1"},
				"up": {"uv": [0, 0, 1, 1], "rotation": 90, "texture": "#2"},
				"down": {"uv": [0, 0, 1, 1], "rotation": 90, "texture": "#1"}
			}
		},
		{
			"from": [6.90319, 10.94438, 7.2],
			"to": [9.09681, 10.99438, 7.45],
			"rotation": {"angle": 0, "axis": "y", "origin": [15.5, 18.05, 15.2]},
			"faces": {
				"north": {"uv": [0, 0, 1, 1], "texture": "#1"},
				"east": {"uv": [0, 0, 1, 1], "texture": "#1"},
				"south": {"uv": [0, 0, 1, 1], "texture": "#1"},
				"west": {"uv": [0, 0, 1, 1], "texture": "#1"},
				"up": {"uv": [0, 0, 1, 1], "texture": "#2"},
				"down": {"uv": [0, 0, 1, 1], "texture": "#1"}
			}
		},
		{
			"from": [10.66352, 12.82078, 7.2],
			"to": [12.16352, 12.87078, 7.45],
			"rotation": {"angle": -22.5, "axis": "z", "origin": [5.16352, 15.87078, 15.2]},
			"faces": {
				"north": {"uv": [0, 0, 1, 1], "rotation": 90, "texture": "#1"},
				"east": {"uv": [0, 0, 1, 1], "rotation": 90, "texture": "#1"},
				"south": {"uv": [0, 0, 1, 1], "rotation": 90, "texture": "#1"},
				"west": {"uv": [0, 0, 1, 1], "rotation": 90, "texture": "#1"},
				"up": {"uv": [0, 0, 1, 1], "rotation": 90, "texture": "#2"},
				"down": {"uv": [0, 0, 1, 1], "rotation": 90, "texture": "#1"}
			}
		},
		{
			"from": [5.66486, 9.43077, 7.2],
			"to": [5.71486, 10.93077, 7.45],
			"rotation": {"angle": 45, "axis": "z", "origin": [8.71486, 16.43077, 15.2]},
			"faces": {
				"north": {"uv": [0, 0, 1, 1], "texture": "#1"},
				"east": {"uv": [0, 0, 1, 1], "texture": "#2"},
				"south": {"uv": [0, 0, 1, 1], "texture": "#1"},
				"west": {"uv": [0, 0, 1, 1], "texture": "#1"},
				"up": {"uv": [0, 0, 1, 1], "texture": "#1"},
				"down": {"uv": [0, 0, 1, 1], "texture": "#1"}
			}
		},
		{
			"from": [9.16017, 7.58909, 7.2],
			"to": [9.21017, 10.08909, 7.45],
			"rotation": {"angle": 22.5, "axis": "z", "origin": [12.21017, 15.58909, 15.2]},
			"faces": {
				"north": {"uv": [0, 0, 1, 1], "texture": "#1"},
				"east": {"uv": [0, 0, 1, 1], "texture": "#2"},
				"south": {"uv": [0, 0, 1, 1], "texture": "#1"},
				"west": {"uv": [0, 0, 1, 1], "texture": "#1"},
				"up": {"uv": [0, 0, 1, 1], "texture": "#1"},
				"down": {"uv": [0, 0, 1, 1], "texture": "#1"}
			}
		},
		{
			"from": [5.25, 3.5, 6.45],
			"to": [10.75, 9, 6.95],
			"rotation": {"angle": 0, "axis": "y", "origin": [18, 12, 14.45]},
			"faces": {
				"north": {"uv": [0, 0, 16, 16], "texture": "#0"}
			}
		},
		{
			"from": [6.9715, 0.72, 5.9275],
			"to": [7.0345, 1.14, 6.0325],
			"rotation": {"angle": 0, "axis": "y", "origin": [6.835, 2.4, 5.98]},
			"faces": {
				"north": {"uv": [13, 13, 12, 14], "texture": "#1"},
				"east": {"uv": [0, 0, 1, 1], "texture": "#2"},
				"south": {"uv": [0, 0, 1, 1], "texture": "#2"},
				"west": {"uv": [0, 0, 1, 1], "texture": "#2"},
				"up": {"uv": [0, 0, 1, 1], "texture": "#2"},
				"down": {"uv": [0, 0, 1, 1], "texture": "#2"}
			}
		},
		{
			"from": [6.8035, 0.72, 5.9275],
			"to": [6.8665, 0.741, 6.0325],
			"rotation": {"angle": 0, "axis": "y", "origin": [6.835, 2.4, 5.98]},
			"faces": {
				"north": {"uv": [13, 13, 12, 14], "texture": "#1"},
				"east": {"uv": [0, 0, 1, 1], "texture": "#2"},
				"south": {"uv": [0, 0, 1, 1], "texture": "#2"},
				"west": {"uv": [0, 0, 1, 1], "texture": "#2"},
				"up": {"uv": [0, 0, 1, 1], "texture": "#2"},
				"down": {"uv": [0, 0, 1, 1], "texture": "#2"}
			}
		},
		{
			"from": [6.86548, 0.745, 5.9275],
			"to": [6.9292, 1.17321, 6.0325],
			"rotation": {"angle": -22.5, "axis": "z", "origin": [6.835, 0.8901, 5.98]},
			"faces": {
				"north": {"uv": [13, 13, 12, 14], "texture": "#1"},
				"east": {"uv": [0, 0, 1, 1], "texture": "#2"},
				"south": {"uv": [0, 0, 1, 1], "texture": "#2"},
				"west": {"uv": [0, 0, 1, 1], "texture": "#2"},
				"up": {"uv": [0, 0, 1, 1], "texture": "#2"},
				"down": {"uv": [0, 0, 1, 1], "texture": "#2"}
			}
		},
		{
			"from": [6.7408, 0.745, 5.9275],
			"to": [6.80452, 1.17321, 6.0325],
			"rotation": {"angle": 22.5, "axis": "z", "origin": [6.835, 0.8901, 5.98]},
			"faces": {
				"north": {"uv": [13, 13, 12, 14], "texture": "#1"},
				"east": {"uv": [1, 0, 0, 1], "texture": "#2"},
				"south": {"uv": [1, 0, 0, 1], "texture": "#2"},
				"west": {"uv": [1, 0, 0, 1], "texture": "#2"},
				"up": {"uv": [1, 0, 0, 1], "texture": "#2"},
				"down": {"uv": [1, 0, 0, 1], "texture": "#2"}
			}
		},
		{
			"from": [6.6355, 0.72, 5.9275],
			"to": [6.6985, 1.14, 6.0325],
			"rotation": {"angle": 0, "axis": "y", "origin": [6.835, 2.4, 5.98]},
			"faces": {
				"north": {"uv": [13, 13, 12, 14], "texture": "#1"},
				"east": {"uv": [1, 0, 0, 1], "texture": "#2"},
				"south": {"uv": [1, 0, 0, 1], "texture": "#2"},
				"west": {"uv": [1, 0, 0, 1], "texture": "#2"},
				"up": {"uv": [1, 0, 0, 1], "texture": "#2"},
				"down": {"uv": [1, 0, 0, 1], "texture": "#2"}
			}
		},
		{
			"from": [6.4885, 0.72, 5.9275],
			"to": [6.5515, 1.14, 6.0325],
			"rotation": {"angle": 0, "axis": "y", "origin": [6.52, 2.4, 5.98]},
			"faces": {
				"north": {"uv": [13, 13, 12, 14], "texture": "#1"},
				"east": {"uv": [0, 0, 1, 1], "texture": "#2"},
				"south": {"uv": [0, 0, 1, 1], "texture": "#2"},
				"west": {"uv": [0, 0, 1, 1], "texture": "#2"},
				"up": {"uv": [0, 0, 1, 1], "texture": "#2"},
				"down": {"uv": [0, 0, 1, 1], "texture": "#2"}
			}
		},
		{
			"name": "hexadecagon",
			"from": [6.21826, 0.69353, 5.9275],
			"to": [6.3018, 0.75653, 6.0325],
			"rotation": {"angle": -22.5, "axis": "z", "origin": [6.32392, 0.93, 5.98]},
			"faces": {
				"north": {"uv": [13, 13, 12, 14], "texture": "#1"},
				"east": {"uv": [0, 0, 1, 1], "texture": "#2"},
				"south": {"uv": [0, 0, 1, 1], "texture": "#2"},
				"west": {"uv": [0, 0, 1, 1], "texture": "#2"},
				"up": {"uv": [0, 0, 1, 1], "texture": "#2"},
				"down": {"uv": [0, 0, 1, 1], "texture": "#2"}
			}
		},
		{
			"name": "hexadecagon",
			"from": [6.21299, 0.72, 5.9275],
			"to": [6.29653, 0.783, 6.0325],
			"rotation": {"angle": 0, "axis": "y", "origin": [6.31, 2.4, 5.98]},
			"faces": {
				"north": {"uv": [13, 13, 12, 14], "texture": "#1"},
				"east": {"uv": [0, 0, 1, 1], "texture": "#2"},
				"south": {"uv": [0, 0, 1, 1], "texture": "#2"},
				"west": {"uv": [0, 0, 1, 1], "texture": "#2"},
				"up": {"uv": [0, 0, 1, 1], "texture": "#2"},
				"down": {"uv": [0, 0, 1, 1], "texture": "#2"}
			}
		},
		{
			"name": "hexadecagon",
			"from": [6.21826, 0.74647, 5.9275],
			"to": [6.3018, 0.80947, 6.0325],
			"rotation": {"angle": 22.5, "axis": "z", "origin": [6.32392, 0.93, 5.98]},
			"faces": {
				"north": {"uv": [13, 13, 12, 14], "texture": "#1"},
				"east": {"uv": [0, 0, 1, 1], "texture": "#2"},
				"south": {"uv": [0, 0, 1, 1], "texture": "#2"},
				"west": {"uv": [0, 0, 1, 1], "texture": "#2"},
				"up": {"uv": [0, 0, 1, 1], "texture": "#2"},
				"down": {"uv": [0, 0, 1, 1], "texture": "#2"}
			}
		},
		{
			"name": "hexadecagon",
			"from": [6.23325, 0.7689, 5.9275],
			"to": [6.31679, 0.8319, 6.0325],
			"rotation": {"angle": 45, "axis": "z", "origin": [6.32392, 0.93, 5.98]},
			"faces": {
				"north": {"uv": [13, 13, 12, 14], "texture": "#1"},
				"east": {"uv": [0, 0, 1, 1], "texture": "#2"},
				"south": {"uv": [0, 0, 1, 1], "texture": "#2"},
				"west": {"uv": [0, 0, 1, 1], "texture": "#2"},
				"up": {"uv": [0, 0, 1, 1], "texture": "#2"},
				"down": {"uv": [0, 0, 1, 1], "texture": "#2"}
			}
		},
		{
			"name": "hexadecagon",
			"from": [6.23325, 1.0281, 5.9275],
			"to": [6.31679, 1.0911, 6.0325],
			"rotation": {"angle": -45, "axis": "z", "origin": [6.32392, 0.93, 5.98]},
			"faces": {
				"north": {"uv": [13, 13, 12, 14], "texture": "#1"},
				"east": {"uv": [0, 0, 1, 1], "texture": "#2"},
				"south": {"uv": [0, 0, 1, 1], "texture": "#2"},
				"west": {"uv": [0, 0, 1, 1], "texture": "#2"},
				"up": {"uv": [0, 0, 1, 1], "texture": "#2"},
				"down": {"uv": [0, 0, 1, 1], "texture": "#2"}
			}
		},
		{
			"name": "hexadecagon",
			"from": [6.21826, 1.05053, 5.9275],
			"to": [6.3018, 1.11353, 6.0325],
			"rotation": {"angle": -22.5, "axis": "z", "origin": [6.32392, 0.93, 5.98]},
			"faces": {
				"north": {"uv": [13, 13, 12, 14], "texture": "#1"},
				"east": {"uv": [0, 0, 1, 1], "texture": "#2"},
				"south": {"uv": [0, 0, 1, 1], "texture": "#2"},
				"west": {"uv": [0, 0, 1, 1], "texture": "#2"},
				"up": {"uv": [0, 0, 1, 1], "texture": "#2"},
				"down": {"uv": [0, 0, 1, 1], "texture": "#2"}
			}
		},
		{
			"name": "hexadecagon",
			"from": [6.21299, 1.077, 5.9275],
			"to": [6.29653, 1.14, 6.0325],
			"rotation": {"angle": 0, "axis": "y", "origin": [6.31, 2.4, 5.98]},
			"faces": {
				"north": {"uv": [13, 13, 12, 14], "texture": "#1"},
				"east": {"uv": [0, 0, 1, 1], "texture": "#2"},
				"south": {"uv": [0, 0, 1, 1], "texture": "#2"},
				"west": {"uv": [0, 0, 1, 1], "texture": "#2"},
				"up": {"uv": [0, 0, 1, 1], "texture": "#2"},
				"down": {"uv": [0, 0, 1, 1], "texture": "#2"}
			}
		},
		{
			"name": "hexadecagon",
			"from": [6.21826, 1.10347, 5.9275],
			"to": [6.3018, 1.16647, 6.0325],
			"rotation": {"angle": 22.5, "axis": "z", "origin": [6.32392, 0.93, 5.98]},
			"faces": {
				"north": {"uv": [13, 13, 12, 14], "texture": "#1"},
				"east": {"uv": [0, 0, 1, 1], "texture": "#2"},
				"south": {"uv": [0, 0, 1, 1], "texture": "#2"},
				"west": {"uv": [0, 0, 1, 1], "texture": "#2"},
				"up": {"uv": [0, 0, 1, 1], "texture": "#2"},
				"down": {"uv": [0, 0, 1, 1], "texture": "#2"}
			}
		},
		{
			"name": "hexadecagon",
			"from": [6.40703, 0.86176, 5.9275],
			"to": [6.47003, 0.9453, 6.0325],
			"rotation": {"angle": -22.5, "axis": "z", "origin": [6.32392, 0.93, 5.98]},
			"faces": {
				"north": {"uv": [13, 13, 12, 14], "texture": "#1"},
				"east": {"uv": [0, 0, 1, 1], "texture": "#2"},
				"south": {"uv": [0, 0, 1, 1], "texture": "#2"},
				"west": {"uv": [0, 0, 1, 1], "texture": "#2"},
				"up": {"uv": [0, 0, 1, 1], "texture": "#2"},
				"down": {"uv": [0, 0, 1, 1], "texture": "#2"}
			}
		},
		{
			"name": "hexadecagon",
			"from": [6.40176, 0.88823, 5.9275],
			"to": [6.46476, 0.97177, 6.0325],
			"rotation": {"angle": 0, "axis": "y", "origin": [6.31, 2.4, 5.98]},
			"faces": {
				"north": {"uv": [13, 13, 12, 14], "texture": "#1"},
				"east": {"uv": [0, 0, 1, 1], "texture": "#2"},
				"south": {"uv": [0, 0, 1, 1], "texture": "#2"},
				"west": {"uv": [0, 0, 1, 1], "texture": "#2"},
				"up": {"uv": [0, 0, 1, 1], "texture": "#2"},
				"down": {"uv": [0, 0, 1, 1], "texture": "#2"}
			}
		},
		{
			"name": "hexadecagon",
			"from": [6.40703, 0.9147, 5.9275],
			"to": [6.47003, 0.99824, 6.0325],
			"rotation": {"angle": 22.5, "axis": "z", "origin": [6.32392, 0.93, 5.98]},
			"faces": {
				"north": {"uv": [13, 13, 12, 14], "texture": "#1"},
				"east": {"uv": [0, 0, 1, 1], "texture": "#2"},
				"south": {"uv": [0, 0, 1, 1], "texture": "#2"},
				"west": {"uv": [0, 0, 1, 1], "texture": "#2"},
				"up": {"uv": [0, 0, 1, 1], "texture": "#2"},
				"down": {"uv": [0, 0, 1, 1], "texture": "#2"}
			}
		},
		{
			"name": "hexadecagon",
			"from": [5.92986, 0.6757, 5.9275],
			"to": [5.99286, 0.9697, 6.0325],
			"rotation": {"angle": -45, "axis": "z", "origin": [5.95261, 0.9201, 5.98]},
			"faces": {
				"north": {"uv": [13, 13, 12, 14], "texture": "#1"},
				"east": {"uv": [0, 0, 1, 1], "texture": "#2"},
				"south": {"uv": [0, 0, 1, 1], "texture": "#2"},
				"west": {"uv": [0, 0, 1, 1], "texture": "#2"},
				"up": {"uv": [0, 0, 1, 1], "texture": "#2"},
				"down": {"uv": [0, 0, 1, 1], "texture": "#2"}
			}
		},
		{
			"name": "hexadecagon",
			"from": [5.94386, 0.8005, 5.9275],
			"to": [6.00686, 1.1785, 6.0325],
			"rotation": {"angle": 45, "axis": "z", "origin": [5.95261, 0.9201, 5.98]},
			"faces": {
				"north": {"uv": [13, 13, 12, 14], "texture": "#1"},
				"east": {"uv": [0, 1, 1, 0], "texture": "#2"},
				"south": {"uv": [0, 1, 1, 0], "texture": "#2"},
				"west": {"uv": [0, 1, 1, 0], "texture": "#2"},
				"up": {"uv": [0, 1, 1, 0], "texture": "#2"},
				"down": {"uv": [0, 1, 1, 0], "texture": "#2"}
			}
		},
		{
			"from": [6.01678, 0.72, 5.9275],
			"to": [6.07978, 1.14, 6.0325],
			"rotation": {"angle": 0, "axis": "y", "origin": [5.995, 2.4, 5.98]},
			"faces": {
				"north": {"uv": [13, 13, 12, 14], "texture": "#1"},
				"east": {"uv": [0, 1, 1, 0], "texture": "#2"},
				"south": {"uv": [0, 1, 1, 0], "texture": "#2"},
				"west": {"uv": [0, 1, 1, 0], "texture": "#2"},
				"up": {"uv": [0, 1, 1, 0], "texture": "#2"},
				"down": {"uv": [0, 1, 1, 0], "texture": "#2"}
			}
		},
		{
			"from": [5.638, 0.72, 5.9275],
			"to": [5.701, 1.14, 6.0325],
			"rotation": {"angle": 0, "axis": "y", "origin": [5.575, 2.4, 5.98]},
			"faces": {
				"north": {"uv": [13, 13, 12, 14], "texture": "#1"},
				"east": {"uv": [0, 0, 1, 1], "texture": "#2"},
				"south": {"uv": [0, 0, 1, 1], "texture": "#2"},
				"west": {"uv": [0, 0, 1, 1], "texture": "#2"},
				"up": {"uv": [0, 0, 1, 1], "texture": "#2"},
				"down": {"uv": [0, 0, 1, 1], "texture": "#2"}
			}
		},
		{
			"from": [5.449, 0.72, 5.9275],
			"to": [5.638, 0.783, 6.0325],
			"rotation": {"angle": 0, "axis": "y", "origin": [5.575, 2.4, 5.98]},
			"faces": {
				"north": {"uv": [13, 13, 12, 14], "texture": "#1"},
				"east": {"uv": [0, 0, 1, 1], "texture": "#2"},
				"south": {"uv": [0, 0, 1, 1], "texture": "#2"},
				"west": {"uv": [0, 0, 1, 1], "texture": "#2"},
				"up": {"uv": [0, 0, 1, 1], "texture": "#2"},
				"down": {"uv": [0, 0, 1, 1], "texture": "#2"}
			}
		},
		{
			"from": [5.149, 0.62, 5.9275],
			"to": [7.0345, 0.683, 6.0325],
			"rotation": {"angle": 0, "axis": "y", "origin": [5.575, 2.3, 5.98]},
			"faces": {
				"north": {"uv": [13, 13, 12, 14], "texture": "#1"},
				"east": {"uv": [0, 0, 1, 1], "texture": "#2"},
				"south": {"uv": [0, 0, 1, 1], "texture": "#2"},
				"west": {"uv": [0, 0, 1, 1], "texture": "#2"},
				"up": {"uv": [0, 0, 1, 1], "texture": "#2"},
				"down": {"uv": [0, 0, 1, 1], "texture": "#2"}
			}
		},
		{
			"from": [5.149, 1.17, 5.9275],
			"to": [7.0345, 1.233, 6.0325],
			"rotation": {"angle": 0, "axis": "y", "origin": [5.575, 2.85, 5.98]},
			"faces": {
				"north": {"uv": [13, 13, 12, 14], "texture": "#1"},
				"east": {"uv": [0, 0, 1, 1], "texture": "#2"},
				"south": {"uv": [0, 0, 1, 1], "texture": "#2"},
				"west": {"uv": [0, 0, 1, 1], "texture": "#2"},
				"up": {"uv": [0, 0, 1, 1], "texture": "#2"},
				"down": {"uv": [0, 0, 1, 1], "texture": "#2"}
			}
		},
		{
			"from": [5.449, 1.077, 5.9275],
			"to": [5.638, 1.14, 6.0325],
			"rotation": {"angle": 0, "axis": "y", "origin": [5.575, 2.4, 5.98]},
			"faces": {
				"north": {"uv": [13, 13, 12, 14], "texture": "#1"},
				"east": {"uv": [0, 0, 1, 1], "texture": "#2"},
				"south": {"uv": [0, 0, 1, 1], "texture": "#2"},
				"west": {"uv": [0, 0, 1, 1], "texture": "#2"},
				"up": {"uv": [0, 0, 1, 1], "texture": "#2"},
				"down": {"uv": [0, 0, 1, 1], "texture": "#2"}
			}
		},
		{
			"from": [5.449, 0.909, 5.9275],
			"to": [5.638, 0.972, 6.0325],
			"rotation": {"angle": 0, "axis": "y", "origin": [5.575, 2.4, 5.98]},
			"faces": {
				"north": {"uv": [13, 13, 12, 14], "texture": "#1"},
				"east": {"uv": [0, 0, 1, 1], "texture": "#2"},
				"south": {"uv": [0, 0, 1, 1], "texture": "#2"},
				"west": {"uv": [0, 0, 1, 1], "texture": "#2"},
				"up": {"uv": [0, 0, 1, 1], "texture": "#2"},
				"down": {"uv": [0, 0, 1, 1], "texture": "#2"}
			}
		},
		{
			"from": [5.2285, 0.72, 5.9275],
			"to": [5.2915, 0.909, 6.0325],
			"rotation": {"angle": 0, "axis": "y", "origin": [5.26, 2.4, 5.98]},
			"faces": {
				"north": {"uv": [13, 13, 12, 14], "texture": "#1"},
				"east": {"uv": [0, 0, 1, 1], "texture": "#2"},
				"south": {"uv": [0, 0, 1, 1], "texture": "#2"},
				"west": {"uv": [0, 0, 1, 1], "texture": "#2"},
				"up": {"uv": [0, 0, 1, 1], "texture": "#2"},
				"down": {"uv": [0, 0, 1, 1], "texture": "#2"}
			}
		},
		{
			"from": [5.24547, 0.89984, 5.9275],
			"to": [5.30847, 1.15184, 6.0325],
			"rotation": {"angle": -22.5, "axis": "z", "origin": [5.26, 0.94707, 5.98]},
			"faces": {
				"north": {"uv": [13, 13, 12, 14], "texture": "#1"},
				"east": {"uv": [0, 0, 1, 1], "texture": "#2"},
				"south": {"uv": [0, 0, 1, 1], "texture": "#2"},
				"west": {"uv": [0, 0, 1, 1], "texture": "#2"},
				"up": {"uv": [0, 0, 1, 1], "texture": "#2"},
				"down": {"uv": [0, 0, 1, 1], "texture": "#2"}
			}
		},
		{
			"from": [5.21153, 0.89984, 5.9275],
			"to": [5.27453, 1.15184, 6.0325],
			"rotation": {"angle": 22.5, "axis": "z", "origin": [5.26, 0.94707, 5.98]},
			"faces": {
				"north": {"uv": [13, 13, 12, 14], "texture": "#1"},
				"east": {"uv": [0, 0, 1, 1], "texture": "#2"},
				"south": {"uv": [0, 0, 1, 1], "texture": "#2"},
				"west": {"uv": [0, 0, 1, 1], "texture": "#2"},
				"up": {"uv": [0, 0, 1, 1], "texture": "#2"},
				"down": {"uv": [0, 0, 1, 1], "texture": "#2"}
			}
		},
		{
			"name": "hexadecagon",
			"from": [3.60218, 8.25, 8],
			"to": [4.39782, 12.25, 8.25],
			"rotation": {"angle": -45, "axis": "z", "origin": [4, 10.25, 8.5]},
			"faces": {
				"north": {"uv": [0, 0, 0.5, 0.5], "texture": "#2"},
				"east": {"uv": [0, 0, 0.5, 0.5], "texture": "#1"},
				"south": {"uv": [0, 0, 0.5, 0.5], "texture": "#2"},
				"west": {"uv": [0, 0, 0.5, 0.5], "texture": "#1"},
				"up": {"uv": [0, 0, 0.5, 0.5], "texture": "#1"},
				"down": {"uv": [0, 0, 0.5, 0.5], "texture": "#1"}
			}
		},
		{
			"name": "hexadecagon",
			"from": [3.35218, 8, 8],
			"to": [4.14782, 12, 8.25],
			"rotation": {"angle": -45, "axis": "z", "origin": [3.75, 10, 8.5]},
			"faces": {
				"north": {"uv": [0, 0, 0.5, 0.5], "texture": "#2"},
				"east": {"uv": [0, 0, 0.5, 0.5], "texture": "#1"},
				"south": {"uv": [0, 0, 0.5, 0.5], "texture": "#2"},
				"west": {"uv": [0, 0, 0.5, 0.5], "texture": "#1"},
				"up": {"uv": [0, 0, 0.5, 0.5], "texture": "#1"},
				"down": {"uv": [0, 0, 0.5, 0.5], "texture": "#1"}
			}
		},
		{
			"name": "hexadecagon",
			"from": [3.60218, 8.25, 8],
			"to": [4.39782, 12.25, 8.25],
			"rotation": {"angle": -22.5, "axis": "z", "origin": [4, 10.25, 8.5]},
			"faces": {
				"north": {"uv": [0, 0, 0.5, 0.5], "texture": "#2"},
				"east": {"uv": [0, 0, 0.5, 0.5], "texture": "#1"},
				"south": {"uv": [0, 0, 0.5, 0.5], "texture": "#2"},
				"west": {"uv": [0, 0, 0.5, 0.5], "texture": "#1"},
				"up": {"uv": [0, 0, 0.5, 0.5], "texture": "#1"},
				"down": {"uv": [0, 0, 0.5, 0.5], "texture": "#1"}
			}
		},
		{
			"name": "hexadecagon",
			"from": [3.35218, 8, 8],
			"to": [4.14782, 12, 8.25],
			"rotation": {"angle": -22.5, "axis": "z", "origin": [3.75, 10, 8.5]},
			"faces": {
				"north": {"uv": [0, 0, 0.5, 0.5], "texture": "#2"},
				"east": {"uv": [0, 0, 0.5, 0.5], "texture": "#1"},
				"south": {"uv": [0, 0, 0.5, 0.5], "texture": "#2"},
				"west": {"uv": [0, 0, 0.5, 0.5], "texture": "#1"},
				"up": {"uv": [0, 0, 0.5, 0.5], "texture": "#1"},
				"down": {"uv": [0, 0, 0.5, 0.5], "texture": "#1"}
			}
		},
		{
			"name": "hexadecagon",
			"from": [3.60218, 8.25, 8],
			"to": [4.39782, 12.25, 8.25],
			"rotation": {"angle": 0, "axis": "y", "origin": [4, 10.25, 8.5]},
			"faces": {
				"north": {"uv": [0, 0, 0.5, 0.5], "texture": "#2"},
				"east": {"uv": [0, 0, 0.5, 0.5], "texture": "#1"},
				"south": {"uv": [0, 0, 0.5, 0.5], "texture": "#2"},
				"west": {"uv": [0, 0, 0.5, 0.5], "texture": "#1"},
				"up": {"uv": [0, 0, 0.5, 0.5], "texture": "#1"},
				"down": {"uv": [0, 0, 0.5, 0.5], "texture": "#1"}
			}
		},
		{
			"name": "hexadecagon",
			"from": [3.35218, 8, 8],
			"to": [4.14782, 12, 8.25],
			"rotation": {"angle": 0, "axis": "y", "origin": [3.75, 10, 8.5]},
			"faces": {
				"north": {"uv": [0, 0, 0.5, 0.5], "texture": "#2"},
				"east": {"uv": [0, 0, 0.5, 0.5], "texture": "#1"},
				"south": {"uv": [0, 0, 0.5, 0.5], "texture": "#2"},
				"west": {"uv": [0, 0, 0.5, 0.5], "texture": "#1"},
				"up": {"uv": [0, 0, 0.5, 0.5], "texture": "#1"},
				"down": {"uv": [0, 0, 0.5, 0.5], "texture": "#1"}
			}
		},
		{
			"name": "hexadecagon",
			"from": [3.60218, 8.25, 8],
			"to": [4.39782, 12.25, 8.25],
			"rotation": {"angle": 22.5, "axis": "z", "origin": [4, 10.25, 8.5]},
			"faces": {
				"north": {"uv": [0, 0, 0.5, 0.5], "texture": "#2"},
				"east": {"uv": [0, 0, 0.5, 0.5], "texture": "#1"},
				"south": {"uv": [0, 0, 0.5, 0.5], "texture": "#2"},
				"west": {"uv": [0, 0, 0.5, 0.5], "texture": "#1"},
				"up": {"uv": [0, 0, 0.5, 0.5], "texture": "#1"},
				"down": {"uv": [0, 0, 0.5, 0.5], "texture": "#1"}
			}
		},
		{
			"name": "hexadecagon",
			"from": [3.35218, 8, 8],
			"to": [4.14782, 12, 8.25],
			"rotation": {"angle": 22.5, "axis": "z", "origin": [3.75, 10, 8.5]},
			"faces": {
				"north": {"uv": [0, 0, 0.5, 0.5], "texture": "#2"},
				"east": {"uv": [0, 0, 0.5, 0.5], "texture": "#1"},
				"south": {"uv": [0, 0, 0.5, 0.5], "texture": "#2"},
				"west": {"uv": [0, 0, 0.5, 0.5], "texture": "#1"},
				"up": {"uv": [0, 0, 0.5, 0.5], "texture": "#1"},
				"down": {"uv": [0, 0, 0.5, 0.5], "texture": "#1"}
			}
		},
		{
			"name": "hexadecagon",
			"from": [3.24862, 8.25, 8],
			"to": [4.39782, 12.25, 8.25],
			"rotation": {"angle": 45, "axis": "z", "origin": [4, 10.25, 8.5]},
			"faces": {
				"north": {"uv": [0, 0, 0.5, 0.5], "texture": "#2"},
				"east": {"uv": [0, 0, 0.5, 0.5], "texture": "#1"},
				"south": {"uv": [0, 0, 0.5, 0.5], "texture": "#2"},
				"west": {"uv": [0, 0, 0.5, 0.5], "texture": "#1"},
				"up": {"uv": [0, 0, 0.5, 0.5], "texture": "#1"},
				"down": {"uv": [0, 0, 0.5, 0.5], "texture": "#1"}
			}
		},
		{
			"name": "hexadecagon",
			"from": [2, 9.85218, 8],
			"to": [6, 10.64782, 8.25],
			"rotation": {"angle": -22.5, "axis": "z", "origin": [4, 10.25, 8.5]},
			"faces": {
				"north": {"uv": [0, 0, 0.5, 0.5], "texture": "#2"},
				"east": {"uv": [0, 0, 0.5, 0.5], "texture": "#1"},
				"south": {"uv": [0, 0, 0.5, 0.5], "texture": "#2"},
				"west": {"uv": [0, 0, 0.5, 0.5], "texture": "#1"},
				"up": {"uv": [0, 0, 0.5, 0.5], "texture": "#1"},
				"down": {"uv": [0, 0, 0.5, 0.5], "texture": "#1"}
			}
		},
		{
			"name": "hexadecagon",
			"from": [1.75, 9.60218, 8],
			"to": [5.75, 10.39782, 8.25],
			"rotation": {"angle": -22.5, "axis": "z", "origin": [3.75, 10, 8.5]},
			"faces": {
				"north": {"uv": [0, 0, 0.5, 0.5], "texture": "#2"},
				"east": {"uv": [0, 0, 0.5, 0.5], "texture": "#1"},
				"south": {"uv": [0, 0, 0.5, 0.5], "texture": "#2"},
				"west": {"uv": [0, 0, 0.5, 0.5], "texture": "#1"},
				"up": {"uv": [0, 0, 0.5, 0.5], "texture": "#1"},
				"down": {"uv": [0, 0, 0.5, 0.5], "texture": "#1"}
			}
		},
		{
			"name": "hexadecagon",
			"from": [2, 9.85218, 8],
			"to": [6, 10.64782, 8.25],
			"rotation": {"angle": 0, "axis": "y", "origin": [4, 10.25, 8.5]},
			"faces": {
				"north": {"uv": [0, 0, 0.5, 0.5], "texture": "#2"},
				"east": {"uv": [0, 0, 0.5, 0.5], "texture": "#1"},
				"south": {"uv": [0, 0, 0.5, 0.5], "texture": "#2"},
				"west": {"uv": [0, 0, 0.5, 0.5], "texture": "#1"},
				"up": {"uv": [0, 0, 0.5, 0.5], "texture": "#1"},
				"down": {"uv": [0, 0, 0.5, 0.5], "texture": "#1"}
			}
		},
		{
			"name": "hexadecagon",
			"from": [1.75, 9.60218, 8],
			"to": [5.75, 10.39782, 8.25],
			"rotation": {"angle": 0, "axis": "y", "origin": [3.75, 10, 8.5]},
			"faces": {
				"north": {"uv": [0, 0, 0.5, 0.5], "texture": "#2"},
				"east": {"uv": [0, 0, 0.5, 0.5], "texture": "#1"},
				"south": {"uv": [0, 0, 0.5, 0.5], "texture": "#2"},
				"west": {"uv": [0, 0, 0.5, 0.5], "texture": "#1"},
				"up": {"uv": [0, 0, 0.5, 0.5], "texture": "#1"},
				"down": {"uv": [0, 0, 0.5, 0.5], "texture": "#1"}
			}
		},
		{
			"name": "hexadecagon",
			"from": [2, 9.85218, 8],
			"to": [6, 10.64782, 8.25],
			"rotation": {"angle": 22.5, "axis": "z", "origin": [4, 10.25, 8.5]},
			"faces": {
				"north": {"uv": [0, 0, 0.5, 0.5], "texture": "#2"},
				"east": {"uv": [0, 0, 0.5, 0.5], "texture": "#1"},
				"south": {"uv": [0, 0, 0.5, 0.5], "texture": "#2"},
				"west": {"uv": [0, 0, 0.5, 0.5], "texture": "#1"},
				"up": {"uv": [0, 0, 0.5, 0.5], "texture": "#1"},
				"down": {"uv": [0, 0, 0.5, 0.5], "texture": "#1"}
			}
		},
		{
			"name": "hexadecagon",
			"from": [1.75, 9.60218, 8],
			"to": [5.75, 10.39782, 8.25],
			"rotation": {"angle": 22.5, "axis": "z", "origin": [3.75, 10, 8.5]},
			"faces": {
				"north": {"uv": [0, 0, 0.5, 0.5], "texture": "#2"},
				"east": {"uv": [0, 0, 0.5, 0.5], "texture": "#1"},
				"south": {"uv": [0, 0, 0.5, 0.5], "texture": "#2"},
				"west": {"uv": [0, 0, 0.5, 0.5], "texture": "#1"},
				"up": {"uv": [0, 0, 0.5, 0.5], "texture": "#1"},
				"down": {"uv": [0, 0, 0.5, 0.5], "texture": "#1"}
			}
		},
		{
			"name": "hexadecagon",
			"from": [11.60218, 8.25, 8],
			"to": [12.39782, 12.25, 8.25],
			"rotation": {"angle": 45, "axis": "z", "origin": [12, 10.25, 8.5]},
			"faces": {
				"north": {"uv": [0.5, 0, 0, 0.5], "texture": "#2"},
				"east": {"uv": [0.5, 0, 0, 0.5], "texture": "#1"},
				"south": {"uv": [0.5, 0, 0, 0.5], "texture": "#2"},
				"west": {"uv": [0.5, 0, 0, 0.5], "texture": "#1"},
				"up": {"uv": [0.5, 0, 0, 0.5], "texture": "#1"},
				"down": {"uv": [0.5, 0, 0, 0.5], "texture": "#1"}
			}
		},
		{
			"name": "hexadecagon",
			"from": [11.85218, 8, 8],
			"to": [12.64782, 12, 8.25],
			"rotation": {"angle": 45, "axis": "z", "origin": [12.25, 10, 8.5]},
			"faces": {
				"north": {"uv": [0.5, 0, 0, 0.5], "texture": "#2"},
				"east": {"uv": [0.5, 0, 0, 0.5], "texture": "#1"},
				"south": {"uv": [0.5, 0, 0, 0.5], "texture": "#2"},
				"west": {"uv": [0.5, 0, 0, 0.5], "texture": "#1"},
				"up": {"uv": [0.5, 0, 0, 0.5], "texture": "#1"},
				"down": {"uv": [0.5, 0, 0, 0.5], "texture": "#1"}
			}
		},
		{
			"name": "hexadecagon",
			"from": [11.60218, 8.25, 8],
			"to": [12.39782, 12.25, 8.25],
			"rotation": {"angle": 22.5, "axis": "z", "origin": [12, 10.25, 8.5]},
			"faces": {
				"north": {"uv": [0.5, 0, 0, 0.5], "texture": "#2"},
				"east": {"uv": [0.5, 0, 0, 0.5], "texture": "#1"},
				"south": {"uv": [0.5, 0, 0, 0.5], "texture": "#2"},
				"west": {"uv": [0.5, 0, 0, 0.5], "texture": "#1"},
				"up": {"uv": [0.5, 0, 0, 0.5], "texture": "#1"},
				"down": {"uv": [0.5, 0, 0, 0.5], "texture": "#1"}
			}
		},
		{
			"name": "hexadecagon",
			"from": [11.85218, 8, 8],
			"to": [12.64782, 12, 8.25],
			"rotation": {"angle": 22.5, "axis": "z", "origin": [12.25, 10, 8.5]},
			"faces": {
				"north": {"uv": [0.5, 0, 0, 0.5], "texture": "#2"},
				"east": {"uv": [0.5, 0, 0, 0.5], "texture": "#1"},
				"south": {"uv": [0.5, 0, 0, 0.5], "texture": "#2"},
				"west": {"uv": [0.5, 0, 0, 0.5], "texture": "#1"},
				"up": {"uv": [0.5, 0, 0, 0.5], "texture": "#1"},
				"down": {"uv": [0.5, 0, 0, 0.5], "texture": "#1"}
			}
		},
		{
			"name": "hexadecagon",
			"from": [11.60218, 8.25, 8],
			"to": [12.39782, 12.25, 8.25],
			"rotation": {"angle": 0, "axis": "y", "origin": [12, 10.25, 8.5]},
			"faces": {
				"north": {"uv": [0.5, 0, 0, 0.5], "texture": "#2"},
				"east": {"uv": [0.5, 0, 0, 0.5], "texture": "#1"},
				"south": {"uv": [0.5, 0, 0, 0.5], "texture": "#2"},
				"west": {"uv": [0.5, 0, 0, 0.5], "texture": "#1"},
				"up": {"uv": [0.5, 0, 0, 0.5], "texture": "#1"},
				"down": {"uv": [0.5, 0, 0, 0.5], "texture": "#1"}
			}
		},
		{
			"name": "hexadecagon",
			"from": [11.85218, 8, 8],
			"to": [12.64782, 12, 8.25],
			"rotation": {"angle": 0, "axis": "y", "origin": [12.25, 10, 8.5]},
			"faces": {
				"north": {"uv": [0.5, 0, 0, 0.5], "texture": "#2"},
				"east": {"uv": [0.5, 0, 0, 0.5], "texture": "#1"},
				"south": {"uv": [0.5, 0, 0, 0.5], "texture": "#2"},
				"west": {"uv": [0.5, 0, 0, 0.5], "texture": "#1"},
				"up": {"uv": [0.5, 0, 0, 0.5], "texture": "#1"},
				"down": {"uv": [0.5, 0, 0, 0.5], "texture": "#1"}
			}
		},
		{
			"name": "hexadecagon",
			"from": [11.60218, 8.25, 8],
			"to": [12.39782, 12.25, 8.25],
			"rotation": {"angle": -22.5, "axis": "z", "origin": [12, 10.25, 8.5]},
			"faces": {
				"north": {"uv": [0.5, 0, 0, 0.5], "texture": "#2"},
				"east": {"uv": [0.5, 0, 0, 0.5], "texture": "#1"},
				"south": {"uv": [0.5, 0, 0, 0.5], "texture": "#2"},
				"west": {"uv": [0.5, 0, 0, 0.5], "texture": "#1"},
				"up": {"uv": [0.5, 0, 0, 0.5], "texture": "#1"},
				"down": {"uv": [0.5, 0, 0, 0.5], "texture": "#1"}
			}
		},
		{
			"name": "hexadecagon",
			"from": [11.85218, 8, 8],
			"to": [12.64782, 12, 8.25],
			"rotation": {"angle": -22.5, "axis": "z", "origin": [12.25, 10, 8.5]},
			"faces": {
				"north": {"uv": [0.5, 0, 0, 0.5], "texture": "#2"},
				"east": {"uv": [0.5, 0, 0, 0.5], "texture": "#1"},
				"south": {"uv": [0.5, 0, 0, 0.5], "texture": "#2"},
				"west": {"uv": [0.5, 0, 0, 0.5], "texture": "#1"},
				"up": {"uv": [0.5, 0, 0, 0.5], "texture": "#1"},
				"down": {"uv": [0.5, 0, 0, 0.5], "texture": "#1"}
			}
		},
		{
			"name": "hexadecagon",
			"from": [11.60218, 8.25, 8],
			"to": [12.75138, 12.25, 8.25],
			"rotation": {"angle": -45, "axis": "z", "origin": [12, 10.25, 8.5]},
			"faces": {
				"north": {"uv": [0.5, 0, 0, 0.5], "texture": "#2"},
				"east": {"uv": [0.5, 0, 0, 0.5], "texture": "#1"},
				"south": {"uv": [0.5, 0, 0, 0.5], "texture": "#2"},
				"west": {"uv": [0.5, 0, 0, 0.5], "texture": "#1"},
				"up": {"uv": [0.5, 0, 0, 0.5], "texture": "#1"},
				"down": {"uv": [0.5, 0, 0, 0.5], "texture": "#1"}
			}
		},
		{
			"name": "hexadecagon",
			"from": [10, 9.85218, 8],
			"to": [14, 10.64782, 8.25],
			"rotation": {"angle": 22.5, "axis": "z", "origin": [12, 10.25, 8.5]},
			"faces": {
				"north": {"uv": [0.5, 0, 0, 0.5], "texture": "#2"},
				"east": {"uv": [0.5, 0, 0, 0.5], "texture": "#1"},
				"south": {"uv": [0.5, 0, 0, 0.5], "texture": "#2"},
				"west": {"uv": [0.5, 0, 0, 0.5], "texture": "#1"},
				"up": {"uv": [0.5, 0, 0, 0.5], "texture": "#1"},
				"down": {"uv": [0.5, 0, 0, 0.5], "texture": "#1"}
			}
		},
		{
			"name": "hexadecagon",
			"from": [10.25, 9.60218, 8],
			"to": [14.25, 10.39782, 8.25],
			"rotation": {"angle": 22.5, "axis": "z", "origin": [12.25, 10, 8.5]},
			"faces": {
				"north": {"uv": [0.5, 0, 0, 0.5], "texture": "#2"},
				"east": {"uv": [0.5, 0, 0, 0.5], "texture": "#1"},
				"south": {"uv": [0.5, 0, 0, 0.5], "texture": "#2"},
				"west": {"uv": [0.5, 0, 0, 0.5], "texture": "#1"},
				"up": {"uv": [0.5, 0, 0, 0.5], "texture": "#1"},
				"down": {"uv": [0.5, 0, 0, 0.5], "texture": "#1"}
			}
		},
		{
			"name": "hexadecagon",
			"from": [10, 9.85218, 8],
			"to": [14, 10.64782, 8.25],
			"rotation": {"angle": 0, "axis": "y", "origin": [12, 10.25, 8.5]},
			"faces": {
				"north": {"uv": [0.5, 0, 0, 0.5], "texture": "#2"},
				"east": {"uv": [0.5, 0, 0, 0.5], "texture": "#1"},
				"south": {"uv": [0.5, 0, 0, 0.5], "texture": "#2"},
				"west": {"uv": [0.5, 0, 0, 0.5], "texture": "#1"},
				"up": {"uv": [0.5, 0, 0, 0.5], "texture": "#1"},
				"down": {"uv": [0.5, 0, 0, 0.5], "texture": "#1"}
			}
		},
		{
			"name": "hexadecagon",
			"from": [10.25, 9.60218, 8],
			"to": [14.25, 10.39782, 8.25],
			"rotation": {"angle": 0, "axis": "y", "origin": [12.25, 10, 8.5]},
			"faces": {
				"north": {"uv": [0.5, 0, 0, 0.5], "texture": "#2"},
				"east": {"uv": [0.5, 0, 0, 0.5], "texture": "#1"},
				"south": {"uv": [0.5, 0, 0, 0.5], "texture": "#2"},
				"west": {"uv": [0.5, 0, 0, 0.5], "texture": "#1"},
				"up": {"uv": [0.5, 0, 0, 0.5], "texture": "#1"},
				"down": {"uv": [0.5, 0, 0, 0.5], "texture": "#1"}
			}
		},
		{
			"name": "hexadecagon",
			"from": [10, 9.85218, 8],
			"to": [14, 10.64782, 8.25],
			"rotation": {"angle": -22.5, "axis": "z", "origin": [12, 10.25, 8.5]},
			"faces": {
				"north": {"uv": [0.5, 0, 0, 0.5], "texture": "#2"},
				"east": {"uv": [0.5, 0, 0, 0.5], "texture": "#1"},
				"south": {"uv": [0.5, 0, 0, 0.5], "texture": "#2"},
				"west": {"uv": [0.5, 0, 0, 0.5], "texture": "#1"},
				"up": {"uv": [0.5, 0, 0, 0.5], "texture": "#1"},
				"down": {"uv": [0.5, 0, 0, 0.5], "texture": "#1"}
			}
		},
		{
			"name": "hexadecagon",
			"from": [10.25, 9.60218, 8],
			"to": [14.25, 10.39782, 8.25],
			"rotation": {"angle": -22.5, "axis": "z", "origin": [12.25, 10, 8.5]},
			"faces": {
				"north": {"uv": [0.5, 0, 0, 0.5], "texture": "#2"},
				"east": {"uv": [0.5, 0, 0, 0.5], "texture": "#1"},
				"south": {"uv": [0.5, 0, 0, 0.5], "texture": "#2"},
				"west": {"uv": [0.5, 0, 0, 0.5], "texture": "#1"},
				"up": {"uv": [0.5, 0, 0, 0.5], "texture": "#1"},
				"down": {"uv": [0.5, 0, 0, 0.5], "texture": "#1"}
			}
		}
	],
	"display": {
		"thirdperson_righthand": {
			"rotation": [67, -180, 0],
			"translation": [-6, -6.25, 10]
		},
		"thirdperson_lefthand": {
			"rotation": [67, -180, 0],
			"translation": [-6, -6.25, 10]
		},
		"firstperson_righthand": {
			"rotation": [0, 122, 0],
			"translation": [-0.5, 5.5, 2.75],
			"scale": [0.5, 0.5, 0.5]
		},
		"firstperson_lefthand": {
			"rotation": [0, 122, 0],
			"translation": [-0.5, 5.5, 2.75],
			"scale": [0.5, 0.5, 0.5]
		},
		"ground": {
			"translation": [0, 5.75, 0]
		},
		"gui": {
			"rotation": [0, 139, 0]
		},
		"head": {
			"rotation": [0, -180, 0],
			"translation": [0, -11.75, 5.75],
			"scale": [1.5, 1.5, 1.5]
		},
		"fixed": {
			"translation": [0, 4.5, -4.25],
			"scale": [1.7, 1.7, 1.7]
		}
	},
	"groups": [
		{
			"name": "group",
			"origin": [8, 8, 8],
			"children": [
				{
					"name": "group",
					"origin": [15.5, 9.35, 12.95],
					"children": [0, 1, 2]
				}, 3, 4, 5, 6, 7,
				{
					"name": "group",
					"origin": [12.21017, 15.53909, 14.5],
					"children": [8, 9, 10, 11, 12, 13, 14]
				}
			]
		},
		{
			"name": "group",
			"origin": [15.5, 9.5, 13.5],
			"children": [15, 16, 17, 18, 19, 20, 21, 22,
				{
					"name": "group",
					"origin": [15.5, 9.35, 12.95],
					"children": [23, 24, 25]
				}
			]
		},
		{
			"name": "group",
			"origin": [8, 8, 8],
			"children": [26, 27, 28, 29, 30, 31, 32]
		},
		{
			"name": "hexadecagon",
			"origin": [8, 8, 8],
			"children": [33, 34, 35, 36, 37, 38, 39, 40, 41, 42, 43]
		},
		{
			"name": "hexadecagon",
			"origin": [8, 8, 8],
			"children": [44, 45, 46, 47, 48, 49, 50, 51, 52, 53, 54]
		},
		{
			"name": "group",
			"origin": [12.21017, 15.53909, 14.5],
			"children": [55, 56, 57, 58, 59, 60, 61, 62]
		},
		{
			"name": "group",
			"origin": [12.21017, 15.53909, 14.5],
			"children": [63, 64, 65, 66, 67, 68, 69]
		},
		{
			"name": "group",
			"origin": [8, 8, 8],
			"children": [70]
		},
		{
			"name": "mickey",
			"origin": [8, 8, 8],
			"children": [
				{
					"name": "m",
					"origin": [8, 8, 8],
					"children": [
						{
							"name": "m",
							"origin": [8, 8, 8],
							"children": [71, 72, 73, 74, 75]
						}
					]
				},
				{
					"name": "i",
					"origin": [8, 8, 8],
					"children": [
						{
							"name": "i",
							"origin": [8, 8, 8],
							"children": [76]
						}
					]
				},
				{
					"name": "c",
					"origin": [8, 8, 8],
					"children": [
						{
							"name": "c",
							"origin": [8, 8, 8],
							"children": [
								{
									"name": "hexadecagon",
									"origin": [8, 8, 8],
									"children": [77, 78, 79, 80, 81, 82, 83, 84, 85, 86, 87]
								}
							]
						}
					]
				},
				{
					"name": "k",
					"origin": [8, 8, 8],
					"children": [
						{
							"name": "k",
							"origin": [8, 8, 8],
							"children": [
								{
									"name": "group",
									"origin": [8, 8, 8],
									"children": [88, 89]
								}, 90]
						}
					]
				},
				{
					"name": "e",
					"origin": [8, 8, 8],
					"children": [
						{
							"name": "e",
							"origin": [8, 8, 8],
							"children": [91, 92, 93, 94, 95, 96]
						}
					]
				},
				{
					"name": "y",
					"origin": [8, 8, 8],
					"children": [
						{
							"name": "y",
							"origin": [8, 8, 8],
							"children": [97, 98, 99]
						}
					]
				}
			]
		},
		{
			"name": "hexadecagon",
			"origin": [8, 8, 8],
			"children": [100, 101, 102, 103, 104, 105, 106, 107, 108, 109, 110, 111, 112, 113, 114]
		},
		{
			"name": "hexadecagon",
			"origin": [8, 8, 8],
			"children": [115, 116, 117, 118, 119, 120, 121, 122, 123, 124, 125, 126, 127, 128, 129]
		}
	]
}
