{
    "__comment": "Model generated using MrCrayfish's Model Creator (http://mrcrayfish.com/modelcreator/)",
    "textures": {
        "0": "block/yellow_terracotta",
        "1": "block/cut_sandstone",
        "2": "block/ice"
    },
    "elements": [
        {
            "name": "Cube",
            "from": [ 7.5, 1.0, 7.5 ],
            "to": [ 8.5, 15.0, 8.5 ],
            "faces": {
                "north": { "texture": "#0", "uv": [ 0.0, 0.0, 1.0, 14.0 ] },
                "east": { "texture": "#0", "uv": [ 0.0, 0.0, 1.0, 14.0 ] },
                "south": { "texture": "#0", "uv": [ 0.0, 0.0, 1.0, 14.0 ] },
                "west": { "texture": "#0", "uv": [ 0.0, 0.0, 1.0, 14.0 ] },
                "up": { "texture": "#0", "uv": [ 0.0, 0.0, 1.0, 1.0 ] },
                "down": { "texture": "#0", "uv": [ 0.0, 0.0, 1.0, 1.0 ] }
            }
        },
        {
            "name": "Cube",
            "from": [ 7.3, 1.0, 7.300000000000001 ],
            "to": [ 8.7, 2.0, 8.700000000000001 ],
            "faces": {
                "north": { "texture": "#1", "uv": [ 0.0, 0.0, 1.4, 1.0 ] },
                "east": { "texture": "#1", "uv": [ 0.0, 0.0, 1.4, 1.0 ] },
                "south": { "texture": "#1", "uv": [ 0.0, 0.0, 1.4, 1.0 ] },
                "west": { "texture": "#1", "uv": [ 0.0, 0.0, 1.4, 1.0 ] },
                "up": { "texture": "#1", "uv": [ 0.0, 0.0, 1.4, 1.4 ] },
                "down": { "texture": "#1", "uv": [ 0.0, 0.0, 1.4, 1.4 ] }
            }
        },
        {
            "name": "Cube",
            "from": [ 7.4, 4.5, 7.4 ],
            "to": [ 8.6, 5.5, 8.6 ],
            "faces": {
                "north": { "texture": "#1", "uv": [ 0.0, 0.0, 1.2, 1.0 ] },
                "east": { "texture": "#1", "uv": [ 0.0, 0.0, 1.2, 1.0 ] },
                "south": { "texture": "#1", "uv": [ 0.0, 0.0, 1.2, 1.0 ] },
                "west": { "texture": "#1", "uv": [ 0.0, 0.0, 1.2, 1.0 ] },
                "up": { "texture": "#1", "uv": [ 0.0, 0.0, 1.2, 1.2 ] },
                "down": { "texture": "#1", "uv": [ 0.0, 0.0, 1.2, 1.2 ] }
            }
        },
        {
            "name": "Cube",
            "from": [ 7.6, 0.5, 7.6 ],
            "to": [ 8.4, 1.0, 8.4 ],
            "faces": {
                "north": { "texture": "#1", "uv": [ 0.0, 0.0, 0.8, 0.5 ] },
                "east": { "texture": "#1", "uv": [ 0.0, 0.0, 0.8, 0.5 ] },
                "south": { "texture": "#1", "uv": [ 0.0, 0.0, 0.8, 0.5 ] },
                "west": { "texture": "#1", "uv": [ 0.0, 0.0, 0.8, 0.5 ] },
                "up": { "texture": "#1", "uv": [ 0.0, 0.0, 0.8, 0.8 ] },
                "down": { "texture": "#1", "uv": [ 0.0, 0.0, 0.8, 0.8 ] }
            }
        },
        {
            "name": "Cube",
            "from": [ 7.3, 5.4, 7.300000000000001 ],
            "to": [ 8.7, 6.4, 8.700000000000001 ],
            "faces": {
                "north": { "texture": "#1", "uv": [ 0.0, 0.0, 1.4, 1.0 ] },
                "east": { "texture": "#1", "uv": [ 0.0, 0.0, 1.4, 1.0 ] },
                "south": { "texture": "#1", "uv": [ 0.0, 0.0, 1.4, 1.0 ] },
                "west": { "texture": "#1", "uv": [ 0.0, 0.0, 1.4, 1.0 ] },
                "up": { "texture": "#1", "uv": [ 0.0, 0.0, 1.4, 1.4 ] },
                "down": { "texture": "#1", "uv": [ 0.0, 0.0, 1.4, 1.4 ] }
            }
        },
        {
            "name": "Cube",
            "from": [ 7.4, 14.5, 7.4 ],
            "to": [ 8.6, 15.8, 8.6 ],
            "faces": {
                "north": { "texture": "#1", "uv": [ 0.0, 0.0, 1.2, 1.2999999999999998 ] },
                "east": { "texture": "#1", "uv": [ 0.0, 0.0, 1.2, 1.2999999999999998 ] },
                "south": { "texture": "#1", "uv": [ 0.0, 0.0, 1.2, 1.2999999999999998 ] },
                "west": { "texture": "#1", "uv": [ 0.0, 0.0, 1.2, 1.2999999999999998 ] },
                "up": { "texture": "#1", "uv": [ 0.0, 0.0, 1.2, 1.2 ] },
                "down": { "texture": "#1", "uv": [ 0.0, 0.0, 1.2, 1.2 ] }
            }
        },
        {
            "name": "Cube",
            "from": [ 7.3, 15.399999999999999, 7.300000000000001 ],
            "to": [ 8.7, 16.799999999999997, 8.700000000000001 ],
            "faces": {
                "north": { "texture": "#1", "uv": [ 0.0, 0.0, 1.4, 1.4 ] },
                "east": { "texture": "#1", "uv": [ 0.0, 0.0, 1.4, 1.4 ] },
                "south": { "texture": "#1", "uv": [ 0.0, 0.0, 1.4, 1.4 ] },
                "west": { "texture": "#1", "uv": [ 0.0, 0.0, 1.4, 1.4 ] },
                "up": { "texture": "#1", "uv": [ 0.0, 0.0, 1.4, 1.4 ] },
                "down": { "texture": "#1", "uv": [ 0.0, 0.0, 1.4, 1.4 ] }
            }
        },
        {
            "name": "Cube",
            "from": [ 7.4, 16.5, 7.4 ],
            "to": [ 8.6, 17.8, 8.6 ],
            "faces": {
                "north": { "texture": "#1", "uv": [ 0.0, 0.0, 1.2, 1.2999999999999998 ] },
                "east": { "texture": "#1", "uv": [ 0.0, 0.0, 1.2, 1.2999999999999998 ] },
                "south": { "texture": "#1", "uv": [ 0.0, 0.0, 1.2, 1.2999999999999998 ] },
                "west": { "texture": "#1", "uv": [ 0.0, 0.0, 1.2, 1.2999999999999998 ] },
                "up": { "texture": "#1", "uv": [ 0.0, 0.0, 1.2, 1.2 ] },
                "down": { "texture": "#1", "uv": [ 0.0, 0.0, 1.2, 1.2 ] }
            }
        },
        {
            "name": "Cube",
            "from": [ 7.6, 17.5, 7.6 ],
            "to": [ 8.4, 18.3, 8.4 ],
            "faces": {
                "north": { "texture": "#0", "uv": [ 0.0, 0.0, 0.8, 0.8 ] },
                "east": { "texture": "#0", "uv": [ 0.0, 0.0, 0.8, 0.8 ] },
                "south": { "texture": "#0", "uv": [ 0.0, 0.0, 0.8, 0.8 ] },
                "west": { "texture": "#0", "uv": [ 0.0, 0.0, 0.8, 0.8 ] },
                "up": { "texture": "#0", "uv": [ 0.0, 0.0, 0.8, 0.8 ] },
                "down": { "texture": "#0", "uv": [ 0.0, 0.0, 0.8, 0.8 ] }
            }
        },
        {
            "name": "Cube",
            "from": [ 7.3, 18.2, 7.300000000000001 ],
            "to": [ 8.7, 18.7, 8.700000000000001 ],
            "faces": {
                "north": { "texture": "#1", "uv": [ 0.0, 0.0, 1.4, 0.5 ] },
                "east": { "texture": "#1", "uv": [ 0.0, 0.0, 1.4, 0.5 ] },
                "south": { "texture": "#1", "uv": [ 0.0, 0.0, 1.4, 0.5 ] },
                "west": { "texture": "#1", "uv": [ 0.0, 0.0, 1.4, 0.5 ] },
                "up": { "texture": "#1", "uv": [ 0.0, 0.0, 1.4, 1.4 ] },
                "down": { "texture": "#1", "uv": [ 0.0, 0.0, 1.4, 1.4 ] }
            }
        },
        {
            "name": "Cube",
            "from": [ 7.2, 18.7, 7.2 ],
            "to": [ 8.8, 19.7, 8.8 ],
            "faces": {
                "north": { "texture": "#1", "uv": [ 0.0, 0.0, 1.6, 1.0 ] },
                "east": { "texture": "#1", "uv": [ 0.0, 0.0, 1.6, 1.0 ] },
                "south": { "texture": "#1", "uv": [ 0.0, 0.0, 1.6, 1.0 ] },
                "west": { "texture": "#1", "uv": [ 0.0, 0.0, 1.6, 1.0 ] },
                "up": { "texture": "#1", "uv": [ 0.0, 0.0, 1.6, 1.6 ] },
                "down": { "texture": "#1", "uv": [ 0.0, 0.0, 1.6, 1.6 ] }
            }
        },
        {
            "name": "Cube",
            "from": [ 7.2, 19.7, 7.2 ],
            "to": [ 7.6000000000000005, 20.0, 7.4 ],
            "faces": {
                "north": { "texture": "#1", "uv": [ 0.0, 0.0, 0.4, 0.30000000000000004 ] },
                "east": { "texture": "#1", "uv": [ 0.0, 0.0, 0.2, 0.30000000000000004 ] },
                "south": { "texture": "#1", "uv": [ 0.0, 0.0, 0.4, 0.30000000000000004 ] },
                "west": { "texture": "#1", "uv": [ 0.0, 0.0, 0.2, 0.30000000000000004 ] },
                "up": { "texture": "#1", "uv": [ 0.0, 0.0, 0.4, 0.2 ] },
                "down": { "texture": "#1", "uv": [ 0.0, 0.0, 0.4, 0.2 ] }
            }
        },
        {
            "name": "Cube",
            "from": [ 8.4, 19.7, 7.2 ],
            "to": [ 8.8, 20.0, 7.4 ],
            "faces": {
                "north": { "texture": "#1", "uv": [ 0.0, 0.0, 0.4, 0.30000000000000004 ] },
                "east": { "texture": "#1", "uv": [ 0.0, 0.0, 0.2, 0.30000000000000004 ] },
                "south": { "texture": "#1", "uv": [ 0.0, 0.0, 0.4, 0.30000000000000004 ] },
                "west": { "texture": "#1", "uv": [ 0.0, 0.0, 0.2, 0.30000000000000004 ] },
                "up": { "texture": "#1", "uv": [ 0.0, 0.0, 0.4, 0.2 ] },
                "down": { "texture": "#1", "uv": [ 0.0, 0.0, 0.4, 0.2 ] }
            }
        },
        {
            "name": "Cube",
            "from": [ 8.4, 19.7, 8.6 ],
            "to": [ 8.8, 20.0, 8.799999999999999 ],
            "faces": {
                "north": { "texture": "#1", "uv": [ 0.0, 0.0, 0.4, 0.30000000000000004 ] },
                "east": { "texture": "#1", "uv": [ 0.0, 0.0, 0.2, 0.30000000000000004 ] },
                "south": { "texture": "#1", "uv": [ 0.0, 0.0, 0.4, 0.30000000000000004 ] },
                "west": { "texture": "#1", "uv": [ 0.0, 0.0, 0.2, 0.30000000000000004 ] },
                "up": { "texture": "#1", "uv": [ 0.0, 0.0, 0.4, 0.2 ] },
                "down": { "texture": "#1", "uv": [ 0.0, 0.0, 0.4, 0.2 ] }
            }
        },
        {
            "name": "Cube",
            "from": [ 7.2, 19.7, 8.6 ],
            "to": [ 7.6000000000000005, 20.0, 8.799999999999999 ],
            "faces": {
                "north": { "texture": "#1", "uv": [ 0.0, 0.0, 0.4, 0.30000000000000004 ] },
                "east": { "texture": "#1", "uv": [ 0.0, 0.0, 0.2, 0.30000000000000004 ] },
                "south": { "texture": "#1", "uv": [ 0.0, 0.0, 0.4, 0.30000000000000004 ] },
                "west": { "texture": "#1", "uv": [ 0.0, 0.0, 0.2, 0.30000000000000004 ] },
                "up": { "texture": "#1", "uv": [ 0.0, 0.0, 0.4, 0.2 ] },
                "down": { "texture": "#1", "uv": [ 0.0, 0.0, 0.4, 0.2 ] }
            }
        },
        {
            "name": "Cube",
            "from": [ 7.199999999999999, 19.7, 8.4 ],
            "to": [ 7.3999999999999995, 20.0, 8.6 ],
            "faces": {
                "north": { "texture": "#1", "uv": [ 0.0, 0.0, 0.2, 0.30000000000000004 ] },
                "east": { "texture": "#1", "uv": [ 0.0, 0.0, 0.2, 0.30000000000000004 ] },
                "south": { "texture": "#1", "uv": [ 0.0, 0.0, 0.2, 0.30000000000000004 ] },
                "west": { "texture": "#1", "uv": [ 0.0, 0.0, 0.2, 0.30000000000000004 ] },
                "up": { "texture": "#1", "uv": [ 0.0, 0.0, 0.2, 0.2 ] },
                "down": { "texture": "#1", "uv": [ 0.0, 0.0, 0.2, 0.2 ] }
            }
        },
        {
            "name": "Cube",
            "from": [ 8.6, 19.7, 8.4 ],
            "to": [ 8.799999999999999, 20.0, 8.6 ],
            "faces": {
                "north": { "texture": "#1", "uv": [ 0.0, 0.0, 0.2, 0.30000000000000004 ] },
                "east": { "texture": "#1", "uv": [ 0.0, 0.0, 0.2, 0.30000000000000004 ] },
                "south": { "texture": "#1", "uv": [ 0.0, 0.0, 0.2, 0.30000000000000004 ] },
                "west": { "texture": "#1", "uv": [ 0.0, 0.0, 0.2, 0.30000000000000004 ] },
                "up": { "texture": "#1", "uv": [ 0.0, 0.0, 0.2, 0.2 ] },
                "down": { "texture": "#1", "uv": [ 0.0, 0.0, 0.2, 0.2 ] }
            }
        },
        {
            "name": "Cube",
            "from": [ 8.6, 19.7, 7.4 ],
            "to": [ 8.799999999999999, 20.0, 7.6000000000000005 ],
            "faces": {
                "north": { "texture": "#1", "uv": [ 0.0, 0.0, 0.2, 0.30000000000000004 ] },
                "east": { "texture": "#1", "uv": [ 0.0, 0.0, 0.2, 0.30000000000000004 ] },
                "south": { "texture": "#1", "uv": [ 0.0, 0.0, 0.2, 0.30000000000000004 ] },
                "west": { "texture": "#1", "uv": [ 0.0, 0.0, 0.2, 0.30000000000000004 ] },
                "up": { "texture": "#1", "uv": [ 0.0, 0.0, 0.2, 0.2 ] },
                "down": { "texture": "#1", "uv": [ 0.0, 0.0, 0.2, 0.2 ] }
            }
        },
        {
            "name": "Cube",
            "from": [ 7.2, 19.7, 7.4 ],
            "to": [ 7.4, 20.0, 7.6000000000000005 ],
            "faces": {
                "north": { "texture": "#1", "uv": [ 0.0, 0.0, 0.2, 0.30000000000000004 ] },
                "east": { "texture": "#1", "uv": [ 0.0, 0.0, 0.2, 0.30000000000000004 ] },
                "south": { "texture": "#1", "uv": [ 0.0, 0.0, 0.2, 0.30000000000000004 ] },
                "west": { "texture": "#1", "uv": [ 0.0, 0.0, 0.2, 0.30000000000000004 ] },
                "up": { "texture": "#1", "uv": [ 0.0, 0.0, 0.2, 0.2 ] },
                "down": { "texture": "#1", "uv": [ 0.0, 0.0, 0.2, 0.2 ] }
            }
        },
        {
            "name": "Cube",
            "from": [ 7.3, 19.4, 7.300000000000001 ],
            "to": [ 8.7, 19.9, 8.700000000000001 ],
            "faces": {
                "north": { "texture": "#0", "uv": [ 0.0, 0.0, 1.4, 0.5 ] },
                "east": { "texture": "#0", "uv": [ 0.0, 0.0, 1.4, 0.5 ] },
                "south": { "texture": "#0", "uv": [ 0.0, 0.0, 1.4, 0.5 ] },
                "west": { "texture": "#0", "uv": [ 0.0, 0.0, 1.4, 0.5 ] },
                "up": { "texture": "#0", "uv": [ 0.0, 0.0, 1.4, 1.4 ] },
                "down": { "texture": "#0", "uv": [ 0.0, 0.0, 1.4, 1.4 ] }
            }
        },
        {
            "name": "Cube",
            "from": [ 8.7, 16.0, 7.9 ],
            "to": [ 8.899999999999999, 16.4, 8.1 ],
            "faces": {
                "north": { "texture": "#2", "uv": [ 0.0, 0.0, 0.2, 0.4 ] },
                "east": { "texture": "#2", "uv": [ 0.0, 0.0, 0.2, 0.4 ] },
                "south": { "texture": "#2", "uv": [ 0.0, 0.0, 0.2, 0.4 ] },
                "west": { "texture": "#2", "uv": [ 0.0, 0.0, 0.2, 0.4 ] },
                "up": { "texture": "#2", "uv": [ 0.0, 0.0, 0.2, 0.2 ] },
                "down": { "texture": "#2", "uv": [ 0.0, 0.0, 0.2, 0.2 ] }
            }
        },
        {
            "name": "Cube",
            "from": [ 7.1, 16.0, 7.9 ],
            "to": [ 7.3, 16.4, 8.1 ],
            "faces": {
                "north": { "texture": "#2", "uv": [ 0.0, 0.0, 0.2, 0.4 ] },
                "east": { "texture": "#2", "uv": [ 0.0, 0.0, 0.2, 0.4 ] },
                "south": { "texture": "#2", "uv": [ 0.0, 0.0, 0.2, 0.4 ] },
                "west": { "texture": "#2", "uv": [ 0.0, 0.0, 0.2, 0.4 ] },
                "up": { "texture": "#2", "uv": [ 0.0, 0.0, 0.2, 0.2 ] },
                "down": { "texture": "#2", "uv": [ 0.0, 0.0, 0.2, 0.2 ] }
            }
        },
        {
            "name": "Cube",
            "from": [ 7.9, 16.0, 8.7 ],
            "to": [ 8.1, 16.4, 8.899999999999999 ],
            "faces": {
                "north": { "texture": "#2", "uv": [ 0.0, 0.0, 0.2, 0.4 ] },
                "east": { "texture": "#2", "uv": [ 0.0, 0.0, 0.2, 0.4 ] },
                "south": { "texture": "#2", "uv": [ 0.0, 0.0, 0.2, 0.4 ] },
                "west": { "texture": "#2", "uv": [ 0.0, 0.0, 0.2, 0.4 ] },
                "up": { "texture": "#2", "uv": [ 0.0, 0.0, 0.2, 0.2 ] },
                "down": { "texture": "#2", "uv": [ 0.0, 0.0, 0.2, 0.2 ] }
            }
        },
        {
            "name": "Cube",
            "from": [ 7.9, 16.0, 7.1 ],
            "to": [ 8.1, 16.4, 7.3 ],
            "faces": {
                "north": { "texture": "#2", "uv": [ 0.0, 0.0, 0.2, 0.4 ] },
                "east": { "texture": "#2", "uv": [ 0.0, 0.0, 0.2, 0.4 ] },
                "south": { "texture": "#2", "uv": [ 0.0, 0.0, 0.2, 0.4 ] },
                "west": { "texture": "#2", "uv": [ 0.0, 0.0, 0.2, 0.4 ] },
                "up": { "texture": "#2", "uv": [ 0.0, 0.0, 0.2, 0.2 ] },
                "down": { "texture": "#2", "uv": [ 0.0, 0.0, 0.2, 0.2 ] }
             }
		}
	],
	"display": {
		"thirdperson_righthand": {
			"rotation":  [ 0, -44, 0 ],
			"translation":  [ 0.099, -0.799, 1 ],
			"scale":  [ 1.547, 1.0888, 1.408 ]
		},
		"thirdperson_lefthand": {
			"rotation":  [ 0, 144, 0 ],
			"translation":  [ -2.782, 2.0869, 0 ],
			"scale":  [ 0.5478, 0.4869, 0.4086 ]
		},
		"firstperson_righthand": {
			"rotation":  [ -19, -61, 5 ],
			"translation":  [ -1.391, -2.086, -0.695 ]
		},
		"firstperson_lefthand": {
			"rotation":  [ -19, 108, -3 ],
			"translation":  [ 0, -2.086, 0 ]
		},
		"gui": {
			"rotation":  [ 0, 10, 40 ],
			"translation":  [ -0.695, 0.3999, 0 ],
			"scale":  [ 1.8999, 1.0999, 1.8999 ]
		},
		"head": {
			"rotation":  [ 0, -90, 0 ],
			"translation":  [ 0, 15, 0 ],
			"scale":  [ 1.45, 1.09999, 1.2434 ]
		},
		"ground": {
			"rotation":  [ 0, 0, -17 ],
			"translation":  [ 0, 3.4782, 0 ],
			"scale":  [ 0.7565, 0.7565, 0.7217 ]
		},
		"fixed": {
			"translation":  [ -1.391, 1.3913, 2.0869 ],
			"scale":  [ 0.8608, 1, 1 ]
		}
	}
}
