{
	"credit": "Made with Blockbench",
	"textures": {
		"8": "custom/epcotfront2",
		"9": "custom/epcotfront1",
		"10": "custom/epcotback2",
		"11": "custom/epcotback1"
	},
	"elements": [
		{
			"from": [-8, 0, 0],
			"to": [8, 15, 1],
			"rotation": {"angle": 0, "axis": "y", "origin": [-8, 8, 8]},
			"faces": {
				"north": {"uv": [0, 0.75, 16, 15.25], "texture": "#9"},
				"east": {"uv": [3.5, 0.782, 3.5, 0.782], "texture": "#11"},
				"south": {"uv": [0, 0.75, 16, 15.25], "texture": "#10"},
				"west": {"uv": [3.5, 0.782, 3.5, 0.782], "texture": "#11"},
				"up": {"uv": [3.5, 0.782, 3.5, 0.782], "texture": "#11"},
				"down": {"uv": [3.5, 0.782, 3.5, 0.782], "texture": "#11"}
			}
		},
		{
			"from": [8, 0, 0],
			"to": [24, 15, 1],
			"faces": {
				"north": {"uv": [0, 0.75, 16, 15.25], "texture": "#8"},
				"east": {"uv": [3.5, 0.782, 3.5, 0.782], "texture": "#11"},
				"south": {"uv": [0, 0.75, 16, 15.25], "texture": "#11"},
				"west": {"uv": [3.5, 0.782, 3.5, 0.782], "texture": "#11"},
				"up": {"uv": [3.5, 0.782, 3.5, 0.782], "texture": "#11"},
				"down": {"uv": [3.5, 0.782, 3.5, 0.782], "texture": "#11"}
			}
		}
	],
	"display": {
		"thirdperson_righthand": {
			"translation": [-5.75, 1.25, 3.25],
			"scale": [0.46, 0.46, 0.46]
		},
		"thirdperson_lefthand": {
			"translation": [-5.75, 1.25, 3.25],
			"scale": [0.46, 0.46, 0.46]
		},
		"firstperson_righthand": {
			"translation": [-8.75, 8.75, 2.5]
		},
		"firstperson_lefthand": {
			"translation": [-8.75, 8.75, 2.5]
		},
		"gui": {
			"rotation": [0, -180, 0],
			"translation": [0.5, 0, 6.5],
			"scale": [0.46, 0.5, 0.87]
		},
		"fixed": {
			"translation": [0, 0, 6.5],
			"scale": [0.51, 0.65, 0.87]
		}
	}
}