{
	"credit": "Made with Blockbench",
	"textures": {
		"0": "block/light_gray_wool",
		"1": "block/black_wool",
		"2": "block/quartz_block_top",
		"3": "block/green_stained_glass",
		"particle": "block/light_gray_wool"
	},
	"elements": [
		{
			"name": "hexadecagon",
			"from": [7.83952, 8.87695, 7.19907],
			"to": [8.15778, 17.87695, 8.79907],
			"rotation": {"angle": -45, "axis": "y", "origin": [8.00032, 8, 8.00018]},
			"faces": {
				"north": {"uv": [1, 2, 2, 3], "texture": "#3"},
				"east": {"uv": [1, 2, 2, 3], "texture": "#3"},
				"south": {"uv": [1, 2, 2, 3], "texture": "#3"},
				"west": {"uv": [1, 2, 2, 3], "texture": "#3"},
				"up": {"uv": [1, 2, 2, 3], "texture": "#3"},
				"down": {"uv": [1, 2, 2, 3], "texture": "#3"}
			}
		},
		{
			"name": "hexadecagon",
			"from": [7.84008, 8.87695, 7.19852],
			"to": [8.15834, 17.87695, 8.79852],
			"rotation": {"angle": -22.5, "axis": "y", "origin": [8.00032, 8, 8.00018]},
			"faces": {
				"north": {"uv": [1, 2, 2, 3], "texture": "#3"},
				"east": {"uv": [1, 2, 2, 3], "texture": "#3"},
				"south": {"uv": [1, 2, 2, 3], "texture": "#3"},
				"west": {"uv": [1, 2, 2, 3], "texture": "#3"},
				"up": {"uv": [1, 2, 2, 3], "texture": "#3"},
				"down": {"uv": [1, 2, 2, 3], "texture": "#3"}
			}
		},
		{
			"name": "hexadecagon",
			"from": [7.8408, 8.87695, 7.19822],
			"to": [8.15906, 17.87695, 8.79822],
			"rotation": {"angle": 0, "axis": "y", "origin": [8.00032, 8, 8.00018]},
			"faces": {
				"north": {"uv": [1, 2, 2, 3], "texture": "#3"},
				"east": {"uv": [1, 2, 2, 3], "texture": "#3"},
				"south": {"uv": [1, 2, 2, 3], "texture": "#3"},
				"west": {"uv": [1, 2, 2, 3], "texture": "#3"},
				"up": {"uv": [1, 2, 2, 3], "texture": "#3"},
				"down": {"uv": [1, 2, 2, 3], "texture": "#3"}
			}
		},
		{
			"name": "hexadecagon",
			"from": [7.20071, 8.87695, 7.83909],
			"to": [8.80071, 17.87695, 8.15735],
			"rotation": {"angle": 22.5, "axis": "y", "origin": [8.00032, 8, 8.00018]},
			"faces": {
				"north": {"uv": [1, 2, 2, 3], "texture": "#3"},
				"east": {"uv": [1, 2, 2, 3], "texture": "#3"},
				"south": {"uv": [1, 2, 2, 3], "texture": "#3"},
				"west": {"uv": [1, 2, 2, 3], "texture": "#3"},
				"up": {"uv": [1, 2, 2, 3], "texture": "#3"},
				"down": {"uv": [1, 2, 2, 3], "texture": "#3"}
			}
		},
		{
			"name": "hexadecagon",
			"from": [7.19993, 8.87695, 7.83909],
			"to": [8.79993, 17.87695, 8.15735],
			"rotation": {"angle": 0, "axis": "y", "origin": [8.00032, 8, 8.00018]},
			"faces": {
				"north": {"uv": [1, 2, 2, 3], "texture": "#3"},
				"east": {"uv": [1, 2, 2, 3], "texture": "#3"},
				"south": {"uv": [1, 2, 2, 3], "texture": "#3"},
				"west": {"uv": [1, 2, 2, 3], "texture": "#3"},
				"up": {"uv": [1, 2, 2, 3], "texture": "#3"},
				"down": {"uv": [1, 2, 2, 3], "texture": "#3"}
			}
		},
		{
			"name": "hexadecagon",
			"from": [7.19921, 8.87695, 7.83939],
			"to": [8.79921, 17.87695, 8.15765],
			"rotation": {"angle": -22.5, "axis": "y", "origin": [8.00032, 8, 8.00018]},
			"faces": {
				"north": {"uv": [1, 2, 2, 3], "texture": "#3"},
				"east": {"uv": [1, 2, 2, 3], "texture": "#3"},
				"south": {"uv": [1, 2, 2, 3], "texture": "#3"},
				"west": {"uv": [1, 2, 2, 3], "texture": "#3"},
				"up": {"uv": [1, 2, 2, 3], "texture": "#3"},
				"down": {"uv": [1, 2, 2, 3], "texture": "#3"}
			}
		},
		{
			"name": "hexadecagon",
			"from": [7.8423, 8.87695, 7.19852],
			"to": [8.16056, 17.87695, 8.79852],
			"rotation": {"angle": 45, "axis": "y", "origin": [8.00032, 8, 8.00018]},
			"faces": {
				"north": {"uv": [1, 2, 2, 3], "texture": "#3"},
				"east": {"uv": [1, 2, 2, 3], "texture": "#3"},
				"south": {"uv": [1, 2, 2, 3], "texture": "#3"},
				"west": {"uv": [1, 2, 2, 3], "texture": "#3"},
				"up": {"uv": [1, 2, 2, 3], "texture": "#3"},
				"down": {"uv": [1, 2, 2, 3], "texture": "#3"}
			}
		},
		{
			"name": "hexadecagon",
			"from": [7.79974, 1.87695, 6.99907],
			"to": [8.19756, 8.87695, 8.99907],
			"rotation": {"angle": -45, "axis": "y", "origin": [8.00032, 8, 8.00018]},
			"faces": {
				"north": {"uv": [0, 0, 1, 1], "texture": "#2"},
				"east": {"uv": [0, 0, 1, 1], "texture": "#2"},
				"south": {"uv": [0, 0, 1, 1], "texture": "#2"},
				"west": {"uv": [0, 0, 1, 1], "texture": "#2"},
				"up": {"uv": [0, 0, 1, 1], "texture": "#2"},
				"down": {"uv": [0, 0, 1, 1], "texture": "#2"}
			}
		},
		{
			"name": "hexadecagon",
			"from": [7.80102, 1.87695, 6.99822],
			"to": [8.19884, 8.87695, 8.99822],
			"rotation": {"angle": 0, "axis": "y", "origin": [8.00032, 8, 8.00018]},
			"faces": {
				"north": {"uv": [0, 0, 1, 1], "texture": "#2"},
				"east": {"uv": [0, 0, 1, 1], "texture": "#2"},
				"south": {"uv": [0, 0, 1, 1], "texture": "#2"},
				"west": {"uv": [0, 0, 1, 1], "texture": "#2"},
				"up": {"uv": [0, 0, 1, 1], "texture": "#2"},
				"down": {"uv": [0, 0, 1, 1], "texture": "#2"}
			}
		},
		{
			"name": "hexadecagon",
			"from": [7.8003, 1.87695, 6.99852],
			"to": [8.19812, 8.87695, 8.99852],
			"rotation": {"angle": -22.5, "axis": "y", "origin": [8.00032, 8, 8.00018]},
			"faces": {
				"north": {"uv": [0, 0, 1, 1], "texture": "#2"},
				"east": {"uv": [0, 0, 1, 1], "texture": "#2"},
				"south": {"uv": [0, 0, 1, 1], "texture": "#2"},
				"west": {"uv": [0, 0, 1, 1], "texture": "#2"},
				"up": {"uv": [0, 0, 1, 1], "texture": "#2"},
				"down": {"uv": [0, 0, 1, 1], "texture": "#2"}
			}
		},
		{
			"name": "hexadecagon",
			"from": [7.8018, 1.87695, 6.99822],
			"to": [8.19962, 8.87695, 8.99822],
			"rotation": {"angle": 22.5, "axis": "y", "origin": [8.00032, 8, 8.00018]},
			"faces": {
				"north": {"uv": [0, 0, 1, 1], "texture": "#2"},
				"east": {"uv": [0, 0, 1, 1], "texture": "#2"},
				"south": {"uv": [0, 0, 1, 1], "texture": "#2"},
				"west": {"uv": [0, 0, 1, 1], "texture": "#2"},
				"up": {"uv": [0, 0, 1, 1], "texture": "#2"},
				"down": {"uv": [0, 0, 1, 1], "texture": "#2"}
			}
		},
		{
			"name": "hexadecagon",
			"from": [6.99921, 1.87695, 7.79961],
			"to": [8.99921, 8.87695, 8.19743],
			"rotation": {"angle": -22.5, "axis": "y", "origin": [8.00032, 8, 8.00018]},
			"faces": {
				"north": {"uv": [0, 0, 1, 1], "texture": "#2"},
				"east": {"uv": [0, 0, 1, 1], "texture": "#2"},
				"south": {"uv": [0, 0, 1, 1], "texture": "#2"},
				"west": {"uv": [0, 0, 1, 1], "texture": "#2"},
				"up": {"uv": [0, 0, 1, 1], "texture": "#2"},
				"down": {"uv": [0, 0, 1, 1], "texture": "#2"}
			}
		},
		{
			"name": "hexadecagon",
			"from": [7.80252, 1.87695, 6.99852],
			"to": [8.20034, 8.87695, 8.99852],
			"rotation": {"angle": 45, "axis": "y", "origin": [8.00032, 8, 8.00018]},
			"faces": {
				"north": {"uv": [0, 0, 1, 1], "texture": "#2"},
				"east": {"uv": [0, 0, 1, 1], "texture": "#2"},
				"south": {"uv": [0, 0, 1, 1], "texture": "#2"},
				"west": {"uv": [0, 0, 1, 1], "texture": "#2"},
				"up": {"uv": [0, 0, 1, 1], "texture": "#2"},
				"down": {"uv": [0, 0, 1, 1], "texture": "#2"}
			}
		},
		{
			"name": "hexadecagon",
			"from": [6.99993, 1.87695, 7.79931],
			"to": [8.99993, 8.87695, 8.19713],
			"rotation": {"angle": 0, "axis": "y", "origin": [8.00032, 8, 8.00018]},
			"faces": {
				"north": {"uv": [0, 0, 1, 1], "texture": "#2"},
				"east": {"uv": [0, 0, 1, 1], "texture": "#2"},
				"south": {"uv": [0, 0, 1, 1], "texture": "#2"},
				"west": {"uv": [0, 0, 1, 1], "texture": "#2"},
				"up": {"uv": [0, 0, 1, 1], "texture": "#2"},
				"down": {"uv": [0, 0, 1, 1], "texture": "#2"}
			}
		},
		{
			"name": "hexadecagon",
			"from": [7.84158, 8.87695, 7.19822],
			"to": [8.15984, 17.87695, 8.79822],
			"rotation": {"angle": 22.5, "axis": "y", "origin": [8.00032, 8, 8.00018]},
			"faces": {
				"north": {"uv": [1, 2, 2, 3], "texture": "#3"},
				"east": {"uv": [1, 2, 2, 3], "texture": "#3"},
				"south": {"uv": [1, 2, 2, 3], "texture": "#3"},
				"west": {"uv": [1, 2, 2, 3], "texture": "#3"},
				"up": {"uv": [1, 2, 2, 3], "texture": "#3"},
				"down": {"uv": [1, 2, 2, 3], "texture": "#3"}
			}
		},
		{
			"name": "hexadecagon",
			"from": [7.00071, 1.87695, 7.79931],
			"to": [9.00071, 8.87695, 8.19713],
			"rotation": {"angle": 22.5, "axis": "y", "origin": [8.00032, 8, 8.00018]},
			"faces": {
				"north": {"uv": [0, 0, 1, 1], "texture": "#2"},
				"east": {"uv": [0, 0, 1, 1], "texture": "#2"},
				"south": {"uv": [0, 0, 1, 1], "texture": "#2"},
				"west": {"uv": [0, 0, 1, 1], "texture": "#2"},
				"up": {"uv": [0, 0, 1, 1], "texture": "#2"},
				"down": {"uv": [0, 0, 1, 1], "texture": "#2"}
			}
		},
		{
			"name": "hexadecagon",
			"from": [6.80374, 6.87695, 7.81845],
			"to": [9.10374, 8.57695, 8.21627],
			"rotation": {"angle": 22.5, "axis": "y", "origin": [7.95374, 7.72695, 8.01736]},
			"faces": {
				"north": {"uv": [0, 0, 1, 1], "texture": "#1"},
				"east": {"uv": [0, 0, 1, 1], "texture": "#1"},
				"south": {"uv": [0, 0, 1, 1], "texture": "#1"},
				"west": {"uv": [0, 0, 1, 1], "texture": "#1"},
				"up": {"uv": [0, 0, 1, 1], "texture": "#1"},
				"down": {"uv": [0, 0, 1, 1], "texture": "#1"}
			}
		},
		{
			"name": "hexadecagon",
			"from": [6.80143, 7.87695, 7.79961],
			"to": [9.10143, 8.57695, 8.19743],
			"rotation": {"angle": 45, "axis": "y", "origin": [8.00032, 8, 8.00018]},
			"faces": {
				"north": {"uv": [0, 0, 1, 1], "texture": "#1"},
				"east": {"uv": [0, 0, 1, 1], "texture": "#1"},
				"south": {"uv": [0, 0, 1, 1], "texture": "#1"},
				"west": {"uv": [0, 0, 1, 1], "texture": "#1"},
				"up": {"uv": [0, 0, 1, 1], "texture": "#1"},
				"down": {"uv": [0, 0, 1, 1], "texture": "#1"}
			}
		},
		{
			"name": "hexadecagon",
			"from": [7.8003, 7.62695, 6.89852],
			"to": [8.19812, 8.57695, 9.19852],
			"rotation": {"angle": -22.5, "axis": "y", "origin": [8.00032, 8, 8.00018]},
			"faces": {
				"north": {"uv": [0, 0, 1, 1], "texture": "#1"},
				"east": {"uv": [0, 0, 1, 1], "texture": "#1"},
				"south": {"uv": [0, 0, 1, 1], "texture": "#1"},
				"west": {"uv": [0, 0, 1, 1], "texture": "#1"},
				"up": {"uv": [0, 0, 1, 1], "rotation": 270, "texture": "#1"},
				"down": {"uv": [0, 0, 1, 1], "rotation": 90, "texture": "#1"}
			}
		},
		{
			"name": "hexadecagon",
			"from": [7.80102, 7.87695, 6.89822],
			"to": [8.19884, 8.57695, 9.19822],
			"rotation": {"angle": 0, "axis": "y", "origin": [8.00032, 8, 8.00018]},
			"faces": {
				"north": {"uv": [0, 0, 1, 1], "texture": "#1"},
				"east": {"uv": [0, 0, 1, 1], "texture": "#1"},
				"south": {"uv": [0, 0, 1, 1], "texture": "#1"},
				"west": {"uv": [0, 0, 1, 1], "texture": "#1"},
				"up": {"uv": [0, 0, 1, 1], "rotation": 270, "texture": "#1"},
				"down": {"uv": [0, 0, 1, 1], "rotation": 90, "texture": "#1"}
			}
		},
		{
			"name": "hexadecagon",
			"from": [7.8018, 6.87695, 8.89822],
			"to": [8.19962, 9.57695, 9.09822],
			"rotation": {"angle": 22.5, "axis": "y", "origin": [8.00032, 8, 8.00018]},
			"faces": {
				"north": {"uv": [0, 0, 1, 1], "texture": "#0"},
				"east": {"uv": [0, 0, 1, 1], "texture": "#0"},
				"south": {"uv": [0, 0, 1, 1], "texture": "#0"},
				"west": {"uv": [0, 0, 1, 1], "texture": "#0"},
				"up": {"uv": [0, 0, 1, 1], "rotation": 270, "texture": "#0"},
				"down": {"uv": [0, 0, 1, 1], "rotation": 90, "texture": "#0"}
			}
		},
		{
			"name": "hexadecagon",
			"from": [7.80102, 6.87695, 6.90215],
			"to": [8.19884, 9.57695, 7.10215],
			"rotation": {"angle": 22.5, "axis": "y", "origin": [8.00032, 8, 8.00018]},
			"faces": {
				"north": {"uv": [0, 0, 1, 1], "texture": "#0"},
				"east": {"uv": [0, 0, 1, 1], "texture": "#0"},
				"south": {"uv": [0, 0, 1, 1], "texture": "#0"},
				"west": {"uv": [0, 0, 1, 1], "texture": "#0"},
				"up": {"uv": [0, 0, 1, 1], "rotation": 90, "texture": "#0"},
				"down": {"uv": [0, 0, 1, 1], "rotation": 270, "texture": "#0"}
			}
		},
		{
			"name": "hexadecagon",
			"from": [7.8018, 6.87695, 8.89822],
			"to": [8.19962, 9.57695, 9.09822],
			"rotation": {"angle": 45, "axis": "y", "origin": [8.00032, 8, 8.00018]},
			"faces": {
				"north": {"uv": [0, 0, 1, 1], "texture": "#0"},
				"east": {"uv": [0, 0, 1, 1], "texture": "#0"},
				"south": {"uv": [0, 0, 1, 1], "texture": "#0"},
				"west": {"uv": [0, 0, 1, 1], "texture": "#0"},
				"up": {"uv": [0, 0, 1, 1], "rotation": 270, "texture": "#0"},
				"down": {"uv": [0, 0, 1, 1], "rotation": 90, "texture": "#0"}
			}
		},
		{
			"name": "hexadecagon",
			"from": [6.90228, 6.87695, 7.80167],
			"to": [7.10228, 9.57695, 8.19949],
			"rotation": {"angle": -45, "axis": "y", "origin": [8.00032, 8, 8.00018]},
			"faces": {
				"north": {"uv": [0, 0, 1, 1], "texture": "#0"},
				"east": {"uv": [0, 0, 1, 1], "texture": "#0"},
				"south": {"uv": [0, 0, 1, 1], "texture": "#0"},
				"west": {"uv": [0, 0, 1, 1], "texture": "#0"},
				"up": {"uv": [0, 0, 1, 1], "texture": "#0"},
				"down": {"uv": [0, 0, 1, 1], "texture": "#0"}
			}
		},
		{
			"name": "hexadecagon",
			"from": [8.89836, 6.87695, 7.80088],
			"to": [9.09836, 9.57695, 8.1987],
			"rotation": {"angle": -22.5, "axis": "y", "origin": [8.00032, 8, 8.00018]},
			"faces": {
				"north": {"uv": [0, 0, 1, 1], "texture": "#0"},
				"east": {"uv": [0, 0, 1, 1], "texture": "#0"},
				"south": {"uv": [0, 0, 1, 1], "texture": "#0"},
				"west": {"uv": [0, 0, 1, 1], "texture": "#0"},
				"up": {"uv": [0, 0, 1, 1], "rotation": 180, "texture": "#0"},
				"down": {"uv": [0, 0, 1, 1], "rotation": 180, "texture": "#0"}
			}
		},
		{
			"name": "hexadecagon",
			"from": [6.90228, 6.87695, 7.80167],
			"to": [7.10228, 9.57695, 8.19949],
			"rotation": {"angle": -22.5, "axis": "y", "origin": [8.00032, 8, 8.00018]},
			"faces": {
				"north": {"uv": [0, 0, 1, 1], "texture": "#0"},
				"east": {"uv": [0, 0, 1, 1], "texture": "#0"},
				"south": {"uv": [0, 0, 1, 1], "texture": "#0"},
				"west": {"uv": [0, 0, 1, 1], "texture": "#0"},
				"up": {"uv": [0, 0, 1, 1], "texture": "#0"},
				"down": {"uv": [0, 0, 1, 1], "texture": "#0"}
			}
		},
		{
			"name": "hexadecagon",
			"from": [8.89836, 6.87695, 7.80088],
			"to": [9.09836, 9.57695, 8.1987],
			"rotation": {"angle": 0, "axis": "y", "origin": [8.00032, 8, 8.00018]},
			"faces": {
				"north": {"uv": [0, 0, 1, 1], "texture": "#0"},
				"east": {"uv": [0, 0, 1, 1], "texture": "#0"},
				"south": {"uv": [0, 0, 1, 1], "texture": "#0"},
				"west": {"uv": [0, 0, 1, 1], "texture": "#0"},
				"up": {"uv": [0, 0, 1, 1], "rotation": 180, "texture": "#0"},
				"down": {"uv": [0, 0, 1, 1], "rotation": 180, "texture": "#0"}
			}
		},
		{
			"name": "hexadecagon",
			"from": [6.90228, 6.87695, 7.80167],
			"to": [7.10228, 9.57695, 8.19949],
			"rotation": {"angle": 0, "axis": "y", "origin": [8.00032, 8, 8.00018]},
			"faces": {
				"north": {"uv": [0, 0, 1, 1], "texture": "#0"},
				"east": {"uv": [0, 0, 1, 1], "texture": "#0"},
				"south": {"uv": [0, 0, 1, 1], "texture": "#0"},
				"west": {"uv": [0, 0, 1, 1], "texture": "#0"},
				"up": {"uv": [0, 0, 1, 1], "texture": "#0"},
				"down": {"uv": [0, 0, 1, 1], "texture": "#0"}
			}
		},
		{
			"name": "hexadecagon",
			"from": [7.8018, 6.87695, 6.89822],
			"to": [8.19962, 8.57695, 9.19822],
			"rotation": {"angle": 22.5, "axis": "y", "origin": [8.00032, 8, 8.00018]},
			"faces": {
				"north": {"uv": [0, 0, 1, 1], "texture": "#1"},
				"east": {"uv": [0, 0, 1, 1], "texture": "#1"},
				"south": {"uv": [0, 0, 1, 1], "texture": "#1"},
				"west": {"uv": [0, 0, 1, 1], "texture": "#1"},
				"up": {"uv": [0, 0, 1, 1], "rotation": 270, "texture": "#1"},
				"down": {"uv": [0, 0, 1, 1], "rotation": 90, "texture": "#1"}
			}
		},
		{
			"name": "hexadecagon",
			"from": [7.80252, 7.87695, 6.89852],
			"to": [8.20034, 8.57695, 9.19852],
			"rotation": {"angle": 45, "axis": "y", "origin": [8.00032, 8, 8.00018]},
			"faces": {
				"north": {"uv": [0, 0, 1, 1], "texture": "#1"},
				"east": {"uv": [0, 0, 1, 1], "texture": "#1"},
				"south": {"uv": [0, 0, 1, 1], "texture": "#1"},
				"west": {"uv": [0, 0, 1, 1], "texture": "#1"},
				"up": {"uv": [0, 0, 1, 1], "rotation": 270, "texture": "#1"},
				"down": {"uv": [0, 0, 1, 1], "rotation": 90, "texture": "#1"}
			}
		},
		{
			"name": "hexadecagon",
			"from": [6.89921, 7.62695, 7.79961],
			"to": [9.19921, 8.57695, 8.19743],
			"rotation": {"angle": -22.5, "axis": "y", "origin": [8.00032, 8, 8.00018]},
			"faces": {
				"north": {"uv": [0, 0, 1, 1], "texture": "#1"},
				"east": {"uv": [0, 0, 1, 1], "texture": "#1"},
				"south": {"uv": [0, 0, 1, 1], "texture": "#1"},
				"west": {"uv": [0, 0, 1, 1], "texture": "#1"},
				"up": {"uv": [0, 0, 1, 1], "rotation": 180, "texture": "#1"},
				"down": {"uv": [0, 0, 1, 1], "rotation": 180, "texture": "#1"}
			}
		},
		{
			"name": "hexadecagon",
			"from": [6.89993, 7.87695, 7.79931],
			"to": [9.19993, 8.57695, 8.19713],
			"rotation": {"angle": 0, "axis": "y", "origin": [8.00032, 8, 8.00018]},
			"faces": {
				"north": {"uv": [0, 0, 1, 1], "texture": "#1"},
				"east": {"uv": [0, 0, 1, 1], "texture": "#1"},
				"south": {"uv": [0, 0, 1, 1], "texture": "#1"},
				"west": {"uv": [0, 0, 1, 1], "texture": "#1"},
				"up": {"uv": [0, 0, 1, 1], "rotation": 180, "texture": "#1"},
				"down": {"uv": [0, 0, 1, 1], "rotation": 180, "texture": "#1"}
			}
		},
		{
			"name": "hexadecagon",
			"from": [6.80071, 1.87695, 7.79931],
			"to": [9.20071, 5.87695, 8.19713],
			"rotation": {"angle": 22.5, "axis": "y", "origin": [8.00032, 8, 8.00018]},
			"faces": {
				"north": {"uv": [0, 0, 1, 1], "texture": "#2"},
				"east": {"uv": [0, 0, 1, 1], "texture": "#2"},
				"south": {"uv": [0, 0, 1, 1], "texture": "#2"},
				"west": {"uv": [0, 0, 1, 1], "texture": "#2"},
				"up": {"uv": [0, 0, 1, 1], "texture": "#2"},
				"down": {"uv": [0, 0, 1, 1], "texture": "#2"}
			}
		},
		{
			"name": "hexadecagon",
			"from": [6.80143, 1.87695, 7.79961],
			"to": [9.20143, 4.87695, 8.19743],
			"rotation": {"angle": 45, "axis": "y", "origin": [8.00032, 8, 8.00018]},
			"faces": {
				"north": {"uv": [0, 0, 1, 1], "texture": "#2"},
				"east": {"uv": [0, 0, 1, 1], "texture": "#2"},
				"south": {"uv": [0, 0, 1, 1], "texture": "#2"},
				"west": {"uv": [0, 0, 1, 1], "texture": "#2"},
				"up": {"uv": [0, 0, 1, 1], "texture": "#2"},
				"down": {"uv": [0, 0, 1, 1], "texture": "#2"}
			}
		},
		{
			"name": "hexadecagon",
			"from": [6.79993, 1.87695, 7.79931],
			"to": [9.19993, 4.87695, 8.19713],
			"rotation": {"angle": 0, "axis": "y", "origin": [8.00032, 8, 8.00018]},
			"faces": {
				"north": {"uv": [0, 0, 1, 1], "texture": "#2"},
				"east": {"uv": [0, 0, 1, 1], "texture": "#2"},
				"south": {"uv": [0, 0, 1, 1], "texture": "#2"},
				"west": {"uv": [0, 0, 1, 1], "texture": "#2"},
				"up": {"uv": [0, 0, 1, 1], "texture": "#2"},
				"down": {"uv": [0, 0, 1, 1], "texture": "#2"}
			}
		},
		{
			"name": "hexadecagon",
			"from": [6.79921, 1.87695, 7.79961],
			"to": [9.19921, 3.87695, 8.19743],
			"rotation": {"angle": -22.5, "axis": "y", "origin": [8.00032, 8, 8.00018]},
			"faces": {
				"north": {"uv": [0, 0, 1, 1], "texture": "#2"},
				"east": {"uv": [0, 0, 1, 1], "texture": "#2"},
				"south": {"uv": [0, 0, 1, 1], "texture": "#2"},
				"west": {"uv": [0, 0, 1, 1], "texture": "#2"},
				"up": {"uv": [0, 0, 1, 1], "texture": "#2"},
				"down": {"uv": [0, 0, 1, 1], "texture": "#2"}
			}
		},
		{
			"name": "hexadecagon",
			"from": [7.8003, 1.87695, 6.79852],
			"to": [8.19812, 3.87695, 9.19852],
			"rotation": {"angle": -22.5, "axis": "y", "origin": [8.00032, 8, 8.00018]},
			"faces": {
				"north": {"uv": [0, 0, 1, 1], "texture": "#2"},
				"east": {"uv": [0, 0, 1, 1], "texture": "#2"},
				"south": {"uv": [0, 0, 1, 1], "texture": "#2"},
				"west": {"uv": [0, 0, 1, 1], "texture": "#2"},
				"up": {"uv": [0, 0, 1, 1], "rotation": 270, "texture": "#2"},
				"down": {"uv": [0, 0, 1, 1], "rotation": 90, "texture": "#2"}
			}
		},
		{
			"name": "hexadecagon",
			"from": [7.85941, 17.87695, 7.29907],
			"to": [8.13789, 25.87695, 8.69907],
			"rotation": {"angle": -45, "axis": "y", "origin": [8.00032, 8, 8.00018]},
			"faces": {
				"north": {"uv": [5.5, 1.25, 6.5, 2.25], "texture": "#3"},
				"east": {"uv": [5.5, 1.25, 6.5, 2.25], "texture": "#3"},
				"south": {"uv": [5.5, 1.25, 6.5, 2.25], "texture": "#3"},
				"west": {"uv": [5.5, 1.25, 6.5, 2.25], "texture": "#3"},
				"up": {"uv": [5.5, 1.25, 6.5, 2.25], "texture": "#3"},
				"down": {"uv": [5.5, 1.25, 6.5, 2.25], "texture": "#3"}
			}
		},
		{
			"name": "hexadecagon",
			"from": [7.85997, 17.87695, 7.29852],
			"to": [8.13845, 25.87695, 8.69852],
			"rotation": {"angle": -22.5, "axis": "y", "origin": [8.00032, 8, 8.00018]},
			"faces": {
				"north": {"uv": [5.5, 1.25, 6.5, 2.25], "texture": "#3"},
				"east": {"uv": [5.5, 1.25, 6.5, 2.25], "texture": "#3"},
				"south": {"uv": [5.5, 1.25, 6.5, 2.25], "texture": "#3"},
				"west": {"uv": [5.5, 1.25, 6.5, 2.25], "texture": "#3"},
				"up": {"uv": [5.5, 1.25, 6.5, 2.25], "texture": "#3"},
				"down": {"uv": [5.5, 1.25, 6.5, 2.25], "texture": "#3"}
			}
		},
		{
			"name": "hexadecagon",
			"from": [7.86069, 17.87695, 7.29822],
			"to": [8.13917, 25.87695, 8.69822],
			"rotation": {"angle": 0, "axis": "y", "origin": [8.00032, 8, 8.00018]},
			"faces": {
				"north": {"uv": [5.5, 1.25, 6.5, 2.25], "texture": "#3"},
				"east": {"uv": [5.5, 1.25, 6.5, 2.25], "texture": "#3"},
				"south": {"uv": [5.5, 1.25, 6.5, 2.25], "texture": "#3"},
				"west": {"uv": [5.5, 1.25, 6.5, 2.25], "texture": "#3"},
				"up": {"uv": [5.5, 1.25, 6.5, 2.25], "texture": "#3"},
				"down": {"uv": [5.5, 1.25, 6.5, 2.25], "texture": "#3"}
			}
		},
		{
			"name": "hexadecagon",
			"from": [7.86147, 17.87695, 7.29822],
			"to": [8.13995, 25.87695, 8.69822],
			"rotation": {"angle": 22.5, "axis": "y", "origin": [8.00032, 8, 8.00018]},
			"faces": {
				"north": {"uv": [5.5, 1.25, 6.5, 2.25], "texture": "#3"},
				"east": {"uv": [5.5, 1.25, 6.5, 2.25], "texture": "#3"},
				"south": {"uv": [5.5, 1.25, 6.5, 2.25], "texture": "#3"},
				"west": {"uv": [5.5, 1.25, 6.5, 2.25], "texture": "#3"},
				"up": {"uv": [5.5, 1.25, 6.5, 2.25], "texture": "#3"},
				"down": {"uv": [5.5, 1.25, 6.5, 2.25], "texture": "#3"}
			}
		},
		{
			"name": "hexadecagon",
			"from": [7.86219, 17.87695, 7.29852],
			"to": [8.14067, 25.87695, 8.69852],
			"rotation": {"angle": 45, "axis": "y", "origin": [8.00032, 8, 8.00018]},
			"faces": {
				"north": {"uv": [5.5, 1.25, 6.5, 2.25], "texture": "#3"},
				"east": {"uv": [5.5, 1.25, 6.5, 2.25], "texture": "#3"},
				"south": {"uv": [5.5, 1.25, 6.5, 2.25], "texture": "#3"},
				"west": {"uv": [5.5, 1.25, 6.5, 2.25], "texture": "#3"},
				"up": {"uv": [5.5, 1.25, 6.5, 2.25], "texture": "#3"},
				"down": {"uv": [5.5, 1.25, 6.5, 2.25], "texture": "#3"}
			}
		},
		{
			"name": "hexadecagon",
			"from": [7.29921, 17.87695, 7.85928],
			"to": [8.69921, 25.87695, 8.13776],
			"rotation": {"angle": -22.5, "axis": "y", "origin": [8.00032, 8, 8.00018]},
			"faces": {
				"north": {"uv": [5.5, 1.25, 6.5, 2.25], "texture": "#3"},
				"east": {"uv": [5.5, 1.25, 6.5, 2.25], "texture": "#3"},
				"south": {"uv": [5.5, 1.25, 6.5, 2.25], "texture": "#3"},
				"west": {"uv": [5.5, 1.25, 6.5, 2.25], "texture": "#3"},
				"up": {"uv": [5.5, 1.25, 6.5, 2.25], "texture": "#3"},
				"down": {"uv": [5.5, 1.25, 6.5, 2.25], "texture": "#3"}
			}
		},
		{
			"name": "hexadecagon",
			"from": [7.29993, 17.87695, 7.85898],
			"to": [8.69993, 25.87695, 8.13746],
			"rotation": {"angle": 0, "axis": "y", "origin": [8.00032, 8, 8.00018]},
			"faces": {
				"north": {"uv": [5.5, 1.25, 6.5, 2.25], "texture": "#3"},
				"east": {"uv": [5.5, 1.25, 6.5, 2.25], "texture": "#3"},
				"south": {"uv": [5.5, 1.25, 6.5, 2.25], "texture": "#3"},
				"west": {"uv": [5.5, 1.25, 6.5, 2.25], "texture": "#3"},
				"up": {"uv": [5.5, 1.25, 6.5, 2.25], "texture": "#3"},
				"down": {"uv": [5.5, 1.25, 6.5, 2.25], "texture": "#3"}
			}
		},
		{
			"name": "hexadecagon",
			"from": [7.30071, 17.87695, 7.85898],
			"to": [8.70071, 25.87695, 8.13746],
			"rotation": {"angle": 22.5, "axis": "y", "origin": [8.00032, 8, 8.00018]},
			"faces": {
				"north": {"uv": [5.5, 1.25, 6.5, 2.25], "texture": "#3"},
				"east": {"uv": [5.5, 1.25, 6.5, 2.25], "texture": "#3"},
				"south": {"uv": [5.5, 1.25, 6.5, 2.25], "texture": "#3"},
				"west": {"uv": [5.5, 1.25, 6.5, 2.25], "texture": "#3"},
				"up": {"uv": [5.5, 1.25, 6.5, 2.25], "texture": "#3"},
				"down": {"uv": [5.5, 1.25, 6.5, 2.25], "texture": "#3"}
			}
		},
		{
			"name": "hexadecagon",
			"from": [7.8793, 25.87695, 7.39907],
			"to": [8.118, 29.87695, 8.59907],
			"rotation": {"angle": -45, "axis": "y", "origin": [8.00032, 8, 8.00018]},
			"faces": {
				"north": {"uv": [5.5, 1.25, 6.5, 2.25], "texture": "#3"},
				"east": {"uv": [5.5, 1.25, 6.5, 2.25], "texture": "#3"},
				"south": {"uv": [5.5, 1.25, 6.5, 2.25], "texture": "#3"},
				"west": {"uv": [5.5, 1.25, 6.5, 2.25], "texture": "#3"},
				"up": {"uv": [5.5, 1.25, 6.5, 2.25], "texture": "#3"},
				"down": {"uv": [5.5, 1.25, 6.5, 2.25], "texture": "#3"}
			}
		},
		{
			"name": "hexadecagon",
			"from": [7.87986, 25.87695, 7.39852],
			"to": [8.11856, 29.87695, 8.59852],
			"rotation": {"angle": -22.5, "axis": "y", "origin": [8.00032, 8, 8.00018]},
			"faces": {
				"north": {"uv": [5.5, 1.25, 6.5, 2.25], "texture": "#3"},
				"east": {"uv": [5.5, 1.25, 6.5, 2.25], "texture": "#3"},
				"south": {"uv": [5.5, 1.25, 6.5, 2.25], "texture": "#3"},
				"west": {"uv": [5.5, 1.25, 6.5, 2.25], "texture": "#3"},
				"up": {"uv": [5.5, 1.25, 6.5, 2.25], "texture": "#3"},
				"down": {"uv": [5.5, 1.25, 6.5, 2.25], "texture": "#3"}
			}
		},
		{
			"name": "hexadecagon",
			"from": [7.88058, 25.87695, 7.39822],
			"to": [8.11928, 29.87695, 8.59822],
			"rotation": {"angle": 0, "axis": "y", "origin": [8.00032, 8, 8.00018]},
			"faces": {
				"north": {"uv": [5.5, 1.25, 6.5, 2.25], "texture": "#3"},
				"east": {"uv": [5.5, 1.25, 6.5, 2.25], "texture": "#3"},
				"south": {"uv": [5.5, 1.25, 6.5, 2.25], "texture": "#3"},
				"west": {"uv": [5.5, 1.25, 6.5, 2.25], "texture": "#3"},
				"up": {"uv": [5.5, 1.25, 6.5, 2.25], "texture": "#3"},
				"down": {"uv": [5.5, 1.25, 6.5, 2.25], "texture": "#3"}
			}
		},
		{
			"name": "hexadecagon",
			"from": [7.88136, 25.87695, 7.39822],
			"to": [8.12006, 29.87695, 8.59822],
			"rotation": {"angle": 22.5, "axis": "y", "origin": [8.00032, 8, 8.00018]},
			"faces": {
				"north": {"uv": [5.5, 1.25, 6.5, 2.25], "texture": "#3"},
				"east": {"uv": [5.5, 1.25, 6.5, 2.25], "texture": "#3"},
				"south": {"uv": [5.5, 1.25, 6.5, 2.25], "texture": "#3"},
				"west": {"uv": [5.5, 1.25, 6.5, 2.25], "texture": "#3"},
				"up": {"uv": [5.5, 1.25, 6.5, 2.25], "texture": "#3"},
				"down": {"uv": [5.5, 1.25, 6.5, 2.25], "texture": "#3"}
			}
		},
		{
			"name": "hexadecagon",
			"from": [7.88208, 25.87695, 7.39852],
			"to": [8.12078, 29.87695, 8.59852],
			"rotation": {"angle": 45, "axis": "y", "origin": [8.00032, 8, 8.00018]},
			"faces": {
				"north": {"uv": [5.5, 1.25, 6.5, 2.25], "texture": "#3"},
				"east": {"uv": [5.5, 1.25, 6.5, 2.25], "texture": "#3"},
				"south": {"uv": [5.5, 1.25, 6.5, 2.25], "texture": "#3"},
				"west": {"uv": [5.5, 1.25, 6.5, 2.25], "texture": "#3"},
				"up": {"uv": [5.5, 1.25, 6.5, 2.25], "texture": "#3"},
				"down": {"uv": [5.5, 1.25, 6.5, 2.25], "texture": "#3"}
			}
		},
		{
			"name": "hexadecagon",
			"from": [7.39921, 25.87695, 7.87917],
			"to": [8.59921, 29.87695, 8.11787],
			"rotation": {"angle": -22.5, "axis": "y", "origin": [8.00032, 8, 8.00018]},
			"faces": {
				"north": {"uv": [5.5, 1.25, 6.5, 2.25], "texture": "#3"},
				"east": {"uv": [5.5, 1.25, 6.5, 2.25], "texture": "#3"},
				"south": {"uv": [5.5, 1.25, 6.5, 2.25], "texture": "#3"},
				"west": {"uv": [5.5, 1.25, 6.5, 2.25], "texture": "#3"},
				"up": {"uv": [5.5, 1.25, 6.5, 2.25], "texture": "#3"},
				"down": {"uv": [5.5, 1.25, 6.5, 2.25], "texture": "#3"}
			}
		},
		{
			"name": "hexadecagon",
			"from": [7.39993, 25.87695, 7.87887],
			"to": [8.59993, 29.87695, 8.11757],
			"rotation": {"angle": 0, "axis": "y", "origin": [8.00032, 8, 8.00018]},
			"faces": {
				"north": {"uv": [5.5, 1.25, 6.5, 2.25], "texture": "#3"},
				"east": {"uv": [5.5, 1.25, 6.5, 2.25], "texture": "#3"},
				"south": {"uv": [5.5, 1.25, 6.5, 2.25], "texture": "#3"},
				"west": {"uv": [5.5, 1.25, 6.5, 2.25], "texture": "#3"},
				"up": {"uv": [5.5, 1.25, 6.5, 2.25], "texture": "#3"},
				"down": {"uv": [5.5, 1.25, 6.5, 2.25], "texture": "#3"}
			}
		},
		{
			"name": "hexadecagon",
			"from": [7.40071, 25.87695, 7.87887],
			"to": [8.60071, 29.87695, 8.11757],
			"rotation": {"angle": 22.5, "axis": "y", "origin": [8.00032, 8, 8.00018]},
			"faces": {
				"north": {"uv": [5.5, 1.25, 6.5, 2.25], "texture": "#3"},
				"east": {"uv": [5.5, 1.25, 6.5, 2.25], "texture": "#3"},
				"south": {"uv": [5.5, 1.25, 6.5, 2.25], "texture": "#3"},
				"west": {"uv": [5.5, 1.25, 6.5, 2.25], "texture": "#3"},
				"up": {"uv": [5.5, 1.25, 6.5, 2.25], "texture": "#3"},
				"down": {"uv": [5.5, 1.25, 6.5, 2.25], "texture": "#3"}
			}
		},
		{
			"name": "hexadecagon",
			"from": [7.77985, 6.47695, 6.89907],
			"to": [8.21745, 6.87695, 9.09907],
			"rotation": {"angle": -45, "axis": "y", "origin": [8.00032, 8, 8.00018]},
			"faces": {
				"north": {"uv": [0, 0, 1, 1], "texture": "#1"},
				"east": {"uv": [0, 0, 1, 1], "texture": "#1"},
				"south": {"uv": [0, 0, 1, 1], "texture": "#1"},
				"west": {"uv": [0, 0, 1, 1], "texture": "#1"},
				"up": {"uv": [0, 0, 1, 1], "texture": "#1"},
				"down": {"uv": [0, 0, 1, 1], "texture": "#1"}
			}
		},
		{
			"name": "hexadecagon",
			"from": [7.78041, 6.47695, 6.89852],
			"to": [8.21801, 6.87695, 9.09852],
			"rotation": {"angle": -22.5, "axis": "y", "origin": [8.00032, 8, 8.00018]},
			"faces": {
				"north": {"uv": [0, 0, 1, 1], "texture": "#1"},
				"east": {"uv": [0, 0, 1, 1], "texture": "#1"},
				"south": {"uv": [0, 0, 1, 1], "texture": "#1"},
				"west": {"uv": [0, 0, 1, 1], "texture": "#1"},
				"up": {"uv": [0, 0, 1, 1], "texture": "#1"},
				"down": {"uv": [0, 0, 1, 1], "texture": "#1"}
			}
		},
		{
			"name": "hexadecagon",
			"from": [7.78113, 6.47695, 6.89822],
			"to": [8.21873, 6.87695, 9.09822],
			"rotation": {"angle": 0, "axis": "y", "origin": [8.00032, 8, 8.00018]},
			"faces": {
				"north": {"uv": [0, 0, 1, 1], "texture": "#1"},
				"east": {"uv": [0, 0, 1, 1], "texture": "#1"},
				"south": {"uv": [0, 0, 1, 1], "texture": "#1"},
				"west": {"uv": [0, 0, 1, 1], "texture": "#1"},
				"up": {"uv": [0, 0, 1, 1], "texture": "#1"},
				"down": {"uv": [0, 0, 1, 1], "texture": "#1"}
			}
		},
		{
			"name": "hexadecagon",
			"from": [7.78191, 6.47695, 6.89822],
			"to": [8.21951, 6.87695, 9.09822],
			"rotation": {"angle": 22.5, "axis": "y", "origin": [8.00032, 8, 8.00018]},
			"faces": {
				"north": {"uv": [0, 0, 1, 1], "texture": "#1"},
				"east": {"uv": [0, 0, 1, 1], "texture": "#1"},
				"south": {"uv": [0, 0, 1, 1], "texture": "#1"},
				"west": {"uv": [0, 0, 1, 1], "texture": "#1"},
				"up": {"uv": [0, 0, 1, 1], "texture": "#1"},
				"down": {"uv": [0, 0, 1, 1], "texture": "#1"}
			}
		},
		{
			"name": "hexadecagon",
			"from": [7.78263, 6.47695, 6.89852],
			"to": [8.22023, 6.87695, 9.09852],
			"rotation": {"angle": 45, "axis": "y", "origin": [8.00032, 8, 8.00018]},
			"faces": {
				"north": {"uv": [0, 0, 1, 1], "texture": "#1"},
				"east": {"uv": [0, 0, 1, 1], "texture": "#1"},
				"south": {"uv": [0, 0, 1, 1], "texture": "#1"},
				"west": {"uv": [0, 0, 1, 1], "texture": "#1"},
				"up": {"uv": [0, 0, 1, 1], "texture": "#1"},
				"down": {"uv": [0, 0, 1, 1], "texture": "#1"}
			}
		},
		{
			"name": "hexadecagon",
			"from": [6.89921, 6.47695, 7.77972],
			"to": [9.09921, 6.87695, 8.21732],
			"rotation": {"angle": -22.5, "axis": "y", "origin": [8.00032, 8, 8.00018]},
			"faces": {
				"north": {"uv": [0, 0, 1, 1], "texture": "#1"},
				"east": {"uv": [0, 0, 1, 1], "texture": "#1"},
				"south": {"uv": [0, 0, 1, 1], "texture": "#1"},
				"west": {"uv": [0, 0, 1, 1], "texture": "#1"},
				"up": {"uv": [0, 0, 1, 1], "texture": "#1"},
				"down": {"uv": [0, 0, 1, 1], "texture": "#1"}
			}
		},
		{
			"name": "hexadecagon",
			"from": [6.89993, 6.47695, 7.77942],
			"to": [9.09993, 6.87695, 8.21702],
			"rotation": {"angle": 0, "axis": "y", "origin": [8.00032, 8, 8.00018]},
			"faces": {
				"north": {"uv": [0, 0, 1, 1], "texture": "#1"},
				"east": {"uv": [0, 0, 1, 1], "texture": "#1"},
				"south": {"uv": [0, 0, 1, 1], "texture": "#1"},
				"west": {"uv": [0, 0, 1, 1], "texture": "#1"},
				"up": {"uv": [0, 0, 1, 1], "texture": "#1"},
				"down": {"uv": [0, 0, 1, 1], "texture": "#1"}
			}
		},
		{
			"name": "hexadecagon",
			"from": [6.90071, 6.47695, 7.77942],
			"to": [9.10071, 6.87695, 8.21702],
			"rotation": {"angle": 22.5, "axis": "y", "origin": [8.00032, 8, 8.00018]},
			"faces": {
				"north": {"uv": [0, 0, 1, 1], "texture": "#1"},
				"east": {"uv": [0, 0, 1, 1], "texture": "#1"},
				"south": {"uv": [0, 0, 1, 1], "texture": "#1"},
				"west": {"uv": [0, 0, 1, 1], "texture": "#1"},
				"up": {"uv": [0, 0, 1, 1], "texture": "#1"},
				"down": {"uv": [0, 0, 1, 1], "texture": "#1"}
			}
		},
		{
			"name": "hexadecagon",
			"from": [7.77985, 5.97695, 6.89907],
			"to": [8.21745, 6.37695, 9.09907],
			"rotation": {"angle": -45, "axis": "y", "origin": [8.00032, 8, 8.00018]},
			"faces": {
				"north": {"uv": [0, 0, 1, 1], "texture": "#1"},
				"east": {"uv": [0, 0, 1, 1], "texture": "#1"},
				"south": {"uv": [0, 0, 1, 1], "texture": "#1"},
				"west": {"uv": [0, 0, 1, 1], "texture": "#1"},
				"up": {"uv": [0, 0, 1, 1], "texture": "#1"},
				"down": {"uv": [0, 0, 1, 1], "texture": "#1"}
			}
		},
		{
			"name": "hexadecagon",
			"from": [7.78041, 5.97695, 6.89852],
			"to": [8.21801, 6.37695, 9.09852],
			"rotation": {"angle": -22.5, "axis": "y", "origin": [8.00032, 8, 8.00018]},
			"faces": {
				"north": {"uv": [0, 0, 1, 1], "texture": "#1"},
				"east": {"uv": [0, 0, 1, 1], "texture": "#1"},
				"south": {"uv": [0, 0, 1, 1], "texture": "#1"},
				"west": {"uv": [0, 0, 1, 1], "texture": "#1"},
				"up": {"uv": [0, 0, 1, 1], "texture": "#1"},
				"down": {"uv": [0, 0, 1, 1], "texture": "#1"}
			}
		},
		{
			"name": "hexadecagon",
			"from": [7.78113, 5.97695, 6.89822],
			"to": [8.21873, 6.37695, 9.09822],
			"rotation": {"angle": 0, "axis": "y", "origin": [8.00032, 8, 8.00018]},
			"faces": {
				"north": {"uv": [0, 0, 1, 1], "texture": "#1"},
				"east": {"uv": [0, 0, 1, 1], "texture": "#1"},
				"south": {"uv": [0, 0, 1, 1], "texture": "#1"},
				"west": {"uv": [0, 0, 1, 1], "texture": "#1"},
				"up": {"uv": [0, 0, 1, 1], "texture": "#1"},
				"down": {"uv": [0, 0, 1, 1], "texture": "#1"}
			}
		},
		{
			"name": "hexadecagon",
			"from": [7.78191, 5.97695, 6.89822],
			"to": [8.21951, 6.37695, 9.09822],
			"rotation": {"angle": 22.5, "axis": "y", "origin": [8.00032, 8, 8.00018]},
			"faces": {
				"north": {"uv": [0, 0, 1, 1], "texture": "#1"},
				"east": {"uv": [0, 0, 1, 1], "texture": "#1"},
				"south": {"uv": [0, 0, 1, 1], "texture": "#1"},
				"west": {"uv": [0, 0, 1, 1], "texture": "#1"},
				"up": {"uv": [0, 0, 1, 1], "texture": "#1"},
				"down": {"uv": [0, 0, 1, 1], "texture": "#1"}
			}
		},
		{
			"name": "hexadecagon",
			"from": [7.78263, 5.97695, 6.89852],
			"to": [8.22023, 6.37695, 9.09852],
			"rotation": {"angle": 45, "axis": "y", "origin": [8.00032, 8, 8.00018]},
			"faces": {
				"north": {"uv": [0, 0, 1, 1], "texture": "#1"},
				"east": {"uv": [0, 0, 1, 1], "texture": "#1"},
				"south": {"uv": [0, 0, 1, 1], "texture": "#1"},
				"west": {"uv": [0, 0, 1, 1], "texture": "#1"},
				"up": {"uv": [0, 0, 1, 1], "texture": "#1"},
				"down": {"uv": [0, 0, 1, 1], "texture": "#1"}
			}
		},
		{
			"name": "hexadecagon",
			"from": [6.89921, 5.97695, 7.77972],
			"to": [9.09921, 6.37695, 8.21732],
			"rotation": {"angle": -22.5, "axis": "y", "origin": [8.00032, 8, 8.00018]},
			"faces": {
				"north": {"uv": [0, 0, 1, 1], "texture": "#1"},
				"east": {"uv": [0, 0, 1, 1], "texture": "#1"},
				"south": {"uv": [0, 0, 1, 1], "texture": "#1"},
				"west": {"uv": [0, 0, 1, 1], "texture": "#1"},
				"up": {"uv": [0, 0, 1, 1], "texture": "#1"},
				"down": {"uv": [0, 0, 1, 1], "texture": "#1"}
			}
		},
		{
			"name": "hexadecagon",
			"from": [6.89993, 5.97695, 7.77942],
			"to": [9.09993, 6.37695, 8.21702],
			"rotation": {"angle": 0, "axis": "y", "origin": [8.00032, 8, 8.00018]},
			"faces": {
				"north": {"uv": [0, 0, 1, 1], "texture": "#1"},
				"east": {"uv": [0, 0, 1, 1], "texture": "#1"},
				"south": {"uv": [0, 0, 1, 1], "texture": "#1"},
				"west": {"uv": [0, 0, 1, 1], "texture": "#1"},
				"up": {"uv": [0, 0, 1, 1], "texture": "#1"},
				"down": {"uv": [0, 0, 1, 1], "texture": "#1"}
			}
		},
		{
			"name": "hexadecagon",
			"from": [6.90071, 5.97695, 7.77942],
			"to": [9.10071, 6.37695, 8.21702],
			"rotation": {"angle": 22.5, "axis": "y", "origin": [8.00032, 8, 8.00018]},
			"faces": {
				"north": {"uv": [0, 0, 1, 1], "texture": "#1"},
				"east": {"uv": [0, 0, 1, 1], "texture": "#1"},
				"south": {"uv": [0, 0, 1, 1], "texture": "#1"},
				"west": {"uv": [0, 0, 1, 1], "texture": "#1"},
				"up": {"uv": [0, 0, 1, 1], "texture": "#1"},
				"down": {"uv": [0, 0, 1, 1], "texture": "#1"}
			}
		},
		{
			"name": "hexadecagon",
			"from": [7.77985, 5.37695, 6.89907],
			"to": [8.21745, 5.77695, 9.09907],
			"rotation": {"angle": -45, "axis": "y", "origin": [8.00032, 8, 8.00018]},
			"faces": {
				"north": {"uv": [0, 0, 1, 1], "texture": "#1"},
				"east": {"uv": [0, 0, 1, 1], "texture": "#1"},
				"south": {"uv": [0, 0, 1, 1], "texture": "#1"},
				"west": {"uv": [0, 0, 1, 1], "texture": "#1"},
				"up": {"uv": [0, 0, 1, 1], "texture": "#1"},
				"down": {"uv": [0, 0, 1, 1], "texture": "#1"}
			}
		},
		{
			"name": "hexadecagon",
			"from": [7.78041, 5.37695, 6.89852],
			"to": [8.21801, 5.77695, 9.09852],
			"rotation": {"angle": -22.5, "axis": "y", "origin": [8.00032, 8, 8.00018]},
			"faces": {
				"north": {"uv": [0, 0, 1, 1], "texture": "#1"},
				"east": {"uv": [0, 0, 1, 1], "texture": "#1"},
				"south": {"uv": [0, 0, 1, 1], "texture": "#1"},
				"west": {"uv": [0, 0, 1, 1], "texture": "#1"},
				"up": {"uv": [0, 0, 1, 1], "texture": "#1"},
				"down": {"uv": [0, 0, 1, 1], "texture": "#1"}
			}
		},
		{
			"name": "hexadecagon",
			"from": [7.78113, 5.37695, 6.89822],
			"to": [8.21873, 5.77695, 9.09822],
			"rotation": {"angle": 0, "axis": "y", "origin": [8.00032, 8, 8.00018]},
			"faces": {
				"north": {"uv": [0, 0, 1, 1], "texture": "#1"},
				"east": {"uv": [0, 0, 1, 1], "texture": "#1"},
				"south": {"uv": [0, 0, 1, 1], "texture": "#1"},
				"west": {"uv": [0, 0, 1, 1], "texture": "#1"},
				"up": {"uv": [0, 0, 1, 1], "texture": "#1"},
				"down": {"uv": [0, 0, 1, 1], "texture": "#1"}
			}
		},
		{
			"name": "hexadecagon",
			"from": [7.78191, 5.37695, 6.89822],
			"to": [8.21951, 5.77695, 9.09822],
			"rotation": {"angle": 22.5, "axis": "y", "origin": [8.00032, 8, 8.00018]},
			"faces": {
				"north": {"uv": [0, 0, 1, 1], "texture": "#1"},
				"east": {"uv": [0, 0, 1, 1], "texture": "#1"},
				"south": {"uv": [0, 0, 1, 1], "texture": "#1"},
				"west": {"uv": [0, 0, 1, 1], "texture": "#1"},
				"up": {"uv": [0, 0, 1, 1], "texture": "#1"},
				"down": {"uv": [0, 0, 1, 1], "texture": "#1"}
			}
		},
		{
			"name": "hexadecagon",
			"from": [7.78263, 5.37695, 6.89852],
			"to": [8.22023, 5.77695, 9.09852],
			"rotation": {"angle": 45, "axis": "y", "origin": [8.00032, 8, 8.00018]},
			"faces": {
				"north": {"uv": [0, 0, 1, 1], "texture": "#1"},
				"east": {"uv": [0, 0, 1, 1], "texture": "#1"},
				"south": {"uv": [0, 0, 1, 1], "texture": "#1"},
				"west": {"uv": [0, 0, 1, 1], "texture": "#1"},
				"up": {"uv": [0, 0, 1, 1], "texture": "#1"},
				"down": {"uv": [0, 0, 1, 1], "texture": "#1"}
			}
		},
		{
			"name": "hexadecagon",
			"from": [6.89921, 5.37695, 7.77972],
			"to": [9.09921, 5.77695, 8.21732],
			"rotation": {"angle": -22.5, "axis": "y", "origin": [8.00032, 8, 8.00018]},
			"faces": {
				"north": {"uv": [0, 0, 1, 1], "texture": "#1"},
				"east": {"uv": [0, 0, 1, 1], "texture": "#1"},
				"south": {"uv": [0, 0, 1, 1], "texture": "#1"},
				"west": {"uv": [0, 0, 1, 1], "texture": "#1"},
				"up": {"uv": [0, 0, 1, 1], "texture": "#1"},
				"down": {"uv": [0, 0, 1, 1], "texture": "#1"}
			}
		},
		{
			"name": "hexadecagon",
			"from": [6.89993, 5.37695, 7.77942],
			"to": [9.09993, 5.77695, 8.21702],
			"rotation": {"angle": 0, "axis": "y", "origin": [8.00032, 8, 8.00018]},
			"faces": {
				"north": {"uv": [0, 0, 1, 1], "texture": "#1"},
				"east": {"uv": [0, 0, 1, 1], "texture": "#1"},
				"south": {"uv": [0, 0, 1, 1], "texture": "#1"},
				"west": {"uv": [0, 0, 1, 1], "texture": "#1"},
				"up": {"uv": [0, 0, 1, 1], "texture": "#1"},
				"down": {"uv": [0, 0, 1, 1], "texture": "#1"}
			}
		},
		{
			"name": "hexadecagon",
			"from": [6.90071, 5.37695, 7.77942],
			"to": [9.10071, 5.77695, 8.21702],
			"rotation": {"angle": 22.5, "axis": "y", "origin": [8.00032, 8, 8.00018]},
			"faces": {
				"north": {"uv": [0, 0, 1, 1], "texture": "#1"},
				"east": {"uv": [0, 0, 1, 1], "texture": "#1"},
				"south": {"uv": [0, 0, 1, 1], "texture": "#1"},
				"west": {"uv": [0, 0, 1, 1], "texture": "#1"},
				"up": {"uv": [0, 0, 1, 1], "texture": "#1"},
				"down": {"uv": [0, 0, 1, 1], "texture": "#1"}
			}
		},
		{
			"name": "hexadecagon",
			"from": [7.77985, 4.77695, 6.89907],
			"to": [8.21745, 5.17695, 9.09907],
			"rotation": {"angle": -45, "axis": "y", "origin": [8.00032, 8, 8.00018]},
			"faces": {
				"north": {"uv": [0, 0, 1, 1], "texture": "#1"},
				"east": {"uv": [0, 0, 1, 1], "texture": "#1"},
				"south": {"uv": [0, 0, 1, 1], "texture": "#1"},
				"west": {"uv": [0, 0, 1, 1], "texture": "#1"},
				"up": {"uv": [0, 0, 1, 1], "texture": "#1"},
				"down": {"uv": [0, 0, 1, 1], "texture": "#1"}
			}
		},
		{
			"name": "hexadecagon",
			"from": [7.78041, 4.77695, 6.89852],
			"to": [8.21801, 5.17695, 9.09852],
			"rotation": {"angle": -22.5, "axis": "y", "origin": [8.00032, 8, 8.00018]},
			"faces": {
				"north": {"uv": [0, 0, 1, 1], "texture": "#1"},
				"east": {"uv": [0, 0, 1, 1], "texture": "#1"},
				"south": {"uv": [0, 0, 1, 1], "texture": "#1"},
				"west": {"uv": [0, 0, 1, 1], "texture": "#1"},
				"up": {"uv": [0, 0, 1, 1], "texture": "#1"},
				"down": {"uv": [0, 0, 1, 1], "texture": "#1"}
			}
		},
		{
			"name": "hexadecagon",
			"from": [7.78113, 4.77695, 6.89822],
			"to": [8.21873, 5.17695, 9.09822],
			"rotation": {"angle": 0, "axis": "y", "origin": [8.00032, 8, 8.00018]},
			"faces": {
				"north": {"uv": [0, 0, 1, 1], "texture": "#1"},
				"east": {"uv": [0, 0, 1, 1], "texture": "#1"},
				"south": {"uv": [0, 0, 1, 1], "texture": "#1"},
				"west": {"uv": [0, 0, 1, 1], "texture": "#1"},
				"up": {"uv": [0, 0, 1, 1], "texture": "#1"},
				"down": {"uv": [0, 0, 1, 1], "texture": "#1"}
			}
		},
		{
			"name": "hexadecagon",
			"from": [7.78191, 4.77695, 6.89822],
			"to": [8.21951, 5.17695, 9.09822],
			"rotation": {"angle": 22.5, "axis": "y", "origin": [8.00032, 8, 8.00018]},
			"faces": {
				"north": {"uv": [0, 0, 1, 1], "texture": "#1"},
				"east": {"uv": [0, 0, 1, 1], "texture": "#1"},
				"south": {"uv": [0, 0, 1, 1], "texture": "#1"},
				"west": {"uv": [0, 0, 1, 1], "texture": "#1"},
				"up": {"uv": [0, 0, 1, 1], "texture": "#1"},
				"down": {"uv": [0, 0, 1, 1], "texture": "#1"}
			}
		},
		{
			"name": "hexadecagon",
			"from": [7.78263, 4.77695, 6.89852],
			"to": [8.22023, 5.17695, 9.09852],
			"rotation": {"angle": 45, "axis": "y", "origin": [8.00032, 8, 8.00018]},
			"faces": {
				"north": {"uv": [0, 0, 1, 1], "texture": "#1"},
				"east": {"uv": [0, 0, 1, 1], "texture": "#1"},
				"south": {"uv": [0, 0, 1, 1], "texture": "#1"},
				"west": {"uv": [0, 0, 1, 1], "texture": "#1"},
				"up": {"uv": [0, 0, 1, 1], "texture": "#1"},
				"down": {"uv": [0, 0, 1, 1], "texture": "#1"}
			}
		},
		{
			"name": "hexadecagon",
			"from": [6.89921, 4.77695, 7.77972],
			"to": [9.09921, 5.17695, 8.21732],
			"rotation": {"angle": -22.5, "axis": "y", "origin": [8.00032, 8, 8.00018]},
			"faces": {
				"north": {"uv": [0, 0, 1, 1], "texture": "#1"},
				"east": {"uv": [0, 0, 1, 1], "texture": "#1"},
				"south": {"uv": [0, 0, 1, 1], "texture": "#1"},
				"west": {"uv": [0, 0, 1, 1], "texture": "#1"},
				"up": {"uv": [0, 0, 1, 1], "texture": "#1"},
				"down": {"uv": [0, 0, 1, 1], "texture": "#1"}
			}
		},
		{
			"name": "hexadecagon",
			"from": [6.89993, 4.77695, 7.77942],
			"to": [9.09993, 5.17695, 8.21702],
			"rotation": {"angle": 0, "axis": "y", "origin": [8.00032, 8, 8.00018]},
			"faces": {
				"north": {"uv": [0, 0, 1, 1], "texture": "#1"},
				"east": {"uv": [0, 0, 1, 1], "texture": "#1"},
				"south": {"uv": [0, 0, 1, 1], "texture": "#1"},
				"west": {"uv": [0, 0, 1, 1], "texture": "#1"},
				"up": {"uv": [0, 0, 1, 1], "texture": "#1"},
				"down": {"uv": [0, 0, 1, 1], "texture": "#1"}
			}
		},
		{
			"name": "hexadecagon",
			"from": [6.90071, 4.77695, 7.77942],
			"to": [9.10071, 5.17695, 8.21702],
			"rotation": {"angle": 22.5, "axis": "y", "origin": [8.00032, 8, 8.00018]},
			"faces": {
				"north": {"uv": [0, 0, 1, 1], "texture": "#1"},
				"east": {"uv": [0, 0, 1, 1], "texture": "#1"},
				"south": {"uv": [0, 0, 1, 1], "texture": "#1"},
				"west": {"uv": [0, 0, 1, 1], "texture": "#1"},
				"up": {"uv": [0, 0, 1, 1], "texture": "#1"},
				"down": {"uv": [0, 0, 1, 1], "texture": "#1"}
			}
		},
		{
			"name": "hexadecagon",
			"from": [7.77985, 4.17695, 6.89907],
			"to": [8.21745, 4.57695, 9.09907],
			"rotation": {"angle": -45, "axis": "y", "origin": [8.00032, 8, 8.00018]},
			"faces": {
				"north": {"uv": [0, 0, 1, 1], "texture": "#1"},
				"east": {"uv": [0, 0, 1, 1], "texture": "#1"},
				"south": {"uv": [0, 0, 1, 1], "texture": "#1"},
				"west": {"uv": [0, 0, 1, 1], "texture": "#1"},
				"up": {"uv": [0, 0, 1, 1], "texture": "#1"},
				"down": {"uv": [0, 0, 1, 1], "texture": "#1"}
			}
		},
		{
			"name": "hexadecagon",
			"from": [7.78041, 4.17695, 6.89852],
			"to": [8.21801, 4.57695, 9.09852],
			"rotation": {"angle": -22.5, "axis": "y", "origin": [8.00032, 8, 8.00018]},
			"faces": {
				"north": {"uv": [0, 0, 1, 1], "texture": "#1"},
				"east": {"uv": [0, 0, 1, 1], "texture": "#1"},
				"south": {"uv": [0, 0, 1, 1], "texture": "#1"},
				"west": {"uv": [0, 0, 1, 1], "texture": "#1"},
				"up": {"uv": [0, 0, 1, 1], "texture": "#1"},
				"down": {"uv": [0, 0, 1, 1], "texture": "#1"}
			}
		},
		{
			"name": "hexadecagon",
			"from": [7.78113, 4.17695, 6.89822],
			"to": [8.21873, 4.57695, 9.09822],
			"rotation": {"angle": 0, "axis": "y", "origin": [8.00032, 8, 8.00018]},
			"faces": {
				"north": {"uv": [0, 0, 1, 1], "texture": "#1"},
				"east": {"uv": [0, 0, 1, 1], "texture": "#1"},
				"south": {"uv": [0, 0, 1, 1], "texture": "#1"},
				"west": {"uv": [0, 0, 1, 1], "texture": "#1"},
				"up": {"uv": [0, 0, 1, 1], "texture": "#1"},
				"down": {"uv": [0, 0, 1, 1], "texture": "#1"}
			}
		},
		{
			"name": "hexadecagon",
			"from": [7.78191, 4.17695, 6.89822],
			"to": [8.21951, 4.57695, 9.09822],
			"rotation": {"angle": 22.5, "axis": "y", "origin": [8.00032, 8, 8.00018]},
			"faces": {
				"north": {"uv": [0, 0, 1, 1], "texture": "#1"},
				"east": {"uv": [0, 0, 1, 1], "texture": "#1"},
				"south": {"uv": [0, 0, 1, 1], "texture": "#1"},
				"west": {"uv": [0, 0, 1, 1], "texture": "#1"},
				"up": {"uv": [0, 0, 1, 1], "texture": "#1"},
				"down": {"uv": [0, 0, 1, 1], "texture": "#1"}
			}
		},
		{
			"name": "hexadecagon",
			"from": [7.78263, 4.17695, 6.89852],
			"to": [8.22023, 4.57695, 9.09852],
			"rotation": {"angle": 45, "axis": "y", "origin": [8.00032, 8, 8.00018]},
			"faces": {
				"north": {"uv": [0, 0, 1, 1], "texture": "#1"},
				"east": {"uv": [0, 0, 1, 1], "texture": "#1"},
				"south": {"uv": [0, 0, 1, 1], "texture": "#1"},
				"west": {"uv": [0, 0, 1, 1], "texture": "#1"},
				"up": {"uv": [0, 0, 1, 1], "texture": "#1"},
				"down": {"uv": [0, 0, 1, 1], "texture": "#1"}
			}
		},
		{
			"name": "hexadecagon",
			"from": [6.89921, 4.17695, 7.77972],
			"to": [9.09921, 4.57695, 8.21732],
			"rotation": {"angle": -22.5, "axis": "y", "origin": [8.00032, 8, 8.00018]},
			"faces": {
				"north": {"uv": [0, 0, 1, 1], "texture": "#1"},
				"east": {"uv": [0, 0, 1, 1], "texture": "#1"},
				"south": {"uv": [0, 0, 1, 1], "texture": "#1"},
				"west": {"uv": [0, 0, 1, 1], "texture": "#1"},
				"up": {"uv": [0, 0, 1, 1], "texture": "#1"},
				"down": {"uv": [0, 0, 1, 1], "texture": "#1"}
			}
		},
		{
			"name": "hexadecagon",
			"from": [6.89993, 4.17695, 7.77942],
			"to": [9.09993, 4.57695, 8.21702],
			"rotation": {"angle": 0, "axis": "y", "origin": [8.00032, 8, 8.00018]},
			"faces": {
				"north": {"uv": [0, 0, 1, 1], "texture": "#1"},
				"east": {"uv": [0, 0, 1, 1], "texture": "#1"},
				"south": {"uv": [0, 0, 1, 1], "texture": "#1"},
				"west": {"uv": [0, 0, 1, 1], "texture": "#1"},
				"up": {"uv": [0, 0, 1, 1], "texture": "#1"},
				"down": {"uv": [0, 0, 1, 1], "texture": "#1"}
			}
		},
		{
			"name": "hexadecagon",
			"from": [6.90071, 4.17695, 7.77942],
			"to": [9.10071, 4.57695, 8.21702],
			"rotation": {"angle": 22.5, "axis": "y", "origin": [8.00032, 8, 8.00018]},
			"faces": {
				"north": {"uv": [0, 0, 1, 1], "texture": "#1"},
				"east": {"uv": [0, 0, 1, 1], "texture": "#1"},
				"south": {"uv": [0, 0, 1, 1], "texture": "#1"},
				"west": {"uv": [0, 0, 1, 1], "texture": "#1"},
				"up": {"uv": [0, 0, 1, 1], "texture": "#1"},
				"down": {"uv": [0, 0, 1, 1], "texture": "#1"}
			}
		},
		{
			"name": "hexadecagon",
			"from": [7.77985, 3.57695, 6.89907],
			"to": [8.21745, 3.97695, 9.09907],
			"rotation": {"angle": -45, "axis": "y", "origin": [8.00032, 8, 8.00018]},
			"faces": {
				"north": {"uv": [0, 0, 1, 1], "texture": "#1"},
				"east": {"uv": [0, 0, 1, 1], "texture": "#1"},
				"south": {"uv": [0, 0, 1, 1], "texture": "#1"},
				"west": {"uv": [0, 0, 1, 1], "texture": "#1"},
				"up": {"uv": [0, 0, 1, 1], "texture": "#1"},
				"down": {"uv": [0, 0, 1, 1], "texture": "#1"}
			}
		},
		{
			"name": "hexadecagon",
			"from": [7.78041, 3.57695, 6.89852],
			"to": [8.21801, 3.97695, 9.09852],
			"rotation": {"angle": -22.5, "axis": "y", "origin": [8.00032, 8, 8.00018]},
			"faces": {
				"north": {"uv": [0, 0, 1, 1], "texture": "#1"},
				"east": {"uv": [0, 0, 1, 1], "texture": "#1"},
				"south": {"uv": [0, 0, 1, 1], "texture": "#1"},
				"west": {"uv": [0, 0, 1, 1], "texture": "#1"},
				"up": {"uv": [0, 0, 1, 1], "texture": "#1"},
				"down": {"uv": [0, 0, 1, 1], "texture": "#1"}
			}
		},
		{
			"name": "hexadecagon",
			"from": [7.78113, 3.57695, 6.89822],
			"to": [8.21873, 3.97695, 9.09822],
			"rotation": {"angle": 0, "axis": "y", "origin": [8.00032, 8, 8.00018]},
			"faces": {
				"north": {"uv": [0, 0, 1, 1], "texture": "#1"},
				"east": {"uv": [0, 0, 1, 1], "texture": "#1"},
				"south": {"uv": [0, 0, 1, 1], "texture": "#1"},
				"west": {"uv": [0, 0, 1, 1], "texture": "#1"},
				"up": {"uv": [0, 0, 1, 1], "texture": "#1"},
				"down": {"uv": [0, 0, 1, 1], "texture": "#1"}
			}
		},
		{
			"name": "hexadecagon",
			"from": [7.78191, 3.57695, 6.89822],
			"to": [8.21951, 3.97695, 9.09822],
			"rotation": {"angle": 22.5, "axis": "y", "origin": [8.00032, 8, 8.00018]},
			"faces": {
				"north": {"uv": [0, 0, 1, 1], "texture": "#1"},
				"east": {"uv": [0, 0, 1, 1], "texture": "#1"},
				"south": {"uv": [0, 0, 1, 1], "texture": "#1"},
				"west": {"uv": [0, 0, 1, 1], "texture": "#1"},
				"up": {"uv": [0, 0, 1, 1], "texture": "#1"},
				"down": {"uv": [0, 0, 1, 1], "texture": "#1"}
			}
		},
		{
			"name": "hexadecagon",
			"from": [7.78263, 3.57695, 6.89852],
			"to": [8.22023, 3.97695, 9.09852],
			"rotation": {"angle": 45, "axis": "y", "origin": [8.00032, 8, 8.00018]},
			"faces": {
				"north": {"uv": [0, 0, 1, 1], "texture": "#1"},
				"east": {"uv": [0, 0, 1, 1], "texture": "#1"},
				"south": {"uv": [0, 0, 1, 1], "texture": "#1"},
				"west": {"uv": [0, 0, 1, 1], "texture": "#1"},
				"up": {"uv": [0, 0, 1, 1], "texture": "#1"},
				"down": {"uv": [0, 0, 1, 1], "texture": "#1"}
			}
		},
		{
			"name": "hexadecagon",
			"from": [6.89921, 3.57695, 7.77972],
			"to": [9.09921, 3.97695, 8.21732],
			"rotation": {"angle": -22.5, "axis": "y", "origin": [8.00032, 8, 8.00018]},
			"faces": {
				"north": {"uv": [0, 0, 1, 1], "texture": "#1"},
				"east": {"uv": [0, 0, 1, 1], "texture": "#1"},
				"south": {"uv": [0, 0, 1, 1], "texture": "#1"},
				"west": {"uv": [0, 0, 1, 1], "texture": "#1"},
				"up": {"uv": [0, 0, 1, 1], "texture": "#1"},
				"down": {"uv": [0, 0, 1, 1], "texture": "#1"}
			}
		},
		{
			"name": "hexadecagon",
			"from": [6.89993, 3.57695, 7.77942],
			"to": [9.09993, 3.97695, 8.21702],
			"rotation": {"angle": 0, "axis": "y", "origin": [8.00032, 8, 8.00018]},
			"faces": {
				"north": {"uv": [0, 0, 1, 1], "texture": "#1"},
				"east": {"uv": [0, 0, 1, 1], "texture": "#1"},
				"south": {"uv": [0, 0, 1, 1], "texture": "#1"},
				"west": {"uv": [0, 0, 1, 1], "texture": "#1"},
				"up": {"uv": [0, 0, 1, 1], "texture": "#1"},
				"down": {"uv": [0, 0, 1, 1], "texture": "#1"}
			}
		},
		{
			"name": "hexadecagon",
			"from": [6.90071, 3.57695, 7.77942],
			"to": [9.10071, 3.97695, 8.21702],
			"rotation": {"angle": 22.5, "axis": "y", "origin": [8.00032, 8, 8.00018]},
			"faces": {
				"north": {"uv": [0, 0, 1, 1], "texture": "#1"},
				"east": {"uv": [0, 0, 1, 1], "texture": "#1"},
				"south": {"uv": [0, 0, 1, 1], "texture": "#1"},
				"west": {"uv": [0, 0, 1, 1], "texture": "#1"},
				"up": {"uv": [0, 0, 1, 1], "texture": "#1"},
				"down": {"uv": [0, 0, 1, 1], "texture": "#1"}
			}
		},
		{
			"name": "hexadecagon",
			"from": [7.77985, 2.97695, 6.89907],
			"to": [8.21745, 3.37695, 9.09907],
			"rotation": {"angle": -45, "axis": "y", "origin": [8.00032, 8, 8.00018]},
			"faces": {
				"north": {"uv": [0, 0, 1, 1], "texture": "#1"},
				"east": {"uv": [0, 0, 1, 1], "texture": "#1"},
				"south": {"uv": [0, 0, 1, 1], "texture": "#1"},
				"west": {"uv": [0, 0, 1, 1], "texture": "#1"},
				"up": {"uv": [0, 0, 1, 1], "texture": "#1"},
				"down": {"uv": [0, 0, 1, 1], "texture": "#1"}
			}
		},
		{
			"name": "hexadecagon",
			"from": [7.78041, 2.97695, 6.89852],
			"to": [8.21801, 3.37695, 9.09852],
			"rotation": {"angle": -22.5, "axis": "y", "origin": [8.00032, 8, 8.00018]},
			"faces": {
				"north": {"uv": [0, 0, 1, 1], "texture": "#1"},
				"east": {"uv": [0, 0, 1, 1], "texture": "#1"},
				"south": {"uv": [0, 0, 1, 1], "texture": "#1"},
				"west": {"uv": [0, 0, 1, 1], "texture": "#1"},
				"up": {"uv": [0, 0, 1, 1], "texture": "#1"},
				"down": {"uv": [0, 0, 1, 1], "texture": "#1"}
			}
		},
		{
			"name": "hexadecagon",
			"from": [7.78113, 2.97695, 6.89822],
			"to": [8.21873, 3.37695, 9.09822],
			"rotation": {"angle": 0, "axis": "y", "origin": [8.00032, 8, 8.00018]},
			"faces": {
				"north": {"uv": [0, 0, 1, 1], "texture": "#1"},
				"east": {"uv": [0, 0, 1, 1], "texture": "#1"},
				"south": {"uv": [0, 0, 1, 1], "texture": "#1"},
				"west": {"uv": [0, 0, 1, 1], "texture": "#1"},
				"up": {"uv": [0, 0, 1, 1], "texture": "#1"},
				"down": {"uv": [0, 0, 1, 1], "texture": "#1"}
			}
		},
		{
			"name": "hexadecagon",
			"from": [7.78191, 2.97695, 6.89822],
			"to": [8.21951, 3.37695, 9.09822],
			"rotation": {"angle": 22.5, "axis": "y", "origin": [8.00032, 8, 8.00018]},
			"faces": {
				"north": {"uv": [0, 0, 1, 1], "texture": "#1"},
				"east": {"uv": [0, 0, 1, 1], "texture": "#1"},
				"south": {"uv": [0, 0, 1, 1], "texture": "#1"},
				"west": {"uv": [0, 0, 1, 1], "texture": "#1"},
				"up": {"uv": [0, 0, 1, 1], "texture": "#1"},
				"down": {"uv": [0, 0, 1, 1], "texture": "#1"}
			}
		},
		{
			"name": "hexadecagon",
			"from": [7.78263, 2.97695, 6.89852],
			"to": [8.22023, 3.37695, 9.09852],
			"rotation": {"angle": 45, "axis": "y", "origin": [8.00032, 8, 8.00018]},
			"faces": {
				"north": {"uv": [0, 0, 1, 1], "texture": "#1"},
				"east": {"uv": [0, 0, 1, 1], "texture": "#1"},
				"south": {"uv": [0, 0, 1, 1], "texture": "#1"},
				"west": {"uv": [0, 0, 1, 1], "texture": "#1"},
				"up": {"uv": [0, 0, 1, 1], "texture": "#1"},
				"down": {"uv": [0, 0, 1, 1], "texture": "#1"}
			}
		},
		{
			"name": "hexadecagon",
			"from": [6.89921, 2.97695, 7.77972],
			"to": [9.09921, 3.37695, 8.21732],
			"rotation": {"angle": -22.5, "axis": "y", "origin": [8.00032, 8, 8.00018]},
			"faces": {
				"north": {"uv": [0, 0, 1, 1], "texture": "#1"},
				"east": {"uv": [0, 0, 1, 1], "texture": "#1"},
				"south": {"uv": [0, 0, 1, 1], "texture": "#1"},
				"west": {"uv": [0, 0, 1, 1], "texture": "#1"},
				"up": {"uv": [0, 0, 1, 1], "texture": "#1"},
				"down": {"uv": [0, 0, 1, 1], "texture": "#1"}
			}
		},
		{
			"name": "hexadecagon",
			"from": [6.89993, 2.97695, 7.77942],
			"to": [9.09993, 3.37695, 8.21702],
			"rotation": {"angle": 0, "axis": "y", "origin": [8.00032, 8, 8.00018]},
			"faces": {
				"north": {"uv": [0, 0, 1, 1], "texture": "#1"},
				"east": {"uv": [0, 0, 1, 1], "texture": "#1"},
				"south": {"uv": [0, 0, 1, 1], "texture": "#1"},
				"west": {"uv": [0, 0, 1, 1], "texture": "#1"},
				"up": {"uv": [0, 0, 1, 1], "texture": "#1"},
				"down": {"uv": [0, 0, 1, 1], "texture": "#1"}
			}
		},
		{
			"name": "hexadecagon",
			"from": [6.90071, 2.97695, 7.77942],
			"to": [9.10071, 3.37695, 8.21702],
			"rotation": {"angle": 22.5, "axis": "y", "origin": [8.00032, 8, 8.00018]},
			"faces": {
				"north": {"uv": [0, 0, 1, 1], "texture": "#1"},
				"east": {"uv": [0, 0, 1, 1], "texture": "#1"},
				"south": {"uv": [0, 0, 1, 1], "texture": "#1"},
				"west": {"uv": [0, 0, 1, 1], "texture": "#1"},
				"up": {"uv": [0, 0, 1, 1], "texture": "#1"},
				"down": {"uv": [0, 0, 1, 1], "texture": "#1"}
			}
		},
		{
			"name": "hexadecagon",
			"from": [7.77985, 1.77695, 6.89907],
			"to": [8.21745, 2.67695, 9.09907],
			"rotation": {"angle": -45, "axis": "y", "origin": [8.00032, 8, 8.00018]},
			"faces": {
				"north": {"uv": [0, 0, 1, 1], "texture": "#1"},
				"east": {"uv": [0, 0, 1, 1], "texture": "#1"},
				"south": {"uv": [0, 0, 1, 1], "texture": "#1"},
				"west": {"uv": [0, 0, 1, 1], "texture": "#1"},
				"up": {"uv": [0, 0, 1, 1], "texture": "#1"},
				"down": {"uv": [0, 0, 1, 1], "texture": "#1"}
			}
		},
		{
			"name": "hexadecagon",
			"from": [7.78041, 1.77695, 6.89852],
			"to": [8.21801, 2.67695, 9.09852],
			"rotation": {"angle": -22.5, "axis": "y", "origin": [8.00032, 8, 8.00018]},
			"faces": {
				"north": {"uv": [0, 0, 1, 1], "texture": "#1"},
				"east": {"uv": [0, 0, 1, 1], "texture": "#1"},
				"south": {"uv": [0, 0, 1, 1], "texture": "#1"},
				"west": {"uv": [0, 0, 1, 1], "texture": "#1"},
				"up": {"uv": [0, 0, 1, 1], "texture": "#1"},
				"down": {"uv": [0, 0, 1, 1], "texture": "#1"}
			}
		},
		{
			"name": "hexadecagon",
			"from": [7.78113, 1.77695, 6.89822],
			"to": [8.21873, 2.67695, 9.09822],
			"rotation": {"angle": 0, "axis": "y", "origin": [8.00032, 8, 8.00018]},
			"faces": {
				"north": {"uv": [0, 0, 1, 1], "texture": "#1"},
				"east": {"uv": [0, 0, 1, 1], "texture": "#1"},
				"south": {"uv": [0, 0, 1, 1], "texture": "#1"},
				"west": {"uv": [0, 0, 1, 1], "texture": "#1"},
				"up": {"uv": [0, 0, 1, 1], "texture": "#1"},
				"down": {"uv": [0, 0, 1, 1], "texture": "#1"}
			}
		},
		{
			"name": "hexadecagon",
			"from": [7.78191, 1.77695, 6.89822],
			"to": [8.21951, 2.67695, 9.09822],
			"rotation": {"angle": 22.5, "axis": "y", "origin": [8.00032, 8, 8.00018]},
			"faces": {
				"north": {"uv": [0, 0, 1, 1], "texture": "#1"},
				"east": {"uv": [0, 0, 1, 1], "texture": "#1"},
				"south": {"uv": [0, 0, 1, 1], "texture": "#1"},
				"west": {"uv": [0, 0, 1, 1], "texture": "#1"},
				"up": {"uv": [0, 0, 1, 1], "texture": "#1"},
				"down": {"uv": [0, 0, 1, 1], "texture": "#1"}
			}
		},
		{
			"name": "hexadecagon",
			"from": [7.78263, 1.77695, 6.89852],
			"to": [8.22023, 2.67695, 9.09852],
			"rotation": {"angle": 45, "axis": "y", "origin": [8.00032, 8, 8.00018]},
			"faces": {
				"north": {"uv": [0, 0, 1, 1], "texture": "#1"},
				"east": {"uv": [0, 0, 1, 1], "texture": "#1"},
				"south": {"uv": [0, 0, 1, 1], "texture": "#1"},
				"west": {"uv": [0, 0, 1, 1], "texture": "#1"},
				"up": {"uv": [0, 0, 1, 1], "texture": "#1"},
				"down": {"uv": [0, 0, 1, 1], "texture": "#1"}
			}
		},
		{
			"name": "hexadecagon",
			"from": [6.89921, 1.77695, 7.77972],
			"to": [9.09921, 2.67695, 8.21732],
			"rotation": {"angle": -22.5, "axis": "y", "origin": [8.00032, 8, 8.00018]},
			"faces": {
				"north": {"uv": [0, 0, 1, 1], "texture": "#1"},
				"east": {"uv": [0, 0, 1, 1], "texture": "#1"},
				"south": {"uv": [0, 0, 1, 1], "texture": "#1"},
				"west": {"uv": [0, 0, 1, 1], "texture": "#1"},
				"up": {"uv": [0, 0, 1, 1], "texture": "#1"},
				"down": {"uv": [0, 0, 1, 1], "texture": "#1"}
			}
		},
		{
			"name": "hexadecagon",
			"from": [6.89993, 1.77695, 7.77942],
			"to": [9.09993, 2.67695, 8.21702],
			"rotation": {"angle": 0, "axis": "y", "origin": [8.00032, 8, 8.00018]},
			"faces": {
				"north": {"uv": [0, 0, 1, 1], "texture": "#1"},
				"east": {"uv": [0, 0, 1, 1], "texture": "#1"},
				"south": {"uv": [0, 0, 1, 1], "texture": "#1"},
				"west": {"uv": [0, 0, 1, 1], "texture": "#1"},
				"up": {"uv": [0, 0, 1, 1], "texture": "#1"},
				"down": {"uv": [0, 0, 1, 1], "texture": "#1"}
			}
		},
		{
			"name": "hexadecagon",
			"from": [6.90071, 1.77695, 7.77942],
			"to": [9.10071, 2.67695, 8.21702],
			"rotation": {"angle": 22.5, "axis": "y", "origin": [8.00032, 8, 8.00018]},
			"faces": {
				"north": {"uv": [0, 0, 1, 1], "texture": "#1"},
				"east": {"uv": [0, 0, 1, 1], "texture": "#1"},
				"south": {"uv": [0, 0, 1, 1], "texture": "#1"},
				"west": {"uv": [0, 0, 1, 1], "texture": "#1"},
				"up": {"uv": [0, 0, 1, 1], "texture": "#1"},
				"down": {"uv": [0, 0, 1, 1], "texture": "#1"}
			}
		},
		{
			"name": "hexadecagon",
			"from": [7.64006, 2.87695, 6.59907],
			"to": [8.35724, 3.87695, 9.39907],
			"rotation": {"angle": -45, "axis": "y", "origin": [8.00032, 8, 8.00018]},
			"faces": {
				"north": {"uv": [0, 0, 1, 1], "texture": "#1"},
				"east": {"uv": [0, 0, 1, 1], "texture": "#1"},
				"south": {"uv": [0, 0, 1, 1], "texture": "#1"},
				"west": {"uv": [0, 0, 1, 1], "texture": "#1"},
				"up": {"uv": [0, 0, 1, 1], "texture": "#1"},
				"down": {"uv": [0, 0, 1, 1], "texture": "#1"}
			}
		},
		{
			"name": "hexadecagon",
			"from": [7.64062, 2.87695, 6.59852],
			"to": [8.3578, 3.87695, 9.39852],
			"rotation": {"angle": -22.5, "axis": "y", "origin": [8.00032, 8, 8.00018]},
			"faces": {
				"north": {"uv": [0, 0, 1, 1], "texture": "#1"},
				"east": {"uv": [0, 0, 1, 1], "texture": "#1"},
				"south": {"uv": [0, 0, 1, 1], "texture": "#1"},
				"west": {"uv": [0, 0, 1, 1], "texture": "#1"},
				"up": {"uv": [0, 0, 1, 1], "texture": "#1"},
				"down": {"uv": [0, 0, 1, 1], "texture": "#1"}
			}
		},
		{
			"name": "hexadecagon",
			"from": [7.64134, 2.87695, 6.59822],
			"to": [8.35852, 3.87695, 9.39822],
			"rotation": {"angle": 0, "axis": "y", "origin": [8.00032, 8, 8.00018]},
			"faces": {
				"north": {"uv": [0, 0, 1, 1], "texture": "#1"},
				"east": {"uv": [0, 0, 1, 1], "texture": "#1"},
				"south": {"uv": [0, 0, 1, 1], "texture": "#1"},
				"west": {"uv": [0, 0, 1, 1], "texture": "#1"},
				"up": {"uv": [0, 0, 1, 1], "texture": "#1"},
				"down": {"uv": [0, 0, 1, 1], "texture": "#1"}
			}
		},
		{
			"name": "hexadecagon",
			"from": [7.64212, 2.87695, 6.59822],
			"to": [8.3593, 3.87695, 9.39822],
			"rotation": {"angle": 22.5, "axis": "y", "origin": [8.00032, 8, 8.00018]},
			"faces": {
				"north": {"uv": [0, 0, 1, 1], "texture": "#1"},
				"east": {"uv": [0, 0, 1, 1], "texture": "#1"},
				"south": {"uv": [0, 0, 1, 1], "texture": "#1"},
				"west": {"uv": [0, 0, 1, 1], "texture": "#1"},
				"up": {"uv": [0, 0, 1, 1], "texture": "#1"},
				"down": {"uv": [0, 0, 1, 1], "texture": "#1"}
			}
		},
		{
			"name": "hexadecagon",
			"from": [7.64284, 2.87695, 6.59852],
			"to": [8.36002, 3.87695, 9.39852],
			"rotation": {"angle": 45, "axis": "y", "origin": [8.00032, 8, 8.00018]},
			"faces": {
				"north": {"uv": [0, 0, 1, 1], "texture": "#1"},
				"east": {"uv": [0, 0, 1, 1], "texture": "#1"},
				"south": {"uv": [0, 0, 1, 1], "texture": "#1"},
				"west": {"uv": [0, 0, 1, 1], "texture": "#1"},
				"up": {"uv": [0, 0, 1, 1], "texture": "#1"},
				"down": {"uv": [0, 0, 1, 1], "texture": "#1"}
			}
		},
		{
			"name": "hexadecagon",
			"from": [6.59921, 2.87695, 7.63993],
			"to": [9.39921, 3.87695, 8.35711],
			"rotation": {"angle": -22.5, "axis": "y", "origin": [8.00032, 8, 8.00018]},
			"faces": {
				"north": {"uv": [0, 0, 1, 1], "texture": "#1"},
				"east": {"uv": [0, 0, 1, 1], "texture": "#1"},
				"south": {"uv": [0, 0, 1, 1], "texture": "#1"},
				"west": {"uv": [0, 0, 1, 1], "texture": "#1"},
				"up": {"uv": [0, 0, 1, 1], "texture": "#1"},
				"down": {"uv": [0, 0, 1, 1], "texture": "#1"}
			}
		},
		{
			"name": "hexadecagon",
			"from": [6.59993, 2.87695, 7.63963],
			"to": [9.39993, 3.87695, 8.35681],
			"rotation": {"angle": 0, "axis": "y", "origin": [8.00032, 8, 8.00018]},
			"faces": {
				"north": {"uv": [0, 0, 1, 1], "texture": "#1"},
				"east": {"uv": [0, 0, 1, 1], "texture": "#1"},
				"south": {"uv": [0, 0, 1, 1], "texture": "#1"},
				"west": {"uv": [0, 0, 1, 1], "texture": "#1"},
				"up": {"uv": [0, 0, 1, 1], "texture": "#1"},
				"down": {"uv": [0, 0, 1, 1], "texture": "#1"}
			}
		},
		{
			"name": "hexadecagon",
			"from": [6.60071, 2.87695, 7.63963],
			"to": [9.40071, 3.87695, 8.35681],
			"rotation": {"angle": 22.5, "axis": "y", "origin": [8.00032, 8, 8.00018]},
			"faces": {
				"north": {"uv": [0, 0, 1, 1], "texture": "#1"},
				"east": {"uv": [0, 0, 1, 1], "texture": "#1"},
				"south": {"uv": [0, 0, 1, 1], "texture": "#1"},
				"west": {"uv": [0, 0, 1, 1], "texture": "#1"},
				"up": {"uv": [0, 0, 1, 1], "texture": "#1"},
				"down": {"uv": [0, 0, 1, 1], "texture": "#1"}
			}
		},
		{
			"name": "hexadecagon",
			"from": [7.75996, 6.77695, 6.79907],
			"to": [8.23734, 7.77695, 9.19907],
			"rotation": {"angle": -45, "axis": "y", "origin": [8.00032, 8, 8.00018]},
			"faces": {
				"north": {"uv": [0, 0, 1, 1], "texture": "#1"},
				"east": {"uv": [0, 0, 1, 1], "texture": "#1"},
				"south": {"uv": [0, 0, 1, 1], "texture": "#1"},
				"west": {"uv": [0, 0, 1, 1], "texture": "#1"},
				"up": {"uv": [0, 0, 1, 1], "texture": "#1"},
				"down": {"uv": [0, 0, 1, 1], "texture": "#1"}
			}
		},
		{
			"name": "hexadecagon",
			"from": [7.76052, 6.77695, 6.79852],
			"to": [8.2379, 7.77695, 9.19852],
			"rotation": {"angle": -22.5, "axis": "y", "origin": [8.00032, 8, 8.00018]},
			"faces": {
				"north": {"uv": [0, 0, 1, 1], "texture": "#1"},
				"east": {"uv": [0, 0, 1, 1], "texture": "#1"},
				"south": {"uv": [0, 0, 1, 1], "texture": "#1"},
				"west": {"uv": [0, 0, 1, 1], "texture": "#1"},
				"up": {"uv": [0, 0, 1, 1], "texture": "#1"},
				"down": {"uv": [0, 0, 1, 1], "texture": "#1"}
			}
		},
		{
			"name": "hexadecagon",
			"from": [7.76124, 2.77695, 6.69822],
			"to": [8.23862, 7.87695, 9.29822],
			"rotation": {"angle": 0, "axis": "y", "origin": [8.00032, 8, 8.00018]},
			"faces": {
				"north": {"uv": [0, 0, 1, 1], "texture": "#0"},
				"east": {"uv": [0, 0, 1, 1], "texture": "#0"},
				"south": {"uv": [0, 0, 1, 1], "texture": "#0"},
				"west": {"uv": [0, 0, 1, 1], "texture": "#0"},
				"up": {"uv": [0, 0, 1, 1], "texture": "#0"},
				"down": {"uv": [0, 0, 1, 1], "texture": "#0"}
			}
		},
		{
			"name": "hexadecagon",
			"from": [6.70143, 2.77695, 7.75983],
			"to": [9.30143, 7.87695, 8.23721],
			"rotation": {"angle": 45, "axis": "y", "origin": [8.00032, 8, 8.00018]},
			"faces": {
				"north": {"uv": [0, 0, 1, 1], "texture": "#0"},
				"east": {"uv": [0, 0, 1, 1], "texture": "#0"},
				"south": {"uv": [0, 0, 1, 1], "texture": "#0"},
				"west": {"uv": [0, 0, 1, 1], "texture": "#0"},
				"up": {"uv": [0, 0, 1, 1], "rotation": 90, "texture": "#0"},
				"down": {"uv": [0, 0, 1, 1], "rotation": 270, "texture": "#0"}
			}
		},
		{
			"name": "hexadecagon",
			"from": [6.69993, 2.77695, 7.75953],
			"to": [9.29993, 7.87695, 8.23691],
			"rotation": {"angle": 0, "axis": "y", "origin": [8.00032, 8, 8.00018]},
			"faces": {
				"north": {"uv": [0, 0, 1, 1], "texture": "#0"},
				"east": {"uv": [0, 0, 1, 1], "texture": "#0"},
				"south": {"uv": [0, 0, 1, 1], "texture": "#0"},
				"west": {"uv": [0, 0, 1, 1], "texture": "#0"},
				"up": {"uv": [0, 0, 1, 1], "rotation": 90, "texture": "#0"},
				"down": {"uv": [0, 0, 1, 1], "rotation": 270, "texture": "#0"}
			}
		},
		{
			"name": "hexadecagon",
			"from": [6.69865, 2.77695, 7.76038],
			"to": [9.29865, 7.87695, 8.23776],
			"rotation": {"angle": -45, "axis": "y", "origin": [8.00032, 8, 8.00018]},
			"faces": {
				"north": {"uv": [0, 0, 1, 1], "texture": "#0"},
				"east": {"uv": [0, 0, 1, 1], "texture": "#0"},
				"south": {"uv": [0, 0, 1, 1], "texture": "#0"},
				"west": {"uv": [0, 0, 1, 1], "texture": "#0"},
				"up": {"uv": [0, 0, 1, 1], "rotation": 270, "texture": "#0"},
				"down": {"uv": [0, 0, 1, 1], "rotation": 90, "texture": "#0"}
			}
		},
		{
			"name": "hexadecagon",
			"from": [7.76202, 6.77695, 6.79822],
			"to": [8.2394, 7.77695, 9.19822],
			"rotation": {"angle": 22.5, "axis": "y", "origin": [8.00032, 8, 8.00018]},
			"faces": {
				"north": {"uv": [0, 0, 1, 1], "texture": "#1"},
				"east": {"uv": [0, 0, 1, 1], "texture": "#1"},
				"south": {"uv": [0, 0, 1, 1], "texture": "#1"},
				"west": {"uv": [0, 0, 1, 1], "texture": "#1"},
				"up": {"uv": [0, 0, 1, 1], "texture": "#1"},
				"down": {"uv": [0, 0, 1, 1], "texture": "#1"}
			}
		},
		{
			"name": "hexadecagon",
			"from": [7.76274, 6.77695, 6.79852],
			"to": [8.24012, 7.77695, 9.19852],
			"rotation": {"angle": 45, "axis": "y", "origin": [8.00032, 8, 8.00018]},
			"faces": {
				"north": {"uv": [0, 0, 1, 1], "texture": "#1"},
				"east": {"uv": [0, 0, 1, 1], "texture": "#1"},
				"south": {"uv": [0, 0, 1, 1], "texture": "#1"},
				"west": {"uv": [0, 0, 1, 1], "texture": "#1"},
				"up": {"uv": [0, 0, 1, 1], "texture": "#1"},
				"down": {"uv": [0, 0, 1, 1], "texture": "#1"}
			}
		},
		{
			"name": "hexadecagon",
			"from": [6.79921, 6.77695, 7.75983],
			"to": [9.19921, 7.77695, 8.23721],
			"rotation": {"angle": -22.5, "axis": "y", "origin": [8.00032, 8, 8.00018]},
			"faces": {
				"north": {"uv": [0, 0, 1, 1], "texture": "#1"},
				"east": {"uv": [0, 0, 1, 1], "texture": "#1"},
				"south": {"uv": [0, 0, 1, 1], "texture": "#1"},
				"west": {"uv": [0, 0, 1, 1], "texture": "#1"},
				"up": {"uv": [0, 0, 1, 1], "texture": "#1"},
				"down": {"uv": [0, 0, 1, 1], "texture": "#1"}
			}
		},
		{
			"name": "hexadecagon",
			"from": [6.79993, 6.77695, 7.75953],
			"to": [9.19993, 7.77695, 8.23691],
			"rotation": {"angle": 0, "axis": "y", "origin": [8.00032, 8, 8.00018]},
			"faces": {
				"north": {"uv": [0, 0, 1, 1], "texture": "#1"},
				"east": {"uv": [0, 0, 1, 1], "texture": "#1"},
				"south": {"uv": [0, 0, 1, 1], "texture": "#1"},
				"west": {"uv": [0, 0, 1, 1], "texture": "#1"},
				"up": {"uv": [0, 0, 1, 1], "texture": "#1"},
				"down": {"uv": [0, 0, 1, 1], "texture": "#1"}
			}
		},
		{
			"name": "hexadecagon",
			"from": [6.80071, 6.77695, 7.75953],
			"to": [9.20071, 7.77695, 8.23691],
			"rotation": {"angle": 22.5, "axis": "y", "origin": [8.00032, 8, 8.00018]},
			"faces": {
				"north": {"uv": [0, 0, 1, 1], "texture": "#1"},
				"east": {"uv": [0, 0, 1, 1], "texture": "#1"},
				"south": {"uv": [0, 0, 1, 1], "texture": "#1"},
				"west": {"uv": [0, 0, 1, 1], "texture": "#1"},
				"up": {"uv": [0, 0, 1, 1], "texture": "#1"},
				"down": {"uv": [0, 0, 1, 1], "texture": "#1"}
			}
		}
	],
	"display": {
		"thirdperson_righthand": {
			"rotation": [51.25, 0, 0],
			"translation": [-0.25, 4, 3],
			"scale": [0.91, 1.05, 0.94]
		},
		"thirdperson_lefthand": {
			"rotation": [51.25, 0, 0],
			"translation": [-0.25, 5, 3.75],
			"scale": [0.91, 1.14, 0.94]
		},
		"firstperson_righthand": {
			"rotation": [-19, 0, 0],
			"translation": [0, 2, 0],
			"scale": [1, 1.68, 1]
		},
		"firstperson_lefthand": {
			"rotation": [-19, 0, 0],
			"translation": [0, 2, 0],
			"scale": [1, 1.68, 1]
		},
		"gui": {
			"rotation": [0, 0, 39],
			"translation": [3.5, -3.75, 0],
			"scale": [0.7, 0.7, 0.7]
		},
		"fixed": {
			"rotation": [0, 0, -45],
			"translation": [-4, -3.5, -0.75],
			"scale": [0.83, 0.83, 0.83]
		}
	},
	"groups": [
		{
			"name": "redlightsaber",
			"origin": [8, 8, 8],
			"children": [
				{
					"name": "bluelightsaber",
					"origin": [8, 8, 8],
					"children": [
						{
							"name": "hexadecagon",
							"origin": [8, 8, 8],
							"children": []
						},
						{
							"name": "hexadecagon",
							"origin": [8, 8, 8],
							"children": []
						},
						{
							"name": "hexadecagon",
							"origin": [8, 8, 8],
							"children": []
						},
						{
							"name": "hexadecagon",
							"origin": [8, 8, 8],
							"children": []
						},
						{
							"name": "hexadecagon",
							"origin": [8, 8, 8],
							"children": []
						},
						{
							"name": "hexadecagon",
							"origin": [8, 8, 8],
							"children": []
						},
						{
							"name": "hexadecagon",
							"origin": [8, 8, 8],
							"children": []
						},
						{
							"name": "hexadecagon",
							"origin": [8, 8, 8],
							"children": []
						},
						{
							"name": "hexadecagon",
							"origin": [8, 8, 8],
							"children": []
						},
						{
							"name": "hexadecagon",
							"origin": [8, 8, 8],
							"children": []
						},
						{
							"name": "hexadecagon",
							"origin": [8, 8, 8],
							"children": []
						},
						{
							"name": "hexadecagon",
							"origin": [8, 8, 8],
							"children": []
						},
						{
							"name": "hexadecagon",
							"origin": [8, 8, 8],
							"children": []
						},
						{
							"name": "hexadecagon",
							"origin": [8, 8, 8],
							"children": []
						},
						{
							"name": "hexadecagon",
							"origin": [8, 8, 8],
							"children": [0, 1, 2, 3, 4, 5, 6, 7, 8, 9, 10, 11, 12, 13, 14, 15, 16, 17, 18, 19, 20, 21, 22, 23, 24, 25, 26, 27, 28, 29, 30, 31, 32, 33, 34, 35, 36]
						},
						{
							"name": "hexadecagon",
							"origin": [8, 8, 8],
							"children": [37, 38, 39, 40, 41, 42, 43, 44]
						},
						{
							"name": "hexadecagon",
							"origin": [8, 8, 8],
							"children": [45, 46, 47, 48, 49, 50, 51, 52]
						}
					]
				},
				{
					"name": "hexadecagon",
					"origin": [8, 8, 8],
					"children": [53, 54, 55, 56, 57, 58, 59, 60]
				},
				{
					"name": "hexadecagon",
					"origin": [8, 8, 8],
					"children": [61, 62, 63, 64, 65, 66, 67, 68]
				},
				{
					"name": "hexadecagon",
					"origin": [8, 8, 8],
					"children": [69, 70, 71, 72, 73, 74, 75, 76]
				},
				{
					"name": "hexadecagon",
					"origin": [8, 8, 8],
					"children": [77, 78, 79, 80, 81, 82, 83, 84]
				},
				{
					"name": "hexadecagon",
					"origin": [8, 8, 8],
					"children": [85, 86, 87, 88, 89, 90, 91, 92]
				},
				{
					"name": "hexadecagon",
					"origin": [8, 8, 8],
					"children": [93, 94, 95, 96, 97, 98, 99, 100]
				},
				{
					"name": "hexadecagon",
					"origin": [8, 8, 8],
					"children": [101, 102, 103, 104, 105, 106, 107, 108]
				},
				{
					"name": "hexadecagon",
					"origin": [8, 8, 8],
					"children": [109, 110, 111, 112, 113, 114, 115, 116]
				},
				{
					"name": "hexadecagon",
					"origin": [8, 8, 8],
					"children": [117, 118, 119, 120, 121, 122, 123, 124]
				},
				{
					"name": "hexadecagon",
					"origin": [8, 8, 8],
					"children": [125, 126, 127, 128, 129, 130, 131, 132, 133, 134, 135]
				}
			]
		}
	]
}