{
	"credit": "Made with Blockbench",
	"texture_size": [32, 32],
	"textures": {
		"0": "block/bone_block_side",
		"1": "block/bone_block_top",
		"2": "custom/hotchocolate",
		"3": "block/white_concrete_powder",
		"particle": "block/bone_block_side"
	},
	"elements": [
		{
			"from": [2, 13, 2],
			"to": [14, 13.3, 14],
			"rotation": {"angle": 0, "axis": "y", "origin": [13, 19, 8]},
			"faces": {
				"north": {"uv": [0, 0, 16, 16], "texture": "#2"},
				"east": {"uv": [0, 0, 4, 0], "texture": "#2"},
				"south": {"uv": [0, 0, 4, 0], "texture": "#2"},
				"west": {"uv": [0, 0, 4, 0], "texture": "#2"},
				"up": {"uv": [0, 0, 16, 16], "texture": "#2"},
				"down": {"uv": [0, 0, 16, 16], "texture": "#2"}
			}
		},
		{
			"name": "hexadecagon",
			"from": [6.4087, 0.5, 0],
			"to": [9.5913, 1.5, 16],
			"rotation": {"angle": -45, "axis": "y", "origin": [8, 1, 8]},
			"faces": {
				"north": {"uv": [0, 0, 0.5, 0.5], "texture": "#0"},
				"east": {"uv": [0, 0, 0.5, 0.5], "texture": "#0"},
				"south": {"uv": [0, 0, 0.5, 0.5], "texture": "#0"},
				"west": {"uv": [0, 0, 0.5, 0.5], "texture": "#0"},
				"up": {"uv": [0, 0, 0.5, 0.5], "texture": "#0"},
				"down": {"uv": [0, 0, 16, 16], "texture": "#1"}
			}
		},
		{
			"name": "hexadecagon",
			"from": [6.4087, 0.5, 0],
			"to": [9.5913, 1.5, 16],
			"rotation": {"angle": -22.5, "axis": "y", "origin": [8, 1, 8]},
			"faces": {
				"north": {"uv": [0, 0, 0.5, 0.5], "texture": "#0"},
				"east": {"uv": [0, 0, 0.5, 0.5], "texture": "#0"},
				"south": {"uv": [0, 0, 0.5, 0.5], "texture": "#0"},
				"west": {"uv": [0, 0, 0.5, 0.5], "texture": "#0"},
				"up": {"uv": [0, 0, 0.5, 0.5], "texture": "#0"},
				"down": {"uv": [0, 0, 16, 16], "texture": "#1"}
			}
		},
		{
			"name": "hexadecagon",
			"from": [6.4087, 0.5, 0],
			"to": [9.5913, 1.5, 16],
			"rotation": {"angle": 0, "axis": "y", "origin": [8, 1, 8]},
			"faces": {
				"north": {"uv": [0, 0, 0.5, 0.5], "texture": "#0"},
				"east": {"uv": [0, 0, 0.5, 0.5], "texture": "#0"},
				"south": {"uv": [0, 0, 0.5, 0.5], "texture": "#0"},
				"west": {"uv": [0, 0, 0.5, 0.5], "texture": "#0"},
				"up": {"uv": [0, 0, 0.5, 0.5], "texture": "#0"},
				"down": {"uv": [0, 0, 16, 16], "texture": "#1"}
			}
		},
		{
			"name": "hexadecagon",
			"from": [6.4087, 0.5, 0],
			"to": [9.5913, 1.5, 16],
			"rotation": {"angle": 22.5, "axis": "y", "origin": [8, 1, 8]},
			"faces": {
				"north": {"uv": [0, 0, 0.5, 0.5], "texture": "#0"},
				"east": {"uv": [0, 0, 0.5, 0.5], "texture": "#0"},
				"south": {"uv": [0, 0, 0.5, 0.5], "texture": "#0"},
				"west": {"uv": [0, 0, 0.5, 0.5], "texture": "#0"},
				"up": {"uv": [0, 0, 0.5, 0.5], "texture": "#0"},
				"down": {"uv": [0, 0, 16, 16], "texture": "#1"}
			}
		},
		{
			"name": "hexadecagon",
			"from": [6.4087, 0.5, 0],
			"to": [9.5913, 1.5, 16],
			"rotation": {"angle": 45, "axis": "y", "origin": [8, 1, 8]},
			"faces": {
				"north": {"uv": [0, 0, 0.5, 0.5], "texture": "#0"},
				"east": {"uv": [0, 0, 0.5, 0.5], "texture": "#0"},
				"south": {"uv": [0, 0, 0.5, 0.5], "texture": "#0"},
				"west": {"uv": [0, 0, 0.5, 0.5], "texture": "#0"},
				"up": {"uv": [0, 0, 0.5, 0.5], "texture": "#0"},
				"down": {"uv": [0, 0, 16, 16], "texture": "#1"}
			}
		},
		{
			"name": "hexadecagon",
			"from": [0, 0.5, 6.4087],
			"to": [16, 1.5, 9.5913],
			"rotation": {"angle": -22.5, "axis": "y", "origin": [8, 1, 8]},
			"faces": {
				"north": {"uv": [0, 0, 0.5, 0.5], "texture": "#0"},
				"east": {"uv": [0, 0, 0.5, 0.5], "texture": "#0"},
				"south": {"uv": [0, 0, 0.5, 0.5], "texture": "#0"},
				"west": {"uv": [0, 0, 0.5, 0.5], "texture": "#0"},
				"up": {"uv": [0, 0, 0.5, 0.5], "texture": "#0"},
				"down": {"uv": [0, 0, 16, 16], "texture": "#1"}
			}
		},
		{
			"name": "hexadecagon",
			"from": [0, 0.5, 6.4087],
			"to": [16, 1.5, 9.5913],
			"rotation": {"angle": 0, "axis": "y", "origin": [8, 1, 8]},
			"faces": {
				"north": {"uv": [0, 0, 0.5, 0.5], "texture": "#0"},
				"east": {"uv": [0, 0, 0.5, 0.5], "texture": "#0"},
				"south": {"uv": [0, 0, 0.5, 0.5], "texture": "#0"},
				"west": {"uv": [0, 0, 0.5, 0.5], "texture": "#0"},
				"up": {"uv": [0, 0, 0.5, 0.5], "texture": "#0"},
				"down": {"uv": [0, 0, 16, 16], "texture": "#1"}
			}
		},
		{
			"name": "hexadecagon",
			"from": [0, 0.5, 6.4087],
			"to": [16, 1.5, 9.5913],
			"rotation": {"angle": 22.5, "axis": "y", "origin": [8, 1, 8]},
			"faces": {
				"north": {"uv": [0, 0, 0.5, 0.5], "texture": "#0"},
				"east": {"uv": [0, 0, 0.5, 0.5], "texture": "#0"},
				"south": {"uv": [0, 0, 0.5, 0.5], "texture": "#0"},
				"west": {"uv": [0, 0, 0.5, 0.5], "texture": "#0"},
				"up": {"uv": [0, 0, 0.5, 0.5], "texture": "#0"},
				"down": {"uv": [0, 0, 16, 16], "texture": "#1"}
			}
		},
		{
			"name": "hexadecagon",
			"from": [6.4087, 1.5, 0],
			"to": [9.5913, 14.5, 2],
			"rotation": {"angle": -45, "axis": "y", "origin": [8, 2, 8]},
			"faces": {
				"north": {"uv": [6, 0, 9, 10], "texture": "#0"},
				"east": {"uv": [6, 0, 9, 10], "texture": "#0"},
				"south": {"uv": [6, 0, 9, 10], "texture": "#0"},
				"west": {"uv": [6, 0, 9, 10], "texture": "#0"},
				"up": {"uv": [6, 0, 9, 10], "texture": "#0"},
				"down": {"uv": [6, 0, 9, 10], "texture": "#0"}
			}
		},
		{
			"name": "hexadecagon",
			"from": [6.4087, 1.5, 0],
			"to": [9.5913, 14.5, 2],
			"rotation": {"angle": -22.5, "axis": "y", "origin": [8, 2, 8]},
			"faces": {
				"north": {"uv": [6, 0, 9, 10], "texture": "#0"},
				"east": {"uv": [6, 0, 9, 10], "texture": "#0"},
				"south": {"uv": [6, 0, 9, 10], "texture": "#0"},
				"west": {"uv": [6, 0, 9, 10], "texture": "#0"},
				"up": {"uv": [6, 0, 9, 10], "texture": "#0"},
				"down": {"uv": [6, 0, 9, 10], "texture": "#0"}
			}
		},
		{
			"name": "hexadecagon",
			"from": [6.4087, 1.5, 0],
			"to": [9.5913, 14.5, 2],
			"rotation": {"angle": 0, "axis": "y", "origin": [8, 2, 8]},
			"faces": {
				"north": {"uv": [6, 0, 9, 10], "texture": "#0"},
				"east": {"uv": [6, 0, 9, 10], "texture": "#0"},
				"south": {"uv": [6, 0, 9, 10], "texture": "#0"},
				"west": {"uv": [6, 0, 9, 10], "texture": "#0"},
				"up": {"uv": [6, 0, 9, 10], "texture": "#0"},
				"down": {"uv": [6, 0, 9, 10], "texture": "#0"}
			}
		},
		{
			"name": "hexadecagon",
			"from": [6.4087, 1.5, 0],
			"to": [9.5913, 14.5, 2],
			"rotation": {"angle": 22.5, "axis": "y", "origin": [8, 2, 8]},
			"faces": {
				"north": {"uv": [6, 0, 9, 10], "texture": "#0"},
				"east": {"uv": [6, 0, 9, 10], "texture": "#0"},
				"south": {"uv": [6, 0, 9, 10], "texture": "#0"},
				"west": {"uv": [6, 0, 9, 10], "texture": "#0"},
				"up": {"uv": [6, 0, 9, 10], "texture": "#0"},
				"down": {"uv": [6, 0, 9, 10], "texture": "#0"}
			}
		},
		{
			"name": "hexadecagon",
			"from": [6.4087, 1.5, 0],
			"to": [9.5913, 14.5, 2],
			"rotation": {"angle": 45, "axis": "y", "origin": [8, 2, 8]},
			"faces": {
				"north": {"uv": [6, 0, 9, 10], "texture": "#0"},
				"east": {"uv": [6, 0, 9, 10], "texture": "#0"},
				"south": {"uv": [6, 0, 9, 10], "texture": "#0"},
				"west": {"uv": [6, 0, 9, 10], "texture": "#0"},
				"up": {"uv": [6, 0, 9, 10], "texture": "#0"},
				"down": {"uv": [6, 0, 9, 10], "texture": "#0"}
			}
		},
		{
			"name": "hexadecagon",
			"from": [6.4087, 1.5, 14],
			"to": [9.5913, 14.5, 16],
			"rotation": {"angle": -45, "axis": "y", "origin": [8, 2, 8]},
			"faces": {
				"north": {"uv": [6, 0, 9, 10], "texture": "#0"},
				"east": {"uv": [6, 0, 9, 10], "texture": "#0"},
				"south": {"uv": [6, 0, 9, 10], "texture": "#0"},
				"west": {"uv": [6, 0, 9, 10], "texture": "#0"},
				"up": {"uv": [6, 0, 9, 10], "texture": "#0"},
				"down": {"uv": [6, 0, 9, 10], "texture": "#0"}
			}
		},
		{
			"name": "hexadecagon",
			"from": [6.4087, 1.5, 14],
			"to": [9.5913, 14.5, 16],
			"rotation": {"angle": -22.5, "axis": "y", "origin": [8, 2, 8]},
			"faces": {
				"north": {"uv": [6, 0, 9, 10], "texture": "#0"},
				"east": {"uv": [6, 0, 9, 10], "texture": "#0"},
				"south": {"uv": [6, 0, 9, 10], "texture": "#0"},
				"west": {"uv": [6, 0, 9, 10], "texture": "#0"},
				"up": {"uv": [6, 0, 9, 10], "texture": "#0"},
				"down": {"uv": [6, 0, 9, 10], "texture": "#0"}
			}
		},
		{
			"name": "hexadecagon",
			"from": [6.4087, 1.5, 14],
			"to": [9.5913, 14.5, 16],
			"rotation": {"angle": 0, "axis": "y", "origin": [8, 2, 8]},
			"faces": {
				"north": {"uv": [6, 0, 9, 10], "texture": "#0"},
				"east": {"uv": [6, 0, 9, 10], "texture": "#0"},
				"south": {"uv": [6, 0, 9, 10], "texture": "#0"},
				"west": {"uv": [6, 0, 9, 10], "texture": "#0"},
				"up": {"uv": [6, 0, 9, 10], "texture": "#0"},
				"down": {"uv": [6, 0, 9, 10], "texture": "#0"}
			}
		},
		{
			"name": "hexadecagon",
			"from": [6.4087, 1.5, 14],
			"to": [9.5913, 14.5, 16],
			"rotation": {"angle": 22.5, "axis": "y", "origin": [8, 2, 8]},
			"faces": {
				"north": {"uv": [6, 0, 9, 10], "texture": "#0"},
				"east": {"uv": [6, 0, 9, 10], "texture": "#0"},
				"south": {"uv": [6, 0, 9, 10], "texture": "#0"},
				"west": {"uv": [6, 0, 9, 10], "texture": "#0"},
				"up": {"uv": [6, 0, 9, 10], "texture": "#0"},
				"down": {"uv": [6, 0, 9, 10], "texture": "#0"}
			}
		},
		{
			"name": "hexadecagon",
			"from": [6.4087, 1.5, 14],
			"to": [9.5913, 14.5, 16],
			"rotation": {"angle": 45, "axis": "y", "origin": [8, 2, 8]},
			"faces": {
				"north": {"uv": [6, 0, 9, 10], "texture": "#0"},
				"east": {"uv": [6, 0, 9, 10], "texture": "#0"},
				"south": {"uv": [6, 0, 9, 10], "texture": "#0"},
				"west": {"uv": [6, 0, 9, 10], "texture": "#0"},
				"up": {"uv": [6, 0, 9, 10], "texture": "#0"},
				"down": {"uv": [6, 0, 9, 10], "texture": "#0"}
			}
		},
		{
			"name": "hexadecagon",
			"from": [0, 1.5, 6.4087],
			"to": [2, 14.5, 9.5913],
			"rotation": {"angle": -22.5, "axis": "y", "origin": [8, 2, 8]},
			"faces": {
				"north": {"uv": [6, 0, 9, 10], "texture": "#0"},
				"east": {"uv": [6, 0, 9, 10], "texture": "#0"},
				"south": {"uv": [6, 0, 9, 10], "texture": "#0"},
				"west": {"uv": [6, 0, 9, 10], "texture": "#0"},
				"up": {"uv": [6, 0, 9, 10], "texture": "#0"},
				"down": {"uv": [6, 0, 9, 10], "texture": "#0"}
			}
		},
		{
			"name": "hexadecagon",
			"from": [0, 1.5, 6.4087],
			"to": [2, 14.5, 9.5913],
			"rotation": {"angle": 0, "axis": "y", "origin": [8, 2, 8]},
			"faces": {
				"north": {"uv": [6, 0, 9, 10], "texture": "#0"},
				"east": {"uv": [6, 0, 9, 10], "texture": "#0"},
				"south": {"uv": [6, 0, 9, 10], "texture": "#0"},
				"west": {"uv": [6, 0, 9, 10], "texture": "#0"},
				"up": {"uv": [6, 0, 9, 10], "texture": "#0"},
				"down": {"uv": [6, 0, 9, 10], "texture": "#0"}
			}
		},
		{
			"name": "hexadecagon",
			"from": [0, 1.5, 6.4087],
			"to": [2, 14.5, 9.5913],
			"rotation": {"angle": 22.5, "axis": "y", "origin": [8, 2, 8]},
			"faces": {
				"north": {"uv": [6, 0, 9, 10], "texture": "#0"},
				"east": {"uv": [6, 0, 9, 10], "texture": "#0"},
				"south": {"uv": [6, 0, 9, 10], "texture": "#0"},
				"west": {"uv": [6, 0, 9, 10], "texture": "#0"},
				"up": {"uv": [6, 0, 9, 10], "texture": "#0"},
				"down": {"uv": [6, 0, 9, 10], "texture": "#0"}
			}
		},
		{
			"name": "hexadecagon",
			"from": [14, 1.5, 6.4087],
			"to": [16, 14.5, 9.5913],
			"rotation": {"angle": -22.5, "axis": "y", "origin": [8, 2, 8]},
			"faces": {
				"north": {"uv": [6, 0, 9, 10], "texture": "#0"},
				"east": {"uv": [6, 0, 9, 10], "texture": "#0"},
				"south": {"uv": [6, 0, 9, 10], "texture": "#0"},
				"west": {"uv": [6, 0, 9, 10], "texture": "#0"},
				"up": {"uv": [6, 0, 9, 10], "texture": "#0"},
				"down": {"uv": [6, 0, 9, 10], "texture": "#0"}
			}
		},
		{
			"name": "hexadecagon",
			"from": [14, 1.5, 6.4087],
			"to": [16, 14.5, 9.5913],
			"rotation": {"angle": 0, "axis": "y", "origin": [8, 2, 8]},
			"faces": {
				"north": {"uv": [6, 0, 9, 10], "texture": "#0"},
				"east": {"uv": [6, 0, 9, 10], "texture": "#0"},
				"south": {"uv": [6, 0, 9, 10], "texture": "#0"},
				"west": {"uv": [6, 0, 9, 10], "texture": "#0"},
				"up": {"uv": [6, 0, 9, 10], "texture": "#0"},
				"down": {"uv": [6, 0, 9, 10], "texture": "#0"}
			}
		},
		{
			"name": "hexadecagon",
			"from": [14, 1.5, 6.4087],
			"to": [16, 14.5, 9.5913],
			"rotation": {"angle": 22.5, "axis": "y", "origin": [8, 2, 8]},
			"faces": {
				"north": {"uv": [6, 0, 9, 10], "texture": "#0"},
				"east": {"uv": [6, 0, 9, 10], "texture": "#0"},
				"south": {"uv": [6, 0, 9, 10], "texture": "#0"},
				"west": {"uv": [6, 0, 9, 10], "texture": "#0"},
				"up": {"uv": [6, 0, 9, 10], "texture": "#0"},
				"down": {"uv": [6, 0, 9, 10], "texture": "#0"}
			}
		},
		{
			"name": "hexadecagon",
			"from": [-0.19347, 1, 6.5],
			"to": [2.19347, 3, 8.5],
			"rotation": {"angle": 0, "axis": "y", "origin": [1, 7, 8]},
			"faces": {
				"north": {"uv": [0, 0, 6.5, 6.5], "rotation": 90, "texture": "#0"},
				"east": {"uv": [0, 0, 6.5, 6.5], "rotation": 90, "texture": "#0"},
				"south": {"uv": [0, 0, 6.5, 6.5], "rotation": 90, "texture": "#0"},
				"west": {"uv": [0, 0, 6.5, 6.5], "rotation": 90, "texture": "#0"},
				"up": {"uv": [0, 0, 6.5, 6.5], "rotation": 90, "texture": "#0"},
				"down": {"uv": [0, 0, 6.5, 6.5], "rotation": 90, "texture": "#0"}
			}
		},
		{
			"name": "hexadecagon",
			"from": [-0.19347, 1, 6.5],
			"to": [2.19347, 3, 8.5],
			"rotation": {"angle": -22.5, "axis": "z", "origin": [1, 7, 8]},
			"faces": {
				"north": {"uv": [0, 0, 6.5, 6.5], "rotation": 90, "texture": "#0"},
				"east": {"uv": [0, 0, 6.5, 6.5], "rotation": 90, "texture": "#0"},
				"south": {"uv": [0, 0, 6.5, 6.5], "rotation": 90, "texture": "#0"},
				"west": {"uv": [0, 0, 6.5, 6.5], "rotation": 90, "texture": "#0"},
				"up": {"uv": [0, 0, 6.5, 6.5], "rotation": 90, "texture": "#0"},
				"down": {"uv": [0, 0, 6.5, 6.5], "rotation": 90, "texture": "#0"}
			}
		},
		{
			"name": "hexadecagon",
			"from": [-0.19347, 1, 6.5],
			"to": [2.19347, 3, 8.5],
			"rotation": {"angle": -45, "axis": "z", "origin": [1, 7, 8]},
			"faces": {
				"north": {"uv": [0, 0, 6.5, 6.5], "rotation": 90, "texture": "#0"},
				"east": {"uv": [0, 0, 6.5, 6.5], "rotation": 90, "texture": "#0"},
				"south": {"uv": [0, 0, 6.5, 6.5], "rotation": 90, "texture": "#0"},
				"west": {"uv": [0, 0, 6.5, 6.5], "rotation": 90, "texture": "#0"},
				"up": {"uv": [0, 0, 6.5, 6.5], "rotation": 90, "texture": "#0"},
				"down": {"uv": [0, 0, 6.5, 6.5], "rotation": 90, "texture": "#0"}
			}
		},
		{
			"name": "hexadecagon",
			"from": [-0.19347, 11, 6.5],
			"to": [2.19347, 13, 8.5],
			"rotation": {"angle": 45, "axis": "z", "origin": [1, 7, 8]},
			"faces": {
				"north": {"uv": [0, 0, 6.5, 6.5], "rotation": 90, "texture": "#0"},
				"east": {"uv": [0, 0, 6.5, 6.5], "rotation": 90, "texture": "#0"},
				"south": {"uv": [0, 0, 6.5, 6.5], "rotation": 90, "texture": "#0"},
				"west": {"uv": [0, 0, 6.5, 6.5], "rotation": 90, "texture": "#0"},
				"up": {"uv": [0, 0, 6.5, 6.5], "rotation": 90, "texture": "#0"},
				"down": {"uv": [0, 0, 6.5, 6.5], "rotation": 90, "texture": "#0"}
			}
		},
		{
			"name": "hexadecagon",
			"from": [-0.19347, 11, 6.5],
			"to": [2.19347, 13, 8.5],
			"rotation": {"angle": 22.5, "axis": "z", "origin": [1, 7, 8]},
			"faces": {
				"north": {"uv": [0, 0, 6.5, 6.5], "rotation": 90, "texture": "#0"},
				"east": {"uv": [0, 0, 6.5, 6.5], "rotation": 90, "texture": "#0"},
				"south": {"uv": [0, 0, 6.5, 6.5], "rotation": 90, "texture": "#0"},
				"west": {"uv": [0, 0, 6.5, 6.5], "rotation": 90, "texture": "#0"},
				"up": {"uv": [0, 0, 6.5, 6.5], "rotation": 90, "texture": "#0"},
				"down": {"uv": [0, 0, 6.5, 6.5], "rotation": 90, "texture": "#0"}
			}
		},
		{
			"name": "hexadecagon",
			"from": [-0.19347, 11, 6.5],
			"to": [2.19347, 13, 8.5],
			"rotation": {"angle": 0, "axis": "y", "origin": [1, 7, 8]},
			"faces": {
				"north": {"uv": [0, 0, 6.5, 6.5], "rotation": 90, "texture": "#0"},
				"east": {"uv": [0, 0, 6.5, 6.5], "rotation": 90, "texture": "#0"},
				"south": {"uv": [0, 0, 6.5, 6.5], "rotation": 90, "texture": "#0"},
				"west": {"uv": [0, 0, 6.5, 6.5], "rotation": 90, "texture": "#0"},
				"up": {"uv": [0, 0, 6.5, 6.5], "rotation": 90, "texture": "#0"},
				"down": {"uv": [0, 0, 6.5, 6.5], "rotation": 90, "texture": "#0"}
			}
		},
		{
			"name": "hexadecagon",
			"from": [-5, 5.80653, 6.5],
			"to": [-3, 8.19347, 8.5],
			"rotation": {"angle": 22.5, "axis": "z", "origin": [1, 7, 8]},
			"faces": {
				"north": {"uv": [0, 0, 6.5, 6.5], "rotation": 90, "texture": "#0"},
				"east": {"uv": [0, 0, 6.5, 6.5], "rotation": 90, "texture": "#0"},
				"south": {"uv": [0, 0, 6.5, 6.5], "rotation": 90, "texture": "#0"},
				"west": {"uv": [0, 0, 6.5, 6.5], "rotation": 90, "texture": "#0"},
				"up": {"uv": [0, 0, 6.5, 6.5], "rotation": 90, "texture": "#0"},
				"down": {"uv": [0, 0, 6.5, 6.5], "rotation": 90, "texture": "#0"}
			}
		},
		{
			"name": "hexadecagon",
			"from": [-5, 5.80653, 6.5],
			"to": [-3, 8.19347, 8.5],
			"rotation": {"angle": 0, "axis": "y", "origin": [1, 7, 8]},
			"faces": {
				"north": {"uv": [0, 0, 6.5, 6.5], "rotation": 90, "texture": "#0"},
				"east": {"uv": [0, 0, 6.5, 6.5], "rotation": 90, "texture": "#0"},
				"south": {"uv": [0, 0, 6.5, 6.5], "rotation": 90, "texture": "#0"},
				"west": {"uv": [0, 0, 6.5, 6.5], "rotation": 90, "texture": "#0"},
				"up": {"uv": [0, 0, 6.5, 6.5], "rotation": 90, "texture": "#0"},
				"down": {"uv": [0, 0, 6.5, 6.5], "rotation": 90, "texture": "#0"}
			}
		},
		{
			"name": "hexadecagon",
			"from": [-5, 5.80653, 6.5],
			"to": [-3, 8.19347, 8.5],
			"rotation": {"angle": -22.5, "axis": "z", "origin": [1, 7, 8]},
			"faces": {
				"north": {"uv": [0, 0, 6.5, 6.5], "rotation": 90, "texture": "#0"},
				"east": {"uv": [0, 0, 6.5, 6.5], "rotation": 90, "texture": "#0"},
				"south": {"uv": [0, 0, 6.5, 6.5], "rotation": 90, "texture": "#0"},
				"west": {"uv": [0, 0, 6.5, 6.5], "rotation": 90, "texture": "#0"},
				"up": {"uv": [0, 0, 6.5, 6.5], "rotation": 90, "texture": "#0"},
				"down": {"uv": [0, 0, 6.5, 6.5], "rotation": 90, "texture": "#0"}
			}
		},
		{
			"from": [7, 12, 10],
			"to": [9, 14, 12],
			"rotation": {"angle": 22.5, "axis": "y", "origin": [8, 13, 11]},
			"faces": {
				"north": {"uv": [2.5, 0.5, 3.5, 1.5], "texture": "#3"},
				"east": {"uv": [2.5, 0.5, 3.5, 1.5], "texture": "#3"},
				"south": {"uv": [2.5, 0.5, 3.5, 1.5], "texture": "#3"},
				"west": {"uv": [2.5, 0.5, 3.5, 1.5], "texture": "#3"},
				"up": {"uv": [2.5, 0.5, 3.5, 1.5], "texture": "#3"},
				"down": {"uv": [2.5, 0.5, 3.5, 1.5], "texture": "#3"}
			}
		},
		{
			"from": [9, 12, 4],
			"to": [11, 14, 6],
			"rotation": {"angle": -45, "axis": "y", "origin": [10, 13, 5]},
			"faces": {
				"north": {"uv": [12.5, 8.5, 13.5, 9.5], "texture": "#3"},
				"east": {"uv": [12.5, 8.5, 13.5, 9.5], "texture": "#3"},
				"south": {"uv": [12.5, 8.5, 13.5, 9.5], "texture": "#3"},
				"west": {"uv": [12.5, 8.5, 13.5, 9.5], "texture": "#3"},
				"up": {"uv": [12.5, 8.5, 13.5, 9.5], "texture": "#3"},
				"down": {"uv": [12.5, 8.5, 13.5, 9.5], "texture": "#3"}
			}
		},
		{
			"from": [4, 12, 6],
			"to": [6, 14, 8],
			"rotation": {"angle": 45, "axis": "z", "origin": [5, 13, 7]},
			"faces": {
				"north": {"uv": [14, 9, 15, 10], "texture": "#3"},
				"east": {"uv": [14, 9, 15, 10], "texture": "#3"},
				"south": {"uv": [14, 9, 15, 10], "texture": "#3"},
				"west": {"uv": [14, 9, 15, 10], "texture": "#3"},
				"up": {"uv": [14, 9, 15, 10], "texture": "#3"},
				"down": {"uv": [14, 9, 15, 10], "texture": "#3"}
			}
		}
	],
	"display": {
		"thirdperson_righthand": {
			"rotation": [0, 93, 0],
			"translation": [0, -0.25, -3],
			"scale": [0.25, 0.25, 0.25]
		},
		"thirdperson_lefthand": {
			"rotation": [0, -94, 0],
			"translation": [0, 0, -3],
			"scale": [0.25, 0.25, 0.25]
		},
		"firstperson_righthand": {
			"rotation": [-11, 74, 23],
			"translation": [0, 0, -2.25],
			"scale": [0.5, 0.5, 0.5]
		},
		"ground": {
			"scale": [0.25, 0.25, 0.25]
		},
		"gui": {
			"rotation": [23, 127, 0],
			"translation": [0.25, 0.5, 0],
			"scale": [0.75, 0.75, 0.75]
		},
		"head": {
			"translation": [0, -12.75, 0],
			"scale": [4, 4, 4]
		},
		"fixed": {
			"rotation": [0, 52, 0],
			"translation": [0, 21.5, 16.25],
			"scale": [0.75, 0.75, 0.75]
		}
	},
	"groups": [0,
		{
			"name": "hexadecagon",
			"origin": [8, 8, 8],
			"children": [1, 2, 3, 4, 5, 6, 7, 8]
		},
		{
			"name": "hexadecagon",
			"origin": [8, 8, 8],
			"children": [9, 10, 11, 12, 13, 14, 15, 16, 17, 18, 19, 20, 21, 22, 23, 24]
		},
		{
			"name": "hexadecagon",
			"origin": [8, 8, 8],
			"children": [25, 26, 27, 28, 29, 30, 31, 32, 33]
		}, 34, 35, 36]
}