{
	"credit": "Made with Blockbench",
	"textures": {
		"1": "block/spruce_log",
		"2": "block/terracotta"
	},
	"elements": [
		{
			"from": [-12, 6.5, 6.5],
			"to": [-2, 9.5, 9.5],
			"faces": {
				"north": {"uv": [0, 0, 16, 16], "texture": "#2"},
				"east": {"uv": [0, 0, 16, 16], "texture": "#2"},
				"south": {"uv": [0, 0, 16, 16], "texture": "#2"},
				"west": {"uv": [0, 0, 16, 16], "texture": "#2"},
				"up": {"uv": [0, 0, 16, 16], "texture": "#2"},
				"down": {"uv": [0, 0, 16, 16], "texture": "#2"}
			}
		},
		{
			"from": [-12, 6.62, 6.62],
			"to": [2.56, 9.38, 9.38],
			"faces": {
				"north": {"uv": [0, 0, 16, 16], "texture": "#2"},
				"east": {"uv": [0, 0, 16, 16], "texture": "#2"},
				"south": {"uv": [0, 0, 16, 16], "texture": "#2"},
				"west": {"uv": [0, 0, 16, 16], "texture": "#2"},
				"up": {"uv": [0, 0, 16, 16], "texture": "#2"},
				"down": {"uv": [0, 0, 16, 16], "texture": "#2"}
			}
		},
		{
			"from": [-13.1776, 6.6752, 6.6752],
			"to": [12.6176, 9.3248, 9.3248],
			"faces": {
				"north": {"uv": [0, 0, 16, 16], "texture": "#2"},
				"east": {"uv": [0, 0, 16, 16], "texture": "#2"},
				"south": {"uv": [0, 0, 16, 16], "texture": "#2"},
				"west": {"uv": [0, 0, 16, 16], "texture": "#2"},
				"up": {"uv": [0, 0, 16, 16], "texture": "#2"},
				"down": {"uv": [0, 0, 16, 16], "texture": "#2"}
			}
		},
		{
			"from": [-7, 5.9912, 5.9912],
			"to": [-6.3344, 10.0088, 10.0088],
			"faces": {
				"north": {"uv": [3, 1, 7, 7], "texture": "#1"},
				"east": {"uv": [3, 1, 7, 7], "texture": "#1"},
				"south": {"uv": [3, 1, 7, 7], "texture": "#1"},
				"west": {"uv": [3, 1, 7, 7], "texture": "#1"},
				"up": {"uv": [3, 1, 7, 7], "texture": "#1"},
				"down": {"uv": [3, 1, 7, 7], "texture": "#1"}
			}
		},
		{
			"from": [-15.48, 6.47331, 6.47331],
			"to": [-6.89414, 9.52669, 9.52669],
			"faces": {
				"north": {"uv": [0, 0, 15, 12], "texture": "#1"},
				"east": {"uv": [0, 0, 15, 12], "texture": "#1"},
				"south": {"uv": [0, 0, 15, 12], "texture": "#1"},
				"west": {"uv": [0, 0, 15, 12], "texture": "#1"},
				"up": {"uv": [0, 0, 15, 12], "texture": "#1"},
				"down": {"uv": [0, 0, 15, 12], "texture": "#1"}
			}
		},
		{
			"from": [-15, 5.9912, 5.9912],
			"to": [-13.3344, 10.0088, 10.0088],
			"faces": {
				"north": {"uv": [3, 1, 7, 7], "texture": "#1"},
				"east": {"uv": [3, 1, 7, 7], "texture": "#1"},
				"south": {"uv": [3, 1, 7, 7], "texture": "#1"},
				"west": {"uv": [3, 1, 7, 7], "texture": "#1"},
				"up": {"uv": [3, 1, 7, 7], "texture": "#1"},
				"down": {"uv": [3, 1, 7, 7], "texture": "#1"}
			}
		},
		{
			"from": [-0.44339, 6.78118, 6.78118],
			"to": [20.96819, 9.21882, 9.21882],
			"faces": {
				"north": {"uv": [0, 0, 16, 16], "texture": "#2"},
				"east": {"uv": [0, 0, 16, 16], "texture": "#2"},
				"south": {"uv": [0, 0, 16, 16], "texture": "#2"},
				"west": {"uv": [0, 0, 16, 16], "texture": "#2"},
				"up": {"uv": [0, 0, 16, 16], "texture": "#2"},
				"down": {"uv": [0, 0, 16, 16], "texture": "#2"}
			}
		},
		{
			"from": [6.07208, 6.87869, 6.87869],
			"to": [31.29074, 9.12131, 9.12131],
			"faces": {
				"north": {"uv": [0, 0, 8, 12], "texture": "#2"},
				"east": {"uv": [0, 0, 16, 16], "texture": "#2"},
				"south": {"uv": [0, 0, 16, 16], "texture": "#2"},
				"west": {"uv": [0, 0, 16, 16], "texture": "#2"},
				"up": {"uv": [0, 0, 16, 16], "texture": "#2"},
				"down": {"uv": [0, 0, 16, 16], "texture": "#2"}
			}
		}
	],
	"display": {
		"thirdperson_righthand": {
			"scale": [0.35, 0.4, 0.4],
			"rotation": [0, 0, 90],
			"translation": [0, 7, 0]
		},
		"thirdperson_lefthand": {
			"scale": [0.35, 0.4, 0.4],
			"rotation": [0, 0, -90],
			"translation": [0, 7, 0]
		},
		"firstperson_righthand": {
			"scale": [0.7, 0.75, 0.9],
			"rotation": [4, 86, 23],
			"translation": [17.5, -3.5, -20.5]
		},
		"fixed": {
			"scale": [0.55, 0.55, 0.55],
			"rotation": [0, 0, 43],
			"translation": [0, 0, -1.5]
		},
		"gui": {
			"scale": [0.4, 0.4, 0.4],
			"rotation": [0, -11, 133]
		}
	}
}