{
	"credit": "Made with Blockbench",
	"textures": {
		"0": "block/acacia_planks",
		"3": "block/yellow_stained_glass",
		"particle": "block/acacia_planks"
	},
	"elements": [
		{
			"from": [8.04679, 11.42795, 7.499],
			"to": [9.04679, 13.42795, 8.501],
			"rotation": {"angle": 22.5, "axis": "z", "origin": [8.54679, 12.05295, 8]},
			"faces": {
				"north": {"uv": [0.125, 0, 0.875, 0.75], "texture": "#0"},
				"east": {"uv": [0.125, 0, 0.875, 0.75], "texture": "#0"},
				"south": {"uv": [0.125, 0, 0.875, 0.75], "texture": "#0"},
				"west": {"uv": [0.125, 0, 0.875, 0.75], "texture": "#0"},
				"up": {"uv": [0.125, 0, 0.875, 0.75], "texture": "#0"},
				"down": {"uv": [0.125, 0, 0.875, 0.75], "texture": "#0"}
			}
		},
		{
			"from": [7.5, 0, 7.5],
			"to": [8.5, 1.25, 8.5],
			"rotation": {"angle": 0, "axis": "y", "origin": [8, 0.625, 8]},
			"faces": {
				"north": {"uv": [0.125, 0, 0.875, 0.75], "texture": "#0"},
				"east": {"uv": [0.125, 0, 0.875, 0.75], "texture": "#0"},
				"south": {"uv": [0.125, 0, 0.875, 0.75], "texture": "#0"},
				"west": {"uv": [0.125, 0, 0.875, 0.75], "texture": "#0"},
				"up": {"uv": [0.125, 0, 0.875, 0.75], "texture": "#0"},
				"down": {"uv": [0.125, 0, 0.875, 0.75], "texture": "#0"}
			}
		},
		{
			"from": [7.70112, 1.01108, 7.499],
			"to": [8.70112, 3.01108, 8.501],
			"rotation": {"angle": -22.5, "axis": "z", "origin": [8.20112, 1.63608, 8]},
			"faces": {
				"north": {"uv": [0.125, 0, 0.875, 0.75], "texture": "#0"},
				"east": {"uv": [0.125, 0, 0.875, 0.75], "texture": "#0"},
				"south": {"uv": [0.125, 0, 0.875, 0.75], "texture": "#0"},
				"west": {"uv": [0.125, 0, 0.875, 0.75], "texture": "#0"},
				"up": {"uv": [0.125, 0, 0.875, 0.75], "texture": "#0"},
				"down": {"uv": [0.125, 0, 0.875, 0.75], "texture": "#0"}
			}
		},
		{
			"from": [8.18925, 2.71508, 7.5],
			"to": [9.18925, 6.46508, 8.5],
			"rotation": {"angle": 0, "axis": "y", "origin": [8.68925, 3.34008, 8]},
			"faces": {
				"north": {"uv": [0.125, 0, 0.875, 0.75], "texture": "#0"},
				"east": {"uv": [0.125, 0, 0.875, 0.75], "texture": "#0"},
				"south": {"uv": [0.125, 0, 0.875, 0.75], "texture": "#0"},
				"west": {"uv": [0.125, 0, 0.875, 0.75], "texture": "#0"},
				"up": {"uv": [0.125, 0, 0.875, 0.75], "texture": "#0"},
				"down": {"uv": [0.125, 0, 0.875, 0.75], "texture": "#0"}
			}
		},
		{
			"from": [7.55866, 13.13194, 7.5],
			"to": [8.55866, 16.88194, 8.5],
			"rotation": {"angle": 0, "axis": "y", "origin": [8.05866, 13.75694, 8]},
			"faces": {
				"north": {"uv": [0.125, 0, 0.875, 0.75], "texture": "#0"},
				"east": {"uv": [0.125, 0, 0.875, 0.75], "texture": "#0"},
				"south": {"uv": [0.125, 0, 0.875, 0.75], "texture": "#0"},
				"west": {"uv": [0.125, 0, 0.875, 0.75], "texture": "#0"},
				"up": {"uv": [0.125, 0, 0.875, 0.75], "texture": "#0"},
				"down": {"uv": [0.125, 0, 0.875, 0.75], "texture": "#0"}
			}
		},
		{
			"from": [8.60866, 17.38194, 7.051],
			"to": [9.00766, 18.03194, 7.451],
			"rotation": {"angle": 0, "axis": "y", "origin": [8.50866, 18.00694, 7.55]},
			"faces": {
				"north": {"uv": [0.125, 0, 0.875, 0.75], "texture": "#0"},
				"east": {"uv": [0.125, 0, 0.875, 0.75], "texture": "#0"},
				"south": {"uv": [0.125, 0, 0.875, 0.75], "texture": "#0"},
				"west": {"uv": [0.125, 0, 0.875, 0.75], "texture": "#0"},
				"up": {"uv": [0.125, 0, 0.875, 0.75], "texture": "#0"},
				"down": {"uv": [0.125, 0, 0.875, 0.75], "texture": "#0"}
			}
		},
		{
			"from": [7.1097, 17.38194, 7.301],
			"to": [7.5097, 18.03194, 7.701],
			"rotation": {"angle": 0, "axis": "y", "origin": [7.00866, 18.00694, 7.8]},
			"faces": {
				"north": {"uv": [0.125, 0, 0.875, 0.75], "texture": "#0"},
				"east": {"uv": [0.125, 0, 0.875, 0.75], "texture": "#0"},
				"south": {"uv": [0.125, 0, 0.875, 0.75], "texture": "#0"},
				"west": {"uv": [0.125, 0, 0.875, 0.75], "texture": "#0"},
				"up": {"uv": [0.125, 0, 0.875, 0.75], "texture": "#0"},
				"down": {"uv": [0.125, 0, 0.875, 0.75], "texture": "#0"}
			}
		},
		{
			"from": [7.6097, 17.38194, 8.55],
			"to": [8.0097, 17.93194, 8.949],
			"rotation": {"angle": 0, "axis": "y", "origin": [7.50866, 18.00694, 9.05]},
			"faces": {
				"north": {"uv": [0.125, 0, 0.875, 0.75], "texture": "#0"},
				"east": {"uv": [0.125, 0, 0.875, 0.75], "texture": "#0"},
				"south": {"uv": [0.125, 0, 0.875, 0.75], "texture": "#0"},
				"west": {"uv": [0.125, 0, 0.875, 0.75], "texture": "#0"},
				"up": {"uv": [0.125, 0, 0.875, 0.75], "texture": "#0"},
				"down": {"uv": [0.125, 0, 0.875, 0.75], "texture": "#0"}
			}
		},
		{
			"from": [7.85545, 17.92263, 8.55],
			"to": [8.25545, 18.37263, 8.95],
			"rotation": {"angle": -22.5, "axis": "z", "origin": [7.75545, 18.54763, 9.05]},
			"faces": {
				"north": {"uv": [0.125, 0, 0.875, 0.75], "texture": "#0"},
				"east": {"uv": [0.125, 0, 0.875, 0.75], "texture": "#0"},
				"south": {"uv": [0.125, 0, 0.875, 0.75], "texture": "#0"},
				"west": {"uv": [0.125, 0, 0.875, 0.75], "texture": "#0"},
				"up": {"uv": [0.125, 0, 0.875, 0.75], "texture": "#0"},
				"down": {"uv": [0.125, 0, 0.875, 0.75], "texture": "#0"}
			}
		},
		{
			"from": [8.2521, 18.23534, 8.549],
			"to": [8.6521, 18.68534, 8.951],
			"rotation": {"angle": -45, "axis": "z", "origin": [8.1521, 18.86034, 9.05]},
			"faces": {
				"north": {"uv": [0.125, 0, 0.875, 0.75], "texture": "#0"},
				"east": {"uv": [0.125, 0, 0.875, 0.75], "texture": "#0"},
				"south": {"uv": [0.125, 0, 0.875, 0.75], "texture": "#0"},
				"west": {"uv": [0.125, 0, 0.875, 0.75], "texture": "#0"},
				"up": {"uv": [0.125, 0, 0.875, 0.75], "texture": "#0"},
				"down": {"uv": [0.125, 0, 0.875, 0.75], "texture": "#0"}
			}
		},
		{
			"from": [8.01322, 18.49745, 8.55],
			"to": [8.46322, 18.89745, 8.95],
			"rotation": {"angle": 22.5, "axis": "z", "origin": [8.63822, 18.99745, 9.05]},
			"faces": {
				"north": {"uv": [0.125, 0, 0.875, 0.75], "rotation": 270, "texture": "#0"},
				"east": {"uv": [0.125, 0, 0.875, 0.75], "rotation": 90, "texture": "#0"},
				"south": {"uv": [0.125, 0, 0.875, 0.75], "rotation": 90, "texture": "#0"},
				"west": {"uv": [0.125, 0, 0.875, 0.75], "rotation": 90, "texture": "#0"},
				"up": {"uv": [0.125, 0, 0.875, 0.75], "rotation": 90, "texture": "#0"},
				"down": {"uv": [0.125, 0, 0.875, 0.75], "rotation": 90, "texture": "#0"}
			}
		},
		{
			"from": [8.51481, 18.43809, 8.549],
			"to": [8.96481, 18.83809, 8.951],
			"rotation": {"angle": 0, "axis": "y", "origin": [9.13981, 18.93809, 9.05]},
			"faces": {
				"north": {"uv": [0.125, 0, 0.875, 0.75], "rotation": 270, "texture": "#0"},
				"east": {"uv": [0.125, 0, 0.875, 0.75], "rotation": 90, "texture": "#0"},
				"south": {"uv": [0.125, 0, 0.875, 0.75], "rotation": 90, "texture": "#0"},
				"west": {"uv": [0.125, 0, 0.875, 0.75], "rotation": 90, "texture": "#0"},
				"up": {"uv": [0.125, 0, 0.875, 0.75], "rotation": 90, "texture": "#0"},
				"down": {"uv": [0.125, 0, 0.875, 0.75], "rotation": 90, "texture": "#0"}
			}
		},
		{
			"from": [8.5638, 18.66966, 8.68584],
			"to": [8.9658, 19.06966, 9.03584],
			"rotation": {"angle": 22.5, "axis": "x", "origin": [9.06481, 19.16966, 8.41084]},
			"faces": {
				"north": {"uv": [0.125, 0, 0.875, 0.75], "rotation": 90, "texture": "#0"},
				"east": {"uv": [0.125, 0, 0.875, 0.75], "rotation": 90, "texture": "#0"},
				"south": {"uv": [0.125, 0, 0.875, 0.75], "rotation": 90, "texture": "#0"},
				"west": {"uv": [0.125, 0, 0.875, 0.75], "rotation": 270, "texture": "#0"},
				"up": {"uv": [0.125, 0, 0.875, 0.75], "texture": "#0"},
				"down": {"uv": [0.125, 0, 0.875, 0.75], "rotation": 180, "texture": "#0"}
			}
		},
		{
			"from": [8.56481, 18.89798, 8.56018],
			"to": [8.96481, 19.29798, 9.01018],
			"rotation": {"angle": 45, "axis": "x", "origin": [9.06481, 19.39798, 8.38518]},
			"faces": {
				"north": {"uv": [0.125, 0, 0.875, 0.75], "rotation": 90, "texture": "#0"},
				"east": {"uv": [0.125, 0, 0.875, 0.75], "rotation": 90, "texture": "#0"},
				"south": {"uv": [0.125, 0, 0.875, 0.75], "rotation": 90, "texture": "#0"},
				"west": {"uv": [0.125, 0, 0.875, 0.75], "rotation": 270, "texture": "#0"},
				"up": {"uv": [0.125, 0, 0.875, 0.75], "texture": "#0"},
				"down": {"uv": [0.125, 0, 0.875, 0.75], "rotation": 180, "texture": "#0"}
			}
		},
		{
			"from": [8.5638, 19.06444, 7.87813],
			"to": [8.9658, 19.41444, 8.27813],
			"rotation": {"angle": -22.5, "axis": "x", "origin": [9.06481, 19.68944, 8.37813]},
			"faces": {
				"north": {"uv": [0.125, 0, 0.875, 0.75], "texture": "#0"},
				"east": {"uv": [0.125, 0, 0.875, 0.75], "texture": "#0"},
				"south": {"uv": [0.125, 0, 0.875, 0.75], "texture": "#0"},
				"west": {"uv": [0.125, 0, 0.875, 0.75], "texture": "#0"},
				"up": {"uv": [0.125, 0, 0.875, 0.75], "rotation": 270, "texture": "#0"},
				"down": {"uv": [0.125, 0, 0.875, 0.75], "rotation": 90, "texture": "#0"}
			}
		},
		{
			"from": [8.56481, 19.24404, 8.02143],
			"to": [8.96481, 19.69404, 8.42143],
			"rotation": {"angle": 0, "axis": "y", "origin": [9.06481, 19.86904, 8.52143]},
			"faces": {
				"north": {"uv": [0.125, 0, 0.875, 0.75], "texture": "#0"},
				"east": {"uv": [0.125, 0, 0.875, 0.75], "texture": "#0"},
				"south": {"uv": [0.125, 0, 0.875, 0.75], "texture": "#0"},
				"west": {"uv": [0.125, 0, 0.875, 0.75], "texture": "#0"},
				"up": {"uv": [0.125, 0, 0.875, 0.75], "rotation": 270, "texture": "#0"},
				"down": {"uv": [0.125, 0, 0.875, 0.75], "rotation": 90, "texture": "#0"}
			}
		},
		{
			"from": [8.5638, 19.45512, 8.22255],
			"to": [8.9658, 19.90512, 8.62255],
			"rotation": {"angle": 22.5, "axis": "x", "origin": [9.06481, 20.08012, 8.72255]},
			"faces": {
				"north": {"uv": [0.125, 0, 0.875, 0.75], "texture": "#0"},
				"east": {"uv": [0.125, 0, 0.875, 0.75], "texture": "#0"},
				"south": {"uv": [0.125, 0, 0.875, 0.75], "texture": "#0"},
				"west": {"uv": [0.125, 0, 0.875, 0.75], "texture": "#0"},
				"up": {"uv": [0.125, 0, 0.875, 0.75], "rotation": 270, "texture": "#0"},
				"down": {"uv": [0.125, 0, 0.875, 0.75], "rotation": 90, "texture": "#0"}
			}
		},
		{
			"from": [7.10866, 17.79302, 7.50112],
			"to": [7.50866, 18.44302, 7.90112],
			"rotation": {"angle": 22.5, "axis": "x", "origin": [7.00866, 18.41802, 8.00112]},
			"faces": {
				"north": {"uv": [0.125, 0, 0.875, 0.75], "texture": "#0"},
				"east": {"uv": [0.125, 0, 0.875, 0.75], "texture": "#0"},
				"south": {"uv": [0.125, 0, 0.875, 0.75], "texture": "#0"},
				"west": {"uv": [0.125, 0, 0.875, 0.75], "texture": "#0"},
				"up": {"uv": [0.125, 0, 0.875, 0.75], "texture": "#0"},
				"down": {"uv": [0.125, 0, 0.875, 0.75], "texture": "#0"}
			}
		},
		{
			"from": [7.1077, 18.09585, 7.84424],
			"to": [7.5097, 18.39585, 8.24424],
			"rotation": {"angle": 45, "axis": "x", "origin": [7.00866, 18.72085, 8.34424]},
			"faces": {
				"north": {"uv": [0.125, 0, 0.875, 0.75], "texture": "#0"},
				"east": {"uv": [0.125, 0, 0.875, 0.75], "texture": "#0"},
				"south": {"uv": [0.125, 0, 0.875, 0.75], "texture": "#0"},
				"west": {"uv": [0.125, 0, 0.875, 0.75], "texture": "#0"},
				"up": {"uv": [0.125, 0, 0.875, 0.75], "texture": "#0"},
				"down": {"uv": [0.125, 0, 0.875, 0.75], "texture": "#0"}
			}
		},
		{
			"from": [6.96471, 18.55953, 8.6535],
			"to": [7.36471, 18.93953, 9.0555],
			"rotation": {"angle": 45, "axis": "z", "origin": [6.86471, 19.18453, 8.55452]},
			"faces": {
				"north": {"uv": [0.125, 0, 0.875, 0.75], "texture": "#0"},
				"east": {"uv": [0.125, 0, 0.875, 0.75], "texture": "#0"},
				"south": {"uv": [0.125, 0, 0.875, 0.75], "texture": "#0"},
				"west": {"uv": [0.125, 0, 0.875, 0.75], "texture": "#0"},
				"up": {"uv": [0.125, 0, 0.875, 0.75], "rotation": 90, "texture": "#0"},
				"down": {"uv": [0.125, 0, 0.875, 0.75], "rotation": 270, "texture": "#0"}
			}
		},
		{
			"from": [7.28951, 19.34293, 8.65452],
			"to": [7.66951, 19.74293, 9.05452],
			"rotation": {"angle": -22.5, "axis": "z", "origin": [7.04451, 19.24293, 8.55452]},
			"faces": {
				"north": {"uv": [0.125, 0, 0.875, 0.75], "rotation": 90, "texture": "#0"},
				"east": {"uv": [0.125, 0, 0.875, 0.75], "rotation": 180, "texture": "#0"},
				"south": {"uv": [0.125, 0, 0.875, 0.75], "rotation": 270, "texture": "#0"},
				"west": {"uv": [0.125, 0, 0.875, 0.75], "texture": "#0"},
				"up": {"uv": [0.125, 0, 0.875, 0.75], "rotation": 270, "texture": "#0"},
				"down": {"uv": [0.125, 0, 0.875, 0.75], "rotation": 270, "texture": "#0"}
			}
		},
		{
			"from": [7.51912, 19.63413, 8.65452],
			"to": [7.89912, 20.03413, 9.05452],
			"rotation": {"angle": 22.5, "axis": "z", "origin": [7.27412, 19.53413, 8.55452]},
			"faces": {
				"north": {"uv": [0.125, 0, 0.875, 0.75], "rotation": 90, "texture": "#0"},
				"east": {"uv": [0.125, 0, 0.875, 0.75], "rotation": 180, "texture": "#0"},
				"south": {"uv": [0.125, 0, 0.875, 0.75], "rotation": 270, "texture": "#0"},
				"west": {"uv": [0.125, 0, 0.875, 0.75], "texture": "#0"},
				"up": {"uv": [0.125, 0, 0.875, 0.75], "rotation": 270, "texture": "#0"},
				"down": {"uv": [0.125, 0, 0.875, 0.75], "rotation": 270, "texture": "#0"}
			}
		},
		{
			"from": [7.43327, 19.46569, 8.6555],
			"to": [7.81327, 19.86569, 9.0575],
			"rotation": {"angle": 0, "axis": "y", "origin": [7.18827, 19.36569, 8.55452]},
			"faces": {
				"north": {"uv": [0.125, 0, 0.875, 0.75], "rotation": 90, "texture": "#0"},
				"east": {"uv": [0.125, 0, 0.875, 0.75], "rotation": 180, "texture": "#0"},
				"south": {"uv": [0.125, 0, 0.875, 0.75], "rotation": 270, "texture": "#0"},
				"west": {"uv": [0.125, 0, 0.875, 0.75], "texture": "#0"},
				"up": {"uv": [0.125, 0, 0.875, 0.75], "rotation": 270, "texture": "#0"},
				"down": {"uv": [0.125, 0, 0.875, 0.75], "rotation": 270, "texture": "#0"}
			}
		},
		{
			"from": [7.10866, 18.72183, 7.90464],
			"to": [7.50866, 19.12183, 8.20464],
			"rotation": {"angle": -22.5, "axis": "x", "origin": [7.00866, 18.62183, 8.52964]},
			"faces": {
				"north": {"uv": [0.125, 0, 0.875, 0.75], "rotation": 180, "texture": "#0"},
				"east": {"uv": [0.125, 0, 0.875, 0.75], "rotation": 270, "texture": "#0"},
				"south": {"uv": [0.125, 0, 0.875, 0.75], "texture": "#0"},
				"west": {"uv": [0.125, 0, 0.875, 0.75], "rotation": 90, "texture": "#0"},
				"up": {"uv": [0.125, 0, 0.875, 0.75], "rotation": 180, "texture": "#0"},
				"down": {"uv": [0.125, 0, 0.875, 0.75], "texture": "#0"}
			}
		},
		{
			"from": [7.10866, 18.80619, 8.42873],
			"to": [7.50866, 19.20619, 8.82873],
			"rotation": {"angle": -22.5, "axis": "x", "origin": [7.00866, 18.70619, 9.05373]},
			"faces": {
				"north": {"uv": [0.125, 0, 0.875, 0.75], "rotation": 180, "texture": "#0"},
				"east": {"uv": [0.125, 0, 0.875, 0.75], "rotation": 270, "texture": "#0"},
				"south": {"uv": [0.125, 0, 0.875, 0.75], "texture": "#0"},
				"west": {"uv": [0.125, 0, 0.875, 0.75], "rotation": 90, "texture": "#0"},
				"up": {"uv": [0.125, 0, 0.875, 0.75], "rotation": 180, "texture": "#0"},
				"down": {"uv": [0.125, 0, 0.875, 0.75], "texture": "#0"}
			}
		},
		{
			"from": [7.1097, 18.8072, 8.42873],
			"to": [7.5077, 18.9572, 9.09873],
			"rotation": {"angle": -22.5, "axis": "x", "origin": [7.00866, 18.70619, 9.05373]},
			"faces": {
				"north": {"uv": [0.125, 0, 0.875, 0.75], "rotation": 180, "texture": "#0"},
				"east": {"uv": [0.125, 0, 0.875, 0.75], "rotation": 270, "texture": "#0"},
				"south": {"uv": [0.125, 0, 0.875, 0.75], "texture": "#0"},
				"west": {"uv": [0.125, 0, 0.875, 0.75], "rotation": 90, "texture": "#0"},
				"up": {"uv": [0.125, 0, 0.875, 0.75], "rotation": 180, "texture": "#0"},
				"down": {"uv": [0.125, 0, 0.875, 0.75], "texture": "#0"}
			}
		},
		{
			"from": [7.1077, 18.822, 8.65452],
			"to": [7.5097, 19.082, 9.05452],
			"rotation": {"angle": 0, "axis": "y", "origin": [7.00866, 18.58203, 9.27952]},
			"faces": {
				"north": {"uv": [0.125, 0, 0.875, 0.75], "rotation": 180, "texture": "#0"},
				"east": {"uv": [0.125, 0, 0.875, 0.75], "rotation": 270, "texture": "#0"},
				"south": {"uv": [0.125, 0, 0.875, 0.75], "texture": "#0"},
				"west": {"uv": [0.125, 0, 0.875, 0.75], "rotation": 90, "texture": "#0"},
				"up": {"uv": [0.125, 0, 0.875, 0.75], "rotation": 180, "texture": "#0"},
				"down": {"uv": [0.125, 0, 0.875, 0.75], "texture": "#0"}
			}
		},
		{
			"from": [7.1077, 18.5594, 8.03804],
			"to": [7.5097, 18.9594, 8.43804],
			"rotation": {"angle": 0, "axis": "y", "origin": [7.00866, 18.4594, 8.66304]},
			"faces": {
				"north": {"uv": [0.125, 0, 0.875, 0.75], "rotation": 180, "texture": "#0"},
				"east": {"uv": [0.125, 0, 0.875, 0.75], "rotation": 270, "texture": "#0"},
				"south": {"uv": [0.125, 0, 0.875, 0.75], "texture": "#0"},
				"west": {"uv": [0.125, 0, 0.875, 0.75], "rotation": 90, "texture": "#0"},
				"up": {"uv": [0.125, 0, 0.875, 0.75], "rotation": 180, "texture": "#0"},
				"down": {"uv": [0.125, 0, 0.875, 0.75], "texture": "#0"}
			}
		},
		{
			"from": [8.35866, 17.38194, 7.05],
			"to": [9.00866, 17.53194, 7.7],
			"rotation": {"angle": 0, "axis": "y", "origin": [8.50866, 18.00694, 7.55]},
			"faces": {
				"north": {"uv": [0.125, 0, 0.875, 0.75], "texture": "#0"},
				"east": {"uv": [0.125, 0, 0.875, 0.75], "texture": "#0"},
				"south": {"uv": [0.125, 0, 0.875, 0.75], "texture": "#0"},
				"west": {"uv": [0.125, 0, 0.875, 0.75], "texture": "#0"},
				"up": {"uv": [0.125, 0, 0.875, 0.75], "texture": "#0"},
				"down": {"uv": [0.125, 0, 0.875, 0.75], "texture": "#0"}
			}
		},
		{
			"from": [7.10866, 17.38194, 7.3],
			"to": [7.75866, 17.53194, 7.95],
			"rotation": {"angle": 0, "axis": "y", "origin": [7.25866, 18.00694, 7.8]},
			"faces": {
				"north": {"uv": [0.125, 0, 0.875, 0.75], "texture": "#0"},
				"east": {"uv": [0.125, 0, 0.875, 0.75], "texture": "#0"},
				"south": {"uv": [0.125, 0, 0.875, 0.75], "texture": "#0"},
				"west": {"uv": [0.125, 0, 0.875, 0.75], "texture": "#0"},
				"up": {"uv": [0.125, 0, 0.875, 0.75], "texture": "#0"},
				"down": {"uv": [0.125, 0, 0.875, 0.75], "texture": "#0"}
			}
		},
		{
			"from": [7.60866, 17.38194, 8.3],
			"to": [8.25866, 17.53194, 8.95],
			"rotation": {"angle": 0, "axis": "y", "origin": [7.75866, 18.00694, 8.8]},
			"faces": {
				"north": {"uv": [0.125, 0, 0.875, 0.75], "texture": "#0"},
				"east": {"uv": [0.125, 0, 0.875, 0.75], "texture": "#0"},
				"south": {"uv": [0.125, 0, 0.875, 0.75], "texture": "#0"},
				"west": {"uv": [0.125, 0, 0.875, 0.75], "texture": "#0"},
				"up": {"uv": [0.125, 0, 0.875, 0.75], "texture": "#0"},
				"down": {"uv": [0.125, 0, 0.875, 0.75], "texture": "#0"}
			}
		},
		{
			"from": [7.34175, 19.528, 7.049],
			"to": [7.74175, 19.928, 7.451],
			"rotation": {"angle": 0, "axis": "y", "origin": [7.24175, 20.153, 7.55]},
			"faces": {
				"north": {"uv": [0.125, 0, 0.875, 0.75], "texture": "#0"},
				"east": {"uv": [0.125, 0, 0.875, 0.75], "texture": "#0"},
				"south": {"uv": [0.125, 0, 0.875, 0.75], "texture": "#0"},
				"west": {"uv": [0.125, 0, 0.875, 0.75], "texture": "#0"},
				"up": {"uv": [0.125, 0, 0.875, 0.75], "texture": "#0"},
				"down": {"uv": [0.125, 0, 0.875, 0.75], "texture": "#0"}
			}
		},
		{
			"from": [7.58854, 19.91869, 7.05],
			"to": [7.98854, 20.31869, 7.45],
			"rotation": {"angle": -22.5, "axis": "z", "origin": [7.48854, 20.54369, 7.55]},
			"faces": {
				"north": {"uv": [0.125, 0, 0.875, 0.75], "texture": "#0"},
				"east": {"uv": [0.125, 0, 0.875, 0.75], "texture": "#0"},
				"south": {"uv": [0.125, 0, 0.875, 0.75], "texture": "#0"},
				"west": {"uv": [0.125, 0, 0.875, 0.75], "texture": "#0"},
				"up": {"uv": [0.125, 0, 0.875, 0.75], "texture": "#0"},
				"down": {"uv": [0.125, 0, 0.875, 0.75], "texture": "#0"}
			}
		},
		{
			"from": [8.40754, 17.79302, 7.05],
			"to": [8.80754, 18.44302, 7.45],
			"rotation": {"angle": 22.5, "axis": "z", "origin": [8.30754, 18.41802, 7.55]},
			"faces": {
				"north": {"uv": [0.125, 0, 0.875, 0.75], "texture": "#0"},
				"east": {"uv": [0.125, 0, 0.875, 0.75], "texture": "#0"},
				"south": {"uv": [0.125, 0, 0.875, 0.75], "texture": "#0"},
				"west": {"uv": [0.125, 0, 0.875, 0.75], "texture": "#0"},
				"up": {"uv": [0.125, 0, 0.875, 0.75], "texture": "#0"},
				"down": {"uv": [0.125, 0, 0.875, 0.75], "texture": "#0"}
			}
		},
		{
			"from": [7.26326, 19.0726, 7.05],
			"to": [7.66326, 19.4726, 7.45],
			"rotation": {"angle": 22.5, "axis": "z", "origin": [7.16326, 19.6976, 7.55]},
			"faces": {
				"north": {"uv": [0.125, 0, 0.875, 0.75], "texture": "#0"},
				"east": {"uv": [0.125, 0, 0.875, 0.75], "texture": "#0"},
				"south": {"uv": [0.125, 0, 0.875, 0.75], "texture": "#0"},
				"west": {"uv": [0.125, 0, 0.875, 0.75], "texture": "#0"},
				"up": {"uv": [0.125, 0, 0.875, 0.75], "texture": "#0"},
				"down": {"uv": [0.125, 0, 0.875, 0.75], "texture": "#0"}
			}
		},
		{
			"from": [8.18868, 18.39585, 7.049],
			"to": [8.58868, 19.04585, 7.451],
			"rotation": {"angle": 45, "axis": "z", "origin": [8.38868, 18.72085, 7.25]},
			"faces": {
				"north": {"uv": [0.125, 0, 0.875, 0.75], "texture": "#0"},
				"east": {"uv": [0.125, 0, 0.875, 0.75], "texture": "#0"},
				"south": {"uv": [0.125, 0, 0.875, 0.75], "texture": "#0"},
				"west": {"uv": [0.125, 0, 0.875, 0.75], "texture": "#0"},
				"up": {"uv": [0.125, 0, 0.875, 0.75], "texture": "#0"},
				"down": {"uv": [0.125, 0, 0.875, 0.75], "texture": "#0"}
			}
		},
		{
			"from": [7.48928, 18.92183, 7.049],
			"to": [7.88928, 19.32183, 7.451],
			"rotation": {"angle": 45, "axis": "z", "origin": [7.68928, 19.24683, 7.25]},
			"faces": {
				"north": {"uv": [0.125, 0, 0.875, 0.75], "texture": "#0"},
				"east": {"uv": [0.125, 0, 0.875, 0.75], "texture": "#0"},
				"south": {"uv": [0.125, 0, 0.875, 0.75], "texture": "#0"},
				"west": {"uv": [0.125, 0, 0.875, 0.75], "texture": "#0"},
				"up": {"uv": [0.125, 0, 0.875, 0.75], "texture": "#0"},
				"down": {"uv": [0.125, 0, 0.875, 0.75], "texture": "#0"}
			}
		},
		{
			"from": [7.8485, 18.83168, 7.05],
			"to": [8.2485, 19.23168, 7.45],
			"rotation": {"angle": -22.5, "axis": "z", "origin": [7.9235, 19.03168, 7.25]},
			"faces": {
				"north": {"uv": [0.125, 0, 0.875, 0.75], "rotation": 90, "texture": "#0"},
				"east": {"uv": [0.125, 0, 0.875, 0.75], "rotation": 270, "texture": "#0"},
				"south": {"uv": [0.125, 0, 0.875, 0.75], "rotation": 270, "texture": "#0"},
				"west": {"uv": [0.125, 0, 0.875, 0.75], "rotation": 270, "texture": "#0"},
				"up": {"uv": [0.125, 0, 0.875, 0.75], "rotation": 270, "texture": "#0"},
				"down": {"uv": [0.125, 0, 0.875, 0.75], "rotation": 270, "texture": "#0"}
			}
		},
		{
			"from": [7.45866, 14.88194, 7.4],
			"to": [8.65866, 17.28194, 8.6],
			"rotation": {"angle": 0, "axis": "y", "origin": [8.05866, 14.25694, 8]},
			"faces": {
				"north": {"uv": [0.125, 0, 0.875, 0.75], "texture": "#0"},
				"east": {"uv": [0.125, 0, 0.875, 0.75], "texture": "#0"},
				"south": {"uv": [0.125, 0, 0.875, 0.75], "texture": "#0"},
				"west": {"uv": [0.125, 0, 0.875, 0.75], "texture": "#0"},
				"up": {"uv": [0.125, 0, 0.875, 0.75], "texture": "#0"},
				"down": {"uv": [0.125, 0, 0.875, 0.75], "texture": "#0"}
			}
		},
		{
			"from": [7.20866, 15.63194, 7.15],
			"to": [8.90866, 17.28194, 8.85],
			"rotation": {"angle": 0, "axis": "y", "origin": [8.05866, 14.25694, 8]},
			"faces": {
				"north": {"uv": [0.125, 0, 0.875, 0.75], "texture": "#0"},
				"east": {"uv": [0.125, 0, 0.875, 0.75], "texture": "#0"},
				"south": {"uv": [0.125, 0, 0.875, 0.75], "texture": "#0"},
				"west": {"uv": [0.125, 0, 0.875, 0.75], "texture": "#0"},
				"up": {"uv": [0.125, 0, 0.875, 0.75], "texture": "#0"},
				"down": {"uv": [0.125, 0, 0.875, 0.75], "texture": "#0"}
			}
		},
		{
			"from": [7.10866, 16.13194, 7.05],
			"to": [9.00866, 17.38194, 8.95],
			"rotation": {"angle": 0, "axis": "y", "origin": [8.05866, 14.25694, 8]},
			"faces": {
				"north": {"uv": [0.125, 0, 0.875, 0.75], "texture": "#0"},
				"east": {"uv": [0.125, 0, 0.875, 0.75], "texture": "#0"},
				"south": {"uv": [0.125, 0, 0.875, 0.75], "texture": "#0"},
				"west": {"uv": [0.125, 0, 0.875, 0.75], "texture": "#0"},
				"up": {"uv": [0.125, 0, 0.875, 0.75], "texture": "#0"},
				"down": {"uv": [0.125, 0, 0.875, 0.75], "texture": "#0"}
			}
		},
		{
			"from": [7.68925, 8.46508, 7.501],
			"to": [8.08925, 10.71508, 8.499],
			"rotation": {"angle": 0, "axis": "y", "origin": [7.68925, 8.34008, 8]},
			"faces": {
				"north": {"uv": [0.125, 0, 0.875, 0.75], "texture": "#0"},
				"east": {"uv": [0.125, 0, 0.875, 0.75], "texture": "#0"},
				"south": {"uv": [0.125, 0, 0.875, 0.75], "texture": "#0"},
				"west": {"uv": [0.125, 0, 0.875, 0.75], "texture": "#0"},
				"up": {"uv": [0.125, 0, 0.875, 0.75], "texture": "#0"},
				"down": {"uv": [0.125, 0, 0.875, 0.75], "texture": "#0"}
			}
		},
		{
			"from": [7.98813, 6.22616, 7.499],
			"to": [8.98813, 9.97616, 8.501],
			"rotation": {"angle": 22.5, "axis": "z", "origin": [8.48813, 6.85116, 8]},
			"faces": {
				"north": {"uv": [0.125, 0, 0.875, 0.75], "texture": "#0"},
				"east": {"uv": [0.125, 0, 0.875, 0.75], "texture": "#0"},
				"south": {"uv": [0.125, 0, 0.875, 0.75], "texture": "#0"},
				"west": {"uv": [0.125, 0, 0.875, 0.75], "texture": "#0"},
				"up": {"uv": [0.125, 0, 0.875, 0.75], "texture": "#0"},
				"down": {"uv": [0.125, 0, 0.875, 0.75], "texture": "#0"}
			}
		},
		{
			"from": [7.03142, 9.30802, 7.5],
			"to": [8.03142, 12.55802, 8.5],
			"rotation": {"angle": -22.5, "axis": "z", "origin": [7.53142, 9.93302, 8]},
			"faces": {
				"north": {"uv": [0.125, 0, 0.875, 0.75], "texture": "#0"},
				"east": {"uv": [0.125, 0, 0.875, 0.75], "texture": "#0"},
				"south": {"uv": [0.125, 0, 0.875, 0.75], "texture": "#0"},
				"west": {"uv": [0.125, 0, 0.875, 0.75], "texture": "#0"},
				"up": {"uv": [0.125, 0, 0.875, 0.75], "texture": "#0"},
				"down": {"uv": [0.125, 0, 0.875, 0.75], "texture": "#0"}
			}
		},
		{
			"from": [7.83039, 16.15833, 7.76],
			"to": [8.31039, 18.67833, 8.24],
			"rotation": {"angle": 0, "axis": "y", "origin": [8.07039, 13.90833, 8]},
			"faces": {
				"north": {"uv": [6, 5.5, 6.25, 5.75], "texture": "#3"},
				"east": {"uv": [6, 5.5, 6.25, 5.75], "texture": "#3"},
				"south": {"uv": [6, 5.5, 6.25, 5.75], "texture": "#3"},
				"west": {"uv": [6, 5.5, 6.25, 5.75], "texture": "#3"},
				"up": {"uv": [6, 5.5, 6.25, 5.75], "texture": "#3"},
				"down": {"uv": [6, 5.5, 6.25, 5.75], "texture": "#3"}
			}
		},
		{
			"from": [7.71039, 17.65833, 7.64],
			"to": [8.43039, 18.49833, 8.36],
			"rotation": {"angle": 0, "axis": "y", "origin": [8.07039, 14.32833, 8]},
			"faces": {
				"north": {"uv": [6, 5.5, 6.25, 5.75], "texture": "#3"},
				"east": {"uv": [6, 5.5, 6.25, 5.75], "texture": "#3"},
				"south": {"uv": [6, 5.5, 6.25, 5.75], "texture": "#3"},
				"west": {"uv": [6, 5.5, 6.25, 5.75], "texture": "#3"},
				"up": {"uv": [6, 5.5, 6.25, 5.75], "texture": "#3"},
				"down": {"uv": [6, 5.5, 6.25, 5.75], "texture": "#3"}
			}
		},
		{
			"from": [7.65044, 17.80828, 7.58],
			"to": [8.49044, 18.40828, 8.42],
			"rotation": {"angle": 0, "axis": "y", "origin": [8.07039, 14.62828, 8]},
			"faces": {
				"north": {"uv": [6, 5.5, 6.25, 5.75], "texture": "#3"},
				"east": {"uv": [6, 5.5, 6.25, 5.75], "texture": "#3"},
				"south": {"uv": [6, 5.5, 6.25, 5.75], "texture": "#3"},
				"west": {"uv": [6, 5.5, 6.25, 5.75], "texture": "#3"},
				"up": {"uv": [6, 5.5, 6.25, 5.75], "texture": "#3"},
				"down": {"uv": [6, 5.5, 6.25, 5.75], "texture": "#3"}
			}
		},
		{
			"from": [7.53044, 18.10828, 7.46],
			"to": [8.61044, 18.22828, 8.54],
			"rotation": {"angle": 0, "axis": "y", "origin": [8.07039, 14.62828, 8]},
			"faces": {
				"north": {"uv": [6, 5.5, 6.25, 5.75], "texture": "#3"},
				"east": {"uv": [6, 5.5, 6.25, 5.75], "texture": "#3"},
				"south": {"uv": [6, 5.5, 6.25, 5.75], "texture": "#3"},
				"west": {"uv": [6, 5.5, 6.25, 5.75], "texture": "#3"},
				"up": {"uv": [6, 5.5, 6.25, 5.75], "texture": "#3"},
				"down": {"uv": [6, 5.5, 6.25, 5.75], "texture": "#3"}
			}
		},
		{
			"from": [7.77044, 17.50828, 7.7],
			"to": [8.37044, 18.58828, 8.3],
			"rotation": {"angle": 0, "axis": "y", "origin": [8.07039, 14.32828, 8]},
			"faces": {
				"north": {"uv": [6, 5.5, 6.25, 5.75], "texture": "#3"},
				"east": {"uv": [6, 5.5, 6.25, 5.75], "texture": "#3"},
				"south": {"uv": [6, 5.5, 6.25, 5.75], "texture": "#3"},
				"west": {"uv": [6, 5.5, 6.25, 5.75], "texture": "#3"},
				"up": {"uv": [6, 5.5, 6.25, 5.75], "texture": "#3"},
				"down": {"uv": [6, 5.5, 6.25, 5.75], "texture": "#3"}
			}
		},
		{
			"from": [7.59039, 17.95833, 7.52],
			"to": [8.55039, 18.31833, 8.48],
			"rotation": {"angle": 0, "axis": "y", "origin": [8.07039, 14.62833, 8]},
			"faces": {
				"north": {"uv": [6, 5.5, 6.25, 5.75], "texture": "#3"},
				"east": {"uv": [6, 5.5, 6.25, 5.75], "texture": "#3"},
				"south": {"uv": [6, 5.5, 6.25, 5.75], "texture": "#3"},
				"west": {"uv": [6, 5.5, 6.25, 5.75], "texture": "#3"},
				"up": {"uv": [6, 5.5, 6.25, 5.75], "texture": "#3"},
				"down": {"uv": [6, 5.5, 6.25, 5.75], "texture": "#3"}
			}
		}
	],
	"display": {
		"thirdperson_righthand": {
			"translation": [0, 0, -0.5]
		},
		"thirdperson_lefthand": {
			"translation": [0, 0, -0.5]
		},
		"gui": {
			"rotation": [-44, -48, -37],
			"translation": [0, -1.25, 0],
			"scale": [0.77, 0.76, 0.76]
		},
		"fixed": {
			"rotation": [0, 0, -25],
			"translation": [0, -2.5, 0]
		}
	},
	"groups": [
		{
			"name": "Staff",
			"origin": [7.53142, 9.93302, 8],
			"children": [0, 1, 2, 3, 4, 5, 6, 7, 8, 9, 10, 11, 12, 13, 14, 15, 16, 17, 18, 19, 20, 21, 22, 23, 24, 25, 26, 27, 28, 29, 30, 31, 32, 33, 34, 35, 36, 37, 38, 39, 40, 41, 42, 43]
		},
		{
			"name": "Gem",
			"origin": [8, 8, 8],
			"children": [44, 45, 46, 47, 48, 49]
		}
	]
}