{
	"credit": "Made by HootlinglyOwl",
	"texture_size": [32, 32],
	"textures": {
		"0": "block/black_wool",
		"1": "block/light_blue_wool",
		"2": "block/red_wool",
		"3": "block/white_wool",
		"4": "block/yellow_wool",
		"particle": "block/black_wool"
	},
	"elements": [
		{
			"from": [9, 0, 7],
			"to": [10, 0, 8],
			"rotation": {"angle": 0, "axis": "y", "origin": [17, 8, 15]},
			"faces": {
				"north": {"uv": [0, 0, 0.5, 0], "texture": "#0"},
				"east": {"uv": [0, 0, 0.5, 0], "texture": "#0"},
				"south": {"uv": [0, 0, 0.5, 0], "texture": "#0"},
				"west": {"uv": [0, 0, 0.5, 0], "texture": "#0"},
				"up": {"uv": [0, 0, 0.5, 0.5], "texture": "#0"},
				"down": {"uv": [0, 0, 0.5, 0.5], "texture": "#0"}
			}
		},
		{
			"from": [7, 0, 7],
			"to": [8, 0, 8],
			"rotation": {"angle": 0, "axis": "y", "origin": [15, 8, 15]},
			"faces": {
				"north": {"uv": [0, 0, 0.5, 0], "texture": "#0"},
				"east": {"uv": [0, 0, 0.5, 0], "texture": "#0"},
				"south": {"uv": [0, 0, 0.5, 0], "texture": "#0"},
				"west": {"uv": [0, 0, 0.5, 0], "texture": "#0"},
				"up": {"uv": [0, 0, 0.5, 0.5], "texture": "#0"},
				"down": {"uv": [0, 0, 0.5, 0.5], "texture": "#0"}
			}
		},
		{
			"from": [7, 0, 8],
			"to": [8, 2, 8],
			"rotation": {"angle": 0, "axis": "y", "origin": [15, 8, 16]},
			"faces": {
				"north": {"uv": [0, 0, 0.5, 1], "texture": "#0"},
				"east": {"uv": [0, 0, 0, 1], "texture": "#0"},
				"south": {"uv": [0, 0, 0.5, 1], "texture": "#0"},
				"west": {"uv": [0, 0, 0, 1], "texture": "#0"},
				"up": {"uv": [0, 0, 0.5, 0], "texture": "#0"},
				"down": {"uv": [0, 0, 0.5, 0], "texture": "#0"}
			}
		},
		{
			"from": [9, 0, 8],
			"to": [10, 2, 8],
			"rotation": {"angle": 0, "axis": "y", "origin": [17, 8, 16]},
			"faces": {
				"north": {"uv": [0, 0, 0.5, 1], "texture": "#0"},
				"east": {"uv": [0, 0, 0, 1], "texture": "#0"},
				"south": {"uv": [0, 0, 0.5, 1], "texture": "#0"},
				"west": {"uv": [0, 0, 0, 1], "texture": "#0"},
				"up": {"uv": [0, 0, 0.5, 0], "texture": "#0"},
				"down": {"uv": [0, 0, 0.5, 0], "texture": "#0"}
			}
		},
		{
			"from": [7, 2, 6],
			"to": [10, 8, 9],
			"rotation": {"angle": -22.5, "axis": "x", "origin": [8.5, 5, 7.5]},
			"faces": {
				"north": {"uv": [0, 0, 3, 6], "texture": "#2"},
				"east": {"uv": [0, 0, 3, 6], "texture": "#2"},
				"south": {"uv": [0, 0, 3, 6], "texture": "#2"},
				"west": {"uv": [0, 0, 1.5, 3], "texture": "#2"},
				"up": {"uv": [0, 0, 3, 3], "texture": "#2"},
				"down": {"uv": [0, 0, 3, 3], "texture": "#2"}
			}
		},
		{
			"from": [10, 3, 6],
			"to": [11, 4, 7],
			"rotation": {"angle": -22.5, "axis": "x", "origin": [10.5, 5.18182, 7.59091]},
			"faces": {
				"north": {"uv": [0, 0, 1.5, 1.5], "texture": "#1"},
				"east": {"uv": [0, 0, 1.5, 1.5], "texture": "#1"},
				"south": {"uv": [0, 0, 1.5, 1.5], "texture": "#1"},
				"west": {"uv": [0, 0, 1.5, 1.5], "texture": "#1"},
				"up": {"uv": [0, 0, 1.5, 1.5], "texture": "#1"},
				"down": {"uv": [0, 0, 1.5, 1.5], "texture": "#1"}
			}
		},
		{
			"from": [10, 3, 7],
			"to": [11, 4, 8],
			"rotation": {"angle": -22.5, "axis": "x", "origin": [10.5, 5.18182, 7.59091]},
			"faces": {
				"north": {"uv": [0, 0, 1.5, 1.5], "texture": "#1"},
				"east": {"uv": [0, 0, 1.5, 1.5], "texture": "#1"},
				"south": {"uv": [0, 0, 1.5, 1.5], "texture": "#1"},
				"west": {"uv": [0, 0, 1.5, 1.5], "texture": "#1"},
				"up": {"uv": [0, 0, 1.5, 1.5], "texture": "#1"},
				"down": {"uv": [0, 0, 1.5, 1.5], "texture": "#1"}
			}
		},
		{
			"from": [10, 3, 8],
			"to": [11, 4, 9],
			"rotation": {"angle": -22.5, "axis": "x", "origin": [10.5, 5.18182, 7.59091]},
			"faces": {
				"north": {"uv": [0, 0, 1.5, 1.5], "texture": "#1"},
				"east": {"uv": [0, 0, 1.5, 1.5], "texture": "#1"},
				"south": {"uv": [0, 0, 1.5, 1.5], "texture": "#1"},
				"west": {"uv": [0, 0, 1.5, 1.5], "texture": "#1"},
				"up": {"uv": [0, 0, 1.5, 1.5], "texture": "#1"},
				"down": {"uv": [0, 0, 1.5, 1.5], "texture": "#1"}
			}
		},
		{
			"from": [10, 4, 8],
			"to": [11, 5, 9],
			"rotation": {"angle": -22.5, "axis": "x", "origin": [10.5, 5.18182, 7.59091]},
			"faces": {
				"north": {"uv": [0, 0, 1.5, 1.5], "texture": "#1"},
				"east": {"uv": [0, 0, 1.5, 1.5], "texture": "#1"},
				"south": {"uv": [0, 0, 1.5, 1.5], "texture": "#1"},
				"west": {"uv": [0, 0, 1.5, 1.5], "texture": "#1"},
				"up": {"uv": [0, 0, 1.5, 1.5], "texture": "#1"},
				"down": {"uv": [0, 0, 0.5, 0.5], "texture": "#1"}
			}
		},
		{
			"from": [10, 4, 6],
			"to": [11, 5, 7],
			"rotation": {"angle": -22.5, "axis": "x", "origin": [10.5, 5.18182, 7.59091]},
			"color": 1,
			"faces": {
				"north": {"uv": [0, 0, 0.5, 0.5], "texture": "#missing"},
				"east": {"uv": [0, 0, 0.5, 0.5], "texture": "#missing"},
				"south": {"uv": [0, 0, 0.5, 0.5], "texture": "#missing"},
				"west": {"uv": [0, 0, 0.5, 0.5], "texture": "#missing"},
				"up": {"uv": [0, 0, 0.5, 0.5], "texture": "#missing"},
				"down": {"uv": [0, 0, 0.5, 0.5], "texture": "#missing"}
			}
		},
		{
			"from": [10, 4, 6],
			"to": [11, 5, 8],
			"rotation": {"angle": -22.5, "axis": "x", "origin": [10.5, 5.18182, 7.59091]},
			"faces": {
				"north": {"uv": [0, 0, 3, 1.5], "texture": "#4"},
				"east": {"uv": [0, 0, 3, 1.5], "texture": "#4"},
				"south": {"uv": [0, 0, 1.5, 1.5], "texture": "#4"},
				"west": {"uv": [0, 0, 3, 1.5], "texture": "#4"},
				"up": {"uv": [0, 0, 0.5, 1], "texture": "#4"},
				"down": {"uv": [0, 0, 0.5, 1], "texture": "#4"}
			}
		},
		{
			"from": [10, 5, 7],
			"to": [11, 6, 9],
			"rotation": {"angle": -22.5, "axis": "x", "origin": [10.5, 5.18182, 7.59091]},
			"faces": {
				"north": {"uv": [0, 0, 1.5, 1.5], "texture": "#4"},
				"east": {"uv": [0, 0, 3, 1.5], "texture": "#4"},
				"south": {"uv": [0, 0, 1.5, 1.5], "texture": "#4"},
				"west": {"uv": [0, 0, 3, 1.5], "texture": "#4"},
				"up": {"uv": [0, 0, 0.5, 1], "texture": "#4"},
				"down": {"uv": [0, 0, 0.5, 1], "texture": "#4"}
			}
		},
		{
			"from": [10, 6, 8],
			"to": [11, 7, 9],
			"rotation": {"angle": -22.5, "axis": "x", "origin": [10.5, 5.18182, 7.59091]},
			"faces": {
				"north": {"uv": [0, 0, 1.5, 1.5], "texture": "#4"},
				"east": {"uv": [0, 0, 1.5, 1.5], "texture": "#4"},
				"south": {"uv": [0, 0, 1.5, 1.5], "texture": "#4"},
				"west": {"uv": [0, 0, 1.5, 1.5], "texture": "#4"},
				"up": {"uv": [0, 0, 1.5, 1.5], "texture": "#4"},
				"down": {"uv": [0, 0, 1.5, 1.5], "texture": "#4"}
			}
		},
		{
			"from": [10, 5, 6],
			"to": [11, 8, 7],
			"rotation": {"angle": -22.5, "axis": "x", "origin": [10.5, 5.18182, 7.59091]},
			"faces": {
				"north": {"uv": [0, 0, 1.5, 4.5], "texture": "#2"},
				"east": {"uv": [0, 0, 1.5, 4.5], "texture": "#2"},
				"south": {"uv": [0, 0, 1.5, 4.5], "texture": "#2"},
				"west": {"uv": [0, 0, 1.5, 4.5], "texture": "#2"},
				"up": {"uv": [0, 0, 1, 1], "texture": "#2"},
				"down": {"uv": [0, 0, 1, 1], "texture": "#2"}
			}
		},
		{
			"from": [10, 6, 7],
			"to": [11, 8, 8],
			"rotation": {"angle": -22.5, "axis": "x", "origin": [10.5, 5.18182, 7.59091]},
			"faces": {
				"north": {"uv": [0, 0, 1.5, 3], "texture": "#2"},
				"east": {"uv": [0, 0, 1.5, 3], "texture": "#2"},
				"south": {"uv": [0, 0, 1.5, 3], "texture": "#2"},
				"west": {"uv": [0, 0, 1.5, 3], "texture": "#2"},
				"up": {"uv": [0, 0, 1.5, 1.5], "texture": "#2"},
				"down": {"uv": [0, 0, 1.5, 1.5], "texture": "#2"}
			}
		},
		{
			"from": [10, 7, 8],
			"to": [11, 8, 9],
			"rotation": {"angle": -22.5, "axis": "x", "origin": [10.5, 5.18182, 7.59091]},
			"faces": {
				"north": {"uv": [0, 0, 1.5, 1.5], "texture": "#2"},
				"east": {"uv": [0, 0, 1.5, 1.5], "texture": "#2"},
				"south": {"uv": [0, 0, 1.5, 1.5], "texture": "#2"},
				"west": {"uv": [0, 0, 1.5, 1.5], "texture": "#2"},
				"up": {"uv": [0, 0, 1.5, 1.5], "texture": "#2"},
				"down": {"uv": [0, 0, 1.5, 1.5], "texture": "#2"}
			}
		},
		{
			"from": [7, 8, 7],
			"to": [10, 12, 8],
			"rotation": {"angle": 0, "axis": "y", "origin": [16, 16, 15]},
			"faces": {
				"north": {"uv": [0, 0, 4.5, 4.5], "texture": "#2"},
				"east": {"uv": [0, 0, 1.5, 4.5], "texture": "#2"},
				"south": {"uv": [0, 0, 4.5, 4.5], "texture": "#2"},
				"west": {"uv": [0, 0, 1.5, 4.5], "texture": "#2"},
				"up": {"uv": [0, 0, 4.5, 1.5], "texture": "#2"},
				"down": {"uv": [0, 0, 4.5, 1.5], "texture": "#2"}
			}
		},
		{
			"from": [7, 11, 5],
			"to": [10, 12, 7],
			"rotation": {"angle": 0, "axis": "y", "origin": [16, 17, 14]},
			"faces": {
				"north": {"uv": [0, 0, 4.5, 1.5], "texture": "#2"},
				"east": {"uv": [0, 0, 3, 1.5], "texture": "#2"},
				"south": {"uv": [0, 0, 4.5, 1.5], "texture": "#2"},
				"west": {"uv": [0, 0, 3, 1.5], "texture": "#2"},
				"up": {"uv": [0, 0, 4.5, 3], "texture": "#2"},
				"down": {"uv": [0, 0, 4.5, 3], "texture": "#2"}
			}
		},
		{
			"from": [8, 12, 5],
			"to": [9, 13, 6],
			"rotation": {"angle": 0, "axis": "y", "origin": [16, 18, 14]},
			"faces": {
				"north": {"uv": [0, 0, 4.5, 1.5], "texture": "#2"},
				"east": {"uv": [0, 0, 3, 1.5], "texture": "#2"},
				"south": {"uv": [0, 0, 4.5, 1.5], "texture": "#2"},
				"west": {"uv": [0, 0, 3, 1.5], "texture": "#2"},
				"up": {"uv": [0, 0, 4.5, 3], "texture": "#2"},
				"down": {"uv": [0, 0, 4.5, 3], "texture": "#2"}
			}
		},
		{
			"from": [8, 12, 6],
			"to": [9, 13, 7],
			"rotation": {"angle": 0, "axis": "y", "origin": [16, 18, 15]},
			"faces": {
				"north": {"uv": [0, 0, 4.5, 1.5], "texture": "#1"},
				"east": {"uv": [0, 0, 3, 1.5], "texture": "#1"},
				"south": {"uv": [0, 0, 4.5, 1.5], "texture": "#1"},
				"west": {"uv": [0, 0, 3, 1.5], "texture": "#1"},
				"up": {"uv": [0, 0, 4.5, 3], "texture": "#1"},
				"down": {"uv": [0, 0, 4.5, 3], "texture": "#1"}
			}
		},
		{
			"from": [8, 12, 7],
			"to": [9, 13, 8],
			"rotation": {"angle": 0, "axis": "y", "origin": [16, 18, 16]},
			"faces": {
				"north": {"uv": [0, 0, 4.5, 1.5], "texture": "#4"},
				"east": {"uv": [0, 0, 3, 1.5], "texture": "#4"},
				"south": {"uv": [0, 0, 4.5, 1.5], "texture": "#4"},
				"west": {"uv": [0, 0, 3, 1.5], "texture": "#4"},
				"up": {"uv": [0, 0, 4.5, 3], "texture": "#4"},
				"down": {"uv": [0, 0, 4.5, 3], "texture": "#4"}
			}
		},
		{
			"from": [8, 11, 8],
			"to": [9, 12, 9],
			"rotation": {"angle": 0, "axis": "y", "origin": [16, 17, 17]},
			"faces": {
				"north": {"uv": [0, 0, 4.5, 1.5], "texture": "#1"},
				"east": {"uv": [0, 0, 3, 1.5], "texture": "#1"},
				"south": {"uv": [0, 0, 4.5, 1.5], "texture": "#1"},
				"west": {"uv": [0, 0, 3, 1.5], "texture": "#1"},
				"up": {"uv": [0, 0, 4.5, 3], "texture": "#1"},
				"down": {"uv": [0, 0, 4.5, 3], "texture": "#1"}
			}
		},
		{
			"from": [8, 10, 8],
			"to": [9, 11, 9],
			"rotation": {"angle": 0, "axis": "y", "origin": [16, 16, 17]},
			"faces": {
				"north": {"uv": [0, 0, 4.5, 1.5], "texture": "#2"},
				"east": {"uv": [0, 0, 3, 1.5], "texture": "#2"},
				"south": {"uv": [0, 0, 4.5, 1.5], "texture": "#2"},
				"west": {"uv": [0, 0, 3, 1.5], "texture": "#2"},
				"up": {"uv": [0, 0, 4.5, 3], "texture": "#2"},
				"down": {"uv": [0, 0, 4.5, 3], "texture": "#2"}
			}
		},
		{
			"from": [7, 8, 6],
			"to": [10, 9, 7],
			"rotation": {"angle": 0, "axis": "y", "origin": [16, 14, 14]},
			"faces": {
				"north": {"uv": [0, 0, 4.5, 1.5], "texture": "#2"},
				"east": {"uv": [0, 0, 3, 1.5], "texture": "#2"},
				"south": {"uv": [0, 0, 4.5, 1.5], "texture": "#2"},
				"west": {"uv": [0, 0, 3, 1.5], "texture": "#2"},
				"up": {"uv": [0, 0, 4.5, 3], "texture": "#2"},
				"down": {"uv": [0, 0, 4.5, 3], "texture": "#2"}
			}
		},
		{
			"from": [7, 9, 6],
			"to": [10, 10, 7],
			"rotation": {"angle": 0, "axis": "y", "origin": [16, 16, 14]},
			"faces": {
				"north": {"uv": [0, 0, 4.5, 1.5], "texture": "#3"},
				"east": {"uv": [0, 0, 1.5, 1.5], "texture": "#3"},
				"south": {"uv": [0, 0, 4.5, 1.5], "texture": "#3"},
				"west": {"uv": [0, 0, 1.5, 1.5], "texture": "#3"},
				"up": {"uv": [0, 0, 4.5, 1.5], "texture": "#3"},
				"down": {"uv": [0, 0, 4.5, 1.5], "texture": "#3"}
			}
		},
		{
			"from": [7, 10, 6],
			"to": [10, 11, 7],
			"rotation": {"angle": 0, "axis": "y", "origin": [16, 17, 14]},
			"faces": {
				"north": {"uv": [0, 0, 1.5, 0.5], "texture": "#0"},
				"east": {"uv": [0, 0, 0.5, 0.5], "texture": "#0"},
				"south": {"uv": [0, 0, 1.5, 0.5], "texture": "#0"},
				"west": {"uv": [0, 0, 0.5, 0.5], "texture": "#0"},
				"up": {"uv": [0, 0, 1.5, 0.5], "texture": "#0"},
				"down": {"uv": [0, 0, 1.5, 0.5], "texture": "#0"}
			}
		},
		{
			"from": [8, 10, 5],
			"to": [9, 11, 6],
			"rotation": {"angle": 0, "axis": "y", "origin": [16, 16, 13]},
			"faces": {
				"north": {"uv": [0, 0, 1.5, 1.5], "texture": "#0"},
				"east": {"uv": [0, 0, 1.5, 1.5], "texture": "#0"},
				"south": {"uv": [0, 0, 1.5, 1.5], "texture": "#0"},
				"west": {"uv": [0, 0, 1.5, 1.5], "texture": "#0"},
				"up": {"uv": [0, 0, 1.5, 1.5], "texture": "#0"},
				"down": {"uv": [0, 0, 0.5, 0.5], "texture": "#0"}
			}
		},
		{
			"from": [8, 9, 5],
			"to": [9, 10, 6],
			"rotation": {"angle": 0, "axis": "y", "origin": [16, 15, 13]},
			"faces": {
				"north": {"uv": [0, 0, 1.5, 1.5], "texture": "#0"},
				"east": {"uv": [0, 0, 1.5, 1.5], "texture": "#0"},
				"south": {"uv": [0, 0, 1.5, 1.5], "texture": "#0"},
				"west": {"uv": [0, 0, 1.5, 1.5], "texture": "#0"},
				"up": {"uv": [0, 0, 1.5, 1.5], "texture": "#0"},
				"down": {"uv": [0, 0, 1.5, 1.5], "texture": "#0"}
			}
		},
		{
			"from": [6, 3, 6],
			"to": [7, 4, 7],
			"rotation": {"angle": -22.5, "axis": "x", "origin": [6.5, 5.18182, 7.59091]},
			"faces": {
				"north": {"uv": [0, 0, 1.5, 1.5], "texture": "#1"},
				"east": {"uv": [0, 0, 1.5, 1.5], "texture": "#1"},
				"south": {"uv": [0, 0, 1.5, 1.5], "texture": "#1"},
				"west": {"uv": [0, 0, 1.5, 1.5], "texture": "#1"},
				"up": {"uv": [0, 0, 1.5, 1.5], "texture": "#1"},
				"down": {"uv": [0, 0, 1.5, 1.5], "texture": "#1"}
			}
		},
		{
			"from": [6, 3, 7],
			"to": [7, 4, 8],
			"rotation": {"angle": -22.5, "axis": "x", "origin": [6.5, 5.18182, 7.59091]},
			"faces": {
				"north": {"uv": [0, 0, 1.5, 1.5], "texture": "#1"},
				"east": {"uv": [0, 0, 1.5, 1.5], "texture": "#1"},
				"south": {"uv": [0, 0, 1.5, 1.5], "texture": "#1"},
				"west": {"uv": [0, 0, 1.5, 1.5], "texture": "#1"},
				"up": {"uv": [0, 0, 1.5, 1.5], "texture": "#1"},
				"down": {"uv": [0, 0, 1.5, 1.5], "texture": "#1"}
			}
		},
		{
			"from": [6, 3, 8],
			"to": [7, 4, 9],
			"rotation": {"angle": -22.5, "axis": "x", "origin": [6.5, 5.18182, 7.59091]},
			"faces": {
				"north": {"uv": [0, 0, 1.5, 1.5], "texture": "#1"},
				"east": {"uv": [0, 0, 1.5, 1.5], "texture": "#1"},
				"south": {"uv": [0, 0, 1.5, 1.5], "texture": "#1"},
				"west": {"uv": [0, 0, 1.5, 1.5], "texture": "#1"},
				"up": {"uv": [0, 0, 1.5, 1.5], "texture": "#1"},
				"down": {"uv": [0, 0, 1.5, 1.5], "texture": "#1"}
			}
		},
		{
			"from": [6, 4, 8],
			"to": [7, 5, 9],
			"rotation": {"angle": -22.5, "axis": "x", "origin": [6.5, 5.18182, 7.59091]},
			"faces": {
				"north": {"uv": [0, 0, 1.5, 1.5], "texture": "#1"},
				"east": {"uv": [0, 0, 1.5, 1.5], "texture": "#1"},
				"south": {"uv": [0, 0, 1.5, 1.5], "texture": "#1"},
				"west": {"uv": [0, 0, 1.5, 1.5], "texture": "#1"},
				"up": {"uv": [0, 0, 1.5, 1.5], "texture": "#1"},
				"down": {"uv": [0, 0, 0.5, 0.5], "texture": "#1"}
			}
		},
		{
			"from": [6, 4, 6],
			"to": [7, 5, 7],
			"rotation": {"angle": -22.5, "axis": "x", "origin": [6.5, 5.18182, 7.59091]},
			"color": 1,
			"faces": {
				"north": {"uv": [0, 0, 0.5, 0.5], "texture": "#missing"},
				"east": {"uv": [0, 0, 0.5, 0.5], "texture": "#missing"},
				"south": {"uv": [0, 0, 0.5, 0.5], "texture": "#missing"},
				"west": {"uv": [0, 0, 0.5, 0.5], "texture": "#missing"},
				"up": {"uv": [0, 0, 0.5, 0.5], "texture": "#missing"},
				"down": {"uv": [0, 0, 0.5, 0.5], "texture": "#missing"}
			}
		},
		{
			"from": [6, 4, 6],
			"to": [7, 5, 8],
			"rotation": {"angle": -22.5, "axis": "x", "origin": [6.5, 5.18182, 7.59091]},
			"faces": {
				"north": {"uv": [0, 0, 3, 1.5], "texture": "#4"},
				"east": {"uv": [0, 0, 3, 1.5], "texture": "#4"},
				"south": {"uv": [0, 0, 1.5, 1.5], "texture": "#4"},
				"west": {"uv": [0, 0, 3, 1.5], "texture": "#4"},
				"up": {"uv": [0, 0, 0.5, 1], "texture": "#4"},
				"down": {"uv": [0, 0, 0.5, 1], "texture": "#4"}
			}
		},
		{
			"from": [6, 5, 7],
			"to": [7, 6, 9],
			"rotation": {"angle": -22.5, "axis": "x", "origin": [6.5, 5.18182, 7.59091]},
			"faces": {
				"north": {"uv": [0, 0, 1.5, 1.5], "texture": "#4"},
				"east": {"uv": [0, 0, 3, 1.5], "texture": "#4"},
				"south": {"uv": [0, 0, 1.5, 1.5], "texture": "#4"},
				"west": {"uv": [0, 0, 3, 1.5], "texture": "#4"},
				"up": {"uv": [0, 0, 0.5, 1], "texture": "#4"},
				"down": {"uv": [0, 0, 0.5, 1], "texture": "#4"}
			}
		},
		{
			"from": [6, 6, 8],
			"to": [7, 7, 9],
			"rotation": {"angle": -22.5, "axis": "x", "origin": [6.5, 5.18182, 7.59091]},
			"faces": {
				"north": {"uv": [0, 0, 1.5, 1.5], "texture": "#4"},
				"east": {"uv": [0, 0, 1.5, 1.5], "texture": "#4"},
				"south": {"uv": [0, 0, 1.5, 1.5], "texture": "#4"},
				"west": {"uv": [0, 0, 1.5, 1.5], "texture": "#4"},
				"up": {"uv": [0, 0, 1.5, 1.5], "texture": "#4"},
				"down": {"uv": [0, 0, 1.5, 1.5], "texture": "#4"}
			}
		},
		{
			"from": [6, 5, 6],
			"to": [7, 8, 7],
			"rotation": {"angle": -22.5, "axis": "x", "origin": [6.5, 5.18182, 7.59091]},
			"faces": {
				"north": {"uv": [0, 0, 1.5, 4.5], "texture": "#2"},
				"east": {"uv": [0, 0, 1.5, 4.5], "texture": "#2"},
				"south": {"uv": [0, 0, 1.5, 4.5], "texture": "#2"},
				"west": {"uv": [0, 0, 1.5, 4.5], "texture": "#2"},
				"up": {"uv": [0, 0, 1, 1], "texture": "#2"},
				"down": {"uv": [0, 0, 1, 1], "texture": "#2"}
			}
		},
		{
			"from": [6, 6, 7],
			"to": [7, 8, 8],
			"rotation": {"angle": -22.5, "axis": "x", "origin": [6.5, 5.18182, 7.59091]},
			"faces": {
				"north": {"uv": [0, 0, 1.5, 3], "texture": "#2"},
				"east": {"uv": [0, 0, 1.5, 3], "texture": "#2"},
				"south": {"uv": [0, 0, 1.5, 3], "texture": "#2"},
				"west": {"uv": [0, 0, 1.5, 3], "texture": "#2"},
				"up": {"uv": [0, 0, 1.5, 1.5], "texture": "#2"},
				"down": {"uv": [0, 0, 1.5, 1.5], "texture": "#2"}
			}
		},
		{
			"from": [6, 7, 8],
			"to": [7, 8, 9],
			"rotation": {"angle": -22.5, "axis": "x", "origin": [6.5, 5.18182, 7.59091]},
			"faces": {
				"north": {"uv": [0, 0, 1.5, 1.5], "texture": "#2"},
				"east": {"uv": [0, 0, 1.5, 1.5], "texture": "#2"},
				"south": {"uv": [0, 0, 1.5, 1.5], "texture": "#2"},
				"west": {"uv": [0, 0, 1.5, 1.5], "texture": "#2"},
				"up": {"uv": [0, 0, 1.5, 1.5], "texture": "#2"},
				"down": {"uv": [0, 0, 1.5, 1.5], "texture": "#2"}
			}
		},
		{
			"from": [6.90909, 2.68182, 12.77273],
			"to": [7.90909, 3.68182, 13.77273],
			"rotation": {"angle": 22.5, "axis": "x", "origin": [8.5, 3.18182, 11.59091]},
			"faces": {
				"north": {"uv": [0, 0, 1.5, 1.5], "rotation": 90, "texture": "#1"},
				"east": {"uv": [0, 0, 1.5, 1.5], "rotation": 90, "texture": "#1"},
				"south": {"uv": [0, 0, 1.5, 1.5], "rotation": 90, "texture": "#1"},
				"west": {"uv": [0, 0, 1.5, 1.5], "rotation": 270, "texture": "#1"},
				"up": {"uv": [0, 0, 1.5, 1.5], "texture": "#1"},
				"down": {"uv": [0, 0, 1.5, 1.5], "rotation": 180, "texture": "#1"}
			}
		},
		{
			"from": [7.90909, 2.68182, 12.77273],
			"to": [8.90909, 3.68182, 13.77273],
			"rotation": {"angle": 22.5, "axis": "x", "origin": [8.5, 3.18182, 11.59091]},
			"faces": {
				"north": {"uv": [0, 0, 1.5, 1.5], "rotation": 90, "texture": "#1"},
				"east": {"uv": [0, 0, 1.5, 1.5], "rotation": 90, "texture": "#1"},
				"south": {"uv": [0, 0, 1.5, 1.5], "rotation": 90, "texture": "#1"},
				"west": {"uv": [0, 0, 1.5, 1.5], "rotation": 270, "texture": "#1"},
				"up": {"uv": [0, 0, 1.5, 1.5], "texture": "#1"},
				"down": {"uv": [0, 0, 1.5, 1.5], "rotation": 180, "texture": "#1"}
			}
		},
		{
			"from": [8.90909, 2.68182, 12.77273],
			"to": [9.90909, 3.68182, 13.77273],
			"rotation": {"angle": 22.5, "axis": "x", "origin": [8.5, 3.18182, 11.59091]},
			"faces": {
				"north": {"uv": [0, 0, 1.5, 1.5], "rotation": 90, "texture": "#1"},
				"east": {"uv": [0, 0, 1.5, 1.5], "rotation": 90, "texture": "#1"},
				"south": {"uv": [0, 0, 1.5, 1.5], "rotation": 90, "texture": "#1"},
				"west": {"uv": [0, 0, 1.5, 1.5], "rotation": 270, "texture": "#1"},
				"up": {"uv": [0, 0, 1.5, 1.5], "texture": "#1"},
				"down": {"uv": [0, 0, 1.5, 1.5], "rotation": 180, "texture": "#1"}
			}
		},
		{
			"from": [8.90909, 2.68182, 11.77273],
			"to": [9.90909, 3.68182, 12.77273],
			"rotation": {"angle": 22.5, "axis": "x", "origin": [8.5, 3.18182, 11.59091]},
			"faces": {
				"north": {"uv": [0, 0, 1.5, 1.5], "rotation": 90, "texture": "#1"},
				"east": {"uv": [0, 0, 1.5, 1.5], "rotation": 90, "texture": "#1"},
				"south": {"uv": [0, 0, 0.5, 0.5], "rotation": 90, "texture": "#1"},
				"west": {"uv": [0, 0, 1.5, 1.5], "rotation": 270, "texture": "#1"},
				"up": {"uv": [0, 0, 1.5, 1.5], "texture": "#1"},
				"down": {"uv": [0, 0, 1.5, 1.5], "rotation": 180, "texture": "#1"}
			}
		},
		{
			"from": [6.90909, 2.68182, 11.77273],
			"to": [7.90909, 3.68182, 12.77273],
			"rotation": {"angle": 22.5, "axis": "x", "origin": [8.5, 3.18182, 11.59091]},
			"color": 1,
			"faces": {
				"north": {"uv": [0, 0, 0.5, 0.5], "rotation": 90, "texture": "#missing"},
				"east": {"uv": [0, 0, 0.5, 0.5], "rotation": 90, "texture": "#missing"},
				"south": {"uv": [0, 0, 0.5, 0.5], "rotation": 90, "texture": "#missing"},
				"west": {"uv": [0, 0, 0.5, 0.5], "rotation": 270, "texture": "#missing"},
				"up": {"uv": [0, 0, 0.5, 0.5], "texture": "#missing"},
				"down": {"uv": [0, 0, 0.5, 0.5], "rotation": 180, "texture": "#missing"}
			}
		},
		{
			"from": [6.90909, 2.68182, 11.77273],
			"to": [8.90909, 3.68182, 12.77273],
			"rotation": {"angle": 22.5, "axis": "x", "origin": [8.5, 3.18182, 11.59091]},
			"faces": {
				"north": {"uv": [0, 0, 0.5, 1], "rotation": 90, "texture": "#4"},
				"east": {"uv": [0, 0, 1.5, 1.5], "rotation": 90, "texture": "#4"},
				"south": {"uv": [0, 0, 0.5, 1], "rotation": 90, "texture": "#4"},
				"west": {"uv": [0, 0, 3, 1.5], "rotation": 270, "texture": "#4"},
				"up": {"uv": [0, 0, 3, 1.5], "texture": "#4"},
				"down": {"uv": [0, 0, 3, 1.5], "rotation": 180, "texture": "#4"}
			}
		},
		{
			"from": [7.90909, 2.68182, 10.77273],
			"to": [9.90909, 3.68182, 11.77273],
			"rotation": {"angle": 22.5, "axis": "x", "origin": [8.5, 3.18182, 11.59091]},
			"faces": {
				"north": {"uv": [0, 0, 0.5, 1], "rotation": 90, "texture": "#4"},
				"east": {"uv": [0, 0, 1.5, 1.5], "rotation": 90, "texture": "#4"},
				"south": {"uv": [0, 0, 0.5, 1], "rotation": 90, "texture": "#4"},
				"west": {"uv": [0, 0, 1.5, 1.5], "rotation": 270, "texture": "#4"},
				"up": {"uv": [0, 0, 3, 1.5], "texture": "#4"},
				"down": {"uv": [0, 0, 3, 1.5], "rotation": 180, "texture": "#4"}
			}
		},
		{
			"from": [8.90909, 2.68182, 9.77273],
			"to": [9.90909, 3.68182, 10.77273],
			"rotation": {"angle": 22.5, "axis": "x", "origin": [8.5, 3.18182, 11.59091]},
			"faces": {
				"north": {"uv": [0, 0, 1.5, 1.5], "rotation": 90, "texture": "#4"},
				"east": {"uv": [0, 0, 1.5, 1.5], "rotation": 90, "texture": "#4"},
				"south": {"uv": [0, 0, 1.5, 1.5], "rotation": 90, "texture": "#4"},
				"west": {"uv": [0, 0, 1.5, 1.5], "rotation": 270, "texture": "#4"},
				"up": {"uv": [0, 0, 1.5, 1.5], "texture": "#4"},
				"down": {"uv": [0, 0, 1.5, 1.5], "rotation": 180, "texture": "#4"}
			}
		},
		{
			"from": [6.90909, 2.68182, 8.77273],
			"to": [7.90909, 3.68182, 11.77273],
			"rotation": {"angle": 22.5, "axis": "x", "origin": [8.5, 3.18182, 11.59091]},
			"faces": {
				"north": {"uv": [0, 0, 1, 1], "rotation": 90, "texture": "#2"},
				"east": {"uv": [0, 0, 1.5, 4.5], "rotation": 90, "texture": "#2"},
				"south": {"uv": [0, 0, 1, 1], "rotation": 90, "texture": "#2"},
				"west": {"uv": [0, 0, 1.5, 4.5], "rotation": 270, "texture": "#2"},
				"up": {"uv": [0, 0, 1.5, 4.5], "texture": "#2"},
				"down": {"uv": [0, 0, 1.5, 4.5], "rotation": 180, "texture": "#2"}
			}
		},
		{
			"from": [7.90909, 2.68182, 8.77273],
			"to": [8.90909, 3.68182, 10.77273],
			"rotation": {"angle": 22.5, "axis": "x", "origin": [8.5, 3.18182, 11.59091]},
			"faces": {
				"north": {"uv": [0, 0, 1.5, 1.5], "rotation": 90, "texture": "#2"},
				"east": {"uv": [0, 0, 1.5, 3], "rotation": 90, "texture": "#2"},
				"south": {"uv": [0, 0, 1.5, 1.5], "rotation": 90, "texture": "#2"},
				"west": {"uv": [0, 0, 1.5, 3], "rotation": 270, "texture": "#2"},
				"up": {"uv": [0, 0, 1.5, 3], "texture": "#2"},
				"down": {"uv": [0, 0, 1.5, 3], "rotation": 180, "texture": "#2"}
			}
		},
		{
			"from": [8.90909, 2.68182, 8.77273],
			"to": [9.90909, 3.68182, 9.77273],
			"rotation": {"angle": 22.5, "axis": "x", "origin": [8.5, 3.18182, 11.59091]},
			"faces": {
				"north": {"uv": [0, 0, 1.5, 1.5], "rotation": 90, "texture": "#2"},
				"east": {"uv": [0, 0, 1.5, 1.5], "rotation": 90, "texture": "#2"},
				"south": {"uv": [0, 0, 1.5, 1.5], "rotation": 90, "texture": "#2"},
				"west": {"uv": [0, 0, 1.5, 1.5], "rotation": 270, "texture": "#2"},
				"up": {"uv": [0, 0, 1.5, 1.5], "texture": "#2"},
				"down": {"uv": [0, 0, 1.5, 1.5], "rotation": 180, "texture": "#2"}
			}
		}
	],
	"display": {
		"thirdperson_righthand": {
			"rotation": [58, 4, -7],
			"translation": [0.75, -0.5, 0.5]
		},
		"head": {
			"translation": [9.5, 1.5, 0]
		}
	},
	"groups": [
		{
			"name": "legs",
			"origin": [17, 8, 16],
			"children": [0, 1, 2, 3]
		}, 4,
		{
			"name": "WING",
			"origin": [8, 10, 10],
			"children": [5, 6, 7, 8, 9, 10, 11, 12, 13, 14, 15]
		},
		{
			"name": "face",
			"origin": [15, 17, 13],
			"children": [16, 17, 18, 19, 20, 21, 22, 23, 24, 25, 26, 27]
		},
		{
			"name": "WING",
			"origin": [8, 10, 10],
			"children": [28, 29, 30, 31, 32, 33, 34, 35, 36, 37, 38]
		},
		{
			"name": "Tail",
			"origin": [8, 10, 10],
			"children": [39, 40, 41, 42, 43, 44, 45, 46, 47, 48, 49]
		}
	]
}
