{
	"credit": "Made by HootlinglyOwl",
	"textures": {
		"0": "block/anvil",
		"1": "block/brown_wool",
		"2": "block/smooth_stone",
		"particle": "block/anvil"
	},
	"elements": [
		{
			"from": [2, 12, 20],
			"to": [5, 14, 21],
			"rotation": {"angle": 0, "axis": "y", "origin": [2, 12, 20]},
			"faces": {
				"north": {"uv": [0, 0, 1.5, 1], "texture": "#2"},
				"east": {"uv": [0, 0, 0.5, 1], "texture": "#2"},
				"south": {"uv": [0, 0, 1.5, 1], "texture": "#2"},
				"west": {"uv": [0, 0, 0.5, 1], "texture": "#2"},
				"up": {"uv": [0, 0, 1.5, 0.5], "texture": "#2"},
				"down": {"uv": [0, 0, 1.5, 0.5], "texture": "#2"}
			}
		},
		{
			"from": [1, 9, 20],
			"to": [6, 12, 21],
			"rotation": {"angle": 0, "axis": "y", "origin": [2, 9, 20]},
			"faces": {
				"north": {"uv": [0, 0, 2.5, 1.5], "texture": "#2"},
				"east": {"uv": [0, 0, 0.5, 1.5], "texture": "#2"},
				"south": {"uv": [0, 0, 2.5, 1.5], "texture": "#2"},
				"west": {"uv": [0, 0, 0.5, 1.5], "texture": "#2"},
				"up": {"uv": [0, 0, 2.5, 0.5], "texture": "#2"},
				"down": {"uv": [0, 0, 2.5, 0.5], "texture": "#2"}
			}
		},
		{
			"from": [0, 7, 20],
			"to": [7, 9, 21],
			"rotation": {"angle": 0, "axis": "y", "origin": [2, 7, 20]},
			"faces": {
				"north": {"uv": [0, 0, 3.5, 1], "texture": "#2"},
				"east": {"uv": [0, 0, 0.5, 1], "texture": "#2"},
				"south": {"uv": [0, 0, 3.5, 1], "texture": "#2"},
				"west": {"uv": [0, 0, 0.5, 1], "texture": "#2"},
				"up": {"uv": [0, 0, 3.5, 0.5], "texture": "#2"},
				"down": {"uv": [0, 0, 3.5, 0.5], "texture": "#2"}
			}
		},
		{
			"from": [0, 6, 21],
			"to": [7, 7, 22],
			"rotation": {"angle": 0, "axis": "y", "origin": [2, 6, 21]},
			"faces": {
				"north": {"uv": [0, 0, 3.5, 0.5], "texture": "#2"},
				"east": {"uv": [0, 0, 0.5, 0.5], "texture": "#2"},
				"south": {"uv": [0, 0, 3.5, 0.5], "texture": "#2"},
				"west": {"uv": [0, 0, 0.5, 0.5], "texture": "#2"},
				"up": {"uv": [0, 0, 3.5, 0.5], "texture": "#2"},
				"down": {"uv": [0, 0, 3.5, 0.5], "texture": "#2"}
			}
		},
		{
			"from": [1, 5, 22],
			"to": [6, 6, 24],
			"rotation": {"angle": 0, "axis": "y", "origin": [2, 5, 23]},
			"faces": {
				"north": {"uv": [0, 0, 2.5, 0.5], "texture": "#2"},
				"east": {"uv": [0, 0, 1, 0.5], "texture": "#2"},
				"south": {"uv": [0, 0, 2.5, 0.5], "texture": "#2"},
				"west": {"uv": [0, 0, 1, 0.5], "texture": "#2"},
				"up": {"uv": [0, 0, 2.5, 1], "texture": "#2"},
				"down": {"uv": [0, 0, 2.5, 1], "texture": "#2"}
			}
		},
		{
			"from": [1, 5, 24],
			"to": [6, 6, 26],
			"rotation": {"angle": 0, "axis": "y", "origin": [2, 5, 25]},
			"faces": {
				"north": {"uv": [0, 0, 2.5, 0.5], "texture": "#2"},
				"east": {"uv": [0, 0, 1, 0.5], "texture": "#2"},
				"south": {"uv": [0, 0, 2.5, 0.5], "texture": "#2"},
				"west": {"uv": [0, 0, 1, 0.5], "texture": "#2"},
				"up": {"uv": [0, 0, 2.5, 1], "texture": "#2"},
				"down": {"uv": [0, 0, 2.5, 1], "texture": "#2"}
			}
		},
		{
			"from": [2, 5, 26],
			"to": [5, 6, 28],
			"rotation": {"angle": 0, "axis": "y", "origin": [2, 5, 27]},
			"faces": {
				"north": {"uv": [0, 0, 1.5, 0.5], "texture": "#2"},
				"east": {"uv": [0, 0, 1, 0.5], "texture": "#2"},
				"south": {"uv": [0, 0, 1.5, 0.5], "texture": "#2"},
				"west": {"uv": [0, 0, 1, 0.5], "texture": "#2"},
				"up": {"uv": [0, 0, 1.5, 1], "texture": "#2"},
				"down": {"uv": [0, 0, 1.5, 1], "texture": "#2"}
			}
		},
		{
			"from": [2, 6, 28],
			"to": [5, 7, 29],
			"rotation": {"angle": 0, "axis": "y", "origin": [2, 6, 28]},
			"faces": {
				"north": {"uv": [0, 0, 1.5, 0.5], "texture": "#2"},
				"east": {"uv": [0, 0, 0.5, 0.5], "texture": "#2"},
				"south": {"uv": [0, 0, 1.5, 0.5], "texture": "#2"},
				"west": {"uv": [0, 0, 0.5, 0.5], "texture": "#2"},
				"up": {"uv": [0, 0, 1.5, 0.5], "texture": "#2"},
				"down": {"uv": [0, 0, 1.5, 0.5], "texture": "#2"}
			}
		},
		{
			"from": [2, 7, 29],
			"to": [5, 12, 30],
			"rotation": {"angle": 0, "axis": "y", "origin": [3, 9, 29]},
			"faces": {
				"north": {"uv": [0, 0, 1.5, 2.5], "texture": "#2"},
				"east": {"uv": [0, 0, 0.5, 2.5], "texture": "#2"},
				"south": {"uv": [0, 0, 1.5, 2.5], "texture": "#2"},
				"west": {"uv": [0, 0, 0.5, 2.5], "texture": "#2"},
				"up": {"uv": [0, 0, 1.5, 0.5], "texture": "#2"},
				"down": {"uv": [0, 0, 1.5, 0.5], "texture": "#2"}
			}
		},
		{
			"from": [2, 9, 30],
			"to": [5, 11, 31],
			"rotation": {"angle": 0, "axis": "z", "origin": [3, 10, 31.5]},
			"faces": {
				"north": {"uv": [0, 0, 1.5, 1], "texture": "#1"},
				"east": {"uv": [0, 0, 0.5, 1], "texture": "#1"},
				"south": {"uv": [0, 0, 1.5, 1], "texture": "#1"},
				"west": {"uv": [0, 0, 0.5, 1], "texture": "#1"},
				"up": {"uv": [0, 0, 1.5, 0.5], "texture": "#1"},
				"down": {"uv": [0, 0, 1.5, 0.5], "texture": "#1"}
			}
		},
		{
			"from": [2, 9, 21],
			"to": [5, 11, 29],
			"rotation": {"angle": 0, "axis": "y", "origin": [0, 9, 28]},
			"faces": {
				"north": {"uv": [0, 0, 1.5, 1], "texture": "#1"},
				"east": {"uv": [0, 0, 4, 1], "texture": "#1"},
				"south": {"uv": [0, 0, 1.5, 1], "texture": "#1"},
				"west": {"uv": [0, 0, 4, 1], "texture": "#1"},
				"up": {"uv": [0, 0, 1.5, 4], "texture": "#1"},
				"down": {"uv": [0, 0, 1.5, 4], "texture": "#1"}
			}
		},
		{
			"from": [3, 10.94495, -15.10973],
			"to": [4, 11.94495, -14.10973],
			"rotation": {"angle": 0, "axis": "x", "origin": [3.5, 11.44495, -14.60973]},
			"faces": {
				"north": {"uv": [0, 0, 0.5, 0.5], "rotation": 180, "texture": "#0"},
				"east": {"uv": [0, 0, 0.5, 0.5], "rotation": 270, "texture": "#0"},
				"south": {"uv": [0, 0, 0.5, 0.5], "texture": "#0"},
				"west": {"uv": [0, 0, 0.5, 0.5], "rotation": 90, "texture": "#0"},
				"up": {"uv": [0, 0, 0.5, 0.5], "rotation": 180, "texture": "#0"},
				"down": {"uv": [0, 0, 0.5, 0.5], "texture": "#0"}
			}
		},
		{
			"from": [3, 10.09139, -15.04907],
			"to": [4, 11.09139, -13.04907],
			"rotation": {"angle": 45, "axis": "x", "origin": [3.5, 10.59139, -14.04907]},
			"faces": {
				"north": {"uv": [0, 0, 0.5, 0.5], "texture": "#0"},
				"east": {"uv": [0, 0, 1, 0.5], "texture": "#0"},
				"south": {"uv": [0, 0, 0.5, 0.5], "texture": "#0"},
				"west": {"uv": [0, 0, 1, 0.5], "texture": "#0"},
				"up": {"uv": [0, 0, 0.5, 1], "texture": "#0"},
				"down": {"uv": [0, 0, 0.5, 1], "texture": "#0"}
			}
		},
		{
			"from": [3, 10.38429, -15.34196],
			"to": [4, 11.38429, -11.34196],
			"rotation": {"angle": 45, "axis": "x", "origin": [3.5, 10.88429, -13.34196]},
			"faces": {
				"north": {"uv": [0, 0, 0.5, 0.5], "texture": "#0"},
				"east": {"uv": [0, 0, 2, 0.5], "texture": "#0"},
				"south": {"uv": [0, 0, 0.5, 0.5], "texture": "#0"},
				"west": {"uv": [0, 0, 2, 0.5], "texture": "#0"},
				"up": {"uv": [0, 0, 0.5, 2], "texture": "#0"},
				"down": {"uv": [0, 0, 0.5, 2], "texture": "#0"}
			}
		},
		{
			"from": [3, 10.92475, -14.74621],
			"to": [4, 11.92475, -9.74621],
			"rotation": {"angle": 22.5, "axis": "x", "origin": [3.5, 11.42475, -12.74621]},
			"faces": {
				"north": {"uv": [0, 0, 0.5, 0.5], "texture": "#0"},
				"east": {"uv": [0, 0, 2.5, 0.5], "texture": "#0"},
				"south": {"uv": [0, 0, 0.5, 0.5], "texture": "#0"},
				"west": {"uv": [0, 0, 2.5, 0.5], "texture": "#0"},
				"up": {"uv": [0, 0, 0.5, 2.5], "texture": "#0"},
				"down": {"uv": [0, 0, 0.5, 2.5], "texture": "#0"}
			}
		},
		{
			"from": [3, 9.10999, -13.5803],
			"to": [4, 10.10999, -11.5803],
			"rotation": {"angle": 22.5, "axis": "x", "origin": [3.5, 9.60999, -12.5803]},
			"faces": {
				"north": {"uv": [0, 0, 0.5, 0.5], "texture": "#0"},
				"east": {"uv": [0, 0, 1, 0.5], "texture": "#0"},
				"south": {"uv": [0, 0, 0.5, 0.5], "texture": "#0"},
				"west": {"uv": [0, 0, 1, 0.5], "texture": "#0"},
				"up": {"uv": [0, 0, 0.5, 1], "texture": "#0"},
				"down": {"uv": [0, 0, 0.5, 1], "texture": "#0"}
			}
		},
		{
			"from": [3, 8.34462, -11.73254],
			"to": [4, 9.34462, -9.73254],
			"rotation": {"angle": 22.5, "axis": "x", "origin": [3.5, 8.84462, -10.73254]},
			"faces": {
				"north": {"uv": [0, 0, 0.5, 0.5], "texture": "#0"},
				"east": {"uv": [0, 0, 1, 0.5], "texture": "#0"},
				"south": {"uv": [0, 0, 0.5, 0.5], "texture": "#0"},
				"west": {"uv": [0, 0, 1, 0.5], "texture": "#0"},
				"up": {"uv": [0, 0, 0.5, 1], "texture": "#0"},
				"down": {"uv": [0, 0, 0.5, 1], "texture": "#0"}
			}
		},
		{
			"from": [3, 10, -13],
			"to": [4, 11, 20],
			"rotation": {"angle": 0, "axis": "y", "origin": [0, 10, 19]},
			"faces": {
				"north": {"uv": [0, 0, 0.5, 0.5], "texture": "#0"},
				"east": {"uv": [0, 0, 16, 0.5], "texture": "#0"},
				"south": {"uv": [0, 0, 0.5, 0.5], "texture": "#0"},
				"west": {"uv": [0, 0, 16, 0.5], "texture": "#0"},
				"up": {"uv": [0, 0, 0.5, 16], "texture": "#0"},
				"down": {"uv": [0, 0, 0.5, 16], "texture": "#0"}
			}
		},
		{
			"from": [3, 9, -12],
			"to": [4, 10, 20],
			"rotation": {"angle": 0, "axis": "y", "origin": [0, 9, 19]},
			"faces": {
				"north": {"uv": [0, 0, 0.5, 0.5], "texture": "#0"},
				"east": {"uv": [0, 0, 16, 0.5], "texture": "#0"},
				"south": {"uv": [0, 0, 0.5, 0.5], "texture": "#0"},
				"west": {"uv": [0, 0, 16, 0.5], "texture": "#0"},
				"up": {"uv": [0, 0, 0.5, 16], "texture": "#0"},
				"down": {"uv": [0, 0, 0.5, 16], "texture": "#0"}
			}
		},
		{
			"from": [3, 8, -10],
			"to": [4, 9, 17],
			"rotation": {"angle": 0, "axis": "y", "origin": [0, 8, 19]},
			"faces": {
				"north": {"uv": [0, 0, 0.5, 0.5], "texture": "#0"},
				"east": {"uv": [0, 0, 13.5, 0.5], "texture": "#0"},
				"south": {"uv": [0, 0, 0.5, 0.5], "texture": "#0"},
				"west": {"uv": [0, 0, 13.5, 0.5], "texture": "#0"},
				"up": {"uv": [0, 0, 0.5, 13.5], "texture": "#0"},
				"down": {"uv": [0, 0, 0.5, 13.5], "texture": "#0"}
			}
		},
		{
			"from": [3, 8.20711, 16.5],
			"to": [4, 9.20711, 18.5],
			"rotation": {"angle": -45, "axis": "x", "origin": [3.5, 8.70711, 17]},
			"faces": {
				"north": {"uv": [0, 0, 0.5, 0.5], "texture": "#0"},
				"east": {"uv": [0, 0, 1, 0.5], "texture": "#0"},
				"south": {"uv": [0, 0, 0.5, 0.5], "texture": "#0"},
				"west": {"uv": [0, 0, 1, 0.5], "texture": "#0"},
				"up": {"uv": [0, 0, 0.5, 1], "texture": "#0"},
				"down": {"uv": [0, 0, 0.5, 1], "texture": "#0"}
			}
		}
	],
	"display": {
		"thirdperson_righthand": {
			"rotation": [98, 0, 0],
			"translation": [2.25, 7.25, 0.25],
			"scale": [0.5, 0.5, 0.5]
		},
		"firstperson_righthand": {
			"rotation": [37, 0, 0],
			"translation": [3.5, 0, 0]
		},
		"gui": {
			"rotation": [108, -48, 78],
			"translation": [1.5, 0, 0],
			"scale": [0.41, 0.42, 0.42]
		}
	},
	"groups": [
		{
			"name": "Shieth",
			"origin": [3, 9, 29],
			"children": [0, 1, 2, 3, 4, 5, 6, 7, 8]
		},
		{
			"name": "handle",
			"origin": [0, 9, 28],
			"children": [9, 10]
		},
		{
			"name": "tip",
			"origin": [3.5, 9.84462, 1.26746],
			"children": [11, 12, 13, 14, 15, 16]
		},
		{
			"name": "main blade",
			"origin": [3.5, 8.70711, 17],
			"children": [17, 18, 19, 20]
		}
	]
}
