{
	"credit": "Made by Kastle",
	"parent": "pridelightstick",
	"textures": {
		"0": "custom/lightstick_out",
		"1": "block/clay",
		"particle": "custom/lightstick_out"
	},
	"elements": [
		{
			"name": "hexadecagon",
			"from": [7.60218, 0, 6],
			"to": [8.39782, 1, 10],
			"rotation": {"angle": -45, "axis": "y", "origin": [8, 0.5, 8]},
			"faces": {
				"north": {"uv": [3, 5, 4, 6], "texture": "#1"},
				"south": {"uv": [3, 5, 4, 6], "texture": "#1"},
				"up": {"uv": [3, 5, 4, 6], "texture": "#1"},
				"down": {"uv": [3, 5, 4, 6], "texture": "#1"}
			}
		},
		{
			"name": "hexadecagon",
			"from": [7.60218, 0, 6],
			"to": [8.39782, 1, 10],
			"rotation": {"angle": -22.5, "axis": "y", "origin": [8, 0.5, 8]},
			"faces": {
				"north": {"uv": [3, 5, 4, 6], "texture": "#1"},
				"south": {"uv": [3, 5, 4, 6], "texture": "#1"},
				"up": {"uv": [3, 5, 4, 6], "texture": "#1"},
				"down": {"uv": [3, 5, 4, 6], "texture": "#1"}
			}
		},
		{
			"name": "hexadecagon",
			"from": [7.60218, 0, 6],
			"to": [8.39782, 1, 10],
			"rotation": {"angle": 0, "axis": "y", "origin": [8, 0.5, 8]},
			"faces": {
				"north": {"uv": [3, 5, 4, 6], "texture": "#1"},
				"south": {"uv": [3, 5, 4, 6], "texture": "#1"},
				"up": {"uv": [3, 5, 4, 6], "texture": "#1"},
				"down": {"uv": [3, 5, 4, 6], "texture": "#1"}
			}
		},
		{
			"name": "hexadecagon",
			"from": [7.60218, 0, 6],
			"to": [8.39782, 1, 10],
			"rotation": {"angle": 22.5, "axis": "y", "origin": [8, 0.5, 8]},
			"faces": {
				"north": {"uv": [3, 5, 4, 6], "texture": "#1"},
				"south": {"uv": [3, 5, 4, 6], "texture": "#1"},
				"up": {"uv": [3, 5, 4, 6], "texture": "#1"},
				"down": {"uv": [3, 5, 4, 6], "texture": "#1"}
			}
		},
		{
			"name": "hexadecagon",
			"from": [7.60218, 0, 6],
			"to": [8.39782, 1, 10],
			"rotation": {"angle": 45, "axis": "y", "origin": [8, 0.5, 8]},
			"faces": {
				"north": {"uv": [3, 5, 4, 6], "texture": "#1"},
				"south": {"uv": [3, 5, 4, 6], "texture": "#1"},
				"up": {"uv": [3, 5, 4, 6], "texture": "#1"},
				"down": {"uv": [3, 5, 4, 6], "texture": "#1"}
			}
		},
		{
			"name": "hexadecagon",
			"from": [6, 0, 7.60218],
			"to": [10, 1, 8.39782],
			"rotation": {"angle": -22.5, "axis": "y", "origin": [8, 0.5, 8]},
			"faces": {
				"east": {"uv": [3, 5, 4, 6], "texture": "#1"},
				"west": {"uv": [3, 5, 4, 6], "texture": "#1"},
				"up": {"uv": [3, 5, 4, 6], "texture": "#1"},
				"down": {"uv": [3, 5, 4, 6], "texture": "#1"}
			}
		},
		{
			"name": "hexadecagon",
			"from": [6, 0, 7.60218],
			"to": [10, 1, 8.39782],
			"rotation": {"angle": 0, "axis": "y", "origin": [8, 0.5, 8]},
			"faces": {
				"east": {"uv": [3, 5, 4, 6], "texture": "#1"},
				"west": {"uv": [3, 5, 4, 6], "texture": "#1"},
				"up": {"uv": [3, 5, 4, 6], "texture": "#1"},
				"down": {"uv": [3, 5, 4, 6], "texture": "#1"}
			}
		},
		{
			"name": "hexadecagon",
			"from": [6, 0, 7.60218],
			"to": [10, 1, 8.39782],
			"rotation": {"angle": 22.5, "axis": "y", "origin": [8, 0.5, 8]},
			"faces": {
				"east": {"uv": [3, 5, 4, 6], "texture": "#1"},
				"west": {"uv": [3, 5, 4, 6], "texture": "#1"},
				"up": {"uv": [3, 5, 4, 6], "texture": "#1"},
				"down": {"uv": [3, 5, 4, 6], "texture": "#1"}
			}
		},
		{
			"name": "hexadecagon",
			"from": [7.60218, 25, 6],
			"to": [8.39782, 26, 10],
			"rotation": {"angle": -45, "axis": "y", "origin": [8, 25.5, 8]},
			"faces": {
				"north": {"uv": [3, 5, 4, 6], "texture": "#1"},
				"south": {"uv": [3, 5, 4, 6], "texture": "#1"},
				"up": {"uv": [3, 5, 4, 6], "texture": "#1"},
				"down": {"uv": [3, 5, 4, 6], "texture": "#1"}
			}
		},
		{
			"name": "hexadecagon",
			"from": [7.60218, 25, 6],
			"to": [8.39782, 26, 10],
			"rotation": {"angle": -22.5, "axis": "y", "origin": [8, 25.5, 8]},
			"faces": {
				"north": {"uv": [3, 5, 4, 6], "texture": "#1"},
				"south": {"uv": [3, 5, 4, 6], "texture": "#1"},
				"up": {"uv": [3, 5, 4, 6], "texture": "#1"},
				"down": {"uv": [3, 5, 4, 6], "texture": "#1"}
			}
		},
		{
			"name": "hexadecagon",
			"from": [7.60218, 25, 6],
			"to": [8.39782, 26, 10],
			"rotation": {"angle": 0, "axis": "y", "origin": [8, 25.5, 8]},
			"faces": {
				"north": {"uv": [3, 5, 4, 6], "texture": "#1"},
				"south": {"uv": [3, 5, 4, 6], "texture": "#1"},
				"up": {"uv": [3, 5, 4, 6], "texture": "#1"},
				"down": {"uv": [3, 5, 4, 6], "texture": "#1"}
			}
		},
		{
			"name": "hexadecagon",
			"from": [7.60218, 25, 6],
			"to": [8.39782, 26, 10],
			"rotation": {"angle": 45, "axis": "y", "origin": [8, 25.5, 8]},
			"faces": {
				"north": {"uv": [3, 5, 4, 6], "texture": "#1"},
				"south": {"uv": [3, 5, 4, 6], "texture": "#1"},
				"up": {"uv": [3, 5, 4, 6], "texture": "#1"},
				"down": {"uv": [3, 5, 4, 6], "texture": "#1"}
			}
		},
		{
			"name": "hexadecagon",
			"from": [7.60218, 25, 6],
			"to": [8.39782, 26, 10],
			"rotation": {"angle": 22.5, "axis": "y", "origin": [8, 25.5, 8]},
			"faces": {
				"north": {"uv": [3, 5, 4, 6], "texture": "#1"},
				"south": {"uv": [3, 5, 4, 6], "texture": "#1"},
				"up": {"uv": [3, 5, 4, 6], "texture": "#1"},
				"down": {"uv": [3, 5, 4, 6], "texture": "#1"}
			}
		},
		{
			"name": "hexadecagon",
			"from": [6, 25, 7.60218],
			"to": [10, 26, 8.39782],
			"rotation": {"angle": -22.5, "axis": "y", "origin": [8, 25.5, 8]},
			"faces": {
				"east": {"uv": [3, 5, 4, 6], "texture": "#1"},
				"west": {"uv": [3, 5, 4, 6], "texture": "#1"},
				"up": {"uv": [3, 5, 4, 6], "texture": "#1"},
				"down": {"uv": [3, 5, 4, 6], "texture": "#1"}
			}
		},
		{
			"name": "hexadecagon",
			"from": [6, 25, 7.60218],
			"to": [10, 26, 8.39782],
			"rotation": {"angle": 0, "axis": "y", "origin": [8, 25.5, 8]},
			"faces": {
				"east": {"uv": [3, 5, 4, 6], "texture": "#1"},
				"west": {"uv": [3, 5, 4, 6], "texture": "#1"},
				"up": {"uv": [3, 5, 4, 6], "texture": "#1"},
				"down": {"uv": [3, 5, 4, 6], "texture": "#1"}
			}
		},
		{
			"name": "hexadecagon",
			"from": [6, 25, 7.60218],
			"to": [10, 26, 8.39782],
			"rotation": {"angle": 22.5, "axis": "y", "origin": [8, 25.5, 8]},
			"faces": {
				"east": {"uv": [3, 5, 4, 6], "texture": "#1"},
				"west": {"uv": [3, 5, 4, 6], "texture": "#1"},
				"up": {"uv": [3, 5, 4, 6], "texture": "#1"},
				"down": {"uv": [3, 5, 4, 6], "texture": "#1"}
			}
		},
		{
			"name": "octagon",
			"from": [7.37868, 1, 6.5],
			"to": [8.62132, 5, 9.5],
			"rotation": {"angle": 45, "axis": "y", "origin": [8, 1.5, 8]},
			"faces": {
				"north": {"uv": [0, 10, 2, 12], "texture": "#0"},
				"south": {"uv": [0, 10, 2, 12], "texture": "#0"},
				"down": {"uv": [0, 10, 2, 12], "texture": "#0"}
			}
		},
		{
			"name": "octagon",
			"from": [7.37868, 1, 6.5],
			"to": [8.62132, 5, 9.5],
			"rotation": {"angle": 0, "axis": "y", "origin": [8, 1.5, 8]},
			"faces": {
				"north": {"uv": [0, 10, 2, 12], "texture": "#0"},
				"south": {"uv": [0, 10, 2, 12], "texture": "#0"},
				"down": {"uv": [0, 10, 2, 12], "texture": "#0"}
			}
		},
		{
			"name": "octagon",
			"from": [6.5, 1, 7.37868],
			"to": [9.5, 5, 8.62132],
			"rotation": {"angle": 45, "axis": "y", "origin": [8, 1.5, 8]},
			"faces": {
				"east": {"uv": [0, 10, 2, 12], "texture": "#0"},
				"west": {"uv": [0, 10, 2, 12], "texture": "#0"},
				"down": {"uv": [0, 10, 2, 12], "texture": "#0"}
			}
		},
		{
			"name": "octagon",
			"from": [6.5, 1, 7.37868],
			"to": [9.5, 5, 8.62132],
			"rotation": {"angle": 0, "axis": "y", "origin": [8, 1.5, 8]},
			"faces": {
				"east": {"uv": [0, 10, 2, 12], "texture": "#0"},
				"west": {"uv": [0, 10, 2, 12], "texture": "#0"},
				"down": {"uv": [0, 10, 2, 12], "texture": "#0"}
			}
		},
		{
			"name": "octagon",
			"from": [7.37868, 5, 6.5],
			"to": [8.62132, 9, 9.5],
			"rotation": {"angle": 45, "axis": "y", "origin": [8, 5.5, 8]},
			"faces": {
				"north": {"uv": [0, 8, 2, 10], "texture": "#0"},
				"south": {"uv": [0, 8, 2, 10], "texture": "#0"}
			}
		},
		{
			"name": "octagon",
			"from": [7.37868, 5, 6.5],
			"to": [8.62132, 9, 9.5],
			"rotation": {"angle": 0, "axis": "y", "origin": [8, 5.5, 8]},
			"faces": {
				"north": {"uv": [0, 8, 2, 10], "texture": "#0"},
				"south": {"uv": [0, 8, 2, 10], "texture": "#0"}
			}
		},
		{
			"name": "octagon",
			"from": [6.5, 5, 7.37868],
			"to": [9.5, 9, 8.62132],
			"rotation": {"angle": 45, "axis": "y", "origin": [8, 5.5, 8]},
			"faces": {
				"east": {"uv": [0, 8, 2, 10], "texture": "#0"},
				"west": {"uv": [0, 8, 2, 10], "texture": "#0"}
			}
		},
		{
			"name": "octagon",
			"from": [6.5, 5, 7.37868],
			"to": [9.5, 9, 8.62132],
			"rotation": {"angle": 0, "axis": "y", "origin": [8, 5.5, 8]},
			"faces": {
				"east": {"uv": [0, 8, 2, 10], "texture": "#0"},
				"west": {"uv": [0, 8, 2, 10], "texture": "#0"}
			}
		},
		{
			"name": "octagon",
			"from": [7.37868, 9, 6.5],
			"to": [8.62132, 13, 9.5],
			"rotation": {"angle": 45, "axis": "y", "origin": [8, 9.5, 8]},
			"faces": {
				"north": {"uv": [0, 6, 2, 8], "texture": "#0"},
				"south": {"uv": [0, 6, 2, 8], "texture": "#0"}
			}
		},
		{
			"name": "octagon",
			"from": [7.37868, 9, 6.5],
			"to": [8.62132, 13, 9.5],
			"rotation": {"angle": 0, "axis": "y", "origin": [8, 9.5, 8]},
			"faces": {
				"north": {"uv": [0, 6, 2, 8], "texture": "#0"},
				"south": {"uv": [0, 6, 2, 8], "texture": "#0"}
			}
		},
		{
			"name": "octagon",
			"from": [6.5, 9, 7.37868],
			"to": [9.5, 13, 8.62132],
			"rotation": {"angle": 45, "axis": "y", "origin": [8, 9.5, 8]},
			"faces": {
				"east": {"uv": [0, 6, 2, 8], "texture": "#0"},
				"west": {"uv": [0, 6, 2, 8], "texture": "#0"}
			}
		},
		{
			"name": "octagon",
			"from": [6.5, 9, 7.37868],
			"to": [9.5, 13, 8.62132],
			"rotation": {"angle": 0, "axis": "y", "origin": [8, 9.5, 8]},
			"faces": {
				"east": {"uv": [0, 6, 2, 8], "texture": "#0"},
				"west": {"uv": [0, 6, 2, 8], "texture": "#0"}
			}
		},
		{
			"name": "octagon",
			"from": [7.37868, 13, 6.5],
			"to": [8.62132, 17, 9.5],
			"rotation": {"angle": 45, "axis": "y", "origin": [8, 13.5, 8]},
			"faces": {
				"north": {"uv": [0, 4, 2, 6], "texture": "#0"},
				"south": {"uv": [0, 4, 2, 6], "texture": "#0"}
			}
		},
		{
			"name": "octagon",
			"from": [7.37868, 13, 6.5],
			"to": [8.62132, 17, 9.5],
			"rotation": {"angle": 0, "axis": "y", "origin": [8, 13.5, 8]},
			"faces": {
				"north": {"uv": [0, 4, 2, 6], "texture": "#0"},
				"south": {"uv": [0, 4, 2, 6], "texture": "#0"}
			}
		},
		{
			"name": "octagon",
			"from": [6.5, 13, 7.37868],
			"to": [9.5, 17, 8.62132],
			"rotation": {"angle": 45, "axis": "y", "origin": [8, 13.5, 8]},
			"faces": {
				"east": {"uv": [0, 4, 2, 6], "texture": "#0"},
				"west": {"uv": [0, 4, 2, 6], "texture": "#0"}
			}
		},
		{
			"name": "octagon",
			"from": [6.5, 13, 7.37868],
			"to": [9.5, 17, 8.62132],
			"rotation": {"angle": 0, "axis": "y", "origin": [8, 13.5, 8]},
			"faces": {
				"east": {"uv": [0, 4, 2, 6], "texture": "#0"},
				"west": {"uv": [0, 4, 2, 6], "texture": "#0"}
			}
		},
		{
			"name": "octagon",
			"from": [7.37868, 17, 6.5],
			"to": [8.62132, 21, 9.5],
			"rotation": {"angle": 45, "axis": "y", "origin": [8, 17.5, 8]},
			"faces": {
				"north": {"uv": [0, 2, 2, 4], "texture": "#0"},
				"south": {"uv": [0, 2, 2, 4], "texture": "#0"}
			}
		},
		{
			"name": "octagon",
			"from": [7.37868, 17, 6.5],
			"to": [8.62132, 21, 9.5],
			"rotation": {"angle": 0, "axis": "y", "origin": [8, 17.5, 8]},
			"faces": {
				"north": {"uv": [0, 2, 2, 4], "texture": "#0"},
				"south": {"uv": [0, 2, 2, 4], "texture": "#0"}
			}
		},
		{
			"name": "octagon",
			"from": [6.5, 17, 7.37868],
			"to": [9.5, 21, 8.62132],
			"rotation": {"angle": 45, "axis": "y", "origin": [8, 17.5, 8]},
			"faces": {
				"east": {"uv": [0, 2, 2, 4], "texture": "#0"},
				"west": {"uv": [0, 2, 2, 4], "texture": "#0"}
			}
		},
		{
			"name": "octagon",
			"from": [6.5, 17, 7.37868],
			"to": [9.5, 21, 8.62132],
			"rotation": {"angle": 0, "axis": "y", "origin": [8, 17.5, 8]},
			"faces": {
				"east": {"uv": [0, 2, 2, 4], "texture": "#0"},
				"west": {"uv": [0, 2, 2, 4], "texture": "#0"}
			}
		},
		{
			"name": "octagon",
			"from": [7.37868, 21, 6.5],
			"to": [8.62132, 25, 9.5],
			"rotation": {"angle": 45, "axis": "y", "origin": [8, 21.5, 8]},
			"faces": {
				"north": {"uv": [0, 0, 2, 2], "texture": "#0"},
				"south": {"uv": [0, 0, 2, 2], "texture": "#0"},
				"up": {"uv": [0, 0, 2, 2], "texture": "#0"}
			}
		},
		{
			"name": "octagon",
			"from": [7.37868, 21, 6.5],
			"to": [8.62132, 25, 9.5],
			"rotation": {"angle": 0, "axis": "y", "origin": [8, 21.5, 8]},
			"faces": {
				"north": {"uv": [0, 0, 2, 2], "texture": "#0"},
				"south": {"uv": [0, 0, 2, 2], "texture": "#0"},
				"up": {"uv": [0, 0, 2, 2], "texture": "#0"}
			}
		},
		{
			"name": "octagon",
			"from": [6.5, 21, 7.37868],
			"to": [9.5, 25, 8.62132],
			"rotation": {"angle": 45, "axis": "y", "origin": [8, 21.5, 8]},
			"faces": {
				"east": {"uv": [0, 0, 2, 2], "texture": "#0"},
				"west": {"uv": [0, 0, 2, 2], "texture": "#0"},
				"up": {"uv": [0, 0, 2, 2], "texture": "#0"}
			}
		},
		{
			"name": "octagon",
			"from": [6.5, 21, 7.37868],
			"to": [9.5, 25, 8.62132],
			"rotation": {"angle": 0, "axis": "y", "origin": [8, 21.5, 8]},
			"faces": {
				"east": {"uv": [0, 0, 2, 2], "texture": "#0"},
				"west": {"uv": [0, 0, 2, 2], "texture": "#0"},
				"up": {"uv": [0, 0, 2, 2], "texture": "#0"}
			}
		}
	],
	"display": {
		"thirdperson_righthand": {
			"translation": [0, 1.5, 0],
			"scale": [0.65, 0.55, 0.65]
		},
		"thirdperson_lefthand": {
			"translation": [0, 1.5, 0],
			"scale": [0.65, 0.55, 0.65]
		},
		"firstperson_righthand": {
			"translation": [1.75, 2, 0],
			"scale": [0.33, 0.33, 0.33]
		},
		"firstperson_lefthand": {
			"translation": [1.75, 2, 0],
			"scale": [0.33, 0.33, 0.33]
		},
		"ground": {
			"scale": [0.45, 0.45, 0.45]
		},
		"gui": {
			"rotation": [-19, 0, -37],
			"translation": [-2.25, -2.5, 0],
			"scale": [0.7, 0.7, 0.7]
		},
		"head": {
			"translation": [0, 10.5, 0],
			"scale": [0.5, 0.5, 0.5]
		},
		"fixed": {
			"translation": [0, -5, -2.5]
		}
	},
	"groups": [
		{
			"name": "root",
			"origin": [8, 8, 8],
			"children": [
				{
					"name": "hexadecagon",
					"origin": [8, 8, 8],
					"children": [0, 1, 2, 3, 4, 5, 6, 7]
				},
				{
					"name": "hexadecagon",
					"origin": [8, 8, 8],
					"children": [8, 9, 10, 11, 12, 13, 14, 15]
				},
				{
					"name": "octagon",
					"origin": [8, 8, 8],
					"children": [16, 17, 18, 19]
				},
				{
					"name": "octagon",
					"origin": [8, 8, 8],
					"children": [20, 21, 22, 23]
				},
				{
					"name": "octagon",
					"origin": [8, 8, 8],
					"children": [24, 25, 26, 27]
				},
				{
					"name": "octagon",
					"origin": [8, 8, 8],
					"children": [28, 29, 30, 31]
				},
				{
					"name": "octagon",
					"origin": [8, 8, 8],
					"children": [32, 33, 34, 35]
				},
				{
					"name": "octagon",
					"origin": [8, 8, 8],
					"children": [36, 37, 38, 39]
				}
			]
		}
	]
}
