{"credit":"Copyright 2020 MagicalDreams.US - Made With Blockbench","textures":{"1":"custom/dlr/trashcan/esplanade/wastefront1","2":"block/black_wool","particle":"custom/dlr/trashcan/esplanade/wastefront1"},"elements":[{"from":[1.5,2,14.5],"to":[14.5,22.75,15],"faces":{"north":{"uv":[0,0,16,16],"texture":"#2"},"east":{"uv":[5.375,5.125,9.75,7.125],"texture":"#1"},"south":{"uv":[4.875,4.5,7.75,7.625],"texture":"#1"},"west":{"uv":[4.25,4.75,6.125,6.25],"texture":"#1"},"up":{"uv":[5.125,5.375,7.125,6.375],"rotation":270,"texture":"#1"},"down":{"uv":[6,5.75,7.875,7],"rotation":90,"texture":"#1"}}},{"from":[1.5,2,1],"to":[14.5,22.75,1.5],"faces":{"north":{"uv":[3,5.5,8.625,6.875],"texture":"#1"},"east":{"uv":[5.375,5.125,9.75,7.125],"texture":"#1"},"south":{"uv":[0,0,16,16],"texture":"#2"},"west":{"uv":[4.25,4.75,6.125,6.25],"texture":"#1"},"up":{"uv":[5.125,5.375,7.125,6.375],"rotation":90,"texture":"#1"},"down":{"uv":[6,5.75,7.875,7],"rotation":270,"texture":"#1"}}},{"from":[14.5,20.975,0.9],"to":[15,22.75,15.1],"faces":{"north":{"uv":[5.625,5.125,7.75,6.875],"texture":"#1"},"east":{"uv":[0,3.875,15.969,10.219],"texture":"#1"},"south":{"uv":[6.75,5.625,11,7.5],"texture":"#1"},"west":{"uv":[0,0,15.875,15.875],"texture":"#2"},"up":{"uv":[5.625,5.375,6.844,6.594],"texture":"#1"},"down":{"uv":[4.25,5.25,7.125,7.75],"texture":"#1"}}},{"from":[1,20.975,0.9],"to":[1.5,22.75,15.1],"faces":{"north":{"uv":[7.75,5.125,5.625,6.875],"texture":"#1"},"east":{"uv":[15.875,0,0,15.875],"texture":"#2"},"south":{"uv":[11,5.625,6.75,7.5],"texture":"#1"},"west":{"uv":[15.969,3.875,0,10.219],"texture":"#1"},"up":{"uv":[6.844,5.375,5.625,6.594],"texture":"#1"},"down":{"uv":[7.125,5.25,4.25,7.75],"texture":"#1"}}},{"from":[14.5,15.05,0.9],"to":[15,21.075,15.1],"rotation":{"angle":0,"axis":"y","origin":[8,7.4,8]},"faces":{"north":{"uv":[5.625,5.125,7.75,6.875],"texture":"#1"},"east":{"uv":[0,9.625,15.969,15.969],"texture":"#1"},"south":{"uv":[6.75,5.625,11,7.5],"texture":"#1"},"west":{"uv":[0,0,15.875,15.875],"texture":"#2"},"up":{"uv":[5.625,5.375,6.844,6.594],"texture":"#1"},"down":{"uv":[4.25,5.25,7.125,7.75],"texture":"#1"}}},{"from":[1,15.05,0.9],"to":[1.5,21.075,15.1],"rotation":{"angle":0,"axis":"y","origin":[8,7.4,8]},"faces":{"north":{"uv":[7.75,5.125,5.625,6.875],"texture":"#1"},"east":{"uv":[15.875,0,0,15.875],"texture":"#2"},"south":{"uv":[11,5.625,6.75,7.5],"texture":"#1"},"west":{"uv":[0,9.625,15.969,15.969],"texture":"#1"},"up":{"uv":[6.844,5.375,5.625,6.594],"texture":"#1"},"down":{"uv":[7.125,5.25,4.25,7.75],"texture":"#1"}}},{"from":[14.5,1,0.9],"to":[15,15.25,15.1],"rotation":{"angle":0,"axis":"y","origin":[8,-6,8]},"faces":{"north":{"uv":[5.625,5.125,7.75,6.875],"texture":"#1"},"east":{"uv":[0,3.625,15.969,9.969],"texture":"#1"},"south":{"uv":[6.75,5.625,11,7.5],"texture":"#1"},"west":{"uv":[0,0,15.875,15.875],"texture":"#2"},"up":{"uv":[5.625,5.375,6.844,6.594],"texture":"#1"},"down":{"uv":[4.25,5.25,7.125,7.75],"texture":"#1"}}},{"from":[1,1,0.9],"to":[1.5,15.25,15.1],"rotation":{"angle":0,"axis":"y","origin":[8,-6,8]},"faces":{"north":{"uv":[7.75,5.125,5.625,6.875],"texture":"#1"},"east":{"uv":[15.875,0,0,15.875],"texture":"#2"},"south":{"uv":[11,5.625,6.75,7.5],"texture":"#1"},"west":{"uv":[15.969,3.625,0,9.969],"texture":"#1"},"up":{"uv":[6.844,5.375,5.625,6.594],"texture":"#1"},"down":{"uv":[7.125,5.25,4.25,7.75],"texture":"#1"}}},{"from":[1,1,-0.02734],"to":[15,24.75,0.97266],"rotation":{"angle":0,"axis":"y","origin":[8,8.22266,7.97266]},"faces":{"north":{"uv":[3.125,4.875,4.75,6.5],"texture":"#1"},"east":{"uv":[4.5,6.375,6.5,7.125],"texture":"#1"},"south":{"uv":[6.875,12,8.875,12.75],"texture":"#2"},"west":{"uv":[5.375,6.625,7.375,7.375],"texture":"#1"},"up":{"uv":[5.5,6,7.5,8],"rotation":270,"texture":"#1"},"down":{"uv":[7.25,5.75,9.25,7.75],"rotation":90,"texture":"#1"}}},{"from":[1,1,15.02734],"to":[15,24.75,16.02734],"rotation":{"angle":0,"axis":"y","origin":[8,8.44532,8.02734]},"faces":{"north":{"uv":[7.25,11.5,9.25,12.25],"texture":"#2"},"east":{"uv":[4.5,6.125,6.5,6.875],"texture":"#1"},"south":{"uv":[2.375,4.875,7,8.657],"texture":"#1"},"west":{"uv":[5.125,5.75,7.125,6.5],"texture":"#1"},"up":{"uv":[6,4.5,8,6.5],"rotation":270,"texture":"#1"},"down":{"uv":[5.25,6.25,7.25,8.25],"rotation":90,"texture":"#1"}}},{"from":[1,24.97266,-0.02734],"to":[15,26.97266,0.97266],"rotation":{"angle":0,"axis":"y","origin":[8,7.97266,7.97266]},"faces":{"north":{"uv":[5,5.125,7,5.875],"texture":"#1"},"east":{"uv":[4.5,4.625,6.5,5.375],"texture":"#1"},"south":{"uv":[4.375,7.125,6.375,7.875],"texture":"#1"},"west":{"uv":[5.625,5.25,7.625,6],"texture":"#1"},"up":{"uv":[4.75,6.375,6.75,8.375],"texture":"#1"},"down":{"uv":[6.75,5.125,8.75,7.125],"texture":"#1"}}},{"from":[1,24.97266,15.02734],"to":[15,26.97266,16.02734],"rotation":{"angle":0,"axis":"y","origin":[8,7.97266,8.02734]},"faces":{"north":{"uv":[5,5.125,7,5.875],"texture":"#1"},"east":{"uv":[4.5,4.625,6.5,5.375],"texture":"#1"},"south":{"uv":[4.375,7.125,6.375,7.875],"texture":"#1"},"west":{"uv":[5.625,5.25,7.625,6],"texture":"#1"},"up":{"uv":[4.75,6.375,6.75,8.375],"texture":"#1"},"down":{"uv":[6.75,5.125,8.75,7.125],"texture":"#1"}}},{"from":[14,30.66012,11.41261],"to":[15.25,30.91012,13.61261],"rotation":{"angle":-22.5,"axis":"x","origin":[9,7.00012,7.99461]},"faces":{"north":{"uv":[3.5,0.625,5.5,1.375],"texture":"#1"},"east":{"uv":[4.125,1,6.125,1.75],"texture":"#1"},"south":{"uv":[2.5,0.625,4.5,1.375],"texture":"#1"},"west":{"uv":[3.375,0.625,5.375,1.375],"texture":"#1"},"up":{"uv":[4.5,0.375,6.5,2.375],"texture":"#1"},"down":{"uv":[5.75,0.5,7.75,2.5],"texture":"#1"}}},{"from":[14,31,4.035],"to":[15.25,31.24,11.955],"faces":{"north":{"uv":[3.5,0.625,5.5,1.375],"texture":"#1"},"east":{"uv":[4.125,1,6.125,1.75],"texture":"#1"},"south":{"uv":[2.5,0.625,4.5,1.375],"texture":"#1"},"west":{"uv":[3.375,0.625,5.375,1.375],"texture":"#1"},"up":{"uv":[4.5,0.375,6.5,2.375],"texture":"#1"},"down":{"uv":[5.75,0.5,7.75,2.5],"texture":"#1"}}},{"from":[14,27.51786,18.20252],"to":[15.25,27.76786,20.30252],"rotation":{"angle":-45,"axis":"x","origin":[9,6.99286,7.97752]},"faces":{"north":{"uv":[3.5,0.625,5.5,1.375],"texture":"#1"},"east":{"uv":[4.125,1,6.125,1.75],"texture":"#1"},"south":{"uv":[2.5,0.625,4.5,1.375],"texture":"#1"},"west":{"uv":[3.375,0.625,5.375,1.375],"texture":"#1"},"up":{"uv":[4.5,0.375,6.5,2.375],"texture":"#1"},"down":{"uv":[5.75,0.5,7.75,2.5],"texture":"#1"}}},{"from":[14,22.29218,-7.30389],"to":[15.25,24.39218,-7.05389],"rotation":{"angle":22.5,"axis":"x","origin":[9,6.99218,7.97111]},"faces":{"north":{"uv":[3.5,0.625,5.5,1.375],"rotation":180,"texture":"#1"},"east":{"uv":[4.125,1,6.125,1.75],"rotation":90,"texture":"#1"},"south":{"uv":[2.5,0.625,4.5,1.375],"texture":"#1"},"west":{"uv":[3.375,0.625,5.375,1.375],"rotation":270,"texture":"#1"},"up":{"uv":[4.5,0.375,6.5,2.375],"texture":"#1"},"down":{"uv":[5.75,0.5,7.75,2.5],"rotation":180,"texture":"#1"}}},{"from":[14,-0.02697,-0.28609],"to":[15.25,26.97303,-0.00609],"rotation":{"angle":0,"axis":"y","origin":[8,7.97303,7.96391]},"faces":{"north":{"uv":[2,0.875,4,1.625],"texture":"#1"},"east":{"uv":[5.75,1.375,7.75,2.125],"texture":"#1"},"south":{"uv":[4.875,0.375,6.875,1.125],"texture":"#1"},"west":{"uv":[6,1.375,8,2.125],"texture":"#1"},"up":{"uv":[4.5,0.375,6.5,2.375],"rotation":90,"texture":"#1"},"down":{"uv":[6.125,0.5,8.125,2.5],"rotation":270,"texture":"#1"}}},{"from":[14,30.65745,2.37686],"to":[15.25,30.90745,4.57686],"rotation":{"angle":22.5,"axis":"x","origin":[9,6.99745,8.00186]},"faces":{"north":{"uv":[3.5,0.625,5.5,1.375],"texture":"#1"},"east":{"uv":[4.125,1,6.125,1.75],"texture":"#1"},"south":{"uv":[2.5,0.625,4.5,1.375],"texture":"#1"},"west":{"uv":[3.375,0.625,5.375,1.375],"texture":"#1"},"up":{"uv":[4.5,0.375,6.5,2.375],"texture":"#1"},"down":{"uv":[5.75,0.5,7.75,2.5],"texture":"#1"}}},{"from":[14,27.51786,-4.31252],"to":[15.25,27.76786,-2.21252],"rotation":{"angle":45,"axis":"x","origin":[9,6.99286,8.01248]},"faces":{"north":{"uv":[3.5,0.625,5.5,1.375],"texture":"#1"},"east":{"uv":[4.125,1,6.125,1.75],"texture":"#1"},"south":{"uv":[2.5,0.625,4.5,1.375],"texture":"#1"},"west":{"uv":[3.375,0.625,5.375,1.375],"texture":"#1"},"up":{"uv":[4.5,0.375,6.5,2.375],"texture":"#1"},"down":{"uv":[5.75,0.5,7.75,2.5],"texture":"#1"}}},{"from":[14,22.29218,23.04389],"to":[15.25,24.39218,23.29389],"rotation":{"angle":-22.5,"axis":"x","origin":[9,6.99218,8.01889]},"faces":{"north":{"uv":[3.5,0.625,5.5,1.375],"texture":"#1"},"east":{"uv":[4.125,1,6.125,1.75],"texture":"#1"},"south":{"uv":[2.5,0.625,4.5,1.375],"texture":"#1"},"west":{"uv":[3.375,0.625,5.375,1.375],"texture":"#1"},"up":{"uv":[4.5,0.375,6.5,2.375],"texture":"#1"},"down":{"uv":[5.75,0.5,7.75,2.5],"texture":"#1"}}},{"from":[14,-0.02697,15.99609],"to":[15.25,26.97303,16.27609],"rotation":{"angle":0,"axis":"y","origin":[8,7.97303,7.99609]},"faces":{"north":{"uv":[2,0.875,4,1.625],"texture":"#1"},"east":{"uv":[5.75,1.375,7.75,2.125],"texture":"#1"},"south":{"uv":[4.875,0.375,6.875,1.125],"texture":"#1"},"west":{"uv":[6,1.375,8,2.125],"texture":"#1"},"up":{"uv":[4.5,0.375,6.5,2.375],"rotation":270,"texture":"#1"},"down":{"uv":[6.125,0.5,8.125,2.5],"rotation":90,"texture":"#1"}}},{"from":[15,-0.02697,15.02609],"to":[15.25,26.97303,16.27609],"rotation":{"angle":0,"axis":"y","origin":[8,7.97303,8.02609]},"faces":{"north":{"uv":[2,0.875,4,1.625],"texture":"#1"},"east":{"uv":[5.75,1.375,7.75,2.125],"texture":"#1"},"south":{"uv":[4.875,0.375,6.875,1.125],"texture":"#1"},"west":{"uv":[6,1.375,8,2.125],"texture":"#1"},"up":{"uv":[4.5,0.375,6.5,2.375],"texture":"#1"},"down":{"uv":[6.125,0.5,8.125,2.5],"texture":"#1"}}},{"from":[15,22.39408,22.05346],"to":[15.25,24.39408,23.05346],"rotation":{"angle":-22.5,"axis":"x","origin":[23,6.96908,8.02846]},"faces":{"north":{"uv":[3.5,0.625,5.5,1.375],"texture":"#1"},"east":{"uv":[4.125,1,6.125,1.75],"texture":"#1"},"south":{"uv":[2.5,0.625,4.5,1.375],"texture":"#1"},"west":{"uv":[3.375,0.625,5.375,1.375],"texture":"#1"},"up":{"uv":[4.5,0.375,6.5,2.375],"texture":"#1"},"down":{"uv":[5.75,0.5,7.75,2.5],"texture":"#1"}}},{"from":[15,26.5385,-4.29319],"to":[15.25,27.5385,-2.29319],"rotation":{"angle":45,"axis":"x","origin":[23,6.9885,8.03181]},"faces":{"north":{"uv":[3.5,0.625,5.5,1.375],"texture":"#1"},"east":{"uv":[4.125,1,6.125,1.75],"texture":"#1"},"south":{"uv":[2.5,0.625,4.5,1.375],"texture":"#1"},"west":{"uv":[3.375,0.625,5.375,1.375],"texture":"#1"},"up":{"uv":[4.5,0.375,6.5,2.375],"texture":"#1"},"down":{"uv":[5.75,0.5,7.75,2.5],"texture":"#1"}}},{"from":[15,29.6993,2.51174],"to":[15.25,30.6993,4.51174],"rotation":{"angle":22.5,"axis":"x","origin":[23,6.9993,8.01174]},"faces":{"north":{"uv":[3.5,0.625,5.5,1.375],"texture":"#1"},"east":{"uv":[4.125,1,6.125,1.75],"texture":"#1"},"south":{"uv":[2.5,0.625,4.5,1.375],"texture":"#1"},"west":{"uv":[3.375,0.625,5.375,1.375],"texture":"#1"},"up":{"uv":[4.5,0.375,6.5,2.375],"texture":"#1"},"down":{"uv":[5.75,0.5,7.75,2.5],"texture":"#1"}}},{"from":[15,30,4],"to":[15.25,31.1,12],"faces":{"north":{"uv":[3.5,0.625,5.5,1.375],"texture":"#1"},"east":{"uv":[4.125,1,6.125,1.75],"texture":"#1"},"south":{"uv":[2.5,0.625,4.5,1.375],"texture":"#1"},"west":{"uv":[3.375,0.625,5.375,1.375],"texture":"#1"},"up":{"uv":[4.5,0.375,6.5,2.375],"texture":"#1"},"down":{"uv":[5.75,0.5,7.75,2.5],"texture":"#1"}}},{"from":[15,29.6993,11.48826],"to":[15.25,30.6993,13.48826],"rotation":{"angle":-22.5,"axis":"x","origin":[23,6.9993,7.98826]},"faces":{"north":{"uv":[3.5,0.625,5.5,1.375],"texture":"#1"},"east":{"uv":[4.125,1,6.125,1.75],"texture":"#1"},"south":{"uv":[2.5,0.625,4.5,1.375],"texture":"#1"},"west":{"uv":[3.375,0.625,5.375,1.375],"texture":"#1"},"up":{"uv":[4.5,0.375,6.5,2.375],"texture":"#1"},"down":{"uv":[5.75,0.5,7.75,2.5],"texture":"#1"}}},{"from":[15,26.5385,18.29319],"to":[15.25,27.5385,20.29319],"rotation":{"angle":-45,"axis":"x","origin":[23,6.9885,7.96819]},"faces":{"north":{"uv":[3.5,0.625,5.5,1.375],"texture":"#1"},"east":{"uv":[4.125,1,6.125,1.75],"texture":"#1"},"south":{"uv":[2.5,0.625,4.5,1.375],"texture":"#1"},"west":{"uv":[3.375,0.625,5.375,1.375],"texture":"#1"},"up":{"uv":[4.5,0.375,6.5,2.375],"texture":"#1"},"down":{"uv":[5.75,0.5,7.75,2.5],"texture":"#1"}}},{"from":[15,22.397,-7.07394],"to":[15.25,24.397,-6.07394],"rotation":{"angle":22.5,"axis":"x","origin":[23,6.972,7.95106]},"faces":{"north":{"uv":[3.5,0.625,5.5,1.375],"rotation":180,"texture":"#1"},"east":{"uv":[4.125,1,6.125,1.75],"rotation":90,"texture":"#1"},"south":{"uv":[2.5,0.625,4.5,1.375],"texture":"#1"},"west":{"uv":[3.375,0.625,5.375,1.375],"rotation":270,"texture":"#1"},"up":{"uv":[4.5,0.375,6.5,2.375],"texture":"#1"},"down":{"uv":[5.75,0.5,7.75,2.5],"rotation":180,"texture":"#1"}}},{"from":[15,-0.02697,-0.28609],"to":[15.25,26.97303,0.96391],"rotation":{"angle":0,"axis":"y","origin":[8,7.97303,7.96391]},"faces":{"north":{"uv":[2,0.875,4,1.625],"texture":"#1"},"east":{"uv":[5.75,1.375,7.75,2.125],"texture":"#1"},"south":{"uv":[4.875,0.375,6.875,1.125],"texture":"#1"},"west":{"uv":[6,1.375,8,2.125],"texture":"#1"},"up":{"uv":[4.5,0.375,6.5,2.375],"texture":"#1"},"down":{"uv":[6.125,0.5,8.125,2.5],"texture":"#1"}}},{"from":[0.75,-0.02697,-0.28609],"to":[1,26.97303,0.96391],"rotation":{"angle":0,"axis":"y","origin":[8,7.97303,7.96391]},"faces":{"north":{"uv":[2,0.875,4,1.625],"texture":"#1"},"east":{"uv":[5.75,1.375,7.75,2.125],"texture":"#1"},"south":{"uv":[4.875,0.375,6.875,1.125],"texture":"#1"},"west":{"uv":[6,1.375,8,2.125],"texture":"#1"},"up":{"uv":[4.5,0.375,6.5,2.375],"texture":"#1"},"down":{"uv":[6.125,0.5,8.125,2.5],"texture":"#1"}}},{"from":[0.75,26.55,18.325],"to":[1,27.55,20.325],"rotation":{"angle":-45,"axis":"x","origin":[8,7,8]},"faces":{"north":{"uv":[3.5,0.625,5.5,1.375],"texture":"#1"},"east":{"uv":[4.125,1,6.125,1.75],"texture":"#1"},"south":{"uv":[2.5,0.625,4.5,1.375],"texture":"#1"},"west":{"uv":[3.375,0.625,5.375,1.375],"texture":"#1"},"up":{"uv":[4.5,0.375,6.5,2.375],"texture":"#1"},"down":{"uv":[5.75,0.5,7.75,2.5],"texture":"#1"}}},{"from":[0.75,-0.02697,15.02609],"to":[1,26.97303,16.27609],"rotation":{"angle":0,"axis":"y","origin":[8,7.97303,8.02609]},"faces":{"north":{"uv":[2,0.875,4,1.625],"texture":"#1"},"east":{"uv":[5.75,1.375,7.75,2.125],"texture":"#1"},"south":{"uv":[4.875,0.375,6.875,1.125],"texture":"#1"},"west":{"uv":[6,1.375,8,2.125],"texture":"#1"},"up":{"uv":[4.5,0.375,6.5,2.375],"texture":"#1"},"down":{"uv":[6.125,0.5,8.125,2.5],"texture":"#1"}}},{"from":[0.75,-0.02697,16.02609],"to":[2,26.97303,16.27609],"rotation":{"angle":0,"axis":"y","origin":[8,7.97303,8.02609]},"faces":{"north":{"uv":[2,0.875,4,1.625],"texture":"#1"},"east":{"uv":[5.75,1.375,7.75,2.125],"texture":"#1"},"south":{"uv":[4.875,0.375,6.875,1.125],"texture":"#1"},"west":{"uv":[6,1.375,8,2.125],"texture":"#1"},"up":{"uv":[4.5,0.375,6.5,2.375],"rotation":270,"texture":"#1"},"down":{"uv":[6.125,0.5,8.125,2.5],"rotation":90,"texture":"#1"}}},{"from":[0.75,30.0007,4.01174],"to":[1,31.1007,12.01174],"rotation":{"angle":0,"axis":"y","origin":[8,8.0007,8.01174]},"faces":{"north":{"uv":[3.5,0.625,5.5,1.375],"texture":"#1"},"east":{"uv":[4.125,1,6.125,1.75],"texture":"#1"},"south":{"uv":[2.5,0.625,4.5,1.375],"texture":"#1"},"west":{"uv":[3.375,0.625,5.375,1.375],"texture":"#1"},"up":{"uv":[4.5,0.375,6.5,2.375],"texture":"#1"},"down":{"uv":[5.75,0.5,7.75,2.5],"texture":"#1"}}},{"from":[0.75,22.39408,-7.06346],"to":[1,24.49408,-6.06346],"rotation":{"angle":22.5,"axis":"x","origin":[8,6.96908,7.96154]},"faces":{"north":{"uv":[3.5,0.625,5.5,1.375],"rotation":180,"texture":"#1"},"east":{"uv":[4.125,1,6.125,1.75],"rotation":90,"texture":"#1"},"south":{"uv":[2.5,0.625,4.5,1.375],"texture":"#1"},"west":{"uv":[3.375,0.625,5.375,1.375],"rotation":270,"texture":"#1"},"up":{"uv":[4.5,0.375,6.5,2.375],"texture":"#1"},"down":{"uv":[5.75,0.5,7.75,2.5],"rotation":180,"texture":"#1"}}},{"from":[0.75,29.7108,11.52007],"to":[1,30.7108,13.52007],"rotation":{"angle":-22.5,"axis":"x","origin":[8,7.0108,8.02007]},"faces":{"north":{"uv":[3.5,0.625,5.5,1.375],"texture":"#1"},"east":{"uv":[4.125,1,6.125,1.75],"texture":"#1"},"south":{"uv":[2.5,0.625,4.5,1.375],"texture":"#1"},"west":{"uv":[3.375,0.625,5.375,1.375],"texture":"#1"},"up":{"uv":[4.5,0.375,6.5,2.375],"texture":"#1"},"down":{"uv":[5.75,0.5,7.75,2.5],"texture":"#1"}}},{"from":[15,-0.02697,15.02609],"to":[15.75,0.72303,16.77609],"rotation":{"angle":0,"axis":"y","origin":[8,7.97303,8.02609]},"faces":{"north":{"uv":[2,0.875,4,1.625],"texture":"#1"},"east":{"uv":[5.75,1.375,7.75,2.125],"texture":"#1"},"south":{"uv":[4.875,0.375,6.875,1.125],"texture":"#1"},"west":{"uv":[6,1.375,8,2.125],"texture":"#1"},"up":{"uv":[4.5,0.375,6.5,2.375],"texture":"#1"},"down":{"uv":[6.125,0.5,8.125,2.5],"texture":"#1"}}},{"from":[14,-0.02697,-0.75609],"to":[15.75,0.72303,-0.00609],"rotation":{"angle":0,"axis":"y","origin":[8,7.97303,7.99391]},"faces":{"north":{"uv":[2,0.875,4,1.625],"texture":"#1"},"east":{"uv":[5.75,1.375,7.75,2.125],"texture":"#1"},"south":{"uv":[4.875,0.375,6.875,1.125],"texture":"#1"},"west":{"uv":[6,1.375,8,2.125],"texture":"#1"},"up":{"uv":[4.5,0.375,6.5,2.375],"rotation":270,"texture":"#1"},"down":{"uv":[6.125,0.5,8.125,2.5],"rotation":90,"texture":"#1"}}},{"from":[0.25,-0.02697,-0.78609],"to":[1,0.72303,0.96391],"rotation":{"angle":0,"axis":"y","origin":[8,7.97303,7.96391]},"faces":{"north":{"uv":[2,0.875,4,1.625],"texture":"#1"},"east":{"uv":[5.75,1.375,7.75,2.125],"texture":"#1"},"south":{"uv":[4.875,0.375,6.875,1.125],"texture":"#1"},"west":{"uv":[6,1.375,8,2.125],"texture":"#1"},"up":{"uv":[4.5,0.375,6.5,2.375],"rotation":180,"texture":"#1"},"down":{"uv":[6.125,0.5,8.125,2.5],"rotation":180,"texture":"#1"}}},{"from":[0.25,-0.02697,16.02609],"to":[2,0.72303,16.77609],"rotation":{"angle":0,"axis":"y","origin":[8,7.97303,8.02609]},"faces":{"north":{"uv":[2,0.875,4,1.625],"texture":"#1"},"east":{"uv":[5.75,1.375,7.75,2.125],"texture":"#1"},"south":{"uv":[4.875,0.375,6.875,1.125],"texture":"#1"},"west":{"uv":[6,1.375,8,2.125],"texture":"#1"},"up":{"uv":[4.5,0.375,6.5,2.375],"rotation":90,"texture":"#1"},"down":{"uv":[6.125,0.5,8.125,2.5],"rotation":270,"texture":"#1"}}},{"from":[14,-0.02697,16.02609],"to":[15.75,0.72303,16.77609],"rotation":{"angle":0,"axis":"y","origin":[8,7.97303,8.02609]},"faces":{"north":{"uv":[2,0.875,4,1.625],"texture":"#1"},"east":{"uv":[5.75,1.375,7.75,2.125],"texture":"#1"},"south":{"uv":[4.875,0.375,6.875,1.125],"texture":"#1"},"west":{"uv":[6,1.375,8,2.125],"texture":"#1"},"up":{"uv":[4.5,0.375,6.5,2.375],"rotation":270,"texture":"#1"},"down":{"uv":[6.125,0.5,8.125,2.5],"rotation":90,"texture":"#1"}}},{"from":[15,-0.02697,-0.75609],"to":[15.75,0.72303,0.99391],"rotation":{"angle":0,"axis":"y","origin":[8,7.97303,7.99391]},"faces":{"north":{"uv":[2,0.875,4,1.625],"texture":"#1"},"east":{"uv":[5.75,1.375,7.75,2.125],"texture":"#1"},"south":{"uv":[4.875,0.375,6.875,1.125],"texture":"#1"},"west":{"uv":[6,1.375,8,2.125],"texture":"#1"},"up":{"uv":[4.5,0.375,6.5,2.375],"rotation":180,"texture":"#1"},"down":{"uv":[6.125,0.5,8.125,2.5],"rotation":180,"texture":"#1"}}},{"from":[0.25,-0.02697,-0.78609],"to":[2,0.72303,-0.03609],"rotation":{"angle":0,"axis":"y","origin":[8,7.97303,7.96391]},"faces":{"north":{"uv":[2,0.875,4,1.625],"texture":"#1"},"east":{"uv":[5.75,1.375,7.75,2.125],"texture":"#1"},"south":{"uv":[4.875,0.375,6.875,1.125],"texture":"#1"},"west":{"uv":[6,1.375,8,2.125],"texture":"#1"},"up":{"uv":[4.5,0.375,6.5,2.375],"rotation":90,"texture":"#1"},"down":{"uv":[6.125,0.5,8.125,2.5],"rotation":270,"texture":"#1"}}},{"from":[0.25,-0.02697,15.02609],"to":[1,0.72303,16.77609],"rotation":{"angle":0,"axis":"y","origin":[8,7.97303,8.02609]},"faces":{"north":{"uv":[2,0.875,4,1.625],"texture":"#1"},"east":{"uv":[5.75,1.375,7.75,2.125],"texture":"#1"},"south":{"uv":[4.875,0.375,6.875,1.125],"texture":"#1"},"west":{"uv":[6,1.375,8,2.125],"texture":"#1"},"up":{"uv":[4.5,0.375,6.5,2.375],"texture":"#1"},"down":{"uv":[6.125,0.5,8.125,2.5],"texture":"#1"}}},{"from":[0.75,29.7,2.52348],"to":[1,30.7,4.52348],"rotation":{"angle":22.5,"axis":"x","origin":[8,7,8.02348]},"faces":{"north":{"uv":[3.5,0.625,5.5,1.375],"texture":"#1"},"east":{"uv":[4.125,1,6.125,1.75],"texture":"#1"},"south":{"uv":[2.5,0.625,4.5,1.375],"texture":"#1"},"west":{"uv":[3.375,0.625,5.375,1.375],"texture":"#1"},"up":{"uv":[4.5,0.375,6.5,2.375],"texture":"#1"},"down":{"uv":[5.75,0.5,7.75,2.5],"texture":"#1"}}},{"from":[0.75,26.5392,-4.28145],"to":[1,27.5392,-2.28145],"rotation":{"angle":45,"axis":"x","origin":[8,6.9892,8.04355]},"faces":{"north":{"uv":[3.5,0.625,5.5,1.375],"texture":"#1"},"east":{"uv":[4.125,1,6.125,1.75],"texture":"#1"},"south":{"uv":[2.5,0.625,4.5,1.375],"texture":"#1"},"west":{"uv":[3.375,0.625,5.375,1.375],"texture":"#1"},"up":{"uv":[4.5,0.375,6.5,2.375],"texture":"#1"},"down":{"uv":[5.75,0.5,7.75,2.5],"texture":"#1"}}},{"from":[0.75,22.3977,22.08568],"to":[1,24.3977,23.08568],"rotation":{"angle":-22.5,"axis":"x","origin":[8,6.9727,8.06068]},"faces":{"north":{"uv":[3.5,0.625,5.5,1.375],"texture":"#1"},"east":{"uv":[4.125,1,6.125,1.75],"texture":"#1"},"south":{"uv":[2.5,0.625,4.5,1.375],"texture":"#1"},"west":{"uv":[3.375,0.625,5.375,1.375],"texture":"#1"},"up":{"uv":[4.5,0.375,6.5,2.375],"texture":"#1"},"down":{"uv":[5.75,0.5,7.75,2.5],"texture":"#1"}}},{"from":[1,22.397,-7.07394],"to":[15,24.397,-6.07394],"rotation":{"angle":22.5,"axis":"x","origin":[9,6.972,7.95106]},"faces":{"north":{"uv":[5,5.125,7,5.875],"rotation":180,"texture":"#1"},"east":{"uv":[4.5,4.625,6.5,5.375],"rotation":90,"texture":"#1"},"south":{"uv":[4.375,7.125,6.375,7.875],"texture":"#1"},"west":{"uv":[5.625,5.25,7.625,6],"rotation":270,"texture":"#1"},"up":{"uv":[4.75,6.375,6.75,8.375],"texture":"#1"},"down":{"uv":[6.75,5.125,8.75,7.125],"rotation":180,"texture":"#1"}}},{"from":[1,29.6993,11.48826],"to":[15,30.6993,13.48826],"rotation":{"angle":-22.5,"axis":"x","origin":[9,6.9993,7.98826]},"faces":{"north":{"uv":[5,5.125,7,5.875],"texture":"#1"},"east":{"uv":[4.5,4.625,6.5,5.375],"texture":"#1"},"south":{"uv":[4.375,7.125,6.375,7.875],"texture":"#1"},"west":{"uv":[5.625,5.25,7.625,6],"texture":"#1"},"up":{"uv":[4.75,6.375,6.75,8.375],"texture":"#1"},"down":{"uv":[6.75,5.125,8.75,7.125],"texture":"#1"}}},{"from":[1,30,4],"to":[15,31,12],"faces":{"north":{"uv":[5,5.125,7,5.875],"texture":"#1"},"east":{"uv":[4.5,4.625,6.5,5.375],"texture":"#1"},"south":{"uv":[4.375,7.125,6.375,7.875],"texture":"#1"},"west":{"uv":[5.625,5.25,7.625,6],"texture":"#1"},"up":{"uv":[4.75,6.375,6.75,8.375],"texture":"#1"},"down":{"uv":[6.75,5.125,8.75,7.125],"texture":"#1"}}},{"from":[1,29.6993,2.51174],"to":[15,30.6993,4.51174],"rotation":{"angle":22.5,"axis":"x","origin":[9,6.9993,8.01174]},"faces":{"north":{"uv":[5,5.125,7,5.875],"texture":"#1"},"east":{"uv":[4.5,4.625,6.5,5.375],"texture":"#1"},"south":{"uv":[4.375,7.125,6.375,7.875],"texture":"#1"},"west":{"uv":[5.625,5.25,7.625,6],"texture":"#1"},"up":{"uv":[4.75,6.375,6.75,8.375],"texture":"#1"},"down":{"uv":[6.75,5.125,8.75,7.125],"texture":"#1"}}},{"from":[1,26.5385,-4.29319],"to":[15,27.5385,-2.29319],"rotation":{"angle":45,"axis":"x","origin":[9,6.9885,8.03181]},"faces":{"north":{"uv":[5,5.125,7,5.875],"texture":"#1"},"east":{"uv":[4.5,4.625,6.5,5.375],"texture":"#1"},"south":{"uv":[4.375,7.125,6.375,7.875],"texture":"#1"},"west":{"uv":[5.625,5.25,7.625,6],"texture":"#1"},"up":{"uv":[4.75,6.375,6.75,8.375],"texture":"#1"},"down":{"uv":[6.75,5.125,8.75,7.125],"texture":"#1"}}},{"from":[1,23,0.8],"to":[15,28,15.3],"faces":{"north":{"uv":[0,0,15.25,15.875],"texture":"#2"},"east":{"uv":[2.125,4.625,11.5,5.781],"texture":"#1"},"south":{"uv":[0,0,15.75,16],"texture":"#2"},"west":{"uv":[2.25,4.5,11.75,7.156],"texture":"#1"},"up":{"uv":[6.875,4.25,9.625,7.375],"texture":"#1"},"down":{"uv":[0,0,15.5,15.5],"texture":"#2"}}},{"from":[0.75,-0.02697,-0.28609],"to":[2,26.97303,-0.03609],"rotation":{"angle":0,"axis":"y","origin":[8,7.97303,7.96391]},"faces":{"north":{"uv":[2,0.875,4,1.625],"texture":"#1"},"east":{"uv":[5.75,1.375,7.75,2.125],"texture":"#1"},"south":{"uv":[4.875,0.375,6.875,1.125],"texture":"#1"},"west":{"uv":[6,1.375,8,2.125],"texture":"#1"},"up":{"uv":[4.5,0.375,6.5,2.375],"rotation":90,"texture":"#1"},"down":{"uv":[6.125,0.5,8.125,2.5],"rotation":270,"texture":"#1"}}},{"from":[1,28,1],"to":[15,29,15],"faces":{"north":{"uv":[0,0,15.25,15.875],"texture":"#1"},"east":{"uv":[2.125,4.625,11.5,5.781],"texture":"#1"},"south":{"uv":[0,0,15.75,16],"texture":"#1"},"west":{"uv":[2.25,4.5,11.75,7.156],"texture":"#1"},"up":{"uv":[4.75,4.75,9,8.5],"texture":"#1"},"down":{"uv":[5.625,5.25,10.875,8.5],"texture":"#1"}}},{"from":[1,29,2],"to":[15,30,14],"faces":{"north":{"uv":[0,0,15.25,15.875],"texture":"#1"},"east":{"uv":[2.125,4.625,11.5,5.781],"texture":"#1"},"south":{"uv":[0,0,15.75,16],"texture":"#1"},"west":{"uv":[2.25,4.5,11.75,7.156],"texture":"#1"},"up":{"uv":[4.75,4.75,9,8.5],"texture":"#1"},"down":{"uv":[5.625,5.25,10.875,8.5],"texture":"#1"}}},{"from":[0.75,31,4.035],"to":[2,31.24,11.955],"faces":{"north":{"uv":[3.5,0.625,5.5,1.375],"texture":"#1"},"east":{"uv":[4.125,1,6.125,1.75],"texture":"#1"},"south":{"uv":[2.5,0.625,4.5,1.375],"texture":"#1"},"west":{"uv":[3.375,0.625,5.375,1.375],"texture":"#1"},"up":{"uv":[4.5,0.375,6.5,2.375],"texture":"#1"},"down":{"uv":[5.75,0.5,7.75,2.5],"texture":"#1"}}},{"from":[0.75,22.29218,23.04389],"to":[2,24.39218,23.29389],"rotation":{"angle":-22.5,"axis":"x","origin":[-4,6.99218,8.01889]},"faces":{"north":{"uv":[3.5,0.625,5.5,1.375],"texture":"#1"},"east":{"uv":[4.125,1,6.125,1.75],"texture":"#1"},"south":{"uv":[2.5,0.625,4.5,1.375],"texture":"#1"},"west":{"uv":[3.375,0.625,5.375,1.375],"texture":"#1"},"up":{"uv":[4.5,0.375,6.5,2.375],"texture":"#1"},"down":{"uv":[5.75,0.5,7.75,2.5],"texture":"#1"}}},{"from":[1,22.397,22.07394],"to":[15,24.397,23.07394],"rotation":{"angle":-22.5,"axis":"x","origin":[9,6.972,8.04894]},"faces":{"north":{"uv":[5,5.125,7,5.875],"texture":"#1"},"east":{"uv":[4.5,4.625,6.5,5.375],"texture":"#1"},"south":{"uv":[4.375,7.125,6.375,7.875],"texture":"#1"},"west":{"uv":[5.625,5.25,7.625,6],"texture":"#1"},"up":{"uv":[4.75,6.375,6.75,8.375],"texture":"#1"},"down":{"uv":[6.75,5.125,8.75,7.125],"texture":"#1"}}},{"from":[0.75,27.51786,-4.31252],"to":[2,27.76786,-2.21252],"rotation":{"angle":45,"axis":"x","origin":[-4,6.99286,8.01248]},"faces":{"north":{"uv":[3.5,0.625,5.5,1.375],"texture":"#1"},"east":{"uv":[4.125,1,6.125,1.75],"texture":"#1"},"south":{"uv":[2.5,0.625,4.5,1.375],"texture":"#1"},"west":{"uv":[3.375,0.625,5.375,1.375],"texture":"#1"},"up":{"uv":[4.5,0.375,6.5,2.375],"texture":"#1"},"down":{"uv":[5.75,0.5,7.75,2.5],"texture":"#1"}}},{"from":[0.75,30.65745,2.37686],"to":[2,30.90745,4.57686],"rotation":{"angle":22.5,"axis":"x","origin":[-4,6.99745,8.00186]},"faces":{"north":{"uv":[3.5,0.625,5.5,1.375],"texture":"#1"},"east":{"uv":[4.125,1,6.125,1.75],"texture":"#1"},"south":{"uv":[2.5,0.625,4.5,1.375],"texture":"#1"},"west":{"uv":[3.375,0.625,5.375,1.375],"texture":"#1"},"up":{"uv":[4.5,0.375,6.5,2.375],"texture":"#1"},"down":{"uv":[5.75,0.5,7.75,2.5],"texture":"#1"}}},{"from":[0.75,30.66012,11.41261],"to":[2,30.91012,13.61261],"rotation":{"angle":-22.5,"axis":"x","origin":[-4,7.00012,7.99461]},"faces":{"north":{"uv":[3.5,0.625,5.5,1.375],"texture":"#1"},"east":{"uv":[4.125,1,6.125,1.75],"texture":"#1"},"south":{"uv":[2.5,0.625,4.5,1.375],"texture":"#1"},"west":{"uv":[3.375,0.625,5.375,1.375],"texture":"#1"},"up":{"uv":[4.5,0.375,6.5,2.375],"texture":"#1"},"down":{"uv":[5.75,0.5,7.75,2.5],"texture":"#1"}}},{"from":[1,26.5385,18.29319],"to":[15,27.5385,20.29319],"rotation":{"angle":-45,"axis":"x","origin":[9,6.9885,7.96819]},"faces":{"north":{"uv":[5,5.125,7,5.875],"texture":"#1"},"east":{"uv":[4.5,4.625,6.5,5.375],"texture":"#1"},"south":{"uv":[4.375,7.125,6.375,7.875],"texture":"#1"},"west":{"uv":[5.625,5.25,7.625,6],"texture":"#1"},"up":{"uv":[4.75,6.375,6.75,8.375],"texture":"#1"},"down":{"uv":[6.75,5.125,8.75,7.125],"texture":"#1"}}},{"from":[0.75,27.51786,18.20252],"to":[2,27.76786,20.30252],"rotation":{"angle":-45,"axis":"x","origin":[-4,6.99286,7.97752]},"faces":{"north":{"uv":[3.5,0.625,5.5,1.375],"texture":"#1"},"east":{"uv":[4.125,1,6.125,1.75],"texture":"#1"},"south":{"uv":[2.5,0.625,4.5,1.375],"texture":"#1"},"west":{"uv":[3.375,0.625,5.375,1.375],"texture":"#1"},"up":{"uv":[4.5,0.375,6.5,2.375],"texture":"#1"},"down":{"uv":[5.75,0.5,7.75,2.5],"texture":"#1"}}},{"from":[0.75,22.29218,-7.30389],"to":[2,24.39218,-7.05389],"rotation":{"angle":22.5,"axis":"x","origin":[-4,6.99218,7.97111]},"faces":{"north":{"uv":[3.5,0.625,5.5,1.375],"rotation":180,"texture":"#1"},"east":{"uv":[4.125,1,6.125,1.75],"rotation":90,"texture":"#1"},"south":{"uv":[2.5,0.625,4.5,1.375],"texture":"#1"},"west":{"uv":[3.375,0.625,5.375,1.375],"rotation":270,"texture":"#1"},"up":{"uv":[4.5,0.375,6.5,2.375],"texture":"#1"},"down":{"uv":[5.75,0.5,7.75,2.5],"rotation":180,"texture":"#1"}}},{"from":[1.5,1,0.9],"to":[14.5,2,15.1],"faces":{"north":{"uv":[5.125,7.125,7.125,7.875],"texture":"#1"},"east":{"uv":[5.5,7.25,7.5,8],"texture":"#1"},"south":{"uv":[4.375,4.25,6.375,5],"texture":"#1"},"west":{"uv":[4.375,6.25,6.375,7],"texture":"#1"},"up":{"uv":[5,11,7,13],"texture":"#2"},"down":{"uv":[6.5,5.625,8.5,7.625],"texture":"#1"}}}],"display":{"thirdperson_righthand":{"rotation":[67.5,0,0],"scale":[0.3,0.3,0.3]},"thirdperson_lefthand":{"rotation":[67.5,0,0],"scale":[0.3,0.3,0.3]},"firstperson_righthand":{"scale":[0.3,0.3,0.3]},"firstperson_lefthand":{"scale":[0.3,0.3,0.3]},"gui":{"rotation":[0,120,0],"translation":[0,-4.5,0],"scale":[0.6,0.6,0.6]},"head":{"rotation":[0,90,0],"translation":[0,-33.96,0],"scale":[1.3,1.155,1.3]},"fixed":{"rotation":[0,90,0],"translation":[0,-5.75,-0.5],"scale":[0.75,0.75,0.75]}},"groups":[0,1,2,3,4,5,6,7,8,9,{"name":"frame1","origin":[8,8,8],"children":[10,11]},{"name":"frame2","origin":[8,8,8],"children":[{"name":"group","origin":[8,8,8],"children":[12,13,14,15,16,17,18,19,20,21,22,23,24,25,26,27,28,29]},30,31,32,33,34,35,36,37,38,39,40,41,42,43,44,45,46,47]},{"name":"group","origin":[8,8,8],"children":[48,49,50,51,52]},53,54,55,56,57,58,59,60,61,62,63,64,65,66]}