{
	"credit": "Made with Blockbench",
	"textures": {
		"f": "block/coal_block",
		"coal_block": "block/snow",
		"quartz_block_side": "block/quartz_block_bottom"
	},
	"elements": [
		{
			"from": [1.7, 10.08, 6.48],
			"to": [14.3, 16.38, 31.05],
			"faces": {
				"north": {"uv": [3, 3, 13, 8], "texture": "#coal_block"},
				"east": {"uv": [0, 3, 10, 8], "texture": "#coal_block"},
				"south": {"uv": [3, 3, 13, 8], "texture": "#coal_block"},
				"west": {"uv": [6, 3, 16, 8], "texture": "#coal_block"},
				"up": {"uv": [3, 6, 13, 16], "texture": "#coal_block"},
				"down": {"uv": [13, 16, 3, 6], "texture": "#coal_block"}
			}
		},
		{
			"from": [3.59, 5.67, -2.97],
			"to": [12.41, 12.6, 10.26],
			"faces": {
				"north": {"uv": [4.5, 6, 11.5, 11.5], "texture": "#coal_block"},
				"east": {"uv": [0, 6, 10.5, 11.5], "texture": "#coal_block"},
				"south": {"uv": [4.5, 6, 11.5, 11.5], "texture": "#coal_block"},
				"west": {"uv": [0, 6, 10.5, 11.5], "texture": "#coal_block"},
				"up": {"uv": [4.5, 0, 11.5, 10.5], "texture": "#coal_block"},
				"down": {"uv": [4.5, 0, 11.5, 10.5], "texture": "#coal_block"}
			}
		},
		{
			"from": [4.22, 10.08, -10.53],
			"to": [11.78, 15.75, 0.81],
			"rotation": {"angle": 22.5, "axis": "x", "origin": [4.22, 15.75, -10.53]},
			"faces": {
				"north": {"uv": [4.1875, 0.25, 11.6875, 5.875], "texture": "#coal_block"},
				"east": {"uv": [0, 0.25, 11.3125, 5.875], "texture": "#coal_block"},
				"south": {"uv": [4.1875, 0.25, 11.6875, 5.875], "texture": "#coal_block"},
				"west": {"uv": [0, 0.25, 11.3125, 5.875], "texture": "#coal_block"},
				"up": {"uv": [4.1875, 0, 11.6875, 11.3125], "texture": "#coal_block"},
				"down": {"uv": [4, 0, 11.5, 11.3125], "texture": "#coal_block"}
			}
		},
		{
			"from": [2.33, 9.45, -14.94],
			"to": [13.67, 11.97, -8.01],
			"rotation": {"angle": -45, "axis": "x", "origin": [2.33, 11.97, -14.94]},
			"faces": {
				"north": {"uv": [0, 0, 9.5, 2], "texture": "#coal_block"},
				"east": {"uv": [0, 0, 5, 1.5], "texture": "#coal_block"},
				"south": {"uv": [0, 0, 12, 2], "texture": "#coal_block"},
				"west": {"uv": [0, 0, 4, 1.5], "texture": "#coal_block"},
				"up": {"uv": [0, 0, 11, 6.5], "texture": "#coal_block"},
				"down": {"uv": [0, 0, 10.5, 6.5], "texture": "#coal_block"}
			}
		},
		{
			"from": [-2.71, 10.71, -10.53],
			"to": [18.71, 17.01, -9.27],
			"rotation": {"angle": 45, "axis": "x", "origin": [-2.71, 17.01, -10.53]},
			"faces": {
				"north": {"uv": [0, 0, 16, 6.5], "texture": "#coal_block"},
				"east": {"uv": [0, 0, 16, 5.5], "texture": "#coal_block"},
				"south": {"uv": [0, 0, 16, 5.5], "texture": "#coal_block"},
				"west": {"uv": [0, 0, 16, 6.5], "texture": "#coal_block"},
				"up": {"uv": [0, 0, 16, 6.5], "texture": "#coal_block"},
				"down": {"uv": [0, 0, 16, 5.5], "texture": "#coal_block"}
			}
		},
		{
			"from": [-5.86, 12.6, -10.53],
			"to": [22.49, 17.01, -9.27],
			"rotation": {"angle": 45, "axis": "x", "origin": [-5.86, 17.01, -10.53]},
			"faces": {
				"north": {"uv": [0, 0, 16, 6], "texture": "#coal_block"},
				"east": {"uv": [0, 0, 16, 2], "texture": "#coal_block"},
				"south": {"uv": [0, 0, 16, 6], "texture": "#coal_block"},
				"west": {"uv": [0, 0, 16, 1.5], "texture": "#coal_block"},
				"up": {"uv": [0, 0, 16, 1.5], "texture": "#coal_block"},
				"down": {"uv": [0, 0, 16, 2], "texture": "#coal_block"}
			}
		},
		{
			"from": [-3.34, 7.56, 13.41],
			"to": [9.26, 8.19, 20.97],
			"rotation": {"angle": 22.5, "axis": "z", "origin": [-3.34, 8.19, 13.41]},
			"faces": {
				"north": {"uv": [8.5, 15, 16, 15.5], "texture": "#coal_block"},
				"east": {"uv": [7, 15, 13, 15.5], "texture": "#coal_block"},
				"south": {"uv": [0, 15, 7.5, 15.5], "texture": "#coal_block"},
				"west": {"uv": [3, 15, 9, 15.5], "texture": "#coal_block"},
				"up": {"uv": [0, 3, 7.5, 9], "texture": "#coal_block"},
				"down": {"uv": [16, 9, 8.5, 3], "texture": "#coal_block"}
			}
		},
		{
			"from": [8, 11.97, 13.41],
			"to": [20.6, 12.6, 20.97],
			"rotation": {"angle": -22.5, "axis": "z", "origin": [8, 12.6, 13.41]},
			"faces": {
				"north": {"uv": [8.5, 15, 16, 15.5], "texture": "#coal_block"},
				"east": {"uv": [7, 15, 13, 15.5], "texture": "#coal_block"},
				"south": {"uv": [0, 15, 7.5, 15.5], "texture": "#coal_block"},
				"west": {"uv": [3, 15, 9, 15.5], "texture": "#coal_block"},
				"up": {"uv": [0, 3, 7.5, 9], "texture": "#coal_block"},
				"down": {"uv": [16, 9, 8.5, 3], "texture": "#coal_block"}
			}
		},
		{
			"from": [7.37, 15.75, 19.08],
			"to": [8.63, 17.01, 20.34],
			"faces": {
				"north": {"uv": [7.5, 2.5, 8.5, 3.5], "texture": "#coal_block"},
				"east": {"uv": [0, 2.5, 0, 3.5], "texture": "#coal_block"},
				"south": {"uv": [7.5, 2.5, 8.5, 3.5], "texture": "#coal_block"},
				"west": {"uv": [16, 2.5, 16, 3.5], "texture": "#coal_block"},
				"up": {"uv": [7.5, 16, 8.5, 16], "texture": "#coal_block"},
				"down": {"uv": [8.5, 16, 7.5, 16], "texture": "#coal_block"}
			}
		},
		{
			"from": [3.59, 5.67, -1.71],
			"to": [12.41, 12.6, 7.11],
			"rotation": {"angle": -22.5, "axis": "x", "origin": [3.59, 12.6, -1.71]},
			"faces": {
				"north": {"uv": [4.5, 6, 11.5, 11.5], "texture": "#coal_block"},
				"east": {"uv": [0, 6, 10.5, 11.5], "texture": "#coal_block"},
				"south": {"uv": [4.5, 6, 11.5, 11.5], "texture": "#coal_block"},
				"west": {"uv": [0, 6, 10.5, 11.5], "texture": "#coal_block"},
				"up": {"uv": [4.5, 0, 11.5, 10.5], "texture": "#coal_block"},
				"down": {"uv": [4.5, 0, 11.5, 10.5], "texture": "#coal_block"}
			}
		},
		{
			"from": [3.59, 8.19, 0.18],
			"to": [12.41, 13.23, 9.63],
			"rotation": {"angle": 22.5, "axis": "x", "origin": [3.59, 13.23, 0.18]},
			"faces": {
				"north": {"uv": [4.5, 6, 11.5, 11.5], "texture": "#coal_block"},
				"east": {"uv": [0, 6, 10.5, 11.5], "texture": "#coal_block"},
				"south": {"uv": [4.5, 6, 11.5, 11.5], "texture": "#coal_block"},
				"west": {"uv": [0, 6, 10.5, 11.5], "texture": "#coal_block"},
				"up": {"uv": [4.5, 0, 11.5, 10.5], "texture": "#coal_block"},
				"down": {"uv": [4.5, 0, 11.5, 10.5], "texture": "#coal_block"}
			}
		},
		{
			"from": [1.7, 5.04, 7.11],
			"to": [14.3, 13.23, 14.67],
			"faces": {
				"north": {"uv": [3, 5.5, 13, 12], "texture": "#coal_block"},
				"east": {"uv": [3.5, 5.5, 9.5, 12], "texture": "#coal_block"},
				"south": {"uv": [3, 5.5, 13, 12], "texture": "#coal_block"},
				"west": {"uv": [6.5, 5.5, 12.5, 12], "texture": "#coal_block"},
				"up": {"uv": [3, 6.5, 13, 12.5], "texture": "#coal_block"},
				"down": {"uv": [13, 12.5, 3, 6.5], "texture": "#coal_block"}
			}
		},
		{
			"from": [1.7, 7.56, 7.74],
			"to": [14.3, 11.34, 19.08],
			"faces": {
				"north": {"uv": [3, 7, 13, 10], "texture": "#coal_block"},
				"east": {"uv": [0, 7, 9, 10], "texture": "#coal_block"},
				"south": {"uv": [3, 7, 13, 10], "texture": "#coal_block"},
				"west": {"uv": [7, 7, 16, 10], "texture": "#coal_block"},
				"up": {"uv": [3, 7, 13, 16], "texture": "#coal_block"},
				"down": {"uv": [13, 16, 3, 7], "texture": "#coal_block"}
			}
		},
		{
			"from": [2.33, 5.04, 10.89],
			"to": [13.67, 10.08, 25.38],
			"faces": {
				"north": {"uv": [0, 0, 16, 16], "texture": "#quartz_block_side"},
				"east": {"uv": [0, 0, 16, 16], "texture": "#quartz_block_side"},
				"south": {"uv": [0, 0, 16, 16], "texture": "#quartz_block_side"},
				"west": {"uv": [0, 0, 16, 16], "texture": "#quartz_block_side"},
				"up": {"uv": [0, 0, 16, 16], "texture": "#quartz_block_side"},
				"down": {"uv": [0, 0, 16, 16], "texture": "#quartz_block_side"}
			}
		},
		{
			"from": [2.33, 3.78, 22.23],
			"to": [13.67, 8.19, 29.79],
			"rotation": {"angle": -45, "axis": "x", "origin": [2.33, 8.19, 22.23]},
			"faces": {
				"north": {"uv": [0, 0, 16, 16], "texture": "#quartz_block_side"},
				"east": {"uv": [0, 0, 16, 16], "texture": "#quartz_block_side"},
				"south": {"uv": [0, 0, 16, 16], "texture": "#quartz_block_side"},
				"west": {"uv": [0, 0, 16, 16], "texture": "#quartz_block_side"},
				"up": {"uv": [0, 0, 16, 16], "texture": "#quartz_block_side"},
				"down": {"uv": [0, 0, 16, 16], "texture": "#quartz_block_side"}
			}
		},
		{
			"from": [1.07, 11.35, 22.86],
			"to": [14.93, 13.23, 24.74],
			"faces": {
				"north": {"uv": [2.5, 5.5, 13.5, 6], "texture": "#f"},
				"east": {"uv": [0, 5.5, 0, 6], "texture": "#f"},
				"south": {"uv": [2.5, 5.5, 13.5, 6], "texture": "#f"},
				"west": {"uv": [16, 5.5, 16, 6], "texture": "#f"},
				"up": {"uv": [2.5, 16, 13.5, 16], "texture": "#f"},
				"down": {"uv": [13.5, 16, 2.5, 16], "texture": "#f"}
			}
		}
	],
	"display": {
		"ground": {
			"translation": [0, -6.7, 0],
			"scale": [2, 2, 2]
		},
		"head": {
			"rotation": [0, 180, 0],
			"translation": [0, -11.1, 0],
			"scale": [2, 2, 2]
		},
		"fixed": {
			"rotation": [0, 91, 0],
			"translation": [0, 0, -15],
			"scale": [2, 2, 2]
		}
	}
}