{
	"parent": "item/handheld",
	"textures": {
		"layer0": "item/iron_hoe"
	},
	"overrides": [
		{ "predicate": { "damage": 0 }, "model": "item/iron_hoe" },
		{ "predicate": { "damaged": 0, "damage": 0.004 }, "model": "projectthree/GreatWhite2" },
		{ "predicate": { "damaged": 0, "damage": 0.008 }, "model": "projectthree/GreatwhiteTOP" },
		{ "predicate": { "damaged": 0, "damage": 0.012 }, "model": "projectthree/Steeleel" },
		{ "predicate": { "damaged": 0, "damage": 0.016 }, "model": "projectthree/SteeleelCR" },
		{ "predicate": { "damaged": 0, "damage": 0.02 }, "model": "projectthree/SteeleelNose" },
		{ "predicate": { "damaged": 0, "damage": 0.024 }, "model": "projectthree/WaveBreaker" },
		{ "predicate": { "damaged": 0, "damage": 0.028 }, "model": "projectthree/WaveBreakerCR" },
		{ "predicate": { "damaged": 0, "damage": 0.032 }, "model": "projectthree/BigWheelBlue" },
		{ "predicate": { "damaged": 0, "damage": 0.036 }, "model": "projectthree/BigWheelGreen" },
		{ "predicate": { "damaged": 0, "damage": 0.04 }, "model": "projectthree/SesameDTWR" },
		{ "predicate": { "damaged": 0, "damage": 0.044 }, "model": "projectthree/SGBCDFR" },
		{ "predicate": { "damaged": 0, "damage": 0.048 }, "model": "projectthree/SGBCDCR" },
		{ "predicate": { "damaged": 0, "damage": 0.052 }, "model": "projectthree/RioLocoRaft" },
		{ "predicate": { "damaged": 0, "damage": 0.056 }, "model": "projectthree/JTA" },
		{ "predicate": { "damaged": 0, "damage": 0.06 }, "model": "projectthree/JTAREAR" },
		{ "predicate": { "damaged": 0, "damage": 0.064 }, "model": "item/iron_hoe16" },
		{ "predicate": { "damaged": 0, "damage": 0.068 }, "model": "item/iron_hoe17" },
		{ "predicate": { "damaged": 0, "damage": 0.072 }, "model": "item/iron_hoe18" },
		{ "predicate": { "damaged": 0, "damage": 0.076 }, "model": "item/iron_hoe19" },
		{ "predicate": { "damaged": 0, "damage": 0.08 }, "model": "item/iron_hoe20" },
		{ "predicate": { "damaged": 0, "damage": 0.084 }, "model": "item/iron_hoe21" },
		{ "predicate": { "damaged": 0, "damage": 0.088 }, "model": "item/iron_hoe22" },
		{ "predicate": { "damaged": 0, "damage": 0.092 }, "model": "item/iron_hoe23" },
		{ "predicate": { "damaged": 0, "damage": 0.096 }, "model": "item/iron_hoe24" },
		{ "predicate": { "damaged": 0, "damage": 0.1 }, "model": "item/iron_hoe25" },
		{ "predicate": { "damaged": 0, "damage": 0.104 }, "model": "item/iron_hoe26" },
		{ "predicate": { "damaged": 0, "damage": 0.108 }, "model": "item/iron_hoe27" },
		{ "predicate": { "damaged": 0, "damage": 0.112 }, "model": "item/iron_hoe28" },
		{ "predicate": { "damaged": 0, "damage": 0.116 }, "model": "item/iron_hoe29" },
		{ "predicate": { "damaged": 0, "damage": 0.12 }, "model": "item/iron_hoe30" },
		{ "predicate": { "damaged": 1 }, "model": "item/iron_hoe" }
	]
}