{
	"credit": "Made with Blockbench",
	"textures": {
		"0": "block/spruce_planks",
		"1": "block/polished_granite",
		"2": "block/anvil",
		"3": "block/light_gray_wool",
		"4": "block/gray_wool",
		"5": "block/blue_wool",
		"6": "block/lime_terracotta"
	},
	"elements": [
		{
			"name": "base1",
			"from": [0, 0, 0],
			"to": [1, 1, 16],
			"faces": {
				"north": {"uv": [2, 6, 11, 7], "texture": "#0"},
				"east": {"uv": [0, 1, 16, 2], "texture": "#0"},
				"south": {"uv": [1, 6, 12, 7], "texture": "#0"},
				"west": {"uv": [0, 2, 16, 3], "texture": "#0"},
				"up": {"uv": [3, 2, 13, 3], "texture": "#0"},
				"down": {"uv": [4, 1, 8, 1], "texture": "#0"}
			}
		},
		{
			"name": "base2",
			"from": [1, 0, 15],
			"to": [15, 1, 16],
			"faces": {
				"north": {"uv": [2, 1, 13, 2], "texture": "#0"},
				"east": {"uv": [7, 6, 8, 7], "texture": "#0"},
				"south": {"uv": [2, 6, 13, 7], "texture": "#0"},
				"west": {"uv": [5, 5, 6, 6], "texture": "#0"},
				"up": {"uv": [3, 2, 13, 3], "texture": "#0"},
				"down": {"uv": [0, 0, 11, 1], "texture": "#0"}
			}
		},
		{
			"name": "base3",
			"from": [15, 0, 0],
			"to": [16, 1, 16],
			"faces": {
				"north": {"uv": [3, 6, 14, 7], "texture": "#0"},
				"east": {"uv": [1, 6, 2, 7], "texture": "#0"},
				"south": {"uv": [2, 6, 12, 7], "texture": "#0"},
				"west": {"uv": [0, 0, 16, 1], "texture": "#0"},
				"up": {"uv": [6, 2, 15, 1], "texture": "#0"},
				"down": {"uv": [5, 5, 10, 7], "texture": "#0"}
			}
		},
		{
			"name": "base4",
			"from": [1, 0, 0],
			"to": [2, 5, 15],
			"faces": {
				"north": {"uv": [0, 0, 1, 5], "texture": "#0"},
				"east": {"uv": [0, 0, 15, 5], "texture": "#0"},
				"south": {"uv": [0, 0, 1, 5], "texture": "#0"},
				"west": {"uv": [0, 0, 15, 5], "texture": "#0"},
				"up": {"uv": [0, 0, 1, 15], "texture": "#0"},
				"down": {"uv": [0, 0, 1, 15], "texture": "#0"}
			}
		},
		{
			"name": "base5",
			"from": [14, 0, 0],
			"to": [15, 5, 15],
			"faces": {
				"north": {"uv": [0, 0, 1, 5], "texture": "#0"},
				"east": {"uv": [0, 0, 15, 5], "texture": "#0"},
				"south": {"uv": [0, 0, 1, 5], "texture": "#0"},
				"west": {"uv": [0, 0, 15, 5], "texture": "#0"},
				"up": {"uv": [0, 0, 1, 15], "texture": "#0"},
				"down": {"uv": [0, 0, 1, 15], "texture": "#0"}
			}
		},
		{
			"name": "base6",
			"from": [2, 0, 14],
			"to": [14, 5, 15],
			"faces": {
				"north": {"uv": [0, 0, 9, 5], "texture": "#0"},
				"east": {"uv": [0, 0, 1, 5], "texture": "#0"},
				"south": {"uv": [0, 0, 16, 5], "texture": "#0"},
				"west": {"uv": [0, 0, 1, 5], "texture": "#0"},
				"up": {"uv": [0, 0, 9, 1], "texture": "#0"},
				"down": {"uv": [0, 0, 9, 1], "texture": "#0"}
			}
		},
		{
			"name": "base7",
			"from": [0, 4, 0],
			"to": [1, 5, 16],
			"faces": {
				"north": {"uv": [2, 6, 11, 7], "texture": "#0"},
				"east": {"uv": [0, 1, 16, 2], "texture": "#0"},
				"south": {"uv": [1, 6, 12, 7], "texture": "#0"},
				"west": {"uv": [0, 2, 16, 3], "texture": "#0"},
				"up": {"uv": [3, 2, 13, 3], "texture": "#0"},
				"down": {"uv": [4, 1, 8, 1], "texture": "#0"}
			}
		},
		{
			"name": "base8",
			"from": [1, 4, 15],
			"to": [15, 5, 16],
			"faces": {
				"north": {"uv": [2, 1, 13, 2], "texture": "#0"},
				"east": {"uv": [7, 6, 8, 7], "texture": "#0"},
				"south": {"uv": [2, 6, 13, 7], "texture": "#0"},
				"west": {"uv": [5, 5, 6, 6], "texture": "#0"},
				"up": {"uv": [3, 2, 13, 3], "texture": "#0"},
				"down": {"uv": [1, 2, 12, 3], "texture": "#0"}
			}
		},
		{
			"name": "base9",
			"from": [15, 4, 0],
			"to": [16, 5, 16],
			"faces": {
				"north": {"uv": [3, 6, 14, 7], "texture": "#0"},
				"east": {"uv": [1, 6, 2, 7], "texture": "#0"},
				"south": {"uv": [2, 6, 12, 7], "texture": "#0"},
				"west": {"uv": [0, 0, 16, 1], "texture": "#0"},
				"up": {"uv": [6, 2, 15, 1], "texture": "#0"},
				"down": {"uv": [5, 5, 10, 7], "texture": "#0"}
			}
		},
		{
			"name": "counter1",
			"from": [0, 5, 0],
			"to": [2, 5.3, 16],
			"faces": {
				"north": {"uv": [0, 0, 2, 0.3], "texture": "#1"},
				"east": {"uv": [0, 0, 16, 0.3], "texture": "#1"},
				"south": {"uv": [0, 0, 2, 0.3], "texture": "#1"},
				"west": {"uv": [0, 0, 16, 0.3], "texture": "#1"},
				"up": {"uv": [0, 0, 2, 16], "texture": "#1"},
				"down": {"uv": [0, 0, 2, 16], "texture": "#1"}
			}
		},
		{
			"name": "counter2",
			"from": [14, 5, 0],
			"to": [16, 5.3, 16],
			"faces": {
				"north": {"uv": [0, 0, 2, 0.3], "texture": "#1"},
				"east": {"uv": [0, 0, 16, 0.3], "texture": "#1"},
				"south": {"uv": [0, 0, 2, 0.3], "texture": "#1"},
				"west": {"uv": [0, 0, 16, 0.3], "texture": "#1"},
				"up": {"uv": [14, 0, 16, 16], "texture": "#1"},
				"down": {"uv": [0, 0, 2, 16], "texture": "#1"}
			}
		},
		{
			"name": "counter3",
			"from": [2, 5, 14],
			"to": [14, 5.3, 16],
			"faces": {
				"north": {"uv": [0, 0, 9, 0.3], "texture": "#1"},
				"east": {"uv": [0, 0, 2, 0.3], "texture": "#1"},
				"south": {"uv": [0, 0, 9, 0.3], "texture": "#1"},
				"west": {"uv": [0, 0, 2, 0.3], "texture": "#1"},
				"up": {"uv": [0, 14.25, 16, 16], "texture": "#1"},
				"down": {"uv": [0, 0, 9, 2], "texture": "#1"}
			}
		},
		{
			"name": "register1",
			"from": [3, 0, 3],
			"to": [13, 2, 13],
			"faces": {
				"north": {"uv": [0, 0, 7, 2], "texture": "#2"},
				"east": {"uv": [0, 0, 10, 2], "texture": "#2"},
				"south": {"uv": [0, 0, 7, 2], "texture": "#2"},
				"west": {"uv": [0, 0, 10, 2], "texture": "#2"},
				"up": {"uv": [0, 0, 7, 10], "texture": "#2"},
				"down": {"uv": [0, 0, 7, 10], "texture": "#2"}
			}
		},
		{
			"name": "register2",
			"from": [5.5, 2, 7],
			"to": [10.5, 2.7, 12],
			"faces": {
				"north": {"uv": [0, 0, 5, 0.7], "texture": "#3"},
				"east": {"uv": [0, 0, 5, 0.7], "texture": "#3"},
				"south": {"uv": [0, 0, 5, 0.7], "texture": "#3"},
				"west": {"uv": [0, 0, 5, 0.7], "texture": "#3"},
				"up": {"uv": [0, 0, 5, 5], "texture": "#3"},
				"down": {"uv": [0, 0, 5, 5], "texture": "#3"}
			}
		},
		{
			"name": "register3",
			"from": [7.5, 2, 9],
			"to": [8.5, 8, 10],
			"faces": {
				"north": {"uv": [0, 0, 1, 6], "texture": "#2"},
				"east": {"uv": [0, 0, 1, 6], "texture": "#2"},
				"south": {"uv": [0, 0, 1, 6], "texture": "#2"},
				"west": {"uv": [0, 0, 1, 6], "texture": "#2"},
				"up": {"uv": [0, 0, 1, 1], "texture": "#2"},
				"down": {"uv": [0, 0, 1, 1], "texture": "#2"}
			}
		},
		{
			"name": "register4",
			"from": [3, 5.6, 8.5],
			"to": [13, 12.1, 9.5],
			"faces": {
				"north": {"uv": [0, 0, 7, 6.5], "texture": "#3"},
				"east": {"uv": [0, 0, 1, 6.5], "texture": "#3"},
				"south": {"uv": [0, 0, 7, 6.5], "texture": "#3"},
				"west": {"uv": [0, 0, 1, 6.5], "texture": "#3"},
				"up": {"uv": [0, 0, 7, 1], "texture": "#3"},
				"down": {"uv": [0, 0, 7, 1], "texture": "#3"}
			}
		},
		{
			"name": "register5",
			"from": [6.5, 7, 9],
			"to": [9.5, 10, 9.8],
			"faces": {
				"north": {"uv": [0, 0, 3, 3], "texture": "#4"},
				"east": {"uv": [0, 0, 0.8, 3], "texture": "#4"},
				"south": {"uv": [0, 0, -11, -1], "texture": "#4"},
				"west": {"uv": [0, 0, 0.8, 3], "texture": "#4"},
				"up": {"uv": [0, 0, 3, 0.8], "texture": "#4"},
				"down": {"uv": [0, 0, 3, 0.8], "texture": "#4"}
			}
		},
		{
			"name": "screen",
			"from": [3.5, 6.2, 8.4],
			"to": [12.5, 11.7, 8.5],
			"faces": {
				"north": {"uv": [0, 0, 6.5, 5.5], "texture": "#5"},
				"east": {"uv": [0, 0, 0.1, 5.5], "texture": "#5"},
				"south": {"uv": [0, 0, 6.5, 5.5], "texture": "#5"},
				"west": {"uv": [0, 0, 0.1, 5.5], "texture": "#5"},
				"up": {"uv": [0, 0, 6.5, 0.1], "texture": "#5"},
				"down": {"uv": [0, 0, 6.5, 0.1], "texture": "#5"}
			}
		},
		{
			"name": "keyboard",
			"from": [3.7, 2, 4],
			"to": [12.3, 2.3, 6.5],
			"faces": {
				"north": {"uv": [0, 0, 5.6, 0.3], "texture": "#4"},
				"east": {"uv": [0, 0, 2.5, 0.3], "texture": "#4"},
				"south": {"uv": [0, 0, 5.6, 0.3], "texture": "#4"},
				"west": {"uv": [0, 0, 2.5, 0.3], "texture": "#4"},
				"up": {"uv": [0, 0, 5.6, 2.5], "texture": "#4"},
				"down": {"uv": [0, 0, 5.6, 2.5], "texture": "#4"}
			}
		},
		{
			"name": "money1",
			"from": [3.2, 0.05, 1.5],
			"to": [3.6, 1.5, 3],
			"faces": {
				"north": {"uv": [0, 0, 0.4, 1.5], "texture": "#3"},
				"east": {"uv": [0, 0, 1.5, 1.5], "texture": "#3"},
				"south": {"uv": [0, 0, 0.4, 1.5], "texture": "#3"},
				"west": {"uv": [0, 0, 1.5, 1.5], "texture": "#3"},
				"up": {"uv": [0, 0, 0.4, 1.5], "texture": "#3"},
				"down": {"uv": [0, 0, 0.4, 1.5], "texture": "#3"}
			}
		},
		{
			"name": "money2",
			"from": [12.4, 0.05, 1.5],
			"to": [12.8, 1.5, 3],
			"faces": {
				"north": {"uv": [0, 0, 0.4, 1.5], "texture": "#3"},
				"east": {"uv": [0, 0, 1.5, 1.5], "texture": "#3"},
				"south": {"uv": [0, 0, 0.4, 1.5], "texture": "#3"},
				"west": {"uv": [0, 0, 1.5, 1.5], "texture": "#3"},
				"up": {"uv": [0, 0, 0.4, 1.5], "texture": "#3"},
				"down": {"uv": [0, 0, 0.4, 1.5], "texture": "#3"}
			}
		},
		{
			"name": "money3",
			"from": [3, 0, 1.3],
			"to": [13, 1.8, 1.7],
			"faces": {
				"north": {"uv": [0, 0, 7, 1.8], "texture": "#2"},
				"east": {"uv": [0, 0, 0.4, 1.8], "texture": "#2"},
				"south": {"uv": [0, 0, 7, 1.8], "texture": "#2"},
				"west": {"uv": [0, 0, 0.4, 1.8], "texture": "#2"},
				"up": {"uv": [0, 0, 7, 0.4], "texture": "#2"},
				"down": {"uv": [0, 0, 7, 0.4], "texture": "#2"}
			}
		},
		{
			"name": "money4",
			"from": [3.4, 0.1, 1.5],
			"to": [12.4, 0.4, 4.5],
			"faces": {
				"north": {"uv": [0, 0, 6, 0.4], "texture": "#4"},
				"east": {"uv": [0, 0, 3, 0.4], "texture": "#4"},
				"south": {"uv": [0, 0, 6, 0.4], "texture": "#4"},
				"west": {"uv": [0, 0, 3, 0.4], "texture": "#4"},
				"up": {"uv": [0, 0, 6, 3], "texture": "#4"},
				"down": {"uv": [0, 0, 6, 3], "texture": "#4"}
			}
		},
		{
			"name": "money5",
			"from": [3.6, 0.15, 2.2],
			"to": [12.7, 1, 2.4],
			"faces": {
				"north": {"uv": [0, 0, 6.1, 1], "texture": "#2"},
				"east": {"uv": [0, 0, 0.2, 1], "texture": "#2"},
				"south": {"uv": [0, 0, 6.1, 1], "texture": "#2"},
				"west": {"uv": [0, 0, 0.2, 1], "texture": "#2"},
				"up": {"uv": [0, 0, 6.1, 0.2], "texture": "#2"},
				"down": {"uv": [0, 0, 6.1, 0.2], "texture": "#2"}
			}
		},
		{
			"name": "money6",
			"from": [3.5, 0.15, 1.6],
			"to": [3.7, 1, 3],
			"faces": {
				"north": {"uv": [0, 0, 0.2, 1], "texture": "#2"},
				"east": {"uv": [0, 0, 1.4, 1], "texture": "#2"},
				"south": {"uv": [0, 0, 0.2, 1], "texture": "#2"},
				"west": {"uv": [0, 0, 1.4, 1], "texture": "#2"},
				"up": {"uv": [0, 0, 0.2, 1.4], "texture": "#2"},
				"down": {"uv": [0, 0, 0.2, 1.4], "texture": "#2"}
			}
		},
		{
			"name": "money7",
			"from": [5.65, 0.15, 1.6],
			"to": [5.85, 1, 3],
			"faces": {
				"north": {"uv": [0, 0, 0.2, 1], "texture": "#2"},
				"east": {"uv": [0, 0, 1.4, 1], "texture": "#2"},
				"south": {"uv": [0, 0, 0.2, 1], "texture": "#2"},
				"west": {"uv": [0, 0, 1.4, 1], "texture": "#2"},
				"up": {"uv": [0, 0, 0.2, 1.4], "texture": "#2"},
				"down": {"uv": [0, 0, 0.2, 1.4], "texture": "#2"}
			}
		},
		{
			"name": "money8",
			"from": [7.9, 0.15, 1.6],
			"to": [8.1, 1, 3],
			"faces": {
				"north": {"uv": [0, 0, 0.2, 1], "texture": "#2"},
				"east": {"uv": [0, 0, 1.4, 1], "texture": "#2"},
				"south": {"uv": [0, 0, 0.2, 1], "texture": "#2"},
				"west": {"uv": [0, 0, 1.4, 1], "texture": "#2"},
				"up": {"uv": [0, 0, 0.2, 1.4], "texture": "#2"},
				"down": {"uv": [0, 0, 0.2, 1.4], "texture": "#2"}
			}
		},
		{
			"name": "money9",
			"from": [10.25, 0.15, 1.6],
			"to": [10.45, 1, 3],
			"faces": {
				"north": {"uv": [0, 0, 0.2, 1], "texture": "#2"},
				"east": {"uv": [0, 0, 1.4, 1], "texture": "#2"},
				"south": {"uv": [0, 0, 0.2, 1], "texture": "#2"},
				"west": {"uv": [0, 0, 1.4, 1], "texture": "#2"},
				"up": {"uv": [0, 0, 0.2, 1.4], "texture": "#2"},
				"down": {"uv": [0, 0, 0.2, 1.4], "texture": "#2"}
			}
		},
		{
			"name": "money10",
			"from": [12.3, 0.15, 1.6],
			"to": [12.5, 1, 3],
			"faces": {
				"north": {"uv": [0, 0, 0.2, 1], "texture": "#2"},
				"east": {"uv": [0, 0, 1.4, 1], "texture": "#2"},
				"south": {"uv": [0, 0, 0.2, 1], "texture": "#2"},
				"west": {"uv": [0, 0, 1.4, 1], "texture": "#2"},
				"up": {"uv": [0, 0, 0.2, 1.4], "texture": "#2"},
				"down": {"uv": [0, 0, 0.2, 1.4], "texture": "#2"}
			}
		},
		{
			"name": "Cube",
			"from": [4.15, 0.15, 2.6],
			"to": [5.15, 0.9, 3.6],
			"faces": {
				"north": {"uv": [0, 0, 1, 1], "texture": "#6"},
				"east": {"uv": [0, 0, 1, 1], "texture": "#6"},
				"south": {"uv": [0, 0, 1, 1], "texture": "#6"},
				"west": {"uv": [0, 0, 1, 1], "texture": "#6"},
				"up": {"uv": [0, 0, 1, 1], "texture": "#6"},
				"down": {"uv": [0, 0, 1, 1], "texture": "#6"}
			}
		},
		{
			"name": "Cube",
			"from": [10.85, 0.15, 2.6],
			"to": [11.85, 0.9, 3.6],
			"faces": {
				"north": {"uv": [0, 0, 1, 1], "texture": "#6"},
				"east": {"uv": [0, 0, 1, 1], "texture": "#6"},
				"south": {"uv": [0, 0, 1, 1], "texture": "#6"},
				"west": {"uv": [0, 0, 1, 1], "texture": "#6"},
				"up": {"uv": [0, 0, 1, 1], "texture": "#6"},
				"down": {"uv": [0, 0, 1, 1], "texture": "#6"}
			}
		},
		{
			"name": "Cube",
			"from": [8.7, 0.15, 2.6],
			"to": [9.7, 0.9, 3.6],
			"faces": {
				"north": {"uv": [0, 0, 1, 1], "texture": "#6"},
				"east": {"uv": [0, 0, 1, 1], "texture": "#6"},
				"south": {"uv": [0, 0, 1, 1], "texture": "#6"},
				"west": {"uv": [0, 0, 1, 1], "texture": "#6"},
				"up": {"uv": [0, 0, 1, 1], "texture": "#6"},
				"down": {"uv": [0, 0, 1, 1], "texture": "#6"}
			}
		},
		{
			"name": "Cube",
			"from": [6.35, 0.15, 2.6],
			"to": [7.35, 0.9, 3.6],
			"faces": {
				"north": {"uv": [0, 0, 1, 1], "texture": "#6"},
				"east": {"uv": [0, 0, 1, 1], "texture": "#6"},
				"south": {"uv": [0, 0, 1, 1], "texture": "#6"},
				"west": {"uv": [0, 0, 1, 1], "texture": "#6"},
				"up": {"uv": [0, 0, 1, 1], "texture": "#6"},
				"down": {"uv": [0, 0, 1, 1], "texture": "#6"}
			}
		}
	],
	"display": {
		"head": {
			"rotation": [0, 180, 0],
			"translation": [0, 14.5, 0]
		},
		"fixed": {
			"rotation": [0, 180, 0]
		}
	}
}