{
	"credit": "Made by Kastle",
	"textures": {
		"0": "block/pink_terracotta",
		"1": "block/pink_concrete",
		"2": "block/black_concrete",
		"3": "block/lime_concrete",
		"4": "block/melon_side",
		"5": "block/snow",
		"particle": "pink_terracotta"
	},
	"elements": [
		{
			"from": [3.5, 4, 6.5],
			"to": [12.5, 7, 10],
			"rotation": {"angle": 0, "axis": "y", "origin": [15.5, 9.5, 14.5]},
			"faces": {
				"north": {"uv": [0, 0, 1, 1], "texture": "#3"},
				"east": {"uv": [0, 0, 1, 1], "texture": "#3"},
				"south": {"uv": [0, 0, 1, 1], "texture": "#3"},
				"west": {"uv": [0, 0, 1, 1], "texture": "#3"},
				"up": {"uv": [0, 0, 1, 1], "texture": "#3"},
				"down": {"uv": [0, 0, 1, 1], "texture": "#3"}
			}
		},
		{
			"from": [3.5, 1, 6.5],
			"to": [12.5, 4, 10],
			"rotation": {"angle": 0, "axis": "y", "origin": [15.5, 9.5, 14.5]},
			"faces": {
				"north": {"uv": [0, 0, 1, 1], "texture": "#4"},
				"east": {"uv": [0, 0, 1, 1], "texture": "#4"},
				"south": {"uv": [0, 0, 1, 1], "texture": "#4"},
				"west": {"uv": [0, 0, 1, 1], "texture": "#4"},
				"up": {"uv": [0, 0, 1, 1], "texture": "#4"},
				"down": {"uv": [0, 0, 1, 1], "texture": "#4"}
			}
		},
		{
			"from": [4.5, 0, 6.5],
			"to": [11.5, 1, 10],
			"rotation": {"angle": 0, "axis": "y", "origin": [15.5, 8.5, 14.5]},
			"faces": {
				"north": {"uv": [0, 0, 1, 1], "texture": "#4"},
				"east": {"uv": [0, 0, 1, 1], "texture": "#4"},
				"south": {"uv": [0, 0, 1, 1], "texture": "#4"},
				"west": {"uv": [0, 0, 1, 1], "texture": "#4"},
				"up": {"uv": [0, 0, 1, 1], "texture": "#4"},
				"down": {"uv": [0, 0, 1, 1], "texture": "#4"}
			}
		},
		{
			"from": [17.97487, -1.04594, 6.5],
			"to": [18.97487, 0.36827, 10],
			"rotation": {"angle": -45, "axis": "z", "origin": [16.5, 8.5, 14.5]},
			"faces": {
				"north": {"uv": [0, 0, 1, 1], "texture": "#4"},
				"east": {"uv": [0, 0, 1, 1], "texture": "#4"},
				"south": {"uv": [0, 0, 1, 1], "texture": "#4"},
				"west": {"uv": [0, 0, 1, 1], "texture": "#4"},
				"up": {"uv": [0, 0, 1, 1], "texture": "#4"},
				"down": {"uv": [0, 0, 1, 1], "texture": "#4"}
			}
		},
		{
			"from": [-2.97487, -1.04594, 6.5],
			"to": [-1.97487, 0.36827, 10],
			"rotation": {"angle": 45, "axis": "z", "origin": [-0.5, 8.5, 14.5]},
			"faces": {
				"north": {"uv": [0, 0, 1, 1], "texture": "#4"},
				"east": {"uv": [0, 0, 1, 1], "texture": "#4"},
				"south": {"uv": [0, 0, 1, 1], "texture": "#4"},
				"west": {"uv": [0, 0, 1, 1], "texture": "#4"},
				"up": {"uv": [0, 0, 1, 1], "texture": "#4"},
				"down": {"uv": [0, 0, 1, 1], "texture": "#4"}
			}
		},
		{
			"from": [6.78983, 7.53909, 6.5],
			"to": [12.28983, 10.03909, 10],
			"rotation": {"angle": -22.5, "axis": "z", "origin": [3.78983, 15.53909, 14.5]},
			"faces": {
				"north": {"uv": [0, 0, 1, 1], "texture": "#3"},
				"east": {"uv": [0, 0, 1, 1], "texture": "#3"},
				"south": {"uv": [0, 0, 1, 1], "texture": "#3"},
				"west": {"uv": [0, 0, 1, 1], "texture": "#3"},
				"up": {"uv": [0, 0, 1, 1], "texture": "#3"},
				"down": {"uv": [0, 0, 1, 1], "texture": "#3"}
			}
		},
		{
			"from": [10.28514, 9.38077, 6.5],
			"to": [15.78514, 10.88077, 10],
			"rotation": {"angle": -45, "axis": "z", "origin": [7.28514, 16.38077, 14.5]},
			"faces": {
				"north": {"uv": [0, 0, 1, 1], "texture": "#3"},
				"east": {"uv": [0, 0, 1, 1], "texture": "#3"},
				"south": {"uv": [0, 0, 1, 1], "texture": "#3"},
				"west": {"uv": [0, 0, 1, 1], "texture": "#3"},
				"up": {"uv": [0, 0, 1, 1], "texture": "#3"},
				"down": {"uv": [0, 0, 1, 1], "texture": "#3"}
			}
		},
		{
			"from": [3.83648, 7.32078, 6.5],
			"to": [5.33648, 12.82078, 10],
			"rotation": {"angle": 22.5, "axis": "z", "origin": [10.83648, 15.82078, 14.5]},
			"faces": {
				"north": {"uv": [0, 0, 1, 1], "rotation": 270, "texture": "#3"},
				"east": {"uv": [0, 0, 1, 1], "rotation": 270, "texture": "#3"},
				"south": {"uv": [0, 0, 1, 1], "rotation": 270, "texture": "#3"},
				"west": {"uv": [0, 0, 1, 1], "rotation": 270, "texture": "#3"},
				"up": {"uv": [0, 0, 1, 1], "rotation": 270, "texture": "#3"},
				"down": {"uv": [0, 0, 1, 1], "rotation": 270, "texture": "#3"}
			}
		},
		{
			"from": [6.90319, 7.5, 6.5],
			"to": [9.09681, 10.94438, 10],
			"rotation": {"angle": 0, "axis": "y", "origin": [15.5, 18, 14.5]},
			"faces": {
				"north": {"uv": [0, 0, 1, 1], "texture": "#3"},
				"east": {"uv": [0, 0, 1, 1], "texture": "#3"},
				"south": {"uv": [0, 0, 1, 1], "texture": "#3"},
				"west": {"uv": [0, 0, 1, 1], "texture": "#3"},
				"up": {"uv": [0, 0, 1, 1], "texture": "#3"},
				"down": {"uv": [0, 0, 1, 1], "texture": "#3"}
			}
		},
		{
			"from": [10.66352, 7.32078, 6.5],
			"to": [12.16352, 12.82078, 10],
			"rotation": {"angle": -22.5, "axis": "z", "origin": [5.16352, 15.82078, 14.5]},
			"faces": {
				"north": {"uv": [0, 0, 1, 1], "rotation": 270, "texture": "#3"},
				"east": {"uv": [0, 0, 1, 1], "rotation": 270, "texture": "#3"},
				"south": {"uv": [0, 0, 1, 1], "rotation": 270, "texture": "#3"},
				"west": {"uv": [0, 0, 1, 1], "rotation": 270, "texture": "#3"},
				"up": {"uv": [0, 0, 1, 1], "rotation": 270, "texture": "#3"},
				"down": {"uv": [0, 0, 1, 1], "rotation": 270, "texture": "#3"}
			}
		},
		{
			"from": [0.21486, 9.38077, 6.5],
			"to": [5.71486, 10.88077, 10],
			"rotation": {"angle": 45, "axis": "z", "origin": [8.71486, 16.38077, 14.5]},
			"faces": {
				"north": {"uv": [0, 0, 1, 1], "texture": "#3"},
				"east": {"uv": [0, 0, 1, 1], "texture": "#3"},
				"south": {"uv": [0, 0, 1, 1], "texture": "#3"},
				"west": {"uv": [0, 0, 1, 1], "texture": "#3"},
				"up": {"uv": [0, 0, 1, 1], "texture": "#3"},
				"down": {"uv": [0, 0, 1, 1], "texture": "#3"}
			}
		},
		{
			"from": [3.71017, 7.53909, 6.5],
			"to": [9.21017, 10.03909, 10],
			"rotation": {"angle": 22.5, "axis": "z", "origin": [12.21017, 15.53909, 14.5]},
			"faces": {
				"north": {"uv": [0, 0, 1, 1], "texture": "#3"},
				"east": {"uv": [0, 0, 1, 1], "texture": "#3"},
				"south": {"uv": [0, 0, 1, 1], "texture": "#3"},
				"west": {"uv": [0, 0, 1, 1], "texture": "#3"},
				"up": {"uv": [0, 0, 1, 1], "texture": "#3"},
				"down": {"uv": [0, 0, 1, 1], "texture": "#3"}
			}
		},
		{
			"from": [4.76554, 5.09541, 5.945],
			"to": [11.23446, 5.91095, 6.805],
			"rotation": {"angle": 0, "axis": "y", "origin": [20.15, 19.67541, 18.145]},
			"faces": {
				"north": {"uv": [9, 0, 10, 1], "texture": "#4"},
				"east": {"uv": [9, 0, 10, 1], "texture": "#4"},
				"south": {"uv": [9, 0, 10, 1], "texture": "#4"},
				"west": {"uv": [9, 0, 10, 1], "texture": "#4"},
				"up": {"uv": [9, 0, 10, 1], "texture": "#4"},
				"down": {"uv": [9, 0, 10, 1], "texture": "#4"}
			}
		},
		{
			"from": [-2.40704, 6.92676, 5.945],
			"to": [-0.78704, 7.33176, 6.805],
			"rotation": {"angle": 45, "axis": "z", "origin": [7.31296, 21.50676, 18.145]},
			"faces": {
				"north": {"uv": [9, 0, 10, 1], "texture": "#4"},
				"east": {"uv": [9, 0, 10, 1], "texture": "#4"},
				"south": {"uv": [9, 0, 10, 1], "texture": "#4"},
				"west": {"uv": [9, 0, 10, 1], "texture": "#4"},
				"up": {"uv": [9, 0, 10, 1], "texture": "#4"},
				"down": {"uv": [9, 0, 10, 1], "texture": "#4"}
			}
		},
		{
			"from": [4.2339, 7.08531, 5.945],
			"to": [5.8539, 7.49031, 6.805],
			"rotation": {"angle": 22.5, "axis": "z", "origin": [13.9539, 21.66531, 18.145]},
			"faces": {
				"north": {"uv": [9, 0, 10, 1], "texture": "#4"},
				"east": {"uv": [9, 0, 10, 1], "texture": "#4"},
				"south": {"uv": [9, 0, 10, 1], "texture": "#4"},
				"west": {"uv": [9, 0, 10, 1], "texture": "#4"},
				"up": {"uv": [9, 0, 10, 1], "texture": "#4"},
				"down": {"uv": [9, 0, 10, 1], "texture": "#4"}
			}
		},
		{
			"from": [0.18179, 9.09891, 5.945],
			"to": [0.58679, 10.71891, 6.805],
			"rotation": {"angle": 22.5, "axis": "z", "origin": [14.76179, 18.81891, 18.145]},
			"faces": {
				"north": {"uv": [9, 0, 10, 1], "rotation": 270, "texture": "#4"},
				"east": {"uv": [9, 0, 10, 1], "rotation": 270, "texture": "#4"},
				"south": {"uv": [9, 0, 10, 1], "rotation": 270, "texture": "#4"},
				"west": {"uv": [9, 0, 10, 1], "rotation": 270, "texture": "#4"},
				"up": {"uv": [9, 0, 10, 1], "rotation": 270, "texture": "#4"},
				"down": {"uv": [9, 0, 10, 1], "rotation": 270, "texture": "#4"}
			}
		},
		{
			"from": [16.78704, 6.92676, 5.945],
			"to": [18.40704, 7.33176, 6.805],
			"rotation": {"angle": -45, "axis": "z", "origin": [8.68704, 21.50676, 18.145]},
			"faces": {
				"north": {"uv": [9, 0, 10, 1], "texture": "#4"},
				"east": {"uv": [9, 0, 10, 1], "texture": "#4"},
				"south": {"uv": [9, 0, 10, 1], "texture": "#4"},
				"west": {"uv": [9, 0, 10, 1], "texture": "#4"},
				"up": {"uv": [9, 0, 10, 1], "texture": "#4"},
				"down": {"uv": [9, 0, 10, 1], "texture": "#4"}
			}
		},
		{
			"from": [10.1461, 7.08531, 5.945],
			"to": [11.7661, 7.49031, 6.805],
			"rotation": {"angle": -22.5, "axis": "z", "origin": [2.0461, 21.66531, 18.145]},
			"faces": {
				"north": {"uv": [9, 0, 10, 1], "texture": "#4"},
				"east": {"uv": [9, 0, 10, 1], "texture": "#4"},
				"south": {"uv": [9, 0, 10, 1], "texture": "#4"},
				"west": {"uv": [9, 0, 10, 1], "texture": "#4"},
				"up": {"uv": [9, 0, 10, 1], "texture": "#4"},
				"down": {"uv": [9, 0, 10, 1], "texture": "#4"}
			}
		},
		{
			"from": [15.41321, 9.09891, 5.945],
			"to": [15.81821, 10.71891, 6.805],
			"rotation": {"angle": -22.5, "axis": "z", "origin": [1.23821, 18.81891, 18.145]},
			"faces": {
				"north": {"uv": [9, 0, 10, 1], "rotation": 270, "texture": "#4"},
				"east": {"uv": [9, 0, 10, 1], "rotation": 270, "texture": "#4"},
				"south": {"uv": [9, 0, 10, 1], "rotation": 270, "texture": "#4"},
				"west": {"uv": [9, 0, 10, 1], "rotation": 270, "texture": "#4"},
				"up": {"uv": [9, 0, 10, 1], "rotation": 270, "texture": "#4"},
				"down": {"uv": [9, 0, 10, 1], "rotation": 270, "texture": "#4"}
			}
		},
		{
			"from": [3.95, 4.04541, 5.945],
			"to": [12.05, 5.09541, 6.805],
			"rotation": {"angle": 0, "axis": "y", "origin": [20.15, 15.62541, 18.145]},
			"faces": {
				"north": {"uv": [9, 0, 10, 1], "texture": "#4"},
				"east": {"uv": [9, 0, 10, 1], "texture": "#4"},
				"south": {"uv": [9, 0, 10, 1], "texture": "#4"},
				"west": {"uv": [9, 0, 10, 1], "texture": "#4"},
				"up": {"uv": [9, 0, 10, 1], "texture": "#4"},
				"down": {"uv": [9, 0, 10, 1], "texture": "#4"}
			}
		},
		{
			"from": [10.3, 2.54541, 5.945],
			"to": [10.8, 4.59541, 6.805],
			"rotation": {"angle": 22.5, "axis": "z", "origin": [10.8, 3.57041, 6.375]},
			"faces": {
				"north": {"uv": [9, 0, 10, 1], "texture": "#4"},
				"east": {"uv": [9, 0, 10, 1], "texture": "#4"},
				"south": {"uv": [9, 0, 10, 1], "texture": "#4"},
				"west": {"uv": [9, 0, 10, 1], "texture": "#4"},
				"up": {"uv": [9, 0, 10, 1], "texture": "#4"},
				"down": {"uv": [9, 0, 10, 1], "texture": "#4"}
			}
		},
		{
			"from": [5.2, 2.54541, 5.945],
			"to": [5.7, 4.59541, 6.805],
			"rotation": {"angle": -22.5, "axis": "z", "origin": [5.2, 3.57041, 6.375]},
			"faces": {
				"north": {"uv": [10, 0, 9, 1], "texture": "#4"},
				"east": {"uv": [10, 0, 9, 1], "texture": "#4"},
				"south": {"uv": [10, 0, 9, 1], "texture": "#4"},
				"west": {"uv": [10, 0, 9, 1], "texture": "#4"},
				"up": {"uv": [10, 0, 9, 1], "texture": "#4"},
				"down": {"uv": [10, 0, 9, 1], "texture": "#4"}
			}
		},
		{
			"from": [10.05, 3.29541, 5.945],
			"to": [10.55, 5.34541, 6.805],
			"rotation": {"angle": 22.5, "axis": "z", "origin": [10.8, 3.57041, 6.375]},
			"faces": {
				"north": {"uv": [9, 0, 10, 1], "texture": "#4"},
				"east": {"uv": [9, 0, 10, 1], "texture": "#4"},
				"south": {"uv": [9, 0, 10, 1], "texture": "#4"},
				"west": {"uv": [9, 0, 10, 1], "texture": "#4"},
				"up": {"uv": [9, 0, 10, 1], "texture": "#4"},
				"down": {"uv": [9, 0, 10, 1], "texture": "#4"}
			}
		},
		{
			"from": [5.45, 3.29541, 5.945],
			"to": [5.95, 5.34541, 6.805],
			"rotation": {"angle": -22.5, "axis": "z", "origin": [5.2, 3.57041, 6.375]},
			"faces": {
				"north": {"uv": [10, 0, 9, 1], "texture": "#4"},
				"east": {"uv": [10, 0, 9, 1], "texture": "#4"},
				"south": {"uv": [10, 0, 9, 1], "texture": "#4"},
				"west": {"uv": [10, 0, 9, 1], "texture": "#4"},
				"up": {"uv": [10, 0, 9, 1], "texture": "#4"},
				"down": {"uv": [10, 0, 9, 1], "texture": "#4"}
			}
		},
		{
			"from": [10.07802, 3.93766, 5.945],
			"to": [12.12802, 4.43766, 6.805],
			"rotation": {"angle": -22.5, "axis": "z", "origin": [11.10302, 4.43766, 6.375]},
			"faces": {
				"north": {"uv": [9, 0, 10, 1], "rotation": 90, "texture": "#4"},
				"east": {"uv": [9, 0, 10, 1], "rotation": 270, "texture": "#4"},
				"south": {"uv": [9, 0, 10, 1], "rotation": 270, "texture": "#4"},
				"west": {"uv": [9, 0, 10, 1], "rotation": 270, "texture": "#4"},
				"up": {"uv": [9, 0, 10, 1], "rotation": 270, "texture": "#4"},
				"down": {"uv": [9, 0, 10, 1], "rotation": 270, "texture": "#4"}
			}
		},
		{
			"from": [3.87198, 3.93766, 5.945],
			"to": [5.92198, 4.43766, 6.805],
			"rotation": {"angle": 22.5, "axis": "z", "origin": [4.89698, 4.43766, 6.375]},
			"faces": {
				"north": {"uv": [9, 1, 10, 0], "rotation": 90, "texture": "#4"},
				"east": {"uv": [9, 1, 10, 0], "rotation": 270, "texture": "#4"},
				"south": {"uv": [9, 1, 10, 0], "rotation": 270, "texture": "#4"},
				"west": {"uv": [9, 1, 10, 0], "rotation": 270, "texture": "#4"},
				"up": {"uv": [9, 1, 10, 0], "rotation": 270, "texture": "#4"},
				"down": {"uv": [9, 1, 10, 0], "rotation": 270, "texture": "#4"}
			}
		},
		{
			"from": [9.05, 1.54541, 5.945],
			"to": [9.55, 4.09541, 6.805],
			"rotation": {"angle": 0, "axis": "y", "origin": [10.8, 3.07041, 6.375]},
			"faces": {
				"north": {"uv": [9, 0, 10, 1], "texture": "#4"},
				"east": {"uv": [9, 0, 10, 1], "texture": "#4"},
				"south": {"uv": [9, 0, 10, 1], "texture": "#4"},
				"west": {"uv": [9, 0, 10, 1], "texture": "#4"},
				"up": {"uv": [9, 0, 10, 1], "texture": "#4"},
				"down": {"uv": [9, 0, 10, 1], "texture": "#4"}
			}
		},
		{
			"from": [6.45, 1.54541, 5.945],
			"to": [6.95, 4.09541, 6.805],
			"rotation": {"angle": 0, "axis": "y", "origin": [5.2, 3.07041, 6.375]},
			"faces": {
				"north": {"uv": [10, 0, 9, 1], "texture": "#4"},
				"east": {"uv": [10, 0, 9, 1], "texture": "#4"},
				"south": {"uv": [10, 0, 9, 1], "texture": "#4"},
				"west": {"uv": [10, 0, 9, 1], "texture": "#4"},
				"up": {"uv": [10, 0, 9, 1], "texture": "#4"},
				"down": {"uv": [10, 0, 9, 1], "texture": "#4"}
			}
		},
		{
			"from": [8.55, 2.79541, 5.945],
			"to": [9.05, 5.34541, 6.805],
			"rotation": {"angle": 0, "axis": "y", "origin": [10.8, 3.07041, 6.375]},
			"faces": {
				"north": {"uv": [9, 0, 10, 1], "texture": "#4"},
				"east": {"uv": [9, 0, 10, 1], "texture": "#4"},
				"south": {"uv": [9, 0, 10, 1], "texture": "#4"},
				"west": {"uv": [9, 0, 10, 1], "texture": "#4"},
				"up": {"uv": [9, 0, 10, 1], "texture": "#4"},
				"down": {"uv": [9, 0, 10, 1], "texture": "#4"}
			}
		},
		{
			"from": [6.95, 2.79541, 5.945],
			"to": [7.45, 5.34541, 6.805],
			"rotation": {"angle": 0, "axis": "y", "origin": [5.2, 3.07041, 6.375]},
			"faces": {
				"north": {"uv": [10, 0, 9, 1], "texture": "#4"},
				"east": {"uv": [10, 0, 9, 1], "texture": "#4"},
				"south": {"uv": [10, 0, 9, 1], "texture": "#4"},
				"west": {"uv": [10, 0, 9, 1], "texture": "#4"},
				"up": {"uv": [10, 0, 9, 1], "texture": "#4"},
				"down": {"uv": [10, 0, 9, 1], "texture": "#4"}
			}
		},
		{
			"from": [8.25708, 2.48171, 5.945],
			"to": [8.75708, 5.53171, 6.805],
			"rotation": {"angle": 22.5, "axis": "z", "origin": [11.00708, 4.00671, 6.375]},
			"faces": {
				"north": {"uv": [9, 0, 10, 1], "texture": "#4"},
				"east": {"uv": [9, 0, 10, 1], "texture": "#4"},
				"south": {"uv": [9, 0, 10, 1], "texture": "#4"},
				"west": {"uv": [9, 0, 10, 1], "texture": "#4"},
				"up": {"uv": [9, 0, 10, 1], "texture": "#4"},
				"down": {"uv": [9, 0, 10, 1], "texture": "#4"}
			}
		},
		{
			"from": [7.24292, 2.48171, 5.945],
			"to": [7.74292, 5.53171, 6.805],
			"rotation": {"angle": -22.5, "axis": "z", "origin": [4.99292, 4.00671, 6.375]},
			"faces": {
				"north": {"uv": [10, 0, 9, 1], "texture": "#4"},
				"east": {"uv": [10, 0, 9, 1], "texture": "#4"},
				"south": {"uv": [10, 0, 9, 1], "texture": "#4"},
				"west": {"uv": [10, 0, 9, 1], "texture": "#4"},
				"up": {"uv": [10, 0, 9, 1], "texture": "#4"},
				"down": {"uv": [10, 0, 9, 1], "texture": "#4"}
			}
		},
		{
			"from": [9.88941, 2.91221, 5.945],
			"to": [10.38941, 5.46221, 6.805],
			"rotation": {"angle": 45, "axis": "z", "origin": [10.88941, 3.68721, 6.375]},
			"faces": {
				"north": {"uv": [9, 0, 10, 1], "texture": "#4"},
				"east": {"uv": [9, 0, 10, 1], "texture": "#4"},
				"south": {"uv": [9, 0, 10, 1], "texture": "#4"},
				"west": {"uv": [9, 0, 10, 1], "texture": "#4"},
				"up": {"uv": [9, 0, 10, 1], "texture": "#4"},
				"down": {"uv": [9, 0, 10, 1], "texture": "#4"}
			}
		},
		{
			"from": [5.61059, 2.91221, 5.945],
			"to": [6.11059, 5.46221, 6.805],
			"rotation": {"angle": -45, "axis": "z", "origin": [5.11059, 3.68721, 6.375]},
			"faces": {
				"north": {"uv": [10, 0, 9, 1], "texture": "#4"},
				"east": {"uv": [10, 0, 9, 1], "texture": "#4"},
				"south": {"uv": [10, 0, 9, 1], "texture": "#4"},
				"west": {"uv": [10, 0, 9, 1], "texture": "#4"},
				"up": {"uv": [10, 0, 9, 1], "texture": "#4"},
				"down": {"uv": [10, 0, 9, 1], "texture": "#4"}
			}
		},
		{
			"from": [3.95, 1.04541, 5.995],
			"to": [12.05, 4.04541, 6.805],
			"rotation": {"angle": 0, "axis": "y", "origin": [20.15, 15.62541, 18.145]},
			"faces": {
				"north": {"uv": [0, 0, 1, 1], "texture": "#3"},
				"east": {"uv": [0, 0, 1, 1], "texture": "#4"},
				"south": {"uv": [0, 0, 1, 1], "texture": "#3"},
				"west": {"uv": [9, 0, 10, 1], "texture": "#4"},
				"up": {"uv": [0, 0, 1, 1], "texture": "#3"},
				"down": {"uv": [0, 0, 1, 1], "texture": "#4"}
			}
		},
		{
			"from": [4.5, 4.7, 5.9],
			"to": [11.5, 4.95, 5.95],
			"rotation": {"angle": 0, "axis": "y", "origin": [15.5, 9.2, 13]},
			"faces": {
				"north": {"uv": [0, 0, 1, 1], "texture": "#3"},
				"east": {"uv": [0, 0, 1, 1], "texture": "#4"},
				"south": {"uv": [0, 0, 1, 1], "texture": "#4"},
				"west": {"uv": [0, 0, 1, 1], "texture": "#4"},
				"up": {"uv": [0, 0, 1, 1], "texture": "#4"},
				"down": {"uv": [0, 0, 1, 1], "texture": "#4"}
			}
		},
		{
			"from": [4.5, 5, 5.9],
			"to": [11.5, 5.25, 5.95],
			"rotation": {"angle": 0, "axis": "y", "origin": [15.5, 9.5, 13]},
			"faces": {
				"north": {"uv": [0, 0, 1, 1], "texture": "#3"},
				"east": {"uv": [0, 0, 1, 1], "texture": "#4"},
				"south": {"uv": [0, 0, 1, 1], "texture": "#4"},
				"west": {"uv": [0, 0, 1, 1], "texture": "#4"},
				"up": {"uv": [0, 0, 1, 1], "texture": "#4"},
				"down": {"uv": [0, 0, 1, 1], "texture": "#4"}
			}
		},
		{
			"from": [4.75, 4.35, 5.85],
			"to": [5, 5.1, 5.9],
			"rotation": {"angle": 0, "axis": "y", "origin": [15.5, 9.35, 12.95]},
			"faces": {
				"north": {"uv": [0, 0, 1, 1], "texture": "#2"},
				"east": {"uv": [0, 0, 0.05, 0.75], "texture": "#2"},
				"south": {"uv": [0, 0, 0.25, 0.75], "texture": "#2"},
				"west": {"uv": [0, 0, 0.05, 0.75], "texture": "#2"},
				"up": {"uv": [0, 0, 0.25, 0.05], "texture": "#2"},
				"down": {"uv": [0, 0, 0.25, 0.05], "texture": "#2"}
			}
		},
		{
			"from": [7.5, 12, 8],
			"to": [8.5, 12.25, 8.5],
			"rotation": {"angle": 0, "axis": "y", "origin": [16, 19.75, 16]},
			"faces": {
				"north": {"uv": [0, 0, 1, 1], "texture": "#4"},
				"east": {"uv": [0, 0, 1, 1], "texture": "#4"},
				"south": {"uv": [0, 0, 1, 1], "texture": "#4"},
				"west": {"uv": [0, 0, 1, 1], "texture": "#4"},
				"up": {"uv": [0, 0, 1, 1], "texture": "#4"},
				"down": {"uv": [0, 0, 1, 1], "texture": "#4"}
			}
		},
		{
			"from": [10.7231, 8.17629, 8],
			"to": [11.2231, 8.42629, 8.5],
			"rotation": {"angle": -22.5, "axis": "z", "origin": [19.2231, 15.92629, 16]},
			"faces": {
				"north": {"uv": [0, 0, 1, 1], "texture": "#4"},
				"east": {"uv": [0, 0, 1, 1], "texture": "#4"},
				"south": {"uv": [0, 0, 1, 1], "texture": "#4"},
				"west": {"uv": [0, 0, 1, 1], "texture": "#4"},
				"up": {"uv": [0, 0, 1, 1], "texture": "#4"},
				"down": {"uv": [0, 0, 1, 1], "texture": "#4"}
			}
		},
		{
			"from": [4.7769, 8.17629, 8],
			"to": [5.2769, 8.42629, 8.5],
			"rotation": {"angle": 22.5, "axis": "z", "origin": [-3.2231, 15.92629, 16]},
			"faces": {
				"north": {"uv": [0, 0, 1, 1], "texture": "#4"},
				"east": {"uv": [0, 0, 1, 1], "texture": "#4"},
				"south": {"uv": [0, 0, 1, 1], "texture": "#4"},
				"west": {"uv": [0, 0, 1, 1], "texture": "#4"},
				"up": {"uv": [0, 0, 1, 1], "texture": "#4"},
				"down": {"uv": [0, 0, 1, 1], "texture": "#4"}
			}
		},
		{
			"from": [11.77565, 3.60155, 8],
			"to": [12.27565, 3.85155, 8.5],
			"rotation": {"angle": -45, "axis": "z", "origin": [20.27565, 11.35155, 16]},
			"faces": {
				"north": {"uv": [0, 0, 1, 1], "texture": "#4"},
				"east": {"uv": [0, 0, 1, 1], "texture": "#4"},
				"south": {"uv": [0, 0, 1, 1], "texture": "#4"},
				"west": {"uv": [0, 0, 1, 1], "texture": "#4"},
				"up": {"uv": [0, 0, 1, 1], "texture": "#4"},
				"down": {"uv": [0, 0, 1, 1], "texture": "#4"}
			}
		},
		{
			"from": [3.72435, 3.60155, 8],
			"to": [4.22435, 3.85155, 8.5],
			"rotation": {"angle": 45, "axis": "z", "origin": [-4.27565, 11.35155, 16]},
			"faces": {
				"north": {"uv": [0, 0, 1, 1], "texture": "#4"},
				"east": {"uv": [0, 0, 1, 1], "texture": "#4"},
				"south": {"uv": [0, 0, 1, 1], "texture": "#4"},
				"west": {"uv": [0, 0, 1, 1], "texture": "#4"},
				"up": {"uv": [0, 0, 1, 1], "texture": "#4"},
				"down": {"uv": [0, 0, 1, 1], "texture": "#4"}
			}
		},
		{
			"from": [11.7474, 13.72225, 8],
			"to": [11.9974, 15.22225, 8.5],
			"rotation": {"angle": 22.5, "axis": "z", "origin": [19.4974, 6.72225, 16]},
			"faces": {
				"north": {"uv": [0, 0, 1, 1], "rotation": 90, "texture": "#4"},
				"east": {"uv": [0, 0, 1, 1], "rotation": 90, "texture": "#4"},
				"south": {"uv": [0, 0, 1, 1], "rotation": 90, "texture": "#4"},
				"west": {"uv": [0, 0, 1, 1], "rotation": 90, "texture": "#4"},
				"up": {"uv": [0, 0, 1, 1], "rotation": 90, "texture": "#4"},
				"down": {"uv": [0, 0, 1, 1], "rotation": 90, "texture": "#4"}
			}
		},
		{
			"from": [4.0026, 13.72225, 8],
			"to": [4.2526, 15.22225, 8.5],
			"rotation": {"angle": -22.5, "axis": "z", "origin": [-3.4974, 6.72225, 16]},
			"faces": {
				"north": {"uv": [0, 0, 1, 1], "rotation": 90, "texture": "#4"},
				"east": {"uv": [0, 0, 1, 1], "rotation": 90, "texture": "#4"},
				"south": {"uv": [0, 0, 1, 1], "rotation": 90, "texture": "#4"},
				"west": {"uv": [0, 0, 1, 1], "rotation": 90, "texture": "#4"},
				"up": {"uv": [0, 0, 1, 1], "rotation": 90, "texture": "#4"},
				"down": {"uv": [0, 0, 1, 1], "rotation": 90, "texture": "#4"}
			}
		},
		{
			"name": "hexadecagon",
			"from": [10, 6.04565, 13.75],
			"to": [11, 7.04565, 14],
			"rotation": {"angle": -45, "axis": "x", "origin": [10.5, 6.25, 10]},
			"faces": {
				"north": {"uv": [0, 0, 1, 1], "texture": "#3"},
				"east": {"uv": [0, 0, 1, 1], "texture": "#4"},
				"south": {"uv": [0, 0, 1, 1], "texture": "#3"},
				"west": {"uv": [0, 0, 1, 1], "texture": "#4"},
				"up": {"uv": [0, 0, 1, 1], "texture": "#3"},
				"down": {"uv": [0, 0, 1, 1], "texture": "#3"}
			}
		},
		{
			"name": "hexadecagon",
			"from": [10, 3.20435, 13.75],
			"to": [11, 4.20435, 14],
			"rotation": {"angle": 45, "axis": "x", "origin": [10.5, 4, 10]},
			"faces": {
				"north": {"uv": [0, 0, 1, 1], "texture": "#3"},
				"east": {"uv": [0, 0, 1, 1], "texture": "#4"},
				"south": {"uv": [0, 0, 1, 1], "texture": "#3"},
				"west": {"uv": [0, 0, 1, 1], "texture": "#4"},
				"up": {"uv": [0, 0, 1, 1], "texture": "#3"},
				"down": {"uv": [0, 0, 1, 1], "texture": "#3"}
			}
		},
		{
			"name": "hexadecagon",
			"from": [10, 6.46376, 13.33189],
			"to": [11, 7.46376, 13.58189],
			"rotation": {"angle": -22.5, "axis": "x", "origin": [10.5, 6.66811, 9.58189]},
			"faces": {
				"north": {"uv": [0, 0, 1, 1], "texture": "#3"},
				"east": {"uv": [0, 0, 1, 1], "texture": "#4"},
				"south": {"uv": [0, 0, 1, 1], "texture": "#3"},
				"west": {"uv": [0, 0, 1, 1], "texture": "#4"},
				"up": {"uv": [0, 0, 1, 1], "texture": "#3"},
				"down": {"uv": [0, 0, 1, 1], "texture": "#3"}
			}
		},
		{
			"name": "hexadecagon",
			"from": [10, 2.78624, 13.33189],
			"to": [11, 3.78624, 13.58189],
			"rotation": {"angle": 22.5, "axis": "x", "origin": [10.5, 3.58189, 9.58189]},
			"faces": {
				"north": {"uv": [0, 0, 1, 1], "texture": "#3"},
				"east": {"uv": [0, 0, 1, 1], "texture": "#4"},
				"south": {"uv": [0, 0, 1, 1], "texture": "#3"},
				"west": {"uv": [0, 0, 1, 1], "texture": "#4"},
				"up": {"uv": [0, 0, 1, 1], "texture": "#3"},
				"down": {"uv": [0, 0, 1, 1], "texture": "#3"}
			}
		},
		{
			"name": "hexadecagon",
			"from": [10, 2.23995, 13.10561],
			"to": [11, 8.01005, 13.35561],
			"rotation": {"angle": 0, "axis": "y", "origin": [10.5, 6.9644, 9.35561]},
			"faces": {
				"north": {"uv": [0, 0, 1, 1], "texture": "#3"},
				"east": {"uv": [0, 0, 1, 1], "texture": "#4"},
				"south": {"uv": [0, 0, 1, 1], "texture": "#3"},
				"west": {"uv": [0, 0, 1, 1], "texture": "#4"},
				"up": {"uv": [0, 0, 1, 1], "texture": "#3"},
				"down": {"uv": [0, 0, 1, 1], "texture": "#3"}
			}
		},
		{
			"name": "hexadecagon",
			"from": [10, 10, 11.31211],
			"to": [11, 10.25, 11.81211],
			"rotation": {"angle": -22.5, "axis": "x", "origin": [10.5, 6.25, 12.10776]},
			"faces": {
				"north": {"uv": [0, 0, 1, 1], "texture": "#3"},
				"east": {"uv": [0, 0, 1, 1], "texture": "#4"},
				"south": {"uv": [0, 0, 1, 1], "texture": "#3"},
				"west": {"uv": [0, 0, 1, 1], "texture": "#4"},
				"up": {"uv": [0, 0, 1, 1], "texture": "#3"},
				"down": {"uv": [0, 0, 1, 1], "texture": "#3"}
			}
		},
		{
			"name": "hexadecagon",
			"from": [10, 0, 11.31211],
			"to": [11, 0.25, 11.81211],
			"rotation": {"angle": 22.5, "axis": "x", "origin": [10.5, 4, 12.10776]},
			"faces": {
				"north": {"uv": [0, 0, 1, 1], "texture": "#3"},
				"east": {"uv": [0, 0, 1, 1], "texture": "#4"},
				"south": {"uv": [0, 0, 1, 1], "texture": "#3"},
				"west": {"uv": [0, 0, 1, 1], "texture": "#4"},
				"up": {"uv": [0, 0, 1, 1], "texture": "#3"},
				"down": {"uv": [0, 0, 1, 1], "texture": "#3"}
			}
		},
		{
			"name": "hexadecagon",
			"from": [10, 9.58238, 10.30388],
			"to": [11, 9.83238, 11.80388],
			"rotation": {"angle": 0, "axis": "y", "origin": [10.5, 5.83238, 11.09953]},
			"faces": {
				"north": {"uv": [0, 0, 1, 1], "texture": "#3"},
				"east": {"uv": [0, 0, 1, 1], "texture": "#4"},
				"south": {"uv": [0, 0, 1, 1], "texture": "#3"},
				"west": {"uv": [0, 0, 1, 1], "texture": "#4"},
				"up": {"uv": [0, 0, 1, 1], "texture": "#3"},
				"down": {"uv": [0, 0, 1, 1], "texture": "#3"}
			}
		},
		{
			"name": "hexadecagon",
			"from": [10, 0.41762, 10.30388],
			"to": [11, 0.66762, 11.80388],
			"rotation": {"angle": 0, "axis": "y", "origin": [10.5, 4.41762, 11.09953]},
			"faces": {
				"north": {"uv": [0, 0, 1, 1], "texture": "#3"},
				"east": {"uv": [0, 0, 1, 1], "texture": "#4"},
				"south": {"uv": [0, 0, 1, 1], "texture": "#3"},
				"west": {"uv": [0, 0, 1, 1], "texture": "#4"},
				"up": {"uv": [0, 0, 1, 1], "texture": "#3"},
				"down": {"uv": [0, 0, 1, 1], "texture": "#3"}
			}
		},
		{
			"name": "hexadecagon",
			"from": [10, 9.58238, 10.21258],
			"to": [11, 9.83238, 10.71258],
			"rotation": {"angle": 22.5, "axis": "x", "origin": [10.5, 5.83238, 11.00823]},
			"faces": {
				"north": {"uv": [0, 0, 1, 1], "texture": "#3"},
				"east": {"uv": [0, 0, 1, 1], "texture": "#4"},
				"south": {"uv": [0, 0, 1, 1], "texture": "#3"},
				"west": {"uv": [0, 0, 1, 1], "texture": "#4"},
				"up": {"uv": [0, 0, 1, 1], "texture": "#3"},
				"down": {"uv": [0, 0, 1, 1], "texture": "#3"}
			}
		},
		{
			"name": "hexadecagon",
			"from": [10, 0.41762, 10.21258],
			"to": [11, 0.66762, 10.71258],
			"rotation": {"angle": -22.5, "axis": "x", "origin": [10.5, 4.41762, 11.00823]},
			"faces": {
				"north": {"uv": [0, 0, 1, 1], "texture": "#3"},
				"east": {"uv": [0, 0, 1, 1], "texture": "#4"},
				"south": {"uv": [0, 0, 1, 1], "texture": "#3"},
				"west": {"uv": [0, 0, 1, 1], "texture": "#4"},
				"up": {"uv": [0, 0, 1, 1], "texture": "#3"},
				"down": {"uv": [0, 0, 1, 1], "texture": "#3"}
			}
		},
		{
			"name": "hexadecagon",
			"from": [5, 6.04565, 13.75],
			"to": [6, 7.04565, 14],
			"rotation": {"angle": -45, "axis": "x", "origin": [5.5, 6.25, 10]},
			"faces": {
				"north": {"uv": [0, 0, 1, 1], "texture": "#3"},
				"east": {"uv": [0, 0, 1, 1], "texture": "#4"},
				"south": {"uv": [0, 0, 1, 1], "texture": "#3"},
				"west": {"uv": [0, 0, 1, 1], "texture": "#4"},
				"up": {"uv": [0, 0, 1, 1], "texture": "#3"},
				"down": {"uv": [0, 0, 1, 1], "texture": "#3"}
			}
		},
		{
			"name": "hexadecagon",
			"from": [5, 3.20435, 13.75],
			"to": [6, 4.20435, 14],
			"rotation": {"angle": 45, "axis": "x", "origin": [5.5, 4, 10]},
			"faces": {
				"north": {"uv": [0, 0, 1, 1], "texture": "#3"},
				"east": {"uv": [0, 0, 1, 1], "texture": "#4"},
				"south": {"uv": [0, 0, 1, 1], "texture": "#3"},
				"west": {"uv": [0, 0, 1, 1], "texture": "#4"},
				"up": {"uv": [0, 0, 1, 1], "texture": "#3"},
				"down": {"uv": [0, 0, 1, 1], "texture": "#3"}
			}
		},
		{
			"name": "hexadecagon",
			"from": [5, 6.46376, 13.33189],
			"to": [6, 7.46376, 13.58189],
			"rotation": {"angle": -22.5, "axis": "x", "origin": [5.5, 6.66811, 9.58189]},
			"faces": {
				"north": {"uv": [0, 0, 1, 1], "texture": "#3"},
				"east": {"uv": [0, 0, 1, 1], "texture": "#4"},
				"south": {"uv": [0, 0, 1, 1], "texture": "#3"},
				"west": {"uv": [0, 0, 1, 1], "texture": "#4"},
				"up": {"uv": [0, 0, 1, 1], "texture": "#3"},
				"down": {"uv": [0, 0, 1, 1], "texture": "#3"}
			}
		},
		{
			"name": "hexadecagon",
			"from": [5, 2.78624, 13.33189],
			"to": [6, 3.78624, 13.58189],
			"rotation": {"angle": 22.5, "axis": "x", "origin": [5.5, 3.58189, 9.58189]},
			"faces": {
				"north": {"uv": [0, 0, 1, 1], "texture": "#3"},
				"east": {"uv": [0, 0, 1, 1], "texture": "#4"},
				"south": {"uv": [0, 0, 1, 1], "texture": "#3"},
				"west": {"uv": [0, 0, 1, 1], "texture": "#4"},
				"up": {"uv": [0, 0, 1, 1], "texture": "#3"},
				"down": {"uv": [0, 0, 1, 1], "texture": "#3"}
			}
		},
		{
			"name": "hexadecagon",
			"from": [5, 2.23995, 13.10561],
			"to": [6, 8.01005, 13.35561],
			"rotation": {"angle": 0, "axis": "y", "origin": [5.5, 6.9644, 9.35561]},
			"faces": {
				"north": {"uv": [0, 0, 1, 1], "texture": "#3"},
				"east": {"uv": [0, 0, 1, 1], "texture": "#4"},
				"south": {"uv": [0, 0, 1, 1], "texture": "#3"},
				"west": {"uv": [0, 0, 1, 1], "texture": "#4"},
				"up": {"uv": [0, 0, 1, 1], "texture": "#3"},
				"down": {"uv": [0, 0, 1, 1], "texture": "#3"}
			}
		},
		{
			"name": "hexadecagon",
			"from": [5, 10, 11.31211],
			"to": [6, 10.25, 11.81211],
			"rotation": {"angle": -22.5, "axis": "x", "origin": [5.5, 6.25, 12.10776]},
			"faces": {
				"north": {"uv": [0, 0, 1, 1], "texture": "#3"},
				"east": {"uv": [0, 0, 1, 1], "texture": "#4"},
				"south": {"uv": [0, 0, 1, 1], "texture": "#3"},
				"west": {"uv": [0, 0, 1, 1], "texture": "#4"},
				"up": {"uv": [0, 0, 1, 1], "texture": "#3"},
				"down": {"uv": [0, 0, 1, 1], "texture": "#3"}
			}
		},
		{
			"name": "hexadecagon",
			"from": [5, 0, 11.31211],
			"to": [6, 0.25, 11.81211],
			"rotation": {"angle": 22.5, "axis": "x", "origin": [5.5, 4, 12.10776]},
			"faces": {
				"north": {"uv": [0, 0, 1, 1], "texture": "#3"},
				"east": {"uv": [0, 0, 1, 1], "texture": "#4"},
				"south": {"uv": [0, 0, 1, 1], "texture": "#3"},
				"west": {"uv": [0, 0, 1, 1], "texture": "#4"},
				"up": {"uv": [0, 0, 1, 1], "texture": "#3"},
				"down": {"uv": [0, 0, 1, 1], "texture": "#3"}
			}
		},
		{
			"name": "hexadecagon",
			"from": [5, 9.58238, 10.30388],
			"to": [6, 9.83238, 11.80388],
			"rotation": {"angle": 0, "axis": "y", "origin": [5.5, 5.83238, 11.09953]},
			"faces": {
				"north": {"uv": [0, 0, 1, 1], "texture": "#3"},
				"east": {"uv": [0, 0, 1, 1], "texture": "#4"},
				"south": {"uv": [0, 0, 1, 1], "texture": "#3"},
				"west": {"uv": [0, 0, 1, 1], "texture": "#4"},
				"up": {"uv": [0, 0, 1, 1], "texture": "#3"},
				"down": {"uv": [0, 0, 1, 1], "texture": "#3"}
			}
		},
		{
			"name": "hexadecagon",
			"from": [5, 0.41762, 10.30388],
			"to": [6, 0.66762, 11.80388],
			"rotation": {"angle": 0, "axis": "y", "origin": [5.5, 4.41762, 11.09953]},
			"faces": {
				"north": {"uv": [0, 0, 1, 1], "texture": "#3"},
				"east": {"uv": [0, 0, 1, 1], "texture": "#4"},
				"south": {"uv": [0, 0, 1, 1], "texture": "#3"},
				"west": {"uv": [0, 0, 1, 1], "texture": "#4"},
				"up": {"uv": [0, 0, 1, 1], "texture": "#3"},
				"down": {"uv": [0, 0, 1, 1], "texture": "#3"}
			}
		},
		{
			"name": "hexadecagon",
			"from": [5, 9.58238, 10.21258],
			"to": [6, 9.83238, 10.71258],
			"rotation": {"angle": 22.5, "axis": "x", "origin": [5.5, 5.83238, 11.00823]},
			"faces": {
				"north": {"uv": [0, 0, 1, 1], "texture": "#3"},
				"east": {"uv": [0, 0, 1, 1], "texture": "#4"},
				"south": {"uv": [0, 0, 1, 1], "texture": "#3"},
				"west": {"uv": [0, 0, 1, 1], "texture": "#4"},
				"up": {"uv": [0, 0, 1, 1], "texture": "#3"},
				"down": {"uv": [0, 0, 1, 1], "texture": "#3"}
			}
		},
		{
			"name": "hexadecagon",
			"from": [5, 0.41762, 10.21258],
			"to": [6, 0.66762, 10.71258],
			"rotation": {"angle": -22.5, "axis": "x", "origin": [5.5, 4.41762, 11.00823]},
			"faces": {
				"north": {"uv": [0, 0, 1, 1], "texture": "#3"},
				"east": {"uv": [0, 0, 1, 1], "texture": "#4"},
				"south": {"uv": [0, 0, 1, 1], "texture": "#3"},
				"west": {"uv": [0, 0, 1, 1], "texture": "#4"},
				"up": {"uv": [0, 0, 1, 1], "texture": "#3"},
				"down": {"uv": [0, 0, 1, 1], "texture": "#3"}
			}
		},
		{
			"from": [6.78983, 7.58909, 7.5],
			"to": [6.83983, 10.08909, 7.75],
			"rotation": {"angle": -22.5, "axis": "z", "origin": [3.78983, 15.58909, 15.5]},
			"faces": {
				"north": {"uv": [0, 0, 1, 1], "texture": "#3"},
				"east": {"uv": [0, 0, 1, 1], "texture": "#3"},
				"south": {"uv": [0, 0, 1, 1], "texture": "#3"},
				"west": {"uv": [0, 0, 1, 1], "texture": "#4"},
				"up": {"uv": [0, 0, 1, 1], "texture": "#3"},
				"down": {"uv": [0, 0, 1, 1], "texture": "#3"}
			}
		},
		{
			"from": [6.73983, 7.33909, 7.25],
			"to": [6.78983, 8.08909, 7.5],
			"rotation": {"angle": -22.5, "axis": "z", "origin": [3.78983, 15.58909, 15.5]},
			"faces": {
				"north": {"uv": [0, 0, 1, 1], "texture": "#2"},
				"east": {"uv": [0, 0, 1, 1], "texture": "#2"},
				"south": {"uv": [0, 0, 1, 1], "texture": "#2"},
				"west": {"uv": [0, 0, 1, 1], "texture": "#2"},
				"up": {"uv": [0, 0, 1, 1], "texture": "#2"},
				"down": {"uv": [0, 0, 1, 1], "texture": "#2"}
			}
		},
		{
			"from": [10.28514, 9.43077, 7.5],
			"to": [10.33514, 10.93077, 7.75],
			"rotation": {"angle": -45, "axis": "z", "origin": [7.28514, 16.43077, 15.5]},
			"faces": {
				"north": {"uv": [0, 0, 1, 1], "texture": "#3"},
				"east": {"uv": [0, 0, 1, 1], "texture": "#3"},
				"south": {"uv": [0, 0, 1, 1], "texture": "#3"},
				"west": {"uv": [0, 0, 1, 1], "texture": "#4"},
				"up": {"uv": [0, 0, 1, 1], "texture": "#3"},
				"down": {"uv": [0, 0, 1, 1], "texture": "#3"}
			}
		},
		{
			"from": [3.83648, 12.82078, 7.5],
			"to": [5.33648, 12.87078, 7.75],
			"rotation": {"angle": 22.5, "axis": "z", "origin": [10.83648, 15.87078, 15.5]},
			"faces": {
				"north": {"uv": [0, 0, 1, 1], "rotation": 270, "texture": "#3"},
				"east": {"uv": [0, 0, 1, 1], "rotation": 270, "texture": "#3"},
				"south": {"uv": [0, 0, 1, 1], "rotation": 270, "texture": "#3"},
				"west": {"uv": [0, 0, 1, 1], "rotation": 270, "texture": "#3"},
				"up": {"uv": [0, 0, 1, 1], "rotation": 270, "texture": "#4"},
				"down": {"uv": [0, 0, 1, 1], "rotation": 270, "texture": "#3"}
			}
		},
		{
			"from": [6.90319, 10.94438, 7.5],
			"to": [9.09681, 10.99438, 7.75],
			"rotation": {"angle": 0, "axis": "y", "origin": [15.5, 18.05, 15.5]},
			"faces": {
				"north": {"uv": [0, 0, 1, 1], "texture": "#3"},
				"east": {"uv": [0, 0, 1, 1], "texture": "#3"},
				"south": {"uv": [0, 0, 1, 1], "texture": "#3"},
				"west": {"uv": [0, 0, 1, 1], "texture": "#3"},
				"up": {"uv": [0, 0, 1, 1], "texture": "#4"},
				"down": {"uv": [0, 0, 1, 1], "texture": "#3"}
			}
		},
		{
			"from": [10.66352, 12.82078, 7.5],
			"to": [12.16352, 12.87078, 7.75],
			"rotation": {"angle": -22.5, "axis": "z", "origin": [5.16352, 15.87078, 15.5]},
			"faces": {
				"north": {"uv": [0, 0, 1, 1], "rotation": 270, "texture": "#3"},
				"east": {"uv": [0, 0, 1, 1], "rotation": 270, "texture": "#3"},
				"south": {"uv": [0, 0, 1, 1], "rotation": 270, "texture": "#3"},
				"west": {"uv": [0, 0, 1, 1], "rotation": 270, "texture": "#3"},
				"up": {"uv": [0, 0, 1, 1], "rotation": 270, "texture": "#4"},
				"down": {"uv": [0, 0, 1, 1], "rotation": 270, "texture": "#3"}
			}
		},
		{
			"from": [5.66486, 9.43077, 7.5],
			"to": [5.71486, 10.93077, 7.75],
			"rotation": {"angle": 45, "axis": "z", "origin": [8.71486, 16.43077, 15.5]},
			"faces": {
				"north": {"uv": [0, 0, 1, 1], "texture": "#3"},
				"east": {"uv": [0, 0, 1, 1], "texture": "#4"},
				"south": {"uv": [0, 0, 1, 1], "texture": "#3"},
				"west": {"uv": [0, 0, 1, 1], "texture": "#3"},
				"up": {"uv": [0, 0, 1, 1], "texture": "#3"},
				"down": {"uv": [0, 0, 1, 1], "texture": "#3"}
			}
		},
		{
			"from": [9.16017, 7.58909, 7.5],
			"to": [9.21017, 10.08909, 7.75],
			"rotation": {"angle": 22.5, "axis": "z", "origin": [12.21017, 15.58909, 15.5]},
			"faces": {
				"north": {"uv": [0, 0, 1, 1], "texture": "#3"},
				"east": {"uv": [0, 0, 1, 1], "texture": "#4"},
				"south": {"uv": [0, 0, 1, 1], "texture": "#3"},
				"west": {"uv": [0, 0, 1, 1], "texture": "#3"},
				"up": {"uv": [0, 0, 1, 1], "texture": "#3"},
				"down": {"uv": [0, 0, 1, 1], "texture": "#3"}
			}
		},
		{
			"from": [6.78983, 7.58909, 7.2],
			"to": [6.83983, 10.08909, 7.45],
			"rotation": {"angle": -22.5, "axis": "z", "origin": [3.78983, 15.58909, 15.2]},
			"faces": {
				"north": {"uv": [0, 0, 1, 1], "texture": "#3"},
				"east": {"uv": [0, 0, 1, 1], "texture": "#3"},
				"south": {"uv": [0, 0, 1, 1], "texture": "#3"},
				"west": {"uv": [0, 0, 1, 1], "texture": "#4"},
				"up": {"uv": [0, 0, 1, 1], "texture": "#3"},
				"down": {"uv": [0, 0, 1, 1], "texture": "#3"}
			}
		},
		{
			"from": [10.28514, 9.43077, 7.2],
			"to": [10.33514, 10.93077, 7.45],
			"rotation": {"angle": -45, "axis": "z", "origin": [7.28514, 16.43077, 15.2]},
			"faces": {
				"north": {"uv": [0, 0, 1, 1], "texture": "#3"},
				"east": {"uv": [0, 0, 1, 1], "texture": "#3"},
				"south": {"uv": [0, 0, 1, 1], "texture": "#3"},
				"west": {"uv": [0, 0, 1, 1], "texture": "#4"},
				"up": {"uv": [0, 0, 1, 1], "texture": "#3"},
				"down": {"uv": [0, 0, 1, 1], "texture": "#3"}
			}
		},
		{
			"from": [3.83648, 12.82078, 7.2],
			"to": [5.33648, 12.87078, 7.45],
			"rotation": {"angle": 22.5, "axis": "z", "origin": [10.83648, 15.87078, 15.2]},
			"faces": {
				"north": {"uv": [0, 0, 1, 1], "rotation": 270, "texture": "#3"},
				"east": {"uv": [0, 0, 1, 1], "rotation": 270, "texture": "#3"},
				"south": {"uv": [0, 0, 1, 1], "rotation": 270, "texture": "#3"},
				"west": {"uv": [0, 0, 1, 1], "rotation": 270, "texture": "#3"},
				"up": {"uv": [0, 0, 1, 1], "rotation": 270, "texture": "#4"},
				"down": {"uv": [0, 0, 1, 1], "rotation": 270, "texture": "#3"}
			}
		},
		{
			"from": [6.90319, 10.94438, 7.2],
			"to": [9.09681, 10.99438, 7.45],
			"rotation": {"angle": 0, "axis": "y", "origin": [15.5, 18.05, 15.2]},
			"faces": {
				"north": {"uv": [0, 0, 1, 1], "texture": "#3"},
				"east": {"uv": [0, 0, 1, 1], "texture": "#3"},
				"south": {"uv": [0, 0, 1, 1], "texture": "#3"},
				"west": {"uv": [0, 0, 1, 1], "texture": "#3"},
				"up": {"uv": [0, 0, 1, 1], "texture": "#4"},
				"down": {"uv": [0, 0, 1, 1], "texture": "#3"}
			}
		},
		{
			"from": [10.66352, 12.82078, 7.2],
			"to": [12.16352, 12.87078, 7.45],
			"rotation": {"angle": -22.5, "axis": "z", "origin": [5.16352, 15.87078, 15.2]},
			"faces": {
				"north": {"uv": [0, 0, 1, 1], "rotation": 270, "texture": "#3"},
				"east": {"uv": [0, 0, 1, 1], "rotation": 270, "texture": "#3"},
				"south": {"uv": [0, 0, 1, 1], "rotation": 270, "texture": "#3"},
				"west": {"uv": [0, 0, 1, 1], "rotation": 270, "texture": "#3"},
				"up": {"uv": [0, 0, 1, 1], "rotation": 270, "texture": "#4"},
				"down": {"uv": [0, 0, 1, 1], "rotation": 270, "texture": "#3"}
			}
		},
		{
			"from": [5.66486, 9.43077, 7.2],
			"to": [5.71486, 10.93077, 7.45],
			"rotation": {"angle": 45, "axis": "z", "origin": [8.71486, 16.43077, 15.2]},
			"faces": {
				"north": {"uv": [0, 0, 1, 1], "texture": "#3"},
				"east": {"uv": [0, 0, 1, 1], "texture": "#4"},
				"south": {"uv": [0, 0, 1, 1], "texture": "#3"},
				"west": {"uv": [0, 0, 1, 1], "texture": "#3"},
				"up": {"uv": [0, 0, 1, 1], "texture": "#3"},
				"down": {"uv": [0, 0, 1, 1], "texture": "#3"}
			}
		},
		{
			"from": [9.16017, 7.58909, 7.2],
			"to": [9.21017, 10.08909, 7.45],
			"rotation": {"angle": 22.5, "axis": "z", "origin": [12.21017, 15.58909, 15.2]},
			"faces": {
				"north": {"uv": [0, 0, 1, 1], "texture": "#3"},
				"east": {"uv": [0, 0, 1, 1], "texture": "#4"},
				"south": {"uv": [0, 0, 1, 1], "texture": "#3"},
				"west": {"uv": [0, 0, 1, 1], "texture": "#3"},
				"up": {"uv": [0, 0, 1, 1], "texture": "#3"},
				"down": {"uv": [0, 0, 1, 1], "texture": "#3"}
			}
		},
		{
			"from": [6.75, 6.5, 6.4],
			"to": [9.25, 6.75, 6.9],
			"rotation": {"angle": 0, "axis": "y", "origin": [15.75, 14.25, 14.4]},
			"faces": {
				"north": {"uv": [0, 0, 2.5, 0.25], "texture": "#2"},
				"east": {"uv": [0, 0, 0.5, 0.25], "texture": "#2"},
				"south": {"uv": [0, 0, 2.5, 0.25], "texture": "#2"},
				"west": {"uv": [0, 0, 0.5, 0.25], "texture": "#2"},
				"up": {"uv": [0, 0, 2.5, 0.5], "texture": "#2"},
				"down": {"uv": [0, 0, 2.5, 0.5], "texture": "#2"}
			}
		},
		{
			"from": [7, 5.75, 6.45],
			"to": [9, 6.5, 6.95],
			"rotation": {"angle": 0, "axis": "y", "origin": [15.75, 14.25, 14.4]},
			"faces": {
				"north": {"uv": [0, 0, 1, 1], "texture": "#1"},
				"east": {"uv": [0, 0, 1, 1], "texture": "#1"},
				"south": {"uv": [0, 0, 1, 1], "texture": "#1"},
				"west": {"uv": [0, 0, 1, 1], "texture": "#1"},
				"up": {"uv": [0, 0, 1, 1], "texture": "#1"},
				"down": {"uv": [0, 0, 1, 1], "texture": "#1"}
			}
		},
		{
			"from": [7.875, 6.25, 6.4],
			"to": [8.125, 6.5, 6.9],
			"rotation": {"angle": 0, "axis": "y", "origin": [15.625, 14.25, 14.4]},
			"faces": {
				"north": {"uv": [0, 0, 0.25, 0.25], "texture": "#2"},
				"east": {"uv": [0, 0, 0.5, 0.25], "texture": "#2"},
				"south": {"uv": [0, 0, 0.25, 0.25], "texture": "#2"},
				"west": {"uv": [0, 0, 0.5, 0.25], "texture": "#2"},
				"up": {"uv": [0, 0, 0.25, 0.5], "texture": "#2"},
				"down": {"uv": [0, 0, 0.25, 0.5], "texture": "#2"}
			}
		},
		{
			"from": [7.92678, 6.19822, 6.4],
			"to": [8.10355, 6.375, 6.9],
			"rotation": {"angle": 45, "axis": "z", "origin": [8.05178, 6.25, 6.65]},
			"faces": {
				"north": {"uv": [0, 0, 0.25, 0.25], "rotation": 270, "texture": "#2"},
				"east": {"uv": [0, 0, 0.25, 0.5], "rotation": 90, "texture": "#2"},
				"south": {"uv": [0, 0, 0.25, 0.25], "rotation": 90, "texture": "#2"},
				"west": {"uv": [0, 0, 0.25, 0.5], "rotation": 90, "texture": "#2"},
				"up": {"uv": [0, 0, 0.5, 0.25], "rotation": 90, "texture": "#2"},
				"down": {"uv": [0, 0, 0.5, 0.25], "rotation": 90, "texture": "#2"}
			}
		},
		{
			"from": [9.10701, 6.96884, 6.4],
			"to": [11.60701, 7.21884, 6.9],
			"rotation": {"angle": 22.5, "axis": "z", "origin": [10.35701, 7.09384, 6.65]},
			"faces": {
				"north": {"uv": [0, 0, 2.5, 0.25], "texture": "#2"},
				"east": {"uv": [0, 0, 0.5, 0.25], "texture": "#2"},
				"south": {"uv": [0, 0, 2.5, 0.25], "texture": "#2"},
				"west": {"uv": [0, 0, 0.5, 0.25], "texture": "#2"},
				"up": {"uv": [0, 0, 2.5, 0.5], "texture": "#2"},
				"down": {"uv": [0, 0, 2.5, 0.5], "texture": "#2"}
			}
		},
		{
			"from": [10.58201, 5.19384, 6.4],
			"to": [10.83201, 7.69384, 6.9],
			"rotation": {"angle": -22.5, "axis": "z", "origin": [10.45701, 6.19384, 6.65]},
			"faces": {
				"north": {"uv": [0, 0, 2.5, 0.25], "rotation": 90, "texture": "#2"},
				"east": {"uv": [0, 0, 2.5, 0.5], "rotation": 270, "texture": "#2"},
				"south": {"uv": [0, 0, 2.5, 0.25], "rotation": 270, "texture": "#2"},
				"west": {"uv": [0, 0, 2.5, 0.5], "rotation": 270, "texture": "#2"},
				"up": {"uv": [0, 0, 0.5, 0.25], "rotation": 270, "texture": "#2"},
				"down": {"uv": [0, 0, 0.5, 0.25], "rotation": 270, "texture": "#2"}
			}
		},
		{
			"from": [8.58201, 4.19384, 6.4],
			"to": [8.83201, 6.69384, 6.9],
			"rotation": {"angle": -22.5, "axis": "z", "origin": [8.70701, 5.44384, 6.65]},
			"faces": {
				"north": {"uv": [0, 0, 2.5, 0.25], "rotation": 90, "texture": "#2"},
				"east": {"uv": [0, 0, 2.5, 0.5], "rotation": 270, "texture": "#2"},
				"south": {"uv": [0, 0, 2.5, 0.25], "rotation": 270, "texture": "#2"},
				"west": {"uv": [0, 0, 2.5, 0.5], "rotation": 270, "texture": "#2"},
				"up": {"uv": [0, 0, 0.5, 0.25], "rotation": 270, "texture": "#2"},
				"down": {"uv": [0, 0, 0.5, 0.25], "rotation": 270, "texture": "#2"}
			}
		},
		{
			"from": [7.16799, 4.19384, 6.4],
			"to": [7.41799, 6.69384, 6.9],
			"rotation": {"angle": 22.5, "axis": "z", "origin": [7.29299, 5.44384, 6.65]},
			"faces": {
				"north": {"uv": [0, 0.25, 2.5, 0.5], "rotation": 90, "texture": "#2"},
				"east": {"uv": [0, 0.5, 2.5, 1], "rotation": 270, "texture": "#2"},
				"south": {"uv": [0, 0.25, 2.5, 0.5], "rotation": 270, "texture": "#2"},
				"west": {"uv": [0, 0.5, 2.5, 1], "rotation": 270, "texture": "#2"},
				"up": {"uv": [0, 0.25, 0.5, 0.5], "rotation": 270, "texture": "#2"},
				"down": {"uv": [0, 0.25, 0.5, 0.5], "rotation": 270, "texture": "#2"}
			}
		},
		{
			"from": [6.66799, 4.19384, 6.45],
			"to": [7.16799, 6.69384, 6.95],
			"rotation": {"angle": 22.5, "axis": "z", "origin": [7.29299, 5.44384, 6.65]},
			"faces": {
				"north": {"uv": [3.25, 1, 2, 2], "rotation": 90, "texture": "#0"},
				"east": {"uv": [3.25, 1, 2, 2], "rotation": 90, "texture": "#0"},
				"south": {"uv": [3.25, 1, 2, 2], "rotation": 90, "texture": "#0"},
				"west": {"uv": [3.25, 1, 2, 2], "rotation": 90, "texture": "#0"},
				"up": {"uv": [3.25, 1, 2, 2], "rotation": 90, "texture": "#0"},
				"down": {"uv": [3.25, 1, 2, 2], "rotation": 90, "texture": "#0"}
			}
		},
		{
			"from": [8.83201, 4.19384, 6.45],
			"to": [9.33201, 6.69384, 6.95],
			"rotation": {"angle": -22.5, "axis": "z", "origin": [8.70701, 5.44384, 6.65]},
			"faces": {
				"north": {"uv": [3.25, 1, 2, 2], "rotation": 90, "texture": "#0"},
				"east": {"uv": [3.25, 1, 2, 2], "rotation": 90, "texture": "#0"},
				"south": {"uv": [3.25, 1, 2, 2], "rotation": 90, "texture": "#0"},
				"west": {"uv": [3.25, 1, 2, 2], "rotation": 90, "texture": "#0"},
				"up": {"uv": [3.25, 1, 2, 2], "rotation": 90, "texture": "#0"},
				"down": {"uv": [3.25, 1, 2, 2], "rotation": 90, "texture": "#0"}
			}
		},
		{
			"from": [5.16799, 5.19384, 6.4],
			"to": [5.41799, 7.69384, 6.9],
			"rotation": {"angle": 22.5, "axis": "z", "origin": [5.54299, 6.19384, 6.65]},
			"faces": {
				"north": {"uv": [0, 0.25, 2.5, 0.5], "rotation": 90, "texture": "#2"},
				"east": {"uv": [0, 0.5, 2.5, 1], "rotation": 270, "texture": "#2"},
				"south": {"uv": [0, 0.25, 2.5, 0.5], "rotation": 270, "texture": "#2"},
				"west": {"uv": [0, 0.5, 2.5, 1], "rotation": 270, "texture": "#2"},
				"up": {"uv": [0, 0.25, 0.5, 0.5], "rotation": 270, "texture": "#2"},
				"down": {"uv": [0, 0.25, 0.5, 0.5], "rotation": 270, "texture": "#2"}
			}
		},
		{
			"from": [4.39299, 6.96884, 6.4],
			"to": [6.89299, 7.21884, 6.9],
			"rotation": {"angle": -22.5, "axis": "z", "origin": [5.64299, 7.09384, 6.65]},
			"faces": {
				"north": {"uv": [2.5, 0, 5, 0.25], "texture": "#2"},
				"east": {"uv": [0.5, 0, 1, 0.25], "texture": "#2"},
				"south": {"uv": [2.5, 0, 5, 0.25], "texture": "#2"},
				"west": {"uv": [0.5, 0, 1, 0.25], "texture": "#2"},
				"up": {"uv": [2.5, 0, 5, 0.5], "texture": "#2"},
				"down": {"uv": [2.5, 0, 5, 0.5], "texture": "#2"}
			}
		},
		{
			"from": [5.64299, 5.96884, 6.45],
			"to": [6.89299, 6.96884, 6.95],
			"rotation": {"angle": -22.5, "axis": "z", "origin": [5.64299, 7.09384, 6.65]},
			"faces": {
				"north": {"uv": [3.25, 1, 2, 2], "texture": "#0"},
				"east": {"uv": [3.25, 1, 2, 2], "texture": "#0"},
				"south": {"uv": [3.25, 1, 2, 2], "texture": "#0"},
				"west": {"uv": [3.25, 1, 2, 2], "texture": "#0"},
				"up": {"uv": [3.25, 1, 2, 2], "texture": "#0"},
				"down": {"uv": [3.25, 1, 2, 2], "texture": "#0"}
			}
		},
		{
			"from": [9.10701, 5.96884, 6.45],
			"to": [10.35701, 6.96884, 6.95],
			"rotation": {"angle": 22.5, "axis": "z", "origin": [10.35701, 7.09384, 6.65]},
			"faces": {
				"north": {"uv": [3.25, 1, 2, 2], "texture": "#0"},
				"east": {"uv": [3.25, 1, 2, 2], "texture": "#0"},
				"south": {"uv": [3.25, 1, 2, 2], "texture": "#0"},
				"west": {"uv": [3.25, 1, 2, 2], "texture": "#0"},
				"up": {"uv": [3.25, 1, 2, 2], "texture": "#0"},
				"down": {"uv": [3.25, 1, 2, 2], "texture": "#0"}
			}
		},
		{
			"from": [5.09299, 6.31884, 6.45],
			"to": [5.64299, 7.21884, 6.95],
			"rotation": {"angle": 0, "axis": "y", "origin": [5.64299, 7.09384, 6.65]},
			"faces": {
				"north": {"uv": [3.25, 1, 2, 2], "texture": "#0"},
				"east": {"uv": [3.25, 1, 2, 2], "texture": "#0"},
				"south": {"uv": [3.25, 1, 2, 2], "texture": "#0"},
				"west": {"uv": [3.25, 1, 2, 2], "texture": "#0"},
				"up": {"uv": [3.25, 1, 2, 2], "texture": "#0"},
				"down": {"uv": [3.25, 1, 2, 2], "texture": "#0"}
			}
		},
		{
			"from": [10.35701, 6.31884, 6.45],
			"to": [10.90701, 7.21884, 6.95],
			"rotation": {"angle": 0, "axis": "y", "origin": [10.35701, 7.09384, 6.65]},
			"faces": {
				"north": {"uv": [3.25, 1, 2, 2], "texture": "#0"},
				"east": {"uv": [3.25, 1, 2, 2], "texture": "#0"},
				"south": {"uv": [3.25, 1, 2, 2], "texture": "#0"},
				"west": {"uv": [3.25, 1, 2, 2], "texture": "#0"},
				"up": {"uv": [3.25, 1, 2, 2], "texture": "#0"},
				"down": {"uv": [3.25, 1, 2, 2], "texture": "#0"}
			}
		},
		{
			"from": [4.99299, 6.81884, 6.45],
			"to": [5.24299, 7.21884, 6.95],
			"rotation": {"angle": 0, "axis": "y", "origin": [5.64299, 7.09384, 6.65]},
			"faces": {
				"north": {"uv": [3.25, 1, 2, 2], "texture": "#0"},
				"east": {"uv": [3.25, 1, 2, 2], "texture": "#0"},
				"south": {"uv": [3.25, 1, 2, 2], "texture": "#0"},
				"west": {"uv": [3.25, 1, 2, 2], "texture": "#0"},
				"up": {"uv": [3.25, 1, 2, 2], "texture": "#0"},
				"down": {"uv": [3.25, 1, 2, 2], "texture": "#0"}
			}
		},
		{
			"from": [10.75701, 6.81884, 6.45],
			"to": [11.00701, 7.21884, 6.95],
			"rotation": {"angle": 0, "axis": "y", "origin": [10.35701, 7.09384, 6.65]},
			"faces": {
				"north": {"uv": [3.25, 1, 2, 2], "texture": "#0"},
				"east": {"uv": [3.25, 1, 2, 2], "texture": "#0"},
				"south": {"uv": [3.25, 1, 2, 2], "texture": "#0"},
				"west": {"uv": [3.25, 1, 2, 2], "texture": "#0"},
				"up": {"uv": [3.25, 1, 2, 2], "texture": "#0"},
				"down": {"uv": [3.25, 1, 2, 2], "texture": "#0"}
			}
		},
		{
			"from": [4.14299, 6.71884, 6.4],
			"to": [4.39299, 7.46884, 6.9],
			"rotation": {"angle": -22.5, "axis": "z", "origin": [5.64299, 7.09384, 6.65]},
			"faces": {
				"north": {"uv": [2.5, 0, 2.75, 0.75], "texture": "#2"},
				"east": {"uv": [0.5, 0, 1, 0.75], "texture": "#2"},
				"south": {"uv": [2.5, 0, 2.75, 0.75], "texture": "#2"},
				"west": {"uv": [0.5, 0, 1, 0.75], "texture": "#2"},
				"up": {"uv": [2.5, 0, 2.75, 0.5], "texture": "#2"},
				"down": {"uv": [2.5, 0, 2.75, 0.5], "texture": "#2"}
			}
		},
		{
			"from": [11.60701, 6.71884, 6.4],
			"to": [11.85701, 7.46884, 6.9],
			"rotation": {"angle": 22.5, "axis": "z", "origin": [10.35701, 7.09384, 6.65]},
			"faces": {
				"north": {"uv": [2.75, 0, 2.5, 0.75], "texture": "#2"},
				"east": {"uv": [1, 0, 0.5, 0.75], "texture": "#2"},
				"south": {"uv": [2.75, 0, 2.5, 0.75], "texture": "#2"},
				"west": {"uv": [1, 0, 0.5, 0.75], "texture": "#2"},
				"up": {"uv": [2.75, 0, 2.5, 0.5], "texture": "#2"},
				"down": {"uv": [2.75, 0, 2.5, 0.5], "texture": "#2"}
			}
		},
		{
			"from": [3.16584, 7.28316, 6.4],
			"to": [3.41584, 7.53316, 6.9],
			"rotation": {"angle": -45, "axis": "z", "origin": [4.66584, 6.15816, 6.65]},
			"faces": {
				"north": {"uv": [2.5, 0, 2.75, 0.25], "texture": "#2"},
				"east": {"uv": [0.5, 0, 1, 0.25], "texture": "#2"},
				"south": {"uv": [2.5, 0, 2.75, 0.25], "texture": "#2"},
				"west": {"uv": [0.5, 0, 1, 0.25], "texture": "#2"},
				"up": {"uv": [2.5, 0, 2.75, 0.5], "texture": "#2"},
				"down": {"uv": [2.5, 0, 2.75, 0.5], "texture": "#2"}
			}
		},
		{
			"from": [12.58416, 7.28316, 6.4],
			"to": [12.83416, 7.53316, 6.9],
			"rotation": {"angle": 45, "axis": "z", "origin": [11.33416, 6.15816, 6.65]},
			"faces": {
				"north": {"uv": [2.75, 0, 2.5, 0.25], "texture": "#2"},
				"east": {"uv": [1, 0, 0.5, 0.25], "texture": "#2"},
				"south": {"uv": [2.75, 0, 2.5, 0.25], "texture": "#2"},
				"west": {"uv": [1, 0, 0.5, 0.25], "texture": "#2"},
				"up": {"uv": [2.75, 0, 2.5, 0.5], "texture": "#2"},
				"down": {"uv": [2.75, 0, 2.5, 0.5], "texture": "#2"}
			}
		},
		{
			"from": [4.11366, 7.07141, 6.4],
			"to": [4.36366, 7.32141, 6.9],
			"rotation": {"angle": 0, "axis": "y", "origin": [5.61366, 5.94641, 6.65]},
			"faces": {
				"north": {"uv": [2.5, 0, 2.75, 0.25], "texture": "#2"},
				"east": {"uv": [0.5, 0, 1, 0.25], "texture": "#2"},
				"south": {"uv": [2.5, 0, 2.75, 0.25], "texture": "#2"},
				"west": {"uv": [0.5, 0, 1, 0.25], "texture": "#2"},
				"up": {"uv": [2.5, 0, 2.75, 0.5], "texture": "#2"},
				"down": {"uv": [2.5, 0, 2.75, 0.5], "texture": "#2"}
			}
		},
		{
			"from": [11.63634, 7.07141, 6.4],
			"to": [11.88634, 7.32141, 6.9],
			"rotation": {"angle": 0, "axis": "y", "origin": [10.38634, 5.94641, 6.65]},
			"faces": {
				"north": {"uv": [2.75, 0, 2.5, 0.25], "texture": "#2"},
				"east": {"uv": [1, 0, 0.5, 0.25], "texture": "#2"},
				"south": {"uv": [2.75, 0, 2.5, 0.25], "texture": "#2"},
				"west": {"uv": [1, 0, 0.5, 0.25], "texture": "#2"},
				"up": {"uv": [2.75, 0, 2.5, 0.5], "texture": "#2"},
				"down": {"uv": [2.75, 0, 2.5, 0.5], "texture": "#2"}
			}
		},
		{
			"name": "hexadecagon",
			"from": [5.70054, 8.9, 6.3],
			"to": [5.89946, 9.9, 7.3],
			"rotation": {"angle": -45, "axis": "z", "origin": [5.8, 9.4, 6.8]},
			"faces": {
				"north": {"uv": [0, 0, 1, 1], "texture": "#2"},
				"east": {"uv": [0, 0, 1, 1], "texture": "#2"},
				"south": {"uv": [0, 0, 1, 1], "texture": "#2"},
				"west": {"uv": [0, 0, 1, 1], "texture": "#2"},
				"up": {"uv": [0, 0, 1, 1], "texture": "#2"},
				"down": {"uv": [0, 0, 1, 1], "texture": "#2"}
			}
		},
		{
			"name": "hexadecagon",
			"from": [5.70054, 8.9, 6.3],
			"to": [5.89946, 9.9, 7.3],
			"rotation": {"angle": -22.5, "axis": "z", "origin": [5.8, 9.4, 6.8]},
			"faces": {
				"north": {"uv": [0, 0, 1, 1], "texture": "#2"},
				"east": {"uv": [0, 0, 1, 1], "texture": "#2"},
				"south": {"uv": [0, 0, 1, 1], "texture": "#2"},
				"west": {"uv": [0, 0, 1, 1], "texture": "#2"},
				"up": {"uv": [0, 0, 1, 1], "texture": "#2"},
				"down": {"uv": [0, 0, 1, 1], "texture": "#2"}
			}
		},
		{
			"name": "hexadecagon",
			"from": [5.70054, 8.9, 6.3],
			"to": [5.89946, 9.9, 7.3],
			"rotation": {"angle": 0, "axis": "y", "origin": [5.8, 9.4, 6.8]},
			"faces": {
				"north": {"uv": [0, 0, 1, 1], "texture": "#2"},
				"east": {"uv": [0, 0, 1, 1], "texture": "#2"},
				"south": {"uv": [0, 0, 1, 1], "texture": "#2"},
				"west": {"uv": [0, 0, 1, 1], "texture": "#2"},
				"up": {"uv": [0, 0, 1, 1], "texture": "#2"},
				"down": {"uv": [0, 0, 1, 1], "texture": "#2"}
			}
		},
		{
			"name": "hexadecagon",
			"from": [5.70054, 8.9, 6.3],
			"to": [5.89946, 9.9, 7.3],
			"rotation": {"angle": 22.5, "axis": "z", "origin": [5.8, 9.4, 6.8]},
			"faces": {
				"north": {"uv": [0, 0, 1, 1], "texture": "#2"},
				"east": {"uv": [0, 0, 1, 1], "texture": "#2"},
				"south": {"uv": [0, 0, 1, 1], "texture": "#2"},
				"west": {"uv": [0, 0, 1, 1], "texture": "#2"},
				"up": {"uv": [0, 0, 1, 1], "texture": "#2"},
				"down": {"uv": [0, 0, 1, 1], "texture": "#2"}
			}
		},
		{
			"name": "hexadecagon",
			"from": [5.70054, 8.9, 6.3],
			"to": [5.89946, 9.9, 7.3],
			"rotation": {"angle": 45, "axis": "z", "origin": [5.8, 9.4, 6.8]},
			"faces": {
				"north": {"uv": [0, 0, 1, 1], "texture": "#2"},
				"east": {"uv": [0, 0, 1, 1], "texture": "#2"},
				"south": {"uv": [0, 0, 1, 1], "texture": "#2"},
				"west": {"uv": [0, 0, 1, 1], "texture": "#2"},
				"up": {"uv": [0, 0, 1, 1], "texture": "#2"},
				"down": {"uv": [0, 0, 1, 1], "texture": "#2"}
			}
		},
		{
			"name": "hexadecagon",
			"from": [5.3, 9.30054, 6.3],
			"to": [6.3, 9.49946, 7.3],
			"rotation": {"angle": -22.5, "axis": "z", "origin": [5.8, 9.4, 6.8]},
			"faces": {
				"north": {"uv": [0, 0, 1, 1], "texture": "#2"},
				"east": {"uv": [0, 0, 1, 1], "texture": "#2"},
				"south": {"uv": [0, 0, 1, 1], "texture": "#2"},
				"west": {"uv": [0, 0, 1, 1], "texture": "#2"},
				"up": {"uv": [0, 0, 1, 1], "texture": "#2"},
				"down": {"uv": [0, 0, 1, 1], "texture": "#2"}
			}
		},
		{
			"name": "hexadecagon",
			"from": [5.3, 9.30054, 6.3],
			"to": [6.3, 9.49946, 7.3],
			"rotation": {"angle": 0, "axis": "y", "origin": [5.8, 9.4, 6.8]},
			"faces": {
				"north": {"uv": [0, 0, 1, 1], "texture": "#2"},
				"east": {"uv": [0, 0, 1, 1], "texture": "#2"},
				"south": {"uv": [0, 0, 1, 1], "texture": "#2"},
				"west": {"uv": [0, 0, 1, 1], "texture": "#2"},
				"up": {"uv": [0, 0, 1, 1], "texture": "#2"},
				"down": {"uv": [0, 0, 1, 1], "texture": "#2"}
			}
		},
		{
			"name": "hexadecagon",
			"from": [5.15, 9.30054, 6.3],
			"to": [6.45, 9.49946, 7.3],
			"rotation": {"angle": 22.5, "axis": "z", "origin": [5.8, 9.4, 6.8]},
			"faces": {
				"north": {"uv": [0, 0, 1, 1], "texture": "#2"},
				"east": {"uv": [0, 0, 1, 1], "texture": "#2"},
				"south": {"uv": [0, 0, 1, 1], "texture": "#2"},
				"west": {"uv": [0, 0, 1, 1], "texture": "#2"},
				"up": {"uv": [0, 0, 1, 1], "texture": "#2"},
				"down": {"uv": [0, 0, 1, 1], "texture": "#2"}
			}
		},
		{
			"name": "hexadecagon",
			"from": [6.36246, 9.54172, 6.3],
			"to": [6.66246, 9.74063, 7.3],
			"rotation": {"angle": 0, "axis": "y", "origin": [5.51246, 9.64117, 6.8]},
			"faces": {
				"north": {"uv": [0, 0, 1, 1], "texture": "#2"},
				"east": {"uv": [0, 0, 1, 1], "texture": "#2"},
				"south": {"uv": [0, 0, 1, 1], "texture": "#2"},
				"west": {"uv": [0, 0, 1, 1], "texture": "#2"},
				"up": {"uv": [0, 0, 1, 1], "texture": "#2"},
				"down": {"uv": [0, 0, 1, 1], "texture": "#2"}
			}
		},
		{
			"name": "hexadecagon",
			"from": [5.26857, 8.26019, 6.3],
			"to": [5.56857, 8.4591, 7.3],
			"rotation": {"angle": 45, "axis": "z", "origin": [4.41857, 8.35964, 6.8]},
			"faces": {
				"north": {"uv": [0, 0, 1, 1], "texture": "#2"},
				"east": {"uv": [0, 0, 1, 1], "texture": "#2"},
				"south": {"uv": [0, 0, 1, 1], "texture": "#2"},
				"west": {"uv": [0, 0, 1, 1], "texture": "#2"},
				"up": {"uv": [0, 0, 1, 1], "texture": "#2"},
				"down": {"uv": [0, 0, 1, 1], "texture": "#2"}
			}
		},
		{
			"name": "hexadecagon",
			"from": [5.70163, 9, 6.35],
			"to": [6.29837, 10.5, 6.5],
			"rotation": {"angle": -45, "axis": "z", "origin": [6, 9, 6.85]},
			"faces": {
				"north": {"uv": [0, 0, 1, 1], "texture": "#5"},
				"east": {"uv": [0, 0, 1, 1], "texture": "#5"},
				"south": {"uv": [0, 0, 1, 1], "texture": "#5"},
				"west": {"uv": [0, 0, 1, 1], "texture": "#5"},
				"up": {"uv": [0, 0, 1, 1], "texture": "#5"},
				"down": {"uv": [0, 0, 1, 1], "texture": "#5"}
			}
		},
		{
			"name": "hexadecagon",
			"from": [5.6702, 8.07085, 6.35],
			"to": [5.91694, 10.57085, 6.5],
			"rotation": {"angle": -45, "axis": "z", "origin": [5.61857, 9.57085, 6.85]},
			"faces": {
				"north": {"uv": [0, 0, 1, 1], "texture": "#5"},
				"east": {"uv": [0, 0, 1, 1], "texture": "#5"},
				"south": {"uv": [0, 0, 1, 1], "texture": "#5"},
				"west": {"uv": [0, 0, 1, 1], "texture": "#5"},
				"up": {"uv": [0, 0, 1, 1], "texture": "#5"},
				"down": {"uv": [0, 0, 1, 1], "texture": "#5"}
			}
		},
		{
			"name": "hexadecagon",
			"from": [5.70163, 9, 6.35],
			"to": [6.29837, 10.5, 6.5],
			"rotation": {"angle": -22.5, "axis": "z", "origin": [6, 9, 6.85]},
			"faces": {
				"north": {"uv": [0, 0, 1, 1], "texture": "#5"},
				"east": {"uv": [0, 0, 1, 1], "texture": "#5"},
				"south": {"uv": [0, 0, 1, 1], "texture": "#5"},
				"west": {"uv": [0, 0, 1, 1], "texture": "#5"},
				"up": {"uv": [0, 0, 1, 1], "texture": "#5"},
				"down": {"uv": [0, 0, 1, 1], "texture": "#5"}
			}
		},
		{
			"name": "hexadecagon",
			"from": [5.3202, 8.07085, 6.35],
			"to": [5.66694, 10.07085, 6.5],
			"rotation": {"angle": -22.5, "axis": "z", "origin": [5.61857, 9.57085, 6.85]},
			"faces": {
				"north": {"uv": [0, 0, 1, 1], "texture": "#5"},
				"east": {"uv": [0, 0, 1, 1], "texture": "#5"},
				"south": {"uv": [0, 0, 1, 1], "texture": "#5"},
				"west": {"uv": [0, 0, 1, 1], "texture": "#5"},
				"up": {"uv": [0, 0, 1, 1], "texture": "#5"},
				"down": {"uv": [0, 0, 1, 1], "texture": "#5"}
			}
		},
		{
			"name": "hexadecagon",
			"from": [5.70163, 9, 6.35],
			"to": [6.29837, 10.5, 6.5],
			"rotation": {"angle": 0, "axis": "y", "origin": [6, 9, 6.85]},
			"faces": {
				"north": {"uv": [0, 0, 1, 1], "texture": "#5"},
				"east": {"uv": [0, 0, 1, 1], "texture": "#5"},
				"south": {"uv": [0, 0, 1, 1], "texture": "#5"},
				"west": {"uv": [0, 0, 1, 1], "texture": "#5"},
				"up": {"uv": [0, 0, 1, 1], "texture": "#5"},
				"down": {"uv": [0, 0, 1, 1], "texture": "#5"}
			}
		},
		{
			"name": "hexadecagon",
			"from": [5.08923, 8.16652, 6.35],
			"to": [5.68597, 10.16652, 6.5],
			"rotation": {"angle": 0, "axis": "y", "origin": [5.3876, 9.66652, 6.85]},
			"faces": {
				"north": {"uv": [0, 0, 1, 1], "texture": "#5"},
				"east": {"uv": [0, 0, 1, 1], "texture": "#5"},
				"south": {"uv": [0, 0, 1, 1], "texture": "#5"},
				"west": {"uv": [0, 0, 1, 1], "texture": "#5"},
				"up": {"uv": [0, 0, 1, 1], "texture": "#5"},
				"down": {"uv": [0, 0, 1, 1], "texture": "#5"}
			}
		},
		{
			"name": "hexadecagon",
			"from": [5.70163, 9, 6.35],
			"to": [6.29837, 10.5, 6.5],
			"rotation": {"angle": 22.5, "axis": "z", "origin": [6, 9, 6.85]},
			"faces": {
				"north": {"uv": [0, 0, 1, 1], "texture": "#5"},
				"east": {"uv": [0, 0, 1, 1], "texture": "#5"},
				"south": {"uv": [0, 0, 1, 1], "texture": "#5"},
				"west": {"uv": [0, 0, 1, 1], "texture": "#5"},
				"up": {"uv": [0, 0, 1, 1], "texture": "#5"},
				"down": {"uv": [0, 0, 1, 1], "texture": "#5"}
			}
		},
		{
			"name": "hexadecagon",
			"from": [5.04193, 8.40433, 6.35],
			"to": [6.2601, 9.90433, 6.5],
			"rotation": {"angle": 22.5, "axis": "z", "origin": [5.96173, 9.90433, 6.85]},
			"faces": {
				"north": {"uv": [0, 0, 1, 1], "texture": "#5"},
				"east": {"uv": [0, 0, 1, 1], "texture": "#5"},
				"south": {"uv": [0, 0, 1, 1], "texture": "#5"},
				"west": {"uv": [0, 0, 1, 1], "texture": "#5"},
				"up": {"uv": [0, 0, 1, 1], "texture": "#5"},
				"down": {"uv": [0, 0, 1, 1], "texture": "#5"}
			}
		},
		{
			"name": "hexadecagon",
			"from": [5.70163, 9, 6.35],
			"to": [6.29837, 10.5, 6.5],
			"rotation": {"angle": 45, "axis": "z", "origin": [6, 9, 6.85]},
			"faces": {
				"north": {"uv": [0, 0, 1, 1], "texture": "#5"},
				"east": {"uv": [0, 0, 1, 1], "texture": "#5"},
				"south": {"uv": [0, 0, 1, 1], "texture": "#5"},
				"west": {"uv": [0, 0, 1, 1], "texture": "#5"},
				"up": {"uv": [0, 0, 1, 1], "texture": "#5"},
				"down": {"uv": [0, 0, 1, 1], "texture": "#5"}
			}
		},
		{
			"name": "hexadecagon",
			"from": [5.66336, 8.40433, 6.35],
			"to": [6.2601, 10.40433, 6.5],
			"rotation": {"angle": 45, "axis": "z", "origin": [5.96173, 9.90433, 6.85]},
			"faces": {
				"north": {"uv": [0, 0, 1, 1], "texture": "#5"},
				"east": {"uv": [0, 0, 1, 1], "texture": "#5"},
				"south": {"uv": [0, 0, 1, 1], "texture": "#5"},
				"west": {"uv": [0, 0, 1, 1], "texture": "#5"},
				"up": {"uv": [0, 0, 1, 1], "texture": "#5"},
				"down": {"uv": [0, 0, 1, 1], "texture": "#5"}
			}
		},
		{
			"name": "hexadecagon",
			"from": [4.5, 8.70163, 6.35],
			"to": [6, 9.29837, 6.5],
			"rotation": {"angle": -22.5, "axis": "z", "origin": [6, 9, 6.85]},
			"faces": {
				"north": {"uv": [0, 0, 1, 1], "texture": "#5"},
				"east": {"uv": [0, 0, 1, 1], "texture": "#5"},
				"south": {"uv": [0, 0, 1, 1], "texture": "#5"},
				"west": {"uv": [0, 0, 1, 1], "texture": "#5"},
				"up": {"uv": [0, 0, 1, 1], "texture": "#5"},
				"down": {"uv": [0, 0, 1, 1], "texture": "#5"}
			}
		},
		{
			"name": "hexadecagon",
			"from": [5.46173, 9.60596, 6.35],
			"to": [7.46173, 9.9527, 6.5],
			"rotation": {"angle": -22.5, "axis": "z", "origin": [5.96173, 9.90433, 6.85]},
			"faces": {
				"north": {"uv": [0, 0, 1, 1], "texture": "#5"},
				"east": {"uv": [0, 0, 1, 1], "texture": "#5"},
				"south": {"uv": [0, 0, 1, 1], "texture": "#5"},
				"west": {"uv": [0, 0, 1, 1], "texture": "#5"},
				"up": {"uv": [0, 0, 1, 1], "texture": "#5"},
				"down": {"uv": [0, 0, 1, 1], "texture": "#5"}
			}
		},
		{
			"name": "hexadecagon",
			"from": [4.5, 8.70163, 6.35],
			"to": [6, 9.29837, 6.5],
			"rotation": {"angle": 0, "axis": "y", "origin": [6, 9, 6.85]},
			"faces": {
				"north": {"uv": [0, 0, 1, 1], "texture": "#5"},
				"east": {"uv": [0, 0, 1, 1], "texture": "#5"},
				"south": {"uv": [0, 0, 1, 1], "texture": "#5"},
				"west": {"uv": [0, 0, 1, 1], "texture": "#5"},
				"up": {"uv": [0, 0, 1, 1], "texture": "#5"},
				"down": {"uv": [0, 0, 1, 1], "texture": "#5"}
			}
		},
		{
			"name": "hexadecagon",
			"from": [4.86606, 9.37499, 6.35],
			"to": [7.36606, 9.62173, 6.5],
			"rotation": {"angle": 0, "axis": "y", "origin": [5.86606, 9.67336, 6.85]},
			"faces": {
				"north": {"uv": [0, 0, 1, 1], "texture": "#5"},
				"east": {"uv": [0, 0, 1, 1], "texture": "#5"},
				"south": {"uv": [0, 0, 1, 1], "texture": "#5"},
				"west": {"uv": [0, 0, 1, 1], "texture": "#5"},
				"up": {"uv": [0, 0, 1, 1], "texture": "#5"},
				"down": {"uv": [0, 0, 1, 1], "texture": "#5"}
			}
		},
		{
			"name": "hexadecagon",
			"from": [4.5, 9.05163, 6.35],
			"to": [7.5, 9.29837, 6.5],
			"rotation": {"angle": 22.5, "axis": "z", "origin": [6, 9, 6.85]},
			"faces": {
				"north": {"uv": [0, 0, 1, 1], "texture": "#5"},
				"east": {"uv": [0, 0, 1, 1], "texture": "#5"},
				"south": {"uv": [0, 0, 1, 1], "texture": "#5"},
				"west": {"uv": [0, 0, 1, 1], "texture": "#5"},
				"up": {"uv": [0, 0, 1, 1], "texture": "#5"},
				"down": {"uv": [0, 0, 1, 1], "texture": "#5"}
			}
		},
		{
			"name": "hexadecagon",
			"from": [10.10054, 8.9, 6.3],
			"to": [10.29946, 9.9, 7.3],
			"rotation": {"angle": 45, "axis": "z", "origin": [10.2, 9.4, 6.8]},
			"faces": {
				"north": {"uv": [0, 0, 1, 1], "texture": "#2"},
				"east": {"uv": [0, 0, 1, 1], "texture": "#2"},
				"south": {"uv": [0, 0, 1, 1], "texture": "#2"},
				"west": {"uv": [0, 0, 1, 1], "texture": "#2"},
				"up": {"uv": [0, 0, 1, 1], "texture": "#2"},
				"down": {"uv": [0, 0, 1, 1], "texture": "#2"}
			}
		},
		{
			"name": "hexadecagon",
			"from": [10.10054, 8.9, 6.3],
			"to": [10.29946, 9.9, 7.3],
			"rotation": {"angle": 22.5, "axis": "z", "origin": [10.2, 9.4, 6.8]},
			"faces": {
				"north": {"uv": [0, 0, 1, 1], "texture": "#2"},
				"east": {"uv": [0, 0, 1, 1], "texture": "#2"},
				"south": {"uv": [0, 0, 1, 1], "texture": "#2"},
				"west": {"uv": [0, 0, 1, 1], "texture": "#2"},
				"up": {"uv": [0, 0, 1, 1], "texture": "#2"},
				"down": {"uv": [0, 0, 1, 1], "texture": "#2"}
			}
		},
		{
			"name": "hexadecagon",
			"from": [10.10054, 8.9, 6.3],
			"to": [10.29946, 9.9, 7.3],
			"rotation": {"angle": 0, "axis": "y", "origin": [10.2, 9.4, 6.8]},
			"faces": {
				"north": {"uv": [0, 0, 1, 1], "texture": "#2"},
				"east": {"uv": [0, 0, 1, 1], "texture": "#2"},
				"south": {"uv": [0, 0, 1, 1], "texture": "#2"},
				"west": {"uv": [0, 0, 1, 1], "texture": "#2"},
				"up": {"uv": [0, 0, 1, 1], "texture": "#2"},
				"down": {"uv": [0, 0, 1, 1], "texture": "#2"}
			}
		},
		{
			"name": "hexadecagon",
			"from": [10.10054, 8.9, 6.3],
			"to": [10.29946, 9.9, 7.3],
			"rotation": {"angle": -22.5, "axis": "z", "origin": [10.2, 9.4, 6.8]},
			"faces": {
				"north": {"uv": [0, 0, 1, 1], "texture": "#2"},
				"east": {"uv": [0, 0, 1, 1], "texture": "#2"},
				"south": {"uv": [0, 0, 1, 1], "texture": "#2"},
				"west": {"uv": [0, 0, 1, 1], "texture": "#2"},
				"up": {"uv": [0, 0, 1, 1], "texture": "#2"},
				"down": {"uv": [0, 0, 1, 1], "texture": "#2"}
			}
		},
		{
			"name": "hexadecagon",
			"from": [10.10054, 8.9, 6.3],
			"to": [10.29946, 9.9, 7.3],
			"rotation": {"angle": -45, "axis": "z", "origin": [10.2, 9.4, 6.8]},
			"faces": {
				"north": {"uv": [0, 0, 1, 1], "texture": "#2"},
				"east": {"uv": [0, 0, 1, 1], "texture": "#2"},
				"south": {"uv": [0, 0, 1, 1], "texture": "#2"},
				"west": {"uv": [0, 0, 1, 1], "texture": "#2"},
				"up": {"uv": [0, 0, 1, 1], "texture": "#2"},
				"down": {"uv": [0, 0, 1, 1], "texture": "#2"}
			}
		},
		{
			"name": "hexadecagon",
			"from": [9.7, 9.30054, 6.3],
			"to": [10.7, 9.49946, 7.3],
			"rotation": {"angle": 22.5, "axis": "z", "origin": [10.2, 9.4, 6.8]},
			"faces": {
				"north": {"uv": [0, 0, 1, 1], "texture": "#2"},
				"east": {"uv": [0, 0, 1, 1], "texture": "#2"},
				"south": {"uv": [0, 0, 1, 1], "texture": "#2"},
				"west": {"uv": [0, 0, 1, 1], "texture": "#2"},
				"up": {"uv": [0, 0, 1, 1], "texture": "#2"},
				"down": {"uv": [0, 0, 1, 1], "texture": "#2"}
			}
		},
		{
			"name": "hexadecagon",
			"from": [9.7, 9.30054, 6.3],
			"to": [10.7, 9.49946, 7.3],
			"rotation": {"angle": 0, "axis": "y", "origin": [10.2, 9.4, 6.8]},
			"faces": {
				"north": {"uv": [0, 0, 1, 1], "texture": "#2"},
				"east": {"uv": [0, 0, 1, 1], "texture": "#2"},
				"south": {"uv": [0, 0, 1, 1], "texture": "#2"},
				"west": {"uv": [0, 0, 1, 1], "texture": "#2"},
				"up": {"uv": [0, 0, 1, 1], "texture": "#2"},
				"down": {"uv": [0, 0, 1, 1], "texture": "#2"}
			}
		},
		{
			"name": "hexadecagon",
			"from": [9.55, 9.30054, 6.3],
			"to": [10.85, 9.49946, 7.3],
			"rotation": {"angle": -22.5, "axis": "z", "origin": [10.2, 9.4, 6.8]},
			"faces": {
				"north": {"uv": [0, 0, 1, 1], "texture": "#2"},
				"east": {"uv": [0, 0, 1, 1], "texture": "#2"},
				"south": {"uv": [0, 0, 1, 1], "texture": "#2"},
				"west": {"uv": [0, 0, 1, 1], "texture": "#2"},
				"up": {"uv": [0, 0, 1, 1], "texture": "#2"},
				"down": {"uv": [0, 0, 1, 1], "texture": "#2"}
			}
		},
		{
			"name": "hexadecagon",
			"from": [9.33754, 9.54172, 6.3],
			"to": [9.63754, 9.74063, 7.3],
			"rotation": {"angle": 0, "axis": "y", "origin": [10.48754, 9.64117, 6.8]},
			"faces": {
				"north": {"uv": [0, 0, 1, 1], "texture": "#2"},
				"east": {"uv": [0, 0, 1, 1], "texture": "#2"},
				"south": {"uv": [0, 0, 1, 1], "texture": "#2"},
				"west": {"uv": [0, 0, 1, 1], "texture": "#2"},
				"up": {"uv": [0, 0, 1, 1], "texture": "#2"},
				"down": {"uv": [0, 0, 1, 1], "texture": "#2"}
			}
		},
		{
			"name": "hexadecagon",
			"from": [10.43143, 8.26019, 6.3],
			"to": [10.73143, 8.4591, 7.3],
			"rotation": {"angle": -45, "axis": "z", "origin": [11.58143, 8.35964, 6.8]},
			"faces": {
				"north": {"uv": [0, 0, 1, 1], "texture": "#2"},
				"east": {"uv": [0, 0, 1, 1], "texture": "#2"},
				"south": {"uv": [0, 0, 1, 1], "texture": "#2"},
				"west": {"uv": [0, 0, 1, 1], "texture": "#2"},
				"up": {"uv": [0, 0, 1, 1], "texture": "#2"},
				"down": {"uv": [0, 0, 1, 1], "texture": "#2"}
			}
		},
		{
			"name": "hexadecagon",
			"from": [9.70163, 9, 6.35],
			"to": [10.29837, 10.5, 6.5],
			"rotation": {"angle": 45, "axis": "z", "origin": [10, 9, 6.85]},
			"faces": {
				"north": {"uv": [0, 0, 1, 1], "texture": "#5"},
				"east": {"uv": [0, 0, 1, 1], "texture": "#5"},
				"south": {"uv": [0, 0, 1, 1], "texture": "#5"},
				"west": {"uv": [0, 0, 1, 1], "texture": "#5"},
				"up": {"uv": [0, 0, 1, 1], "texture": "#5"},
				"down": {"uv": [0, 0, 1, 1], "texture": "#5"}
			}
		},
		{
			"name": "hexadecagon",
			"from": [10.08306, 8.07085, 6.35],
			"to": [10.3298, 10.57085, 6.5],
			"rotation": {"angle": 45, "axis": "z", "origin": [10.38143, 9.57085, 6.85]},
			"faces": {
				"north": {"uv": [0, 0, 1, 1], "texture": "#5"},
				"east": {"uv": [0, 0, 1, 1], "texture": "#5"},
				"south": {"uv": [0, 0, 1, 1], "texture": "#5"},
				"west": {"uv": [0, 0, 1, 1], "texture": "#5"},
				"up": {"uv": [0, 0, 1, 1], "texture": "#5"},
				"down": {"uv": [0, 0, 1, 1], "texture": "#5"}
			}
		},
		{
			"name": "hexadecagon",
			"from": [9.70163, 9, 6.35],
			"to": [10.29837, 10.5, 6.5],
			"rotation": {"angle": 22.5, "axis": "z", "origin": [10, 9, 6.85]},
			"faces": {
				"north": {"uv": [0, 0, 1, 1], "texture": "#5"},
				"east": {"uv": [0, 0, 1, 1], "texture": "#5"},
				"south": {"uv": [0, 0, 1, 1], "texture": "#5"},
				"west": {"uv": [0, 0, 1, 1], "texture": "#5"},
				"up": {"uv": [0, 0, 1, 1], "texture": "#5"},
				"down": {"uv": [0, 0, 1, 1], "texture": "#5"}
			}
		},
		{
			"name": "hexadecagon",
			"from": [10.33306, 8.07085, 6.35],
			"to": [10.6798, 10.07085, 6.5],
			"rotation": {"angle": 22.5, "axis": "z", "origin": [10.38143, 9.57085, 6.85]},
			"faces": {
				"north": {"uv": [0, 0, 1, 1], "texture": "#5"},
				"east": {"uv": [0, 0, 1, 1], "texture": "#5"},
				"south": {"uv": [0, 0, 1, 1], "texture": "#5"},
				"west": {"uv": [0, 0, 1, 1], "texture": "#5"},
				"up": {"uv": [0, 0, 1, 1], "texture": "#5"},
				"down": {"uv": [0, 0, 1, 1], "texture": "#5"}
			}
		},
		{
			"name": "hexadecagon",
			"from": [9.70163, 9, 6.35],
			"to": [10.29837, 10.5, 6.5],
			"rotation": {"angle": 0, "axis": "y", "origin": [10, 9, 6.85]},
			"faces": {
				"north": {"uv": [0, 0, 1, 1], "texture": "#5"},
				"east": {"uv": [0, 0, 1, 1], "texture": "#5"},
				"south": {"uv": [0, 0, 1, 1], "texture": "#5"},
				"west": {"uv": [0, 0, 1, 1], "texture": "#5"},
				"up": {"uv": [0, 0, 1, 1], "texture": "#5"},
				"down": {"uv": [0, 0, 1, 1], "texture": "#5"}
			}
		},
		{
			"name": "hexadecagon",
			"from": [10.31403, 8.16652, 6.35],
			"to": [10.91077, 10.16652, 6.5],
			"rotation": {"angle": 0, "axis": "y", "origin": [10.6124, 9.66652, 6.85]},
			"faces": {
				"north": {"uv": [0, 0, 1, 1], "texture": "#5"},
				"east": {"uv": [0, 0, 1, 1], "texture": "#5"},
				"south": {"uv": [0, 0, 1, 1], "texture": "#5"},
				"west": {"uv": [0, 0, 1, 1], "texture": "#5"},
				"up": {"uv": [0, 0, 1, 1], "texture": "#5"},
				"down": {"uv": [0, 0, 1, 1], "texture": "#5"}
			}
		},
		{
			"name": "hexadecagon",
			"from": [9.70163, 9, 6.35],
			"to": [10.29837, 10.5, 6.5],
			"rotation": {"angle": -22.5, "axis": "z", "origin": [10, 9, 6.85]},
			"faces": {
				"north": {"uv": [0, 0, 1, 1], "texture": "#5"},
				"east": {"uv": [0, 0, 1, 1], "texture": "#5"},
				"south": {"uv": [0, 0, 1, 1], "texture": "#5"},
				"west": {"uv": [0, 0, 1, 1], "texture": "#5"},
				"up": {"uv": [0, 0, 1, 1], "texture": "#5"},
				"down": {"uv": [0, 0, 1, 1], "texture": "#5"}
			}
		},
		{
			"name": "hexadecagon",
			"from": [9.7399, 8.40433, 6.35],
			"to": [10.95807, 9.90433, 6.5],
			"rotation": {"angle": -22.5, "axis": "z", "origin": [10.03827, 9.90433, 6.85]},
			"faces": {
				"north": {"uv": [0, 0, 1, 1], "texture": "#5"},
				"east": {"uv": [0, 0, 1, 1], "texture": "#5"},
				"south": {"uv": [0, 0, 1, 1], "texture": "#5"},
				"west": {"uv": [0, 0, 1, 1], "texture": "#5"},
				"up": {"uv": [0, 0, 1, 1], "texture": "#5"},
				"down": {"uv": [0, 0, 1, 1], "texture": "#5"}
			}
		},
		{
			"name": "hexadecagon",
			"from": [9.70163, 9, 6.35],
			"to": [10.29837, 10.5, 6.5],
			"rotation": {"angle": -45, "axis": "z", "origin": [10, 9, 6.85]},
			"faces": {
				"north": {"uv": [0, 0, 1, 1], "texture": "#5"},
				"east": {"uv": [0, 0, 1, 1], "texture": "#5"},
				"south": {"uv": [0, 0, 1, 1], "texture": "#5"},
				"west": {"uv": [0, 0, 1, 1], "texture": "#5"},
				"up": {"uv": [0, 0, 1, 1], "texture": "#5"},
				"down": {"uv": [0, 0, 1, 1], "texture": "#5"}
			}
		},
		{
			"name": "hexadecagon",
			"from": [9.7399, 8.40433, 6.35],
			"to": [10.33664, 10.40433, 6.5],
			"rotation": {"angle": -45, "axis": "z", "origin": [10.03827, 9.90433, 6.85]},
			"faces": {
				"north": {"uv": [0, 0, 1, 1], "texture": "#5"},
				"east": {"uv": [0, 0, 1, 1], "texture": "#5"},
				"south": {"uv": [0, 0, 1, 1], "texture": "#5"},
				"west": {"uv": [0, 0, 1, 1], "texture": "#5"},
				"up": {"uv": [0, 0, 1, 1], "texture": "#5"},
				"down": {"uv": [0, 0, 1, 1], "texture": "#5"}
			}
		},
		{
			"name": "hexadecagon",
			"from": [10, 8.70163, 6.35],
			"to": [11.5, 9.29837, 6.5],
			"rotation": {"angle": 22.5, "axis": "z", "origin": [10, 9, 6.85]},
			"faces": {
				"north": {"uv": [0, 0, 1, 1], "texture": "#5"},
				"east": {"uv": [0, 0, 1, 1], "texture": "#5"},
				"south": {"uv": [0, 0, 1, 1], "texture": "#5"},
				"west": {"uv": [0, 0, 1, 1], "texture": "#5"},
				"up": {"uv": [0, 0, 1, 1], "texture": "#5"},
				"down": {"uv": [0, 0, 1, 1], "texture": "#5"}
			}
		},
		{
			"name": "hexadecagon",
			"from": [8.53827, 9.60596, 6.35],
			"to": [10.53827, 9.9527, 6.5],
			"rotation": {"angle": 22.5, "axis": "z", "origin": [10.03827, 9.90433, 6.85]},
			"faces": {
				"north": {"uv": [0, 0, 1, 1], "texture": "#5"},
				"east": {"uv": [0, 0, 1, 1], "texture": "#5"},
				"south": {"uv": [0, 0, 1, 1], "texture": "#5"},
				"west": {"uv": [0, 0, 1, 1], "texture": "#5"},
				"up": {"uv": [0, 0, 1, 1], "texture": "#5"},
				"down": {"uv": [0, 0, 1, 1], "texture": "#5"}
			}
		},
		{
			"name": "hexadecagon",
			"from": [10, 8.70163, 6.35],
			"to": [11.5, 9.29837, 6.5],
			"rotation": {"angle": 0, "axis": "y", "origin": [10, 9, 6.85]},
			"faces": {
				"north": {"uv": [0, 0, 1, 1], "texture": "#5"},
				"east": {"uv": [0, 0, 1, 1], "texture": "#5"},
				"south": {"uv": [0, 0, 1, 1], "texture": "#5"},
				"west": {"uv": [0, 0, 1, 1], "texture": "#5"},
				"up": {"uv": [0, 0, 1, 1], "texture": "#5"},
				"down": {"uv": [0, 0, 1, 1], "texture": "#5"}
			}
		},
		{
			"name": "hexadecagon",
			"from": [8.63394, 9.37499, 6.35],
			"to": [11.13394, 9.62173, 6.5],
			"rotation": {"angle": 0, "axis": "y", "origin": [10.13394, 9.67336, 6.85]},
			"faces": {
				"north": {"uv": [0, 0, 1, 1], "texture": "#5"},
				"east": {"uv": [0, 0, 1, 1], "texture": "#5"},
				"south": {"uv": [0, 0, 1, 1], "texture": "#5"},
				"west": {"uv": [0, 0, 1, 1], "texture": "#5"},
				"up": {"uv": [0, 0, 1, 1], "texture": "#5"},
				"down": {"uv": [0, 0, 1, 1], "texture": "#5"}
			}
		},
		{
			"name": "hexadecagon",
			"from": [8.5, 9.05163, 6.35],
			"to": [11.5, 9.29837, 6.5],
			"rotation": {"angle": -22.5, "axis": "z", "origin": [10, 9, 6.85]},
			"faces": {
				"north": {"uv": [0, 0, 1, 1], "texture": "#5"},
				"east": {"uv": [0, 0, 1, 1], "texture": "#5"},
				"south": {"uv": [0, 0, 1, 1], "texture": "#5"},
				"west": {"uv": [0, 0, 1, 1], "texture": "#5"},
				"up": {"uv": [0, 0, 1, 1], "texture": "#5"},
				"down": {"uv": [0, 0, 1, 1], "texture": "#5"}
			}
		}
	],
	"display": {
		"thirdperson_righthand": {
			"rotation": [67, -180, 0],
			"translation": [-6, -6.25, 10]
		},
		"thirdperson_lefthand": {
			"rotation": [67, -180, 0],
			"translation": [-6, -6.25, 10]
		},
		"firstperson_righthand": {
			"rotation": [0, 122, 0],
			"translation": [-0.5, 5.5, 2.75],
			"scale": [0.5, 0.5, 0.5]
		},
		"firstperson_lefthand": {
			"rotation": [0, 122, 0],
			"translation": [-0.5, 5.5, 2.75],
			"scale": [0.5, 0.5, 0.5]
		},
		"ground": {
			"translation": [0, 5.75, 0]
		},
		"gui": {
			"rotation": [0, 139, 0]
		},
		"head": {
			"rotation": [0, -180, 0],
			"translation": [0, -11.75, 5.75],
			"scale": [1.5, 1.5, 1.5]
		},
		"fixed": {
			"translation": [0, 4.5, -4.25],
			"scale": [1.7, 1.7, 1.7]
		}
	},
	"groups": [
		{
			"name": "group",
			"origin": [8, 8, 8],
			"children": [0, 1, 2, 3, 4,
				{
					"name": "group",
					"origin": [12.21017, 15.53909, 14.5],
					"children": [5, 6, 7, 8, 9, 10, 11]
				}
			]
		},
		{
			"name": "group",
			"origin": [15.5, 9.5, 13.5],
			"children": [12, 13, 14, 15, 16, 17, 18, 19, 20, 21, 22, 23, 24, 25, 26, 27, 28, 29, 30, 31, 32, 33, 34,
				{
					"name": "group",
					"origin": [15.5, 9.35, 12.95],
					"children": [35, 36, 37]
				}
			]
		},
		{
			"name": "group",
			"origin": [8, 8, 8],
			"children": [38, 39, 40, 41, 42, 43, 44]
		},
		{
			"name": "hexadecagon",
			"origin": [8, 8, 8],
			"children": [45, 46, 47, 48, 49, 50, 51, 52, 53, 54, 55]
		},
		{
			"name": "hexadecagon",
			"origin": [8, 8, 8],
			"children": [56, 57, 58, 59, 60, 61, 62, 63, 64, 65, 66]
		},
		{
			"name": "group",
			"origin": [12.21017, 15.53909, 14.5],
			"children": [67, 68, 69, 70, 71, 72, 73, 74]
		},
		{
			"name": "group",
			"origin": [12.21017, 15.53909, 14.5],
			"children": [75, 76, 77, 78, 79, 80, 81]
		},
		{
			"name": "group",
			"origin": [8, 8, 8],
			"children": [82, 83, 84, 85, 86, 87, 88, 89, 90, 91, 92, 93, 94, 95, 96, 97, 98, 99, 100, 101, 102, 103, 104, 105]
		},
		{
			"name": "group",
			"origin": [8, 8, 8],
			"children": [
				{
					"name": "hexadecagon",
					"origin": [8, 8, 8],
					"children": [106, 107, 108, 109, 110, 111, 112, 113, 114, 115]
				},
				{
					"name": "hexadecagon",
					"origin": [8, 8, 8],
					"children": [116, 117, 118, 119, 120, 121, 122, 123, 124, 125, 126, 127, 128, 129, 130]
				}
			]
		},
		{
			"name": "group",
			"origin": [8, 8, 8],
			"children": [
				{
					"name": "hexadecagon",
					"origin": [8, 8, 8],
					"children": [131, 132, 133, 134, 135, 136, 137, 138, 139, 140]
				},
				{
					"name": "hexadecagon",
					"origin": [8, 8, 8],
					"children": [141, 142, 143, 144, 145, 146, 147, 148, 149, 150, 151, 152, 153, 154, 155]
				}
			]
		}
	]
}
