{
	"credit": "Made with Blockbench",
	"texture_size": [32, 32],
	"textures": {
		"0": "block/yellow_wool",
		"1": "block/white_shulker_box",
		"2": "block/white_concrete_powder",
		"3": "block/light_blue_concrete",
		"4": "block/red_wool",
		"5": "block/black_wool",
		"6": "block/orange_wool",
		"9": "item/cookie",
		"particle": "block/yellow_wool"
	},
	"elements": [
		{
			"from": [-1, 16, 8],
			"to": [18, 22, 14],
			"rotation": {"angle": 0, "axis": "y", "origin": [8, 25, 16]},
			"faces": {
				"north": {"uv": [0, 0, 9.5, 3], "texture": "#0"},
				"east": {"uv": [0, 0, 3, 3], "texture": "#0"},
				"south": {"uv": [0, 0, 9.5, 3], "texture": "#0"},
				"west": {"uv": [0, 0, 3, 3], "texture": "#0"},
				"up": {"uv": [0, 0, 9.5, 3], "texture": "#0"},
				"down": {"uv": [0, 0, 9.5, 3], "texture": "#0"}
			}
		},
		{
			"from": [5, 4, 8],
			"to": [12, 16, 14],
			"rotation": {"angle": 0, "axis": "y", "origin": [16, 23, 18]},
			"faces": {
				"north": {"uv": [0, 0, 3.5, 6], "texture": "#0"},
				"east": {"uv": [0, 0, 3, 6], "texture": "#0"},
				"south": {"uv": [0, 0, 3.5, 6], "texture": "#0"},
				"west": {"uv": [0, 0, 3, 6], "texture": "#0"},
				"up": {"uv": [0, 0, 3.5, 3], "texture": "#0"},
				"down": {"uv": [0, 0, 3.5, 3], "texture": "#0"}
			}
		},
		{
			"from": [12, 12, 5],
			"to": [13, 13, 10],
			"rotation": {"angle": 0, "axis": "y", "origin": [20, 20, 17]},
			"faces": {
				"north": {"uv": [0, 0, 0.5, 0.5], "texture": "#0"},
				"east": {"uv": [0, 0, 2.5, 0.5], "texture": "#0"},
				"south": {"uv": [0, 0, 0.5, 0.5], "texture": "#0"},
				"west": {"uv": [0, 0, 2.5, 0.5], "texture": "#0"},
				"up": {"uv": [0, 0, 0.5, 2.5], "texture": "#0"},
				"down": {"uv": [0, 0, 0.5, 2.5], "texture": "#0"}
			}
		},
		{
			"from": [4, 12, 5],
			"to": [5, 13, 10],
			"rotation": {"angle": 0, "axis": "y", "origin": [12, 20, 17]},
			"faces": {
				"north": {"uv": [0, 0, 0.5, 0.5], "texture": "#0"},
				"east": {"uv": [0, 0, 2.5, 0.5], "texture": "#0"},
				"south": {"uv": [0, 0, 0.5, 0.5], "texture": "#0"},
				"west": {"uv": [0, 0, 2.5, 0.5], "texture": "#0"},
				"up": {"uv": [0, 0, 0.5, 2.5], "texture": "#0"},
				"down": {"uv": [0, 0, 0.5, 2.5], "texture": "#0"}
			}
		},
		{
			"from": [4, 11, 5],
			"to": [5, 12, 6],
			"rotation": {"angle": 0, "axis": "y", "origin": [12, 19, 13]},
			"faces": {
				"north": {"uv": [0, 0, 0.5, 0.5], "texture": "#0"},
				"east": {"uv": [0, 0, 0.5, 0.5], "texture": "#0"},
				"south": {"uv": [0, 0, 0.5, 0.5], "texture": "#0"},
				"west": {"uv": [0, 0, 0.5, 0.5], "texture": "#0"},
				"up": {"uv": [0, 0, 0.5, 0.5], "texture": "#0"},
				"down": {"uv": [0, 0, 0.5, 0.5], "texture": "#0"}
			}
		},
		{
			"from": [12, 11, 5],
			"to": [13, 12, 6],
			"rotation": {"angle": 0, "axis": "y", "origin": [20, 19, 13]},
			"faces": {
				"north": {"uv": [0, 0, 0.5, 0.5], "texture": "#0"},
				"east": {"uv": [0, 0, 0.5, 0.5], "texture": "#0"},
				"south": {"uv": [0, 0, 0.5, 0.5], "texture": "#0"},
				"west": {"uv": [0, 0, 0.5, 0.5], "texture": "#0"},
				"up": {"uv": [0, 0, 0.5, 0.5], "texture": "#0"},
				"down": {"uv": [0, 0, 0.5, 0.5], "texture": "#0"}
			}
		},
		{
			"from": [11, 0, 8],
			"to": [15, 6, 14],
			"rotation": {"angle": 0, "axis": "y", "origin": [20, 19, 18]},
			"faces": {
				"north": {"uv": [0, 0, 2, 3], "texture": "#0"},
				"east": {"uv": [0, 0, 3, 3], "texture": "#0"},
				"south": {"uv": [0, 0, 2, 3], "texture": "#0"},
				"west": {"uv": [0, 0, 3, 3], "texture": "#0"},
				"up": {"uv": [0, 0, 2, 3], "texture": "#0"},
				"down": {"uv": [0, 0, 2, 3], "texture": "#0"}
			}
		},
		{
			"from": [2, 0, 8],
			"to": [6, 6, 14],
			"rotation": {"angle": 0, "axis": "y", "origin": [11, 19, 18]},
			"faces": {
				"north": {"uv": [0, 0, 2, 3], "texture": "#0"},
				"east": {"uv": [0, 0, 3, 3], "texture": "#0"},
				"south": {"uv": [0, 0, 2, 3], "texture": "#0"},
				"west": {"uv": [0, 0, 3, 3], "texture": "#0"},
				"up": {"uv": [0, 0, 2, 3], "texture": "#0"},
				"down": {"uv": [0, 0, 2, 3], "texture": "#0"}
			}
		},
		{
			"from": [11, 0, 6],
			"to": [15, 2, 8],
			"rotation": {"angle": 0, "axis": "y", "origin": [19, 8, 15]},
			"faces": {
				"north": {"uv": [0, 0, 2, 1], "texture": "#0"},
				"east": {"uv": [0, 0, 1, 1], "texture": "#0"},
				"south": {"uv": [0, 0, 2, 1], "texture": "#0"},
				"west": {"uv": [0, 0, 1, 1], "texture": "#0"},
				"up": {"uv": [0, 0, 2, 1], "texture": "#0"},
				"down": {"uv": [0, 0, 2, 1], "texture": "#0"}
			}
		},
		{
			"from": [2, 0, 6],
			"to": [6, 2, 8],
			"rotation": {"angle": 0, "axis": "y", "origin": [10, 8, 15]},
			"faces": {
				"north": {"uv": [0, 0, 2, 1], "texture": "#0"},
				"east": {"uv": [0, 0, 1, 1], "texture": "#0"},
				"south": {"uv": [0, 0, 2, 1], "texture": "#0"},
				"west": {"uv": [0, 0, 1, 1], "texture": "#0"},
				"up": {"uv": [0, 0, 2, 1], "texture": "#0"},
				"down": {"uv": [0, 0, 2, 1], "texture": "#0"}
			}
		},
		{
			"from": [-1, 17, 7],
			"to": [4, 22, 8],
			"rotation": {"angle": 0, "axis": "y", "origin": [10, 24, 15]},
			"faces": {
				"north": {"uv": [0, 0, 2.5, 2.5], "texture": "#2"},
				"east": {"uv": [0, 0, 0.5, 2.5], "texture": "#2"},
				"south": {"uv": [0, 0, 2.5, 2.5], "texture": "#2"},
				"west": {"uv": [0, 0, 0.5, 2.5], "texture": "#2"},
				"up": {"uv": [0, 0, 2.5, 0.5], "texture": "#2"},
				"down": {"uv": [0, 0, 2.5, 0.5], "texture": "#2"}
			}
		},
		{
			"from": [6, 14, 7],
			"to": [11, 19, 8],
			"rotation": {"angle": 0, "axis": "y", "origin": [18, 25, 15]},
			"faces": {
				"north": {"uv": [3.5, 0, 6, 3.5], "texture": "#4"},
				"east": {"uv": [5, 0, 5.5, 3.5], "texture": "#4"},
				"south": {"uv": [4, 0, 6.5, 3.5], "texture": "#4"},
				"west": {"uv": [6.5, 0, 7, 3.5], "texture": "#4"},
				"up": {"uv": [5.5, 0, 8, 0.5], "texture": "#4"},
				"down": {"uv": [4.5, 0, 7, 0.5], "texture": "#4"}
			}
		},
		{
			"from": [10, 19, 7],
			"to": [11, 20, 8],
			"rotation": {"angle": 0, "axis": "y", "origin": [18, 30, 15]},
			"faces": {
				"north": {"uv": [3.5, 0, 4, 0.5], "texture": "#2"},
				"east": {"uv": [5, 0, 5.5, 3.5], "texture": "#2"},
				"south": {"uv": [4, 0, 6.5, 3.5], "texture": "#2"},
				"west": {"uv": [6.5, 0, 7, 3.5], "texture": "#2"},
				"up": {"uv": [5.5, 0, 8, 0.5], "texture": "#2"},
				"down": {"uv": [4.5, 0, 7, 0.5], "texture": "#2"}
			}
		},
		{
			"from": [10, 13, 7],
			"to": [11, 14, 8],
			"rotation": {"angle": 0, "axis": "y", "origin": [18, 24, 15]},
			"faces": {
				"north": {"uv": [3.5, 0, 4, 0.5], "texture": "#2"},
				"east": {"uv": [5, 0, 5.5, 3.5], "texture": "#2"},
				"south": {"uv": [4, 0, 6.5, 3.5], "texture": "#2"},
				"west": {"uv": [6.5, 0, 7, 3.5], "texture": "#2"},
				"up": {"uv": [5.5, 0, 8, 0.5], "texture": "#2"},
				"down": {"uv": [4.5, 0, 7, 0.5], "texture": "#2"}
			}
		},
		{
			"from": [9, 19, 7],
			"to": [10, 20, 8],
			"rotation": {"angle": 0, "axis": "y", "origin": [17, 30, 15]},
			"faces": {
				"north": {"uv": [3.5, 0, 4, 0.5], "texture": "#4"},
				"east": {"uv": [3.5, 0, 4, 0.5], "texture": "#4"},
				"south": {"uv": [3.5, 0, 4, 0.5], "texture": "#4"},
				"west": {"uv": [3.5, 0, 4, 0.5], "texture": "#4"},
				"up": {"uv": [3.5, 0, 4, 0.5], "texture": "#4"},
				"down": {"uv": [3.5, 0, 4, 0.5], "texture": "#4"}
			}
		},
		{
			"from": [9, 13, 7],
			"to": [10, 14, 8],
			"rotation": {"angle": 0, "axis": "y", "origin": [17, 24, 15]},
			"faces": {
				"north": {"uv": [3.5, 0, 4, 0.5], "texture": "#4"},
				"east": {"uv": [3.5, 0, 4, 0.5], "texture": "#4"},
				"south": {"uv": [3.5, 0, 4, 0.5], "texture": "#4"},
				"west": {"uv": [3.5, 0, 4, 0.5], "texture": "#4"},
				"up": {"uv": [3.5, 0, 4, 0.5], "texture": "#4"},
				"down": {"uv": [3.5, 0, 4, 0.5], "texture": "#4"}
			}
		},
		{
			"from": [8, 19, 7],
			"to": [9, 20, 8],
			"rotation": {"angle": 0, "axis": "y", "origin": [16, 30, 15]},
			"faces": {
				"north": {"uv": [4, 0, 5, 0.5], "texture": "#2"},
				"east": {"uv": [4, 0, 5, 0.5], "texture": "#2"},
				"south": {"uv": [4, 0, 5, 0.5], "texture": "#2"},
				"west": {"uv": [4, 0, 5, 0.5], "texture": "#2"},
				"up": {"uv": [4, 0, 5, 0.5], "texture": "#2"},
				"down": {"uv": [4, 0, 5, 0.5], "texture": "#2"}
			}
		},
		{
			"from": [8, 13, 7],
			"to": [9, 14, 8],
			"rotation": {"angle": 0, "axis": "y", "origin": [16, 24, 15]},
			"faces": {
				"north": {"uv": [4, 0, 5, 0.5], "texture": "#2"},
				"east": {"uv": [4, 0, 5, 0.5], "texture": "#2"},
				"south": {"uv": [4, 0, 5, 0.5], "texture": "#2"},
				"west": {"uv": [4, 0, 5, 0.5], "texture": "#2"},
				"up": {"uv": [4, 0, 5, 0.5], "texture": "#2"},
				"down": {"uv": [4, 0, 5, 0.5], "texture": "#2"}
			}
		},
		{
			"from": [7, 19, 7],
			"to": [8, 20, 8],
			"rotation": {"angle": 0, "axis": "y", "origin": [15, 30, 15]},
			"faces": {
				"north": {"uv": [3.5, 0, 4.5, 0.5], "texture": "#4"},
				"east": {"uv": [3.5, 0, 4.5, 0.5], "texture": "#4"},
				"south": {"uv": [3.5, 0, 4.5, 0.5], "texture": "#4"},
				"west": {"uv": [3.5, 0, 4.5, 0.5], "texture": "#4"},
				"up": {"uv": [3.5, 0, 4.5, 0.5], "texture": "#4"},
				"down": {"uv": [3.5, 0, 4.5, 0.5], "texture": "#4"}
			}
		},
		{
			"from": [7, 13, 7],
			"to": [8, 14, 8],
			"rotation": {"angle": 0, "axis": "y", "origin": [15, 24, 15]},
			"faces": {
				"north": {"uv": [3.5, 0, 4.5, 0.5], "texture": "#4"},
				"east": {"uv": [3.5, 0, 4.5, 0.5], "texture": "#4"},
				"south": {"uv": [3.5, 0, 4.5, 0.5], "texture": "#4"},
				"west": {"uv": [3.5, 0, 4.5, 0.5], "texture": "#4"},
				"up": {"uv": [3.5, 0, 4.5, 0.5], "texture": "#4"},
				"down": {"uv": [3.5, 0, 4.5, 0.5], "texture": "#4"}
			}
		},
		{
			"from": [6, 19, 7],
			"to": [7, 20, 8],
			"rotation": {"angle": 0, "axis": "y", "origin": [14, 30, 15]},
			"faces": {
				"north": {"uv": [3.5, 0, 6, 3.5], "texture": "#2"},
				"east": {"uv": [5, 0, 5.5, 3.5], "texture": "#2"},
				"south": {"uv": [4, 0, 6.5, 3.5], "texture": "#2"},
				"west": {"uv": [6.5, 0, 7, 3.5], "texture": "#2"},
				"up": {"uv": [5.5, 0, 8, 0.5], "texture": "#2"},
				"down": {"uv": [4.5, 0, 7, 0.5], "texture": "#2"}
			}
		},
		{
			"from": [6, 13, 7],
			"to": [7, 14, 8],
			"rotation": {"angle": 0, "axis": "y", "origin": [14, 24, 15]},
			"faces": {
				"north": {"uv": [3.5, 0, 6, 3.5], "texture": "#2"},
				"east": {"uv": [5, 0, 5.5, 3.5], "texture": "#2"},
				"south": {"uv": [4, 0, 6.5, 3.5], "texture": "#2"},
				"west": {"uv": [6.5, 0, 7, 3.5], "texture": "#2"},
				"up": {"uv": [5.5, 0, 8, 0.5], "texture": "#2"},
				"down": {"uv": [4.5, 0, 7, 0.5], "texture": "#2"}
			}
		},
		{
			"from": [13, 17, 7],
			"to": [18, 22, 8],
			"rotation": {"angle": 0, "axis": "y", "origin": [25, 24, 15]},
			"faces": {
				"north": {"uv": [0, 0, 2.5, 2.5], "texture": "#2"},
				"east": {"uv": [0, 0, 0.5, 2.5], "texture": "#2"},
				"south": {"uv": [0, 0, 2.5, 2.5], "texture": "#2"},
				"west": {"uv": [0, 0, 0.5, 2.5], "texture": "#2"},
				"up": {"uv": [0, 0, 2.5, 0.5], "texture": "#2"},
				"down": {"uv": [0, 0, 2.5, 0.5], "texture": "#2"}
			}
		},
		{
			"from": [2, 0, 5],
			"to": [3, 1, 6],
			"rotation": {"angle": 0, "axis": "y", "origin": [10, 8, 13]},
			"faces": {
				"north": {"uv": [0, 0, 0.5, 0.5], "texture": "#2"},
				"east": {"uv": [0, 0, 0.5, 0.5], "texture": "#2"},
				"south": {"uv": [0, 0, 0.5, 0.5], "texture": "#2"},
				"west": {"uv": [0, 0, 0.5, 0.5], "texture": "#2"},
				"up": {"uv": [0, 0, 0.5, 0.5], "texture": "#2"},
				"down": {"uv": [0, 0, 0.5, 0.5], "texture": "#2"}
			}
		},
		{
			"from": [3, 0, 5],
			"to": [4, 1, 6],
			"rotation": {"angle": 0, "axis": "y", "origin": [11, 8, 13]},
			"faces": {
				"north": {"uv": [0, 0, 0.5, 0.5], "texture": "#1"},
				"east": {"uv": [0, 0, 0.5, 0.5], "texture": "#1"},
				"south": {"uv": [0, 0, 0.5, 0.5], "texture": "#1"},
				"west": {"uv": [0, 0, 0.5, 0.5], "texture": "#1"},
				"up": {"uv": [0, 0, 0.5, 0.5], "texture": "#1"},
				"down": {"uv": [0, 0, 0.5, 0.5], "texture": "#1"}
			}
		},
		{
			"from": [4, 0, 5],
			"to": [5, 1, 6],
			"rotation": {"angle": 0, "axis": "y", "origin": [12, 8, 13]},
			"faces": {
				"north": {"uv": [0, 0, 0.5, 0.5], "texture": "#2"},
				"east": {"uv": [0, 0, 0.5, 0.5], "texture": "#2"},
				"south": {"uv": [0, 0, 0.5, 0.5], "texture": "#2"},
				"west": {"uv": [0, 0, 0.5, 0.5], "texture": "#2"},
				"up": {"uv": [0, 0, 0.5, 0.5], "texture": "#2"},
				"down": {"uv": [0, 0, 0.5, 0.5], "texture": "#2"}
			}
		},
		{
			"from": [5, 0, 5],
			"to": [6, 1, 6],
			"rotation": {"angle": 0, "axis": "y", "origin": [13, 8, 13]},
			"faces": {
				"north": {"uv": [0, 0, 0.5, 0.5], "texture": "#1"},
				"east": {"uv": [0, 0, 0.5, 0.5], "texture": "#1"},
				"south": {"uv": [0, 0, 0.5, 0.5], "texture": "#1"},
				"west": {"uv": [0, 0, 0.5, 0.5], "texture": "#1"},
				"up": {"uv": [0, 0, 0.5, 0.5], "texture": "#1"},
				"down": {"uv": [0, 0, 0.5, 0.5], "texture": "#1"}
			}
		},
		{
			"from": [11, 0, 5],
			"to": [12, 1, 6],
			"rotation": {"angle": 0, "axis": "y", "origin": [19, 8, 13]},
			"faces": {
				"north": {"uv": [0, 0, 0.5, 0.5], "texture": "#1"},
				"east": {"uv": [0, 0, 0.5, 0.5], "texture": "#1"},
				"south": {"uv": [0, 0, 0.5, 0.5], "texture": "#1"},
				"west": {"uv": [0, 0, 0.5, 0.5], "texture": "#1"},
				"up": {"uv": [0, 0, 0.5, 0.5], "texture": "#1"},
				"down": {"uv": [0, 0, 0.5, 0.5], "texture": "#1"}
			}
		},
		{
			"from": [12, 0, 5],
			"to": [13, 1, 6],
			"rotation": {"angle": 0, "axis": "y", "origin": [20, 8, 13]},
			"faces": {
				"north": {"uv": [0, 0, 0.5, 0.5], "texture": "#2"},
				"east": {"uv": [0, 0, 0.5, 0.5], "texture": "#2"},
				"south": {"uv": [0, 0, 0.5, 0.5], "texture": "#2"},
				"west": {"uv": [0, 0, 0.5, 0.5], "texture": "#2"},
				"up": {"uv": [0, 0, 0.5, 0.5], "texture": "#2"},
				"down": {"uv": [0, 0, 0.5, 0.5], "texture": "#2"}
			}
		},
		{
			"from": [13, 0, 5],
			"to": [14, 1, 6],
			"rotation": {"angle": 0, "axis": "y", "origin": [21, 8, 13]},
			"faces": {
				"north": {"uv": [0, 0, 0.5, 0.5], "texture": "#1"},
				"east": {"uv": [0, 0, 0.5, 0.5], "texture": "#1"},
				"south": {"uv": [0, 0, 0.5, 0.5], "texture": "#1"},
				"west": {"uv": [0, 0, 0.5, 0.5], "texture": "#1"},
				"up": {"uv": [0, 0, 0.5, 0.5], "texture": "#1"},
				"down": {"uv": [0, 0, 0.5, 0.5], "texture": "#1"}
			}
		},
		{
			"from": [14, 0, 5],
			"to": [15, 1, 6],
			"rotation": {"angle": 0, "axis": "y", "origin": [22, 8, 13]},
			"faces": {
				"north": {"uv": [0, 0, 0.5, 0.5], "texture": "#2"},
				"east": {"uv": [0, 0, 0.5, 0.5], "texture": "#2"},
				"south": {"uv": [0, 0, 0.5, 0.5], "texture": "#2"},
				"west": {"uv": [0, 0, 0.5, 0.5], "texture": "#2"},
				"up": {"uv": [0, 0, 0.5, 0.5], "texture": "#2"},
				"down": {"uv": [0, 0, 0.5, 0.5], "texture": "#2"}
			}
		},
		{
			"from": [14, 18, 6],
			"to": [17, 21, 7],
			"rotation": {"angle": 0, "axis": "y", "origin": [22, 26, 14]},
			"faces": {
				"north": {"uv": [0, 0, 1.5, 1.5], "texture": "#3"},
				"east": {"uv": [0, 0, 0.5, 1.5], "texture": "#3"},
				"south": {"uv": [0, 0, 1.5, 1.5], "texture": "#3"},
				"west": {"uv": [0, 0, 0.5, 1.5], "texture": "#3"},
				"up": {"uv": [0, 0, 1.5, 0.5], "texture": "#3"},
				"down": {"uv": [0, 0, 1.5, 0.5], "texture": "#3"}
			}
		},
		{
			"from": [0, 18, 6],
			"to": [3, 21, 7],
			"rotation": {"angle": 0, "axis": "y", "origin": [8, 26, 14]},
			"faces": {
				"north": {"uv": [0, 0, 1.5, 1.5], "texture": "#3"},
				"east": {"uv": [0, 0, 0.5, 1.5], "texture": "#3"},
				"south": {"uv": [0, 0, 1.5, 1.5], "texture": "#3"},
				"west": {"uv": [0, 0, 0.5, 1.5], "texture": "#3"},
				"up": {"uv": [0, 0, 1.5, 0.5], "texture": "#3"},
				"down": {"uv": [0, 0, 1.5, 0.5], "texture": "#3"}
			}
		},
		{
			"from": [1, 19, 5],
			"to": [2, 20, 6],
			"rotation": {"angle": 0, "axis": "y", "origin": [9, 27, 13]},
			"faces": {
				"north": {"uv": [0, 0, 0.5, 0.5], "texture": "#5"},
				"east": {"uv": [0, 0, 0.5, 0.5], "texture": "#5"},
				"south": {"uv": [0, 0, 0.5, 0.5], "texture": "#5"},
				"west": {"uv": [0, 0, 0.5, 0.5], "texture": "#5"},
				"up": {"uv": [0, 0, 0.5, 0.5], "texture": "#5"},
				"down": {"uv": [0, 0, 0.5, 0.5], "texture": "#5"}
			}
		},
		{
			"from": [15, 19, 5],
			"to": [16, 20, 6],
			"rotation": {"angle": 0, "axis": "y", "origin": [23, 27, 13]},
			"faces": {
				"north": {"uv": [0, 0, 0.5, 0.5], "texture": "#5"},
				"east": {"uv": [0, 0, 0.5, 0.5], "texture": "#5"},
				"south": {"uv": [0, 0, 0.5, 0.5], "texture": "#5"},
				"west": {"uv": [0, 0, 0.5, 0.5], "texture": "#5"},
				"up": {"uv": [0, 0, 0.5, 0.5], "texture": "#5"},
				"down": {"uv": [0, 0, 0.5, 0.5], "texture": "#5"}
			}
		},
		{
			"from": [11, 11, 5],
			"to": [12, 12, 6],
			"rotation": {"angle": 0, "axis": "y", "origin": [19, 19, 13]},
			"faces": {
				"north": {"uv": [1, 0.5, 1.5, 1], "texture": "#5"},
				"east": {"uv": [1, 0.5, 1.5, 1], "texture": "#5"},
				"south": {"uv": [1, 0.5, 1.5, 1], "texture": "#5"},
				"west": {"uv": [1, 0.5, 1.5, 1], "texture": "#5"},
				"up": {"uv": [1, 0.5, 1.5, 1], "texture": "#5"},
				"down": {"uv": [1, 0.5, 1.5, 1], "texture": "#5"}
			}
		},
		{
			"from": [13, 11, 5],
			"to": [14, 12, 6],
			"rotation": {"angle": 0, "axis": "y", "origin": [21, 19, 13]},
			"faces": {
				"north": {"uv": [1, 0.5, 1.5, 1], "texture": "#5"},
				"east": {"uv": [1, 0.5, 1.5, 1], "texture": "#5"},
				"south": {"uv": [1, 0.5, 1.5, 1], "texture": "#5"},
				"west": {"uv": [1, 0.5, 1.5, 1], "texture": "#5"},
				"up": {"uv": [1, 0.5, 1.5, 1], "texture": "#5"},
				"down": {"uv": [1, 0.5, 1.5, 1], "texture": "#5"}
			}
		},
		{
			"from": [14, 10, 5],
			"to": [15, 11, 6],
			"rotation": {"angle": 0, "axis": "y", "origin": [22, 18, 13]},
			"faces": {
				"north": {"uv": [1, 0.5, 1.5, 1], "texture": "#5"},
				"east": {"uv": [1, 0.5, 1.5, 1], "texture": "#5"},
				"south": {"uv": [1, 0.5, 1.5, 1], "texture": "#5"},
				"west": {"uv": [1, 0.5, 1.5, 1], "texture": "#5"},
				"up": {"uv": [1, 0.5, 1.5, 1], "texture": "#5"},
				"down": {"uv": [1, 0.5, 1.5, 1], "texture": "#5"}
			}
		},
		{
			"from": [10, 10, 5],
			"to": [11, 11, 6],
			"rotation": {"angle": 0, "axis": "y", "origin": [18, 18, 13]},
			"faces": {
				"north": {"uv": [1, 0.5, 1.5, 1], "texture": "#5"},
				"east": {"uv": [1, 0.5, 1.5, 1], "texture": "#5"},
				"south": {"uv": [1, 0.5, 1.5, 1], "texture": "#5"},
				"west": {"uv": [1, 0.5, 1.5, 1], "texture": "#5"},
				"up": {"uv": [1, 0.5, 1.5, 1], "texture": "#5"},
				"down": {"uv": [1, 0.5, 1.5, 1], "texture": "#5"}
			}
		},
		{
			"from": [10, 7, 4],
			"to": [11, 10, 7],
			"rotation": {"angle": 0, "axis": "y", "origin": [18, 17, 13]},
			"faces": {
				"north": {"uv": [0, 0, 1.5, 2.5], "texture": "#6"},
				"east": {"uv": [0, 0, 2.5, 2.5], "texture": "#6"},
				"south": {"uv": [0, 0, 1.5, 2.5], "texture": "#6"},
				"west": {"uv": [0, 0, 2.5, 2.5], "texture": "#6"},
				"up": {"uv": [0, 0, 1.5, 2.5], "texture": "#6"},
				"down": {"uv": [0, 0, 1.5, 2.5], "texture": "#6"}
			}
		},
		{
			"from": [14, 7, 4],
			"to": [15, 10, 7],
			"rotation": {"angle": 0, "axis": "y", "origin": [22, 17, 13]},
			"faces": {
				"north": {"uv": [0, 0, 1.5, 2.5], "texture": "#6"},
				"east": {"uv": [0, 0, 2.5, 2.5], "texture": "#6"},
				"south": {"uv": [0, 0, 1.5, 2.5], "texture": "#6"},
				"west": {"uv": [0, 0, 2.5, 2.5], "texture": "#6"},
				"up": {"uv": [0, 0, 1.5, 2.5], "texture": "#6"},
				"down": {"uv": [0, 0, 1.5, 2.5], "texture": "#6"}
			}
		},
		{
			"from": [11, 7, 3],
			"to": [14, 10, 4],
			"rotation": {"angle": 0, "axis": "y", "origin": [20, 17, 10]},
			"faces": {
				"north": {"uv": [0, 0, 2.5, 2.5], "texture": "#6"},
				"east": {"uv": [0, 0, 1.5, 2.5], "texture": "#6"},
				"south": {"uv": [0, 0, 2.5, 2.5], "texture": "#6"},
				"west": {"uv": [0, 0, 1.5, 2.5], "texture": "#6"},
				"up": {"uv": [0, 0, 2.5, 1.5], "texture": "#6"},
				"down": {"uv": [0, 0, 2.5, 1.5], "texture": "#6"}
			}
		},
		{
			"from": [11, 6, 4],
			"to": [14, 7, 7],
			"rotation": {"angle": 0, "axis": "y", "origin": [20, 14, 10]},
			"faces": {
				"north": {"uv": [0, 0, 2.5, 1.5], "texture": "#6"},
				"east": {"uv": [0, 0, 2.5, 1.5], "texture": "#6"},
				"south": {"uv": [0, 0, 2.5, 1.5], "texture": "#6"},
				"west": {"uv": [0, 0, 2.5, 1.5], "texture": "#6"},
				"up": {"uv": [0, 0, 2.5, 2.5], "texture": "#6"},
				"down": {"uv": [0, 0, 2.5, 2.5], "texture": "#6"}
			}
		},
		{
			"from": [11, 7, 7],
			"to": [14, 10, 8],
			"rotation": {"angle": 0, "axis": "y", "origin": [20, 17, 14]},
			"faces": {
				"north": {"uv": [0, 0, 2.5, 2.5], "texture": "#6"},
				"east": {"uv": [0, 0, 1.5, 2.5], "texture": "#6"},
				"south": {"uv": [0, 0, 2.5, 2.5], "texture": "#6"},
				"west": {"uv": [0, 0, 1.5, 2.5], "texture": "#6"},
				"up": {"uv": [0, 0, 2.5, 1.5], "texture": "#6"},
				"down": {"uv": [0, 0, 2.5, 1.5], "texture": "#6"}
			}
		},
		{
			"from": [4, 22, 6],
			"to": [13, 23, 15],
			"rotation": {"angle": 0, "axis": "y", "origin": [16, 30, 18]},
			"faces": {
				"north": {"uv": [0, 0, 5.5, 1], "texture": "#5"},
				"east": {"uv": [0, 0, 5.5, 1], "texture": "#5"},
				"south": {"uv": [0, 0, 5.5, 1], "texture": "#5"},
				"west": {"uv": [0, 0, 5.5, 1], "texture": "#5"},
				"up": {"uv": [0, 0, 5.5, 5.5], "texture": "#5"},
				"down": {"uv": [0, 0, 5.5, 5.5], "texture": "#5"}
			}
		},
		{
			"from": [5, 23, 7],
			"to": [12, 24, 14],
			"rotation": {"angle": 0, "axis": "y", "origin": [16, 31, 18]},
			"faces": {
				"north": {"uv": [0, 0, 5, 1], "texture": "#6"},
				"east": {"uv": [0, 0, 5, 1], "texture": "#6"},
				"south": {"uv": [0, 0, 5, 1], "texture": "#6"},
				"west": {"uv": [0, 0, 5, 1], "texture": "#6"},
				"up": {"uv": [0, 0, 4.5, 4.5], "texture": "#6"},
				"down": {"uv": [0, 0, 5.5, 5.5], "texture": "#6"}
			}
		},
		{
			"from": [5, 24, 7],
			"to": [12, 26, 14],
			"rotation": {"angle": 0, "axis": "y", "origin": [16, 32, 18]},
			"faces": {
				"north": {"uv": [0, 0, 5, 1.5], "texture": "#5"},
				"east": {"uv": [0, 0, 5, 1.5], "texture": "#5"},
				"south": {"uv": [0, 0, 5, 1.5], "texture": "#5"},
				"west": {"uv": [0, 0, 5, 1.5], "texture": "#5"},
				"up": {"uv": [0, 0, 5, 5], "texture": "#5"},
				"down": {"uv": [0, 0, 5, 5], "texture": "#5"}
			}
		},
		{
			"from": [6, 26, 8],
			"to": [11, 29, 13],
			"rotation": {"angle": 0, "axis": "y", "origin": [16, 34, 18]},
			"faces": {
				"north": {"uv": [0, 0, 4, 2.5], "texture": "#5"},
				"east": {"uv": [0, 0, 4, 2.5], "texture": "#5"},
				"south": {"uv": [0, 0, 4, 2.5], "texture": "#5"},
				"west": {"uv": [0, 0, 4, 2.5], "texture": "#5"},
				"up": {"uv": [0, 0, 4, 4], "texture": "#5"},
				"down": {"uv": [0, 0, 2.5, 2.5], "texture": "#5"}
			}
		},
		{
			"from": [7, 29, 9],
			"to": [10, 32, 12],
			"rotation": {"angle": 0, "axis": "y", "origin": [16, 37, 18]},
			"faces": {
				"north": {"uv": [0, 0, 3, 3], "texture": "#5"},
				"east": {"uv": [0, 0, 3, 3], "texture": "#5"},
				"south": {"uv": [0, 0, 3, 3], "texture": "#5"},
				"west": {"uv": [0, 0, 3, 3], "texture": "#5"},
				"up": {"uv": [0, 0, 3, 3], "texture": "#5"},
				"down": {"uv": [0, 0, 3, 3], "texture": "#5"}
			}
		},
		{
			"name": "Candy",
			"from": [11, 9, 4],
			"to": [14, 10, 7],
			"rotation": {"angle": 0, "axis": "y", "origin": [19, 17, 12]},
			"faces": {
				"north": {"uv": [0, 0, 1.5, 0.5], "texture": "#9"},
				"east": {"uv": [0, 0, 1.5, 0.5], "texture": "#9"},
				"south": {"uv": [0, 0, 1.5, 0.5], "texture": "#9"},
				"west": {"uv": [0, 0, 1.5, 0.5], "texture": "#9"},
				"up": {"uv": [3.5, 4.5, 12, 11.5], "texture": "#9"},
				"down": {"uv": [4, 4.5, 5.5, 6], "texture": "#9"}
			}
		}
	],
	"display": {
		"thirdperson_righthand": {
			"rotation": [3, 129, 1],
			"translation": [-0.5, 0, -1.5],
			"scale": [0.5, 0.5, 0.5]
		},
		"thirdperson_lefthand": {
			"translation": [0.5, 0.75, -2.25],
			"scale": [0.5, 0.5, 0.5]
		},
		"firstperson_righthand": {
			"rotation": [0, 142, 0],
			"scale": [0.5, 0.5, 0.5]
		},
		"gui": {
			"rotation": [-167, -21, -180],
			"translation": [0.25, -1.5, 0],
			"scale": [0.75, 0.75, 0.75]
		},
		"head": {
			"rotation": [-27, 0, 0],
			"translation": [-0.5, 5.75, -6.25],
			"scale": [0.5, 0.5, 0.5]
		},
		"fixed": {
			"translation": [0, 0, -6]
		}
	},
	"groups": [
		{
			"name": "BillyBase",
			"origin": [8, 8, 8],
			"children": [
				{
					"name": "body",
					"origin": [10, 8, 15],
					"children": [0, 1, 2, 3, 4, 5, 6, 7, 8, 9]
				},
				{
					"name": "face",
					"origin": [24, 24, 15],
					"children": [10, 11, 12, 13, 14, 15, 16, 17, 18, 19, 20, 21, 22]
				},
				{
					"name": "toes",
					"origin": [21, 8, 13],
					"children": [23, 24, 25, 26, 27, 28, 29, 30]
				},
				{
					"name": "eyes",
					"origin": [23, 27, 13],
					"children": [31, 32, 33, 34]
				}
			]
		},
		{
			"name": "Basket",
			"origin": [20, 17, 14],
			"children": [35, 36, 37, 38, 39, 40, 41, 42, 43]
		},
		{
			"name": "hat",
			"origin": [16, 37, 18],
			"children": [44, 45, 46, 47, 48]
		}, 49]
}