{
	"credit": "Made with Blockbench",
	"textures": {
		"0": "block/dispenser_front_vertical",
		"particle": "block/dispenser_front_vertical"
	},
	"elements": [
		{
			"from": [7, 0, 3.8],
			"to": [9, 0.2, 4.1],
			"rotation": {"angle": 0, "axis": "y", "origin": [0, 0, 1.8]},
			"faces": {
				"north": {"uv": [0, 0, 2, 5.5], "texture": "#0"},
				"east": {"uv": [0, 0, 2, 5.5], "texture": "#0"},
				"south": {"uv": [0, 0, 2, 5.5], "texture": "#0"},
				"west": {"uv": [0, 0, 2, 5.5], "texture": "#0"},
				"up": {"uv": [0, 0, 2, 5.5], "texture": "#0"},
				"down": {"uv": [0, 0, 2, 5.5], "texture": "#0"}
			}
		},
		{
			"from": [7, 0, 4.2],
			"to": [9, 0.2, 4.5],
			"rotation": {"angle": 0, "axis": "y", "origin": [0, 0, 1.8]},
			"faces": {
				"north": {"uv": [0, 0, 2, 5.5], "texture": "#0"},
				"east": {"uv": [0, 0, 2, 5.5], "texture": "#0"},
				"south": {"uv": [0, 0, 2, 5.5], "texture": "#0"},
				"west": {"uv": [0, 0, 2, 5.5], "texture": "#0"},
				"up": {"uv": [0, 0, 2, 5.5], "texture": "#0"},
				"down": {"uv": [0, 0, 2, 5.5], "texture": "#0"}
			}
		},
		{
			"from": [11.6205, 0, 6.8205],
			"to": [11.7205, 0.2, 7.1205],
			"rotation": {"angle": 0, "axis": "y", "origin": [16.0205, 0, 3.2205]},
			"faces": {
				"north": {"uv": [0, 0, 2, 5.5], "texture": "#0"},
				"east": {"uv": [0, 0, 2, 5.5], "texture": "#0"},
				"south": {"uv": [0, 0, 2, 5.5], "texture": "#0"},
				"west": {"uv": [0, 0, 2, 5.5], "texture": "#0"},
				"up": {"uv": [0, 0, 2, 5.5], "texture": "#0"},
				"down": {"uv": [0, 0, 2, 5.5], "texture": "#0"}
			}
		},
		{
			"from": [11.6205, 0, 7.9205],
			"to": [11.7205, 0.2, 8.6205],
			"rotation": {"angle": 0, "axis": "y", "origin": [16.0205, 0, 3.2205]},
			"faces": {
				"north": {"uv": [0, 0, 2, 5.5], "texture": "#0"},
				"east": {"uv": [0, 0, 2, 5.5], "texture": "#0"},
				"south": {"uv": [0, 0, 2, 5.5], "texture": "#0"},
				"west": {"uv": [0, 0, 2, 5.5], "texture": "#0"},
				"up": {"uv": [0, 0, 2, 5.5], "texture": "#0"},
				"down": {"uv": [0, 0, 2, 5.5], "texture": "#0"}
			}
		},
		{
			"from": [4.2795, 0, 7.9205],
			"to": [4.3795, 0.2, 8.6205],
			"rotation": {"angle": 0, "axis": "y", "origin": [-0.0205, 0, 3.2205]},
			"faces": {
				"north": {"uv": [0, 0, 2, 5.5], "texture": "#0"},
				"east": {"uv": [0, 0, 2, 5.5], "texture": "#0"},
				"south": {"uv": [0, 0, 2, 5.5], "texture": "#0"},
				"west": {"uv": [0, 0, 2, 5.5], "texture": "#0"},
				"up": {"uv": [0, 0, 2, 5.5], "texture": "#0"},
				"down": {"uv": [0, 0, 2, 5.5], "texture": "#0"}
			}
		},
		{
			"from": [11.6205, 0, 9.3205],
			"to": [11.7205, 0.2, 9.6205],
			"rotation": {"angle": 0, "axis": "y", "origin": [16.0205, 0, 3.2205]},
			"faces": {
				"north": {"uv": [0, 0, 2, 5.5], "texture": "#0"},
				"east": {"uv": [0, 0, 2, 5.5], "texture": "#0"},
				"south": {"uv": [0, 0, 2, 5.5], "texture": "#0"},
				"west": {"uv": [0, 0, 2, 5.5], "texture": "#0"},
				"up": {"uv": [0, 0, 2, 5.5], "texture": "#0"},
				"down": {"uv": [0, 0, 2, 5.5], "texture": "#0"}
			}
		},
		{
			"from": [4.2795, 0, 9.3205],
			"to": [4.3795, 0.2, 9.6205],
			"rotation": {"angle": 0, "axis": "y", "origin": [-0.0205, 0, 3.2205]},
			"faces": {
				"north": {"uv": [0, 0, 2, 5.5], "texture": "#0"},
				"east": {"uv": [0, 0, 2, 5.5], "texture": "#0"},
				"south": {"uv": [0, 0, 2, 5.5], "texture": "#0"},
				"west": {"uv": [0, 0, 2, 5.5], "texture": "#0"},
				"up": {"uv": [0, 0, 2, 5.5], "texture": "#0"},
				"down": {"uv": [0, 0, 2, 5.5], "texture": "#0"}
			}
		},
		{
			"from": [13.65039, 0, 11.51557],
			"to": [13.75039, 0.2, 12.01557],
			"rotation": {"angle": -22.5, "axis": "y", "origin": [18.05039, 0, 5.41557]},
			"faces": {
				"north": {"uv": [0, 0, 2, 5.5], "texture": "#0"},
				"east": {"uv": [0, 0, 2, 5.5], "texture": "#0"},
				"south": {"uv": [0, 0, 2, 5.5], "texture": "#0"},
				"west": {"uv": [0, 0, 2, 5.5], "texture": "#0"},
				"up": {"uv": [0, 0, 2, 5.5], "texture": "#0"},
				"down": {"uv": [0, 0, 2, 5.5], "texture": "#0"}
			}
		},
		{
			"from": [2.24961, 0, 11.51557],
			"to": [2.34961, 0.2, 12.01557],
			"rotation": {"angle": 22.5, "axis": "y", "origin": [-2.05039, 0, 5.41557]},
			"faces": {
				"north": {"uv": [0, 0, 2, 5.5], "texture": "#0"},
				"east": {"uv": [0, 0, 2, 5.5], "texture": "#0"},
				"south": {"uv": [0, 0, 2, 5.5], "texture": "#0"},
				"west": {"uv": [0, 0, 2, 5.5], "texture": "#0"},
				"up": {"uv": [0, 0, 2, 5.5], "texture": "#0"},
				"down": {"uv": [0, 0, 2, 5.5], "texture": "#0"}
			}
		},
		{
			"from": [13.65039, 0, 12.71557],
			"to": [13.75039, 0.2, 13.31557],
			"rotation": {"angle": -22.5, "axis": "y", "origin": [18.05039, 0, 5.41557]},
			"faces": {
				"north": {"uv": [0, 0, 2, 5.5], "texture": "#0"},
				"east": {"uv": [0, 0, 2, 5.5], "texture": "#0"},
				"south": {"uv": [0, 0, 2, 5.5], "texture": "#0"},
				"west": {"uv": [0, 0, 2, 5.5], "texture": "#0"},
				"up": {"uv": [0, 0, 2, 5.5], "texture": "#0"},
				"down": {"uv": [0, 0, 2, 5.5], "texture": "#0"}
			}
		},
		{
			"from": [2.24961, 0, 12.71557],
			"to": [2.34961, 0.2, 13.31557],
			"rotation": {"angle": 22.5, "axis": "y", "origin": [-2.05039, 0, 5.41557]},
			"faces": {
				"north": {"uv": [0, 0, 2, 5.5], "texture": "#0"},
				"east": {"uv": [0, 0, 2, 5.5], "texture": "#0"},
				"south": {"uv": [0, 0, 2, 5.5], "texture": "#0"},
				"west": {"uv": [0, 0, 2, 5.5], "texture": "#0"},
				"up": {"uv": [0, 0, 2, 5.5], "texture": "#0"},
				"down": {"uv": [0, 0, 2, 5.5], "texture": "#0"}
			}
		},
		{
			"from": [4.2795, 0, 6.8205],
			"to": [4.3795, 0.2, 7.1205],
			"rotation": {"angle": 0, "axis": "y", "origin": [-0.0205, 0, 3.2205]},
			"faces": {
				"north": {"uv": [0, 0, 2, 5.5], "texture": "#0"},
				"east": {"uv": [0, 0, 2, 5.5], "texture": "#0"},
				"south": {"uv": [0, 0, 2, 5.5], "texture": "#0"},
				"west": {"uv": [0, 0, 2, 5.5], "texture": "#0"},
				"up": {"uv": [0, 0, 2, 5.5], "texture": "#0"},
				"down": {"uv": [0, 0, 2, 5.5], "texture": "#0"}
			}
		},
		{
			"from": [6.34432, 0, 5.23993],
			"to": [6.44432, 0.2, 5.63993],
			"rotation": {"angle": -22.5, "axis": "y", "origin": [2.04432, 0, 1.03993]},
			"faces": {
				"north": {"uv": [0, 0, 2, 5.5], "texture": "#0"},
				"east": {"uv": [0, 0, 2, 5.5], "texture": "#0"},
				"south": {"uv": [0, 0, 2, 5.5], "texture": "#0"},
				"west": {"uv": [0, 0, 2, 5.5], "texture": "#0"},
				"up": {"uv": [0, 0, 2, 5.5], "texture": "#0"},
				"down": {"uv": [0, 0, 2, 5.5], "texture": "#0"}
			}
		},
		{
			"from": [9.55568, 0, 5.23993],
			"to": [9.65568, 0.2, 5.63993],
			"rotation": {"angle": 22.5, "axis": "y", "origin": [13.95568, 0, 1.03993]},
			"faces": {
				"north": {"uv": [0, 0, 2, 5.5], "texture": "#0"},
				"east": {"uv": [0, 0, 2, 5.5], "texture": "#0"},
				"south": {"uv": [0, 0, 2, 5.5], "texture": "#0"},
				"west": {"uv": [0, 0, 2, 5.5], "texture": "#0"},
				"up": {"uv": [0, 0, 2, 5.5], "texture": "#0"},
				"down": {"uv": [0, 0, 2, 5.5], "texture": "#0"}
			}
		},
		{
			"from": [6.34432, 0, 4.13993],
			"to": [6.44432, 0.2, 4.53993],
			"rotation": {"angle": -22.5, "axis": "y", "origin": [2.04432, 0, 1.03993]},
			"faces": {
				"north": {"uv": [0, 0, 2, 5.5], "texture": "#0"},
				"east": {"uv": [0, 0, 2, 5.5], "texture": "#0"},
				"south": {"uv": [0, 0, 2, 5.5], "texture": "#0"},
				"west": {"uv": [0, 0, 2, 5.5], "texture": "#0"},
				"up": {"uv": [0, 0, 2, 5.5], "texture": "#0"},
				"down": {"uv": [0, 0, 2, 5.5], "texture": "#0"}
			}
		},
		{
			"from": [9.55568, 0, 4.13993],
			"to": [9.65568, 0.2, 4.53993],
			"rotation": {"angle": 22.5, "axis": "y", "origin": [13.95568, 0, 1.03993]},
			"faces": {
				"north": {"uv": [0, 0, 2, 5.5], "texture": "#0"},
				"east": {"uv": [0, 0, 2, 5.5], "texture": "#0"},
				"south": {"uv": [0, 0, 2, 5.5], "texture": "#0"},
				"west": {"uv": [0, 0, 2, 5.5], "texture": "#0"},
				"up": {"uv": [0, 0, 2, 5.5], "texture": "#0"},
				"down": {"uv": [0, 0, 2, 5.5], "texture": "#0"}
			}
		},
		{
			"from": [7.40003, 0, 3.33138],
			"to": [7.50003, 0.2, 3.63138],
			"rotation": {"angle": 45, "axis": "y", "origin": [11.80003, 0, 0.13138]},
			"faces": {
				"north": {"uv": [0, 0, 2, 5.5], "texture": "#0"},
				"east": {"uv": [0, 0, 2, 5.5], "texture": "#0"},
				"south": {"uv": [0, 0, 2, 5.5], "texture": "#0"},
				"west": {"uv": [0, 0, 2, 5.5], "texture": "#0"},
				"up": {"uv": [0, 0, 2, 5.5], "texture": "#0"},
				"down": {"uv": [0, 0, 2, 5.5], "texture": "#0"}
			}
		},
		{
			"from": [8.49997, 0, 3.33138],
			"to": [8.59997, 0.2, 3.63138],
			"rotation": {"angle": -45, "axis": "y", "origin": [4.19997, 0, 0.13138]},
			"faces": {
				"north": {"uv": [0, 0, 2, 5.5], "texture": "#0"},
				"east": {"uv": [0, 0, 2, 5.5], "texture": "#0"},
				"south": {"uv": [0, 0, 2, 5.5], "texture": "#0"},
				"west": {"uv": [0, 0, 2, 5.5], "texture": "#0"},
				"up": {"uv": [0, 0, 2, 5.5], "texture": "#0"},
				"down": {"uv": [0, 0, 2, 5.5], "texture": "#0"}
			}
		},
		{
			"from": [7.40003, 0, 2.13138],
			"to": [7.50003, 0.2, 2.53138],
			"rotation": {"angle": 45, "axis": "y", "origin": [11.80003, 0, 0.13138]},
			"faces": {
				"north": {"uv": [0, 0, 2, 5.5], "texture": "#0"},
				"east": {"uv": [0, 0, 2, 5.5], "texture": "#0"},
				"south": {"uv": [0, 0, 2, 5.5], "texture": "#0"},
				"west": {"uv": [0, 0, 2, 5.5], "texture": "#0"},
				"up": {"uv": [0, 0, 2, 5.5], "texture": "#0"},
				"down": {"uv": [0, 0, 2, 5.5], "texture": "#0"}
			}
		},
		{
			"from": [11.69924, 0, 4.06007],
			"to": [12.09924, 0.2, 4.16007],
			"rotation": {"angle": -22.5, "axis": "y", "origin": [9.69924, 0, -0.23993]},
			"faces": {
				"north": {"uv": [0, 0, 2, 5.5], "rotation": 270, "texture": "#0"},
				"east": {"uv": [0, 0, 2, 5.5], "rotation": 270, "texture": "#0"},
				"south": {"uv": [0, 0, 2, 5.5], "rotation": 270, "texture": "#0"},
				"west": {"uv": [0, 0, 2, 5.5], "rotation": 270, "texture": "#0"},
				"up": {"uv": [0, 0, 2, 5.5], "rotation": 270, "texture": "#0"},
				"down": {"uv": [0, 0, 2, 5.5], "rotation": 270, "texture": "#0"}
			}
		},
		{
			"from": [3.90076, 0, 4.06007],
			"to": [4.30076, 0.2, 4.16007],
			"rotation": {"angle": 22.5, "axis": "y", "origin": [6.30076, 0, -0.23993]},
			"faces": {
				"north": {"uv": [0, 0, 2, 5.5], "rotation": 270, "texture": "#0"},
				"east": {"uv": [0, 0, 2, 5.5], "rotation": 270, "texture": "#0"},
				"south": {"uv": [0, 0, 2, 5.5], "rotation": 270, "texture": "#0"},
				"west": {"uv": [0, 0, 2, 5.5], "rotation": 270, "texture": "#0"},
				"up": {"uv": [0, 0, 2, 5.5], "rotation": 270, "texture": "#0"},
				"down": {"uv": [0, 0, 2, 5.5], "rotation": 270, "texture": "#0"}
			}
		},
		{
			"from": [10.59924, 0, 4.06007],
			"to": [10.89924, 0.2, 4.16007],
			"rotation": {"angle": -22.5, "axis": "y", "origin": [9.69924, 0, -0.23993]},
			"faces": {
				"north": {"uv": [0, 0, 2, 5.5], "rotation": 270, "texture": "#0"},
				"east": {"uv": [0, 0, 2, 5.5], "rotation": 270, "texture": "#0"},
				"south": {"uv": [0, 0, 2, 5.5], "rotation": 270, "texture": "#0"},
				"west": {"uv": [0, 0, 2, 5.5], "rotation": 270, "texture": "#0"},
				"up": {"uv": [0, 0, 2, 5.5], "rotation": 270, "texture": "#0"},
				"down": {"uv": [0, 0, 2, 5.5], "rotation": 270, "texture": "#0"}
			}
		},
		{
			"from": [8.5, 0, 4.1],
			"to": [9, 0.2, 4.2],
			"rotation": {"angle": 0, "axis": "y", "origin": [7.7, 0, -0.2]},
			"faces": {
				"north": {"uv": [0, 0, 2, 5.5], "rotation": 270, "texture": "#0"},
				"east": {"uv": [0, 0, 2, 5.5], "rotation": 270, "texture": "#0"},
				"south": {"uv": [0, 0, 2, 5.5], "rotation": 270, "texture": "#0"},
				"west": {"uv": [0, 0, 2, 5.5], "rotation": 270, "texture": "#0"},
				"up": {"uv": [0, 0, 2, 5.5], "rotation": 270, "texture": "#0"},
				"down": {"uv": [0, 0, 2, 5.5], "rotation": 270, "texture": "#0"}
			}
		},
		{
			"from": [7, 0, 4.1],
			"to": [7.5, 0.2, 4.2],
			"rotation": {"angle": 0, "axis": "y", "origin": [7.7, 0, -0.2]},
			"faces": {
				"north": {"uv": [0, 0, 2, 5.5], "rotation": 270, "texture": "#0"},
				"east": {"uv": [0, 0, 2, 5.5], "rotation": 270, "texture": "#0"},
				"south": {"uv": [0, 0, 2, 5.5], "rotation": 270, "texture": "#0"},
				"west": {"uv": [0, 0, 2, 5.5], "rotation": 270, "texture": "#0"},
				"up": {"uv": [0, 0, 2, 5.5], "rotation": 270, "texture": "#0"},
				"down": {"uv": [0, 0, 2, 5.5], "rotation": 270, "texture": "#0"}
			}
		},
		{
			"from": [5.10076, 0, 4.06007],
			"to": [5.40076, 0.2, 4.16007],
			"rotation": {"angle": 22.5, "axis": "y", "origin": [6.30076, 0, -0.23993]},
			"faces": {
				"north": {"uv": [0, 0, 2, 5.5], "rotation": 270, "texture": "#0"},
				"east": {"uv": [0, 0, 2, 5.5], "rotation": 270, "texture": "#0"},
				"south": {"uv": [0, 0, 2, 5.5], "rotation": 270, "texture": "#0"},
				"west": {"uv": [0, 0, 2, 5.5], "rotation": 270, "texture": "#0"},
				"up": {"uv": [0, 0, 2, 5.5], "rotation": 270, "texture": "#0"},
				"down": {"uv": [0, 0, 2, 5.5], "rotation": 270, "texture": "#0"}
			}
		},
		{
			"from": [8.49997, 0, 2.13138],
			"to": [8.59997, 0.2, 2.53138],
			"rotation": {"angle": -45, "axis": "y", "origin": [4.19997, 0, 0.13138]},
			"faces": {
				"north": {"uv": [0, 0, 2, 5.5], "texture": "#0"},
				"east": {"uv": [0, 0, 2, 5.5], "texture": "#0"},
				"south": {"uv": [0, 0, 2, 5.5], "texture": "#0"},
				"west": {"uv": [0, 0, 2, 5.5], "texture": "#0"},
				"up": {"uv": [0, 0, 2, 5.5], "texture": "#0"},
				"down": {"uv": [0, 0, 2, 5.5], "texture": "#0"}
			}
		},
		{
			"from": [5.41972, 0, 7.39639],
			"to": [6.91972, 0.2, 7.69639],
			"rotation": {"angle": 22.5, "axis": "y", "origin": [-2.08028, 0, 5.39639]},
			"faces": {
				"north": {"uv": [0, 0, 2, 5.5], "texture": "#0"},
				"east": {"uv": [0, 0, 2, 5.5], "texture": "#0"},
				"south": {"uv": [0, 0, 2, 5.5], "texture": "#0"},
				"west": {"uv": [0, 0, 2, 5.5], "texture": "#0"},
				"up": {"uv": [0, 0, 2, 5.5], "texture": "#0"},
				"down": {"uv": [0, 0, 2, 5.5], "texture": "#0"}
			}
		},
		{
			"from": [9.08028, 0, 7.39639],
			"to": [10.58028, 0.2, 7.69639],
			"rotation": {"angle": -22.5, "axis": "y", "origin": [18.08028, 0, 5.39639]},
			"faces": {
				"north": {"uv": [0, 0, 2, 5.5], "texture": "#0"},
				"east": {"uv": [0, 0, 2, 5.5], "texture": "#0"},
				"south": {"uv": [0, 0, 2, 5.5], "texture": "#0"},
				"west": {"uv": [0, 0, 2, 5.5], "texture": "#0"},
				"up": {"uv": [0, 0, 2, 5.5], "texture": "#0"},
				"down": {"uv": [0, 0, 2, 5.5], "texture": "#0"}
			}
		},
		{
			"from": [9.08028, 0, 7.79639],
			"to": [10.58028, 0.2, 8.09639],
			"rotation": {"angle": -22.5, "axis": "y", "origin": [18.08028, 0, 5.39639]},
			"faces": {
				"north": {"uv": [0, 0, 2, 5.5], "texture": "#0"},
				"east": {"uv": [0, 0, 2, 5.5], "texture": "#0"},
				"south": {"uv": [0, 0, 2, 5.5], "texture": "#0"},
				"west": {"uv": [0, 0, 2, 5.5], "texture": "#0"},
				"up": {"uv": [0, 0, 2, 5.5], "texture": "#0"},
				"down": {"uv": [0, 0, 2, 5.5], "texture": "#0"}
			}
		},
		{
			"from": [5.41972, 0, 7.79639],
			"to": [6.91972, 0.2, 8.09639],
			"rotation": {"angle": 22.5, "axis": "y", "origin": [-2.08028, 0, 5.39639]},
			"faces": {
				"north": {"uv": [0, 0, 2, 5.5], "texture": "#0"},
				"east": {"uv": [0, 0, 2, 5.5], "texture": "#0"},
				"south": {"uv": [0, 0, 2, 5.5], "texture": "#0"},
				"west": {"uv": [0, 0, 2, 5.5], "texture": "#0"},
				"up": {"uv": [0, 0, 2, 5.5], "texture": "#0"},
				"down": {"uv": [0, 0, 2, 5.5], "texture": "#0"}
			}
		},
		{
			"from": [13.60388, 0, 13.24665],
			"to": [14.50388, 0.2, 13.84665],
			"rotation": {"angle": -22.5, "axis": "y", "origin": [17.90388, 0, 5.24665]},
			"faces": {
				"north": {"uv": [0, 0, 2, 5.5], "texture": "#0"},
				"east": {"uv": [0, 0, 2, 5.5], "texture": "#0"},
				"south": {"uv": [0, 0, 2, 5.5], "texture": "#0"},
				"west": {"uv": [0, 0, 2, 5.5], "texture": "#0"},
				"up": {"uv": [0, 0, 2, 5.5], "texture": "#0"},
				"down": {"uv": [0, 0, 2, 5.5], "texture": "#0"}
			}
		},
		{
			"from": [1.49612, 0, 13.24665],
			"to": [2.39612, 0.2, 13.84665],
			"rotation": {"angle": 22.5, "axis": "y", "origin": [-1.90388, 0, 5.24665]},
			"faces": {
				"north": {"uv": [0, 0, 2, 5.5], "texture": "#0"},
				"east": {"uv": [0, 0, 2, 5.5], "texture": "#0"},
				"south": {"uv": [0, 0, 2, 5.5], "texture": "#0"},
				"west": {"uv": [0, 0, 2, 5.5], "texture": "#0"},
				"up": {"uv": [0, 0, 2, 5.5], "texture": "#0"},
				"down": {"uv": [0, 0, 2, 5.5], "texture": "#0"}
			}
		},
		{
			"from": [5.33601, 0, 11.32377],
			"to": [6.83601, 0.2, 11.62377],
			"rotation": {"angle": 45, "axis": "y", "origin": [-2.16399, 0, 9.32377]},
			"faces": {
				"north": {"uv": [0, 0, 2, 5.5], "texture": "#0"},
				"east": {"uv": [0, 0, 2, 5.5], "texture": "#0"},
				"south": {"uv": [0, 0, 2, 5.5], "texture": "#0"},
				"west": {"uv": [0, 0, 2, 5.5], "texture": "#0"},
				"up": {"uv": [0, 0, 2, 5.5], "texture": "#0"},
				"down": {"uv": [0, 0, 2, 5.5], "texture": "#0"}
			}
		},
		{
			"from": [9.16399, 0, 11.32377],
			"to": [10.66399, 0.2, 11.62377],
			"rotation": {"angle": -45, "axis": "y", "origin": [18.16399, 0, 9.32377]},
			"faces": {
				"north": {"uv": [0, 0, 2, 5.5], "texture": "#0"},
				"east": {"uv": [0, 0, 2, 5.5], "texture": "#0"},
				"south": {"uv": [0, 0, 2, 5.5], "texture": "#0"},
				"west": {"uv": [0, 0, 2, 5.5], "texture": "#0"},
				"up": {"uv": [0, 0, 2, 5.5], "texture": "#0"},
				"down": {"uv": [0, 0, 2, 5.5], "texture": "#0"}
			}
		},
		{
			"from": [9.16399, 0, 11.72377],
			"to": [10.66399, 0.2, 12.02377],
			"rotation": {"angle": -45, "axis": "y", "origin": [18.16399, 0, 9.32377]},
			"faces": {
				"north": {"uv": [0, 0, 2, 5.5], "texture": "#0"},
				"east": {"uv": [0, 0, 2, 5.5], "texture": "#0"},
				"south": {"uv": [0, 0, 2, 5.5], "texture": "#0"},
				"west": {"uv": [0, 0, 2, 5.5], "texture": "#0"},
				"up": {"uv": [0, 0, 2, 5.5], "texture": "#0"},
				"down": {"uv": [0, 0, 2, 5.5], "texture": "#0"}
			}
		},
		{
			"from": [5.33601, 0, 11.72377],
			"to": [6.83601, 0.2, 12.02377],
			"rotation": {"angle": 45, "axis": "y", "origin": [-2.16399, 0, 9.32377]},
			"faces": {
				"north": {"uv": [0, 0, 2, 5.5], "texture": "#0"},
				"east": {"uv": [0, 0, 2, 5.5], "texture": "#0"},
				"south": {"uv": [0, 0, 2, 5.5], "texture": "#0"},
				"west": {"uv": [0, 0, 2, 5.5], "texture": "#0"},
				"up": {"uv": [0, 0, 2, 5.5], "texture": "#0"},
				"down": {"uv": [0, 0, 2, 5.5], "texture": "#0"}
			}
		},
		{
			"from": [1.26161, 0, 3.98423],
			"to": [1.56161, 0.2, 5.48423],
			"rotation": {"angle": -22.5, "axis": "y", "origin": [-0.73839, 0, 12.98423]},
			"faces": {
				"north": {"uv": [0, 0, 2, 5.5], "rotation": 270, "texture": "#0"},
				"east": {"uv": [0, 0, 2, 5.5], "rotation": 270, "texture": "#0"},
				"south": {"uv": [0, 0, 2, 5.5], "rotation": 270, "texture": "#0"},
				"west": {"uv": [0, 0, 2, 5.5], "rotation": 270, "texture": "#0"},
				"up": {"uv": [0, 0, 2, 5.5], "rotation": 270, "texture": "#0"},
				"down": {"uv": [0, 0, 2, 5.5], "rotation": 270, "texture": "#0"}
			}
		},
		{
			"from": [14.43839, 0, 3.98423],
			"to": [14.73839, 0.2, 5.48423],
			"rotation": {"angle": 22.5, "axis": "y", "origin": [16.73839, 0, 12.98423]},
			"faces": {
				"north": {"uv": [0, 0, 2, 5.5], "rotation": 270, "texture": "#0"},
				"east": {"uv": [0, 0, 2, 5.5], "rotation": 270, "texture": "#0"},
				"south": {"uv": [0, 0, 2, 5.5], "rotation": 270, "texture": "#0"},
				"west": {"uv": [0, 0, 2, 5.5], "rotation": 270, "texture": "#0"},
				"up": {"uv": [0, 0, 2, 5.5], "rotation": 270, "texture": "#0"},
				"down": {"uv": [0, 0, 2, 5.5], "rotation": 270, "texture": "#0"}
			}
		},
		{
			"from": [14.03839, 0, 3.98423],
			"to": [14.33839, 0.2, 5.48423],
			"rotation": {"angle": 22.5, "axis": "y", "origin": [16.73839, 0, 12.98423]},
			"faces": {
				"north": {"uv": [0, 0, 2, 5.5], "rotation": 270, "texture": "#0"},
				"east": {"uv": [0, 0, 2, 5.5], "rotation": 270, "texture": "#0"},
				"south": {"uv": [0, 0, 2, 5.5], "rotation": 270, "texture": "#0"},
				"west": {"uv": [0, 0, 2, 5.5], "rotation": 270, "texture": "#0"},
				"up": {"uv": [0, 0, 2, 5.5], "rotation": 270, "texture": "#0"},
				"down": {"uv": [0, 0, 2, 5.5], "rotation": 270, "texture": "#0"}
			}
		},
		{
			"from": [1.66161, 0, 3.98423],
			"to": [1.96161, 0.2, 5.48423],
			"rotation": {"angle": -22.5, "axis": "y", "origin": [-0.73839, 0, 12.98423]},
			"faces": {
				"north": {"uv": [0, 0, 2, 5.5], "rotation": 270, "texture": "#0"},
				"east": {"uv": [0, 0, 2, 5.5], "rotation": 270, "texture": "#0"},
				"south": {"uv": [0, 0, 2, 5.5], "rotation": 270, "texture": "#0"},
				"west": {"uv": [0, 0, 2, 5.5], "rotation": 270, "texture": "#0"},
				"up": {"uv": [0, 0, 2, 5.5], "rotation": 270, "texture": "#0"},
				"down": {"uv": [0, 0, 2, 5.5], "rotation": 270, "texture": "#0"}
			}
		},
		{
			"from": [1.26161, 0, 10.85677],
			"to": [1.56161, 0.2, 12.65677],
			"rotation": {"angle": 22.5, "axis": "y", "origin": [-0.73839, 0, 3.35677]},
			"faces": {
				"north": {"uv": [0, 0, 2, 5.5], "rotation": 270, "texture": "#0"},
				"east": {"uv": [0, 0, 2, 5.5], "rotation": 270, "texture": "#0"},
				"south": {"uv": [0, 0, 2, 5.5], "rotation": 270, "texture": "#0"},
				"west": {"uv": [0, 0, 2, 5.5], "rotation": 270, "texture": "#0"},
				"up": {"uv": [0, 0, 2, 5.5], "rotation": 270, "texture": "#0"},
				"down": {"uv": [0, 0, 2, 5.5], "rotation": 270, "texture": "#0"}
			}
		},
		{
			"from": [14.43839, 0, 10.85677],
			"to": [14.73839, 0.2, 12.65677],
			"rotation": {"angle": -22.5, "axis": "y", "origin": [16.73839, 0, 3.35677]},
			"faces": {
				"north": {"uv": [0, 0, 2, 5.5], "rotation": 270, "texture": "#0"},
				"east": {"uv": [0, 0, 2, 5.5], "rotation": 270, "texture": "#0"},
				"south": {"uv": [0, 0, 2, 5.5], "rotation": 270, "texture": "#0"},
				"west": {"uv": [0, 0, 2, 5.5], "rotation": 270, "texture": "#0"},
				"up": {"uv": [0, 0, 2, 5.5], "rotation": 270, "texture": "#0"},
				"down": {"uv": [0, 0, 2, 5.5], "rotation": 270, "texture": "#0"}
			}
		},
		{
			"from": [14.03839, 0, 10.85677],
			"to": [14.33839, 0.2, 13.25677],
			"rotation": {"angle": -22.5, "axis": "y", "origin": [16.73839, 0, 3.35677]},
			"faces": {
				"north": {"uv": [0, 0, 2, 5.5], "rotation": 270, "texture": "#0"},
				"east": {"uv": [0, 0, 2, 5.5], "rotation": 270, "texture": "#0"},
				"south": {"uv": [0, 0, 2, 5.5], "rotation": 270, "texture": "#0"},
				"west": {"uv": [0, 0, 2, 5.5], "rotation": 270, "texture": "#0"},
				"up": {"uv": [0, 0, 2, 5.5], "rotation": 270, "texture": "#0"},
				"down": {"uv": [0, 0, 2, 5.5], "rotation": 270, "texture": "#0"}
			}
		},
		{
			"from": [1.66161, 0, 10.85677],
			"to": [1.96161, 0.2, 13.25677],
			"rotation": {"angle": 22.5, "axis": "y", "origin": [-0.73839, 0, 3.35677]},
			"faces": {
				"north": {"uv": [0, 0, 2, 5.5], "rotation": 270, "texture": "#0"},
				"east": {"uv": [0, 0, 2, 5.5], "rotation": 270, "texture": "#0"},
				"south": {"uv": [0, 0, 2, 5.5], "rotation": 270, "texture": "#0"},
				"west": {"uv": [0, 0, 2, 5.5], "rotation": 270, "texture": "#0"},
				"up": {"uv": [0, 0, 2, 5.5], "rotation": 270, "texture": "#0"},
				"down": {"uv": [0, 0, 2, 5.5], "rotation": 270, "texture": "#0"}
			}
		},
		{
			"from": [3.9795, 0, 6.8205],
			"to": [4.2795, 0.2, 9.5205],
			"rotation": {"angle": 0, "axis": "y", "origin": [1.9795, 0, 15.8205]},
			"faces": {
				"north": {"uv": [0, 0, 2, 5.5], "rotation": 270, "texture": "#0"},
				"east": {"uv": [0, 0, 2, 5.5], "rotation": 270, "texture": "#0"},
				"south": {"uv": [0, 0, 2, 5.5], "rotation": 270, "texture": "#0"},
				"west": {"uv": [0, 0, 2, 5.5], "rotation": 270, "texture": "#0"},
				"up": {"uv": [0, 0, 2, 5.5], "rotation": 270, "texture": "#0"},
				"down": {"uv": [0, 0, 2, 5.5], "rotation": 270, "texture": "#0"}
			}
		},
		{
			"from": [11.7205, 0, 6.8205],
			"to": [12.0205, 0.2, 9.5205],
			"rotation": {"angle": 0, "axis": "y", "origin": [14.0205, 0, 15.8205]},
			"faces": {
				"north": {"uv": [0, 0, 2, 5.5], "rotation": 270, "texture": "#0"},
				"east": {"uv": [0, 0, 2, 5.5], "rotation": 270, "texture": "#0"},
				"south": {"uv": [0, 0, 2, 5.5], "rotation": 270, "texture": "#0"},
				"west": {"uv": [0, 0, 2, 5.5], "rotation": 270, "texture": "#0"},
				"up": {"uv": [0, 0, 2, 5.5], "rotation": 270, "texture": "#0"},
				"down": {"uv": [0, 0, 2, 5.5], "rotation": 270, "texture": "#0"}
			}
		},
		{
			"from": [11.3205, 0, 6.8205],
			"to": [11.6205, 0.2, 9.5205],
			"rotation": {"angle": 0, "axis": "y", "origin": [14.0205, 0, 15.8205]},
			"faces": {
				"north": {"uv": [0, 0, 2, 5.5], "rotation": 270, "texture": "#0"},
				"east": {"uv": [0, 0, 2, 5.5], "rotation": 270, "texture": "#0"},
				"south": {"uv": [0, 0, 2, 5.5], "rotation": 270, "texture": "#0"},
				"west": {"uv": [0, 0, 2, 5.5], "rotation": 270, "texture": "#0"},
				"up": {"uv": [0, 0, 2, 5.5], "rotation": 270, "texture": "#0"},
				"down": {"uv": [0, 0, 2, 5.5], "rotation": 270, "texture": "#0"}
			}
		},
		{
			"from": [4.3795, 0, 6.8205],
			"to": [4.6795, 0.2, 9.5205],
			"rotation": {"angle": 0, "axis": "y", "origin": [1.9795, 0, 15.8205]},
			"faces": {
				"north": {"uv": [0, 0, 2, 5.5], "rotation": 270, "texture": "#0"},
				"east": {"uv": [0, 0, 2, 5.5], "rotation": 270, "texture": "#0"},
				"south": {"uv": [0, 0, 2, 5.5], "rotation": 270, "texture": "#0"},
				"west": {"uv": [0, 0, 2, 5.5], "rotation": 270, "texture": "#0"},
				"up": {"uv": [0, 0, 2, 5.5], "rotation": 270, "texture": "#0"},
				"down": {"uv": [0, 0, 2, 5.5], "rotation": 270, "texture": "#0"}
			}
		}
	],
	"display": {
		"thirdperson_righthand": {
			"translation": [0, 6, 2],
			"scale": [0.75, 0.75, 0.75]
		},
		"thirdperson_lefthand": {
			"translation": [0, 6, 2],
			"scale": [0.75, 0.75, 0.75]
		},
		"firstperson_righthand": {
			"rotation": [38, -180, 0],
			"translation": [1.5, 7.5, 2.5]
		},
		"firstperson_lefthand": {
			"rotation": [38, -180, 0],
			"translation": [1.5, 7.5, 2.5]
		},
		"gui": {
			"rotation": [-90, 0, 0],
			"translation": [0, 0, -8],
			"scale": [1.52, 1.52, 1.52]
		},
		"fixed": {
			"rotation": [-90, 0, 0],
			"translation": [0, 0, -8]
		}
	}
}