{
	"credit": "Made with Blockbench",
	"textures": {
		"0": "block/black_wool",
		"1": "block/light_gray_wool",
		"2": "block/sand",
		"3": "block/red_stained_glass",
		"4": "block/quartz_block_top",
		"particle": "block/black_wool"
	},
	"elements": [
		{
			"name": "hexadecagon",
			"from": [7.84087, 7.5, 9.2],
			"to": [8.15913, 16.5, 10.8],
			"rotation": {"angle": -45, "axis": "y", "origin": [8, 8, 10]},
			"faces": {
				"north": {"uv": [1, 2, 2, 3], "texture": "#3"},
				"east": {"uv": [1, 2, 2, 3], "texture": "#3"},
				"south": {"uv": [1, 2, 2, 3], "texture": "#3"},
				"west": {"uv": [1, 2, 2, 3], "texture": "#3"},
				"up": {"uv": [1, 2, 2, 3], "texture": "#3"},
				"down": {"uv": [1, 2, 2, 3], "texture": "#3"}
			}
		},
		{
			"name": "hexadecagon",
			"from": [7.84087, 7.5, 9.2],
			"to": [8.15913, 16.5, 10.8],
			"rotation": {"angle": -22.5, "axis": "y", "origin": [8, 8, 10]},
			"faces": {
				"north": {"uv": [1, 2, 2, 3], "texture": "#3"},
				"east": {"uv": [1, 2, 2, 3], "texture": "#3"},
				"south": {"uv": [1, 2, 2, 3], "texture": "#3"},
				"west": {"uv": [1, 2, 2, 3], "texture": "#3"},
				"up": {"uv": [1, 2, 2, 3], "texture": "#3"},
				"down": {"uv": [1, 2, 2, 3], "texture": "#3"}
			}
		},
		{
			"name": "hexadecagon",
			"from": [7.84087, 7.5, 9.2],
			"to": [8.15913, 16.5, 10.8],
			"rotation": {"angle": 0, "axis": "y", "origin": [8, 8, 10]},
			"faces": {
				"north": {"uv": [1, 2, 2, 3], "texture": "#3"},
				"east": {"uv": [1, 2, 2, 3], "texture": "#3"},
				"south": {"uv": [1, 2, 2, 3], "texture": "#3"},
				"west": {"uv": [1, 2, 2, 3], "texture": "#3"},
				"up": {"uv": [1, 2, 2, 3], "texture": "#3"},
				"down": {"uv": [1, 2, 2, 3], "texture": "#3"}
			}
		},
		{
			"name": "hexadecagon",
			"from": [7.2, 7.5, 9.84087],
			"to": [8.8, 16.5, 10.15913],
			"rotation": {"angle": 22.5, "axis": "y", "origin": [8, 8, 10]},
			"faces": {
				"north": {"uv": [1, 2, 2, 3], "texture": "#3"},
				"east": {"uv": [1, 2, 2, 3], "texture": "#3"},
				"south": {"uv": [1, 2, 2, 3], "texture": "#3"},
				"west": {"uv": [1, 2, 2, 3], "texture": "#3"},
				"up": {"uv": [1, 2, 2, 3], "texture": "#3"},
				"down": {"uv": [1, 2, 2, 3], "texture": "#3"}
			}
		},
		{
			"name": "hexadecagon",
			"from": [7.2, 7.5, 9.84087],
			"to": [8.8, 16.5, 10.15913],
			"rotation": {"angle": 0, "axis": "y", "origin": [8, 8, 10]},
			"faces": {
				"north": {"uv": [1, 2, 2, 3], "texture": "#3"},
				"east": {"uv": [1, 2, 2, 3], "texture": "#3"},
				"south": {"uv": [1, 2, 2, 3], "texture": "#3"},
				"west": {"uv": [1, 2, 2, 3], "texture": "#3"},
				"up": {"uv": [1, 2, 2, 3], "texture": "#3"},
				"down": {"uv": [1, 2, 2, 3], "texture": "#3"}
			}
		},
		{
			"name": "hexadecagon",
			"from": [7.2, 7.5, 9.84087],
			"to": [8.8, 16.5, 10.15913],
			"rotation": {"angle": -22.5, "axis": "y", "origin": [8, 8, 10]},
			"faces": {
				"north": {"uv": [1, 2, 2, 3], "texture": "#3"},
				"east": {"uv": [1, 2, 2, 3], "texture": "#3"},
				"south": {"uv": [1, 2, 2, 3], "texture": "#3"},
				"west": {"uv": [1, 2, 2, 3], "texture": "#3"},
				"up": {"uv": [1, 2, 2, 3], "texture": "#3"},
				"down": {"uv": [1, 2, 2, 3], "texture": "#3"}
			}
		},
		{
			"name": "hexadecagon",
			"from": [7.84087, 7.5, 9.2],
			"to": [8.15913, 16.5, 10.8],
			"rotation": {"angle": 45, "axis": "y", "origin": [8, 8, 10]},
			"faces": {
				"north": {"uv": [1, 2, 2, 3], "texture": "#3"},
				"east": {"uv": [1, 2, 2, 3], "texture": "#3"},
				"south": {"uv": [1, 2, 2, 3], "texture": "#3"},
				"west": {"uv": [1, 2, 2, 3], "texture": "#3"},
				"up": {"uv": [1, 2, 2, 3], "texture": "#3"},
				"down": {"uv": [1, 2, 2, 3], "texture": "#3"}
			}
		},
		{
			"name": "hexadecagon",
			"from": [7.80109, 0.5, 9],
			"to": [8.19891, 7.5, 11],
			"rotation": {"angle": -45, "axis": "y", "origin": [8, 1, 10]},
			"faces": {
				"north": {"uv": [0, 0, 1, 1], "texture": "#0"},
				"east": {"uv": [0, 0, 1, 1], "texture": "#0"},
				"south": {"uv": [0, 0, 1, 1], "texture": "#0"},
				"west": {"uv": [0, 0, 1, 1], "texture": "#0"},
				"up": {"uv": [0, 0, 1, 1], "texture": "#0"},
				"down": {"uv": [0, 0, 1, 1], "texture": "#0"}
			}
		},
		{
			"name": "hexadecagon",
			"from": [7.80109, 0.5, 9],
			"to": [8.19891, 7.5, 11],
			"rotation": {"angle": 0, "axis": "y", "origin": [8, 1, 10]},
			"faces": {
				"north": {"uv": [0, 0, 1, 1], "texture": "#0"},
				"east": {"uv": [0, 0, 1, 1], "texture": "#0"},
				"south": {"uv": [0, 0, 1, 1], "texture": "#0"},
				"west": {"uv": [0, 0, 1, 1], "texture": "#0"},
				"up": {"uv": [0, 0, 1, 1], "texture": "#0"},
				"down": {"uv": [0, 0, 1, 1], "texture": "#0"}
			}
		},
		{
			"name": "hexadecagon",
			"from": [7.80109, 0.5, 9],
			"to": [8.19891, 7.5, 11],
			"rotation": {"angle": -22.5, "axis": "y", "origin": [8, 1, 10]},
			"faces": {
				"north": {"uv": [0, 0, 1, 1], "texture": "#0"},
				"east": {"uv": [0, 0, 1, 1], "texture": "#0"},
				"south": {"uv": [0, 0, 1, 1], "texture": "#0"},
				"west": {"uv": [0, 0, 1, 1], "texture": "#0"},
				"up": {"uv": [0, 0, 1, 1], "texture": "#0"},
				"down": {"uv": [0, 0, 1, 1], "texture": "#0"}
			}
		},
		{
			"name": "hexadecagon",
			"from": [7.80109, 0.5, 9],
			"to": [8.19891, 7.5, 11],
			"rotation": {"angle": 22.5, "axis": "y", "origin": [8, 1, 10]},
			"faces": {
				"north": {"uv": [0, 0, 1, 1], "texture": "#0"},
				"east": {"uv": [0, 0, 1, 1], "texture": "#0"},
				"south": {"uv": [0, 0, 1, 1], "texture": "#0"},
				"west": {"uv": [0, 0, 1, 1], "texture": "#0"},
				"up": {"uv": [0, 0, 1, 1], "texture": "#0"},
				"down": {"uv": [0, 0, 1, 1], "texture": "#0"}
			}
		},
		{
			"name": "hexadecagon",
			"from": [7, 0.5, 9.80109],
			"to": [9, 7.5, 10.19891],
			"rotation": {"angle": -22.5, "axis": "y", "origin": [8, 1, 10]},
			"faces": {
				"north": {"uv": [0, 0, 1, 1], "texture": "#0"},
				"east": {"uv": [0, 0, 1, 1], "texture": "#0"},
				"south": {"uv": [0, 0, 1, 1], "texture": "#0"},
				"west": {"uv": [0, 0, 1, 1], "texture": "#0"},
				"up": {"uv": [0, 0, 1, 1], "texture": "#0"},
				"down": {"uv": [0, 0, 1, 1], "texture": "#0"}
			}
		},
		{
			"name": "hexadecagon",
			"from": [7.80109, 0.5, 9],
			"to": [8.19891, 7.5, 11],
			"rotation": {"angle": 45, "axis": "y", "origin": [8, 1, 10]},
			"faces": {
				"north": {"uv": [0, 0, 1, 1], "texture": "#0"},
				"east": {"uv": [0, 0, 1, 1], "texture": "#0"},
				"south": {"uv": [0, 0, 1, 1], "texture": "#0"},
				"west": {"uv": [0, 0, 1, 1], "texture": "#0"},
				"up": {"uv": [0, 0, 1, 1], "texture": "#0"},
				"down": {"uv": [0, 0, 1, 1], "texture": "#0"}
			}
		},
		{
			"name": "hexadecagon",
			"from": [7, 0.5, 9.80109],
			"to": [9, 7.5, 10.19891],
			"rotation": {"angle": 0, "axis": "y", "origin": [8, 1, 10]},
			"faces": {
				"north": {"uv": [0, 0, 1, 1], "texture": "#0"},
				"east": {"uv": [0, 0, 1, 1], "texture": "#0"},
				"south": {"uv": [0, 0, 1, 1], "texture": "#0"},
				"west": {"uv": [0, 0, 1, 1], "texture": "#0"},
				"up": {"uv": [0, 0, 1, 1], "texture": "#0"},
				"down": {"uv": [0, 0, 1, 1], "texture": "#0"}
			}
		},
		{
			"name": "hexadecagon",
			"from": [7.84087, 7.5, 9.2],
			"to": [8.15913, 16.5, 10.8],
			"rotation": {"angle": 22.5, "axis": "y", "origin": [8, 8, 10]},
			"faces": {
				"north": {"uv": [1, 2, 2, 3], "texture": "#3"},
				"east": {"uv": [1, 2, 2, 3], "texture": "#3"},
				"south": {"uv": [1, 2, 2, 3], "texture": "#3"},
				"west": {"uv": [1, 2, 2, 3], "texture": "#3"},
				"up": {"uv": [1, 2, 2, 3], "texture": "#3"},
				"down": {"uv": [1, 2, 2, 3], "texture": "#3"}
			}
		},
		{
			"name": "hexadecagon",
			"from": [7, 0.5, 9.80109],
			"to": [9, 7.5, 10.19891],
			"rotation": {"angle": 22.5, "axis": "y", "origin": [8, 1, 10]},
			"faces": {
				"north": {"uv": [0, 0, 1, 1], "texture": "#0"},
				"east": {"uv": [0, 0, 1, 1], "texture": "#0"},
				"south": {"uv": [0, 0, 1, 1], "texture": "#0"},
				"west": {"uv": [0, 0, 1, 1], "texture": "#0"},
				"up": {"uv": [0, 0, 1, 1], "texture": "#0"},
				"down": {"uv": [0, 0, 1, 1], "texture": "#0"}
			}
		},
		{
			"name": "hexadecagon",
			"from": [6.8, 5.5, 9.80109],
			"to": [9.1, 7.2, 10.19891],
			"rotation": {"angle": 22.5, "axis": "y", "origin": [8, 1, 10]},
			"faces": {
				"north": {"uv": [0, 0, 1, 1], "texture": "#0"},
				"east": {"uv": [0, 0, 1, 1], "texture": "#0"},
				"south": {"uv": [0, 0, 1, 1], "texture": "#0"},
				"west": {"uv": [0, 0, 1, 1], "texture": "#0"},
				"up": {"uv": [0, 0, 1, 1], "texture": "#0"},
				"down": {"uv": [0, 0, 1, 1], "texture": "#0"}
			}
		},
		{
			"name": "hexadecagon",
			"from": [6.8, 6.5, 9.80109],
			"to": [9.1, 7.2, 10.19891],
			"rotation": {"angle": 45, "axis": "y", "origin": [8, 1, 10]},
			"faces": {
				"north": {"uv": [0, 0, 1, 1], "texture": "#0"},
				"east": {"uv": [0, 0, 1, 1], "texture": "#0"},
				"south": {"uv": [0, 0, 1, 1], "texture": "#0"},
				"west": {"uv": [0, 0, 1, 1], "texture": "#0"},
				"up": {"uv": [0, 0, 1, 1], "texture": "#0"},
				"down": {"uv": [0, 0, 1, 1], "texture": "#0"}
			}
		},
		{
			"name": "hexadecagon",
			"from": [7.80109, 6.25, 8.9],
			"to": [8.19891, 7.2, 11.2],
			"rotation": {"angle": -22.5, "axis": "y", "origin": [8, 1, 10]},
			"faces": {
				"north": {"uv": [0, 0, 1, 1], "texture": "#0"},
				"east": {"uv": [0, 0, 1, 1], "texture": "#0"},
				"south": {"uv": [0, 0, 1, 1], "texture": "#0"},
				"west": {"uv": [0, 0, 1, 1], "texture": "#0"},
				"up": {"uv": [0, 0, 1, 1], "rotation": 270, "texture": "#0"},
				"down": {"uv": [0, 0, 1, 1], "rotation": 90, "texture": "#0"}
			}
		},
		{
			"name": "hexadecagon",
			"from": [7.80109, 6.5, 8.9],
			"to": [8.19891, 7.2, 11.2],
			"rotation": {"angle": 0, "axis": "y", "origin": [8, 1, 10]},
			"faces": {
				"north": {"uv": [0, 0, 1, 1], "texture": "#0"},
				"east": {"uv": [0, 0, 1, 1], "texture": "#0"},
				"south": {"uv": [0, 0, 1, 1], "texture": "#0"},
				"west": {"uv": [0, 0, 1, 1], "texture": "#0"},
				"up": {"uv": [0, 0, 1, 1], "rotation": 270, "texture": "#0"},
				"down": {"uv": [0, 0, 1, 1], "rotation": 90, "texture": "#0"}
			}
		},
		{
			"name": "hexadecagon",
			"from": [7.80109, 5.5, 8.9],
			"to": [8.19891, 7.2, 11.2],
			"rotation": {"angle": 22.5, "axis": "y", "origin": [8, 1, 10]},
			"faces": {
				"north": {"uv": [0, 0, 1, 1], "texture": "#0"},
				"east": {"uv": [0, 0, 1, 1], "texture": "#0"},
				"south": {"uv": [0, 0, 1, 1], "texture": "#0"},
				"west": {"uv": [0, 0, 1, 1], "texture": "#0"},
				"up": {"uv": [0, 0, 1, 1], "rotation": 270, "texture": "#0"},
				"down": {"uv": [0, 0, 1, 1], "rotation": 90, "texture": "#0"}
			}
		},
		{
			"name": "hexadecagon",
			"from": [7.80109, 6.5, 8.9],
			"to": [8.19891, 7.2, 11.2],
			"rotation": {"angle": 45, "axis": "y", "origin": [8, 1, 10]},
			"faces": {
				"north": {"uv": [0, 0, 1, 1], "texture": "#0"},
				"east": {"uv": [0, 0, 1, 1], "texture": "#0"},
				"south": {"uv": [0, 0, 1, 1], "texture": "#0"},
				"west": {"uv": [0, 0, 1, 1], "texture": "#0"},
				"up": {"uv": [0, 0, 1, 1], "rotation": 270, "texture": "#0"},
				"down": {"uv": [0, 0, 1, 1], "rotation": 90, "texture": "#0"}
			}
		},
		{
			"name": "hexadecagon",
			"from": [6.9, 6.25, 9.80109],
			"to": [9.2, 7.2, 10.19891],
			"rotation": {"angle": -22.5, "axis": "y", "origin": [8, 1, 10]},
			"faces": {
				"north": {"uv": [0, 0, 1, 1], "texture": "#0"},
				"east": {"uv": [0, 0, 1, 1], "texture": "#0"},
				"south": {"uv": [0, 0, 1, 1], "texture": "#0"},
				"west": {"uv": [0, 0, 1, 1], "texture": "#0"},
				"up": {"uv": [0, 0, 1, 1], "rotation": 180, "texture": "#0"},
				"down": {"uv": [0, 0, 1, 1], "rotation": 180, "texture": "#0"}
			}
		},
		{
			"name": "hexadecagon",
			"from": [6.9, 6.5, 9.80109],
			"to": [9.2, 7.2, 10.19891],
			"rotation": {"angle": 0, "axis": "y", "origin": [8, 1, 10]},
			"faces": {
				"north": {"uv": [0, 0, 1, 1], "texture": "#0"},
				"east": {"uv": [0, 0, 1, 1], "texture": "#0"},
				"south": {"uv": [0, 0, 1, 1], "texture": "#0"},
				"west": {"uv": [0, 0, 1, 1], "texture": "#0"},
				"up": {"uv": [0, 0, 1, 1], "rotation": 180, "texture": "#0"},
				"down": {"uv": [0, 0, 1, 1], "rotation": 180, "texture": "#0"}
			}
		},
		{
			"name": "hexadecagon",
			"from": [6.8, 0.5, 9.80109],
			"to": [9.2, 4.5, 10.19891],
			"rotation": {"angle": 22.5, "axis": "y", "origin": [8, 1, 10]},
			"faces": {
				"north": {"uv": [0, 0, 1, 1], "texture": "#2"},
				"east": {"uv": [0, 0, 1, 1], "texture": "#2"},
				"south": {"uv": [0, 0, 1, 1], "texture": "#2"},
				"west": {"uv": [0, 0, 1, 1], "texture": "#2"},
				"up": {"uv": [0, 0, 1, 1], "texture": "#2"},
				"down": {"uv": [0, 0, 1, 1], "texture": "#2"}
			}
		},
		{
			"name": "hexadecagon",
			"from": [6.8, 0.5, 9.80109],
			"to": [9.2, 3.5, 10.19891],
			"rotation": {"angle": 45, "axis": "y", "origin": [8, 1, 10]},
			"faces": {
				"north": {"uv": [0, 0, 1, 1], "texture": "#2"},
				"east": {"uv": [0, 0, 1, 1], "texture": "#2"},
				"south": {"uv": [0, 0, 1, 1], "texture": "#2"},
				"west": {"uv": [0, 0, 1, 1], "texture": "#2"},
				"up": {"uv": [0, 0, 1, 1], "texture": "#2"},
				"down": {"uv": [0, 0, 1, 1], "texture": "#2"}
			}
		},
		{
			"name": "hexadecagon",
			"from": [6.8, 0.5, 9.80109],
			"to": [9.2, 3.5, 10.19891],
			"rotation": {"angle": 0, "axis": "y", "origin": [8, 1, 10]},
			"faces": {
				"north": {"uv": [0, 0, 1, 1], "texture": "#2"},
				"east": {"uv": [0, 0, 1, 1], "texture": "#2"},
				"south": {"uv": [0, 0, 1, 1], "texture": "#2"},
				"west": {"uv": [0, 0, 1, 1], "texture": "#2"},
				"up": {"uv": [0, 0, 1, 1], "texture": "#2"},
				"down": {"uv": [0, 0, 1, 1], "texture": "#2"}
			}
		},
		{
			"name": "hexadecagon",
			"from": [6.8, 0.5, 9.80109],
			"to": [9.2, 2.5, 10.19891],
			"rotation": {"angle": -22.5, "axis": "y", "origin": [8, 1, 10]},
			"faces": {
				"north": {"uv": [0, 0, 1, 1], "texture": "#2"},
				"east": {"uv": [0, 0, 1, 1], "texture": "#2"},
				"south": {"uv": [0, 0, 1, 1], "texture": "#2"},
				"west": {"uv": [0, 0, 1, 1], "texture": "#2"},
				"up": {"uv": [0, 0, 1, 1], "texture": "#2"},
				"down": {"uv": [0, 0, 1, 1], "texture": "#2"}
			}
		},
		{
			"name": "hexadecagon",
			"from": [7.80109, 0.5, 8.8],
			"to": [8.19891, 2.5, 11.2],
			"rotation": {"angle": -22.5, "axis": "y", "origin": [8, 1, 10]},
			"faces": {
				"north": {"uv": [0, 0, 1, 1], "texture": "#2"},
				"east": {"uv": [0, 0, 1, 1], "texture": "#2"},
				"south": {"uv": [0, 0, 1, 1], "texture": "#2"},
				"west": {"uv": [0, 0, 1, 1], "texture": "#2"},
				"up": {"uv": [0, 0, 1, 1], "rotation": 270, "texture": "#2"},
				"down": {"uv": [0, 0, 1, 1], "rotation": 90, "texture": "#2"}
			}
		},
		{
			"name": "hexadecagon",
			"from": [7.86076, 16.5, 9.3],
			"to": [8.13924, 24.5, 10.7],
			"rotation": {"angle": -45, "axis": "y", "origin": [8, 22, 10]},
			"faces": {
				"north": {"uv": [0.75, 1.5, 1.75, 2.5], "texture": "#3"},
				"east": {"uv": [0.75, 1.5, 1.75, 2.5], "texture": "#3"},
				"south": {"uv": [0.75, 1.5, 1.75, 2.5], "texture": "#3"},
				"west": {"uv": [0.75, 1.5, 1.75, 2.5], "texture": "#3"},
				"up": {"uv": [0.75, 1.5, 1.75, 2.5], "texture": "#3"},
				"down": {"uv": [0.75, 1.5, 1.75, 2.5], "texture": "#3"}
			}
		},
		{
			"name": "hexadecagon",
			"from": [7.86076, 16.5, 9.3],
			"to": [8.13924, 24.5, 10.7],
			"rotation": {"angle": -22.5, "axis": "y", "origin": [8, 22, 10]},
			"faces": {
				"north": {"uv": [0.75, 1.5, 1.75, 2.5], "texture": "#3"},
				"east": {"uv": [0.75, 1.5, 1.75, 2.5], "texture": "#3"},
				"south": {"uv": [0.75, 1.5, 1.75, 2.5], "texture": "#3"},
				"west": {"uv": [0.75, 1.5, 1.75, 2.5], "texture": "#3"},
				"up": {"uv": [0.75, 1.5, 1.75, 2.5], "texture": "#3"},
				"down": {"uv": [0.75, 1.5, 1.75, 2.5], "texture": "#3"}
			}
		},
		{
			"name": "hexadecagon",
			"from": [7.86076, 16.5, 9.3],
			"to": [8.13924, 24.5, 10.7],
			"rotation": {"angle": 0, "axis": "y", "origin": [8, 22, 10]},
			"faces": {
				"north": {"uv": [0.75, 1.5, 1.75, 2.5], "texture": "#3"},
				"east": {"uv": [0.75, 1.5, 1.75, 2.5], "texture": "#3"},
				"south": {"uv": [0.75, 1.5, 1.75, 2.5], "texture": "#3"},
				"west": {"uv": [0.75, 1.5, 1.75, 2.5], "texture": "#3"},
				"up": {"uv": [0.75, 1.5, 1.75, 2.5], "texture": "#3"},
				"down": {"uv": [0.75, 1.5, 1.75, 2.5], "texture": "#3"}
			}
		},
		{
			"name": "hexadecagon",
			"from": [7.86076, 16.5, 9.3],
			"to": [8.13924, 24.5, 10.7],
			"rotation": {"angle": 22.5, "axis": "y", "origin": [8, 22, 10]},
			"faces": {
				"north": {"uv": [0.75, 1.5, 1.75, 2.5], "texture": "#3"},
				"east": {"uv": [0.75, 1.5, 1.75, 2.5], "texture": "#3"},
				"south": {"uv": [0.75, 1.5, 1.75, 2.5], "texture": "#3"},
				"west": {"uv": [0.75, 1.5, 1.75, 2.5], "texture": "#3"},
				"up": {"uv": [0.75, 1.5, 1.75, 2.5], "texture": "#3"},
				"down": {"uv": [0.75, 1.5, 1.75, 2.5], "texture": "#3"}
			}
		},
		{
			"name": "hexadecagon",
			"from": [7.86076, 16.5, 9.3],
			"to": [8.13924, 24.5, 10.7],
			"rotation": {"angle": 45, "axis": "y", "origin": [8, 22, 10]},
			"faces": {
				"north": {"uv": [0.75, 1.5, 1.75, 2.5], "texture": "#3"},
				"east": {"uv": [0.75, 1.5, 1.75, 2.5], "texture": "#3"},
				"south": {"uv": [0.75, 1.5, 1.75, 2.5], "texture": "#3"},
				"west": {"uv": [0.75, 1.5, 1.75, 2.5], "texture": "#3"},
				"up": {"uv": [0.75, 1.5, 1.75, 2.5], "texture": "#3"},
				"down": {"uv": [0.75, 1.5, 1.75, 2.5], "texture": "#3"}
			}
		},
		{
			"name": "hexadecagon",
			"from": [7.3, 16.5, 9.86076],
			"to": [8.7, 24.5, 10.13924],
			"rotation": {"angle": -22.5, "axis": "y", "origin": [8, 22, 10]},
			"faces": {
				"north": {"uv": [0.75, 1.5, 1.75, 2.5], "texture": "#3"},
				"east": {"uv": [0.75, 1.5, 1.75, 2.5], "texture": "#3"},
				"south": {"uv": [0.75, 1.5, 1.75, 2.5], "texture": "#3"},
				"west": {"uv": [0.75, 1.5, 1.75, 2.5], "texture": "#3"},
				"up": {"uv": [0.75, 1.5, 1.75, 2.5], "texture": "#3"},
				"down": {"uv": [0.75, 1.5, 1.75, 2.5], "texture": "#3"}
			}
		},
		{
			"name": "hexadecagon",
			"from": [7.3, 16.5, 9.86076],
			"to": [8.7, 24.5, 10.13924],
			"rotation": {"angle": 0, "axis": "y", "origin": [8, 22, 10]},
			"faces": {
				"north": {"uv": [0.75, 1.5, 1.75, 2.5], "texture": "#3"},
				"east": {"uv": [0.75, 1.5, 1.75, 2.5], "texture": "#3"},
				"south": {"uv": [0.75, 1.5, 1.75, 2.5], "texture": "#3"},
				"west": {"uv": [0.75, 1.5, 1.75, 2.5], "texture": "#3"},
				"up": {"uv": [0.75, 1.5, 1.75, 2.5], "texture": "#3"},
				"down": {"uv": [0.75, 1.5, 1.75, 2.5], "texture": "#3"}
			}
		},
		{
			"name": "hexadecagon",
			"from": [7.3, 16.5, 9.86076],
			"to": [8.7, 24.5, 10.13924],
			"rotation": {"angle": 22.5, "axis": "y", "origin": [8, 22, 10]},
			"faces": {
				"north": {"uv": [0.75, 1.5, 1.75, 2.5], "texture": "#3"},
				"east": {"uv": [0.75, 1.5, 1.75, 2.5], "texture": "#3"},
				"south": {"uv": [0.75, 1.5, 1.75, 2.5], "texture": "#3"},
				"west": {"uv": [0.75, 1.5, 1.75, 2.5], "texture": "#3"},
				"up": {"uv": [0.75, 1.5, 1.75, 2.5], "texture": "#3"},
				"down": {"uv": [0.75, 1.5, 1.75, 2.5], "texture": "#3"}
			}
		},
		{
			"name": "hexadecagon",
			"from": [7.88065, 24.5, 9.4],
			"to": [8.11935, 28.5, 10.6],
			"rotation": {"angle": -45, "axis": "y", "origin": [8, 26, 10]},
			"faces": {
				"north": {"uv": [3, 2.25, 4, 3.25], "texture": "#3"},
				"east": {"uv": [3, 2.25, 4, 3.25], "texture": "#3"},
				"south": {"uv": [3, 2.25, 4, 3.25], "texture": "#3"},
				"west": {"uv": [3, 2.25, 4, 3.25], "texture": "#3"},
				"up": {"uv": [3, 2.25, 4, 3.25], "texture": "#3"},
				"down": {"uv": [3, 2.25, 4, 3.25], "texture": "#3"}
			}
		},
		{
			"name": "hexadecagon",
			"from": [7.88065, 24.5, 9.4],
			"to": [8.11935, 28.5, 10.6],
			"rotation": {"angle": -22.5, "axis": "y", "origin": [8, 26, 10]},
			"faces": {
				"north": {"uv": [3, 2.25, 4, 3.25], "texture": "#3"},
				"east": {"uv": [3, 2.25, 4, 3.25], "texture": "#3"},
				"south": {"uv": [3, 2.25, 4, 3.25], "texture": "#3"},
				"west": {"uv": [3, 2.25, 4, 3.25], "texture": "#3"},
				"up": {"uv": [3, 2.25, 4, 3.25], "texture": "#3"},
				"down": {"uv": [3, 2.25, 4, 3.25], "texture": "#3"}
			}
		},
		{
			"name": "hexadecagon",
			"from": [7.88065, 24.5, 9.4],
			"to": [8.11935, 28.5, 10.6],
			"rotation": {"angle": 0, "axis": "y", "origin": [8, 26, 10]},
			"faces": {
				"north": {"uv": [3, 2.25, 4, 3.25], "texture": "#3"},
				"east": {"uv": [3, 2.25, 4, 3.25], "texture": "#3"},
				"south": {"uv": [3, 2.25, 4, 3.25], "texture": "#3"},
				"west": {"uv": [3, 2.25, 4, 3.25], "texture": "#3"},
				"up": {"uv": [3, 2.25, 4, 3.25], "texture": "#3"},
				"down": {"uv": [3, 2.25, 4, 3.25], "texture": "#3"}
			}
		},
		{
			"name": "hexadecagon",
			"from": [7.88065, 24.5, 9.4],
			"to": [8.11935, 28.5, 10.6],
			"rotation": {"angle": 22.5, "axis": "y", "origin": [8, 26, 10]},
			"faces": {
				"north": {"uv": [3, 2.25, 4, 3.25], "texture": "#3"},
				"east": {"uv": [3, 2.25, 4, 3.25], "texture": "#3"},
				"south": {"uv": [3, 2.25, 4, 3.25], "texture": "#3"},
				"west": {"uv": [3, 2.25, 4, 3.25], "texture": "#3"},
				"up": {"uv": [3, 2.25, 4, 3.25], "texture": "#3"},
				"down": {"uv": [3, 2.25, 4, 3.25], "texture": "#3"}
			}
		},
		{
			"name": "hexadecagon",
			"from": [7.88065, 24.5, 9.4],
			"to": [8.11935, 28.5, 10.6],
			"rotation": {"angle": 45, "axis": "y", "origin": [8, 26, 10]},
			"faces": {
				"north": {"uv": [3, 2.25, 4, 3.25], "texture": "#3"},
				"east": {"uv": [3, 2.25, 4, 3.25], "texture": "#3"},
				"south": {"uv": [3, 2.25, 4, 3.25], "texture": "#3"},
				"west": {"uv": [3, 2.25, 4, 3.25], "texture": "#3"},
				"up": {"uv": [3, 2.25, 4, 3.25], "texture": "#3"},
				"down": {"uv": [3, 2.25, 4, 3.25], "texture": "#3"}
			}
		},
		{
			"name": "hexadecagon",
			"from": [7.4, 24.5, 9.88065],
			"to": [8.6, 28.5, 10.11935],
			"rotation": {"angle": -22.5, "axis": "y", "origin": [8, 26, 10]},
			"faces": {
				"north": {"uv": [3, 2.25, 4, 3.25], "texture": "#3"},
				"east": {"uv": [3, 2.25, 4, 3.25], "texture": "#3"},
				"south": {"uv": [3, 2.25, 4, 3.25], "texture": "#3"},
				"west": {"uv": [3, 2.25, 4, 3.25], "texture": "#3"},
				"up": {"uv": [3, 2.25, 4, 3.25], "texture": "#3"},
				"down": {"uv": [3, 2.25, 4, 3.25], "texture": "#3"}
			}
		},
		{
			"name": "hexadecagon",
			"from": [7.4, 24.5, 9.88065],
			"to": [8.6, 28.5, 10.11935],
			"rotation": {"angle": 0, "axis": "y", "origin": [8, 26, 10]},
			"faces": {
				"north": {"uv": [3, 2.25, 4, 3.25], "texture": "#3"},
				"east": {"uv": [3, 2.25, 4, 3.25], "texture": "#3"},
				"south": {"uv": [3, 2.25, 4, 3.25], "texture": "#3"},
				"west": {"uv": [3, 2.25, 4, 3.25], "texture": "#3"},
				"up": {"uv": [3, 2.25, 4, 3.25], "texture": "#3"},
				"down": {"uv": [3, 2.25, 4, 3.25], "texture": "#3"}
			}
		},
		{
			"name": "hexadecagon",
			"from": [7.4, 24.5, 9.88065],
			"to": [8.6, 28.5, 10.11935],
			"rotation": {"angle": 22.5, "axis": "y", "origin": [8, 26, 10]},
			"faces": {
				"north": {"uv": [3, 2.25, 4, 3.25], "texture": "#3"},
				"east": {"uv": [3, 2.25, 4, 3.25], "texture": "#3"},
				"south": {"uv": [3, 2.25, 4, 3.25], "texture": "#3"},
				"west": {"uv": [3, 2.25, 4, 3.25], "texture": "#3"},
				"up": {"uv": [3, 2.25, 4, 3.25], "texture": "#3"},
				"down": {"uv": [3, 2.25, 4, 3.25], "texture": "#3"}
			}
		},
		{
			"name": "hexadecagon",
			"from": [7.7812, 5.1, 8.9],
			"to": [8.2188, 5.5, 11.1],
			"rotation": {"angle": -45, "axis": "y", "origin": [8, 5, 10]},
			"faces": {
				"north": {"uv": [0, 0, 1, 1], "texture": "#1"},
				"east": {"uv": [0, 0, 1, 1], "texture": "#1"},
				"south": {"uv": [0, 0, 1, 1], "texture": "#1"},
				"west": {"uv": [0, 0, 1, 1], "texture": "#1"},
				"up": {"uv": [0, 0, 1, 1], "texture": "#1"},
				"down": {"uv": [0, 0, 1, 1], "texture": "#1"}
			}
		},
		{
			"name": "hexadecagon",
			"from": [7.7812, 5.1, 8.9],
			"to": [8.2188, 5.5, 11.1],
			"rotation": {"angle": -22.5, "axis": "y", "origin": [8, 5, 10]},
			"faces": {
				"north": {"uv": [0, 0, 1, 1], "texture": "#1"},
				"east": {"uv": [0, 0, 1, 1], "texture": "#1"},
				"south": {"uv": [0, 0, 1, 1], "texture": "#1"},
				"west": {"uv": [0, 0, 1, 1], "texture": "#1"},
				"up": {"uv": [0, 0, 1, 1], "texture": "#1"},
				"down": {"uv": [0, 0, 1, 1], "texture": "#1"}
			}
		},
		{
			"name": "hexadecagon",
			"from": [7.7812, 5.1, 8.9],
			"to": [8.2188, 5.5, 11.1],
			"rotation": {"angle": 0, "axis": "y", "origin": [8, 5, 10]},
			"faces": {
				"north": {"uv": [0, 0, 1, 1], "texture": "#1"},
				"east": {"uv": [0, 0, 1, 1], "texture": "#1"},
				"south": {"uv": [0, 0, 1, 1], "texture": "#1"},
				"west": {"uv": [0, 0, 1, 1], "texture": "#1"},
				"up": {"uv": [0, 0, 1, 1], "texture": "#1"},
				"down": {"uv": [0, 0, 1, 1], "texture": "#1"}
			}
		},
		{
			"name": "hexadecagon",
			"from": [7.7812, 5.1, 8.9],
			"to": [8.2188, 5.5, 11.1],
			"rotation": {"angle": 22.5, "axis": "y", "origin": [8, 5, 10]},
			"faces": {
				"north": {"uv": [0, 0, 1, 1], "texture": "#1"},
				"east": {"uv": [0, 0, 1, 1], "texture": "#1"},
				"south": {"uv": [0, 0, 1, 1], "texture": "#1"},
				"west": {"uv": [0, 0, 1, 1], "texture": "#1"},
				"up": {"uv": [0, 0, 1, 1], "texture": "#1"},
				"down": {"uv": [0, 0, 1, 1], "texture": "#1"}
			}
		},
		{
			"name": "hexadecagon",
			"from": [7.7812, 5.1, 8.9],
			"to": [8.2188, 5.5, 11.1],
			"rotation": {"angle": 45, "axis": "y", "origin": [8, 5, 10]},
			"faces": {
				"north": {"uv": [0, 0, 1, 1], "texture": "#1"},
				"east": {"uv": [0, 0, 1, 1], "texture": "#1"},
				"south": {"uv": [0, 0, 1, 1], "texture": "#1"},
				"west": {"uv": [0, 0, 1, 1], "texture": "#1"},
				"up": {"uv": [0, 0, 1, 1], "texture": "#1"},
				"down": {"uv": [0, 0, 1, 1], "texture": "#1"}
			}
		},
		{
			"name": "hexadecagon",
			"from": [6.9, 5.1, 9.7812],
			"to": [9.1, 5.5, 10.2188],
			"rotation": {"angle": -22.5, "axis": "y", "origin": [8, 5, 10]},
			"faces": {
				"north": {"uv": [0, 0, 1, 1], "texture": "#1"},
				"east": {"uv": [0, 0, 1, 1], "texture": "#1"},
				"south": {"uv": [0, 0, 1, 1], "texture": "#1"},
				"west": {"uv": [0, 0, 1, 1], "texture": "#1"},
				"up": {"uv": [0, 0, 1, 1], "texture": "#1"},
				"down": {"uv": [0, 0, 1, 1], "texture": "#1"}
			}
		},
		{
			"name": "hexadecagon",
			"from": [6.9, 5.1, 9.7812],
			"to": [9.1, 5.5, 10.2188],
			"rotation": {"angle": 0, "axis": "y", "origin": [8, 5, 10]},
			"faces": {
				"north": {"uv": [0, 0, 1, 1], "texture": "#1"},
				"east": {"uv": [0, 0, 1, 1], "texture": "#1"},
				"south": {"uv": [0, 0, 1, 1], "texture": "#1"},
				"west": {"uv": [0, 0, 1, 1], "texture": "#1"},
				"up": {"uv": [0, 0, 1, 1], "texture": "#1"},
				"down": {"uv": [0, 0, 1, 1], "texture": "#1"}
			}
		},
		{
			"name": "hexadecagon",
			"from": [6.9, 5.1, 9.7812],
			"to": [9.1, 5.5, 10.2188],
			"rotation": {"angle": 22.5, "axis": "y", "origin": [8, 5, 10]},
			"faces": {
				"north": {"uv": [0, 0, 1, 1], "texture": "#1"},
				"east": {"uv": [0, 0, 1, 1], "texture": "#1"},
				"south": {"uv": [0, 0, 1, 1], "texture": "#1"},
				"west": {"uv": [0, 0, 1, 1], "texture": "#1"},
				"up": {"uv": [0, 0, 1, 1], "texture": "#1"},
				"down": {"uv": [0, 0, 1, 1], "texture": "#1"}
			}
		},
		{
			"name": "hexadecagon",
			"from": [7.7812, 4.6, 8.9],
			"to": [8.2188, 5, 11.1],
			"rotation": {"angle": -45, "axis": "y", "origin": [8, 4.5, 10]},
			"faces": {
				"north": {"uv": [0, 0, 1, 1], "texture": "#1"},
				"east": {"uv": [0, 0, 1, 1], "texture": "#1"},
				"south": {"uv": [0, 0, 1, 1], "texture": "#1"},
				"west": {"uv": [0, 0, 1, 1], "texture": "#1"},
				"up": {"uv": [0, 0, 1, 1], "texture": "#1"},
				"down": {"uv": [0, 0, 1, 1], "texture": "#1"}
			}
		},
		{
			"name": "hexadecagon",
			"from": [7.7812, 4.6, 8.9],
			"to": [8.2188, 5, 11.1],
			"rotation": {"angle": -22.5, "axis": "y", "origin": [8, 4.5, 10]},
			"faces": {
				"north": {"uv": [0, 0, 1, 1], "texture": "#1"},
				"east": {"uv": [0, 0, 1, 1], "texture": "#1"},
				"south": {"uv": [0, 0, 1, 1], "texture": "#1"},
				"west": {"uv": [0, 0, 1, 1], "texture": "#1"},
				"up": {"uv": [0, 0, 1, 1], "texture": "#1"},
				"down": {"uv": [0, 0, 1, 1], "texture": "#1"}
			}
		},
		{
			"name": "hexadecagon",
			"from": [7.7812, 4.6, 8.9],
			"to": [8.2188, 5, 11.1],
			"rotation": {"angle": 0, "axis": "y", "origin": [8, 4.5, 10]},
			"faces": {
				"north": {"uv": [0, 0, 1, 1], "texture": "#1"},
				"east": {"uv": [0, 0, 1, 1], "texture": "#1"},
				"south": {"uv": [0, 0, 1, 1], "texture": "#1"},
				"west": {"uv": [0, 0, 1, 1], "texture": "#1"},
				"up": {"uv": [0, 0, 1, 1], "texture": "#1"},
				"down": {"uv": [0, 0, 1, 1], "texture": "#1"}
			}
		},
		{
			"name": "hexadecagon",
			"from": [7.7812, 4.6, 8.9],
			"to": [8.2188, 5, 11.1],
			"rotation": {"angle": 22.5, "axis": "y", "origin": [8, 4.5, 10]},
			"faces": {
				"north": {"uv": [0, 0, 1, 1], "texture": "#1"},
				"east": {"uv": [0, 0, 1, 1], "texture": "#1"},
				"south": {"uv": [0, 0, 1, 1], "texture": "#1"},
				"west": {"uv": [0, 0, 1, 1], "texture": "#1"},
				"up": {"uv": [0, 0, 1, 1], "texture": "#1"},
				"down": {"uv": [0, 0, 1, 1], "texture": "#1"}
			}
		},
		{
			"name": "hexadecagon",
			"from": [7.7812, 4.6, 8.9],
			"to": [8.2188, 5, 11.1],
			"rotation": {"angle": 45, "axis": "y", "origin": [8, 4.5, 10]},
			"faces": {
				"north": {"uv": [0, 0, 1, 1], "texture": "#1"},
				"east": {"uv": [0, 0, 1, 1], "texture": "#1"},
				"south": {"uv": [0, 0, 1, 1], "texture": "#1"},
				"west": {"uv": [0, 0, 1, 1], "texture": "#1"},
				"up": {"uv": [0, 0, 1, 1], "texture": "#1"},
				"down": {"uv": [0, 0, 1, 1], "texture": "#1"}
			}
		},
		{
			"name": "hexadecagon",
			"from": [6.9, 4.6, 9.7812],
			"to": [9.1, 5, 10.2188],
			"rotation": {"angle": -22.5, "axis": "y", "origin": [8, 4.5, 10]},
			"faces": {
				"north": {"uv": [0, 0, 1, 1], "texture": "#1"},
				"east": {"uv": [0, 0, 1, 1], "texture": "#1"},
				"south": {"uv": [0, 0, 1, 1], "texture": "#1"},
				"west": {"uv": [0, 0, 1, 1], "texture": "#1"},
				"up": {"uv": [0, 0, 1, 1], "texture": "#1"},
				"down": {"uv": [0, 0, 1, 1], "texture": "#1"}
			}
		},
		{
			"name": "hexadecagon",
			"from": [6.9, 4.6, 9.7812],
			"to": [9.1, 5, 10.2188],
			"rotation": {"angle": 0, "axis": "y", "origin": [8, 4.5, 10]},
			"faces": {
				"north": {"uv": [0, 0, 1, 1], "texture": "#1"},
				"east": {"uv": [0, 0, 1, 1], "texture": "#1"},
				"south": {"uv": [0, 0, 1, 1], "texture": "#1"},
				"west": {"uv": [0, 0, 1, 1], "texture": "#1"},
				"up": {"uv": [0, 0, 1, 1], "texture": "#1"},
				"down": {"uv": [0, 0, 1, 1], "texture": "#1"}
			}
		},
		{
			"name": "hexadecagon",
			"from": [6.9, 4.6, 9.7812],
			"to": [9.1, 5, 10.2188],
			"rotation": {"angle": 22.5, "axis": "y", "origin": [8, 4.5, 10]},
			"faces": {
				"north": {"uv": [0, 0, 1, 1], "texture": "#1"},
				"east": {"uv": [0, 0, 1, 1], "texture": "#1"},
				"south": {"uv": [0, 0, 1, 1], "texture": "#1"},
				"west": {"uv": [0, 0, 1, 1], "texture": "#1"},
				"up": {"uv": [0, 0, 1, 1], "texture": "#1"},
				"down": {"uv": [0, 0, 1, 1], "texture": "#1"}
			}
		},
		{
			"name": "hexadecagon",
			"from": [7.7812, 4, 8.9],
			"to": [8.2188, 4.4, 11.1],
			"rotation": {"angle": -45, "axis": "y", "origin": [8, 3.9, 10]},
			"faces": {
				"north": {"uv": [0, 0, 1, 1], "texture": "#1"},
				"east": {"uv": [0, 0, 1, 1], "texture": "#1"},
				"south": {"uv": [0, 0, 1, 1], "texture": "#1"},
				"west": {"uv": [0, 0, 1, 1], "texture": "#1"},
				"up": {"uv": [0, 0, 1, 1], "texture": "#1"},
				"down": {"uv": [0, 0, 1, 1], "texture": "#1"}
			}
		},
		{
			"name": "hexadecagon",
			"from": [7.7812, 4, 8.9],
			"to": [8.2188, 4.4, 11.1],
			"rotation": {"angle": -22.5, "axis": "y", "origin": [8, 3.9, 10]},
			"faces": {
				"north": {"uv": [0, 0, 1, 1], "texture": "#1"},
				"east": {"uv": [0, 0, 1, 1], "texture": "#1"},
				"south": {"uv": [0, 0, 1, 1], "texture": "#1"},
				"west": {"uv": [0, 0, 1, 1], "texture": "#1"},
				"up": {"uv": [0, 0, 1, 1], "texture": "#1"},
				"down": {"uv": [0, 0, 1, 1], "texture": "#1"}
			}
		},
		{
			"name": "hexadecagon",
			"from": [7.7812, 4, 8.9],
			"to": [8.2188, 4.4, 11.1],
			"rotation": {"angle": 0, "axis": "y", "origin": [8, 3.9, 10]},
			"faces": {
				"north": {"uv": [0, 0, 1, 1], "texture": "#1"},
				"east": {"uv": [0, 0, 1, 1], "texture": "#1"},
				"south": {"uv": [0, 0, 1, 1], "texture": "#1"},
				"west": {"uv": [0, 0, 1, 1], "texture": "#1"},
				"up": {"uv": [0, 0, 1, 1], "texture": "#1"},
				"down": {"uv": [0, 0, 1, 1], "texture": "#1"}
			}
		},
		{
			"name": "hexadecagon",
			"from": [7.7812, 4, 8.9],
			"to": [8.2188, 4.4, 11.1],
			"rotation": {"angle": 22.5, "axis": "y", "origin": [8, 3.9, 10]},
			"faces": {
				"north": {"uv": [0, 0, 1, 1], "texture": "#1"},
				"east": {"uv": [0, 0, 1, 1], "texture": "#1"},
				"south": {"uv": [0, 0, 1, 1], "texture": "#1"},
				"west": {"uv": [0, 0, 1, 1], "texture": "#1"},
				"up": {"uv": [0, 0, 1, 1], "texture": "#1"},
				"down": {"uv": [0, 0, 1, 1], "texture": "#1"}
			}
		},
		{
			"name": "hexadecagon",
			"from": [7.7812, 4, 8.9],
			"to": [8.2188, 4.4, 11.1],
			"rotation": {"angle": 45, "axis": "y", "origin": [8, 3.9, 10]},
			"faces": {
				"north": {"uv": [0, 0, 1, 1], "texture": "#1"},
				"east": {"uv": [0, 0, 1, 1], "texture": "#1"},
				"south": {"uv": [0, 0, 1, 1], "texture": "#1"},
				"west": {"uv": [0, 0, 1, 1], "texture": "#1"},
				"up": {"uv": [0, 0, 1, 1], "texture": "#1"},
				"down": {"uv": [0, 0, 1, 1], "texture": "#1"}
			}
		},
		{
			"name": "hexadecagon",
			"from": [6.9, 4, 9.7812],
			"to": [9.1, 4.4, 10.2188],
			"rotation": {"angle": -22.5, "axis": "y", "origin": [8, 3.9, 10]},
			"faces": {
				"north": {"uv": [0, 0, 1, 1], "texture": "#1"},
				"east": {"uv": [0, 0, 1, 1], "texture": "#1"},
				"south": {"uv": [0, 0, 1, 1], "texture": "#1"},
				"west": {"uv": [0, 0, 1, 1], "texture": "#1"},
				"up": {"uv": [0, 0, 1, 1], "texture": "#1"},
				"down": {"uv": [0, 0, 1, 1], "texture": "#1"}
			}
		},
		{
			"name": "hexadecagon",
			"from": [6.9, 4, 9.7812],
			"to": [9.1, 4.4, 10.2188],
			"rotation": {"angle": 0, "axis": "y", "origin": [8, 3.9, 10]},
			"faces": {
				"north": {"uv": [0, 0, 1, 1], "texture": "#1"},
				"east": {"uv": [0, 0, 1, 1], "texture": "#1"},
				"south": {"uv": [0, 0, 1, 1], "texture": "#1"},
				"west": {"uv": [0, 0, 1, 1], "texture": "#1"},
				"up": {"uv": [0, 0, 1, 1], "texture": "#1"},
				"down": {"uv": [0, 0, 1, 1], "texture": "#1"}
			}
		},
		{
			"name": "hexadecagon",
			"from": [6.9, 4, 9.7812],
			"to": [9.1, 4.4, 10.2188],
			"rotation": {"angle": 22.5, "axis": "y", "origin": [8, 3.9, 10]},
			"faces": {
				"north": {"uv": [0, 0, 1, 1], "texture": "#1"},
				"east": {"uv": [0, 0, 1, 1], "texture": "#1"},
				"south": {"uv": [0, 0, 1, 1], "texture": "#1"},
				"west": {"uv": [0, 0, 1, 1], "texture": "#1"},
				"up": {"uv": [0, 0, 1, 1], "texture": "#1"},
				"down": {"uv": [0, 0, 1, 1], "texture": "#1"}
			}
		},
		{
			"name": "hexadecagon",
			"from": [7.7812, 3.4, 8.9],
			"to": [8.2188, 3.8, 11.1],
			"rotation": {"angle": -45, "axis": "y", "origin": [8, 3.3, 10]},
			"faces": {
				"north": {"uv": [0, 0, 1, 1], "texture": "#1"},
				"east": {"uv": [0, 0, 1, 1], "texture": "#1"},
				"south": {"uv": [0, 0, 1, 1], "texture": "#1"},
				"west": {"uv": [0, 0, 1, 1], "texture": "#1"},
				"up": {"uv": [0, 0, 1, 1], "texture": "#1"},
				"down": {"uv": [0, 0, 1, 1], "texture": "#1"}
			}
		},
		{
			"name": "hexadecagon",
			"from": [7.7812, 3.4, 8.9],
			"to": [8.2188, 3.8, 11.1],
			"rotation": {"angle": -22.5, "axis": "y", "origin": [8, 3.3, 10]},
			"faces": {
				"north": {"uv": [0, 0, 1, 1], "texture": "#1"},
				"east": {"uv": [0, 0, 1, 1], "texture": "#1"},
				"south": {"uv": [0, 0, 1, 1], "texture": "#1"},
				"west": {"uv": [0, 0, 1, 1], "texture": "#1"},
				"up": {"uv": [0, 0, 1, 1], "texture": "#1"},
				"down": {"uv": [0, 0, 1, 1], "texture": "#1"}
			}
		},
		{
			"name": "hexadecagon",
			"from": [7.7812, 3.4, 8.9],
			"to": [8.2188, 3.8, 11.1],
			"rotation": {"angle": 0, "axis": "y", "origin": [8, 3.3, 10]},
			"faces": {
				"north": {"uv": [0, 0, 1, 1], "texture": "#1"},
				"east": {"uv": [0, 0, 1, 1], "texture": "#1"},
				"south": {"uv": [0, 0, 1, 1], "texture": "#1"},
				"west": {"uv": [0, 0, 1, 1], "texture": "#1"},
				"up": {"uv": [0, 0, 1, 1], "texture": "#1"},
				"down": {"uv": [0, 0, 1, 1], "texture": "#1"}
			}
		},
		{
			"name": "hexadecagon",
			"from": [7.7812, 3.4, 8.9],
			"to": [8.2188, 3.8, 11.1],
			"rotation": {"angle": 22.5, "axis": "y", "origin": [8, 3.3, 10]},
			"faces": {
				"north": {"uv": [0, 0, 1, 1], "texture": "#1"},
				"east": {"uv": [0, 0, 1, 1], "texture": "#1"},
				"south": {"uv": [0, 0, 1, 1], "texture": "#1"},
				"west": {"uv": [0, 0, 1, 1], "texture": "#1"},
				"up": {"uv": [0, 0, 1, 1], "texture": "#1"},
				"down": {"uv": [0, 0, 1, 1], "texture": "#1"}
			}
		},
		{
			"name": "hexadecagon",
			"from": [7.7812, 3.4, 8.9],
			"to": [8.2188, 3.8, 11.1],
			"rotation": {"angle": 45, "axis": "y", "origin": [8, 3.3, 10]},
			"faces": {
				"north": {"uv": [0, 0, 1, 1], "texture": "#1"},
				"east": {"uv": [0, 0, 1, 1], "texture": "#1"},
				"south": {"uv": [0, 0, 1, 1], "texture": "#1"},
				"west": {"uv": [0, 0, 1, 1], "texture": "#1"},
				"up": {"uv": [0, 0, 1, 1], "texture": "#1"},
				"down": {"uv": [0, 0, 1, 1], "texture": "#1"}
			}
		},
		{
			"name": "hexadecagon",
			"from": [6.9, 3.4, 9.7812],
			"to": [9.1, 3.8, 10.2188],
			"rotation": {"angle": -22.5, "axis": "y", "origin": [8, 3.3, 10]},
			"faces": {
				"north": {"uv": [0, 0, 1, 1], "texture": "#1"},
				"east": {"uv": [0, 0, 1, 1], "texture": "#1"},
				"south": {"uv": [0, 0, 1, 1], "texture": "#1"},
				"west": {"uv": [0, 0, 1, 1], "texture": "#1"},
				"up": {"uv": [0, 0, 1, 1], "texture": "#1"},
				"down": {"uv": [0, 0, 1, 1], "texture": "#1"}
			}
		},
		{
			"name": "hexadecagon",
			"from": [6.9, 3.4, 9.7812],
			"to": [9.1, 3.8, 10.2188],
			"rotation": {"angle": 0, "axis": "y", "origin": [8, 3.3, 10]},
			"faces": {
				"north": {"uv": [0, 0, 1, 1], "texture": "#1"},
				"east": {"uv": [0, 0, 1, 1], "texture": "#1"},
				"south": {"uv": [0, 0, 1, 1], "texture": "#1"},
				"west": {"uv": [0, 0, 1, 1], "texture": "#1"},
				"up": {"uv": [0, 0, 1, 1], "texture": "#1"},
				"down": {"uv": [0, 0, 1, 1], "texture": "#1"}
			}
		},
		{
			"name": "hexadecagon",
			"from": [6.9, 3.4, 9.7812],
			"to": [9.1, 3.8, 10.2188],
			"rotation": {"angle": 22.5, "axis": "y", "origin": [8, 3.3, 10]},
			"faces": {
				"north": {"uv": [0, 0, 1, 1], "texture": "#1"},
				"east": {"uv": [0, 0, 1, 1], "texture": "#1"},
				"south": {"uv": [0, 0, 1, 1], "texture": "#1"},
				"west": {"uv": [0, 0, 1, 1], "texture": "#1"},
				"up": {"uv": [0, 0, 1, 1], "texture": "#1"},
				"down": {"uv": [0, 0, 1, 1], "texture": "#1"}
			}
		},
		{
			"name": "hexadecagon",
			"from": [7.7812, 2.8, 8.9],
			"to": [8.2188, 3.2, 11.1],
			"rotation": {"angle": -45, "axis": "y", "origin": [8, 2.7, 10]},
			"faces": {
				"north": {"uv": [0, 0, 1, 1], "texture": "#1"},
				"east": {"uv": [0, 0, 1, 1], "texture": "#1"},
				"south": {"uv": [0, 0, 1, 1], "texture": "#1"},
				"west": {"uv": [0, 0, 1, 1], "texture": "#1"},
				"up": {"uv": [0, 0, 1, 1], "texture": "#1"},
				"down": {"uv": [0, 0, 1, 1], "texture": "#1"}
			}
		},
		{
			"name": "hexadecagon",
			"from": [7.7812, 2.8, 8.9],
			"to": [8.2188, 3.2, 11.1],
			"rotation": {"angle": -22.5, "axis": "y", "origin": [8, 2.7, 10]},
			"faces": {
				"north": {"uv": [0, 0, 1, 1], "texture": "#1"},
				"east": {"uv": [0, 0, 1, 1], "texture": "#1"},
				"south": {"uv": [0, 0, 1, 1], "texture": "#1"},
				"west": {"uv": [0, 0, 1, 1], "texture": "#1"},
				"up": {"uv": [0, 0, 1, 1], "texture": "#1"},
				"down": {"uv": [0, 0, 1, 1], "texture": "#1"}
			}
		},
		{
			"name": "hexadecagon",
			"from": [7.7812, 2.8, 8.9],
			"to": [8.2188, 3.2, 11.1],
			"rotation": {"angle": 0, "axis": "y", "origin": [8, 2.7, 10]},
			"faces": {
				"north": {"uv": [0, 0, 1, 1], "texture": "#1"},
				"east": {"uv": [0, 0, 1, 1], "texture": "#1"},
				"south": {"uv": [0, 0, 1, 1], "texture": "#1"},
				"west": {"uv": [0, 0, 1, 1], "texture": "#1"},
				"up": {"uv": [0, 0, 1, 1], "texture": "#1"},
				"down": {"uv": [0, 0, 1, 1], "texture": "#1"}
			}
		},
		{
			"name": "hexadecagon",
			"from": [7.7812, 2.8, 8.9],
			"to": [8.2188, 3.2, 11.1],
			"rotation": {"angle": 22.5, "axis": "y", "origin": [8, 2.7, 10]},
			"faces": {
				"north": {"uv": [0, 0, 1, 1], "texture": "#1"},
				"east": {"uv": [0, 0, 1, 1], "texture": "#1"},
				"south": {"uv": [0, 0, 1, 1], "texture": "#1"},
				"west": {"uv": [0, 0, 1, 1], "texture": "#1"},
				"up": {"uv": [0, 0, 1, 1], "texture": "#1"},
				"down": {"uv": [0, 0, 1, 1], "texture": "#1"}
			}
		},
		{
			"name": "hexadecagon",
			"from": [7.7812, 2.8, 8.9],
			"to": [8.2188, 3.2, 11.1],
			"rotation": {"angle": 45, "axis": "y", "origin": [8, 2.7, 10]},
			"faces": {
				"north": {"uv": [0, 0, 1, 1], "texture": "#1"},
				"east": {"uv": [0, 0, 1, 1], "texture": "#1"},
				"south": {"uv": [0, 0, 1, 1], "texture": "#1"},
				"west": {"uv": [0, 0, 1, 1], "texture": "#1"},
				"up": {"uv": [0, 0, 1, 1], "texture": "#1"},
				"down": {"uv": [0, 0, 1, 1], "texture": "#1"}
			}
		},
		{
			"name": "hexadecagon",
			"from": [6.9, 2.8, 9.7812],
			"to": [9.1, 3.2, 10.2188],
			"rotation": {"angle": -22.5, "axis": "y", "origin": [8, 2.7, 10]},
			"faces": {
				"north": {"uv": [0, 0, 1, 1], "texture": "#1"},
				"east": {"uv": [0, 0, 1, 1], "texture": "#1"},
				"south": {"uv": [0, 0, 1, 1], "texture": "#1"},
				"west": {"uv": [0, 0, 1, 1], "texture": "#1"},
				"up": {"uv": [0, 0, 1, 1], "texture": "#1"},
				"down": {"uv": [0, 0, 1, 1], "texture": "#1"}
			}
		},
		{
			"name": "hexadecagon",
			"from": [6.9, 2.8, 9.7812],
			"to": [9.1, 3.2, 10.2188],
			"rotation": {"angle": 0, "axis": "y", "origin": [8, 2.7, 10]},
			"faces": {
				"north": {"uv": [0, 0, 1, 1], "texture": "#1"},
				"east": {"uv": [0, 0, 1, 1], "texture": "#1"},
				"south": {"uv": [0, 0, 1, 1], "texture": "#1"},
				"west": {"uv": [0, 0, 1, 1], "texture": "#1"},
				"up": {"uv": [0, 0, 1, 1], "texture": "#1"},
				"down": {"uv": [0, 0, 1, 1], "texture": "#1"}
			}
		},
		{
			"name": "hexadecagon",
			"from": [6.9, 2.8, 9.7812],
			"to": [9.1, 3.2, 10.2188],
			"rotation": {"angle": 22.5, "axis": "y", "origin": [8, 2.7, 10]},
			"faces": {
				"north": {"uv": [0, 0, 1, 1], "texture": "#1"},
				"east": {"uv": [0, 0, 1, 1], "texture": "#1"},
				"south": {"uv": [0, 0, 1, 1], "texture": "#1"},
				"west": {"uv": [0, 0, 1, 1], "texture": "#1"},
				"up": {"uv": [0, 0, 1, 1], "texture": "#1"},
				"down": {"uv": [0, 0, 1, 1], "texture": "#1"}
			}
		},
		{
			"name": "hexadecagon",
			"from": [7.7812, 2.2, 8.9],
			"to": [8.2188, 2.6, 11.1],
			"rotation": {"angle": -45, "axis": "y", "origin": [8, 2.1, 10]},
			"faces": {
				"north": {"uv": [0, 0, 1, 1], "texture": "#1"},
				"east": {"uv": [0, 0, 1, 1], "texture": "#1"},
				"south": {"uv": [0, 0, 1, 1], "texture": "#1"},
				"west": {"uv": [0, 0, 1, 1], "texture": "#1"},
				"up": {"uv": [0, 0, 1, 1], "texture": "#1"},
				"down": {"uv": [0, 0, 1, 1], "texture": "#1"}
			}
		},
		{
			"name": "hexadecagon",
			"from": [7.7812, 2.2, 8.9],
			"to": [8.2188, 2.6, 11.1],
			"rotation": {"angle": -22.5, "axis": "y", "origin": [8, 2.1, 10]},
			"faces": {
				"north": {"uv": [0, 0, 1, 1], "texture": "#1"},
				"east": {"uv": [0, 0, 1, 1], "texture": "#1"},
				"south": {"uv": [0, 0, 1, 1], "texture": "#1"},
				"west": {"uv": [0, 0, 1, 1], "texture": "#1"},
				"up": {"uv": [0, 0, 1, 1], "texture": "#1"},
				"down": {"uv": [0, 0, 1, 1], "texture": "#1"}
			}
		},
		{
			"name": "hexadecagon",
			"from": [7.7812, 2.2, 8.9],
			"to": [8.2188, 2.6, 11.1],
			"rotation": {"angle": 0, "axis": "y", "origin": [8, 2.1, 10]},
			"faces": {
				"north": {"uv": [0, 0, 1, 1], "texture": "#1"},
				"east": {"uv": [0, 0, 1, 1], "texture": "#1"},
				"south": {"uv": [0, 0, 1, 1], "texture": "#1"},
				"west": {"uv": [0, 0, 1, 1], "texture": "#1"},
				"up": {"uv": [0, 0, 1, 1], "texture": "#1"},
				"down": {"uv": [0, 0, 1, 1], "texture": "#1"}
			}
		},
		{
			"name": "hexadecagon",
			"from": [7.7812, 2.2, 8.9],
			"to": [8.2188, 2.6, 11.1],
			"rotation": {"angle": 22.5, "axis": "y", "origin": [8, 2.1, 10]},
			"faces": {
				"north": {"uv": [0, 0, 1, 1], "texture": "#1"},
				"east": {"uv": [0, 0, 1, 1], "texture": "#1"},
				"south": {"uv": [0, 0, 1, 1], "texture": "#1"},
				"west": {"uv": [0, 0, 1, 1], "texture": "#1"},
				"up": {"uv": [0, 0, 1, 1], "texture": "#1"},
				"down": {"uv": [0, 0, 1, 1], "texture": "#1"}
			}
		},
		{
			"name": "hexadecagon",
			"from": [7.7812, 2.2, 8.9],
			"to": [8.2188, 2.6, 11.1],
			"rotation": {"angle": 45, "axis": "y", "origin": [8, 2.1, 10]},
			"faces": {
				"north": {"uv": [0, 0, 1, 1], "texture": "#1"},
				"east": {"uv": [0, 0, 1, 1], "texture": "#1"},
				"south": {"uv": [0, 0, 1, 1], "texture": "#1"},
				"west": {"uv": [0, 0, 1, 1], "texture": "#1"},
				"up": {"uv": [0, 0, 1, 1], "texture": "#1"},
				"down": {"uv": [0, 0, 1, 1], "texture": "#1"}
			}
		},
		{
			"name": "hexadecagon",
			"from": [6.9, 2.2, 9.7812],
			"to": [9.1, 2.6, 10.2188],
			"rotation": {"angle": -22.5, "axis": "y", "origin": [8, 2.1, 10]},
			"faces": {
				"north": {"uv": [0, 0, 1, 1], "texture": "#1"},
				"east": {"uv": [0, 0, 1, 1], "texture": "#1"},
				"south": {"uv": [0, 0, 1, 1], "texture": "#1"},
				"west": {"uv": [0, 0, 1, 1], "texture": "#1"},
				"up": {"uv": [0, 0, 1, 1], "texture": "#1"},
				"down": {"uv": [0, 0, 1, 1], "texture": "#1"}
			}
		},
		{
			"name": "hexadecagon",
			"from": [6.9, 2.2, 9.7812],
			"to": [9.1, 2.6, 10.2188],
			"rotation": {"angle": 0, "axis": "y", "origin": [8, 2.1, 10]},
			"faces": {
				"north": {"uv": [0, 0, 1, 1], "texture": "#1"},
				"east": {"uv": [0, 0, 1, 1], "texture": "#1"},
				"south": {"uv": [0, 0, 1, 1], "texture": "#1"},
				"west": {"uv": [0, 0, 1, 1], "texture": "#1"},
				"up": {"uv": [0, 0, 1, 1], "texture": "#1"},
				"down": {"uv": [0, 0, 1, 1], "texture": "#1"}
			}
		},
		{
			"name": "hexadecagon",
			"from": [6.9, 2.2, 9.7812],
			"to": [9.1, 2.6, 10.2188],
			"rotation": {"angle": 22.5, "axis": "y", "origin": [8, 2.1, 10]},
			"faces": {
				"north": {"uv": [0, 0, 1, 1], "texture": "#1"},
				"east": {"uv": [0, 0, 1, 1], "texture": "#1"},
				"south": {"uv": [0, 0, 1, 1], "texture": "#1"},
				"west": {"uv": [0, 0, 1, 1], "texture": "#1"},
				"up": {"uv": [0, 0, 1, 1], "texture": "#1"},
				"down": {"uv": [0, 0, 1, 1], "texture": "#1"}
			}
		},
		{
			"name": "hexadecagon",
			"from": [7.7812, 1.6, 8.9],
			"to": [8.2188, 2, 11.1],
			"rotation": {"angle": -45, "axis": "y", "origin": [8, 1.5, 10]},
			"faces": {
				"north": {"uv": [0, 0, 1, 1], "texture": "#1"},
				"east": {"uv": [0, 0, 1, 1], "texture": "#1"},
				"south": {"uv": [0, 0, 1, 1], "texture": "#1"},
				"west": {"uv": [0, 0, 1, 1], "texture": "#1"},
				"up": {"uv": [0, 0, 1, 1], "texture": "#1"},
				"down": {"uv": [0, 0, 1, 1], "texture": "#1"}
			}
		},
		{
			"name": "hexadecagon",
			"from": [7.7812, 1.6, 8.9],
			"to": [8.2188, 2, 11.1],
			"rotation": {"angle": -22.5, "axis": "y", "origin": [8, 1.5, 10]},
			"faces": {
				"north": {"uv": [0, 0, 1, 1], "texture": "#1"},
				"east": {"uv": [0, 0, 1, 1], "texture": "#1"},
				"south": {"uv": [0, 0, 1, 1], "texture": "#1"},
				"west": {"uv": [0, 0, 1, 1], "texture": "#1"},
				"up": {"uv": [0, 0, 1, 1], "texture": "#1"},
				"down": {"uv": [0, 0, 1, 1], "texture": "#1"}
			}
		},
		{
			"name": "hexadecagon",
			"from": [7.7812, 1.6, 8.9],
			"to": [8.2188, 2, 11.1],
			"rotation": {"angle": 0, "axis": "y", "origin": [8, 1.5, 10]},
			"faces": {
				"north": {"uv": [0, 0, 1, 1], "texture": "#1"},
				"east": {"uv": [0, 0, 1, 1], "texture": "#1"},
				"south": {"uv": [0, 0, 1, 1], "texture": "#1"},
				"west": {"uv": [0, 0, 1, 1], "texture": "#1"},
				"up": {"uv": [0, 0, 1, 1], "texture": "#1"},
				"down": {"uv": [0, 0, 1, 1], "texture": "#1"}
			}
		},
		{
			"name": "hexadecagon",
			"from": [7.7812, 1.6, 8.9],
			"to": [8.2188, 2, 11.1],
			"rotation": {"angle": 22.5, "axis": "y", "origin": [8, 1.5, 10]},
			"faces": {
				"north": {"uv": [0, 0, 1, 1], "texture": "#1"},
				"east": {"uv": [0, 0, 1, 1], "texture": "#1"},
				"south": {"uv": [0, 0, 1, 1], "texture": "#1"},
				"west": {"uv": [0, 0, 1, 1], "texture": "#1"},
				"up": {"uv": [0, 0, 1, 1], "texture": "#1"},
				"down": {"uv": [0, 0, 1, 1], "texture": "#1"}
			}
		},
		{
			"name": "hexadecagon",
			"from": [7.7812, 1.6, 8.9],
			"to": [8.2188, 2, 11.1],
			"rotation": {"angle": 45, "axis": "y", "origin": [8, 1.5, 10]},
			"faces": {
				"north": {"uv": [0, 0, 1, 1], "texture": "#1"},
				"east": {"uv": [0, 0, 1, 1], "texture": "#1"},
				"south": {"uv": [0, 0, 1, 1], "texture": "#1"},
				"west": {"uv": [0, 0, 1, 1], "texture": "#1"},
				"up": {"uv": [0, 0, 1, 1], "texture": "#1"},
				"down": {"uv": [0, 0, 1, 1], "texture": "#1"}
			}
		},
		{
			"name": "hexadecagon",
			"from": [6.9, 1.6, 9.7812],
			"to": [9.1, 2, 10.2188],
			"rotation": {"angle": -22.5, "axis": "y", "origin": [8, 1.5, 10]},
			"faces": {
				"north": {"uv": [0, 0, 1, 1], "texture": "#1"},
				"east": {"uv": [0, 0, 1, 1], "texture": "#1"},
				"south": {"uv": [0, 0, 1, 1], "texture": "#1"},
				"west": {"uv": [0, 0, 1, 1], "texture": "#1"},
				"up": {"uv": [0, 0, 1, 1], "texture": "#1"},
				"down": {"uv": [0, 0, 1, 1], "texture": "#1"}
			}
		},
		{
			"name": "hexadecagon",
			"from": [6.9, 1.6, 9.7812],
			"to": [9.1, 2, 10.2188],
			"rotation": {"angle": 0, "axis": "y", "origin": [8, 1.5, 10]},
			"faces": {
				"north": {"uv": [0, 0, 1, 1], "texture": "#1"},
				"east": {"uv": [0, 0, 1, 1], "texture": "#1"},
				"south": {"uv": [0, 0, 1, 1], "texture": "#1"},
				"west": {"uv": [0, 0, 1, 1], "texture": "#1"},
				"up": {"uv": [0, 0, 1, 1], "texture": "#1"},
				"down": {"uv": [0, 0, 1, 1], "texture": "#1"}
			}
		},
		{
			"name": "hexadecagon",
			"from": [6.9, 1.6, 9.7812],
			"to": [9.1, 2, 10.2188],
			"rotation": {"angle": 22.5, "axis": "y", "origin": [8, 1.5, 10]},
			"faces": {
				"north": {"uv": [0, 0, 1, 1], "texture": "#1"},
				"east": {"uv": [0, 0, 1, 1], "texture": "#1"},
				"south": {"uv": [0, 0, 1, 1], "texture": "#1"},
				"west": {"uv": [0, 0, 1, 1], "texture": "#1"},
				"up": {"uv": [0, 0, 1, 1], "texture": "#1"},
				"down": {"uv": [0, 0, 1, 1], "texture": "#1"}
			}
		},
		{
			"name": "hexadecagon",
			"from": [7.7812, 0.4, 8.9],
			"to": [8.2188, 1.3, 11.1],
			"rotation": {"angle": -45, "axis": "y", "origin": [8, 0.8, 10]},
			"faces": {
				"north": {"uv": [0, 0, 1, 1], "texture": "#1"},
				"east": {"uv": [0, 0, 1, 1], "texture": "#1"},
				"south": {"uv": [0, 0, 1, 1], "texture": "#1"},
				"west": {"uv": [0, 0, 1, 1], "texture": "#1"},
				"up": {"uv": [0, 0, 1, 1], "texture": "#1"},
				"down": {"uv": [0, 0, 1, 1], "texture": "#1"}
			}
		},
		{
			"name": "hexadecagon",
			"from": [7.7812, 0.4, 8.9],
			"to": [8.2188, 1.3, 11.1],
			"rotation": {"angle": -22.5, "axis": "y", "origin": [8, 0.8, 10]},
			"faces": {
				"north": {"uv": [0, 0, 1, 1], "texture": "#1"},
				"east": {"uv": [0, 0, 1, 1], "texture": "#1"},
				"south": {"uv": [0, 0, 1, 1], "texture": "#1"},
				"west": {"uv": [0, 0, 1, 1], "texture": "#1"},
				"up": {"uv": [0, 0, 1, 1], "texture": "#1"},
				"down": {"uv": [0, 0, 1, 1], "texture": "#1"}
			}
		},
		{
			"name": "hexadecagon",
			"from": [7.7812, 0.4, 8.9],
			"to": [8.2188, 1.3, 11.1],
			"rotation": {"angle": 0, "axis": "y", "origin": [8, 0.8, 10]},
			"faces": {
				"north": {"uv": [0, 0, 1, 1], "texture": "#1"},
				"east": {"uv": [0, 0, 1, 1], "texture": "#1"},
				"south": {"uv": [0, 0, 1, 1], "texture": "#1"},
				"west": {"uv": [0, 0, 1, 1], "texture": "#1"},
				"up": {"uv": [0, 0, 1, 1], "texture": "#1"},
				"down": {"uv": [0, 0, 1, 1], "texture": "#1"}
			}
		},
		{
			"name": "hexadecagon",
			"from": [7.7812, 0.4, 8.9],
			"to": [8.2188, 1.3, 11.1],
			"rotation": {"angle": 22.5, "axis": "y", "origin": [8, 0.8, 10]},
			"faces": {
				"north": {"uv": [0, 0, 1, 1], "texture": "#1"},
				"east": {"uv": [0, 0, 1, 1], "texture": "#1"},
				"south": {"uv": [0, 0, 1, 1], "texture": "#1"},
				"west": {"uv": [0, 0, 1, 1], "texture": "#1"},
				"up": {"uv": [0, 0, 1, 1], "texture": "#1"},
				"down": {"uv": [0, 0, 1, 1], "texture": "#1"}
			}
		},
		{
			"name": "hexadecagon",
			"from": [7.7812, 0.4, 8.9],
			"to": [8.2188, 1.3, 11.1],
			"rotation": {"angle": 45, "axis": "y", "origin": [8, 0.8, 10]},
			"faces": {
				"north": {"uv": [0, 0, 1, 1], "texture": "#1"},
				"east": {"uv": [0, 0, 1, 1], "texture": "#1"},
				"south": {"uv": [0, 0, 1, 1], "texture": "#1"},
				"west": {"uv": [0, 0, 1, 1], "texture": "#1"},
				"up": {"uv": [0, 0, 1, 1], "texture": "#1"},
				"down": {"uv": [0, 0, 1, 1], "texture": "#1"}
			}
		},
		{
			"name": "hexadecagon",
			"from": [6.9, 0.4, 9.7812],
			"to": [9.1, 1.3, 10.2188],
			"rotation": {"angle": -22.5, "axis": "y", "origin": [8, 0.8, 10]},
			"faces": {
				"north": {"uv": [0, 0, 1, 1], "texture": "#1"},
				"east": {"uv": [0, 0, 1, 1], "texture": "#1"},
				"south": {"uv": [0, 0, 1, 1], "texture": "#1"},
				"west": {"uv": [0, 0, 1, 1], "texture": "#1"},
				"up": {"uv": [0, 0, 1, 1], "texture": "#1"},
				"down": {"uv": [0, 0, 1, 1], "texture": "#1"}
			}
		},
		{
			"name": "hexadecagon",
			"from": [6.9, 0.4, 9.7812],
			"to": [9.1, 1.3, 10.2188],
			"rotation": {"angle": 0, "axis": "y", "origin": [8, 0.8, 10]},
			"faces": {
				"north": {"uv": [0, 0, 1, 1], "texture": "#1"},
				"east": {"uv": [0, 0, 1, 1], "texture": "#1"},
				"south": {"uv": [0, 0, 1, 1], "texture": "#1"},
				"west": {"uv": [0, 0, 1, 1], "texture": "#1"},
				"up": {"uv": [0, 0, 1, 1], "texture": "#1"},
				"down": {"uv": [0, 0, 1, 1], "texture": "#1"}
			}
		},
		{
			"name": "hexadecagon",
			"from": [6.9, 0.4, 9.7812],
			"to": [9.1, 1.3, 10.2188],
			"rotation": {"angle": 22.5, "axis": "y", "origin": [8, 0.8, 10]},
			"faces": {
				"north": {"uv": [0, 0, 1, 1], "texture": "#1"},
				"east": {"uv": [0, 0, 1, 1], "texture": "#1"},
				"south": {"uv": [0, 0, 1, 1], "texture": "#1"},
				"west": {"uv": [0, 0, 1, 1], "texture": "#1"},
				"up": {"uv": [0, 0, 1, 1], "texture": "#1"},
				"down": {"uv": [0, 0, 1, 1], "texture": "#1"}
			}
		},
		{
			"name": "hexadecagon",
			"from": [7.74141, 1.5, 8.7],
			"to": [8.25859, 2.5, 11.3],
			"rotation": {"angle": -45, "axis": "y", "origin": [8, 2, 10]},
			"faces": {
				"north": {"uv": [0, 0, 1, 1], "texture": "#4"},
				"east": {"uv": [0, 0, 1, 1], "texture": "#4"},
				"south": {"uv": [0, 0, 1, 1], "texture": "#4"},
				"west": {"uv": [0, 0, 1, 1], "texture": "#4"},
				"up": {"uv": [0, 0, 1, 1], "texture": "#4"},
				"down": {"uv": [0, 0, 1, 1], "texture": "#4"}
			}
		},
		{
			"name": "hexadecagon",
			"from": [7.74141, 1.5, 8.7],
			"to": [8.25859, 2.5, 11.3],
			"rotation": {"angle": -22.5, "axis": "y", "origin": [8, 2, 10]},
			"faces": {
				"north": {"uv": [0, 0, 1, 1], "texture": "#4"},
				"east": {"uv": [0, 0, 1, 1], "texture": "#4"},
				"south": {"uv": [0, 0, 1, 1], "texture": "#4"},
				"west": {"uv": [0, 0, 1, 1], "texture": "#4"},
				"up": {"uv": [0, 0, 1, 1], "texture": "#4"},
				"down": {"uv": [0, 0, 1, 1], "texture": "#4"}
			}
		},
		{
			"name": "hexadecagon",
			"from": [7.74141, 1.5, 8.7],
			"to": [8.25859, 2.5, 11.3],
			"rotation": {"angle": 0, "axis": "y", "origin": [8, 2, 10]},
			"faces": {
				"north": {"uv": [0, 0, 1, 1], "texture": "#4"},
				"east": {"uv": [0, 0, 1, 1], "texture": "#4"},
				"south": {"uv": [0, 0, 1, 1], "texture": "#4"},
				"west": {"uv": [0, 0, 1, 1], "texture": "#4"},
				"up": {"uv": [0, 0, 1, 1], "texture": "#4"},
				"down": {"uv": [0, 0, 1, 1], "texture": "#4"}
			}
		},
		{
			"name": "hexadecagon",
			"from": [7.74141, 1.5, 8.7],
			"to": [8.25859, 2.5, 11.3],
			"rotation": {"angle": 22.5, "axis": "y", "origin": [8, 2, 10]},
			"faces": {
				"north": {"uv": [0, 0, 1, 1], "texture": "#4"},
				"east": {"uv": [0, 0, 1, 1], "texture": "#4"},
				"south": {"uv": [0, 0, 1, 1], "texture": "#4"},
				"west": {"uv": [0, 0, 1, 1], "texture": "#4"},
				"up": {"uv": [0, 0, 1, 1], "texture": "#4"},
				"down": {"uv": [0, 0, 1, 1], "texture": "#4"}
			}
		},
		{
			"name": "hexadecagon",
			"from": [7.74141, 1.5, 8.7],
			"to": [8.25859, 2.5, 11.3],
			"rotation": {"angle": 45, "axis": "y", "origin": [8, 2, 10]},
			"faces": {
				"north": {"uv": [0, 0, 1, 1], "texture": "#4"},
				"east": {"uv": [0, 0, 1, 1], "texture": "#4"},
				"south": {"uv": [0, 0, 1, 1], "texture": "#4"},
				"west": {"uv": [0, 0, 1, 1], "texture": "#4"},
				"up": {"uv": [0, 0, 1, 1], "texture": "#4"},
				"down": {"uv": [0, 0, 1, 1], "texture": "#4"}
			}
		},
		{
			"name": "hexadecagon",
			"from": [6.7, 1.5, 9.74141],
			"to": [9.3, 2.5, 10.25859],
			"rotation": {"angle": -22.5, "axis": "y", "origin": [8, 2, 10]},
			"faces": {
				"north": {"uv": [0, 0, 1, 1], "texture": "#4"},
				"east": {"uv": [0, 0, 1, 1], "texture": "#4"},
				"south": {"uv": [0, 0, 1, 1], "texture": "#4"},
				"west": {"uv": [0, 0, 1, 1], "texture": "#4"},
				"up": {"uv": [0, 0, 1, 1], "texture": "#4"},
				"down": {"uv": [0, 0, 1, 1], "texture": "#4"}
			}
		},
		{
			"name": "hexadecagon",
			"from": [6.7, 1.5, 9.74141],
			"to": [9.3, 2.5, 10.25859],
			"rotation": {"angle": 0, "axis": "y", "origin": [8, 2, 10]},
			"faces": {
				"north": {"uv": [0, 0, 1, 1], "texture": "#4"},
				"east": {"uv": [0, 0, 1, 1], "texture": "#4"},
				"south": {"uv": [0, 0, 1, 1], "texture": "#4"},
				"west": {"uv": [0, 0, 1, 1], "texture": "#4"},
				"up": {"uv": [0, 0, 1, 1], "texture": "#4"},
				"down": {"uv": [0, 0, 1, 1], "texture": "#4"}
			}
		},
		{
			"name": "hexadecagon",
			"from": [6.7, 1.5, 9.74141],
			"to": [9.3, 2.5, 10.25859],
			"rotation": {"angle": 22.5, "axis": "y", "origin": [8, 2, 10]},
			"faces": {
				"north": {"uv": [0, 0, 1, 1], "texture": "#4"},
				"east": {"uv": [0, 0, 1, 1], "texture": "#4"},
				"south": {"uv": [0, 0, 1, 1], "texture": "#4"},
				"west": {"uv": [0, 0, 1, 1], "texture": "#4"},
				"up": {"uv": [0, 0, 1, 1], "texture": "#4"},
				"down": {"uv": [0, 0, 1, 1], "texture": "#4"}
			}
		},
		{
			"name": "hexadecagon",
			"from": [7.76131, 5.4, 8.8],
			"to": [8.23869, 6.4, 11.2],
			"rotation": {"angle": -45, "axis": "y", "origin": [8, 5.9, 10]},
			"faces": {
				"north": {"uv": [0, 0, 1, 1], "texture": "#1"},
				"east": {"uv": [0, 0, 1, 1], "texture": "#1"},
				"south": {"uv": [0, 0, 1, 1], "texture": "#1"},
				"west": {"uv": [0, 0, 1, 1], "texture": "#1"},
				"up": {"uv": [0, 0, 1, 1], "texture": "#1"},
				"down": {"uv": [0, 0, 1, 1], "texture": "#1"}
			}
		},
		{
			"name": "hexadecagon",
			"from": [7.76131, 5.4, 8.8],
			"to": [8.23869, 6.4, 11.2],
			"rotation": {"angle": -22.5, "axis": "y", "origin": [8, 5.9, 10]},
			"faces": {
				"north": {"uv": [0, 0, 1, 1], "texture": "#1"},
				"east": {"uv": [0, 0, 1, 1], "texture": "#1"},
				"south": {"uv": [0, 0, 1, 1], "texture": "#1"},
				"west": {"uv": [0, 0, 1, 1], "texture": "#1"},
				"up": {"uv": [0, 0, 1, 1], "texture": "#1"},
				"down": {"uv": [0, 0, 1, 1], "texture": "#1"}
			}
		},
		{
			"name": "hexadecagon",
			"from": [7.76131, 1.4, 8.7],
			"to": [8.23869, 6.5, 11.3],
			"rotation": {"angle": 0, "axis": "y", "origin": [8, 5.9, 10]},
			"faces": {
				"north": {"uv": [0, 0, 1, 1], "texture": "#4"},
				"east": {"uv": [0, 0, 1, 1], "texture": "#4"},
				"south": {"uv": [0, 0, 1, 1], "texture": "#4"},
				"west": {"uv": [0, 0, 1, 1], "texture": "#4"},
				"up": {"uv": [0, 0, 1, 1], "texture": "#4"},
				"down": {"uv": [0, 0, 1, 1], "texture": "#4"}
			}
		},
		{
			"name": "hexadecagon",
			"from": [6.7, 1.4, 9.76131],
			"to": [9.3, 6.5, 10.23869],
			"rotation": {"angle": 45, "axis": "y", "origin": [8, 5.9, 10]},
			"faces": {
				"north": {"uv": [0, 0, 1, 1], "texture": "#4"},
				"east": {"uv": [0, 0, 1, 1], "texture": "#4"},
				"south": {"uv": [0, 0, 1, 1], "texture": "#4"},
				"west": {"uv": [0, 0, 1, 1], "texture": "#4"},
				"up": {"uv": [0, 0, 1, 1], "rotation": 90, "texture": "#4"},
				"down": {"uv": [0, 0, 1, 1], "rotation": 270, "texture": "#4"}
			}
		},
		{
			"name": "hexadecagon",
			"from": [6.7, 1.4, 9.76131],
			"to": [9.3, 6.5, 10.23869],
			"rotation": {"angle": 0, "axis": "y", "origin": [8, 5.9, 10]},
			"faces": {
				"north": {"uv": [0, 0, 1, 1], "texture": "#4"},
				"east": {"uv": [0, 0, 1, 1], "texture": "#4"},
				"south": {"uv": [0, 0, 1, 1], "texture": "#4"},
				"west": {"uv": [0, 0, 1, 1], "texture": "#4"},
				"up": {"uv": [0, 0, 1, 1], "rotation": 90, "texture": "#4"},
				"down": {"uv": [0, 0, 1, 1], "rotation": 270, "texture": "#4"}
			}
		},
		{
			"name": "hexadecagon",
			"from": [6.7, 1.4, 9.76131],
			"to": [9.3, 6.5, 10.23869],
			"rotation": {"angle": -45, "axis": "y", "origin": [8, 5.9, 10]},
			"faces": {
				"north": {"uv": [0, 0, 1, 1], "texture": "#4"},
				"east": {"uv": [0, 0, 1, 1], "texture": "#4"},
				"south": {"uv": [0, 0, 1, 1], "texture": "#4"},
				"west": {"uv": [0, 0, 1, 1], "texture": "#4"},
				"up": {"uv": [0, 0, 1, 1], "rotation": 270, "texture": "#4"},
				"down": {"uv": [0, 0, 1, 1], "rotation": 90, "texture": "#4"}
			}
		},
		{
			"name": "hexadecagon",
			"from": [7.76131, 5.4, 8.8],
			"to": [8.23869, 6.4, 11.2],
			"rotation": {"angle": 22.5, "axis": "y", "origin": [8, 5.9, 10]},
			"faces": {
				"north": {"uv": [0, 0, 1, 1], "texture": "#1"},
				"east": {"uv": [0, 0, 1, 1], "texture": "#1"},
				"south": {"uv": [0, 0, 1, 1], "texture": "#1"},
				"west": {"uv": [0, 0, 1, 1], "texture": "#1"},
				"up": {"uv": [0, 0, 1, 1], "texture": "#1"},
				"down": {"uv": [0, 0, 1, 1], "texture": "#1"}
			}
		},
		{
			"name": "hexadecagon",
			"from": [7.76131, 5.4, 8.8],
			"to": [8.23869, 6.4, 11.2],
			"rotation": {"angle": 45, "axis": "y", "origin": [8, 5.9, 10]},
			"faces": {
				"north": {"uv": [0, 0, 1, 1], "texture": "#1"},
				"east": {"uv": [0, 0, 1, 1], "texture": "#1"},
				"south": {"uv": [0, 0, 1, 1], "texture": "#1"},
				"west": {"uv": [0, 0, 1, 1], "texture": "#1"},
				"up": {"uv": [0, 0, 1, 1], "texture": "#1"},
				"down": {"uv": [0, 0, 1, 1], "texture": "#1"}
			}
		},
		{
			"name": "hexadecagon",
			"from": [6.8, 5.4, 9.76131],
			"to": [9.2, 6.4, 10.23869],
			"rotation": {"angle": -22.5, "axis": "y", "origin": [8, 5.9, 10]},
			"faces": {
				"north": {"uv": [0, 0, 1, 1], "texture": "#1"},
				"east": {"uv": [0, 0, 1, 1], "texture": "#1"},
				"south": {"uv": [0, 0, 1, 1], "texture": "#1"},
				"west": {"uv": [0, 0, 1, 1], "texture": "#1"},
				"up": {"uv": [0, 0, 1, 1], "texture": "#1"},
				"down": {"uv": [0, 0, 1, 1], "texture": "#1"}
			}
		},
		{
			"name": "hexadecagon",
			"from": [6.8, 5.4, 9.76131],
			"to": [9.2, 6.4, 10.23869],
			"rotation": {"angle": 0, "axis": "y", "origin": [8, 5.9, 10]},
			"faces": {
				"north": {"uv": [0, 0, 1, 1], "texture": "#1"},
				"east": {"uv": [0, 0, 1, 1], "texture": "#1"},
				"south": {"uv": [0, 0, 1, 1], "texture": "#1"},
				"west": {"uv": [0, 0, 1, 1], "texture": "#1"},
				"up": {"uv": [0, 0, 1, 1], "texture": "#1"},
				"down": {"uv": [0, 0, 1, 1], "texture": "#1"}
			}
		},
		{
			"name": "hexadecagon",
			"from": [6.8, 5.4, 9.76131],
			"to": [9.2, 6.4, 10.23869],
			"rotation": {"angle": 22.5, "axis": "y", "origin": [8, 5.9, 10]},
			"faces": {
				"north": {"uv": [0, 0, 1, 1], "texture": "#1"},
				"east": {"uv": [0, 0, 1, 1], "texture": "#1"},
				"south": {"uv": [0, 0, 1, 1], "texture": "#1"},
				"west": {"uv": [0, 0, 1, 1], "texture": "#1"},
				"up": {"uv": [0, 0, 1, 1], "texture": "#1"},
				"down": {"uv": [0, 0, 1, 1], "texture": "#1"}
			}
		}
	],
	"display": {
		"thirdperson_righthand": {
			"rotation": [51.25, 0, 0],
			"translation": [0, 4.75, 2.75]
		},
		"thirdperson_lefthand": {
			"rotation": [51.25, 0, 0],
			"translation": [0, 4.75, 2.75]
		},
		"firstperson_righthand": {
			"rotation": [-19, 0, 0],
			"translation": [0, 2, 0],
			"scale": [1, 0.68, 1]
		},
		"firstperson_lefthand": {
			"rotation": [-19, 0, 0],
			"translation": [0, 2, 0],
			"scale": [1, 0.68, 1]
		},
		"gui": {
			"rotation": [0, 0, 39],
			"translation": [2.75, -3, 0],
			"scale": [0.7, 0.7, 0.7]
		},
		"fixed": {
			"rotation": [0, 0, -45],
			"translation": [-4, -3.5, -3.75],
			"scale": [0.83, 0.83, 0.83]
		}
	},
	"groups": [
		{
			"name": "bluelightsaber",
			"origin": [8, 8, 8],
			"children": [
				{
					"name": "hexadecagon",
					"origin": [8, 8, 8],
					"children": []
				},
				{
					"name": "hexadecagon",
					"origin": [8, 8, 8],
					"children": []
				},
				{
					"name": "hexadecagon",
					"origin": [8, 8, 8],
					"children": []
				},
				{
					"name": "hexadecagon",
					"origin": [8, 8, 8],
					"children": []
				},
				{
					"name": "hexadecagon",
					"origin": [8, 8, 8],
					"children": []
				},
				{
					"name": "hexadecagon",
					"origin": [8, 8, 8],
					"children": []
				},
				{
					"name": "hexadecagon",
					"origin": [8, 8, 8],
					"children": []
				},
				{
					"name": "hexadecagon",
					"origin": [8, 8, 8],
					"children": []
				},
				{
					"name": "hexadecagon",
					"origin": [8, 8, 8],
					"children": []
				},
				{
					"name": "hexadecagon",
					"origin": [8, 8, 8],
					"children": []
				},
				{
					"name": "hexadecagon",
					"origin": [8, 8, 8],
					"children": []
				},
				{
					"name": "hexadecagon",
					"origin": [8, 8, 8],
					"children": []
				},
				{
					"name": "hexadecagon",
					"origin": [8, 8, 8],
					"children": []
				},
				{
					"name": "hexadecagon",
					"origin": [8, 8, 8],
					"children": []
				},
				{
					"name": "hexadecagon",
					"origin": [8, 8, 8],
					"children": [0, 1, 2, 3, 4, 5, 6, 7, 8, 9, 10, 11, 12, 13, 14, 15, 16, 17, 18, 19, 20, 21, 22, 23, 24, 25, 26, 27, 28]
				},
				{
					"name": "hexadecagon",
					"origin": [8, 8, 8],
					"children": [29, 30, 31, 32, 33, 34, 35, 36]
				},
				{
					"name": "hexadecagon",
					"origin": [8, 8, 8],
					"children": [37, 38, 39, 40, 41, 42, 43, 44]
				}
			]
		},
		{
			"name": "hexadecagon",
			"origin": [8, 8, 8],
			"children": [45, 46, 47, 48, 49, 50, 51, 52]
		},
		{
			"name": "hexadecagon",
			"origin": [8, 8, 8],
			"children": [53, 54, 55, 56, 57, 58, 59, 60]
		},
		{
			"name": "hexadecagon",
			"origin": [8, 8, 8],
			"children": [61, 62, 63, 64, 65, 66, 67, 68]
		},
		{
			"name": "hexadecagon",
			"origin": [8, 8, 8],
			"children": [69, 70, 71, 72, 73, 74, 75, 76]
		},
		{
			"name": "hexadecagon",
			"origin": [8, 8, 8],
			"children": [77, 78, 79, 80, 81, 82, 83, 84]
		},
		{
			"name": "hexadecagon",
			"origin": [8, 8, 8],
			"children": [85, 86, 87, 88, 89, 90, 91, 92]
		},
		{
			"name": "hexadecagon",
			"origin": [8, 8, 8],
			"children": [93, 94, 95, 96, 97, 98, 99, 100]
		},
		{
			"name": "hexadecagon",
			"origin": [8, 8, 8],
			"children": [101, 102, 103, 104, 105, 106, 107, 108]
		},
		{
			"name": "hexadecagon",
			"origin": [8, 8, 8],
			"children": [109, 110, 111, 112, 113, 114, 115, 116]
		},
		{
			"name": "hexadecagon",
			"origin": [8, 8, 8],
			"children": [117, 118, 119, 120, 121, 122, 123, 124, 125, 126, 127]
		}
	]
}