{
	"credit": "Made by Panic",
	"textures": {
		"1": "block/white_wool",
		"45": "block/astrobase",
		"particle": "block/white_wool"
	},
	"elements": [
		{
			"from": [7, 0, 0],
			"to": [9, 7, 1],
			"faces": {
				"north": {"uv": [1, 1, 3, 8], "texture": "#1"},
				"east": {"uv": [0, 1, 1, 8], "texture": "#1"},
				"south": {"uv": [4, 1, 6, 8], "texture": "#1"},
				"west": {"uv": [3, 1, 4, 8], "texture": "#1"},
				"up": {"uv": [3, 1, 1, 0], "texture": "#1"},
				"down": {"uv": [5, 0, 3, 1], "texture": "#1"}
			}
		},
		{
			"from": [8.98361, 0.00695, -0.99685],
			"to": [9.98361, 7.00695, 0.00315],
			"rotation": {"angle": 22.5, "axis": "y", "origin": [10.98361, 8.00695, 7.00315]},
			"faces": {
				"north": {"uv": [1, 1, 2, 8], "texture": "#1"},
				"east": {"uv": [0, 1, 1, 8], "texture": "#1"},
				"south": {"uv": [3, 1, 4, 8], "texture": "#1"},
				"west": {"uv": [2, 1, 3, 8], "texture": "#1"},
				"up": {"uv": [2, 1, 1, 0], "texture": "#1"},
				"down": {"uv": [3, 0, 2, 1], "texture": "#1"}
			}
		},
		{
			"from": [6.01293, -0.00349, -0.98644],
			"to": [7.01293, 6.99651, 0.01356],
			"rotation": {"angle": -22.5, "axis": "y", "origin": [5.01293, 7.99651, 7.01356]},
			"faces": {
				"north": {"uv": [1, 1, 2, 8], "texture": "#1"},
				"east": {"uv": [0, 1, 1, 8], "texture": "#1"},
				"south": {"uv": [3, 1, 4, 8], "texture": "#1"},
				"west": {"uv": [2, 1, 3, 8], "texture": "#1"},
				"up": {"uv": [2, 1, 1, 0], "texture": "#1"},
				"down": {"uv": [3, 0, 2, 1], "texture": "#1"}
			}
		},
		{
			"from": [10.13952, 0.02185, -3.38882],
			"to": [11.13952, 7.02185, -2.38882],
			"rotation": {"angle": 45, "axis": "y", "origin": [13.13952, 8.02185, 4.61118]},
			"faces": {
				"north": {"uv": [1, 1, 2, 8], "texture": "#1"},
				"east": {"uv": [0, 1, 1, 8], "texture": "#1"},
				"south": {"uv": [3, 1, 4, 8], "texture": "#1"},
				"west": {"uv": [2, 1, 3, 8], "texture": "#1"},
				"up": {"uv": [2, 1, 1, 0], "texture": "#1"},
				"down": {"uv": [3, 0, 2, 1], "texture": "#1"}
			}
		},
		{
			"from": [4.86048, 0.02185, -3.38882],
			"to": [5.86048, 7.02185, -2.38882],
			"rotation": {"angle": -45, "axis": "y", "origin": [2.86048, 8.02185, 4.61118]},
			"faces": {
				"north": {"uv": [5, 1, 6, 8], "texture": "#1"},
				"east": {"uv": [0, 1, 1, 8], "texture": "#1"},
				"south": {"uv": [3, 1, 4, 8], "texture": "#1"},
				"west": {"uv": [2, 1, 3, 8], "texture": "#1"},
				"up": {"uv": [2, 1, 1, 0], "texture": "#1"},
				"down": {"uv": [3, 0, 2, 1], "texture": "#1"}
			}
		},
		{
			"from": [5.8888, 0.04374, 4.35526],
			"to": [6.8888, 7.04374, 5.35526],
			"rotation": {"angle": -22.5, "axis": "y", "origin": [13.8888, 8.04374, 1.35526]},
			"faces": {
				"north": {"uv": [1, 1, 2, 8], "texture": "#1"},
				"east": {"uv": [0, 1, 1, 8], "texture": "#1"},
				"south": {"uv": [3, 1, 4, 8], "texture": "#1"},
				"west": {"uv": [2, 1, 3, 8], "texture": "#1"},
				"up": {"uv": [2, 1, 1, 0], "texture": "#1"},
				"down": {"uv": [3, 0, 2, 1], "texture": "#1"}
			}
		},
		{
			"from": [9.1112, 0.04374, 4.35526],
			"to": [10.1112, 7.04374, 5.35526],
			"rotation": {"angle": 22.5, "axis": "y", "origin": [2.1112, 8.04374, 1.35526]},
			"faces": {
				"north": {"uv": [1, 1, 2, 8], "texture": "#1"},
				"east": {"uv": [0, 1, 1, 8], "texture": "#1"},
				"south": {"uv": [3, 1, 4, 8], "texture": "#1"},
				"west": {"uv": [2, 1, 3, 8], "texture": "#1"},
				"up": {"uv": [2, 1, 1, 0], "texture": "#1"},
				"down": {"uv": [3, 0, 2, 1], "texture": "#1"}
			}
		},
		{
			"from": [4.95121, 0.06815, 1.98076],
			"to": [5.95121, 7.06815, 3.98076],
			"faces": {
				"north": {"uv": [2, 2, 3, 9], "texture": "#1"},
				"east": {"uv": [0, 2, 2, 9], "texture": "#1"},
				"south": {"uv": [5, 2, 6, 9], "texture": "#1"},
				"west": {"uv": [3, 2, 5, 9], "texture": "#1"},
				"up": {"uv": [3, 2, 2, 0], "texture": "#1"},
				"down": {"uv": [4, 0, 3, 2], "texture": "#1"}
			}
		},
		{
			"from": [10.04879, 0.06815, 1.98076],
			"to": [11.04879, 7.06815, 3.98076],
			"faces": {
				"north": {"uv": [2, 2, 3, 9], "texture": "#1"},
				"east": {"uv": [0, 2, 2, 9], "texture": "#1"},
				"south": {"uv": [5, 2, 6, 9], "texture": "#1"},
				"west": {"uv": [3, 2, 5, 9], "texture": "#1"},
				"up": {"uv": [3, 2, 2, 0], "texture": "#1"},
				"down": {"uv": [4, 0, 3, 2], "texture": "#1"}
			}
		},
		{
			"from": [4.71655, 0.07112, 2.83604],
			"to": [5.71655, 7.07112, 3.83604],
			"rotation": {"angle": 22.5, "axis": "y", "origin": [7.71655, 8.07112, 2.83604]},
			"faces": {
				"north": {"uv": [1, 1, 2, 8], "texture": "#1"},
				"east": {"uv": [0, 1, 1, 8], "texture": "#1"},
				"south": {"uv": [3, 1, 4, 8], "texture": "#1"},
				"west": {"uv": [2, 1, 3, 8], "texture": "#1"},
				"up": {"uv": [2, 1, 1, 0], "texture": "#1"},
				"down": {"uv": [3, 0, 2, 1], "texture": "#1"}
			}
		},
		{
			"from": [10.28345, 0.07112, 2.83604],
			"to": [11.28345, 7.07112, 3.83604],
			"rotation": {"angle": -22.5, "axis": "y", "origin": [8.28345, 8.07112, 2.83604]},
			"faces": {
				"north": {"uv": [1, 1, 2, 8], "texture": "#1"},
				"east": {"uv": [0, 1, 1, 8], "texture": "#1"},
				"south": {"uv": [3, 1, 4, 8], "texture": "#1"},
				"west": {"uv": [2, 1, 3, 8], "texture": "#1"},
				"up": {"uv": [2, 1, 1, 0], "texture": "#1"},
				"down": {"uv": [3, 0, 2, 1], "texture": "#1"}
			}
		},
		{
			"from": [6.56471, 0.07927, 1.90536],
			"to": [7.56471, 7.07927, 2.90536],
			"rotation": {"angle": 45, "axis": "y", "origin": [9.56471, 8.07927, 4.90536]},
			"faces": {
				"north": {"uv": [1, 1, 2, 8], "texture": "#1"},
				"east": {"uv": [0, 1, 1, 8], "texture": "#1"},
				"south": {"uv": [3, 1, 4, 8], "texture": "#1"},
				"west": {"uv": [2, 1, 3, 8], "texture": "#1"},
				"up": {"uv": [2, 1, 1, 0], "texture": "#1"},
				"down": {"uv": [3, 0, 2, 1], "texture": "#1"}
			}
		},
		{
			"from": [8.43529, 0.07927, 1.90536],
			"to": [9.43529, 7.07927, 2.90536],
			"rotation": {"angle": -45, "axis": "y", "origin": [6.43529, 8.07927, 4.90536]},
			"faces": {
				"north": {"uv": [1, 1, 2, 8], "texture": "#1"},
				"east": {"uv": [0, 1, 1, 8], "texture": "#1"},
				"south": {"uv": [3, 1, 4, 8], "texture": "#1"},
				"west": {"uv": [2, 1, 3, 8], "texture": "#1"},
				"up": {"uv": [2, 1, 1, 0], "texture": "#1"},
				"down": {"uv": [3, 0, 2, 1], "texture": "#1"}
			}
		},
		{
			"from": [6.56458, 0.08155, 5.91208],
			"to": [7.56458, 7.08155, 6.91208],
			"rotation": {"angle": -22.5, "axis": "y", "origin": [9.56458, 8.08155, 4.91208]},
			"faces": {
				"north": {"uv": [1, 1, 2, 8], "texture": "#1"},
				"east": {"uv": [0, 1, 1, 8], "texture": "#1"},
				"south": {"uv": [3, 1, 4, 8], "texture": "#1"},
				"west": {"uv": [2, 1, 3, 8], "texture": "#1"},
				"up": {"uv": [2, 1, 1, 0], "texture": "#1"},
				"down": {"uv": [3, 0, 2, 1], "texture": "#1"}
			}
		},
		{
			"from": [8.43542, 0.08155, 5.91208],
			"to": [9.43542, 7.08155, 6.91208],
			"rotation": {"angle": 22.5, "axis": "y", "origin": [6.43542, 8.08155, 4.91208]},
			"faces": {
				"north": {"uv": [1, 1, 2, 8], "texture": "#1"},
				"east": {"uv": [0, 1, 1, 8], "texture": "#1"},
				"south": {"uv": [3, 1, 4, 8], "texture": "#1"},
				"west": {"uv": [2, 1, 3, 8], "texture": "#1"},
				"up": {"uv": [2, 1, 1, 0], "texture": "#1"},
				"down": {"uv": [3, 0, 2, 1], "texture": "#1"}
			}
		},
		{
			"from": [5.75, -0.25, 2],
			"to": [10.25, 0, 4],
			"faces": {
				"north": {"uv": [2, 2, 6, 3], "texture": "#1"},
				"east": {"uv": [0, 2, 2, 3], "texture": "#1"},
				"south": {"uv": [8, 2, 12, 3], "texture": "#1"},
				"west": {"uv": [6, 2, 8, 3], "texture": "#1"},
				"up": {"uv": [6, 2, 2, 0], "texture": "#1"},
				"down": {"uv": [10, 0, 6, 2], "texture": "#1"}
			}
		},
		{
			"from": [7, -0.25, 0.75],
			"to": [9, 0, 2],
			"faces": {
				"north": {"uv": [1, 1, 3, 2], "texture": "#1"},
				"east": {"uv": [0, 1, 1, 2], "texture": "#1"},
				"south": {"uv": [4, 1, 6, 2], "texture": "#1"},
				"west": {"uv": [3, 1, 4, 2], "texture": "#1"},
				"up": {"uv": [3, 1, 1, 0], "texture": "#1"},
				"down": {"uv": [5, 0, 3, 1], "texture": "#1"}
			}
		},
		{
			"from": [2.31035, -0.24958, 3.57096],
			"to": [3.31035, 0.00042, 5.32096],
			"rotation": {"angle": -45, "axis": "y", "origin": [8.06035, 8.00042, 7.82096]},
			"faces": {
				"north": {"uv": [1, 1, 2, 2], "texture": "#1"},
				"east": {"uv": [0, 1, 1, 2], "texture": "#1"},
				"south": {"uv": [3, 1, 4, 2], "texture": "#1"},
				"west": {"uv": [2, 1, 3, 2], "texture": "#1"},
				"up": {"uv": [2, 1, 1, 0], "texture": "#1"},
				"down": {"uv": [3, 0, 2, 1], "texture": "#1"}
			}
		},
		{
			"from": [4.07812, -0.24938, 5.78523],
			"to": [5.82812, 0.00062, 7.03523],
			"rotation": {"angle": -45, "axis": "y", "origin": [8.57812, 8.00062, 7.53523]},
			"faces": {
				"north": {"uv": [1, 1, 2, 2], "texture": "#1"},
				"east": {"uv": [0, 1, 1, 2], "texture": "#1"},
				"south": {"uv": [3, 1, 4, 2], "texture": "#1"},
				"west": {"uv": [2, 1, 3, 2], "texture": "#1"},
				"up": {"uv": [2, 1, 1, 0], "texture": "#1"},
				"down": {"uv": [3, 0, 2, 1], "texture": "#1"}
			}
		},
		{
			"from": [3.62901, -0.25021, 2.26029],
			"to": [5.37901, -0.00021, 3.26029],
			"rotation": {"angle": -45, "axis": "y", "origin": [8.12901, 7.99979, 8.01029]},
			"faces": {
				"north": {"uv": [1, 1, 2, 2], "texture": "#1"},
				"east": {"uv": [0, 1, 1, 2], "texture": "#1"},
				"south": {"uv": [3, 1, 4, 2], "texture": "#1"},
				"west": {"uv": [2, 1, 3, 2], "texture": "#1"},
				"up": {"uv": [2, 1, 1, 0], "texture": "#1"},
				"down": {"uv": [3, 0, 2, 1], "texture": "#1"}
			}
		},
		{
			"from": [5.8788, -0.25, 3.63897],
			"to": [6.8788, 0, 5.38897],
			"rotation": {"angle": -45, "axis": "y", "origin": [8.1288, 8, 7.88897]},
			"faces": {
				"north": {"uv": [1, 1, 2, 2], "texture": "#1"},
				"east": {"uv": [0, 1, 1, 2], "texture": "#1"},
				"south": {"uv": [3, 1, 4, 2], "texture": "#1"},
				"west": {"uv": [2, 1, 3, 2], "texture": "#1"},
				"up": {"uv": [2, 1, 1, 0], "texture": "#1"},
				"down": {"uv": [3, 0, 2, 1], "texture": "#1"}
			}
		},
		{
			"from": [7, -0.25, 3.75],
			"to": [9, 0, 5.25],
			"faces": {
				"north": {"uv": [1, 1, 3, 2], "texture": "#1"},
				"east": {"uv": [0, 1, 1, 2], "texture": "#1"},
				"south": {"uv": [4, 1, 6, 2], "texture": "#1"},
				"west": {"uv": [3, 1, 4, 2], "texture": "#1"},
				"up": {"uv": [3, 1, 1, 0], "texture": "#1"},
				"down": {"uv": [5, 0, 3, 1], "texture": "#1"}
			}
		},
		{
			"from": [6.95131, 0.08147, 4.9947],
			"to": [8.95131, 7.08147, 5.9947],
			"faces": {
				"north": {"uv": [1, 1, 2, 8], "texture": "#1"},
				"east": {"uv": [0, 1, 1, 8], "texture": "#1"},
				"south": {"uv": [3, 1, 4, 8], "texture": "#1"},
				"west": {"uv": [2, 1, 3, 8], "texture": "#1"},
				"up": {"uv": [2, 1, 1, 0], "texture": "#1"},
				"down": {"uv": [3, 0, 2, 1], "texture": "#1"}
			}
		},
		{
			"from": [7.79854, 0.08172, 4.9943],
			"to": [9.04854, 7.08172, 5.9943],
			"faces": {
				"north": {"uv": [1, 1, 2, 8], "texture": "#1"},
				"east": {"uv": [0, 1, 1, 8], "texture": "#1"},
				"south": {"uv": [3, 1, 4, 8], "texture": "#1"},
				"west": {"uv": [2, 1, 3, 8], "texture": "#1"},
				"up": {"uv": [2, 1, 1, 0], "texture": "#1"},
				"down": {"uv": [3, 0, 2, 1], "texture": "#1"}
			}
		},
		{
			"from": [7, 9, 2.25],
			"to": [9, 10, 3.75],
			"faces": {
				"north": {"uv": [0, 0, 2, 1], "texture": "#1"},
				"east": {"uv": [0, 0, 1.5, 1], "texture": "#1"},
				"south": {"uv": [0, 0, 2, 1], "texture": "#1"},
				"west": {"uv": [0, 0, 1.5, 1], "texture": "#1"},
				"up": {"uv": [0, 0, 2, 1.5], "texture": "#1"},
				"down": {"uv": [0, 0, 2, 1.5], "texture": "#1"}
			}
		},
		{
			"from": [7, 6.75, -0.25],
			"to": [9, 7.5, 0],
			"faces": {
				"north": {"uv": [1, 1, 3, 2], "texture": "#1"},
				"east": {"uv": [0, 1, 1, 2], "texture": "#1"},
				"south": {"uv": [4, 1, 6, 2], "texture": "#1"},
				"west": {"uv": [3, 1, 4, 2], "texture": "#1"},
				"up": {"uv": [3, 1, 1, 0], "texture": "#1"},
				"down": {"uv": [5, 0, 3, 1], "texture": "#1"}
			}
		},
		{
			"from": [6.99165, 6.76689, 5.96017],
			"to": [8.99165, 7.51689, 6.21017],
			"faces": {
				"north": {"uv": [6, 1, 4, 2], "texture": "#1"},
				"east": {"uv": [1, 1, 0, 2], "texture": "#1"},
				"south": {"uv": [3, 1, 1, 2], "texture": "#1"},
				"west": {"uv": [4, 1, 3, 2], "texture": "#1"},
				"up": {"uv": [3, 0, 1, 1], "texture": "#1"},
				"down": {"uv": [5, 1, 3, 0], "texture": "#1"}
			}
		},
		{
			"from": [8.98283, 6.75258, -0.49746],
			"to": [10.23283, 7.50258, -0.24746],
			"rotation": {"angle": 22.5, "axis": "y", "origin": [9.23283, 8.00258, 7.75254]},
			"faces": {
				"north": {"uv": [1, 1, 3, 2], "texture": "#1"},
				"east": {"uv": [0, 1, 1, 2], "texture": "#1"},
				"south": {"uv": [4, 1, 6, 2], "texture": "#1"},
				"west": {"uv": [3, 1, 4, 2], "texture": "#1"},
				"up": {"uv": [3, 1, 1, 0], "texture": "#1"},
				"down": {"uv": [5, 0, 3, 1], "texture": "#1"}
			}
		},
		{
			"from": [5.53042, 6.76727, 5.52035],
			"to": [6.78042, 7.51727, 5.77035],
			"rotation": {"angle": -22.5, "axis": "y", "origin": [5.78042, 8.01727, 6.52035]},
			"faces": {
				"north": {"uv": [6, 1, 4, 2], "texture": "#1"},
				"east": {"uv": [1, 1, 0, 2], "texture": "#1"},
				"south": {"uv": [3, 1, 1, 2], "texture": "#1"},
				"west": {"uv": [4, 1, 3, 2], "texture": "#1"},
				"up": {"uv": [3, 0, 1, 1], "texture": "#1"},
				"down": {"uv": [5, 1, 3, 0], "texture": "#1"}
			}
		},
		{
			"from": [5.34914, 6.7672, 5.55495],
			"to": [5.59914, 7.5172, 6.55495],
			"rotation": {"angle": 45, "axis": "y", "origin": [4.59914, 8.0172, 5.55495]},
			"faces": {
				"north": {"uv": [4, 1, 3, 2], "texture": "#1"},
				"east": {"uv": [6, 1, 4, 2], "texture": "#1"},
				"south": {"uv": [1, 1, 0, 2], "texture": "#1"},
				"west": {"uv": [3, 1, 1, 2], "texture": "#1"},
				"up": {"uv": [3, 0, 1, 1], "rotation": 90, "texture": "#1"},
				"down": {"uv": [5, 1, 3, 0], "rotation": 270, "texture": "#1"}
			}
		},
		{
			"from": [10.40086, 6.7672, 5.55495],
			"to": [10.65086, 7.5172, 6.55495],
			"rotation": {"angle": -45, "axis": "y", "origin": [11.40086, 8.0172, 5.55495]},
			"faces": {
				"north": {"uv": [3, 1, 4, 2], "texture": "#1"},
				"east": {"uv": [1, 1, 3, 2], "texture": "#1"},
				"south": {"uv": [0, 1, 1, 2], "texture": "#1"},
				"west": {"uv": [4, 1, 6, 2], "texture": "#1"},
				"up": {"uv": [3, 1, 1, 0], "rotation": 90, "texture": "#1"},
				"down": {"uv": [5, 0, 3, 1], "rotation": 270, "texture": "#1"}
			}
		},
		{
			"from": [4.70833, 6.76712, 4.40674],
			"to": [4.95833, 7.51712, 5.40674],
			"rotation": {"angle": 22.5, "axis": "y", "origin": [3.95833, 8.01712, 4.15674]},
			"faces": {
				"north": {"uv": [4, 1, 3, 2], "texture": "#1"},
				"east": {"uv": [6, 1, 4, 2], "texture": "#1"},
				"south": {"uv": [1, 1, 0, 2], "texture": "#1"},
				"west": {"uv": [3, 1, 1, 2], "texture": "#1"},
				"up": {"uv": [3, 0, 1, 1], "rotation": 90, "texture": "#1"},
				"down": {"uv": [5, 1, 3, 0], "rotation": 270, "texture": "#1"}
			}
		},
		{
			"from": [11.04167, 6.76712, 4.40674],
			"to": [11.29167, 7.51712, 5.40674],
			"rotation": {"angle": -22.5, "axis": "y", "origin": [12.04167, 8.01712, 4.15674]},
			"faces": {
				"north": {"uv": [3, 1, 4, 2], "texture": "#1"},
				"east": {"uv": [1, 1, 3, 2], "texture": "#1"},
				"south": {"uv": [0, 1, 1, 2], "texture": "#1"},
				"west": {"uv": [4, 1, 6, 2], "texture": "#1"},
				"up": {"uv": [3, 1, 1, 0], "rotation": 90, "texture": "#1"},
				"down": {"uv": [5, 0, 3, 1], "rotation": 270, "texture": "#1"}
			}
		},
		{
			"from": [9.21935, 6.76729, 5.52033],
			"to": [10.46935, 7.51729, 5.77033],
			"rotation": {"angle": 22.5, "axis": "y", "origin": [10.21935, 8.01729, 6.52033]},
			"faces": {
				"north": {"uv": [4, 1, 6, 2], "texture": "#1"},
				"east": {"uv": [3, 1, 4, 2], "texture": "#1"},
				"south": {"uv": [1, 1, 3, 2], "texture": "#1"},
				"west": {"uv": [0, 1, 1, 2], "texture": "#1"},
				"up": {"uv": [1, 0, 3, 1], "texture": "#1"},
				"down": {"uv": [3, 1, 5, 0], "texture": "#1"}
			}
		},
		{
			"from": [4.03048, 6.75734, -1.48608],
			"to": [5.03048, 7.50734, -1.23608],
			"rotation": {"angle": -45, "axis": "y", "origin": [5.03048, 8.00734, 6.76392]},
			"faces": {
				"north": {"uv": [3, 1, 1, 2], "texture": "#1"},
				"east": {"uv": [4, 1, 3, 2], "texture": "#1"},
				"south": {"uv": [6, 1, 4, 2], "texture": "#1"},
				"west": {"uv": [1, 1, 0, 2], "texture": "#1"},
				"up": {"uv": [1, 1, 3, 0], "texture": "#1"},
				"down": {"uv": [3, 0, 5, 1], "texture": "#1"}
			}
		},
		{
			"from": [10.96952, 6.75734, -1.48608],
			"to": [11.96952, 7.50734, -1.23608],
			"rotation": {"angle": 45, "axis": "y", "origin": [10.96952, 8.00734, 6.76392]},
			"faces": {
				"north": {"uv": [1, 1, 3, 2], "texture": "#1"},
				"east": {"uv": [0, 1, 1, 2], "texture": "#1"},
				"south": {"uv": [4, 1, 6, 2], "texture": "#1"},
				"west": {"uv": [3, 1, 4, 2], "texture": "#1"},
				"up": {"uv": [3, 1, 1, 0], "texture": "#1"},
				"down": {"uv": [5, 0, 3, 1], "texture": "#1"}
			}
		},
		{
			"from": [4.12215, 6.76286, 4.00886],
			"to": [4.37215, 7.51286, 5.00886],
			"rotation": {"angle": -22.5, "axis": "y", "origin": [12.37215, 8.01286, 5.00886]},
			"faces": {
				"north": {"uv": [0, 1, 1, 2], "texture": "#1"},
				"east": {"uv": [4, 1, 6, 2], "texture": "#1"},
				"south": {"uv": [3, 1, 4, 2], "texture": "#1"},
				"west": {"uv": [1, 1, 3, 2], "texture": "#1"},
				"up": {"uv": [3, 1, 1, 0], "rotation": 270, "texture": "#1"},
				"down": {"uv": [5, 0, 3, 1], "rotation": 90, "texture": "#1"}
			}
		},
		{
			"from": [4.74637, 6.76772, 1.85064],
			"to": [4.99637, 7.51772, 4.10064],
			"faces": {
				"north": {"uv": [0, 1, 1, 2], "texture": "#1"},
				"east": {"uv": [4, 1, 6, 2], "texture": "#1"},
				"south": {"uv": [3, 1, 4, 2], "texture": "#1"},
				"west": {"uv": [1, 1, 3, 2], "texture": "#1"},
				"up": {"uv": [3, 1, 1, 0], "rotation": 270, "texture": "#1"},
				"down": {"uv": [5, 0, 3, 1], "rotation": 90, "texture": "#1"}
			}
		},
		{
			"from": [11.00363, 6.76772, 1.85064],
			"to": [11.25363, 7.51772, 4.10064],
			"faces": {
				"north": {"uv": [1, 1, 0, 2], "texture": "#1"},
				"east": {"uv": [3, 1, 1, 2], "texture": "#1"},
				"south": {"uv": [4, 1, 3, 2], "texture": "#1"},
				"west": {"uv": [6, 1, 4, 2], "texture": "#1"},
				"up": {"uv": [3, 0, 1, 1], "rotation": 270, "texture": "#1"},
				"down": {"uv": [5, 1, 3, 0], "rotation": 90, "texture": "#1"}
			}
		},
		{
			"from": [11.62785, 6.76286, 4.00886],
			"to": [11.87785, 7.51286, 5.00886],
			"rotation": {"angle": 22.5, "axis": "y", "origin": [3.62785, 8.01286, 5.00886]},
			"faces": {
				"north": {"uv": [1, 1, 0, 2], "texture": "#1"},
				"east": {"uv": [3, 1, 1, 2], "texture": "#1"},
				"south": {"uv": [4, 1, 3, 2], "texture": "#1"},
				"west": {"uv": [6, 1, 4, 2], "texture": "#1"},
				"up": {"uv": [3, 0, 1, 1], "rotation": 270, "texture": "#1"},
				"down": {"uv": [5, 1, 3, 0], "rotation": 90, "texture": "#1"}
			}
		},
		{
			"from": [5.76717, 6.75258, -0.49746],
			"to": [7.01717, 7.50258, -0.24746],
			"rotation": {"angle": -22.5, "axis": "y", "origin": [6.76717, 8.00258, 7.75254]},
			"faces": {
				"north": {"uv": [3, 1, 1, 2], "texture": "#1"},
				"east": {"uv": [4, 1, 3, 2], "texture": "#1"},
				"south": {"uv": [6, 1, 4, 2], "texture": "#1"},
				"west": {"uv": [1, 1, 0, 2], "texture": "#1"},
				"up": {"uv": [1, 1, 3, 0], "texture": "#1"},
				"down": {"uv": [3, 0, 5, 1], "texture": "#1"}
			}
		},
		{
			"from": [6.99966, 8.80119, 4.1897],
			"to": [8.99966, 9.80119, 5.1897],
			"rotation": {"angle": -22.5, "axis": "x", "origin": [7.99966, 2.55119, 3.1897]},
			"faces": {
				"north": {"uv": [1, 1, 3, 2], "texture": "#45"},
				"east": {"uv": [0, 1, 1, 2], "texture": "#45"},
				"south": {"uv": [4, 1, 6, 2], "texture": "#45"},
				"west": {"uv": [3, 1, 4, 2], "texture": "#45"},
				"up": {"uv": [3, 1, 1, 0], "texture": "#45"},
				"down": {"uv": [5, 0, 3, 1], "texture": "#45"}
			}
		},
		{
			"from": [7.0001, 4.09082, -2.19857],
			"to": [9.0001, 5.09082, -1.19857],
			"rotation": {"angle": 45, "axis": "x", "origin": [8.0001, 3.09082, 5.05143]},
			"faces": {
				"north": {"uv": [1, 1, 3, 2], "texture": "#45"},
				"east": {"uv": [0, 1, 1, 2], "texture": "#45"},
				"south": {"uv": [4, 1, 6, 2], "texture": "#45"},
				"west": {"uv": [3, 1, 4, 2], "texture": "#45"},
				"up": {"uv": [3, 1, 1, 0], "texture": "#45"},
				"down": {"uv": [5, 0, 3, 1], "texture": "#45"}
			}
		},
		{
			"from": [7.00053, 5.3018, -0.68523],
			"to": [9.00053, 6.3018, 0.31477],
			"rotation": {"angle": 22.5, "axis": "x", "origin": [8.00053, 4.3018, 6.56477]},
			"faces": {
				"north": {"uv": [1, 1, 3, 2], "texture": "#45"},
				"east": {"uv": [0, 1, 1, 2], "texture": "#45"},
				"south": {"uv": [4, 1, 6, 2], "texture": "#45"},
				"west": {"uv": [3, 1, 4, 2], "texture": "#45"},
				"up": {"uv": [3, 1, 1, 0], "texture": "#45"},
				"down": {"uv": [5, 0, 3, 1], "texture": "#45"}
			}
		},
		{
			"from": [7, 8.8424, 4.59737],
			"to": [9, 9.8424, 5.59737],
			"rotation": {"angle": 22.5, "axis": "x", "origin": [8, 12.0924, 4.59737]},
			"faces": {
				"north": {"uv": [1, 1, 3, 2], "texture": "#45"},
				"east": {"uv": [0, 1, 1, 2], "texture": "#45"},
				"south": {"uv": [4, 1, 6, 2], "texture": "#45"},
				"west": {"uv": [3, 1, 4, 2], "texture": "#45"},
				"up": {"uv": [3, 1, 1, 0], "texture": "#45"},
				"down": {"uv": [5, 0, 3, 1], "texture": "#45"}
			}
		},
		{
			"from": [7, 10.22198, 3.0012],
			"to": [9, 11.22198, 4.0012],
			"rotation": {"angle": -45, "axis": "x", "origin": [8, 11.22198, 6.2512]},
			"faces": {
				"north": {"uv": [1, 1, 3, 2], "texture": "#45"},
				"east": {"uv": [0, 1, 1, 2], "texture": "#45"},
				"south": {"uv": [4, 1, 6, 2], "texture": "#45"},
				"west": {"uv": [3, 1, 4, 2], "texture": "#45"},
				"up": {"uv": [3, 1, 1, 0], "texture": "#45"},
				"down": {"uv": [5, 0, 3, 1], "texture": "#45"}
			}
		},
		{
			"from": [7, 8.78492, 4.19605],
			"to": [9, 9.78492, 5.19605],
			"rotation": {"angle": -22.5, "axis": "x", "origin": [8, 9.78492, 7.44605]},
			"faces": {
				"north": {"uv": [1, 1, 3, 2], "texture": "#45"},
				"east": {"uv": [0, 1, 1, 2], "texture": "#45"},
				"south": {"uv": [4, 1, 6, 2], "texture": "#45"},
				"west": {"uv": [3, 1, 4, 2], "texture": "#45"},
				"up": {"uv": [3, 1, 1, 0], "texture": "#45"},
				"down": {"uv": [5, 0, 3, 1], "texture": "#45"}
			}
		},
		{
			"from": [7, 7, 4.75],
			"to": [9, 8, 5.75],
			"faces": {
				"north": {"uv": [1, 1, 3, 2], "texture": "#45"},
				"east": {"uv": [0, 1, 1, 2], "texture": "#45"},
				"south": {"uv": [4, 1, 6, 2], "texture": "#45"},
				"west": {"uv": [3, 1, 4, 2], "texture": "#45"},
				"up": {"uv": [3, 1, 1, 0], "texture": "#45"},
				"down": {"uv": [5, 0, 3, 1], "texture": "#45"}
			}
		},
		{
			"from": [6.98674, 10.01396, 2.24831],
			"to": [8.98674, 10.01396, 3.74831],
			"faces": {
				"north": {"uv": [1, 1, 3, 2], "texture": "#45"},
				"east": {"uv": [0, 1, 1, 2], "texture": "#45"},
				"south": {"uv": [4, 1, 6, 2], "texture": "#45"},
				"west": {"uv": [3, 1, 4, 2], "texture": "#45"},
				"up": {"uv": [5, 1, 3, 0], "texture": "#45"},
				"down": {"uv": [5, 0, 3, 1], "texture": "#45"}
			}
		},
		{
			"from": [7.06605, 9.22431, 2.2487],
			"to": [8.06605, 10.22431, 3.7487],
			"rotation": {"angle": 22.5, "axis": "z", "origin": [8.06605, 7.47431, 7.9987]},
			"faces": {
				"north": {"uv": [1, 1, 2, 2], "texture": "#45"},
				"east": {"uv": [0, 1, 1, 2], "texture": "#45"},
				"south": {"uv": [3, 1, 4, 2], "texture": "#45"},
				"west": {"uv": [2, 1, 3, 2], "texture": "#45"},
				"up": {"uv": [2, 1, 1, 0], "texture": "#45"},
				"down": {"uv": [3, 0, 2, 1], "texture": "#45"}
			}
		},
		{
			"from": [13.91576, 7.92449, 2.89403],
			"to": [16.16576, 8.92449, 4.14403],
			"rotation": {"angle": 45, "axis": "y", "origin": [12.91576, 17.17449, 10.64403]},
			"faces": {
				"north": {"uv": [3, 2, 4, 1], "texture": "#45"},
				"east": {"uv": [2, 2, 3, 1], "texture": "#45"},
				"south": {"uv": [1, 2, 2, 1], "texture": "#45"},
				"west": {"uv": [0, 2, 1, 1], "texture": "#45"},
				"up": {"uv": [2, 0, 3, 1], "texture": "#45"},
				"down": {"uv": [1, 1, 2, 0], "texture": "#45"}
			}
		},
		{
			"from": [5.17335, 6.87194, 2.24957],
			"to": [6.17335, 7.87194, 3.74957],
			"rotation": {"angle": -22.5, "axis": "z", "origin": [7.92335, 7.87194, 7.99957]},
			"faces": {
				"north": {"uv": [1, 1, 2, 2], "texture": "#45"},
				"east": {"uv": [0, 1, 1, 2], "texture": "#45"},
				"south": {"uv": [3, 1, 4, 2], "texture": "#45"},
				"west": {"uv": [2, 1, 3, 2], "texture": "#45"},
				"up": {"uv": [2, 1, 1, 0], "texture": "#45"},
				"down": {"uv": [3, 0, 2, 1], "texture": "#45"}
			}
		},
		{
			"from": [7.0914, 6.99809, 2.21831],
			"to": [8.5914, 7.99809, 3.21831],
			"rotation": {"angle": 22.5, "axis": "y", "origin": [2.8414, -1.00191, 5.21831]},
			"faces": {
				"north": {"uv": [1, 1, 2, 2], "texture": "#45"},
				"east": {"uv": [0, 1, 1, 2], "texture": "#45"},
				"south": {"uv": [3, 1, 4, 2], "texture": "#45"},
				"west": {"uv": [2, 1, 3, 2], "texture": "#45"},
				"up": {"uv": [2, 1, 1, 0], "texture": "#45"},
				"down": {"uv": [3, 0, 2, 1], "texture": "#45"}
			}
		},
		{
			"from": [9.82665, 6.87194, 2.24957],
			"to": [10.82665, 7.87194, 3.74957],
			"rotation": {"angle": 22.5, "axis": "z", "origin": [8.07665, 7.87194, 7.99957]},
			"faces": {
				"north": {"uv": [1, 1, 2, 2], "texture": "#45"},
				"east": {"uv": [0, 1, 1, 2], "texture": "#45"},
				"south": {"uv": [3, 1, 4, 2], "texture": "#45"},
				"west": {"uv": [2, 1, 3, 2], "texture": "#45"},
				"up": {"uv": [2, 1, 1, 0], "texture": "#45"},
				"down": {"uv": [3, 0, 2, 1], "texture": "#45"}
			}
		},
		{
			"from": [9.71566, 6.68731, 2.24913],
			"to": [10.71566, 7.68731, 3.74913],
			"rotation": {"angle": 45, "axis": "z", "origin": [7.96566, 7.68731, 7.99913]},
			"faces": {
				"north": {"uv": [1, 1, 2, 2], "texture": "#45"},
				"east": {"uv": [0, 1, 1, 2], "texture": "#45"},
				"south": {"uv": [3, 1, 4, 2], "texture": "#45"},
				"west": {"uv": [2, 1, 3, 2], "texture": "#45"},
				"up": {"uv": [2, 1, 1, 0], "texture": "#45"},
				"down": {"uv": [3, 0, 2, 1], "texture": "#45"}
			}
		},
		{
			"from": [7.93395, 9.22431, 2.2487],
			"to": [8.93395, 10.22431, 3.7487],
			"rotation": {"angle": -22.5, "axis": "z", "origin": [7.93395, 7.47431, 7.9987]},
			"faces": {
				"north": {"uv": [1, 1, 2, 2], "texture": "#45"},
				"east": {"uv": [0, 1, 1, 2], "texture": "#45"},
				"south": {"uv": [3, 1, 4, 2], "texture": "#45"},
				"west": {"uv": [2, 1, 3, 2], "texture": "#45"},
				"up": {"uv": [2, 1, 1, 0], "texture": "#45"},
				"down": {"uv": [3, 0, 2, 1], "texture": "#45"}
			}
		},
		{
			"from": [5.28434, 6.68731, 2.24913],
			"to": [6.28434, 7.68731, 3.74913],
			"rotation": {"angle": -45, "axis": "z", "origin": [8.03434, 7.68731, 7.99913]},
			"faces": {
				"north": {"uv": [1, 1, 2, 2], "texture": "#45"},
				"east": {"uv": [0, 1, 1, 2], "texture": "#45"},
				"south": {"uv": [3, 1, 4, 2], "texture": "#45"},
				"west": {"uv": [2, 1, 3, 2], "texture": "#45"},
				"up": {"uv": [2, 1, 1, 0], "texture": "#45"},
				"down": {"uv": [3, 0, 2, 1], "texture": "#45"}
			}
		},
		{
			"from": [-0.16576, 7.92449, 2.89403],
			"to": [2.08424, 8.92449, 4.14403],
			"rotation": {"angle": -45, "axis": "y", "origin": [3.08424, 17.17449, 10.64403]},
			"faces": {
				"north": {"uv": [4, 2, 3, 1], "texture": "#45"},
				"east": {"uv": [1, 2, 0, 1], "texture": "#45"},
				"south": {"uv": [2, 2, 1, 1], "texture": "#45"},
				"west": {"uv": [3, 2, 2, 1], "texture": "#45"},
				"up": {"uv": [3, 0, 2, 1], "texture": "#45"},
				"down": {"uv": [2, 1, 1, 0], "texture": "#45"}
			}
		},
		{
			"from": [6.88878, 8.88104, 8.08208],
			"to": [8.13878, 9.38104, 9.08208],
			"rotation": {"angle": -45, "axis": "y", "origin": [12.88878, -0.86896, 5.58208]},
			"faces": {
				"north": {"uv": [2, 1, 1, 2], "texture": "#45"},
				"east": {"uv": [3, 1, 2, 2], "texture": "#45"},
				"south": {"uv": [4, 1, 3, 2], "texture": "#45"},
				"west": {"uv": [1, 1, 0, 2], "texture": "#45"},
				"up": {"uv": [1, 1, 2, 0], "texture": "#45"},
				"down": {"uv": [2, 0, 3, 1], "texture": "#45"}
			}
		},
		{
			"from": [7.86122, 8.88104, 8.08208],
			"to": [9.11122, 9.38104, 9.08208],
			"rotation": {"angle": 45, "axis": "y", "origin": [3.11122, -0.86896, 5.58208]},
			"faces": {
				"north": {"uv": [1, 1, 2, 2], "texture": "#45"},
				"east": {"uv": [0, 1, 1, 2], "texture": "#45"},
				"south": {"uv": [3, 1, 4, 2], "texture": "#45"},
				"west": {"uv": [2, 1, 3, 2], "texture": "#45"},
				"up": {"uv": [2, 1, 1, 0], "texture": "#45"},
				"down": {"uv": [3, 0, 2, 1], "texture": "#45"}
			}
		},
		{
			"from": [6.97309, 7.00566, 2.15758],
			"to": [7.97309, 8.00566, 3.65758],
			"rotation": {"angle": 22.5, "axis": "y", "origin": [9.97309, 8.00566, 7.90758]},
			"faces": {
				"north": {"uv": [1, 1, 2, 2], "texture": "#45"},
				"east": {"uv": [0, 1, 1, 2], "texture": "#45"},
				"south": {"uv": [3, 1, 4, 2], "texture": "#45"},
				"west": {"uv": [2, 1, 3, 2], "texture": "#45"},
				"up": {"uv": [2, 1, 1, 0], "texture": "#45"},
				"down": {"uv": [3, 0, 2, 1], "texture": "#45"}
			}
		},
		{
			"from": [6.31878, 7.00944, 6.6011],
			"to": [7.81878, 8.00944, 7.6011],
			"rotation": {"angle": -22.5, "axis": "y", "origin": [12.06878, 8.00944, 4.6011]},
			"faces": {
				"north": {"uv": [0, 1, 1, 2], "texture": "#45"},
				"east": {"uv": [3, 1, 4, 2], "texture": "#45"},
				"south": {"uv": [2, 1, 3, 2], "texture": "#45"},
				"west": {"uv": [1, 1, 2, 2], "texture": "#45"},
				"up": {"uv": [2, 1, 1, 0], "rotation": 270, "texture": "#45"},
				"down": {"uv": [3, 0, 2, 1], "rotation": 90, "texture": "#45"}
			}
		},
		{
			"from": [8.02691, 7.00566, 2.15758],
			"to": [9.02691, 8.00566, 3.65758],
			"rotation": {"angle": -22.5, "axis": "y", "origin": [6.02691, 8.00566, 7.90758]},
			"faces": {
				"north": {"uv": [2, 1, 1, 2], "texture": "#45"},
				"east": {"uv": [3, 1, 2, 2], "texture": "#45"},
				"south": {"uv": [4, 1, 3, 2], "texture": "#45"},
				"west": {"uv": [1, 1, 0, 2], "texture": "#45"},
				"up": {"uv": [1, 1, 2, 0], "texture": "#45"},
				"down": {"uv": [2, 0, 3, 1], "texture": "#45"}
			}
		},
		{
			"from": [8.18122, 7.00944, 6.6011],
			"to": [9.68122, 8.00944, 7.6011],
			"rotation": {"angle": 22.5, "axis": "y", "origin": [3.93122, 8.00944, 4.6011]},
			"faces": {
				"north": {"uv": [1, 1, 0, 2], "texture": "#45"},
				"east": {"uv": [2, 1, 1, 2], "texture": "#45"},
				"south": {"uv": [3, 1, 2, 2], "texture": "#45"},
				"west": {"uv": [4, 1, 3, 2], "texture": "#45"},
				"up": {"uv": [2, 0, 1, 1], "rotation": 270, "texture": "#45"},
				"down": {"uv": [3, 1, 2, 0], "rotation": 90, "texture": "#45"}
			}
		},
		{
			"from": [7.4086, 6.99809, 2.21831],
			"to": [8.9086, 7.99809, 3.21831],
			"rotation": {"angle": -22.5, "axis": "y", "origin": [13.1586, -1.00191, 5.21831]},
			"faces": {
				"north": {"uv": [2, 1, 1, 2], "texture": "#45"},
				"east": {"uv": [3, 1, 2, 2], "texture": "#45"},
				"south": {"uv": [4, 1, 3, 2], "texture": "#45"},
				"west": {"uv": [1, 1, 0, 2], "texture": "#45"},
				"up": {"uv": [1, 1, 2, 0], "texture": "#45"},
				"down": {"uv": [2, 0, 3, 1], "texture": "#45"}
			}
		},
		{
			"from": [6.91561, 7.92383, 4.75506],
			"to": [9.16561, 8.92383, 6.00506],
			"rotation": {"angle": -45, "axis": "y", "origin": [12.91561, -1.07617, 5.25506]},
			"faces": {
				"north": {"uv": [2, 1, 1, 2], "texture": "#45"},
				"east": {"uv": [3, 1, 2, 2], "texture": "#45"},
				"south": {"uv": [4, 1, 3, 2], "texture": "#45"},
				"west": {"uv": [1, 1, 0, 2], "texture": "#45"},
				"up": {"uv": [1, 1, 2, 0], "texture": "#45"},
				"down": {"uv": [2, 0, 3, 1], "texture": "#45"}
			}
		},
		{
			"from": [6.83439, 7.92383, 4.75506],
			"to": [9.08439, 8.92383, 6.00506],
			"rotation": {"angle": 45, "axis": "y", "origin": [3.08439, -1.07617, 5.25506]},
			"faces": {
				"north": {"uv": [1, 1, 2, 2], "texture": "#45"},
				"east": {"uv": [0, 1, 1, 2], "texture": "#45"},
				"south": {"uv": [3, 1, 4, 2], "texture": "#45"},
				"west": {"uv": [2, 1, 3, 2], "texture": "#45"},
				"up": {"uv": [2, 1, 1, 0], "texture": "#45"},
				"down": {"uv": [3, 0, 2, 1], "texture": "#45"}
			}
		},
		{
			"from": [7.61122, 8.88104, 5.33208],
			"to": [8.86122, 9.38104, 6.33208],
			"rotation": {"angle": 45, "axis": "y", "origin": [3.11122, -0.86896, 5.58208]},
			"faces": {
				"north": {"uv": [1, 1, 2, 2], "texture": "#45"},
				"east": {"uv": [0, 1, 1, 2], "texture": "#45"},
				"south": {"uv": [3, 1, 4, 2], "texture": "#45"},
				"west": {"uv": [2, 1, 3, 2], "texture": "#45"},
				"up": {"uv": [2, 1, 1, 0], "texture": "#45"},
				"down": {"uv": [3, 0, 2, 1], "texture": "#45"}
			}
		},
		{
			"from": [7.13878, 8.88104, 5.33208],
			"to": [8.38878, 9.38104, 6.33208],
			"rotation": {"angle": -45, "axis": "y", "origin": [12.88878, -0.86896, 5.58208]},
			"faces": {
				"north": {"uv": [2, 1, 1, 2], "texture": "#45"},
				"east": {"uv": [3, 1, 2, 2], "texture": "#45"},
				"south": {"uv": [4, 1, 3, 2], "texture": "#45"},
				"west": {"uv": [1, 1, 0, 2], "texture": "#45"},
				"up": {"uv": [1, 1, 2, 0], "texture": "#45"},
				"down": {"uv": [2, 0, 3, 1], "texture": "#45"}
			}
		},
		{
			"from": [7.38878, 9.38104, 5.83208],
			"to": [8.13878, 9.63104, 6.33208],
			"rotation": {"angle": -45, "axis": "y", "origin": [12.88878, -0.86896, 5.58208]},
			"faces": {
				"north": {"uv": [2, 1, 1, 2], "texture": "#45"},
				"east": {"uv": [3, 1, 2, 2], "texture": "#45"},
				"south": {"uv": [4, 1, 3, 2], "texture": "#45"},
				"west": {"uv": [1, 1, 0, 2], "texture": "#45"},
				"up": {"uv": [1, 1, 2, 0], "texture": "#45"},
				"down": {"uv": [2, 0, 3, 1], "texture": "#45"}
			}
		},
		{
			"from": [7.86122, 9.38104, 5.83208],
			"to": [8.61122, 9.63104, 6.33208],
			"rotation": {"angle": 45, "axis": "y", "origin": [3.11122, -0.86896, 5.58208]},
			"faces": {
				"north": {"uv": [1, 1, 2, 2], "texture": "#45"},
				"east": {"uv": [0, 1, 1, 2], "texture": "#45"},
				"south": {"uv": [3, 1, 4, 2], "texture": "#45"},
				"west": {"uv": [2, 1, 3, 2], "texture": "#45"},
				"up": {"uv": [2, 1, 1, 0], "texture": "#45"},
				"down": {"uv": [3, 0, 2, 1], "texture": "#45"}
			}
		},
		{
			"from": [6.86122, 9.38104, 6.83208],
			"to": [7.61122, 9.63104, 7.33208],
			"rotation": {"angle": 45, "axis": "y", "origin": [3.11122, -0.86896, 5.58208]},
			"faces": {
				"north": {"uv": [1, 1, 2, 2], "texture": "#45"},
				"east": {"uv": [0, 1, 1, 2], "texture": "#45"},
				"south": {"uv": [3, 1, 4, 2], "texture": "#45"},
				"west": {"uv": [2, 1, 3, 2], "texture": "#45"},
				"up": {"uv": [2, 1, 1, 0], "texture": "#45"},
				"down": {"uv": [3, 0, 2, 1], "texture": "#45"}
			}
		},
		{
			"from": [8.38878, 9.38104, 6.83208],
			"to": [9.13878, 9.63104, 7.33208],
			"rotation": {"angle": -45, "axis": "y", "origin": [12.88878, -0.86896, 5.58208]},
			"faces": {
				"north": {"uv": [2, 1, 1, 2], "texture": "#45"},
				"east": {"uv": [3, 1, 2, 2], "texture": "#45"},
				"south": {"uv": [4, 1, 3, 2], "texture": "#45"},
				"west": {"uv": [1, 1, 0, 2], "texture": "#45"},
				"up": {"uv": [1, 1, 2, 0], "texture": "#45"},
				"down": {"uv": [2, 0, 3, 1], "texture": "#45"}
			}
		},
		{
			"from": [7, 7, 0.25],
			"to": [9, 8, 1.25],
			"faces": {
				"north": {"uv": [1, 1, 3, 2], "texture": "#45"},
				"east": {"uv": [0, 1, 1, 2], "texture": "#45"},
				"south": {"uv": [4, 1, 6, 2], "texture": "#45"},
				"west": {"uv": [3, 1, 4, 2], "texture": "#45"},
				"up": {"uv": [3, 1, 1, 0], "texture": "#45"},
				"down": {"uv": [5, 0, 3, 1], "texture": "#45"}
			}
		},
		{
			"from": [10, 7, 2.25],
			"to": [11, 8, 3.75],
			"faces": {
				"north": {"uv": [1, 1, 2, 2], "texture": "#45"},
				"east": {"uv": [0, 1, 1, 2], "texture": "#45"},
				"south": {"uv": [3, 1, 4, 2], "texture": "#45"},
				"west": {"uv": [2, 1, 3, 2], "texture": "#45"},
				"up": {"uv": [2, 1, 1, 0], "texture": "#45"},
				"down": {"uv": [3, 0, 2, 1], "texture": "#45"}
			}
		},
		{
			"from": [5, 7, 2.25],
			"to": [6, 8, 3.75],
			"faces": {
				"north": {"uv": [1, 1, 2, 2], "texture": "#45"},
				"east": {"uv": [0, 1, 1, 2], "texture": "#45"},
				"south": {"uv": [3, 1, 4, 2], "texture": "#45"},
				"west": {"uv": [2, 1, 3, 2], "texture": "#45"},
				"up": {"uv": [2, 1, 1, 0], "texture": "#45"},
				"down": {"uv": [3, 0, 2, 1], "texture": "#45"}
			}
		},
		{
			"from": [11.85615, 7.00137, 1.57455],
			"to": [12.85615, 8.00137, 3.07455],
			"rotation": {"angle": 22.5, "axis": "y", "origin": [9.85615, 8.00137, 7.32455]},
			"faces": {
				"north": {"uv": [2, 1, 1, 2], "texture": "#45"},
				"east": {"uv": [3, 1, 2, 2], "texture": "#45"},
				"south": {"uv": [4, 1, 3, 2], "texture": "#45"},
				"west": {"uv": [1, 1, 0, 2], "texture": "#45"},
				"up": {"uv": [1, 1, 2, 0], "texture": "#45"},
				"down": {"uv": [2, 0, 3, 1], "texture": "#45"}
			}
		},
		{
			"from": [3.14385, 7.00137, 1.57455],
			"to": [4.14385, 8.00137, 3.07455],
			"rotation": {"angle": -22.5, "axis": "y", "origin": [6.14385, 8.00137, 7.32455]},
			"faces": {
				"north": {"uv": [1, 1, 2, 2], "texture": "#45"},
				"east": {"uv": [0, 1, 1, 2], "texture": "#45"},
				"south": {"uv": [3, 1, 4, 2], "texture": "#45"},
				"west": {"uv": [2, 1, 3, 2], "texture": "#45"},
				"up": {"uv": [2, 1, 1, 0], "texture": "#45"},
				"down": {"uv": [3, 0, 2, 1], "texture": "#45"}
			}
		}
	],
	"display": {
		"thirdperson_righthand": {
			"translation": [-0.25, 4, 4.5],
			"scale": [0.57, 0.57, 0.57]
		},
		"thirdperson_lefthand": {
			"translation": [-0.25, 4, 4.5],
			"scale": [0.57, 0.57, 0.57]
		},
		"firstperson_righthand": {
			"translation": [4.75, 0, 0]
		},
		"firstperson_lefthand": {
			"translation": [4.75, 0, 0]
		},
		"gui": {
			"translation": [-0.25, 3, 0]
		},
		"fixed": {
			"translation": [0, 4.25, 4.25]
		}
	},
	"groups": [
		{
			"name": "cone",
			"origin": [6.76717, 8.00258, 7.75254],
			"children": [0, 1, 2, 3, 4, 5, 6, 7, 8, 9, 10, 11, 12, 13, 14, 15, 16, 17, 18, 19, 20, 21, 22, 23, 24, 25, 26, 27, 28, 29, 30, 31, 32, 33, 34, 35, 36, 37, 38, 39, 40]
		},
		{
			"name": "ice",
			"origin": [6.14385, 8.00137, 7.32455],
			"children": [41, 42, 43, 44, 45, 46, 47, 48, 49, 50, 51, 52, 53, 54, 55, 56, 57, 58, 59, 60, 61, 62, 63, 64, 65, 66, 67, 68, 69, 70, 71, 72, 73, 74, 75, 76, 77]
		}
	]
}