{
	"__comment": "Designed by Uphset with Cubik Studio - https://cubik.studio",
	"textures": {
		"particle": "items/pilotwhale",
		"texture": "items/pilotwhale"
	},
	"elements": [ 	 
		{
			"__comment": "Voxels-1B1B1B",
			"from": [ 0, 4, 24.8 ],
			"to": [ 10.4, 6.4, 28.8 ],
			"faces": {
				"down": { "uv": [ 4.96, 0.96, 7.04, 3.04 ], "texture": "#texture" },
				"up": { "uv": [ 4.96, 0.96, 7.04, 3.04 ], "texture": "#texture" },
				"north": { "uv": [ 4.96, 0.96, 7.04, 3.04 ], "texture": "#texture" },
				"south": { "uv": [ 4.96, 0.96, 7.04, 3.04 ], "texture": "#texture" },
				"west": { "uv": [ 4.96, 0.96, 7.04, 3.04 ], "texture": "#texture" },
				"east": { "uv": [ 4.96, 0.96, 7.04, 3.04 ], "texture": "#texture" }
			}
		},
		{
			"__comment": "Voxels-1B1B1B",
			"from": [ 1.6, 0, 0 ],
			"to": [ 8.8, 7.2, 13.6 ],
			"faces": {
				"down": { "uv": [ 4.96, 0.96, 7.04, 3.04 ], "texture": "#texture" },
				"up": { "uv": [ 4.96, 0.96, 7.04, 3.04 ], "texture": "#texture" },
				"north": { "uv": [ 4.96, 0.96, 7.04, 3.04 ], "texture": "#texture" },
				"south": { "uv": [ 4.96, 0.96, 7.04, 3.04 ], "texture": "#texture" },
				"west": { "uv": [ 4.96, 0.96, 7.04, 3.04 ], "texture": "#texture" },
				"east": { "uv": [ 4.96, 0.96, 7.04, 3.04 ], "texture": "#texture" }
			}
		},
		{
			"__comment": "Voxels-1B1B1B",
			"from": [ 2.4, 0.8, -5.6 ],
			"to": [ 8, 6.4, -2.4 ],
			"faces": {
				"down": { "uv": [ 4.96, 0.96, 7.04, 3.04 ], "texture": "#texture" },
				"up": { "uv": [ 4.96, 0.96, 7.04, 3.04 ], "texture": "#texture" },
				"north": { "uv": [ 4.96, 0.96, 7.04, 3.04 ], "texture": "#texture" },
				"south": { "uv": [ 4.96, 0.96, 7.04, 3.04 ], "texture": "#texture" },
				"west": { "uv": [ 4.96, 0.96, 7.04, 3.04 ], "texture": "#texture" },
				"east": { "uv": [ 4.96, 0.96, 7.04, 3.04 ], "texture": "#texture" }
			}
		},
		{
			"__comment": "Voxels-1B1B1B",
			"from": [ 2.4, 0.8, -2.4 ],
			"to": [ 8, 2.4, 0.000000238 ],
			"faces": {
				"down": { "uv": [ 4.96, 0.96, 7.04, 3.04 ], "texture": "#texture" },
				"up": { "uv": [ 4.96, 0.96, 7.04, 3.04 ], "texture": "#texture" },
				"north": { "uv": [ 4.96, 0.96, 7.04, 3.04 ], "texture": "#texture" },
				"south": { "uv": [ 4.96, 0.96, 7.04, 3.04 ], "texture": "#texture" },
				"west": { "uv": [ 4.96, 0.96, 7.04, 3.04 ], "texture": "#texture" },
				"east": { "uv": [ 4.96, 0.96, 7.04, 3.04 ], "texture": "#texture" }
			}
		},
		{
			"__comment": "Voxels-1B1B1B",
			"from": [ 2.4, 0.8, 13.6 ],
			"to": [ 8, 6.4, 22.4 ],
			"faces": {
				"down": { "uv": [ 4.96, 0.96, 7.04, 3.04 ], "texture": "#texture" },
				"up": { "uv": [ 4.96, 0.96, 7.04, 3.04 ], "texture": "#texture" },
				"north": { "uv": [ 4.96, 0.96, 7.04, 3.04 ], "texture": "#texture" },
				"south": { "uv": [ 4.96, 0.96, 7.04, 3.04 ], "texture": "#texture" },
				"west": { "uv": [ 4.96, 0.96, 7.04, 3.04 ], "texture": "#texture" },
				"east": { "uv": [ 4.96, 0.96, 7.04, 3.04 ], "texture": "#texture" }
			}
		},
		{
			"__comment": "Voxels-000000",
			"from": [ 2.4, 2.4, -2.4 ],
			"to": [ 3.2, 3.2, -1.6 ],
			"faces": {
				"down": { "uv": [ 8.96, 0.96, 11.04, 3.04 ], "texture": "#texture" },
				"up": { "uv": [ 8.96, 0.96, 11.04, 3.04 ], "texture": "#texture" },
				"north": { "uv": [ 8.96, 0.96, 11.04, 3.04 ], "texture": "#texture" },
				"south": { "uv": [ 8.96, 0.96, 11.04, 3.04 ], "texture": "#texture" },
				"west": { "uv": [ 8.96, 0.96, 11.04, 3.04 ], "texture": "#texture" },
				"east": { "uv": [ 8.96, 0.96, 11.04, 3.04 ], "texture": "#texture" }
			}
		},
		{
			"__comment": "Voxels-1B1B1B",
			"from": [ 2.4, 2.4, -1.6 ],
			"to": [ 8, 6.4, 0.000000119 ],
			"faces": {
				"down": { "uv": [ 4.96, 0.96, 7.04, 3.04 ], "texture": "#texture" },
				"up": { "uv": [ 4.96, 0.96, 7.04, 3.04 ], "texture": "#texture" },
				"north": { "uv": [ 4.96, 0.96, 7.04, 3.04 ], "texture": "#texture" },
				"south": { "uv": [ 4.96, 0.96, 7.04, 3.04 ], "texture": "#texture" },
				"west": { "uv": [ 4.96, 0.96, 7.04, 3.04 ], "texture": "#texture" },
				"east": { "uv": [ 4.96, 0.96, 7.04, 3.04 ], "texture": "#texture" }
			}
		},
		{
			"__comment": "Voxels-1B1B1B",
			"from": [ 2.4, 3.2, -2.4 ],
			"to": [ 8, 6.4, -1.6 ],
			"faces": {
				"down": { "uv": [ 4.96, 0.96, 7.04, 3.04 ], "texture": "#texture" },
				"up": { "uv": [ 4.96, 0.96, 7.04, 3.04 ], "texture": "#texture" },
				"north": { "uv": [ 4.96, 0.96, 7.04, 3.04 ], "texture": "#texture" },
				"south": { "uv": [ 4.96, 0.96, 7.04, 3.04 ], "texture": "#texture" },
				"west": { "uv": [ 4.96, 0.96, 7.04, 3.04 ], "texture": "#texture" },
				"east": { "uv": [ 4.96, 0.96, 7.04, 3.04 ], "texture": "#texture" }
			}
		},
		{
			"__comment": "Voxels-1B1B1B",
			"from": [ 3.2, 0, -4 ],
			"to": [ 7.2, 0.8, 0 ],
			"faces": {
				"down": { "uv": [ 4.96, 0.96, 7.04, 3.04 ], "texture": "#texture" },
				"up": { "uv": [ 4.96, 0.96, 7.04, 3.04 ], "texture": "#texture" },
				"north": { "uv": [ 4.96, 0.96, 7.04, 3.04 ], "texture": "#texture" },
				"south": { "uv": [ 4.96, 0.96, 7.04, 3.04 ], "texture": "#texture" },
				"west": { "uv": [ 4.96, 0.96, 7.04, 3.04 ], "texture": "#texture" },
				"east": { "uv": [ 4.96, 0.96, 7.04, 3.04 ], "texture": "#texture" }
			}
		},
		{
			"__comment": "Voxels-1B1B1B",
			"from": [ 3.2, 2.4, -2.4 ],
			"to": [ 7.2, 3.2, -1.6 ],
			"faces": {
				"down": { "uv": [ 4.96, 0.96, 7.04, 3.04 ], "texture": "#texture" },
				"up": { "uv": [ 4.96, 0.96, 7.04, 3.04 ], "texture": "#texture" },
				"north": { "uv": [ 4.96, 0.96, 7.04, 3.04 ], "texture": "#texture" },
				"south": { "uv": [ 4.96, 0.96, 7.04, 3.04 ], "texture": "#texture" },
				"west": { "uv": [ 4.96, 0.96, 7.04, 3.04 ], "texture": "#texture" },
				"east": { "uv": [ 4.96, 0.96, 7.04, 3.04 ], "texture": "#texture" }
			}
		},
		{
			"__comment": "Voxels-000000",
			"from": [ 7.2, 2.4, -2.4 ],
			"to": [ 8, 3.2, -1.6 ],
			"faces": {
				"down": { "uv": [ 8.96, 0.96, 11.04, 3.04 ], "texture": "#texture" },
				"up": { "uv": [ 8.96, 0.96, 11.04, 3.04 ], "texture": "#texture" },
				"north": { "uv": [ 8.96, 0.96, 11.04, 3.04 ], "texture": "#texture" },
				"south": { "uv": [ 8.96, 0.96, 11.04, 3.04 ], "texture": "#texture" },
				"west": { "uv": [ 8.96, 0.96, 11.04, 3.04 ], "texture": "#texture" },
				"east": { "uv": [ 8.96, 0.96, 11.04, 3.04 ], "texture": "#texture" }
			}
		},
		{
			"__comment": "Voxels-1B1B1B",
			"from": [ 8, 2.4, 3.2 ],
			"to": [ 12.8, 3.2, 7.2 ],
			"rotation": { "origin": [ 8, 2.4, 3.2 ], "axis": "z", "angle": -22.5 },
			"faces": {
				"down": { "uv": [ 4.96, 0.96, 7.04, 3.04 ], "texture": "#texture" },
				"up": { "uv": [ 4.96, 0.96, 7.04, 3.04 ], "texture": "#texture" },
				"north": { "uv": [ 4.96, 0.96, 7.04, 3.04 ], "texture": "#texture" },
				"south": { "uv": [ 4.96, 0.96, 7.04, 3.04 ], "texture": "#texture" },
				"west": { "uv": [ 4.96, 0.96, 7.04, 3.04 ], "texture": "#texture" },
				"east": { "uv": [ 4.96, 0.96, 7.04, 3.04 ], "texture": "#texture" }
			}
		},
		{
			"__comment": "Voxels-1B1B1B",
			"from": [ -1.6, 0, 3.2 ],
			"to": [ 3.2, 0.8, 7.2 ],
			"rotation": { "origin": [ -1.6, 0, 3.2 ], "axis": "z", "angle": 22.5 },
			"faces": {
				"down": { "uv": [ 4.96, 0.96, 7.04, 3.04 ], "texture": "#texture" },
				"up": { "uv": [ 4.96, 0.96, 7.04, 3.04 ], "texture": "#texture" },
				"north": { "uv": [ 4.96, 0.96, 7.04, 3.04 ], "texture": "#texture" },
				"south": { "uv": [ 4.96, 0.96, 7.04, 3.04 ], "texture": "#texture" },
				"west": { "uv": [ 4.96, 0.96, 7.04, 3.04 ], "texture": "#texture" },
				"east": { "uv": [ 4.96, 0.96, 7.04, 3.04 ], "texture": "#texture" }
			}
		},
		{
			"__comment": "Voxels-1B1B1B",
			"from": [ 1.6, 2.4, 22.4 ],
			"to": [ 8.8, 4.8, 25.6 ],
			"rotation": { "origin": [ 1.6, 2.4, 22.4 ], "axis": "x", "angle": -22.5 },
			"faces": {
				"down": { "uv": [ 4.96, 0.96, 7.04, 3.04 ], "texture": "#texture" },
				"up": { "uv": [ 4.96, 0.96, 7.04, 3.04 ], "texture": "#texture" },
				"north": { "uv": [ 4.96, 0.96, 7.04, 3.04 ], "texture": "#texture" },
				"south": { "uv": [ 4.96, 0.96, 7.04, 3.04 ], "texture": "#texture" },
				"west": { "uv": [ 4.96, 0.96, 7.04, 3.04 ], "texture": "#texture" },
				"east": { "uv": [ 4.96, 0.96, 7.04, 3.04 ], "texture": "#texture" }
			}
		},
		{
			"__comment": "Voxels-1B1B1B",
			"from": [ 4.8, 5.6, 7.2 ],
			"to": [ 5.6, 7.2, 12.8 ],
			"rotation": { "origin": [ 4.8, 5.6, 7.2 ], "axis": "x", "angle": -22.5 },
			"faces": {
				"down": { "uv": [ 4.96, 0.96, 7.04, 3.04 ], "texture": "#texture" },
				"up": { "uv": [ 4.96, 0.96, 7.04, 3.04 ], "texture": "#texture" },
				"north": { "uv": [ 4.96, 0.96, 7.04, 3.04 ], "texture": "#texture" },
				"south": { "uv": [ 4.96, 0.96, 7.04, 3.04 ], "texture": "#texture" },
				"west": { "uv": [ 4.96, 0.96, 7.04, 3.04 ], "texture": "#texture" },
				"east": { "uv": [ 4.96, 0.96, 7.04, 3.04 ], "texture": "#texture" }
			}
		}
	],
	"display": {
		"thirdperson_righthand": {
			"rotation":  [ 90, 0, 0 ],
			"translation":  [ 1.3912, -1.39, 1.3913 ],
			"scale":  [ 0.5, 0.5, 0.5 ]
		},
		"thirdperson_lefthand": {
			"rotation":  [ 90, 0, 0 ],
			"translation":  [ -1.391, -0.694, 1.3913 ],
			"scale":  [ 0.5, 0.5, 0.5 ]
		},
		"firstperson_righthand": {
			"rotation":  [ 59, 0, -33 ],
			"translation":  [ 5.5652, 0, 0 ],
			"scale":  [ 0.5, 0.5, 0.5 ]
		},
		"firstperson_lefthand": {
			"rotation":  [ 69, 0, -33 ],
			"translation":  [ 5.5652, 0, 0 ],
			"scale":  [ 0.5, 0.5, 0.5 ]
		},
		"gui": {
			"rotation":  [ 0, 180, 0 ],
			"translation":  [ -2.782, 2.7826, 0 ]
		},
		"head": {
			"translation":  [ 14.606, 7.6501, 16.694 ],
			"scale":  [ 6, 6, 6 ]
		},
		"ground": {
			"translation":  [ 0, 7.6521, 0 ]
		},
		"fixed": {
			"rotation":  [ 0, 90, 0 ],
			"translation":  [ -4.868, 15.304, 0 ],
			"scale":  [ 3.5, 3.5, 3.5 ]
		}
	}
}