{
"__comment": "Designed by Itszender with BDcraft Cubik PRO 0.93 Beta - http://bdcraft.net",
"textures": {
    "texture": "blocks/snailtextures"
},
"elements": [ 
{
    "from": [ 7.5, 0, 7.375 ],
    "to": [ 9.5, 2, 9.125 ],
    "faces": {
        "down":  { "uv": [ 0, 10, 2, 16 ], "texture": "#texture" },
        "up":    { "uv": [ 0, 10, 2, 16 ], "texture": "#texture" },
        "north": { "uv": [ 6, 10, 0, 16 ], "texture": "#texture" },
        "south": { "uv": [ 0, 10, 6, 16 ], "texture": "#texture" },
        "west":  { "uv": [ 0, 10, 2, 16 ], "texture": "#texture" },
        "east":  { "uv": [ 0, 10, 1.5, 16 ], "texture": "#texture" }
    }
}
],
"display": {
    "head": {
        "rotation": [ 0, -90, 0 ],
        "translation": [ 0.6, -7, 0 ],
        "scale": [ 4, 4, 4 ]
    }
}
}