{
"__comment": "Designed by Teamwooloo with BDcraft Cubik PRO 0.93 Beta - http://bdcraft.net",
"textures": {
    "wool_colored_silver": "blocks/lapis_block",
    "quartz_block_bottom": "blocks/quartz_block_bottom",
    "coal_block": "blocks/coal_block"
},
"elements": [ 
{
    "from": [ 4.4, 6.3, 3.35 ],
    "to": [ 11.6, 12.15, 22.25 ],
    "faces": {
        "down":  { "uv": [ 12, 16, 4, 0 ], "texture": "#wool_colored_silver" },
        "up":    { "uv": [ 4, 0, 12, 16 ], "texture": "#wool_colored_silver" },
        "north": { "uv": [ 4, 2.5, 12, 9 ], "texture": "#wool_colored_silver" },
        "south": { "uv": [ 4, 2.5, 12, 9 ], "texture": "#wool_colored_silver" },
        "west":  { "uv": [ 0, 2.5, 16, 9 ], "texture": "#wool_colored_silver" },
        "east":  { "uv": [ 0, 2.5, 16, 9 ], "texture": "#wool_colored_silver" }
    }
},
{
    "from": [ 4.4, 9, 21.35 ],
    "to": [ 11.6, 12.15, 28.55 ],
    "rotation": { "origin": [ 4.4, 12.15, 21.35 ], "axis": "x", "angle": 22.5 },
    "faces": {
        "down":  { "uv": [ 12, 16, 4, 12 ], "texture": "#wool_colored_silver" },
        "up":    { "uv": [ 4, 12, 12, 16 ], "texture": "#wool_colored_silver" },
        "north": { "uv": [ 4, 5, 12, 6.5 ], "texture": "#wool_colored_silver" },
        "south": { "uv": [ 4, 5, 12, 6.5 ], "texture": "#wool_colored_silver" },
        "west":  { "uv": [ 12, 5, 16, 6.5 ], "texture": "#wool_colored_silver" },
        "east":  { "uv": [ 0, 5, 4, 6.5 ], "texture": "#wool_colored_silver" }
    }
},
{
    "from": [ 4.4, 5.85, 12.8 ],
    "to": [ 11.6, 11.25, 28.55 ],
    "faces": {
        "down":  { "uv": [ 12, 16, 4, 10 ], "texture": "#wool_colored_silver" },
        "up":    { "uv": [ 4, 10, 12, 16 ], "texture": "#wool_colored_silver" },
        "north": { "uv": [ 4, 3.5, 12, 9.5 ], "texture": "#wool_colored_silver" },
        "south": { "uv": [ 4, 3.5, 12, 9.5 ], "texture": "#wool_colored_silver" },
        "west":  { "uv": [ 10, 3.5, 16, 9.5 ], "texture": "#wool_colored_silver" },
        "east":  { "uv": [ 0, 3.5, 6, 9.5 ], "texture": "#wool_colored_silver" }
    }
},
{
    "from": [ 4.4, 4.05, 20 ],
    "to": [ 11.6, 8.1, 27.65 ],
    "rotation": { "origin": [ 4.4, 8.1, 20 ], "axis": "x", "angle": -22.5 },
    "faces": {
        "down":  { "uv": [ 12, 16, 4, 12 ], "texture": "#wool_colored_silver" },
        "up":    { "uv": [ 4, 12, 12, 16 ], "texture": "#wool_colored_silver" },
        "north": { "uv": [ 4, 5, 12, 6.5 ], "texture": "#wool_colored_silver" },
        "south": { "uv": [ 4, 5, 12, 6.5 ], "texture": "#wool_colored_silver" },
        "west":  { "uv": [ 12, 5, 16, 6.5 ], "texture": "#wool_colored_silver" },
        "east":  { "uv": [ 0, 5, 4, 6.5 ], "texture": "#wool_colored_silver" }
    }
},
{
    "from": [ 4.85, 5.4, 17.75 ],
    "to": [ 11.15, 8.1, 26.75 ],
    "rotation": { "origin": [ 4.85, 8.1, 17.75 ], "axis": "x", "angle": 22.5 },
    "faces": {
        "down":  { "uv": [ 12, 16, 4, 12 ], "texture": "#quartz_block_bottom" },
        "up":    { "uv": [ 4, 12, 12, 16 ], "texture": "#quartz_block_bottom" },
        "north": { "uv": [ 4, 5, 12, 6.5 ], "texture": "#quartz_block_bottom" },
        "south": { "uv": [ 4, 5, 12, 6.5 ], "texture": "#quartz_block_bottom" },
        "west":  { "uv": [ 12, 5, 16, 6.5 ], "texture": "#quartz_block_bottom" },
        "east":  { "uv": [ 0, 5, 4, 6.5 ], "texture": "#quartz_block_bottom" }
    }
},
{
    "from": [ 5.3, 5.85, 15.5 ],
    "to": [ 10.7, 10.35, 31.25 ],
    "faces": {
        "down":  { "uv": [ 11, 16, 5, 6 ], "texture": "#wool_colored_silver" },
        "up":    { "uv": [ 5, 6, 11, 16 ], "texture": "#wool_colored_silver" },
        "north": { "uv": [ 5, 4.5, 11, 9.5 ], "texture": "#wool_colored_silver" },
        "south": { "uv": [ 5, 4.5, 11, 9.5 ], "texture": "#wool_colored_silver" },
        "west":  { "uv": [ 6, 4.5, 16, 9.5 ], "texture": "#wool_colored_silver" },
        "east":  { "uv": [ 0, 4.5, 10, 9.5 ], "texture": "#wool_colored_silver" }
    }
},
{
    "from": [ 4.4, 5.85, 28.1 ],
    "to": [ 6.2, 10.35, 31.7 ],
    "rotation": { "origin": [ 4.4, 5.85, 28.1 ], "axis": "y", "angle": 22.5 },
    "faces": {
        "down":  { "uv": [ 11, 16, 5, 6 ], "texture": "#wool_colored_silver" },
        "up":    { "uv": [ 5, 6, 11, 16 ], "texture": "#wool_colored_silver" },
        "north": { "uv": [ 5, 4.5, 11, 9.5 ], "texture": "#wool_colored_silver" },
        "south": { "uv": [ 5, 4.5, 11, 9.5 ], "texture": "#wool_colored_silver" },
        "west":  { "uv": [ 6, 4.5, 16, 9.5 ], "texture": "#wool_colored_silver" },
        "east":  { "uv": [ 0, 4.5, 10, 9.5 ], "texture": "#wool_colored_silver" }
    }
},
{
    "from": [ 10.25, 5.85, 27.1875 ],
    "to": [ 12.05, 10.35, 30.7875 ],
    "rotation": { "origin": [ 10.25, 5.85, 27.1875 ], "axis": "y", "angle": -22.5 },
    "faces": {
        "down":  { "uv": [ 11, 16, 5, 6 ], "texture": "#wool_colored_silver" },
        "up":    { "uv": [ 5, 6, 11, 16 ], "texture": "#wool_colored_silver" },
        "north": { "uv": [ 5, 4.5, 11, 9.5 ], "texture": "#wool_colored_silver" },
        "south": { "uv": [ 5, 4.5, 11, 9.5 ], "texture": "#wool_colored_silver" },
        "west":  { "uv": [ 6, 4.5, 16, 9.5 ], "texture": "#wool_colored_silver" },
        "east":  { "uv": [ 0, 4.5, 10, 9.5 ], "texture": "#wool_colored_silver" }
    }
},
{
    "from": [ 5.75, 2.25, 24.05 ],
    "to": [ 10.25, 4.5, 28.1 ],
    "faces": {
        "down":  { "uv": [ 12, 16, 4, 12 ], "texture": "#quartz_block_bottom" },
        "up":    { "uv": [ 4, 12, 12, 16 ], "texture": "#quartz_block_bottom" },
        "north": { "uv": [ 4, 5, 12, 6.5 ], "texture": "#quartz_block_bottom" },
        "south": { "uv": [ 4, 5, 12, 6.5 ], "texture": "#quartz_block_bottom" },
        "west":  { "uv": [ 12, 5, 16, 6.5 ], "texture": "#quartz_block_bottom" },
        "east":  { "uv": [ 0, 5, 4, 6.5 ], "texture": "#quartz_block_bottom" }
    }
},
{
    "from": [ 4.4, 2.25, 25.4 ],
    "to": [ 7.1, 4.5, 28.55 ],
    "rotation": { "origin": [ 4.4, 2.25, 25.4 ], "axis": "y", "angle": 22.5 },
    "faces": {
        "down":  { "uv": [ 12, 16, 4, 12 ], "texture": "#quartz_block_bottom" },
        "up":    { "uv": [ 4, 12, 12, 16 ], "texture": "#quartz_block_bottom" },
        "north": { "uv": [ 4, 5, 12, 6.5 ], "texture": "#quartz_block_bottom" },
        "south": { "uv": [ 4, 5, 12, 6.5 ], "texture": "#quartz_block_bottom" },
        "west":  { "uv": [ 12, 5, 16, 6.5 ], "texture": "#quartz_block_bottom" },
        "east":  { "uv": [ 0, 5, 4, 6.5 ], "texture": "#quartz_block_bottom" }
    }
},
{
    "from": [ 9.35, 2.25, 24.5 ],
    "to": [ 12.05, 4.5, 27.65 ],
    "rotation": { "origin": [ 9.35, 2.25, 24.5 ], "axis": "y", "angle": -22.5 },
    "faces": {
        "down":  { "uv": [ 12, 16, 4, 12 ], "texture": "#quartz_block_bottom" },
        "up":    { "uv": [ 4, 12, 12, 16 ], "texture": "#quartz_block_bottom" },
        "north": { "uv": [ 4, 5, 12, 6.5 ], "texture": "#quartz_block_bottom" },
        "south": { "uv": [ 4, 5, 12, 6.5 ], "texture": "#quartz_block_bottom" },
        "west":  { "uv": [ 12, 5, 16, 6.5 ], "texture": "#quartz_block_bottom" },
        "east":  { "uv": [ 0, 5, 4, 6.5 ], "texture": "#quartz_block_bottom" }
    }
},
{
    "from": [ 5.3, 4.5, -3.4 ],
    "to": [ 10.7, 11.25, 9.65 ],
    "faces": {
        "down":  { "uv": [ 5, -15, 11, -0.5 ], "texture": "#wool_colored_silver" },
        "up":    { "uv": [ 5, 0, 11, 14.5 ], "texture": "#wool_colored_silver" },
        "north": { "uv": [ 5, 3.5, 11, 11 ], "texture": "#wool_colored_silver" },
        "south": { "uv": [ 5, 3.5, 11, 11 ], "texture": "#wool_colored_silver" },
        "west":  { "uv": [ 0, 3.5, 14.5, 11 ], "texture": "#wool_colored_silver" },
        "east":  { "uv": [ 0, 3.5, 14.5, 11 ], "texture": "#wool_colored_silver" }
    }
},
{
    "from": [ 5.3, 4.05, 2 ],
    "to": [ 10.7, 6.75, 6.05 ],
    "rotation": { "origin": [ 5.3, 6.75, 2 ], "axis": "x", "angle": 22.5 },
    "faces": {
        "down":  { "uv": [ 11, 0, 5, 0 ], "texture": "#wool_colored_silver" },
        "up":    { "uv": [ 5, 0, 11, 0 ], "texture": "#wool_colored_silver" },
        "north": { "uv": [ 5, 7, 11, 14.5 ], "texture": "#wool_colored_silver" },
        "south": { "uv": [ 5, 7, 11, 14.5 ], "texture": "#wool_colored_silver" },
        "west":  { "uv": [ 0, 7, 0, 14.5 ], "texture": "#wool_colored_silver" },
        "east":  { "uv": [ 16, 7, 16, 14.5 ], "texture": "#wool_colored_silver" }
    }
},
{
    "from": [ 5.3, 8.1, 1.1 ],
    "to": [ 10.7, 10.8, 5.15 ],
    "rotation": { "origin": [ 5.3, 10.8, 1.1 ], "axis": "x", "angle": -22.5 },
    "faces": {
        "down":  { "uv": [ 11, 0, 5, 0 ], "texture": "#wool_colored_silver" },
        "up":    { "uv": [ 5, 0, 11, 0 ], "texture": "#wool_colored_silver" },
        "north": { "uv": [ 5, 7, 11, 14.5 ], "texture": "#wool_colored_silver" },
        "south": { "uv": [ 5, 7, 11, 14.5 ], "texture": "#wool_colored_silver" },
        "west":  { "uv": [ 0, 7, 0, 14.5 ], "texture": "#wool_colored_silver" },
        "east":  { "uv": [ 16, 7, 16, 14.5 ], "texture": "#wool_colored_silver" }
    }
},
{
    "from": [ 8.45, 4.5, 1.55 ],
    "to": [ 10.25, 11.25, 6.05 ],
    "rotation": { "origin": [ 8.45, 4.5, 1.55 ], "axis": "y", "angle": 22.5 },
    "faces": {
        "down":  { "uv": [ 5.5, 0, 0, 0 ], "texture": "#wool_colored_silver" },
        "up":    { "uv": [ 10.5, 0, 16, 0 ], "texture": "#wool_colored_silver" },
        "north": { "uv": [ 0, 3.5, 5.5, 11 ], "texture": "#wool_colored_silver" },
        "south": { "uv": [ 10.5, 3.5, 16, 11 ], "texture": "#wool_colored_silver" },
        "west":  { "uv": [ 0, 3.5, 0, 11 ], "texture": "#wool_colored_silver" },
        "east":  { "uv": [ 16, 3.5, 16, 11 ], "texture": "#wool_colored_silver" }
    }
},
{
    "from": [ 6.2, 4.5, 0.65 ],
    "to": [ 8, 11.25, 5.15 ],
    "rotation": { "origin": [ 6.2, 4.5, 0.65 ], "axis": "y", "angle": -22.5 },
    "faces": {
        "down":  { "uv": [ 5.5, 0, 0, 0 ], "texture": "#wool_colored_silver" },
        "up":    { "uv": [ 10.5, 0, 16, 0 ], "texture": "#wool_colored_silver" },
        "north": { "uv": [ 0, 3.5, 5.5, 11 ], "texture": "#wool_colored_silver" },
        "south": { "uv": [ 10.5, 3.5, 16, 11 ], "texture": "#wool_colored_silver" },
        "west":  { "uv": [ 0, 3.5, 0, 11 ], "texture": "#wool_colored_silver" },
        "east":  { "uv": [ 16, 3.5, 16, 11 ], "texture": "#wool_colored_silver" }
    }
},
{
    "from": [ 7.55, 11.7, 9.65 ],
    "to": [ 8.45, 16.2, 20 ],
    "rotation": { "origin": [ 7.55, 16.2, 9.65 ], "axis": "x", "angle": 22.5 },
    "faces": {
        "down":  { "uv": [ 7.5, 1.5, 8.5, 13 ], "texture": "#wool_colored_silver" },
        "up":    { "uv": [ 7.5, 1.5, 8.5, 13 ], "texture": "#wool_colored_silver" },
        "north": { "uv": [ 7.5, 0, 8.5, 5 ], "texture": "#wool_colored_silver" },
        "south": { "uv": [ 7.5, 0, 8.5, 5 ], "texture": "#wool_colored_silver" },
        "west":  { "uv": [ 1.5, 0, 13, 5 ], "texture": "#wool_colored_silver" },
        "east":  { "uv": [ 1.5, 0, 13, 5 ], "texture": "#wool_colored_silver" }
    }
},
{
    "from": [ -1.45, 3.15, 12.8 ],
    "to": [ 6.2, 4.05, 18.2 ],
    "rotation": { "origin": [ -1.45, 4.05, 12.8 ], "axis": "z", "angle": 22.5 },
    "faces": {
        "down":  { "uv": [ -2.5, 3, 6, 9 ], "texture": "#wool_colored_silver" },
        "up":    { "uv": [ 0, 3, 8.5, 9 ], "texture": "#wool_colored_silver" },
        "north": { "uv": [ 0, 11.5, 8.5, 12.5 ], "texture": "#wool_colored_silver" },
        "south": { "uv": [ 0, 11.5, 8.5, 12.5 ], "texture": "#wool_colored_silver" },
        "west":  { "uv": [ 3, 11.5, 9, 12.5 ], "texture": "#wool_colored_silver" },
        "east":  { "uv": [ 3, 11.5, 9, 12.5 ], "texture": "#wool_colored_silver" }
    }
},
{
    "from": [ 10.25, 6.3, 12.8 ],
    "to": [ 17.9, 7.2, 18.2 ],
    "rotation": { "origin": [ 10.25, 7.2, 12.8 ], "axis": "z", "angle": -22.5 },
    "faces": {
        "down":  { "uv": [ -2.5, 3, 6, 9 ], "texture": "#wool_colored_silver" },
        "up":    { "uv": [ 0, 3, 8.5, 9 ], "texture": "#wool_colored_silver" },
        "north": { "uv": [ 0, 11.5, 8.5, 12.5 ], "texture": "#wool_colored_silver" },
        "south": { "uv": [ 0, 11.5, 8.5, 12.5 ], "texture": "#wool_colored_silver" },
        "west":  { "uv": [ 3, 11.5, 9, 12.5 ], "texture": "#wool_colored_silver" },
        "east":  { "uv": [ 3, 11.5, 9, 12.5 ], "texture": "#wool_colored_silver" }
    }
},
{
    "from": [ 5.75, 5.85, -11.95 ],
    "to": [ 10.25, 10.35, -7 ],
    "faces": {
        "down":  { "uv": [ 5, -15, 11, -0.5 ], "texture": "#wool_colored_silver" },
        "up":    { "uv": [ 5, 0, 11, 14.5 ], "texture": "#wool_colored_silver" },
        "north": { "uv": [ 5, 3.5, 11, 11 ], "texture": "#wool_colored_silver" },
        "south": { "uv": [ 5, 3.5, 11, 11 ], "texture": "#wool_colored_silver" },
        "west":  { "uv": [ 0, 3.5, 14.5, 11 ], "texture": "#wool_colored_silver" },
        "east":  { "uv": [ 0, 3.5, 14.5, 11 ], "texture": "#wool_colored_silver" }
    }
},
{
    "from": [ 5.75, 5.4, -8.8 ],
    "to": [ 10.25, 10.8, 0.2 ],
    "faces": {
        "down":  { "uv": [ 5, -15, 11, -0.5 ], "texture": "#wool_colored_silver" },
        "up":    { "uv": [ 5, 0, 11, 14.5 ], "texture": "#wool_colored_silver" },
        "north": { "uv": [ 5, 3.5, 11, 11 ], "texture": "#wool_colored_silver" },
        "south": { "uv": [ 5, 3.5, 11, 11 ], "texture": "#wool_colored_silver" },
        "west":  { "uv": [ 0, 3.5, 14.5, 11 ], "texture": "#wool_colored_silver" },
        "east":  { "uv": [ 0, 3.5, 14.5, 11 ], "texture": "#wool_colored_silver" }
    }
},
{
    "from": [ 7.5625, 10.85, -13.5 ],
    "to": [ 8.4625, 14, -7.2 ],
    "rotation": { "origin": [ 7.5625, 14, -13.5 ], "axis": "x", "angle": 45 },
    "faces": {
        "down":  { "uv": [ 5, -15, 11, -0.5 ], "texture": "#wool_colored_silver" },
        "up":    { "uv": [ 5, 0, 11, 14.5 ], "texture": "#wool_colored_silver" },
        "north": { "uv": [ 5, 3.5, 11, 11 ], "texture": "#wool_colored_silver" },
        "south": { "uv": [ 5, 3.5, 11, 11 ], "texture": "#wool_colored_silver" },
        "west":  { "uv": [ 0, 3.5, 14.5, 11 ], "texture": "#wool_colored_silver" },
        "east":  { "uv": [ 0, 3.5, 14.5, 11 ], "texture": "#wool_colored_silver" }
    }
},
{
    "from": [ 7.55, 3.15, -13.75 ],
    "to": [ 8.45, 5.4, -9.25 ],
    "rotation": { "origin": [ 7.55, 5.4, -13.75 ], "axis": "x", "angle": -45 },
    "faces": {
        "down":  { "uv": [ 5, -15, 11, -0.5 ], "texture": "#wool_colored_silver" },
        "up":    { "uv": [ 5, 0, 11, 14.5 ], "texture": "#wool_colored_silver" },
        "north": { "uv": [ 5, 3.5, 11, 11 ], "texture": "#wool_colored_silver" },
        "south": { "uv": [ 5, 3.5, 11, 11 ], "texture": "#wool_colored_silver" },
        "west":  { "uv": [ 0, 3.5, 14.5, 11 ], "texture": "#wool_colored_silver" },
        "east":  { "uv": [ 0, 3.5, 14.5, 11 ], "texture": "#wool_colored_silver" }
    }
},
{
    "from": [ 7.55, 11.7, -15.55 ],
    "to": [ 8.45, 13.95, -13.3 ],
    "faces": {
        "down":  { "uv": [ 5, -15, 11, -0.5 ], "texture": "#wool_colored_silver" },
        "up":    { "uv": [ 5, 0, 11, 14.5 ], "texture": "#wool_colored_silver" },
        "north": { "uv": [ 5, 3.5, 11, 11 ], "texture": "#wool_colored_silver" },
        "south": { "uv": [ 5, 3.5, 11, 11 ], "texture": "#wool_colored_silver" },
        "west":  { "uv": [ 0, 3.5, 14.5, 11 ], "texture": "#wool_colored_silver" },
        "east":  { "uv": [ 0, 3.5, 14.5, 11 ], "texture": "#wool_colored_silver" }
    }
},
{
    "from": [ 7.55, 3.6, -13.75 ],
    "to": [ 8.45, 5.4, -11.95 ],
    "faces": {
        "down":  { "uv": [ 5, -15, 11, -0.5 ], "texture": "#wool_colored_silver" },
        "up":    { "uv": [ 5, 0, 11, 14.5 ], "texture": "#wool_colored_silver" },
        "north": { "uv": [ 5, 3.5, 11, 11 ], "texture": "#wool_colored_silver" },
        "south": { "uv": [ 5, 3.5, 11, 11 ], "texture": "#wool_colored_silver" },
        "west":  { "uv": [ 0, 3.5, 14.5, 11 ], "texture": "#wool_colored_silver" },
        "east":  { "uv": [ 0, 3.5, 14.5, 11 ], "texture": "#wool_colored_silver" }
    }
},
{
    "from": [ 7.55, 10.35, -2.95 ],
    "to": [ 8.45, 13.05, 2.9 ],
    "rotation": { "origin": [ 7.55, 13.05, -2.95 ], "axis": "x", "angle": 22.5 },
    "faces": {
        "down":  { "uv": [ 7.5, 1.5, 8.5, 13 ], "texture": "#wool_colored_silver" },
        "up":    { "uv": [ 7.5, 1.5, 8.5, 13 ], "texture": "#wool_colored_silver" },
        "north": { "uv": [ 7.5, 0, 8.5, 5 ], "texture": "#wool_colored_silver" },
        "south": { "uv": [ 7.5, 0, 8.5, 5 ], "texture": "#wool_colored_silver" },
        "west":  { "uv": [ 1.5, 0, 13, 5 ], "texture": "#wool_colored_silver" },
        "east":  { "uv": [ 1.5, 0, 13, 5 ], "texture": "#wool_colored_silver" }
    }
},
{
    "from": [ 7.55, 2.7, -3.4 ],
    "to": [ 8.45, 5.4, 2.45 ],
    "rotation": { "origin": [ 7.55, 5.4, -3.4 ], "axis": "x", "angle": -22.5 },
    "faces": {
        "down":  { "uv": [ 7.5, 1.5, 8.5, 13 ], "texture": "#wool_colored_silver" },
        "up":    { "uv": [ 7.5, 1.5, 8.5, 13 ], "texture": "#wool_colored_silver" },
        "north": { "uv": [ 7.5, 0, 8.5, 5 ], "texture": "#wool_colored_silver" },
        "south": { "uv": [ 7.5, 0, 8.5, 5 ], "texture": "#wool_colored_silver" },
        "west":  { "uv": [ 1.5, 0, 13, 5 ], "texture": "#wool_colored_silver" },
        "east":  { "uv": [ 1.5, 0, 13, 5 ], "texture": "#wool_colored_silver" }
    }
},
{
    "from": [ 7.55, 0.9, 7.4 ],
    "to": [ 8.45, 3.6, 13.25 ],
    "rotation": { "origin": [ 7.55, 3.6, 7.4 ], "axis": "x", "angle": -22.5 },
    "faces": {
        "down":  { "uv": [ 7.5, 1.5, 8.5, 13 ], "texture": "#wool_colored_silver" },
        "up":    { "uv": [ 7.5, 1.5, 8.5, 13 ], "texture": "#wool_colored_silver" },
        "north": { "uv": [ 7.5, 0, 8.5, 5 ], "texture": "#wool_colored_silver" },
        "south": { "uv": [ 7.5, 0, 8.5, 5 ], "texture": "#wool_colored_silver" },
        "west":  { "uv": [ 1.5, 0, 13, 5 ], "texture": "#wool_colored_silver" },
        "east":  { "uv": [ 1.5, 0, 13, 5 ], "texture": "#wool_colored_silver" }
    }
},
{
    "__comment": "Tooth*",
    "from": [ 5.75, 5.4, 29.45 ],
    "to": [ 6.65, 7.2, 30.8 ],
    "rotation": { "origin": [ 5.75, 7.2, 29.45 ], "axis": "x", "angle": 22.5 },
    "faces": {
        "down":  { "uv": [ 6, 16, 5, 16 ], "texture": "#quartz_block_bottom" },
        "up":    { "uv": [ 10, 16, 11, 16 ], "texture": "#quartz_block_bottom" },
        "north": { "uv": [ 5, 9.5, 6, 10.5 ], "texture": "#quartz_block_bottom" },
        "south": { "uv": [ 10, 9.5, 11, 10.5 ], "texture": "#quartz_block_bottom" },
        "west":  { "uv": [ 16, 9.5, 16, 10.5 ], "texture": "#quartz_block_bottom" },
        "east":  { "uv": [ 0, 9.5, 0, 10.5 ], "texture": "#quartz_block_bottom" }
    }
},
{
    "__comment": "Tooth*",
    "from": [ 5.75, 5.85, 27.2 ],
    "to": [ 6.65, 7.65, 28.55 ],
    "rotation": { "origin": [ 5.75, 7.65, 27.2 ], "axis": "x", "angle": 22.5 },
    "faces": {
        "down":  { "uv": [ 6, 16, 5, 16 ], "texture": "#quartz_block_bottom" },
        "up":    { "uv": [ 10, 16, 11, 16 ], "texture": "#quartz_block_bottom" },
        "north": { "uv": [ 5, 9.5, 6, 10.5 ], "texture": "#quartz_block_bottom" },
        "south": { "uv": [ 10, 9.5, 11, 10.5 ], "texture": "#quartz_block_bottom" },
        "west":  { "uv": [ 16, 9.5, 16, 10.5 ], "texture": "#quartz_block_bottom" },
        "east":  { "uv": [ 0, 9.5, 0, 10.5 ], "texture": "#quartz_block_bottom" }
    }
},
{
    "__comment": "Tooth*",
    "from": [ 5.75, 5.4, 25.4 ],
    "to": [ 6.65, 7.2, 26.75 ],
    "rotation": { "origin": [ 5.75, 7.2, 25.4 ], "axis": "x", "angle": -22.5 },
    "faces": {
        "down":  { "uv": [ 6, 16, 5, 16 ], "texture": "#quartz_block_bottom" },
        "up":    { "uv": [ 10, 16, 11, 16 ], "texture": "#quartz_block_bottom" },
        "north": { "uv": [ 5, 9.5, 6, 10.5 ], "texture": "#quartz_block_bottom" },
        "south": { "uv": [ 10, 9.5, 11, 10.5 ], "texture": "#quartz_block_bottom" },
        "west":  { "uv": [ 16, 9.5, 16, 10.5 ], "texture": "#quartz_block_bottom" },
        "east":  { "uv": [ 0, 9.5, 0, 10.5 ], "texture": "#quartz_block_bottom" }
    }
},
{
    "__comment": "Tooth*",
    "from": [ 5.75, 5.85, 24.5 ],
    "to": [ 6.65, 7.65, 25.85 ],
    "rotation": { "origin": [ 5.75, 7.65, 24.5 ], "axis": "x", "angle": 22.5 },
    "faces": {
        "down":  { "uv": [ 6, 16, 5, 16 ], "texture": "#quartz_block_bottom" },
        "up":    { "uv": [ 10, 16, 11, 16 ], "texture": "#quartz_block_bottom" },
        "north": { "uv": [ 5, 9.5, 6, 10.5 ], "texture": "#quartz_block_bottom" },
        "south": { "uv": [ 10, 9.5, 11, 10.5 ], "texture": "#quartz_block_bottom" },
        "west":  { "uv": [ 16, 9.5, 16, 10.5 ], "texture": "#quartz_block_bottom" },
        "east":  { "uv": [ 0, 9.5, 0, 10.5 ], "texture": "#quartz_block_bottom" }
    }
},
{
    "__comment": "Tooth*",
    "from": [ 5.75, 3.15, 24.95 ],
    "to": [ 6.65, 4.95, 25.85 ],
    "rotation": { "origin": [ 5.75, 4.95, 24.95 ], "axis": "x", "angle": -22.5 },
    "faces": {
        "down":  { "uv": [ 6, 16, 5, 16 ], "texture": "#quartz_block_bottom" },
        "up":    { "uv": [ 10, 16, 11, 16 ], "texture": "#quartz_block_bottom" },
        "north": { "uv": [ 5, 9.5, 6, 10.5 ], "texture": "#quartz_block_bottom" },
        "south": { "uv": [ 10, 9.5, 11, 10.5 ], "texture": "#quartz_block_bottom" },
        "west":  { "uv": [ 16, 9.5, 16, 10.5 ], "texture": "#quartz_block_bottom" },
        "east":  { "uv": [ 0, 9.5, 0, 10.5 ], "texture": "#quartz_block_bottom" }
    }
},
{
    "__comment": "Tooth*",
    "from": [ 5.75, 3.15, 26.75 ],
    "to": [ 6.65, 4.95, 28.1 ],
    "rotation": { "origin": [ 5.75, 4.95, 26.75 ], "axis": "x", "angle": 45 },
    "faces": {
        "down":  { "uv": [ 6, 16, 5, 16 ], "texture": "#quartz_block_bottom" },
        "up":    { "uv": [ 10, 16, 11, 16 ], "texture": "#quartz_block_bottom" },
        "north": { "uv": [ 5, 9.5, 6, 10.5 ], "texture": "#quartz_block_bottom" },
        "south": { "uv": [ 10, 9.5, 11, 10.5 ], "texture": "#quartz_block_bottom" },
        "west":  { "uv": [ 16, 9.5, 16, 10.5 ], "texture": "#quartz_block_bottom" },
        "east":  { "uv": [ 0, 9.5, 0, 10.5 ], "texture": "#quartz_block_bottom" }
    }
},
{
    "__comment": "Tooth*",
    "from": [ 5.75, 5.85, 29 ],
    "to": [ 6.65, 7.65, 30.35 ],
    "rotation": { "origin": [ 5.75, 7.65, 29 ], "axis": "x", "angle": 45 },
    "faces": {
        "down":  { "uv": [ 6, 16, 5, 16 ], "texture": "#quartz_block_bottom" },
        "up":    { "uv": [ 10, 16, 11, 16 ], "texture": "#quartz_block_bottom" },
        "north": { "uv": [ 5, 9.5, 6, 10.5 ], "texture": "#quartz_block_bottom" },
        "south": { "uv": [ 10, 9.5, 11, 10.5 ], "texture": "#quartz_block_bottom" },
        "west":  { "uv": [ 16, 9.5, 16, 10.5 ], "texture": "#quartz_block_bottom" },
        "east":  { "uv": [ 0, 9.5, 0, 10.5 ], "texture": "#quartz_block_bottom" }
    }
},
{
    "__comment": "Tooth*",
    "from": [ 9.35, 5.4, 29.45 ],
    "to": [ 10.25, 7.2, 30.8 ],
    "rotation": { "origin": [ 9.35, 7.2, 29.45 ], "axis": "x", "angle": 22.5 },
    "faces": {
        "down":  { "uv": [ 6, 16, 5, 16 ], "texture": "#quartz_block_bottom" },
        "up":    { "uv": [ 10, 16, 11, 16 ], "texture": "#quartz_block_bottom" },
        "north": { "uv": [ 5, 9.5, 6, 10.5 ], "texture": "#quartz_block_bottom" },
        "south": { "uv": [ 10, 9.5, 11, 10.5 ], "texture": "#quartz_block_bottom" },
        "west":  { "uv": [ 16, 9.5, 16, 10.5 ], "texture": "#quartz_block_bottom" },
        "east":  { "uv": [ 0, 9.5, 0, 10.5 ], "texture": "#quartz_block_bottom" }
    }
},
{
    "__comment": "Tooth*",
    "from": [ 9.35, 5.85, 27.2 ],
    "to": [ 10.25, 7.65, 28.55 ],
    "rotation": { "origin": [ 9.35, 7.65, 27.2 ], "axis": "x", "angle": 22.5 },
    "faces": {
        "down":  { "uv": [ 6, 16, 5, 16 ], "texture": "#quartz_block_bottom" },
        "up":    { "uv": [ 10, 16, 11, 16 ], "texture": "#quartz_block_bottom" },
        "north": { "uv": [ 5, 9.5, 6, 10.5 ], "texture": "#quartz_block_bottom" },
        "south": { "uv": [ 10, 9.5, 11, 10.5 ], "texture": "#quartz_block_bottom" },
        "west":  { "uv": [ 16, 9.5, 16, 10.5 ], "texture": "#quartz_block_bottom" },
        "east":  { "uv": [ 0, 9.5, 0, 10.5 ], "texture": "#quartz_block_bottom" }
    }
},
{
    "__comment": "Tooth*",
    "from": [ 9.35, 5.4, 25.4 ],
    "to": [ 10.25, 7.2, 26.75 ],
    "rotation": { "origin": [ 9.35, 7.2, 25.4 ], "axis": "x", "angle": -22.5 },
    "faces": {
        "down":  { "uv": [ 6, 16, 5, 16 ], "texture": "#quartz_block_bottom" },
        "up":    { "uv": [ 10, 16, 11, 16 ], "texture": "#quartz_block_bottom" },
        "north": { "uv": [ 5, 9.5, 6, 10.5 ], "texture": "#quartz_block_bottom" },
        "south": { "uv": [ 10, 9.5, 11, 10.5 ], "texture": "#quartz_block_bottom" },
        "west":  { "uv": [ 16, 9.5, 16, 10.5 ], "texture": "#quartz_block_bottom" },
        "east":  { "uv": [ 0, 9.5, 0, 10.5 ], "texture": "#quartz_block_bottom" }
    }
},
{
    "__comment": "Tooth*",
    "from": [ 9.35, 5.85, 24.5 ],
    "to": [ 10.25, 7.65, 25.85 ],
    "rotation": { "origin": [ 9.35, 7.65, 24.5 ], "axis": "x", "angle": 22.5 },
    "faces": {
        "down":  { "uv": [ 6, 16, 5, 16 ], "texture": "#quartz_block_bottom" },
        "up":    { "uv": [ 10, 16, 11, 16 ], "texture": "#quartz_block_bottom" },
        "north": { "uv": [ 5, 9.5, 6, 10.5 ], "texture": "#quartz_block_bottom" },
        "south": { "uv": [ 10, 9.5, 11, 10.5 ], "texture": "#quartz_block_bottom" },
        "west":  { "uv": [ 16, 9.5, 16, 10.5 ], "texture": "#quartz_block_bottom" },
        "east":  { "uv": [ 0, 9.5, 0, 10.5 ], "texture": "#quartz_block_bottom" }
    }
},
{
    "__comment": "Tooth*",
    "from": [ 9.35, 3.15, 24.95 ],
    "to": [ 10.25, 4.95, 25.85 ],
    "rotation": { "origin": [ 9.35, 4.95, 24.95 ], "axis": "x", "angle": -22.5 },
    "faces": {
        "down":  { "uv": [ 6, 16, 5, 16 ], "texture": "#quartz_block_bottom" },
        "up":    { "uv": [ 10, 16, 11, 16 ], "texture": "#quartz_block_bottom" },
        "north": { "uv": [ 5, 9.5, 6, 10.5 ], "texture": "#quartz_block_bottom" },
        "south": { "uv": [ 10, 9.5, 11, 10.5 ], "texture": "#quartz_block_bottom" },
        "west":  { "uv": [ 16, 9.5, 16, 10.5 ], "texture": "#quartz_block_bottom" },
        "east":  { "uv": [ 0, 9.5, 0, 10.5 ], "texture": "#quartz_block_bottom" }
    }
},
{
    "__comment": "Tooth*",
    "from": [ 9.35, 3.15, 26.75 ],
    "to": [ 10.25, 4.95, 28.1 ],
    "rotation": { "origin": [ 9.35, 4.95, 26.75 ], "axis": "x", "angle": 45 },
    "faces": {
        "down":  { "uv": [ 6, 16, 5, 16 ], "texture": "#quartz_block_bottom" },
        "up":    { "uv": [ 10, 16, 11, 16 ], "texture": "#quartz_block_bottom" },
        "north": { "uv": [ 5, 9.5, 6, 10.5 ], "texture": "#quartz_block_bottom" },
        "south": { "uv": [ 10, 9.5, 11, 10.5 ], "texture": "#quartz_block_bottom" },
        "west":  { "uv": [ 16, 9.5, 16, 10.5 ], "texture": "#quartz_block_bottom" },
        "east":  { "uv": [ 0, 9.5, 0, 10.5 ], "texture": "#quartz_block_bottom" }
    }
},
{
    "__comment": "Tooth*",
    "from": [ 9.35, 5.85, 29 ],
    "to": [ 10.25, 7.65, 30.35 ],
    "rotation": { "origin": [ 9.35, 7.65, 29 ], "axis": "x", "angle": 45 },
    "faces": {
        "down":  { "uv": [ 6, 16, 5, 16 ], "texture": "#quartz_block_bottom" },
        "up":    { "uv": [ 10, 16, 11, 16 ], "texture": "#quartz_block_bottom" },
        "north": { "uv": [ 5, 9.5, 6, 10.5 ], "texture": "#quartz_block_bottom" },
        "south": { "uv": [ 10, 9.5, 11, 10.5 ], "texture": "#quartz_block_bottom" },
        "west":  { "uv": [ 16, 9.5, 16, 10.5 ], "texture": "#quartz_block_bottom" },
        "east":  { "uv": [ 0, 9.5, 0, 10.5 ], "texture": "#quartz_block_bottom" }
    }
},
{
    "__comment": "Eye",
    "from": [ 3.95, 9, 25.4 ],
    "to": [ 12.05, 9.9, 26.3 ],
    "rotation": { "origin": [ 3.95, 9.9, 25.4 ], "axis": "x", "angle": 22.5 },
    "faces": {
        "down":  { "uv": [ 12.5, 16, 3.5, 16 ], "texture": "#c" },
        "up":    { "uv": [ 3.5, 16, 12.5, 16 ], "texture": "#coal_block" },
        "north": { "uv": [ 3.5, 5.5, 12.5, 6.5 ], "texture": "#coal_block" },
        "south": { "uv": [ 3.5, 5.5, 12.5, 6.5 ], "texture": "#coal_block" },
        "west":  { "uv": [ 16, 5.5, 16, 6.5 ], "texture": "#coal_block" },
        "east":  { "uv": [ 0, 5.5, 0, 6.5 ], "texture": "#coal_block" }
    }
},
{
    "__comment": "Belly",
    "from": [ 4.85, 2.7, 3.35 ],
    "to": [ 11.15, 8.55, 23.15 ],
    "faces": {
        "down":  { "uv": [ 11.5, 16, 4.5, 0 ], "texture": "#quartz_block_bottom" },
        "up":    { "uv": [ 4.5, 0, 11.5, 16 ], "texture": "#quartz_block_bottom" },
        "north": { "uv": [ 4.5, 6.5, 11.5, 13 ], "texture": "#quartz_block_bottom" },
        "south": { "uv": [ 4.5, 6.5, 11.5, 13 ], "texture": "#quartz_block_bottom" },
        "west":  { "uv": [ 0, 6.5, 16, 13 ], "texture": "#quartz_block_bottom" },
        "east":  { "uv": [ 0, 6.5, 16, 13 ], "texture": "#quartz_block_bottom" }
    }
},
{
    "from": [ 4.4, 2.7, 3.35 ],
    "to": [ 11.6, 7.65, 6.5 ],
    "faces": {
        "down":  { "uv": [ 4, -0.5, 12, 3.5 ], "texture": "#wool_colored_silver" },
        "up":    { "uv": [ 4, 0, 12, 4 ], "texture": "#wool_colored_silver" },
        "north": { "uv": [ 4, 7.5, 12, 13 ], "texture": "#wool_colored_silver" },
        "south": { "uv": [ 4, 7.5, 12, 13 ], "texture": "#wool_colored_silver" },
        "west":  { "uv": [ 0, 7.5, 4, 13 ], "texture": "#wool_colored_silver" },
        "east":  { "uv": [ 0, 7.5, 4, 13 ], "texture": "#wool_colored_silver" }
    }
},
{
    "from": [ 4.4, 4.05, 2.9 ],
    "to": [ 11.6, 7.65, 7.85 ],
    "faces": {
        "down":  { "uv": [ 4, -1, 12, 4.5 ], "texture": "#wool_colored_silver" },
        "up":    { "uv": [ 4, 0, 12, 5.5 ], "texture": "#wool_colored_silver" },
        "north": { "uv": [ 4, 7.5, 12, 11.5 ], "texture": "#wool_colored_silver" },
        "south": { "uv": [ 4, 7.5, 12, 11.5 ], "texture": "#wool_colored_silver" },
        "west":  { "uv": [ 0, 7.5, 5.5, 11.5 ], "texture": "#wool_colored_silver" },
        "east":  { "uv": [ 0, 7.5, 5.5, 11.5 ], "texture": "#wool_colored_silver" }
    }
},
{
    "from": [ 4.4, 4.95, 4.25 ],
    "to": [ 11.6, 8.55, 9.65 ],
    "faces": {
        "down":  { "uv": [ 4, -1, 12, 4.5 ], "texture": "#wool_colored_silver" },
        "up":    { "uv": [ 4, 0, 12, 5.5 ], "texture": "#wool_colored_silver" },
        "north": { "uv": [ 4, 7.5, 12, 11.5 ], "texture": "#wool_colored_silver" },
        "south": { "uv": [ 4, 7.5, 12, 11.5 ], "texture": "#wool_colored_silver" },
        "west":  { "uv": [ 0, 7.5, 5.5, 11.5 ], "texture": "#wool_colored_silver" },
        "east":  { "uv": [ 0, 7.5, 5.5, 11.5 ], "texture": "#wool_colored_silver" }
    }
},
{
    "from": [ 4.4, 5.85, 5.6 ],
    "to": [ 11.6, 9.45, 12.35 ],
    "faces": {
        "down":  { "uv": [ 4, -1, 12, 4.5 ], "texture": "#wool_colored_silver" },
        "up":    { "uv": [ 4, 0, 12, 5.5 ], "texture": "#wool_colored_silver" },
        "north": { "uv": [ 4, 7.5, 12, 11.5 ], "texture": "#wool_colored_silver" },
        "south": { "uv": [ 4, 7.5, 12, 11.5 ], "texture": "#wool_colored_silver" },
        "west":  { "uv": [ 0, 7.5, 5.5, 11.5 ], "texture": "#wool_colored_silver" },
        "east":  { "uv": [ 0, 7.5, 5.5, 11.5 ], "texture": "#wool_colored_silver" }
    }
},
{
    "from": [ 4.4, 4.5, 18.2 ],
    "to": [ 11.6, 8.55, 22.25 ],
    "faces": {
        "down":  { "uv": [ 12, 16, 4, 12 ], "texture": "#wool_colored_silver" },
        "up":    { "uv": [ 4, 12, 12, 16 ], "texture": "#wool_colored_silver" },
        "north": { "uv": [ 4, 5, 12, 6.5 ], "texture": "#wool_colored_silver" },
        "south": { "uv": [ 4, 5, 12, 6.5 ], "texture": "#wool_colored_silver" },
        "west":  { "uv": [ 12, 5, 16, 6.5 ], "texture": "#wool_colored_silver" },
        "east":  { "uv": [ 0, 5, 4, 6.5 ], "texture": "#wool_colored_silver" }
    }
}
],
"display": {
    "thirdperson": {
        "rotation": [ -157, 0, 0 ],
        "translation": [ 0, 0, 0 ],
        "scale": [ 2, 2, 2 ]
    },
    "head": {
        "rotation": [ 0, 180, 0 ],
        "translation": [ 0, -15, 0 ],
        "scale": [ 2, 2, 2 ]
    },
    "ground": {
        "rotation": [ 0, 0, 0 ],
        "translation": [ 0, 0, 0 ],
        "scale": [ 1, 1, 1 ]
    },
    "fixed": {
        "rotation": [ 0, 90, 0 ],
        "translation": [ 0, 0, -15 ],
        "scale": [ 2, 2, 2 ]
    },
    "firstperson": {
        "rotation": [ 0, 0, 0 ],
        "translation": [ 0, 0, 0 ],
        "scale": [ 0, 0, 0 ]
    },
    "gui": {
        "rotation": [ 0, 0, 0 ],
        "translation": [ 0, 0, 0 ],
        "scale": [ 1, 1, 1 ]
    }
}
}