{
"__comment": "Designed by Itszender with BDcraft Cubik PRO 0.93 Beta - http://bdcraft.net",
"textures": {
    "texture": "blocks/fl"
},
"elements": [ 
{
    "from": [ 6.5, 0, 3 ],
    "to": [ 9, 0.5, 4 ],
    "faces": {
        "down":  { "uv": [ 0, 0, 4, 4 ], "rotation": 180, "texture": "#texture" },
        "up":    { "uv": [ 0, 0, 4, 4 ], "texture": "#texture" },
        "north": { "uv": [ 0, 0, 4, 4 ], "texture": "#texture" },
        "south": { "uv": [ 0, 0, 4, 4 ], "texture": "#texture" },
        "west":  { "uv": [ 0, 0, 4, 4 ], "texture": "#texture" },
        "east":  { "uv": [ 0, 0, 4, 4 ], "rotation": 90, "texture": "#texture" }
    }
},
{
    "from": [ 6.5, 0, 9.5 ],
    "to": [ 9, 0.5, 10.5 ],
    "faces": {
        "down":  { "uv": [ 0, 0, 4, 4 ], "rotation": 180, "texture": "#texture" },
        "up":    { "uv": [ 0, 0, 4, 4 ], "texture": "#texture" },
        "north": { "uv": [ 0, 0, 4, 4 ], "texture": "#texture" },
        "south": { "uv": [ 0, 0, 4, 4 ], "texture": "#texture" },
        "west":  { "uv": [ 0, 0, 4, 4 ], "texture": "#texture" },
        "east":  { "uv": [ 0, 0, 4, 4 ], "rotation": 90, "texture": "#texture" }
    }
},
{
    "from": [ 11.125, -0.5, 9.375 ],
    "to": [ 12.125, 6, 10.5625 ],
    "rotation": { "origin": [ 11.125, 6, 9.375 ], "axis": "z", "angle": -22.5 },
    "faces": {
        "down":  { "uv": [ 0, 0, 4, 4 ], "rotation": 180, "texture": "#texture" },
        "up":    { "uv": [ 0, 0, 4, 4 ], "texture": "#texture" },
        "north": { "uv": [ 0, 0, 4, 4 ], "texture": "#texture" },
        "south": { "uv": [ 0, 0, 4, 4 ], "texture": "#texture" },
        "west":  { "uv": [ 0, 0, 4, 4 ], "texture": "#texture" },
        "east":  { "uv": [ 0, 0, 4, 4 ], "rotation": 90, "texture": "#texture" }
    }
},
{
    "from": [ 10, 4.5, 2.75 ],
    "to": [ 11.5, 7, 4.25 ],
    "rotation": { "origin": [ 10, 7, 2.75 ], "axis": "z", "angle": 22.5 },
    "faces": {
        "down":  { "uv": [ 0, 0, 4, 4 ], "rotation": 180, "texture": "#texture" },
        "up":    { "uv": [ 0, 0, 4, 4 ], "texture": "#texture" },
        "north": { "uv": [ 0, 0, 4, 4 ], "texture": "#texture" },
        "south": { "uv": [ 0, 0, 4, 4 ], "texture": "#texture" },
        "west":  { "uv": [ 0, 0, 4, 4 ], "texture": "#texture" },
        "east":  { "uv": [ 0, 0, 4, 4 ], "rotation": 90, "texture": "#texture" }
    }
},
{
    "from": [ 8.5, 5.5, 2.5 ],
    "to": [ 11.5, 9, 5 ],
    "rotation": { "origin": [ 8.5, 9, 2.5 ], "axis": "z", "angle": 22.5 },
    "faces": {
        "down":  { "uv": [ 0, 0, 4, 4 ], "rotation": 180, "texture": "#texture" },
        "up":    { "uv": [ 0, 0, 4, 4 ], "texture": "#texture" },
        "north": { "uv": [ 0, 0, 4, 4 ], "texture": "#texture" },
        "south": { "uv": [ 0, 0, 4, 4 ], "texture": "#texture" },
        "west":  { "uv": [ 0, 0, 4, 4 ], "texture": "#texture" },
        "east":  { "uv": [ 0, 0, 4, 4 ], "rotation": 90, "texture": "#texture" }
    }
},
{
    "from": [ 3, 6.5, 4 ],
    "to": [ 14, 13.5, 9.5 ],
    "faces": {
        "down":  { "uv": [ 8, 0, 16, 8 ], "rotation": 180, "texture": "#texture" },
        "up":    { "uv": [ 8, 0, 16, 8 ], "texture": "#texture" },
        "north": { "uv": [ 8, 0, 16, 8 ], "texture": "#texture" },
        "south": { "uv": [ 8, 0, 16, 8 ], "texture": "#texture" },
        "west":  { "uv": [ 8, 0, 16, 8 ], "texture": "#texture" },
        "east":  { "uv": [ 8, 0, 16, 8 ], "rotation": 90, "texture": "#texture" }
    }
},
{
    "from": [ 4, 7.5, 4 ],
    "to": [ 13, 12.5, 4.5 ],
    "rotation": { "origin": [ 4, 7.5, 4 ], "axis": "y", "angle": 22.5 },
    "faces": {
        "down":  { "uv": [ 8, 0, 16, 8 ], "rotation": 180, "texture": "#texture" },
        "up":    { "uv": [ 8, 0, 16, 8 ], "texture": "#texture" },
        "north": { "uv": [ 8, 0, 16, 8 ], "texture": "#texture" },
        "south": { "uv": [ 8, 0, 16, 8 ], "texture": "#texture" },
        "west":  { "uv": [ 8, 0, 16, 8 ], "texture": "#texture" },
        "east":  { "uv": [ 8, 0, 16, 8 ], "rotation": 90, "texture": "#texture" }
    }
},
{
    "from": [ 13, 9.5, 6.3125 ],
    "to": [ 17, 12, 7.3125 ],
    "rotation": { "origin": [ 13, 12, 6.3125 ], "axis": "z", "angle": 22.5 },
    "faces": {
        "down":  { "uv": [ 8, 0, 16, 8 ], "rotation": 180, "texture": "#texture" },
        "up":    { "uv": [ 8, 0, 16, 8 ], "texture": "#texture" },
        "north": { "uv": [ 8, 0, 16, 8 ], "texture": "#texture" },
        "south": { "uv": [ 8, 0, 16, 8 ], "texture": "#texture" },
        "west":  { "uv": [ 8, 0, 16, 8 ], "texture": "#texture" },
        "east":  { "uv": [ 8, 0, 16, 8 ], "rotation": 90, "texture": "#texture" }
    }
},
{
    "from": [ 13, 9.5, 4.5 ],
    "to": [ 17, 12, 5.5 ],
    "rotation": { "origin": [ 13, 12, 4.5 ], "axis": "z", "angle": 22.5 },
    "faces": {
        "down":  { "uv": [ 8, 0, 16, 8 ], "rotation": 180, "texture": "#texture" },
        "up":    { "uv": [ 8, 0, 16, 8 ], "texture": "#texture" },
        "north": { "uv": [ 8, 0, 16, 8 ], "texture": "#texture" },
        "south": { "uv": [ 8, 0, 16, 8 ], "texture": "#texture" },
        "west":  { "uv": [ 8, 0, 16, 8 ], "texture": "#texture" },
        "east":  { "uv": [ 8, 0, 16, 8 ], "rotation": 90, "texture": "#texture" }
    }
},
{
    "from": [ 13, 9.5, 8 ],
    "to": [ 17, 12, 9 ],
    "rotation": { "origin": [ 13, 12, 8 ], "axis": "z", "angle": 22.5 },
    "faces": {
        "down":  { "uv": [ 8, 0, 16, 8 ], "rotation": 180, "texture": "#texture" },
        "up":    { "uv": [ 8, 0, 16, 8 ], "texture": "#texture" },
        "north": { "uv": [ 8, 0, 16, 8 ], "texture": "#texture" },
        "south": { "uv": [ 8, 0, 16, 8 ], "texture": "#texture" },
        "west":  { "uv": [ 8, 0, 16, 8 ], "texture": "#texture" },
        "east":  { "uv": [ 8, 0, 16, 8 ], "rotation": 90, "texture": "#texture" }
    }
},
{
    "from": [ 2.125, 11.5, 5.6875 ],
    "to": [ 4.125, 14, 7.6875 ],
    "rotation": { "origin": [ 2.125, 14, 5.6875 ], "axis": "z", "angle": 22.5 },
    "faces": {
        "down":  { "uv": [ 8, 0, 16, 8 ], "rotation": 180, "texture": "#texture" },
        "up":    { "uv": [ 8, 0, 16, 8 ], "texture": "#texture" },
        "north": { "uv": [ 8, 0, 16, 8 ], "texture": "#texture" },
        "south": { "uv": [ 8, 0, 16, 8 ], "texture": "#texture" },
        "west":  { "uv": [ 8, 0, 16, 8 ], "texture": "#texture" },
        "east":  { "uv": [ 8, 0, 16, 8 ], "rotation": 90, "texture": "#texture" }
    }
},
{
    "from": [ 2.375, 13.8125, 6 ],
    "to": [ 3.875, 21.3125, 7.5 ],
    "faces": {
        "down":  { "uv": [ 0, 0, 4, 4 ], "rotation": 180, "texture": "#texture" },
        "up":    { "uv": [ 0, 0, 4, 4 ], "texture": "#texture" },
        "north": { "uv": [ 0, 0, 4, 4 ], "texture": "#texture" },
        "south": { "uv": [ 0, 0, 4, 4 ], "texture": "#texture" },
        "west":  { "uv": [ 0, 0, 4, 4 ], "texture": "#texture" },
        "east":  { "uv": [ 0, 0, 4, 4 ], "rotation": 90, "texture": "#texture" }
    }
},
{
    "from": [ 1.5625, 21, 5.75 ],
    "to": [ 4.0625, 23.5, 7.75 ],
    "faces": {
        "down":  { "uv": [ 0, 0, 4, 4 ], "rotation": 180, "texture": "#texture" },
        "up":    { "uv": [ 0, 0, 4, 4 ], "texture": "#texture" },
        "north": { "uv": [ 12, 14, 14, 16 ], "texture": "#texture" },
        "south": { "uv": [ 14, 14, 12, 16 ], "texture": "#texture" },
        "west":  { "uv": [ 0, 0, 4, 4 ], "texture": "#texture" },
        "east":  { "uv": [ 0, 0, 4, 4 ], "rotation": 90, "texture": "#texture" }
    }
},
{
    "from": [ 0, 21.5, 6.25 ],
    "to": [ 2, 22.5, 7.25 ],
    "faces": {
        "down":  { "uv": [ 8, 14, 10, 16 ], "rotation": 180, "texture": "#texture" },
        "up":    { "uv": [ 8, 14, 10, 16 ], "texture": "#texture" },
        "north": { "uv": [ 8, 14, 10, 16 ], "texture": "#texture" },
        "south": { "uv": [ 8, 14, 10, 16 ], "texture": "#texture" },
        "west":  { "uv": [ 8, 14, 10, 16 ], "texture": "#texture" },
        "east":  { "uv": [ 8, 14, 10, 16 ], "rotation": 90, "texture": "#texture" }
    }
},
{
    "from": [ 11, -0.5, 2.9375 ],
    "to": [ 12, 6, 4.125 ],
    "rotation": { "origin": [ 11, 6, 2.9375 ], "axis": "z", "angle": -22.5 },
    "faces": {
        "down":  { "uv": [ 0, 0, 4, 4 ], "rotation": 180, "texture": "#texture" },
        "up":    { "uv": [ 0, 0, 4, 4 ], "texture": "#texture" },
        "north": { "uv": [ 0, 0, 4, 4 ], "texture": "#texture" },
        "south": { "uv": [ 0, 0, 4, 4 ], "texture": "#texture" },
        "west":  { "uv": [ 0, 0, 4, 4 ], "texture": "#texture" },
        "east":  { "uv": [ 0, 0, 4, 4 ], "rotation": 90, "texture": "#texture" }
    }
},
{
    "from": [ 10, 4.5, 9.25 ],
    "to": [ 11.5, 7, 10.75 ],
    "rotation": { "origin": [ 10, 7, 9.25 ], "axis": "z", "angle": 22.5 },
    "faces": {
        "down":  { "uv": [ 0, 0, 4, 4 ], "rotation": 180, "texture": "#texture" },
        "up":    { "uv": [ 0, 0, 4, 4 ], "texture": "#texture" },
        "north": { "uv": [ 0, 0, 4, 4 ], "texture": "#texture" },
        "south": { "uv": [ 0, 0, 4, 4 ], "texture": "#texture" },
        "west":  { "uv": [ 0, 0, 4, 4 ], "texture": "#texture" },
        "east":  { "uv": [ 0, 0, 4, 4 ], "rotation": 90, "texture": "#texture" }
    }
},
{
    "from": [ 8.5, 5.5, 8.5 ],
    "to": [ 11.5, 9, 11 ],
    "rotation": { "origin": [ 8.5, 9, 8.5 ], "axis": "z", "angle": 22.5 },
    "faces": {
        "down":  { "uv": [ 0, 0, 4, 4 ], "rotation": 180, "texture": "#texture" },
        "up":    { "uv": [ 0, 0, 4, 4 ], "texture": "#texture" },
        "north": { "uv": [ 0, 0, 4, 4 ], "texture": "#texture" },
        "south": { "uv": [ 0, 0, 4, 4 ], "texture": "#texture" },
        "west":  { "uv": [ 0, 0, 4, 4 ], "texture": "#texture" },
        "east":  { "uv": [ 0, 0, 4, 4 ], "rotation": 90, "texture": "#texture" }
    }
},
{
    "from": [ 4, 7.5, 9 ],
    "to": [ 13, 12.5, 9.5 ],
    "rotation": { "origin": [ 4, 7.5, 9 ], "axis": "y", "angle": -22.5 },
    "faces": {
        "down":  { "uv": [ 8, 0, 16, 8 ], "rotation": 180, "texture": "#texture" },
        "up":    { "uv": [ 8, 0, 16, 8 ], "texture": "#texture" },
        "north": { "uv": [ 8, 0, 16, 8 ], "texture": "#texture" },
        "south": { "uv": [ 8, 0, 16, 8 ], "texture": "#texture" },
        "west":  { "uv": [ 8, 0, 16, 8 ], "texture": "#texture" },
        "east":  { "uv": [ 8, 0, 16, 8 ], "rotation": 90, "texture": "#texture" }
    }
}
],
"display": {
    "head": {
        "rotation": [ 0, -89, 0 ],
        "translation": [ -1.7, -11.2, 0 ],
        "scale": [ 3, 3, 3 ]
    }
}
}