{
"__comment": "Mattuw McDougle",
"textures": {
    "cake_bottom": "blocks/farmland_dry",
    "coal_block": "blocks/farmland_wet",
    "quartz_block_top": "blocks/farmland_dry",
    "head": "blocks/face2",
    "anvil_base": "blocks/farmland_wet"
},
"elements": [ 
{
    "from": [ 6.5, 0, 6 ],
    "to": [ 7.5, 0.5, 9.5 ],
    "faces": {
        "down":  { "uv": [ 10, 10, 9, 8 ], "texture": "#cake_bottom" },
        "up":    { "uv": [ 7, 8.5, 8, 10.5 ], "texture": "#cake_bottom" },
        "north": { "uv": [ 7, 8, 8, 9 ], "texture": "#cake_bottom" },
        "south": { "uv": [ 6, 13, 7, 14 ], "texture": "#cake_bottom" },
        "west":  { "uv": [ 8, 13, 10, 14 ], "texture": "#cake_bottom" },
        "east":  { "uv": [ 5, 13, 7, 14 ], "texture": "#cake_bottom" }
    }
},
{
    "from": [ 8.5, 0, 6 ],
    "to": [ 9.5, 0.5, 9.5 ],
    "faces": {
        "down":  { "uv": [ 10, 10, 9, 8 ], "texture": "#cake_bottom" },
        "up":    { "uv": [ 7, 8, 8, 10 ], "texture": "#cake_bottom" },
        "north": { "uv": [ 9, 13, 10, 14 ], "texture": "#cake_bottom" },
        "south": { "uv": [ 6, 13, 7, 14 ], "texture": "#cake_bottom" },
        "west":  { "uv": [ 8, 13, 10, 14 ], "texture": "#cake_bottom" },
        "east":  { "uv": [ 5, 13, 7, 14 ], "texture": "#cake_bottom" }
    }
},
{
    "from": [ 6, 0.5, 6.5 ],
    "to": [ 10, 7.5, 10 ],
    "faces": {
        "down":  { "uv": [ 8, 9, 4, 5.5 ], "texture": "#quartz_block_top" },
        "up":    { "uv": [ 6, 8.5, 10, 12 ], "texture": "#coal_block" },
        "north": { "uv": [ 3.5, 4.5, 7.5, 11.5 ], "texture": "#quartz_block_top" },
        "south": { "uv": [ 6, 8, 10, 15 ], "texture": "#coal_block" },
        "west":  { "uv": [ 8.5, 8, 12, 15 ], "texture": "#coal_block" },
        "east":  { "uv": [ 4, 8, 7.5, 15 ], "texture": "#coal_block" }
    }
},
{
    "from": [ 7, 1, 8.94134 ],
    "to": [ 9, 1.5, 10.9413 ],
    "rotation": { "origin": [ 7, 1.5, 8.94134 ], "axis": "x", "angle": 22.5 },
    "faces": {
        "down":  { "uv": [ 9, 13.5, 7, 12 ], "texture": "#coal_block" },
        "up":    { "uv": [ 7, 12, 9, 13.5 ], "texture": "#coal_block" },
        "north": { "uv": [ 7, 13.5, 9, 14 ], "texture": "#coal_block" },
        "south": { "uv": [ 7, 13.5, 9, 14 ], "texture": "#coal_block" },
        "west":  { "uv": [ 12, 13.5, 13.5, 14 ], "texture": "#coal_block" },
        "east":  { "uv": [ 2.5, 13.5, 4, 14 ], "texture": "#coal_block" }
    }
},
{
    "from": [ 6.5, 7.5, 6.5 ],
    "to": [ 9.5, 10.5, 10 ],
    "faces": {
        "up":    { "uv": [ 6.5, 6.5, 9.5, 10 ], "texture": "#coal_block" },
        "north": { "uv": [ 0, 0, 16, 16 ], "texture": "#head" },
        "south": { "uv": [ 6.5, 5.5, 9.5, 8.5 ], "texture": "#coal_block" },
        "west":  { "uv": [ 6.5, 5.5, 10, 8.5 ], "texture": "#coal_block" },
        "east":  { "uv": [ 6, 5.5, 9.5, 8.5 ], "texture": "#coal_block" }
    }
},
{
    "from": [ 7, 8, 5.5 ],
    "to": [ 9, 8.5, 7 ],
    "faces": {
        "down":  { "uv": [ 10, 10, 9, 8 ], "texture": "#cake_bottom" },
        "up":    { "uv": [ 7, 8.5, 8, 10.5 ], "texture": "#cake_bottom" },
        "north": { "uv": [ 7, 8, 8, 9 ], "texture": "#cake_bottom" },
        "south": { "uv": [ 6, 13, 7, 14 ], "texture": "#cake_bottom" },
        "west":  { "uv": [ 8, 13, 10, 14 ], "texture": "#cake_bottom" },
        "east":  { "uv": [ 5, 13, 7, 14 ], "texture": "#cake_bottom" }
    }
},
{
    "from": [ 5.5, 1.3125, 6.75 ],
    "to": [ 6, 6.3125, 9.25 ],
    "rotation": { "origin": [ 5.5, 6.3125, 6.75 ], "axis": "x", "angle": -22.5 },
    "faces": {
        "down":  { "uv": [ 10.5, 9.5, 10, 7 ], "texture": "#coal_block" },
        "up":    { "uv": [ 5.5, 7, 6, 9.5 ], "texture": "#coal_block" },
        "north": { "uv": [ 10, 8, 10.5, 13 ], "texture": "#coal_block" },
        "south": { "uv": [ 5.5, 8, 6, 13 ], "texture": "#coal_block" },
        "west":  { "uv": [ 7, 8, 9.5, 13 ], "texture": "#coal_block" }
    }
},
{
    "from": [ 10, 1.3125, 6.75 ],
    "to": [ 10.5, 6.3125, 9.25 ],
    "rotation": { "origin": [ 10, 6.3125, 6.75 ], "axis": "x", "angle": -22.5 },
    "faces": {
        "down":  { "uv": [ 10.5, 9.5, 10, 7 ], "texture": "#coal_block" },
        "up":    { "uv": [ 5.5, 7, 6, 9.5 ], "texture": "#coal_block" },
        "north": { "uv": [ 10, 8, 10.5, 13 ], "texture": "#coal_block" },
        "south": { "uv": [ 5.5, 8, 6, 13 ], "texture": "#coal_block" },
        "east":  { "uv": [ 6.5, 8, 9, 13 ], "texture": "#coal_block" }
    }
}
],
"display": {
    "thirdperson_righthand": {
        "rotation": [ 0, 0, 0 ],
        "translation": [ 0, 3.21, -1.51 ],
        "scale": [ 1, 1, 1 ]
    },
    "thirdperson_lefthand": {
        "rotation": [ 0, 0, 0 ],
        "translation": [ 0, 3.21, 0 ],
        "scale": [ 1, 1, 1 ]
    },
    "head": {
        "rotation": [ 0, 0, 0 ],
        "translation": [ 0, -8.88, 0 ],
        "scale": [ 3.02, 3.02, 3.02 ]
    },
    "ground": {
        "rotation": [ 0, 0, 0 ],
        "translation": [ 0, 0, 0 ],
        "scale": [ 1, 1, 1 ]
    },
    "fixed": {
        "rotation": [ 0, 0, 0 ],
        "translation": [ 0, 2.83, 0 ],
        "scale": [ 1.51, 1.51, 1.51 ]
    },
    "firstperson_righthand": {
        "rotation": [ 0, 30, 0 ],
        "translation": [ -1.51, 3.59, 0 ],
        "scale": [ 1, 1, 1 ]
    },
    "firstperson_lefthand": {
        "rotation": [ 0, 30, 0 ],
        "translation": [ 1.7, 3.59, 0 ],
        "scale": [ 1, 1, 1 ]
    },
    "gui": {
        "rotation": [ 0, 180, 0 ],
        "translation": [ 0, 0, 0 ],
        "scale": [ 1, 1, 1 ]
    }
}
}