{
"__comment": "Designed by Teamwooloo with BDcraft Cubik PRO 0.93 Beta - http://bdcraft.net",
"textures": {
    "particle": "blocks/shell",
    "texture": "blocks/shell",
    "coal_block": "blocks/coal_block",
    "skin": "blocks/skin",
    "quartz_block_bottom": "blocks/quartz_block_bottom"
},
"elements": [ 
{
    "__comment": "Shell",
    "from": [ 1.4655, 4.61261, 3.38739 ],
    "to": [ 13.7658, 5.38138, 12.2282 ],
    "faces": {
        "down":  { "uv": [ 16, 13.5, 0.5, 2 ], "texture": "#texture" },
        "up":    { "uv": [ 0, 2, 15.5, 13.5 ], "texture": "#texture" },
        "north": { "uv": [ 0.5, 9, 16, 10 ], "texture": "#texture" },
        "south": { "uv": [ 0, 9, 15.5, 10 ], "texture": "#texture" },
        "west":  { "uv": [ 2, 9, 13.5, 10 ], "texture": "#texture" },
        "east":  { "uv": [ 2.5, 9, 14, 10 ], "texture": "#texture" }
    }
},
{
    "__comment": "Shell",
    "from": [ 2.61862, 5.38138, 3.38739 ],
    "to": [ 12.997, 6.15015, 12.2282 ],
    "faces": {
        "down":  { "uv": [ 15, 13.5, 1.5, 2 ], "texture": "#texture" },
        "up":    { "uv": [ 1, 2, 14.5, 13.5 ], "texture": "#texture" },
        "north": { "uv": [ 1.5, 8, 15, 9 ], "texture": "#texture" },
        "south": { "uv": [ 1, 8, 14.5, 9 ], "texture": "#texture" },
        "west":  { "uv": [ 2, 8, 13.5, 9 ], "texture": "#texture" },
        "east":  { "uv": [ 2.5, 8, 14, 9 ], "texture": "#texture" }
    }
},
{
    "__comment": "Shell*",
    "from": [ 0.312312, 4.61261, 4.15616 ],
    "to": [ 12.6126, 5.38138, 11.4595 ],
    "faces": {
        "down":  { "uv": [ 16, 12.5, 2, 3 ], "texture": "#texture" },
        "up":    { "uv": [ 0, 3, 14, 12.5 ], "texture": "#texture" },
        "north": { "uv": [ 2, 9, 16, 10 ], "texture": "#texture" },
        "south": { "uv": [ 0, 9, 14, 10 ], "texture": "#texture" },
        "west":  { "uv": [ 3, 9, 12.5, 10 ], "texture": "#texture" },
        "east":  { "uv": [ 3.5, 9, 13, 10 ], "texture": "#texture" }
    }
},
{
    "__comment": "Shell*",
    "from": [ -0.840813, 4.61261, 4.92493 ],
    "to": [ 11.4595, 5.38138, 10.6907 ],
    "faces": {
        "down":  { "uv": [ 16, 11.5, 3.5, 4 ], "texture": "#texture" },
        "up":    { "uv": [ 0, 4, 12.5, 11.5 ], "texture": "#texture" },
        "north": { "uv": [ 3.5, 9, 16, 10 ], "texture": "#texture" },
        "south": { "uv": [ 0, 9, 12.5, 10 ], "texture": "#texture" },
        "west":  { "uv": [ 4, 9, 11.5, 10 ], "texture": "#texture" },
        "east":  { "uv": [ 4.5, 9, 12, 10 ], "texture": "#texture" }
    }
},
{
    "__comment": "Shell*",
    "from": [ -1.60962, 4.61261, 5.6937 ],
    "to": [ 11.0751, 5.38138, 9.92192 ],
    "faces": {
        "down":  { "uv": [ 16, 10.5, 4, 5 ], "texture": "#texture" },
        "up":    { "uv": [ 0, 5, 12, 10.5 ], "texture": "#texture" },
        "north": { "uv": [ 4, 9, 16, 10 ], "texture": "#texture" },
        "south": { "uv": [ 0, 9, 12, 10 ], "texture": "#texture" },
        "west":  { "uv": [ 5, 9, 10.5, 10 ], "texture": "#texture" },
        "east":  { "uv": [ 5.5, 9, 11, 10 ], "texture": "#texture" }
    }
},
{
    "__comment": "Shell*",
    "from": [ -2.37838, 4.61261, 6.46246 ],
    "to": [ 10.6907, 5.38138, 9.15314 ],
    "faces": {
        "down":  { "uv": [ 16, 9.5, 4.5, 6 ], "texture": "#texture" },
        "up":    { "uv": [ 0, 6, 11.5, 9.5 ], "texture": "#texture" },
        "north": { "uv": [ 4.5, 9, 16, 10 ], "texture": "#texture" },
        "south": { "uv": [ 0, 9, 11.5, 10 ], "texture": "#texture" },
        "west":  { "uv": [ 6, 9, 9.5, 10 ], "texture": "#texture" },
        "east":  { "uv": [ 6.5, 9, 10, 10 ], "texture": "#texture" }
    }
},
{
    "__comment": "Shell*",
    "from": [ 2.61862, 4.61261, 4.15616 ],
    "to": [ 14.5345, 5.38138, 11.8438 ],
    "faces": {
        "down":  { "uv": [ 15, 13, 0, 3 ], "texture": "#texture" },
        "up":    { "uv": [ 1, 3, 16, 13 ], "texture": "#texture" },
        "north": { "uv": [ 0, 9, 15, 10 ], "texture": "#texture" },
        "south": { "uv": [ 1, 9, 16, 10 ], "texture": "#texture" },
        "west":  { "uv": [ 3, 9, 13, 10 ], "texture": "#texture" },
        "east":  { "uv": [ 3, 9, 13, 10 ], "texture": "#texture" }
    }
},
{
    "__comment": "Shell*",
    "from": [ 3.38739, 4.61261, 4.54055 ],
    "to": [ 14.9189, 5.38138, 11.0751 ],
    "faces": {
        "down":  { "uv": [ 14, 12, 0, 3.5 ], "texture": "#texture" },
        "up":    { "uv": [ 2, 3.5, 16, 12 ], "texture": "#texture" },
        "north": { "uv": [ 0, 9, 14, 10 ], "texture": "#texture" },
        "south": { "uv": [ 2, 9, 16, 10 ], "texture": "#texture" },
        "west":  { "uv": [ 3.5, 9, 12, 10 ], "texture": "#texture" },
        "east":  { "uv": [ 4, 9, 12.5, 10 ], "texture": "#texture" }
    }
},
{
    "__comment": "Shell*",
    "from": [ 4.15616, 4.61261, 5.6937 ],
    "to": [ 15.6877, 5.38138, 10.3063 ],
    "faces": {
        "down":  { "uv": [ 13, 11, 0, 5 ], "texture": "#texture" },
        "up":    { "uv": [ 3, 5, 16, 11 ], "texture": "#texture" },
        "north": { "uv": [ 0, 9, 13, 10 ], "texture": "#texture" },
        "south": { "uv": [ 3, 9, 16, 10 ], "texture": "#texture" },
        "west":  { "uv": [ 5, 9, 11, 10 ], "texture": "#texture" },
        "east":  { "uv": [ 5, 9, 11, 10 ], "texture": "#texture" }
    }
},
{
    "__comment": "Shell*",
    "from": [ 2.23424, 4.61261, 2.61862 ],
    "to": [ 13.3813, 5.38138, 12.997 ],
    "faces": {
        "down":  { "uv": [ 15.5, 14.5, 1, 1 ], "texture": "#texture" },
        "up":    { "uv": [ 0.5, 1, 15, 14.5 ], "texture": "#texture" },
        "north": { "uv": [ 1, 9, 15.5, 10 ], "texture": "#texture" },
        "south": { "uv": [ 0.5, 9, 15, 10 ], "texture": "#texture" },
        "west":  { "uv": [ 1, 9, 14.5, 10 ], "texture": "#texture" },
        "east":  { "uv": [ 1.5, 9, 15, 10 ], "texture": "#texture" }
    }
},
{
    "__comment": "Shell*",
    "from": [ 0.696688, 5.38138, 5.30931 ],
    "to": [ 14.5345, 6.15015, 10.6907 ],
    "faces": {
        "down":  { "uv": [ 16, 11.5, 0, 4.5 ], "texture": "#texture" },
        "up":    { "uv": [ 0, 4.5, 16, 11.5 ], "texture": "#texture" },
        "north": { "uv": [ 0, 8, 16, 9 ], "texture": "#texture" },
        "south": { "uv": [ 0, 8, 16, 9 ], "texture": "#texture" },
        "west":  { "uv": [ 4.5, 8, 11.5, 9 ], "texture": "#texture" },
        "east":  { "uv": [ 4.5, 8, 11.5, 9 ], "texture": "#texture" }
    }
},
{
    "__comment": "Shell*",
    "from": [ -1.22519, 5.38138, 6.46246 ],
    "to": [ 15.3033, 6.15015, 9.53754 ],
    "faces": {
        "down":  { "uv": [ 16, 10, 0, 6 ], "texture": "#texture" },
        "up":    { "uv": [ 0, 6, 16, 10 ], "texture": "#texture" },
        "north": { "uv": [ 0, 8, 16, 9 ], "texture": "#texture" },
        "south": { "uv": [ 0, 8, 16, 9 ], "texture": "#texture" },
        "west":  { "uv": [ 6, 8, 10, 9 ], "texture": "#texture" },
        "east":  { "uv": [ 6, 8, 10, 9 ], "texture": "#texture" }
    }
},
{
    "__comment": "Shell*",
    "from": [ 3.38739, 6.15017, 4.54055 ],
    "to": [ 12.2282, 6.91894, 11.4595 ],
    "faces": {
        "down":  { "uv": [ 14, 12.5, 2.5, 3.5 ], "texture": "#texture" },
        "up":    { "uv": [ 2, 3.5, 13.5, 12.5 ], "texture": "#texture" },
        "north": { "uv": [ 2.5, 7, 14, 8 ], "texture": "#texture" },
        "south": { "uv": [ 2, 7, 13.5, 8 ], "texture": "#texture" },
        "west":  { "uv": [ 3.5, 7, 12.5, 8 ], "texture": "#texture" },
        "east":  { "uv": [ 3.5, 7, 12.5, 8 ], "texture": "#texture" }
    }
},
{
    "__comment": "Shell*",
    "from": [ 1.4375, 6.15017, 6.0625 ],
    "to": [ 3.4375, 6.91894, 10.0625 ],
    "faces": {
        "down":  { "uv": [ 1.4375, 6.0625, 3.4375, 10.0625 ], "texture": "#texture" },
        "up":    { "uv": [ 1.4375, 6.0625, 3.4375, 10.0625 ], "texture": "#texture" },
        "north": { "uv": [ 1.4375, 9.0625, 3.4375, 9.8125 ], "texture": "#texture" },
        "south": { "uv": [ 1.4375, 9.0625, 3.4375, 9.8125 ], "texture": "#texture" },
        "west":  { "uv": [ 6.0625, 9.0625, 10.0625, 9.8125 ], "texture": "#texture" },
        "east":  { "uv": [ 6.0625, 9.0625, 10.0625, 9.8125 ], "texture": "#texture" }
    }
},
{
    "__comment": "Shell*",
    "from": [ -0.125, 6.15017, 7.1875 ],
    "to": [ 1.375, 6.91894, 9.1875 ],
    "faces": {
        "down":  { "uv": [ -0.125, 7.1875, 1.375, 9.1875 ], "texture": "#texture" },
        "up":    { "uv": [ 0, 7.1875, 1.5, 9.1875 ], "texture": "#texture" },
        "north": { "uv": [ 0, 9.0625, 1.5, 9.8125 ], "texture": "#texture" },
        "south": { "uv": [ 0, 9.0625, 1.5, 9.8125 ], "texture": "#texture" },
        "west":  { "uv": [ 7.1875, 9.0625, 9.1875, 9.8125 ], "texture": "#texture" },
        "east":  { "uv": [ 7.1875, 9.0625, 9.1875, 9.8125 ], "texture": "#texture" }
    }
},
{
    "__comment": "Skin",
    "from": [ -0.456437, 3.84384, 3.38739 ],
    "to": [ 14.5346, 4.61261, 12.6126 ],
    "faces": {
        "down":  { "uv": [ 12.2282, 10.3063, 4.73273, 5.69369 ], "texture": "#skin" },
        "up":    { "uv": [ 3.77177, 5.69369, 11.2673, 10.3063 ], "texture": "#skin" },
        "north": { "uv": [ 4.73273, 13.6937, 12.2282, 14.0781 ], "texture": "#skin" },
        "south": { "uv": [ 3.77177, 13.6937, 11.2673, 14.0781 ], "texture": "#skin" },
        "west":  { "uv": [ 5.69369, 13.6937, 10.3063, 14.0781 ], "texture": "#skin" },
        "east":  { "uv": [ 5.6937, 13.6937, 10.3063, 14.0781 ], "texture": "#skin" }
    }
},
{
    "__comment": "Skin*",
    "from": [ 0.312312, 3.07507, 4.15616 ],
    "to": [ 13.3814, 3.84384, 11.8438 ],
    "faces": {
        "down":  { "uv": [ 11.8438, 9.92192, 5.30931, 6.07808 ], "texture": "#skin" },
        "up":    { "uv": [ 4.15616, 6.07808, 10.6907, 9.92192 ], "texture": "#skin" },
        "north": { "uv": [ 5.30931, 14.0781, 11.8438, 14.4625 ], "texture": "#skin" },
        "south": { "uv": [ 4.15616, 14.0781, 10.6907, 14.4625 ], "texture": "#skin" },
        "west":  { "uv": [ 6.07808, 14.0781, 9.92192, 14.4625 ], "texture": "#skin" },
        "east":  { "uv": [ 6.07808, 14.0781, 9.92192, 14.4625 ], "texture": "#skin" }
    }
},
{
    "__comment": "Skin*",
    "from": [ 9.92192, 3.45946, 0.696688 ],
    "to": [ 13.7658, 4.22823, 4.15615 ],
    "rotation": { "origin": [ 9.92192, 3.45946, 0.696688 ], "axis": "y", "angle": -22.5 },
    "faces": {
        "down":  { "uv": [ 6.07808, 9.15615, 2.23424, 5.69669 ], "texture": "#skin" },
        "up":    { "uv": [ 9.92192, 5.69669, 13.7658, 9.15615 ], "texture": "#skin" },
        "north": { "uv": [ 2.23424, 1.77177, 6.07808, 2.54054 ], "texture": "#skin" },
        "south": { "uv": [ 9.92192, 1.77177, 13.7658, 2.54054 ], "texture": "#skin" },
        "west":  { "uv": [ 5.69669, 1.77177, 9.15615, 2.54054 ], "texture": "#skin" },
        "east":  { "uv": [ 6.84385, 1.77177, 10.3033, 2.54054 ], "texture": "#skin" }
    }
},
{
    "__comment": "Skin*",
    "from": [ 7.61562, 3.45946, -2.76275 ],
    "to": [ 14.9189, 4.22823, -0.07207 ],
    "rotation": { "origin": [ 7.61562, 3.45946, -2.76275 ], "axis": "y", "angle": -22.5 },
    "faces": {
        "down":  { "uv": [ 8.38438, 4.92793, 1.08108, 2.23725 ], "texture": "#skin" },
        "up":    { "uv": [ 7.61562, 2.23725, 14.9189, 4.92793 ], "texture": "#skin" },
        "north": { "uv": [ 1.08108, 1.77177, 8.38438, 2.54054 ], "texture": "#skin" },
        "south": { "uv": [ 7.61562, 1.77177, 14.9189, 2.54054 ], "texture": "#skin" },
        "west":  { "uv": [ 2.23725, 1.77177, 4.92793, 2.54054 ], "texture": "#skin" },
        "east":  { "uv": [ 11.0721, 1.77177, 13.7628, 2.54054 ], "texture": "#skin" }
    }
},
{
    "__comment": "Skin*",
    "from": [ 8.38438, 3.45946, -3.14713 ],
    "to": [ 14.9189, 4.22823, -1.22521 ],
    "rotation": { "origin": [ 8.38438, 3.45946, -3.14713 ], "axis": "y", "angle": -22.5 },
    "faces": {
        "down":  { "uv": [ 7.61562, 3.77479, 1.0811, 1.85287 ], "texture": "#skin" },
        "up":    { "uv": [ 8.38438, 1.85287, 14.9189, 3.77479 ], "texture": "#skin" },
        "north": { "uv": [ 1.0811, 1.77177, 7.61562, 2.54054 ], "texture": "#skin" },
        "south": { "uv": [ 8.38438, 1.77177, 14.9189, 2.54054 ], "texture": "#skin" },
        "west":  { "uv": [ 1.85287, 1.77177, 3.77479, 2.54054 ], "texture": "#skin" },
        "east":  { "uv": [ 12.2252, 1.77177, 14.1471, 2.54054 ], "texture": "#skin" }
    }
},
{
    "__comment": "Skin*",
    "from": [ 9.875, 3.45946, -3.1875 ],
    "to": [ 13.875, 4.22823, -1.6875 ],
    "rotation": { "origin": [ 9.875, 3.45946, -3.1875 ], "axis": "y", "angle": -22.5 },
    "faces": {
        "down":  { "uv": [ 6.07808, 3.77479, 2.23424, 1.85287 ], "texture": "#skin" },
        "up":    { "uv": [ 9.92192, 1.85287, 13.7658, 3.77479 ], "texture": "#skin" },
        "north": { "uv": [ 2.23424, 1.77177, 6.07808, 2.54054 ], "texture": "#skin" },
        "south": { "uv": [ 9.92192, 1.77177, 13.7658, 2.54054 ], "texture": "#skin" },
        "west":  { "uv": [ 1.85287, 1.77177, 3.77479, 2.54054 ], "texture": "#skin" },
        "east":  { "uv": [ 12.2252, 1.77177, 14.1471, 2.54054 ], "texture": "#skin" }
    }
},
{
    "__comment": "Skin*",
    "from": [ 8.5, 3.45946, -3 ],
    "to": [ 15, 4.61261, -0.5 ],
    "rotation": { "origin": [ 8.5, 3.45946, -3 ], "axis": "y", "angle": -22.5 },
    "faces": {
        "down":  { "uv": [ 2, 0.5, 8.5, 3 ], "texture": "#skin" },
        "up":    { "uv": [ 2, 0.5, 8.5, 3 ], "texture": "#skin" },
        "north": { "uv": [ 2, 11.375, 8.5, 12.5 ], "texture": "#skin" },
        "south": { "uv": [ 2, 11.375, 8.5, 12.5 ], "texture": "#skin" },
        "west":  { "uv": [ 0.5, 11.375, 3, 12.5 ], "texture": "#skin" },
        "east":  { "uv": [ 0.5, 11.375, 3, 12.5 ], "texture": "#skin" }
    }
},
{
    "__comment": "Skin*",
    "from": [ 8.76877, 3.45946, 11.4594 ],
    "to": [ 12.6126, 4.22823, 14.9189 ],
    "rotation": { "origin": [ 8.76877, 3.45946, 11.4594 ], "axis": "y", "angle": 22.5 },
    "faces": {
        "down":  { "uv": [ 7.23123, 9.91891, 3.38739, 6.45945 ], "texture": "#skin" },
        "up":    { "uv": [ 8.76877, 6.45945, 12.6126, 9.91891 ], "texture": "#skin" },
        "north": { "uv": [ 3.38739, 5.77177, 7.23123, 6.54054 ], "texture": "#skin" },
        "south": { "uv": [ 8.76877, 5.77177, 12.6126, 6.54054 ], "texture": "#skin" },
        "west":  { "uv": [ 6.45945, 5.77177, 9.91891, 6.54054 ], "texture": "#skin" },
        "east":  { "uv": [ 6.08109, 5.77177, 9.54055, 6.54054 ], "texture": "#skin" }
    }
},
{
    "__comment": "Skin*",
    "from": [ 6.84685, 3.45946, 15.6877 ],
    "to": [ 14.1502, 4.22823, 18.3784 ],
    "rotation": { "origin": [ 6.84685, 3.45946, 15.6877 ], "axis": "y", "angle": 22.5 },
    "faces": {
        "down":  { "uv": [ 9.15315, 13.3784, 1.84985, 10.6877 ], "texture": "#skin" },
        "up":    { "uv": [ 6.84685, 10.6877, 14.1501, 13.3784 ], "texture": "#skin" },
        "north": { "uv": [ 1.84985, 5.77177, 9.15315, 6.54054 ], "texture": "#skin" },
        "south": { "uv": [ 6.84685, 5.77177, 14.1501, 6.54054 ], "texture": "#skin" },
        "west":  { "uv": [ 10.6877, 5.77177, 13.3784, 6.54054 ], "texture": "#skin" },
        "east":  { "uv": [ 2.62165, 5.77177, 5.31233, 6.54054 ], "texture": "#skin" }
    }
},
{
    "__comment": "Skin*",
    "from": [ 7.61562, 3.45946, 17.2252 ],
    "to": [ 14.1501, 4.22823, 19.1471 ],
    "rotation": { "origin": [ 7.61562, 3.45946, 17.2252 ], "axis": "y", "angle": 22.5 },
    "faces": {
        "down":  { "uv": [ 8.38438, 14.1471, 1.84986, 12.2252 ], "texture": "#skin" },
        "up":    { "uv": [ 7.61562, 12.2252, 14.1501, 14.1471 ], "texture": "#skin" },
        "north": { "uv": [ 1.84986, 5.77177, 8.38438, 6.54054 ], "texture": "#skin" },
        "south": { "uv": [ 7.61562, 5.77177, 14.1501, 6.54054 ], "texture": "#skin" },
        "west":  { "uv": [ 12.2252, 5.77177, 14.1471, 6.54054 ], "texture": "#skin" },
        "east":  { "uv": [ 1.85287, 5.77177, 3.77479, 6.54054 ], "texture": "#skin" }
    }
},
{
    "__comment": "Skin*",
    "from": [ 9.15315, 3.45946, 17.2252 ],
    "to": [ 12.997, 4.22823, 19.1471 ],
    "rotation": { "origin": [ 9.15315, 3.45946, 17.2252 ], "axis": "y", "angle": 22.5 },
    "faces": {
        "down":  { "uv": [ 6.84685, 14.1471, 3.00301, 12.2252 ], "texture": "#skin" },
        "up":    { "uv": [ 9.15315, 12.2252, 12.997, 14.1471 ], "texture": "#skin" },
        "north": { "uv": [ 3.00301, 5.77177, 6.84685, 6.54054 ], "texture": "#skin" },
        "south": { "uv": [ 9.15315, 5.77177, 12.997, 6.54054 ], "texture": "#skin" },
        "west":  { "uv": [ 12.2252, 5.77177, 14.1471, 6.54054 ], "texture": "#skin" },
        "east":  { "uv": [ 1.85287, 5.77177, 3.77479, 6.54054 ], "texture": "#skin" }
    }
},
{
    "__comment": "Skin*",
    "from": [ 2.61862, 3.45946, 9.53754 ],
    "to": [ 6.46246, 4.22823, 14.5345 ],
    "rotation": { "origin": [ 2.61862, 3.45946, 9.53754 ], "axis": "y", "angle": -45 },
    "faces": {
        "down":  { "uv": [ 3.38138, 9.53454, 0, 4.53754 ], "texture": "#skin" },
        "up":    { "uv": [ 12.6186, 4.53754, 16, 9.53454 ], "texture": "#skin" },
        "north": { "uv": [ 0, 1.77177, 3.38138, 2.54054 ], "texture": "#skin" },
        "south": { "uv": [ 12.6186, 1.77177, 16, 2.54054 ], "texture": "#skin" },
        "west":  { "uv": [ 4.53754, 1.77177, 9.53454, 2.54054 ], "texture": "#skin" },
        "east":  { "uv": [ 6.46546, 1.77177, 11.4625, 2.54054 ], "texture": "#skin" }
    }
},
{
    "__comment": "Skin*",
    "from": [ -2.37838, 3.45946, 13.3814 ],
    "to": [ 0.696705, 4.61261, 15.3033 ],
    "faces": {
        "down":  { "uv": [ 8.37837, 10.3033, 5.30329, 8.38138 ], "texture": "#skin" },
        "up":    { "uv": [ 7.62163, 8.38138, 10.6967, 10.3033 ], "texture": "#skin" },
        "north": { "uv": [ 5.30329, 1.38739, 8.37837, 2.54054 ], "texture": "#skin" },
        "south": { "uv": [ 7.62163, 1.38739, 10.6967, 2.54054 ], "texture": "#skin" },
        "west":  { "uv": [ 8.38138, 1.38739, 10.3033, 2.54054 ], "texture": "#skin" },
        "east":  { "uv": [ 5.6967, 1.38739, 7.61862, 2.54054 ], "texture": "#skin" }
    }
},
{
    "__comment": "Skin*",
    "from": [ -3.91587, 3.45946, 12.997 ],
    "to": [ 0.696725, 4.22823, 13.7658 ],
    "faces": {
        "down":  { "uv": [ 9.91587, 8.76576, 5.30327, 7.99699 ], "texture": "#skin" },
        "up":    { "uv": [ 6.08413, 7.99699, 10.6967, 8.76576 ], "texture": "#skin" },
        "north": { "uv": [ 5.30328, 1.77177, 9.91587, 2.54054 ], "texture": "#skin" },
        "south": { "uv": [ 6.08413, 1.77177, 10.6967, 2.54054 ], "texture": "#skin" },
        "west":  { "uv": [ 7.99699, 1.77177, 8.76576, 2.54054 ], "texture": "#skin" },
        "east":  { "uv": [ 7.23424, 1.77177, 8.00301, 2.54054 ], "texture": "#skin" }
    }
},
{
    "__comment": "Skin*",
    "from": [ -3.5315, 3.45946, 13.7658 ],
    "to": [ 1.0811, 4.22823, 14.5345 ],
    "faces": {
        "down":  { "uv": [ 9.5315, 9.53453, 4.9189, 8.76576 ], "texture": "#skin" },
        "up":    { "uv": [ 6.4685, 8.76576, 11.0811, 9.53453 ], "texture": "#skin" },
        "north": { "uv": [ 4.9189, 1.77177, 9.5315, 2.54054 ], "texture": "#skin" },
        "south": { "uv": [ 6.4685, 1.77177, 11.0811, 2.54054 ], "texture": "#skin" },
        "west":  { "uv": [ 8.76576, 1.77177, 9.53453, 2.54054 ], "texture": "#skin" },
        "east":  { "uv": [ 6.46547, 1.77177, 7.23424, 2.54054 ], "texture": "#skin" }
    }
},
{
    "__comment": "Skin*",
    "from": [ -3.14713, 3.45946, 14.1502 ],
    "to": [ 1.46547, 4.22823, 14.9189 ],
    "faces": {
        "down":  { "uv": [ 9.14713, 9.91892, 4.53453, 9.15015 ], "texture": "#skin" },
        "up":    { "uv": [ 6.85287, 9.15015, 11.4655, 9.91892 ], "texture": "#skin" },
        "north": { "uv": [ 4.53453, 1.77177, 9.14713, 2.54054 ], "texture": "#skin" },
        "south": { "uv": [ 6.85287, 1.77177, 11.4655, 2.54054 ], "texture": "#skin" },
        "west":  { "uv": [ 9.15015, 1.77177, 9.91892, 2.54054 ], "texture": "#skin" },
        "east":  { "uv": [ 6.08108, 1.77177, 6.84985, 2.54054 ], "texture": "#skin" }
    }
},
{
    "__comment": "Skin*",
    "from": [ -2.76275, 3.45946, 14.5345 ],
    "to": [ 1.84985, 4.22823, 15.3033 ],
    "faces": {
        "down":  { "uv": [ 8.76275, 10.3033, 4.15015, 9.5345 ], "texture": "#skin" },
        "up":    { "uv": [ 7.23725, 9.5345, 11.8499, 10.3033 ], "texture": "#skin" },
        "north": { "uv": [ 4.15015, 1.77177, 8.76275, 2.54054 ], "texture": "#skin" },
        "south": { "uv": [ 7.23725, 1.77177, 11.8499, 2.54054 ], "texture": "#skin" },
        "west":  { "uv": [ 9.5345, 1.77177, 10.3033, 2.54054 ], "texture": "#skin" },
        "east":  { "uv": [ 5.69673, 1.77177, 6.4655, 2.54054 ], "texture": "#skin" }
    }
},
{
    "__comment": "Skin*",
    "from": [ -2.37838, 3.45946, 14.9189 ],
    "to": [ 1.84985, 4.22823, 15.6877 ],
    "faces": {
        "down":  { "uv": [ 8.37837, 10.6877, 4.15015, 9.91894 ], "texture": "#skin" },
        "up":    { "uv": [ 7.62163, 9.91894, 11.8498, 10.6877 ], "texture": "#skin" },
        "north": { "uv": [ 4.15015, 1.77177, 8.37837, 2.54054 ], "texture": "#skin" },
        "south": { "uv": [ 7.62163, 1.77177, 11.8498, 2.54054 ], "texture": "#skin" },
        "west":  { "uv": [ 9.91894, 1.77177, 10.6877, 2.54054 ], "texture": "#skin" },
        "east":  { "uv": [ 5.31229, 1.77177, 6.08106, 2.54054 ], "texture": "#skin" }
    }
},
{
    "__comment": "Skin*",
    "from": [ -1.22519, 3.45946, 2.61862 ],
    "to": [ 2.61865, 4.22823, 7.61562 ],
    "rotation": { "origin": [ -1.22519, 3.45946, 2.61862 ], "axis": "y", "angle": 45 },
    "faces": {
        "down":  { "uv": [ 7.22519, 12.6156, 3.38135, 7.61862 ], "texture": "#skin" },
        "up":    { "uv": [ 8.77481, 7.61862, 12.6187, 12.6156 ], "texture": "#skin" },
        "north": { "uv": [ 3.38135, 1.77177, 7.22519, 2.54054 ], "texture": "#skin" },
        "south": { "uv": [ 8.77481, 1.77177, 12.6187, 2.54054 ], "texture": "#skin" },
        "west":  { "uv": [ 7.61862, 1.77177, 12.6156, 2.54054 ], "texture": "#skin" },
        "east":  { "uv": [ 3.38438, 1.77177, 8.38138, 2.54054 ], "texture": "#skin" }
    }
},
{
    "__comment": "Skin*",
    "from": [ -2.37838, 3.45946, 0.696688 ],
    "to": [ 0.696705, 4.61261, 2.61861 ],
    "faces": {
        "down":  { "uv": [ 8.37838, 7.61861, 5.3033, 5.69669 ], "texture": "#skin" },
        "up":    { "uv": [ 7.62162, 5.69669, 10.6967, 7.61861 ], "texture": "#skin" },
        "north": { "uv": [ 5.3033, 1.38739, 8.37838, 2.54054 ], "texture": "#skin" },
        "south": { "uv": [ 7.62162, 1.38739, 10.6967, 2.54054 ], "texture": "#skin" },
        "west":  { "uv": [ 5.69669, 1.38739, 7.61861, 2.54054 ], "texture": "#skin" },
        "east":  { "uv": [ 8.38139, 1.38739, 10.3033, 2.54054 ], "texture": "#skin" }
    }
},
{
    "__comment": "Skin*",
    "from": [ -3.91587, 3.45946, 2.23424 ],
    "to": [ 0.696725, 4.22823, 3.00301 ],
    "faces": {
        "down":  { "uv": [ 9.91587, 8.00301, 5.30327, 7.23424 ], "texture": "#skin" },
        "up":    { "uv": [ 6.08413, 7.23424, 10.6967, 8.00301 ], "texture": "#skin" },
        "north": { "uv": [ 5.30328, 1.77177, 9.91587, 2.54054 ], "texture": "#skin" },
        "south": { "uv": [ 6.08413, 1.77177, 10.6967, 2.54054 ], "texture": "#skin" },
        "west":  { "uv": [ 7.23424, 1.77177, 8.00301, 2.54054 ], "texture": "#skin" },
        "east":  { "uv": [ 7.99699, 1.77177, 8.76576, 2.54054 ], "texture": "#skin" }
    }
},
{
    "__comment": "Skin*",
    "from": [ -3.5315, 3.45946, 1.4655 ],
    "to": [ 1.0811, 4.22823, 2.23427 ],
    "faces": {
        "down":  { "uv": [ 9.5315, 7.23427, 4.9189, 6.4655 ], "texture": "#skin" },
        "up":    { "uv": [ 6.4685, 6.4655, 11.0811, 7.23427 ], "texture": "#skin" },
        "north": { "uv": [ 4.9189, 1.77177, 9.5315, 2.54054 ], "texture": "#skin" },
        "south": { "uv": [ 6.4685, 1.77177, 11.0811, 2.54054 ], "texture": "#skin" },
        "west":  { "uv": [ 6.4655, 1.77177, 7.23427, 2.54054 ], "texture": "#skin" },
        "east":  { "uv": [ 8.76573, 1.77177, 9.5345, 2.54054 ], "texture": "#skin" }
    }
},
{
    "__comment": "Skin*",
    "from": [ -3.14713, 3.45946, 0.696688 ],
    "to": [ 1.46547, 4.22823, 1.46546 ],
    "faces": {
        "down":  { "uv": [ 9.14712, 6.46546, 4.53453, 5.69669 ], "texture": "#skin" },
        "up":    { "uv": [ 6.85287, 5.69669, 11.4655, 6.46546 ], "texture": "#skin" },
        "north": { "uv": [ 4.53453, 1.77177, 9.14713, 2.54054 ], "texture": "#skin" },
        "south": { "uv": [ 6.85287, 1.77177, 11.4655, 2.54054 ], "texture": "#skin" },
        "west":  { "uv": [ 5.69669, 1.77177, 6.46546, 2.54054 ], "texture": "#skin" },
        "east":  { "uv": [ 9.53454, 1.77177, 10.3033, 2.54054 ], "texture": "#skin" }
    }
},
{
    "__comment": "Skin*",
    "from": [ -2.76275, 3.45946, 0.312312 ],
    "to": [ 1.84985, 4.22823, 1.08108 ],
    "faces": {
        "down":  { "uv": [ 8.76275, 6.08108, 4.15015, 5.31231 ], "texture": "#skin" },
        "up":    { "uv": [ 7.23725, 5.31231, 11.8499, 6.08108 ], "texture": "#skin" },
        "north": { "uv": [ 4.15015, 1.77177, 8.76275, 2.54054 ], "texture": "#skin" },
        "south": { "uv": [ 7.23725, 1.77177, 11.8499, 2.54054 ], "texture": "#skin" },
        "west":  { "uv": [ 5.31231, 1.77177, 6.08108, 2.54054 ], "texture": "#skin" },
        "east":  { "uv": [ 9.91892, 1.77177, 10.6877, 2.54054 ], "texture": "#skin" }
    }
},
{
    "__comment": "Skin*",
    "from": [ -1.994, 3.45946, -0.456437 ],
    "to": [ 1.46546, 4.22823, 0.312331 ],
    "faces": {
        "down":  { "uv": [ 7.994, 5.31233, 4.53454, 4.54356 ], "texture": "#skin" },
        "up":    { "uv": [ 8.006, 4.54356, 11.4655, 5.31233 ], "texture": "#skin" },
        "north": { "uv": [ 4.53454, 1.77177, 7.994, 2.54054 ], "texture": "#skin" },
        "south": { "uv": [ 8.006, 1.77177, 11.4655, 2.54054 ], "texture": "#skin" },
        "west":  { "uv": [ 4.54356, 1.77177, 5.31233, 2.54054 ], "texture": "#skin" },
        "east":  { "uv": [ 10.6877, 1.77177, 11.4564, 2.54054 ], "texture": "#skin" }
    }
},
{
    "__comment": "Skin*",
    "from": [ -3.14713, 3.45946, 2.61862 ],
    "to": [ -0.072045, 4.22823, 3.38739 ],
    "rotation": { "origin": [ -3.14713, 3.45946, 2.61862 ], "axis": "y", "angle": 22.5 },
    "faces": {
        "down":  { "uv": [ 9.14713, 8.38739, 6.07205, 7.61862 ], "texture": "#skin" },
        "up":    { "uv": [ 6.85287, 7.61862, 9.92795, 8.38739 ], "texture": "#skin" },
        "north": { "uv": [ 6.07205, 1.77177, 9.14713, 2.54054 ], "texture": "#skin" },
        "south": { "uv": [ 6.85287, 1.77177, 9.92795, 2.54054 ], "texture": "#skin" },
        "west":  { "uv": [ 7.61862, 1.77177, 8.38739, 2.54054 ], "texture": "#skin" },
        "east":  { "uv": [ 7.61261, 1.77177, 8.38138, 2.54054 ], "texture": "#skin" }
    }
},
{
    "__comment": "Head",
    "from": [ 14.5345, 3.84384, 6.46246 ],
    "to": [ 17.2252, 5.38138, 9.15314 ],
    "faces": {
        "down":  { "uv": [ 6.4655, 9.15314, 3.77482, 6.46246 ], "texture": "#skin" },
        "up":    { "uv": [ 9.5345, 6.46246, 12.2252, 9.15314 ], "texture": "#skin" },
        "north": { "uv": [ 3.77482, 0.618625, 6.4655, 2.15616 ], "texture": "#skin" },
        "south": { "uv": [ 9.5345, 0.618625, 12.2252, 2.15616 ], "texture": "#skin" },
        "west":  { "uv": [ 6.46246, 0.618625, 9.15314, 2.15616 ], "texture": "#skin" },
        "east":  { "uv": [ 6.84686, 0.618625, 9.53754, 2.15616 ], "texture": "#skin" }
    }
},
{
    "__comment": "Head*",
    "from": [ 16.4564, 3.84385, 6.46246 ],
    "to": [ 18.7627, 6.15015, 9.15314 ],
    "faces": {
        "down":  { "uv": [ 4.54356, 9.15314, 2.23726, 6.46246 ], "texture": "#skin" },
        "up":    { "uv": [ 11.4564, 6.46246, 13.7627, 9.15314 ], "texture": "#skin" },
        "north": { "uv": [ 2.23726, 0, 4.54356, 2.15615 ], "texture": "#skin" },
        "south": { "uv": [ 11.4564, 0, 13.7627, 2.15615 ], "texture": "#skin" },
        "west":  { "uv": [ 6.46246, 0, 9.15314, 2.15615 ], "texture": "#skin" },
        "east":  { "uv": [ 6.84686, 0, 9.53754, 2.15615 ], "texture": "#skin" }
    }
},
{
    "__comment": "Head*",
    "from": [ 18.5, 5, 6.5 ],
    "to": [ 20, 6, 9.19068 ],
    "faces": {
        "down":  { "uv": [ 10, 6.5, 11.5, 9.1875 ], "texture": "#skin" },
        "up":    { "uv": [ 10, 6.5, 11.5, 9.1875 ], "texture": "#skin" },
        "north": { "uv": [ 10, 6, 11.5, 7 ], "texture": "#skin" },
        "south": { "uv": [ 10, 6, 11.5, 7 ], "texture": "#skin" },
        "west":  { "uv": [ 6.5, 6, 9.1875, 7 ], "texture": "#skin" },
        "east":  { "uv": [ 6.5, 6, 9.1875, 7 ], "texture": "#skin" }
    }
},
{
    "__comment": "Head*",
    "from": [ 19.1471, 4.61261, 6.46246 ],
    "to": [ 20.6847, 5.38138, 9.15314 ],
    "faces": {
        "down":  { "uv": [ 1.85287, 9.15314, 0.315335, 6.46246 ], "texture": "#skin" },
        "up":    { "uv": [ 14.1471, 6.46246, 15.6847, 9.15314 ], "texture": "#skin" },
        "north": { "uv": [ 0.315335, 0.618625, 1.85287, 1.38739 ], "texture": "#skin" },
        "south": { "uv": [ 14.1471, 0.618625, 15.6847, 1.38739 ], "texture": "#skin" },
        "west":  { "uv": [ 6.46246, 0.618625, 9.15314, 1.38739 ], "texture": "#skin" },
        "east":  { "uv": [ 6.84686, 0.618625, 9.53754, 1.38739 ], "texture": "#skin" }
    }
},
{
    "__comment": "Head*",
    "from": [ 17.994, 4.22822, 6.46246 ],
    "to": [ 20.3003, 4.99699, 9.15314 ],
    "rotation": { "origin": [ 17.994, 4.99699, 6.46246 ], "axis": "z", "angle": -22.5 },
    "faces": {
        "down":  { "uv": [ 3.006, 9.15314, 0.6997, 6.46246 ], "texture": "#skin" },
        "up":    { "uv": [ 12.994, 6.46246, 15.3003, 9.15314 ], "texture": "#skin" },
        "north": { "uv": [ 0.6997, 1.00301, 3.006, 1.77178 ], "texture": "#skin" },
        "south": { "uv": [ 12.994, 1.00301, 15.3003, 1.77178 ], "texture": "#skin" },
        "west":  { "uv": [ 6.46246, 1.00301, 9.15314, 1.77178 ], "texture": "#skin" },
        "east":  { "uv": [ 6.84686, 1.00301, 9.53754, 1.77178 ], "texture": "#skin" }
    }
},
{
    "__comment": "Head*",
    "from": [ 16.8408, 4.2282, 6.84685 ],
    "to": [ 19.1471, 6.5345, 8.76877 ],
    "faces": {
        "down":  { "uv": [ 4.15919, 8.76877, 1.85289, 6.84685 ], "texture": "#skin" },
        "up":    { "uv": [ 11.8408, 6.84685, 14.1471, 8.76877 ], "texture": "#skin" },
        "north": { "uv": [ 1.85289, 0, 4.15919, 1.7718 ], "texture": "#skin" },
        "south": { "uv": [ 11.8408, 0, 14.1471, 1.7718 ], "texture": "#skin" },
        "west":  { "uv": [ 6.84685, 0, 8.76877, 1.7718 ], "texture": "#skin" },
        "east":  { "uv": [ 7.23123, 0, 9.15315, 1.7718 ], "texture": "#skin" }
    }
},
{
    "__comment": "Head*",
    "from": [ 17.5, 6.11562, 5.75 ],
    "to": [ 18.6532, 6.5, 9.97822 ],
    "faces": {
        "down":  { "uv": [ 3.006, 9.92192, 1.85285, 5.6937 ], "texture": "#skin" },
        "up":    { "uv": [ 12.994, 5.6937, 14.1472, 9.92192 ], "texture": "#skin" },
        "north": { "uv": [ 1.85285, 0, 3.006, 0.234234 ], "texture": "#skin" },
        "south": { "uv": [ 12.994, 0, 14.1472, 0.234234 ], "texture": "#skin" },
        "west":  { "uv": [ 5.6937, 0, 9.92192, 0.234234 ], "texture": "#skin" },
        "east":  { "uv": [ 6.07808, 0, 10.3063, 0.234234 ], "texture": "#skin" }
    }
},
{
    "__comment": "Eye",
    "from": [ 18, 5, 6.125 ],
    "to": [ 18.5, 6, 9.58446 ],
    "faces": {
        "down":  { "uv": [ 3.006, 9.53754, 1.85285, 6.07808 ], "texture": "#coal_block" },
        "up":    { "uv": [ 12.994, 6.07808, 14.1472, 9.53754 ], "texture": "#coal_block" },
        "north": { "uv": [ 1.85285, 0.234237, 3.006, 1.00301 ], "texture": "#coal_block" },
        "south": { "uv": [ 12.994, 0.234237, 14.1472, 1.00301 ], "texture": "#coal_block" },
        "west":  { "uv": [ 6.07808, 0.234237, 9.53754, 1.00301 ], "texture": "#coal_block" },
        "east":  { "uv": [ 6.46246, 0.234237, 9.92192, 1.00301 ], "texture": "#coal_block" }
    }
},
{
    "__comment": "Shell*",
    "from": [ 12, 6.15017, 6 ],
    "to": [ 14, 6.91894, 10 ],
    "faces": {
        "down":  { "uv": [ 12, 6, 14, 10 ], "texture": "#texture" },
        "up":    { "uv": [ 12, 6, 14, 10 ], "texture": "#texture" },
        "north": { "uv": [ 12, 9.0625, 14, 9.8125 ], "texture": "#texture" },
        "south": { "uv": [ 12, 9.0625, 14, 9.8125 ], "texture": "#texture" },
        "west":  { "uv": [ 6, 9.0625, 10, 9.8125 ], "texture": "#texture" },
        "east":  { "uv": [ 6, 9.0625, 10, 9.8125 ], "texture": "#texture" }
    }
},
{
    "__comment": "Shell*",
    "from": [ 13.5, 6.15017, 7 ],
    "to": [ 15, 6.91894, 9 ],
    "faces": {
        "down":  { "uv": [ 13.5, 7, 15, 9 ], "texture": "#texture" },
        "up":    { "uv": [ 13.5, 7, 15, 9 ], "texture": "#texture" },
        "north": { "uv": [ 13.5, 9.0625, 15, 9.8125 ], "texture": "#texture" },
        "south": { "uv": [ 13.5, 9.0625, 15, 9.8125 ], "texture": "#texture" },
        "west":  { "uv": [ 7, 9.0625, 9, 9.8125 ], "texture": "#texture" },
        "east":  { "uv": [ 7, 9.0625, 9, 9.8125 ], "texture": "#texture" }
    }
},
{
    "__comment": "Skin*",
    "from": [ 7, 3.45946, 16 ],
    "to": [ 13.5, 4.61261, 18.5 ],
    "rotation": { "origin": [ 7, 3.45946, 16 ], "axis": "y", "angle": 22.5 },
    "faces": {
        "down":  { "uv": [ 2, 0.5, 8.5, 3 ], "texture": "#skin" },
        "up":    { "uv": [ 2, 0.5, 8.5, 3 ], "texture": "#skin" },
        "north": { "uv": [ 2, 11.375, 8.5, 12.5 ], "texture": "#skin" },
        "south": { "uv": [ 2, 11.375, 8.5, 12.5 ], "texture": "#skin" },
        "west":  { "uv": [ 0.5, 11.375, 3, 12.5 ], "texture": "#skin" },
        "east":  { "uv": [ 0.5, 11.375, 3, 12.5 ], "texture": "#skin" }
    }
},
{
    "__comment": "Eye*",
    "from": [ 17.5, 5, 6.125 ],
    "to": [ 18, 5.5, 9.58446 ],
    "faces": {
        "down":  { "uv": [ 3.006, 9.53754, 1.85285, 6.07808 ], "texture": "#coal_block" },
        "up":    { "uv": [ 12.994, 6.07808, 14.1472, 9.53754 ], "texture": "#coal_block" },
        "north": { "uv": [ 1.85285, 0.234237, 3.006, 1.00301 ], "texture": "#coal_block" },
        "south": { "uv": [ 12.994, 0.234237, 14.1472, 1.00301 ], "texture": "#coal_block" },
        "west":  { "uv": [ 6.07808, 0.234237, 9.53754, 1.00301 ], "texture": "#coal_block" },
        "east":  { "uv": [ 6.46246, 0.234237, 9.92192, 1.00301 ], "texture": "#coal_block" }
    }
},
{
    "__comment": "Eye*",
    "from": [ 17.5, 5.5, 6.125 ],
    "to": [ 18, 6, 9.58446 ],
    "faces": {
        "down":  { "uv": [ 3.006, 9.53754, 1.85285, 6.07808 ], "texture": "#quartz_block_bottom" },
        "up":    { "uv": [ 12.994, 6.07808, 14.1472, 9.53754 ], "texture": "#quartz_block_bottom" },
        "north": { "uv": [ 1.85285, 0.234237, 3.006, 1.00301 ], "texture": "#quartz_block_bottom" },
        "south": { "uv": [ 12.994, 0.234237, 14.1472, 1.00301 ], "texture": "#quartz_block_bottom" },
        "west":  { "uv": [ 6.07808, 0.234237, 9.53754, 1.00301 ], "texture": "#quartz_block_bottom" },
        "east":  { "uv": [ 6.46246, 0.234237, 9.92192, 1.00301 ], "texture": "#quartz_block_bottom" }
    }
}
],
"display": {
    "thirdperson": {
        "rotation": [ -180, 90, -21 ],
        "translation": [ 0, 0, 0 ],
        "scale": [ 2, 2, 2 ]
    },
    "head": {
        "rotation": [ 0, 90, 0 ],
        "translation": [ 0, -15, 0 ],
        "scale": [ 2, 2, 2 ]
    },
    "ground": {
        "rotation": [ 0, 0, 0 ],
        "translation": [ 0, 0, 0 ],
        "scale": [ 1, 1, 1 ]
    },
    "fixed": {
        "rotation": [ 0, 0, 0 ],
        "translation": [ -0.1, 2, -15 ],
        "scale": [ 2, 2, 2 ]
    },
    "firstperson": {
        "rotation": [ 0, 0, 0 ],
        "translation": [ 0, 0, 0 ],
        "scale": [ 1, 1, 1 ]
    },
    "gui": {
        "rotation": [ -17, 96, -17 ],
        "translation": [ 0, 0, 0 ],
        "scale": [ 1, 1, 1 ]
    }
}
}