{
	"credit": "Made with Blockbench",
	"textures": {
		"atlas": "items/sealion2",
		"particle": "items/sealion"
	},
	"elements": [
		{
			"name": "Box1",
			"from": [4, 0, -1.5],
			"to": [12, 8, 9.5],
			"faces": {
				"north": {"uv": [0, 13, 1, 14], "texture": "#atlas"},
				"east": {"uv": [0, 0, 16, 16], "texture": "#atlas"},
				"south": {"uv": [0, 0, 16, 16], "texture": "#atlas"},
				"west": {"uv": [0, 0, 16, 16], "texture": "#atlas"},
				"up": {"uv": [0, 1, 16, 16], "texture": "#atlas"},
				"down": {"uv": [0, 0, 16, 16], "texture": "#atlas"}
			}
		},
		{
			"name": "Box1",
			"from": [4, -0.0089, -7.491],
			"to": [12, 7.9911, -1.491],
			"rotation": {"angle": 45, "axis": "x", "origin": [4, 0, -1.5]},
			"faces": {
				"north": {"uv": [0, 0, 16, 16], "texture": "#atlas"},
				"east": {"uv": [0, 0, 16, 16], "texture": "#atlas"},
				"south": {"uv": [0, 0, 16, 16], "texture": "#atlas"},
				"west": {"uv": [0, 0, 16, 16], "texture": "#atlas"},
				"up": {"uv": [0, 0, 16, 16], "texture": "#atlas"},
				"down": {"uv": [0, 0, 16, 16], "texture": "#atlas"}
			}
		},
		{
			"name": "Box1",
			"from": [4.5, 4.2259, -5.4443],
			"to": [11.5, 10.2259, 1.5557],
			"rotation": {"angle": -22.5, "axis": "x", "origin": [4.5, 4, -5.5]},
			"faces": {
				"north": {"uv": [0, 0, 16, 16], "texture": "#atlas"},
				"east": {"uv": [0, 0, 16, 16], "rotation": 270, "texture": "#atlas"},
				"south": {"uv": [0, 0, 16, 16], "texture": "#atlas"},
				"west": {"uv": [0, 0, 16, 16], "rotation": 90, "texture": "#atlas"},
				"up": {"uv": [0, 0, 16, 16], "texture": "#atlas"},
				"down": {"uv": [0, 0, 16, 16], "texture": "#atlas"}
			}
		},
		{
			"name": "Box1",
			"from": [4, 3, 9.5],
			"to": [12, 8, 14.5],
			"rotation": {"angle": 22.5, "axis": "x", "origin": [4, 8, 9.5]},
			"faces": {
				"north": {"uv": [2, 11, 3, 12], "texture": "#atlas"},
				"east": {"uv": [0, 0, 16, 16], "rotation": 270, "texture": "#atlas"},
				"south": {"uv": [0, 0, 16, 16], "texture": "#atlas"},
				"west": {"uv": [0, 0, 16, 16], "rotation": 90, "texture": "#atlas"},
				"up": {"uv": [0, 0, 16, 16], "texture": "#atlas"},
				"down": {"uv": [0, 0, 16, 16], "texture": "#atlas"}
			}
		},
		{
			"name": "Box1",
			"from": [4, 0, 9.5],
			"to": [12, 6.5, 17],
			"faces": {
				"north": {"uv": [3, 13, 4, 14], "texture": "#atlas"},
				"east": {"uv": [0, 0, 16, 16], "rotation": 270, "texture": "#atlas"},
				"south": {"uv": [0, 0, 16, 16], "texture": "#atlas"},
				"west": {"uv": [0, 0, 16, 16], "rotation": 90, "texture": "#atlas"},
				"up": {"uv": [0, 0, 16, 16], "texture": "#atlas"},
				"down": {"uv": [0, 0, 16, 16], "texture": "#atlas"}
			}
		},
		{
			"name": "Box1",
			"from": [-5, 0, -2],
			"to": [1, 1, 2],
			"faces": {
				"north": {"uv": [0, 0, 16, 16], "texture": "#atlas"},
				"east": {"uv": [4, 12, 5, 13], "rotation": 270, "texture": "#atlas"},
				"south": {"uv": [0, 0, 16, 16], "texture": "#atlas"},
				"west": {"uv": [4, 13, 5, 14], "rotation": 90, "texture": "#atlas"},
				"up": {"uv": [0, 0, 16, 16], "texture": "#atlas"},
				"down": {"uv": [0, 0, 16, 16], "texture": "#atlas"}
			}
		},
		{
			"name": "Box1",
			"from": [5, 9.5656, -7.508],
			"to": [11, 11.0656, -1.008],
			"rotation": {"angle": -22.5, "axis": "x", "origin": [5, 9.5, -7.5]},
			"faces": {
				"north": {"uv": [0, 0, 12, 7], "texture": "#atlas"},
				"east": {"uv": [0, 0, 16, 16], "rotation": 270, "texture": "#atlas"},
				"south": {"uv": [0, 0, 16, 16], "texture": "#atlas"},
				"west": {"uv": [0, 0, 16, 16], "rotation": 90, "texture": "#atlas"},
				"up": {"uv": [0, 0, 16, 16], "texture": "#atlas"},
				"down": {"uv": [0, 0, 16, 16], "texture": "#atlas"}
			}
		},
		{
			"name": "Box1",
			"from": [1, 0, -2],
			"to": [7, 1, 2],
			"rotation": {"angle": 45, "axis": "z", "origin": [1, 0, -2]},
			"faces": {
				"north": {"uv": [0, 0, 16, 16], "texture": "#atlas"},
				"east": {"uv": [5, 8, 6, 9], "rotation": 270, "texture": "#atlas"},
				"south": {"uv": [0, 0, 16, 16], "texture": "#atlas"},
				"west": {"uv": [5, 9, 6, 10], "rotation": 90, "texture": "#atlas"},
				"up": {"uv": [0, 0, 16, 16], "texture": "#atlas"},
				"down": {"uv": [0, 0, 16, 16], "texture": "#atlas"}
			}
		},
		{
			"name": "Box1",
			"from": [15, 0, -2],
			"to": [21, 1, 2],
			"faces": {
				"north": {"uv": [0, 0, 16, 16], "texture": "#atlas"},
				"east": {"uv": [0, 0, 16, 16], "rotation": 270, "texture": "#atlas"},
				"south": {"uv": [0, 0, 16, 16], "texture": "#atlas"},
				"west": {"uv": [6, 11, 7, 12], "rotation": 90, "texture": "#atlas"},
				"up": {"uv": [0, 0, 16, 16], "texture": "#atlas"},
				"down": {"uv": [0, 0, 16, 16], "texture": "#atlas"}
			}
		},
		{
			"name": "Box1",
			"from": [9, 0, -2],
			"to": [15, 1, 2],
			"rotation": {"angle": -45, "axis": "z", "origin": [15, 0, -2]},
			"faces": {
				"north": {"uv": [0, 0, 16, 16], "texture": "#atlas"},
				"east": {"uv": [0, 0, 16, 16], "rotation": 270, "texture": "#atlas"},
				"south": {"uv": [0, 0, 16, 16], "texture": "#atlas"},
				"west": {"uv": [7, 13, 8, 14], "rotation": 90, "texture": "#atlas"},
				"up": {"uv": [0, 0, 16, 16], "texture": "#atlas"},
				"down": {"uv": [0, 0, 16, 16], "texture": "#atlas"}
			}
		},
		{
			"name": "Box1",
			"from": [4, 2, 17],
			"to": [12, 6.5, 21.5],
			"rotation": {"angle": 45, "axis": "x", "origin": [4, 6.5, 17]},
			"faces": {
				"north": {"uv": [7, 9, 8, 10], "texture": "#atlas"},
				"east": {"uv": [0, 0, 16, 16], "rotation": 270, "texture": "#atlas"},
				"south": {"uv": [0, 0, 16, 16], "texture": "#atlas"},
				"west": {"uv": [0, 0, 16, 16], "rotation": 90, "texture": "#atlas"},
				"up": {"uv": [0, 0, 9, 6], "texture": "#atlas"},
				"down": {"uv": [0, 0, 16, 16], "texture": "#atlas"}
			}
		},
		{
			"name": "Box1",
			"from": [21, 0, -2],
			"to": [24.5, 1, 1],
			"rotation": {"angle": -45, "axis": "y", "origin": [21, 0, -2]},
			"faces": {
				"north": {"uv": [0, 0, 16, 16], "texture": "#atlas"},
				"east": {"uv": [0, 0, 16, 16], "rotation": 270, "texture": "#atlas"},
				"south": {"uv": [8, 12, 16, 16], "texture": "#atlas"},
				"west": {"uv": [14, 15, 15, 16], "rotation": 90, "texture": "#atlas"},
				"up": {"uv": [0, 0, 16, 16], "texture": "#atlas"},
				"down": {"uv": [0, 0, 16, 16], "texture": "#atlas"}
			}
		},
		{
			"name": "Box1",
			"from": [-8.5, 0, -2],
			"to": [-5, 1, 1],
			"rotation": {"angle": 45, "axis": "y", "origin": [-5, 0, -2]},
			"faces": {
				"north": {"uv": [0, 0, 16, 16], "texture": "#atlas"},
				"east": {"uv": [8, 9, 9, 10], "rotation": 270, "texture": "#atlas"},
				"south": {"uv": [8, 11, 9, 12], "texture": "#atlas"},
				"west": {"uv": [0, 0, 16, 16], "rotation": 90, "texture": "#atlas"},
				"up": {"uv": [0, 0, 16, 16], "texture": "#atlas"},
				"down": {"uv": [0, 0, 16, 16], "texture": "#atlas"}
			}
		},
		{
			"name": "Box1",
			"from": [4, 0.308, 15.9074],
			"to": [12, 1.808, 20.4074],
			"rotation": {"angle": -22.5, "axis": "x", "origin": [4, 2, 16.5]},
			"faces": {
				"north": {"uv": [0, 0, 16, 16], "texture": "#atlas"},
				"east": {"uv": [0, 0, 16, 16], "rotation": 180, "texture": "#atlas"},
				"south": {"uv": [0, 0, 16, 16], "texture": "#atlas"},
				"west": {"uv": [0, 0, 16, 16], "rotation": 180, "texture": "#atlas"},
				"up": {"uv": [9, 14, 10, 15], "texture": "#atlas"},
				"down": {"uv": [0, 0, 16, 16], "texture": "#atlas"}
			}
		},
		{
			"name": "Box1",
			"from": [4, 0, 16.75],
			"to": [12, 1.95, 20.75],
			"faces": {
				"north": {"uv": [0, 0, 16, 16], "texture": "#atlas"},
				"east": {"uv": [0, 0, 16, 16], "rotation": 270, "texture": "#atlas"},
				"south": {"uv": [0, 0, 16, 16], "texture": "#atlas"},
				"west": {"uv": [0, 0, 16, 16], "rotation": 90, "texture": "#atlas"},
				"up": {"uv": [15, 14, 16, 15], "texture": "#atlas"},
				"down": {"uv": [0, 0, 16, 16], "texture": "#atlas"}
			}
		},
		{
			"name": "Box1",
			"from": [-4.5, 0, 17],
			"to": [5.5, 1, 21],
			"rotation": {"angle": -22.5, "axis": "y", "origin": [5.5, 0, 17]},
			"faces": {
				"north": {"uv": [0, 0, 16, 16], "texture": "#atlas"},
				"east": {"uv": [13, 13, 14, 14], "rotation": 270, "texture": "#atlas"},
				"south": {"uv": [0, 0, 16, 16], "texture": "#atlas"},
				"west": {"uv": [0, 0, 16, 16], "rotation": 90, "texture": "#atlas"},
				"up": {"uv": [0, 0, 16, 16], "texture": "#atlas"},
				"down": {"uv": [0, 0, 16, 16], "texture": "#atlas"}
			}
		},
		{
			"name": "Box1",
			"from": [10.5, 0, 17],
			"to": [20.5, 1, 21],
			"rotation": {"angle": 22.5, "axis": "y", "origin": [10.5, 0, 17]},
			"faces": {
				"north": {"uv": [0, 0, 16, 16], "texture": "#atlas"},
				"east": {"uv": [0, 0, 16, 16], "rotation": 270, "texture": "#atlas"},
				"south": {"uv": [0, 0, 16, 16], "texture": "#atlas"},
				"west": {"uv": [10, 10, 11, 11], "rotation": 90, "texture": "#atlas"},
				"up": {"uv": [0, 0, 16, 16], "texture": "#atlas"},
				"down": {"uv": [0, 0, 16, 16], "texture": "#atlas"}
			}
		},
		{
			"name": "Box1",
			"from": [5.5, 10.5, -13.5],
			"to": [10.5, 14, -4.5],
			"faces": {
				"north": {"uv": [0, 0, 16, 16], "texture": "#atlas"},
				"east": {"uv": [0, 0, 16, 16], "rotation": 270, "texture": "#atlas"},
				"south": {"uv": [13, 12, 14, 13], "texture": "#atlas"},
				"west": {"uv": [0, 0, 16, 16], "rotation": 90, "texture": "#atlas"},
				"up": {"uv": [11, 12, 12, 13], "texture": "#atlas"},
				"down": {"uv": [0, 0, 16, 16], "texture": "#atlas"}
			}
		},
		{
			"name": "Box1",
			"from": [5.5, 11, -6.5],
			"to": [10.5, 14.5, -3],
			"rotation": {"angle": -22.5, "axis": "x", "origin": [5.5, 14.5, -6.5]},
			"faces": {
				"north": {"uv": [11, 9, 12, 10], "texture": "#atlas"},
				"east": {"uv": [0, 0, 16, 16], "rotation": 180, "texture": "#atlas"},
				"south": {"uv": [0, 0, 16, 16], "texture": "#atlas"},
				"west": {"uv": [0, 0, 16, 16], "rotation": 180, "texture": "#atlas"},
				"up": {"uv": [11, 10, 12, 11], "texture": "#atlas"},
				"down": {"uv": [0, 0, 16, 16], "texture": "#atlas"}
			}
		},
		{
			"name": "Box1",
			"from": [5.5, 14, -8],
			"to": [10.5, 17.5, -4.35],
			"rotation": {"angle": 22.5, "axis": "x", "origin": [5.5, 14, -8]},
			"faces": {
				"north": {"uv": [12, 10, 13, 11], "texture": "#atlas"},
				"east": {"uv": [0, 0, 16, 16], "rotation": 270, "texture": "#atlas"},
				"south": {"uv": [12, 9, 13, 10], "texture": "#atlas"},
				"west": {"uv": [0, 0, 16, 16], "rotation": 90, "texture": "#atlas"},
				"up": {"uv": [0, 0, 16, 16], "texture": "#atlas"},
				"down": {"uv": [0, 0, 16, 16], "texture": "#atlas"}
			}
		},
		{
			"name": "Box1",
			"from": [5.5, 12.7188, -14.698],
			"to": [10.5, 16.2188, -6.198],
			"rotation": {"angle": -22.5, "axis": "x", "origin": [5.5, 15.5, -9]},
			"faces": {
				"north": {"uv": [0, 0, 16, 16], "texture": "#atlas"},
				"east": {"uv": [0, 0, 16, 16], "rotation": 270, "texture": "#atlas"},
				"south": {"uv": [13, 8, 14, 9], "texture": "#atlas"},
				"west": {"uv": [0, 0, 16, 16], "rotation": 90, "texture": "#atlas"},
				"up": {"uv": [0, 0, 16, 16], "texture": "#atlas"},
				"down": {"uv": [0, 0, 16, 16], "texture": "#atlas"}
			}
		},
		{
			"name": "PlaneX26",
			"from": [10.5, 13.5, -9],
			"to": [10.501, 16, -6.5],
			"faces": {
				"east": {"uv": [0, 0, 16, 16], "texture": "#particle"},
				"west": {"uv": [0, 0, 1.5, 0], "texture": "#particle"}
			}
		},
		{
			"name": "PlaneX26",
			"from": [5.499, 13.5, -9],
			"to": [5.5, 16, -6.5],
			"faces": {
				"east": {"uv": [0, 0, 1, 15.5], "texture": "#particle"},
				"west": {"uv": [16, 0, 0, 16], "texture": "#particle"}
			}
		}
	],
	"display": {
		"gui": {
			"rotation": [0, 151, 0],
			"scale": [0.4, 0.4, 0.4]
		},
		"head": {
			"translation": [0, -32.25, 0],
			"scale": [1.4, 1.4, 1.4]
		}
	}
}