{
"__comment": "Designed by Teamwooloo with BDcraft Cubik PRO 0.93 Beta - http://bdcraft.net",
"textures": {
    "texture": "blocks/pink_wool",
    "quartz_block_bottom": "blocks/pink_stained_glass",
    "coal_block": "blocks/coal_block"
},
"elements": [ 
{
    "from": [ 4, 9.5, 5 ],
    "to": [ 10.5, 11, 11 ],
    "faces": {
        "down":  { "uv": [ 12, 11, 5.5, 5 ], "texture": "#quartz_block_bottom" },
        "up":    { "uv": [ 4, 5, 10.5, 11 ], "texture": "#quartz_block_bottom" },
        "north": { "uv": [ 5.5, 5, 12, 6.5 ], "texture": "#quartz_block_bottom" },
        "south": { "uv": [ 4, 5, 10.5, 6.5 ], "texture": "#quartz_block_bottom" },
        "west":  { "uv": [ 5, 5, 11, 6.5 ], "texture": "#quartz_block_bottom" },
        "east":  { "uv": [ 5, 5, 11, 6.5 ], "texture": "#quartz_block_bottom" }
    }
},
{
    "from": [ 4.5, 10, 5.5 ],
    "to": [ 10, 11.5, 10.5 ],
    "faces": {
        "down":  { "uv": [ 11.5, 10.5, 6, 5.5 ], "texture": "#quartz_block_bottom" },
        "up":    { "uv": [ 4.5, 5.5, 10, 10.5 ], "texture": "#quartz_block_bottom" },
        "north": { "uv": [ 6, 4.5, 11.5, 6 ], "texture": "#quartz_block_bottom" },
        "south": { "uv": [ 4.5, 4.5, 10, 6 ], "texture": "#quartz_block_bottom" },
        "west":  { "uv": [ 5.5, 4.5, 10.5, 6 ], "texture": "#quartz_block_bottom" },
        "east":  { "uv": [ 5.5, 4.5, 10.5, 6 ], "texture": "#quartz_block_bottom" }
    }
},
{
    "from": [ 4.5, 10, 4.5 ],
    "to": [ 10, 10.5, 11.5 ],
    "faces": {
        "down":  { "uv": [ 11.5, 11.5, 6, 4.5 ], "texture": "#quartz_block_bottom" },
        "up":    { "uv": [ 4.5, 4.5, 10, 11.5 ], "texture": "#quartz_block_bottom" },
        "north": { "uv": [ 6, 5.5, 11.5, 6 ], "texture": "#quartz_block_bottom" },
        "south": { "uv": [ 4.5, 5.5, 10, 6 ], "texture": "#quartz_block_bottom" },
        "west":  { "uv": [ 4.5, 5.5, 11.5, 6 ], "texture": "#quartz_block_bottom" },
        "east":  { "uv": [ 4.5, 5.5, 11.5, 6 ], "texture": "#quartz_block_bottom" }
    }
},
{
    "from": [ 3.5, 10, 5.5 ],
    "to": [ 11, 10.5, 10.5 ],
    "faces": {
        "down":  { "uv": [ 12.5, 10.5, 5, 5.5 ], "texture": "#quartz_block_bottom" },
        "up":    { "uv": [ 3.5, 5.5, 11, 10.5 ], "texture": "#quartz_block_bottom" },
        "north": { "uv": [ 5, 5.5, 12.5, 6 ], "texture": "#quartz_block_bottom" },
        "south": { "uv": [ 3.5, 5.5, 11, 6 ], "texture": "#quartz_block_bottom" },
        "west":  { "uv": [ 5.5, 5.5, 10.5, 6 ], "texture": "#quartz_block_bottom" },
        "east":  { "uv": [ 5.5, 5.5, 10.5, 6 ], "texture": "#quartz_block_bottom" }
    }
},
{
    "from": [ 5, 8.5, 6 ],
    "to": [ 9.5, 10, 10 ],
    "faces": {
        "down":  { "uv": [ 11, 10, 6.5, 6 ], "texture": "#quartz_block_bottom" },
        "up":    { "uv": [ 5, 6, 9.5, 10 ], "texture": "#quartz_block_bottom" },
        "north": { "uv": [ 6.5, 6, 11, 7.5 ], "texture": "#quartz_block_bottom" },
        "south": { "uv": [ 5, 6, 9.5, 7.5 ], "texture": "#quartz_block_bottom" },
        "west":  { "uv": [ 6, 6, 10, 7.5 ], "texture": "#quartz_block_bottom" },
        "east":  { "uv": [ 6, 6, 10, 7.5 ], "texture": "#quartz_block_bottom" }
    }
},
{
    "from": [ 6.5, 2, 6.5 ],
    "to": [ 7, 9, 7 ],
    "rotation": { "origin": [ 6.5, 9, 6.5 ], "axis": "x", "angle": -22.5 },
    "faces": {
        "down":  { "uv": [ 16, 0, 16, 0 ], "texture": "#texture" },
        "up":    { "uv": [ 0, 0, 0, 0 ], "texture": "#texture" },
        "north": { "uv": [ 16, 9.5, 16, 16 ], "texture": "#texture" },
        "south": { "uv": [ 0, 9.5, 0, 16 ], "texture": "#texture" },
        "west":  { "uv": [ 0, 9.5, 0, 16 ], "texture": "#texture" },
        "east":  { "uv": [ 16, 9.5, 16, 16 ], "texture": "#texture" }
    }
},
{
    "from": [ 8, 2.5, 7.5 ],
    "to": [ 8.5, 9, 8 ],
    "rotation": { "origin": [ 8, 9, 7.5 ], "axis": "x", "angle": -22.5 },
    "faces": {
        "down":  { "uv": [ 16, 0, 16, 0 ], "texture": "#texture" },
        "up":    { "uv": [ 0, 0, 0, 0 ], "texture": "#texture" },
        "north": { "uv": [ 16, 9.5, 16, 16 ], "texture": "#texture" },
        "south": { "uv": [ 0, 9.5, 0, 16 ], "texture": "#texture" },
        "west":  { "uv": [ 0, 9.5, 0, 16 ], "texture": "#texture" },
        "east":  { "uv": [ 16, 9.5, 16, 16 ], "texture": "#texture" }
    }
},
{
    "from": [ 7, 2, 8.5 ],
    "to": [ 7.5, 9, 9 ],
    "rotation": { "origin": [ 7, 9, 8.5 ], "axis": "x", "angle": -22.5 },
    "faces": {
        "down":  { "uv": [ 16, 0, 16, 0 ], "texture": "#texture" },
        "up":    { "uv": [ 0, 0, 0, 0 ], "texture": "#texture" },
        "north": { "uv": [ 16, 9.5, 16, 16 ], "texture": "#texture" },
        "south": { "uv": [ 0, 9.5, 0, 16 ], "texture": "#texture" },
        "west":  { "uv": [ 0, 9.5, 0, 16 ], "texture": "#texture" },
        "east":  { "uv": [ 16, 9.5, 16, 16 ], "texture": "#texture" }
    }
},
{
    "from": [ 5.5, 4, 7.5 ],
    "to": [ 6, 9, 8 ],
    "rotation": { "origin": [ 5.5, 9, 7.5 ], "axis": "x", "angle": -22.5 },
    "faces": {
        "down":  { "uv": [ 16, 0, 16, 0 ], "texture": "#texture" },
        "up":    { "uv": [ 0, 0, 0, 0 ], "texture": "#texture" },
        "north": { "uv": [ 16, 9.5, 16, 16 ], "texture": "#texture" },
        "south": { "uv": [ 0, 9.5, 0, 16 ], "texture": "#texture" },
        "west":  { "uv": [ 0, 9.5, 0, 16 ], "texture": "#texture" },
        "east":  { "uv": [ 16, 9.5, 16, 16 ], "texture": "#texture" }
    }
},
{
    "from": [ 7.5, 3.5, 6 ],
    "to": [ 8, 8.5, 6.5 ],
    "rotation": { "origin": [ 7.5, 8.5, 6 ], "axis": "x", "angle": -22.5 },
    "faces": {
        "down":  { "uv": [ 16, 0, 16, 0 ], "texture": "#texture" },
        "up":    { "uv": [ 0, 0, 0, 0 ], "texture": "#texture" },
        "north": { "uv": [ 16, 9.5, 16, 16 ], "texture": "#texture" },
        "south": { "uv": [ 0, 9.5, 0, 16 ], "texture": "#texture" },
        "west":  { "uv": [ 0, 9.5, 0, 16 ], "texture": "#texture" },
        "east":  { "uv": [ 16, 9.5, 16, 16 ], "texture": "#texture" }
    }
},
{
    "from": [ 5.5, 4.5, 6 ],
    "to": [ 6, 8.5, 6.5 ],
    "rotation": { "origin": [ 5.5, 8.5, 6 ], "axis": "x", "angle": -22.5 },
    "faces": {
        "down":  { "uv": [ 16, 0, 16, 0 ], "texture": "#texture" },
        "up":    { "uv": [ 0, 0, 0, 0 ], "texture": "#texture" },
        "north": { "uv": [ 16, 9.5, 16, 16 ], "texture": "#texture" },
        "south": { "uv": [ 0, 9.5, 0, 16 ], "texture": "#texture" },
        "west":  { "uv": [ 0, 9.5, 0, 16 ], "texture": "#texture" },
        "east":  { "uv": [ 16, 9.5, 16, 16 ], "texture": "#texture" }
    }
},
{
    "from": [ 6, 3.5, 9 ],
    "to": [ 6.5, 9.5, 9.5 ],
    "rotation": { "origin": [ 6, 9.5, 9 ], "axis": "x", "angle": -22.5 },
    "faces": {
        "down":  { "uv": [ 16, 0, 16, 0 ], "texture": "#texture" },
        "up":    { "uv": [ 0, 0, 0, 0 ], "texture": "#texture" },
        "north": { "uv": [ 16, 9.5, 16, 16 ], "texture": "#texture" },
        "south": { "uv": [ 0, 9.5, 0, 16 ], "texture": "#texture" },
        "west":  { "uv": [ 0, 9.5, 0, 16 ], "texture": "#texture" },
        "east":  { "uv": [ 16, 9.5, 16, 16 ], "texture": "#texture" }
    }
},
{
    "from": [ 8.5, 5.5, 9.5 ],
    "to": [ 9, 9, 10 ],
    "rotation": { "origin": [ 8.5, 9, 9.5 ], "axis": "x", "angle": -22.5 },
    "faces": {
        "down":  { "uv": [ 16, 0, 16, 0 ], "texture": "#texture" },
        "up":    { "uv": [ 0, 0, 0, 0 ], "texture": "#texture" },
        "north": { "uv": [ 16, 9.5, 16, 16 ], "texture": "#texture" },
        "south": { "uv": [ 0, 9.5, 0, 16 ], "texture": "#texture" },
        "west":  { "uv": [ 0, 9.5, 0, 16 ], "texture": "#texture" },
        "east":  { "uv": [ 16, 9.5, 16, 16 ], "texture": "#texture" }
    }
},
{
    "from": [ 8.5, 4, 6 ],
    "to": [ 9, 8.5, 6.5 ],
    "rotation": { "origin": [ 8.5, 8.5, 6 ], "axis": "x", "angle": -22.5 },
    "faces": {
        "down":  { "uv": [ 16, 0, 16, 0 ], "texture": "#texture" },
        "up":    { "uv": [ 0, 0, 0, 0 ], "texture": "#texture" },
        "north": { "uv": [ 16, 9.5, 16, 16 ], "texture": "#texture" },
        "south": { "uv": [ 0, 9.5, 0, 16 ], "texture": "#texture" },
        "west":  { "uv": [ 0, 9.5, 0, 16 ], "texture": "#texture" },
        "east":  { "uv": [ 16, 9.5, 16, 16 ], "texture": "#texture" }
    }
}
],
"display": {
    "thirdperson": {
        "rotation": [ -180, 180, -1 ],
        "translation": [ 0.1, -0.2, -0.1 ],
        "scale": [ 1, 1, 1 ]
    },
    "head": {
        "rotation": [ -3, 0, 0 ],
        "translation": [ 2.5, -15, 0 ],
        "scale": [ 1, 1, 1 ]
    },
    "ground": {
        "rotation": [ 0, 0, 0 ],
        "translation": [ 0, -11.7, 0 ],
        "scale": [ 1, 1, 1 ]
    },
    "fixed": {
        "rotation": [ 0, 0, 0 ],
        "translation": [ 0.4, 0.8, -4.8 ],
        "scale": [ 1, 1, 1 ]
    },
    "firstperson": {
        "rotation": [ 0, 0, 0 ],
        "translation": [ 0, 0, 0 ],
        "scale": [ 0, 0, 0 ]
    },
    "gui": {
        "rotation": [ 0, 0, 0 ],
        "translation": [ 0, 0, 0 ],
        "scale": [ 1, 1, 1 ]
    }
}
}