{
	"credit": "Made with Blockbench",
	"textures": {
		"light_gray_wool": "block/light_gray_wool",
		"coal_block": "block/coal_block"
	},
	"elements": [
		{
			"name": "Element",
			"from": [4.5, 6, 0],
			"to": [11.5, 13, 17],
			"faces": {
				"north": {"uv": [4.5, 3, 11.5, 10], "texture": "#light_gray_wool"},
				"east": {"uv": [4.5, 0, 16, 6.5], "texture": "#light_gray_wool"},
				"south": {"uv": [4.5, 3, 11.5, 10], "texture": "#light_gray_wool"},
				"west": {"uv": [4.5, 8.5, 16, 16], "texture": "#light_gray_wool"},
				"up": {"uv": [4.5, 0, 11.5, 16], "texture": "#light_gray_wool"},
				"down": {"uv": [11.5, 16, 4.5, 0], "texture": "#light_gray_wool"}
			}
		},
		{
			"name": "Element",
			"from": [5, 6.5, -5],
			"to": [11, 12.5, 0],
			"faces": {
				"north": {"uv": [11, 3.5, 5, 9.5], "texture": "#light_gray_wool"},
				"east": {"uv": [11, 3.5, 10.5, 9.5], "texture": "#light_gray_wool"},
				"west": {"uv": [5, 3.5, 5.5, 9.5], "texture": "#light_gray_wool"},
				"up": {"uv": [5, 3.5, 11, 4], "texture": "#light_gray_wool"},
				"down": {"uv": [5, 9.5, 11, 9], "texture": "#light_gray_wool"}
			}
		},
		{
			"name": "Element",
			"from": [6.5, 7, -9],
			"to": [9.5, 9.5, -5],
			"faces": {
				"north": {"uv": [9.5, 6.5, 6.5, 9], "texture": "#light_gray_wool"},
				"east": {"uv": [9.5, 6.5, 9, 9], "texture": "#light_gray_wool"},
				"west": {"uv": [6.5, 6.5, 7, 9], "texture": "#light_gray_wool"},
				"up": {"uv": [6.5, 6.5, 9.5, 7], "texture": "#light_gray_wool"},
				"down": {"uv": [6.5, 9, 9.5, 8.5], "texture": "#light_gray_wool"}
			}
		},
		{
			"name": "Element",
			"from": [0.5, 6.5, 4.5],
			"to": [5.5, 7, 8.5],
			"rotation": {"angle": 22.5, "axis": "y", "origin": [0.5, 6.5, 4.5]},
			"faces": {
				"north": {"uv": [9, 8, 13.5, 8.5], "texture": "#light_gray_wool"},
				"east": {"uv": [9, 8, 10, 8.5], "texture": "#light_gray_wool"},
				"south": {"uv": [2.5, 8, 7, 8.5], "texture": "#light_gray_wool"},
				"west": {"uv": [6, 8, 7, 8.5], "texture": "#light_gray_wool"},
				"up": {"uv": [2.5, 6, 7, 7], "texture": "#light_gray_wool"},
				"down": {"uv": [13.5, 7, 9, 6], "texture": "#light_gray_wool"}
			}
		},
		{
			"name": "Element",
			"from": [11, 6.5, 2.5],
			"to": [16, 7, 6.5],
			"rotation": {"angle": -22.5, "axis": "y", "origin": [11, 6.5, 2.5]},
			"faces": {
				"north": {"uv": [9, 8, 13.5, 8.5], "texture": "#light_gray_wool"},
				"east": {"uv": [9, 8, 10, 8.5], "texture": "#light_gray_wool"},
				"south": {"uv": [2.5, 8, 7, 8.5], "texture": "#light_gray_wool"},
				"west": {"uv": [6, 8, 7, 8.5], "texture": "#light_gray_wool"},
				"up": {"uv": [2.5, 6, 7, 7], "texture": "#light_gray_wool"},
				"down": {"uv": [13.5, 7, 9, 6], "texture": "#light_gray_wool"}
			}
		},
		{
			"name": "Element",
			"from": [7.5, 12.5, 6],
			"to": [8.5, 16, 9],
			"rotation": {"angle": 22.5, "axis": "x", "origin": [7.5, 16, 6]},
			"faces": {
				"north": {"uv": [7.5, 0.5, 8.5, 4], "texture": "#light_gray_wool"},
				"east": {"uv": [7, 0.5, 10.5, 4], "texture": "#light_gray_wool"},
				"south": {"uv": [7.5, 0.5, 8.5, 4], "texture": "#light_gray_wool"},
				"west": {"uv": [5.5, 0.5, 9, 4], "texture": "#light_gray_wool"},
				"up": {"uv": [7.5, 5.5, 8.5, 9], "texture": "#light_gray_wool"},
				"down": {"uv": [8.5, 9, 7.5, 5.5], "texture": "#light_gray_wool"}
			}
		},
		{
			"name": "Element",
			"from": [5.5, 7, 17],
			"to": [10.5, 12, 27],
			"faces": {
				"east": {"uv": [14.5, 3.5, 14, 8.5], "texture": "#light_gray_wool"},
				"south": {"uv": [9.5, 3.5, 14.5, 8.5], "texture": "#light_gray_wool"},
				"west": {"uv": [9.5, 3.5, 10, 8.5], "texture": "#light_gray_wool"},
				"up": {"uv": [9.5, 3.5, 14.5, 4], "texture": "#light_gray_wool"},
				"down": {"uv": [9.5, 8.5, 14.5, 8], "texture": "#light_gray_wool"}
			}
		},
		{
			"name": "Element",
			"from": [4, 8.0037, 26.5],
			"to": [12, 9.5037, 29.5],
			"rotation": {"angle": -45, "axis": "x", "origin": [4, 9.50368, 26.5]},
			"faces": {
				"north": {"uv": [12, 6.4375, 4, 7.9375], "texture": "#light_gray_wool"},
				"east": {"uv": [12, 6.4375, 11.5, 7.9375], "texture": "#light_gray_wool"},
				"south": {"uv": [4, 6.4375, 12, 7.9375], "texture": "#light_gray_wool"},
				"west": {"uv": [4, 6.4375, 4.5, 7.9375], "texture": "#light_gray_wool"},
				"up": {"uv": [4, 6.4375, 12, 6.9375], "texture": "#light_gray_wool"},
				"down": {"uv": [4, 7.9375, 12, 7.4375], "texture": "#light_gray_wool"}
			}
		},
		{
			"name": "Element",
			"from": [1, 10.5, 28.5],
			"to": [15, 12, 32],
			"faces": {
				"north": {"uv": [16, 0, 0, 16], "texture": "#light_gray_wool"},
				"east": {"uv": [16, 0, 7, 16], "texture": "#light_gray_wool"},
				"south": {"uv": [0, 0, 16, 16], "texture": "#light_gray_wool"},
				"west": {"uv": [16, 0, 7, 16], "texture": "#light_gray_wool"},
				"up": {"uv": [5.5, 0, 16, 13.5], "texture": "#light_gray_wool"},
				"down": {"uv": [7.5, 0, 16, 11.5], "texture": "#light_gray_wool"}
			}
		},
		{
			"name": "Element",
			"from": [4.5, 10, -3.5],
			"to": [11.5, 10.5, -3],
			"faces": {
				"north": {"uv": [6.5, 3, 6, 3.5], "texture": "#coal_block"},
				"east": {"uv": [6.5, 3, 6, 3.5], "texture": "#coal_block"},
				"south": {"uv": [6, 3, 6.5, 3.5], "texture": "#coal_block"},
				"west": {"uv": [6, 3, 6.5, 3.5], "texture": "#coal_block"},
				"up": {"uv": [6, 3, 6.5, 3.5], "texture": "#coal_block"},
				"down": {"uv": [6, 3.5, 6.5, 3], "texture": "#coal_block"}
			}
		}
	],
	"display": {
		"gui": {
			"rotation": [0, 176, 0],
			"translation": [0, -1.32, 0],
			"scale": [1, 1.07, 1]
		},
		"head": {
			"translation": [0, -24.33, 0],
			"scale": [3, 3, 3]
		},
		"fixed": {
			"rotation": [4, -91, 0],
			"translation": [0, -1.51, -4.72]
		}
	}
}