{
"__comment": "Designed by Itszender with BDcraft Cubik PRO 0.93 Beta - http://bdcraft.net",
"textures": {
    "texture": "blocks/snailtextures"
},
"elements": [ 
{
    "from": [ 7, 0.875, 7.5 ],
    "to": [ 10.1875, 1.6875, 9 ],
    "faces": {
        "down":  { "uv": [ 0, 0, 10, 2 ], "texture": "#texture" },
        "up":    { "uv": [ 0, 0, 10, 2 ], "texture": "#texture" },
        "north": { "uv": [ 0, 0, 10, 2 ], "texture": "#texture" },
        "south": { "uv": [ 0, 0, 10, 2 ], "texture": "#texture" },
        "west":  { "uv": [ 0, 0, 10, 2 ], "texture": "#texture" },
        "east":  { "uv": [ 0, 0, 10, 2 ], "texture": "#texture" }
    }
},
{
    "from": [ 7.0625, 0, 7.5 ],
    "to": [ 11.5625, 0.875, 9 ],
    "faces": {
        "down":  { "uv": [ 0, 2, 10, 4 ], "texture": "#texture" },
        "up":    { "uv": [ 0, 2, 10, 4 ], "texture": "#texture" },
        "north": { "uv": [ 0, 2, 10, 4 ], "texture": "#texture" },
        "south": { "uv": [ 0, 2, 10, 4 ], "texture": "#texture" },
        "west":  { "uv": [ 0, 2, 10, 4 ], "texture": "#texture" },
        "east":  { "uv": [ 0, 2, 10, 4 ], "texture": "#texture" }
    }
},
{
    "from": [ 6.375, 0.25, 7.5625 ],
    "to": [ 7.875, 2.25, 8.9375 ],
    "rotation": { "origin": [ 6.375, 2.25, 7.5625 ], "axis": "z", "angle": -22.5 },
    "faces": {
        "down":  { "uv": [ 0, 2, 4, 4 ], "texture": "#texture" },
        "up":    { "uv": [ 0, 0, 5, 2 ], "texture": "#texture" },
        "north": { "uv": [ 0, 0, 4, 4 ], "texture": "#texture" },
        "south": { "uv": [ 0, 0, 4, 4 ], "texture": "#texture" },
        "west":  { "uv": [ 0, 0, 4, 4 ], "texture": "#texture" },
        "east":  { "uv": [ 0, 0, 4, 4 ], "texture": "#texture" }
    }
},
{
    "from": [ 7.5625, 0.9375, 7.375 ],
    "to": [ 9.5625, 2.9375, 9.125 ],
    "rotation": { "origin": [ 7.5625, 2.9375, 7.375 ], "axis": "z", "angle": 22.5 },
    "faces": {
        "down":  { "uv": [ 0, 10, 2, 16 ], "texture": "#texture" },
        "up":    { "uv": [ 0, 10, 2, 16 ], "texture": "#texture" },
        "north": { "uv": [ 6, 10, 0, 16 ], "texture": "#texture" },
        "south": { "uv": [ 0, 10, 6, 16 ], "texture": "#texture" },
        "west":  { "uv": [ 0, 10, 2, 16 ], "texture": "#texture" },
        "east":  { "uv": [ 0, 10, 1.5, 16 ], "texture": "#texture" }
    }
},
{
    "from": [ 6.5, 2, 7.3125 ],
    "to": [ 6.5625, 3, 8 ],
    "faces": {
        "down":  { "uv": [ 0, 0, 10, 2 ], "texture": "#texture" },
        "up":    { "uv": [ 0, 0, 10, 2 ], "texture": "#texture" },
        "north": { "uv": [ 0, 0, 10, 2 ], "texture": "#texture" },
        "south": { "uv": [ 0, 0, 10, 2 ], "texture": "#texture" },
        "west":  { "uv": [ 0, 0, 10, 2 ], "texture": "#texture" },
        "east":  { "uv": [ 0, 0, 10, 2 ], "texture": "#texture" }
    }
},
{
    "from": [ 6.5, 2, 8.5 ],
    "to": [ 6.5625, 3, 9.1875 ],
    "faces": {
        "down":  { "uv": [ 0, 0, 10, 2 ], "texture": "#texture" },
        "up":    { "uv": [ 0, 0, 10, 2 ], "texture": "#texture" },
        "north": { "uv": [ 0, 0, 10, 2 ], "texture": "#texture" },
        "south": { "uv": [ 0, 0, 10, 2 ], "texture": "#texture" },
        "west":  { "uv": [ 0, 0, 10, 2 ], "texture": "#texture" },
        "east":  { "uv": [ 0, 0, 10, 2 ], "texture": "#texture" }
    }
}
],
"display": {
    "head": {
        "rotation": [ 0, -90, 0 ],
        "translation": [ 0.6, -7, 0 ],
        "scale": [ 4, 4, 4 ]
    }
}
}