{
	"__comment": "Designed by Uphset with Cubik Studio - https://cubik.studio",
	"textures": {
		"particle": "items/monorail1",
		"texture": "items/monorail1"
	},
	"elements": [ 	 
		{
			"__comment": "Voxels-E5E5E5",
			"from": [ -3, 0, -6 ],
			"to": [ 19, 9, 2 ],
			"rotation": { "origin": [ -3, 0, -6 ], "axis": "x", "angle": -45 },
			"faces": {
				"down": { "uv": [ 4.96, 0.96, 7.04, 3.04 ], "texture": "#texture" },
				"up": { "uv": [ 4.96, 0.96, 7.04, 3.04 ], "texture": "#texture" },
				"north": { "uv": [ 4.96, 0.96, 7.04, 3.04 ], "texture": "#texture" },
				"south": { "uv": [ 4.96, 0.96, 7.04, 3.04 ], "texture": "#texture" },
				"west": { "uv": [ 4.96, 0.96, 7.04, 3.04 ], "texture": "#texture" },
				"east": { "uv": [ 4.96, 0.96, 7.04, 3.04 ], "texture": "#texture" }
			}
		},
		{
			"__comment": "Voxels-E5E5E5",
			"from": [ -3, 7, -12 ],
			"to": [ 19, 25, -8 ],
			"rotation": { "origin": [ -3, 7, -12 ], "axis": "x", "angle": 45 },
			"faces": {
				"down": { "uv": [ 4.96, 0.96, 7.04, 3.04 ], "texture": "#texture" },
				"up": { "uv": [ 4.96, 0.96, 7.04, 3.04 ], "texture": "#texture" },
				"north": { "uv": [ 4.96, 0.96, 7.04, 3.04 ], "texture": "#texture" },
				"south": { "uv": [ 4.96, 0.96, 7.04, 3.04 ], "texture": "#texture" },
				"west": { "uv": [ 4.96, 0.96, 7.04, 3.04 ], "texture": "#texture" },
				"east": { "uv": [ 4.96, 0.96, 7.04, 3.04 ], "texture": "#texture" }
			}
		},
		{
			"__comment": "Voxels-E5E5E5",
			"from": [ -3, 2, -3 ],
			"to": [ 19, 16, 2 ],
			"faces": {
				"down": { "uv": [ 4.96, 0.96, 7.04, 3.04 ], "texture": "#texture" },
				"up": { "uv": [ 4.96, 0.96, 7.04, 3.04 ], "texture": "#texture" },
				"north": { "uv": [ 4.96, 0.96, 7.04, 3.04 ], "texture": "#texture" },
				"south": { "uv": [ 4.96, 0.96, 7.04, 3.04 ], "texture": "#texture" },
				"west": { "uv": [ 4.96, 0.96, 7.04, 3.04 ], "texture": "#texture" },
				"east": { "uv": [ 4.96, 0.96, 7.04, 3.04 ], "texture": "#texture" }
			}
		},
		{
			"__comment": "Voxels-E5E5E5",
			"from": [ -4, 1, 3 ],
			"to": [ 20, 2, 8 ],
			"faces": {
				"down": { "uv": [ 4.96, 0.96, 7.04, 3.04 ], "texture": "#texture" },
				"up": { "uv": [ 4.96, 0.96, 7.04, 3.04 ], "texture": "#texture" },
				"north": { "uv": [ 4.96, 0.96, 7.04, 3.04 ], "texture": "#texture" },
				"south": { "uv": [ 4.96, 0.96, 7.04, 3.04 ], "texture": "#texture" },
				"west": { "uv": [ 4.96, 0.96, 7.04, 3.04 ], "texture": "#texture" },
				"east": { "uv": [ 4.96, 0.96, 7.04, 3.04 ], "texture": "#texture" }
			}
		},
		{
			"__comment": "Voxels-8EDEFF",
			"from": [ -4, 1, 8 ],
			"to": [ -3, 2, 18 ],
			"faces": {
				"down": { "uv": [ 8.96, 0.96, 11.04, 3.04 ], "texture": "#texture" },
				"up": { "uv": [ 8.96, 0.96, 11.04, 3.04 ], "texture": "#texture" },
				"north": { "uv": [ 8.96, 0.96, 11.04, 3.04 ], "texture": "#texture" },
				"south": { "uv": [ 8.96, 0.96, 11.04, 3.04 ], "texture": "#texture" },
				"west": { "uv": [ 8.96, 0.96, 11.04, 3.04 ], "texture": "#texture" },
				"east": { "uv": [ 8.96, 0.96, 11.04, 3.04 ], "texture": "#texture" }
			}
		},
		{
			"__comment": "Voxels-71D6FF",
			"from": [ -4, 1, 18 ],
			"to": [ -2, 2, 27 ],
			"faces": {
				"down": { "uv": [ 4.96, 4.96, 7.04, 7.04 ], "texture": "#texture" },
				"up": { "uv": [ 4.96, 4.96, 7.04, 7.04 ], "texture": "#texture" },
				"north": { "uv": [ 4.96, 4.96, 7.04, 7.04 ], "texture": "#texture" },
				"south": { "uv": [ 4.96, 4.96, 7.04, 7.04 ], "texture": "#texture" },
				"west": { "uv": [ 4.96, 4.96, 7.04, 7.04 ], "texture": "#texture" },
				"east": { "uv": [ 4.96, 4.96, 7.04, 7.04 ], "texture": "#texture" }
			}
		},
		{
			"__comment": "Voxels-E5E5E5",
			"from": [ -4, 2, 3 ],
			"to": [ -2, 7, 9 ],
			"faces": {
				"down": { "uv": [ 4.96, 0.96, 7.04, 3.04 ], "texture": "#texture" },
				"up": { "uv": [ 4.96, 0.96, 7.04, 3.04 ], "texture": "#texture" },
				"north": { "uv": [ 4.96, 0.96, 7.04, 3.04 ], "texture": "#texture" },
				"south": { "uv": [ 4.96, 0.96, 7.04, 3.04 ], "texture": "#texture" },
				"west": { "uv": [ 4.96, 0.96, 7.04, 3.04 ], "texture": "#texture" },
				"east": { "uv": [ 4.96, 0.96, 7.04, 3.04 ], "texture": "#texture" }
			}
		},
		{
			"__comment": "Voxels-8EDEFF",
			"from": [ -4, 2, 9 ],
			"to": [ -3, 3, 14 ],
			"faces": {
				"down": { "uv": [ 8.96, 0.96, 11.04, 3.04 ], "texture": "#texture" },
				"up": { "uv": [ 8.96, 0.96, 11.04, 3.04 ], "texture": "#texture" },
				"north": { "uv": [ 8.96, 0.96, 11.04, 3.04 ], "texture": "#texture" },
				"south": { "uv": [ 8.96, 0.96, 11.04, 3.04 ], "texture": "#texture" },
				"west": { "uv": [ 8.96, 0.96, 11.04, 3.04 ], "texture": "#texture" },
				"east": { "uv": [ 8.96, 0.96, 11.04, 3.04 ], "texture": "#texture" }
			}
		},
		{
			"__comment": "Voxels-0F0F0F",
			"from": [ -4, 2, 14 ],
			"to": [ -3, 3, 17 ],
			"faces": {
				"down": { "uv": [ 12.96, 0.96, 15.04, 3.04 ], "texture": "#texture" },
				"up": { "uv": [ 12.96, 0.96, 15.04, 3.04 ], "texture": "#texture" },
				"north": { "uv": [ 12.96, 0.96, 15.04, 3.04 ], "texture": "#texture" },
				"south": { "uv": [ 12.96, 0.96, 15.04, 3.04 ], "texture": "#texture" },
				"west": { "uv": [ 12.96, 0.96, 15.04, 3.04 ], "texture": "#texture" },
				"east": { "uv": [ 12.96, 0.96, 15.04, 3.04 ], "texture": "#texture" }
			}
		},
		{
			"__comment": "Voxels-8EDEFF",
			"from": [ -4, 2, 17 ],
			"to": [ -3, 3, 19 ],
			"faces": {
				"down": { "uv": [ 8.96, 0.96, 11.04, 3.04 ], "texture": "#texture" },
				"up": { "uv": [ 8.96, 0.96, 11.04, 3.04 ], "texture": "#texture" },
				"north": { "uv": [ 8.96, 0.96, 11.04, 3.04 ], "texture": "#texture" },
				"south": { "uv": [ 8.96, 0.96, 11.04, 3.04 ], "texture": "#texture" },
				"west": { "uv": [ 8.96, 0.96, 11.04, 3.04 ], "texture": "#texture" },
				"east": { "uv": [ 8.96, 0.96, 11.04, 3.04 ], "texture": "#texture" }
			}
		},
		{
			"__comment": "Voxels-71D6FF",
			"from": [ -4, 2, 19 ],
			"to": [ -3, 3, 27 ],
			"faces": {
				"down": { "uv": [ 4.96, 4.96, 7.04, 7.04 ], "texture": "#texture" },
				"up": { "uv": [ 4.96, 4.96, 7.04, 7.04 ], "texture": "#texture" },
				"north": { "uv": [ 4.96, 4.96, 7.04, 7.04 ], "texture": "#texture" },
				"south": { "uv": [ 4.96, 4.96, 7.04, 7.04 ], "texture": "#texture" },
				"west": { "uv": [ 4.96, 4.96, 7.04, 7.04 ], "texture": "#texture" },
				"east": { "uv": [ 4.96, 4.96, 7.04, 7.04 ], "texture": "#texture" }
			}
		},
		{
			"__comment": "Voxels-E5E5E5",
			"from": [ -4, 3, 9 ],
			"to": [ -2, 7, 10 ],
			"faces": {
				"down": { "uv": [ 4.96, 0.96, 7.04, 3.04 ], "texture": "#texture" },
				"up": { "uv": [ 4.96, 0.96, 7.04, 3.04 ], "texture": "#texture" },
				"north": { "uv": [ 4.96, 0.96, 7.04, 3.04 ], "texture": "#texture" },
				"south": { "uv": [ 4.96, 0.96, 7.04, 3.04 ], "texture": "#texture" },
				"west": { "uv": [ 4.96, 0.96, 7.04, 3.04 ], "texture": "#texture" },
				"east": { "uv": [ 4.96, 0.96, 7.04, 3.04 ], "texture": "#texture" }
			}
		},
		{
			"__comment": "Voxels-8EDEFF",
			"from": [ -4, 3, 10 ],
			"to": [ -3, 4, 12 ],
			"faces": {
				"down": { "uv": [ 8.96, 0.96, 11.04, 3.04 ], "texture": "#texture" },
				"up": { "uv": [ 8.96, 0.96, 11.04, 3.04 ], "texture": "#texture" },
				"north": { "uv": [ 8.96, 0.96, 11.04, 3.04 ], "texture": "#texture" },
				"south": { "uv": [ 8.96, 0.96, 11.04, 3.04 ], "texture": "#texture" },
				"west": { "uv": [ 8.96, 0.96, 11.04, 3.04 ], "texture": "#texture" },
				"east": { "uv": [ 8.96, 0.96, 11.04, 3.04 ], "texture": "#texture" }
			}
		},
		{
			"__comment": "Voxels-0F0F0F",
			"from": [ -4, 3, 12 ],
			"to": [ -3, 4, 14 ],
			"faces": {
				"down": { "uv": [ 12.96, 0.96, 15.04, 3.04 ], "texture": "#texture" },
				"up": { "uv": [ 12.96, 0.96, 15.04, 3.04 ], "texture": "#texture" },
				"north": { "uv": [ 12.96, 0.96, 15.04, 3.04 ], "texture": "#texture" },
				"south": { "uv": [ 12.96, 0.96, 15.04, 3.04 ], "texture": "#texture" },
				"west": { "uv": [ 12.96, 0.96, 15.04, 3.04 ], "texture": "#texture" },
				"east": { "uv": [ 12.96, 0.96, 15.04, 3.04 ], "texture": "#texture" }
			}
		},
		{
			"__comment": "Voxels-8EDEFF",
			"from": [ -4, 3, 14 ],
			"to": [ -3, 5, 16 ],
			"faces": {
				"down": { "uv": [ 8.96, 0.96, 11.04, 3.04 ], "texture": "#texture" },
				"up": { "uv": [ 8.96, 0.96, 11.04, 3.04 ], "texture": "#texture" },
				"north": { "uv": [ 8.96, 0.96, 11.04, 3.04 ], "texture": "#texture" },
				"south": { "uv": [ 8.96, 0.96, 11.04, 3.04 ], "texture": "#texture" },
				"west": { "uv": [ 8.96, 0.96, 11.04, 3.04 ], "texture": "#texture" },
				"east": { "uv": [ 8.96, 0.96, 11.04, 3.04 ], "texture": "#texture" }
			}
		},
		{
			"__comment": "Voxels-8EDEFF",
			"from": [ -4, 3, 16 ],
			"to": [ -3, 4, 17 ],
			"faces": {
				"down": { "uv": [ 8.96, 0.96, 11.04, 3.04 ], "texture": "#texture" },
				"up": { "uv": [ 8.96, 0.96, 11.04, 3.04 ], "texture": "#texture" },
				"north": { "uv": [ 8.96, 0.96, 11.04, 3.04 ], "texture": "#texture" },
				"south": { "uv": [ 8.96, 0.96, 11.04, 3.04 ], "texture": "#texture" },
				"west": { "uv": [ 8.96, 0.96, 11.04, 3.04 ], "texture": "#texture" },
				"east": { "uv": [ 8.96, 0.96, 11.04, 3.04 ], "texture": "#texture" }
			}
		},
		{
			"__comment": "Voxels-0F0F0F",
			"from": [ -4, 3, 17 ],
			"to": [ -3, 4, 18 ],
			"faces": {
				"down": { "uv": [ 12.96, 0.96, 15.04, 3.04 ], "texture": "#texture" },
				"up": { "uv": [ 12.96, 0.96, 15.04, 3.04 ], "texture": "#texture" },
				"north": { "uv": [ 12.96, 0.96, 15.04, 3.04 ], "texture": "#texture" },
				"south": { "uv": [ 12.96, 0.96, 15.04, 3.04 ], "texture": "#texture" },
				"west": { "uv": [ 12.96, 0.96, 15.04, 3.04 ], "texture": "#texture" },
				"east": { "uv": [ 12.96, 0.96, 15.04, 3.04 ], "texture": "#texture" }
			}
		},
		{
			"__comment": "Voxels-8EDEFF",
			"from": [ -4, 3, 18 ],
			"to": [ -3, 7, 20 ],
			"faces": {
				"down": { "uv": [ 8.96, 0.96, 11.04, 3.04 ], "texture": "#texture" },
				"up": { "uv": [ 8.96, 0.96, 11.04, 3.04 ], "texture": "#texture" },
				"north": { "uv": [ 8.96, 0.96, 11.04, 3.04 ], "texture": "#texture" },
				"south": { "uv": [ 8.96, 0.96, 11.04, 3.04 ], "texture": "#texture" },
				"west": { "uv": [ 8.96, 0.96, 11.04, 3.04 ], "texture": "#texture" },
				"east": { "uv": [ 8.96, 0.96, 11.04, 3.04 ], "texture": "#texture" }
			}
		},
		{
			"__comment": "Voxels-71D6FF",
			"from": [ -4, 3, 20 ],
			"to": [ -3, 4, 27 ],
			"faces": {
				"down": { "uv": [ 4.96, 4.96, 7.04, 7.04 ], "texture": "#texture" },
				"up": { "uv": [ 4.96, 4.96, 7.04, 7.04 ], "texture": "#texture" },
				"north": { "uv": [ 4.96, 4.96, 7.04, 7.04 ], "texture": "#texture" },
				"south": { "uv": [ 4.96, 4.96, 7.04, 7.04 ], "texture": "#texture" },
				"west": { "uv": [ 4.96, 4.96, 7.04, 7.04 ], "texture": "#texture" },
				"east": { "uv": [ 4.96, 4.96, 7.04, 7.04 ], "texture": "#texture" }
			}
		},
		{
			"__comment": "Voxels-E5E5E5",
			"from": [ -4, 4, 10 ],
			"to": [ -2, 7, 11 ],
			"faces": {
				"down": { "uv": [ 4.96, 0.96, 7.04, 3.04 ], "texture": "#texture" },
				"up": { "uv": [ 4.96, 0.96, 7.04, 3.04 ], "texture": "#texture" },
				"north": { "uv": [ 4.96, 0.96, 7.04, 3.04 ], "texture": "#texture" },
				"south": { "uv": [ 4.96, 0.96, 7.04, 3.04 ], "texture": "#texture" },
				"west": { "uv": [ 4.96, 0.96, 7.04, 3.04 ], "texture": "#texture" },
				"east": { "uv": [ 4.96, 0.96, 7.04, 3.04 ], "texture": "#texture" }
			}
		},
		{
			"__comment": "Voxels-8EDEFF",
			"from": [ -4, 4, 11 ],
			"to": [ -3, 5, 13 ],
			"faces": {
				"down": { "uv": [ 8.96, 0.96, 11.04, 3.04 ], "texture": "#texture" },
				"up": { "uv": [ 8.96, 0.96, 11.04, 3.04 ], "texture": "#texture" },
				"north": { "uv": [ 8.96, 0.96, 11.04, 3.04 ], "texture": "#texture" },
				"south": { "uv": [ 8.96, 0.96, 11.04, 3.04 ], "texture": "#texture" },
				"west": { "uv": [ 8.96, 0.96, 11.04, 3.04 ], "texture": "#texture" },
				"east": { "uv": [ 8.96, 0.96, 11.04, 3.04 ], "texture": "#texture" }
			}
		},
		{
			"__comment": "Voxels-0F0F0F",
			"from": [ -4, 4, 13 ],
			"to": [ -3, 5, 14 ],
			"faces": {
				"down": { "uv": [ 12.96, 0.96, 15.04, 3.04 ], "texture": "#texture" },
				"up": { "uv": [ 12.96, 0.96, 15.04, 3.04 ], "texture": "#texture" },
				"north": { "uv": [ 12.96, 0.96, 15.04, 3.04 ], "texture": "#texture" },
				"south": { "uv": [ 12.96, 0.96, 15.04, 3.04 ], "texture": "#texture" },
				"west": { "uv": [ 12.96, 0.96, 15.04, 3.04 ], "texture": "#texture" },
				"east": { "uv": [ 12.96, 0.96, 15.04, 3.04 ], "texture": "#texture" }
			}
		},
		{
			"__comment": "Voxels-0F0F0F",
			"from": [ -4, 4, 16 ],
			"to": [ -3, 5, 17 ],
			"faces": {
				"down": { "uv": [ 12.96, 0.96, 15.04, 3.04 ], "texture": "#texture" },
				"up": { "uv": [ 12.96, 0.96, 15.04, 3.04 ], "texture": "#texture" },
				"north": { "uv": [ 12.96, 0.96, 15.04, 3.04 ], "texture": "#texture" },
				"south": { "uv": [ 12.96, 0.96, 15.04, 3.04 ], "texture": "#texture" },
				"west": { "uv": [ 12.96, 0.96, 15.04, 3.04 ], "texture": "#texture" },
				"east": { "uv": [ 12.96, 0.96, 15.04, 3.04 ], "texture": "#texture" }
			}
		},
		{
			"__comment": "Voxels-8EDEFF",
			"from": [ -4, 4, 17 ],
			"to": [ -3, 7, 18 ],
			"faces": {
				"down": { "uv": [ 8.96, 0.96, 11.04, 3.04 ], "texture": "#texture" },
				"up": { "uv": [ 8.96, 0.96, 11.04, 3.04 ], "texture": "#texture" },
				"north": { "uv": [ 8.96, 0.96, 11.04, 3.04 ], "texture": "#texture" },
				"south": { "uv": [ 8.96, 0.96, 11.04, 3.04 ], "texture": "#texture" },
				"west": { "uv": [ 8.96, 0.96, 11.04, 3.04 ], "texture": "#texture" },
				"east": { "uv": [ 8.96, 0.96, 11.04, 3.04 ], "texture": "#texture" }
			}
		},
		{
			"__comment": "Voxels-8EDEFF",
			"from": [ -4, 4, 20 ],
			"to": [ -3, 7, 21 ],
			"faces": {
				"down": { "uv": [ 8.96, 0.96, 11.04, 3.04 ], "texture": "#texture" },
				"up": { "uv": [ 8.96, 0.96, 11.04, 3.04 ], "texture": "#texture" },
				"north": { "uv": [ 8.96, 0.96, 11.04, 3.04 ], "texture": "#texture" },
				"south": { "uv": [ 8.96, 0.96, 11.04, 3.04 ], "texture": "#texture" },
				"west": { "uv": [ 8.96, 0.96, 11.04, 3.04 ], "texture": "#texture" },
				"east": { "uv": [ 8.96, 0.96, 11.04, 3.04 ], "texture": "#texture" }
			}
		},
		{
			"__comment": "Voxels-71D6FF",
			"from": [ -4, 4, 21 ],
			"to": [ -3, 5, 27 ],
			"faces": {
				"down": { "uv": [ 4.96, 4.96, 7.04, 7.04 ], "texture": "#texture" },
				"up": { "uv": [ 4.96, 4.96, 7.04, 7.04 ], "texture": "#texture" },
				"north": { "uv": [ 4.96, 4.96, 7.04, 7.04 ], "texture": "#texture" },
				"south": { "uv": [ 4.96, 4.96, 7.04, 7.04 ], "texture": "#texture" },
				"west": { "uv": [ 4.96, 4.96, 7.04, 7.04 ], "texture": "#texture" },
				"east": { "uv": [ 4.96, 4.96, 7.04, 7.04 ], "texture": "#texture" }
			}
		},
		{
			"__comment": "Voxels-E5E5E5",
			"from": [ -4, 5, 11 ],
			"to": [ -2, 7, 12 ],
			"faces": {
				"down": { "uv": [ 4.96, 0.96, 7.04, 3.04 ], "texture": "#texture" },
				"up": { "uv": [ 4.96, 0.96, 7.04, 3.04 ], "texture": "#texture" },
				"north": { "uv": [ 4.96, 0.96, 7.04, 3.04 ], "texture": "#texture" },
				"south": { "uv": [ 4.96, 0.96, 7.04, 3.04 ], "texture": "#texture" },
				"west": { "uv": [ 4.96, 0.96, 7.04, 3.04 ], "texture": "#texture" },
				"east": { "uv": [ 4.96, 0.96, 7.04, 3.04 ], "texture": "#texture" }
			}
		},
		{
			"__comment": "Voxels-8EDEFF",
			"from": [ -4, 5, 12 ],
			"to": [ -3, 6, 14 ],
			"faces": {
				"down": { "uv": [ 8.96, 0.96, 11.04, 3.04 ], "texture": "#texture" },
				"up": { "uv": [ 8.96, 0.96, 11.04, 3.04 ], "texture": "#texture" },
				"north": { "uv": [ 8.96, 0.96, 11.04, 3.04 ], "texture": "#texture" },
				"south": { "uv": [ 8.96, 0.96, 11.04, 3.04 ], "texture": "#texture" },
				"west": { "uv": [ 8.96, 0.96, 11.04, 3.04 ], "texture": "#texture" },
				"east": { "uv": [ 8.96, 0.96, 11.04, 3.04 ], "texture": "#texture" }
			}
		},
		{
			"__comment": "Voxels-0F0F0F",
			"from": [ -4, 5, 14 ],
			"to": [ -3, 6, 16 ],
			"faces": {
				"down": { "uv": [ 12.96, 0.96, 15.04, 3.04 ], "texture": "#texture" },
				"up": { "uv": [ 12.96, 0.96, 15.04, 3.04 ], "texture": "#texture" },
				"north": { "uv": [ 12.96, 0.96, 15.04, 3.04 ], "texture": "#texture" },
				"south": { "uv": [ 12.96, 0.96, 15.04, 3.04 ], "texture": "#texture" },
				"west": { "uv": [ 12.96, 0.96, 15.04, 3.04 ], "texture": "#texture" },
				"east": { "uv": [ 12.96, 0.96, 15.04, 3.04 ], "texture": "#texture" }
			}
		},
		{
			"__comment": "Voxels-8EDEFF",
			"from": [ -4, 5, 16 ],
			"to": [ -3, 7, 17 ],
			"faces": {
				"down": { "uv": [ 8.96, 0.96, 11.04, 3.04 ], "texture": "#texture" },
				"up": { "uv": [ 8.96, 0.96, 11.04, 3.04 ], "texture": "#texture" },
				"north": { "uv": [ 8.96, 0.96, 11.04, 3.04 ], "texture": "#texture" },
				"south": { "uv": [ 8.96, 0.96, 11.04, 3.04 ], "texture": "#texture" },
				"west": { "uv": [ 8.96, 0.96, 11.04, 3.04 ], "texture": "#texture" },
				"east": { "uv": [ 8.96, 0.96, 11.04, 3.04 ], "texture": "#texture" }
			}
		},
		{
			"__comment": "Voxels-8EDEFF",
			"from": [ -4, 5, 21 ],
			"to": [ -3, 7, 22 ],
			"faces": {
				"down": { "uv": [ 8.96, 0.96, 11.04, 3.04 ], "texture": "#texture" },
				"up": { "uv": [ 8.96, 0.96, 11.04, 3.04 ], "texture": "#texture" },
				"north": { "uv": [ 8.96, 0.96, 11.04, 3.04 ], "texture": "#texture" },
				"south": { "uv": [ 8.96, 0.96, 11.04, 3.04 ], "texture": "#texture" },
				"west": { "uv": [ 8.96, 0.96, 11.04, 3.04 ], "texture": "#texture" },
				"east": { "uv": [ 8.96, 0.96, 11.04, 3.04 ], "texture": "#texture" }
			}
		},
		{
			"__comment": "Voxels-71D6FF",
			"from": [ -4, 5, 22 ],
			"to": [ -3, 6, 27 ],
			"faces": {
				"down": { "uv": [ 4.96, 4.96, 7.04, 7.04 ], "texture": "#texture" },
				"up": { "uv": [ 4.96, 4.96, 7.04, 7.04 ], "texture": "#texture" },
				"north": { "uv": [ 4.96, 4.96, 7.04, 7.04 ], "texture": "#texture" },
				"south": { "uv": [ 4.96, 4.96, 7.04, 7.04 ], "texture": "#texture" },
				"west": { "uv": [ 4.96, 4.96, 7.04, 7.04 ], "texture": "#texture" },
				"east": { "uv": [ 4.96, 4.96, 7.04, 7.04 ], "texture": "#texture" }
			}
		},
		{
			"__comment": "Voxels-E5E5E5",
			"from": [ -4, 6, 12 ],
			"to": [ -2, 7, 13 ],
			"faces": {
				"down": { "uv": [ 4.96, 0.96, 7.04, 3.04 ], "texture": "#texture" },
				"up": { "uv": [ 4.96, 0.96, 7.04, 3.04 ], "texture": "#texture" },
				"north": { "uv": [ 4.96, 0.96, 7.04, 3.04 ], "texture": "#texture" },
				"south": { "uv": [ 4.96, 0.96, 7.04, 3.04 ], "texture": "#texture" },
				"west": { "uv": [ 4.96, 0.96, 7.04, 3.04 ], "texture": "#texture" },
				"east": { "uv": [ 4.96, 0.96, 7.04, 3.04 ], "texture": "#texture" }
			}
		},
		{
			"__comment": "Voxels-8EDEFF",
			"from": [ -4, 6, 13 ],
			"to": [ -3, 7, 16 ],
			"faces": {
				"down": { "uv": [ 8.96, 0.96, 11.04, 3.04 ], "texture": "#texture" },
				"up": { "uv": [ 8.96, 0.96, 11.04, 3.04 ], "texture": "#texture" },
				"north": { "uv": [ 8.96, 0.96, 11.04, 3.04 ], "texture": "#texture" },
				"south": { "uv": [ 8.96, 0.96, 11.04, 3.04 ], "texture": "#texture" },
				"west": { "uv": [ 8.96, 0.96, 11.04, 3.04 ], "texture": "#texture" },
				"east": { "uv": [ 8.96, 0.96, 11.04, 3.04 ], "texture": "#texture" }
			}
		},
		{
			"__comment": "Voxels-8EDEFF",
			"from": [ -4, 6, 22 ],
			"to": [ -3, 7, 23 ],
			"faces": {
				"down": { "uv": [ 8.96, 0.96, 11.04, 3.04 ], "texture": "#texture" },
				"up": { "uv": [ 8.96, 0.96, 11.04, 3.04 ], "texture": "#texture" },
				"north": { "uv": [ 8.96, 0.96, 11.04, 3.04 ], "texture": "#texture" },
				"south": { "uv": [ 8.96, 0.96, 11.04, 3.04 ], "texture": "#texture" },
				"west": { "uv": [ 8.96, 0.96, 11.04, 3.04 ], "texture": "#texture" },
				"east": { "uv": [ 8.96, 0.96, 11.04, 3.04 ], "texture": "#texture" }
			}
		},
		{
			"__comment": "Voxels-71D6FF",
			"from": [ -4, 6, 23 ],
			"to": [ -3, 7, 27 ],
			"faces": {
				"down": { "uv": [ 4.96, 4.96, 7.04, 7.04 ], "texture": "#texture" },
				"up": { "uv": [ 4.96, 4.96, 7.04, 7.04 ], "texture": "#texture" },
				"north": { "uv": [ 4.96, 4.96, 7.04, 7.04 ], "texture": "#texture" },
				"south": { "uv": [ 4.96, 4.96, 7.04, 7.04 ], "texture": "#texture" },
				"west": { "uv": [ 4.96, 4.96, 7.04, 7.04 ], "texture": "#texture" },
				"east": { "uv": [ 4.96, 4.96, 7.04, 7.04 ], "texture": "#texture" }
			}
		},
		{
			"__comment": "Voxels-E5E5E5",
			"from": [ -4, 16, 1 ],
			"to": [ -2, 19, 28 ],
			"faces": {
				"down": { "uv": [ 4.96, 0.96, 7.04, 3.04 ], "texture": "#texture" },
				"up": { "uv": [ 4.96, 0.96, 7.04, 3.04 ], "texture": "#texture" },
				"north": { "uv": [ 4.96, 0.96, 7.04, 3.04 ], "texture": "#texture" },
				"south": { "uv": [ 4.96, 0.96, 7.04, 3.04 ], "texture": "#texture" },
				"west": { "uv": [ 4.96, 0.96, 7.04, 3.04 ], "texture": "#texture" },
				"east": { "uv": [ 4.96, 0.96, 7.04, 3.04 ], "texture": "#texture" }
			}
		},
		{
			"__comment": "Voxels-E5E5E5",
			"from": [ -3, 0, -8 ],
			"to": [ -2, 3, 3 ],
			"faces": {
				"down": { "uv": [ 4.96, 0.96, 7.04, 3.04 ], "texture": "#texture" },
				"up": { "uv": [ 4.96, 0.96, 7.04, 3.04 ], "texture": "#texture" },
				"north": { "uv": [ 4.96, 0.96, 7.04, 3.04 ], "texture": "#texture" },
				"south": { "uv": [ 4.96, 0.96, 7.04, 3.04 ], "texture": "#texture" },
				"west": { "uv": [ 4.96, 0.96, 7.04, 3.04 ], "texture": "#texture" },
				"east": { "uv": [ 4.96, 0.96, 7.04, 3.04 ], "texture": "#texture" }
			}
		},
		{
			"__comment": "Voxels-E5E5E5",
			"from": [ -3, 0, 3 ],
			"to": [ -2, 1, 28 ],
			"faces": {
				"down": { "uv": [ 4.96, 0.96, 7.04, 3.04 ], "texture": "#texture" },
				"up": { "uv": [ 4.96, 0.96, 7.04, 3.04 ], "texture": "#texture" },
				"north": { "uv": [ 4.96, 0.96, 7.04, 3.04 ], "texture": "#texture" },
				"south": { "uv": [ 4.96, 0.96, 7.04, 3.04 ], "texture": "#texture" },
				"west": { "uv": [ 4.96, 0.96, 7.04, 3.04 ], "texture": "#texture" },
				"east": { "uv": [ 4.96, 0.96, 7.04, 3.04 ], "texture": "#texture" }
			}
		},
		{
			"__comment": "Voxels-E5E5E5",
			"from": [ -3, 1, 8 ],
			"to": [ 19, 2, 18 ],
			"faces": {
				"down": { "uv": [ 4.96, 0.96, 7.04, 3.04 ], "texture": "#texture" },
				"up": { "uv": [ 4.96, 0.96, 7.04, 3.04 ], "texture": "#texture" },
				"north": { "uv": [ 4.96, 0.96, 7.04, 3.04 ], "texture": "#texture" },
				"south": { "uv": [ 4.96, 0.96, 7.04, 3.04 ], "texture": "#texture" },
				"west": { "uv": [ 4.96, 0.96, 7.04, 3.04 ], "texture": "#texture" },
				"east": { "uv": [ 4.96, 0.96, 7.04, 3.04 ], "texture": "#texture" }
			}
		},
		{
			"__comment": "Voxels-E5E5E5",
			"from": [ -3, 1, 27 ],
			"to": [ 19, 8, 28 ],
			"faces": {
				"down": { "uv": [ 4.96, 0.96, 7.04, 3.04 ], "texture": "#texture" },
				"up": { "uv": [ 4.96, 0.96, 7.04, 3.04 ], "texture": "#texture" },
				"north": { "uv": [ 4.96, 0.96, 7.04, 3.04 ], "texture": "#texture" },
				"south": { "uv": [ 4.96, 0.96, 7.04, 3.04 ], "texture": "#texture" },
				"west": { "uv": [ 4.96, 0.96, 7.04, 3.04 ], "texture": "#texture" },
				"east": { "uv": [ 4.96, 0.96, 7.04, 3.04 ], "texture": "#texture" }
			}
		},
		{
			"__comment": "Voxels-E5E5E5",
			"from": [ -3, 2, 9 ],
			"to": [ -2, 3, 27 ],
			"faces": {
				"down": { "uv": [ 4.96, 0.96, 7.04, 3.04 ], "texture": "#texture" },
				"up": { "uv": [ 4.96, 0.96, 7.04, 3.04 ], "texture": "#texture" },
				"north": { "uv": [ 4.96, 0.96, 7.04, 3.04 ], "texture": "#texture" },
				"south": { "uv": [ 4.96, 0.96, 7.04, 3.04 ], "texture": "#texture" },
				"west": { "uv": [ 4.96, 0.96, 7.04, 3.04 ], "texture": "#texture" },
				"east": { "uv": [ 4.96, 0.96, 7.04, 3.04 ], "texture": "#texture" }
			}
		},
		{
			"__comment": "Voxels-E5E5E5",
			"from": [ -3, 3, 1 ],
			"to": [ -2, 16, 3 ],
			"faces": {
				"down": { "uv": [ 4.96, 0.96, 7.04, 3.04 ], "texture": "#texture" },
				"up": { "uv": [ 4.96, 0.96, 7.04, 3.04 ], "texture": "#texture" },
				"north": { "uv": [ 4.96, 0.96, 7.04, 3.04 ], "texture": "#texture" },
				"south": { "uv": [ 4.96, 0.96, 7.04, 3.04 ], "texture": "#texture" },
				"west": { "uv": [ 4.96, 0.96, 7.04, 3.04 ], "texture": "#texture" },
				"east": { "uv": [ 4.96, 0.96, 7.04, 3.04 ], "texture": "#texture" }
			}
		},
		{
			"__comment": "Voxels-E5E5E5",
			"from": [ -3, 3, 10 ],
			"to": [ -2, 4, 27 ],
			"faces": {
				"down": { "uv": [ 4.96, 0.96, 7.04, 3.04 ], "texture": "#texture" },
				"up": { "uv": [ 4.96, 0.96, 7.04, 3.04 ], "texture": "#texture" },
				"north": { "uv": [ 4.96, 0.96, 7.04, 3.04 ], "texture": "#texture" },
				"south": { "uv": [ 4.96, 0.96, 7.04, 3.04 ], "texture": "#texture" },
				"west": { "uv": [ 4.96, 0.96, 7.04, 3.04 ], "texture": "#texture" },
				"east": { "uv": [ 4.96, 0.96, 7.04, 3.04 ], "texture": "#texture" }
			}
		},
		{
			"__comment": "Voxels-E5E5E5",
			"from": [ -3, 4, 11 ],
			"to": [ -2, 5, 27 ],
			"faces": {
				"down": { "uv": [ 4.96, 0.96, 7.04, 3.04 ], "texture": "#texture" },
				"up": { "uv": [ 4.96, 0.96, 7.04, 3.04 ], "texture": "#texture" },
				"north": { "uv": [ 4.96, 0.96, 7.04, 3.04 ], "texture": "#texture" },
				"south": { "uv": [ 4.96, 0.96, 7.04, 3.04 ], "texture": "#texture" },
				"west": { "uv": [ 4.96, 0.96, 7.04, 3.04 ], "texture": "#texture" },
				"east": { "uv": [ 4.96, 0.96, 7.04, 3.04 ], "texture": "#texture" }
			}
		},
		{
			"__comment": "Voxels-E5E5E5",
			"from": [ -3, 5, 12 ],
			"to": [ -2, 6, 27 ],
			"faces": {
				"down": { "uv": [ 4.96, 0.96, 7.04, 3.04 ], "texture": "#texture" },
				"up": { "uv": [ 4.96, 0.96, 7.04, 3.04 ], "texture": "#texture" },
				"north": { "uv": [ 4.96, 0.96, 7.04, 3.04 ], "texture": "#texture" },
				"south": { "uv": [ 4.96, 0.96, 7.04, 3.04 ], "texture": "#texture" },
				"west": { "uv": [ 4.96, 0.96, 7.04, 3.04 ], "texture": "#texture" },
				"east": { "uv": [ 4.96, 0.96, 7.04, 3.04 ], "texture": "#texture" }
			}
		},
		{
			"__comment": "Voxels-E5E5E5",
			"from": [ -3, 6, 13 ],
			"to": [ -2, 8, 27 ],
			"faces": {
				"down": { "uv": [ 4.96, 0.96, 7.04, 3.04 ], "texture": "#texture" },
				"up": { "uv": [ 4.96, 0.96, 7.04, 3.04 ], "texture": "#texture" },
				"north": { "uv": [ 4.96, 0.96, 7.04, 3.04 ], "texture": "#texture" },
				"south": { "uv": [ 4.96, 0.96, 7.04, 3.04 ], "texture": "#texture" },
				"west": { "uv": [ 4.96, 0.96, 7.04, 3.04 ], "texture": "#texture" },
				"east": { "uv": [ 4.96, 0.96, 7.04, 3.04 ], "texture": "#texture" }
			}
		},
		{
			"__comment": "Voxels-E5E5E5",
			"from": [ -3, 7, 3 ],
			"to": [ -2, 16, 4 ],
			"faces": {
				"down": { "uv": [ 4.96, 0.96, 7.04, 3.04 ], "texture": "#texture" },
				"up": { "uv": [ 4.96, 0.96, 7.04, 3.04 ], "texture": "#texture" },
				"north": { "uv": [ 4.96, 0.96, 7.04, 3.04 ], "texture": "#texture" },
				"south": { "uv": [ 4.96, 0.96, 7.04, 3.04 ], "texture": "#texture" },
				"west": { "uv": [ 4.96, 0.96, 7.04, 3.04 ], "texture": "#texture" },
				"east": { "uv": [ 4.96, 0.96, 7.04, 3.04 ], "texture": "#texture" }
			}
		},
		{
			"__comment": "Voxels-E5E5E5",
			"from": [ -3, 7, 4 ],
			"to": [ -2, 8, 13 ],
			"faces": {
				"down": { "uv": [ 4.96, 0.96, 7.04, 3.04 ], "texture": "#texture" },
				"up": { "uv": [ 4.96, 0.96, 7.04, 3.04 ], "texture": "#texture" },
				"north": { "uv": [ 4.96, 0.96, 7.04, 3.04 ], "texture": "#texture" },
				"south": { "uv": [ 4.96, 0.96, 7.04, 3.04 ], "texture": "#texture" },
				"west": { "uv": [ 4.96, 0.96, 7.04, 3.04 ], "texture": "#texture" },
				"east": { "uv": [ 4.96, 0.96, 7.04, 3.04 ], "texture": "#texture" }
			}
		},
		{
			"__comment": "Voxels-E5E5E5",
			"from": [ -3, 8, 27 ],
			"to": [ -2, 16, 28 ],
			"faces": {
				"down": { "uv": [ 4.96, 0.96, 7.04, 3.04 ], "texture": "#texture" },
				"up": { "uv": [ 4.96, 0.96, 7.04, 3.04 ], "texture": "#texture" },
				"north": { "uv": [ 4.96, 0.96, 7.04, 3.04 ], "texture": "#texture" },
				"south": { "uv": [ 4.96, 0.96, 7.04, 3.04 ], "texture": "#texture" },
				"west": { "uv": [ 4.96, 0.96, 7.04, 3.04 ], "texture": "#texture" },
				"east": { "uv": [ 4.96, 0.96, 7.04, 3.04 ], "texture": "#texture" }
			}
		},
		{
			"__comment": "Voxels-E5E5E5",
			"from": [ -2, 1, -8 ],
			"to": [ 19, 2, 3 ],
			"faces": {
				"down": { "uv": [ 4.96, 0.96, 7.04, 3.04 ], "texture": "#texture" },
				"up": { "uv": [ 4.96, 0.96, 7.04, 3.04 ], "texture": "#texture" },
				"north": { "uv": [ 4.96, 0.96, 7.04, 3.04 ], "texture": "#texture" },
				"south": { "uv": [ 4.96, 0.96, 7.04, 3.04 ], "texture": "#texture" },
				"west": { "uv": [ 4.96, 0.96, 7.04, 3.04 ], "texture": "#texture" },
				"east": { "uv": [ 4.96, 0.96, 7.04, 3.04 ], "texture": "#texture" }
			}
		},
		{
			"__comment": "Voxels-E5E5E5",
			"from": [ -2, 1, 18 ],
			"to": [ 19, 2, 27 ],
			"faces": {
				"down": { "uv": [ 4.96, 0.96, 7.04, 3.04 ], "texture": "#texture" },
				"up": { "uv": [ 4.96, 0.96, 7.04, 3.04 ], "texture": "#texture" },
				"north": { "uv": [ 4.96, 0.96, 7.04, 3.04 ], "texture": "#texture" },
				"south": { "uv": [ 4.96, 0.96, 7.04, 3.04 ], "texture": "#texture" },
				"west": { "uv": [ 4.96, 0.96, 7.04, 3.04 ], "texture": "#texture" },
				"east": { "uv": [ 4.96, 0.96, 7.04, 3.04 ], "texture": "#texture" }
			}
		},
		{
			"__comment": "Voxels-E5E5E5",
			"from": [ -2, 16, 27 ],
			"to": [ 20, 19, 28 ],
			"faces": {
				"down": { "uv": [ 4.96, 0.96, 7.04, 3.04 ], "texture": "#texture" },
				"up": { "uv": [ 4.96, 0.96, 7.04, 3.04 ], "texture": "#texture" },
				"north": { "uv": [ 4.96, 0.96, 7.04, 3.04 ], "texture": "#texture" },
				"south": { "uv": [ 4.96, 0.96, 7.04, 3.04 ], "texture": "#texture" },
				"west": { "uv": [ 4.96, 0.96, 7.04, 3.04 ], "texture": "#texture" },
				"east": { "uv": [ 4.96, 0.96, 7.04, 3.04 ], "texture": "#texture" }
			}
		},
		{
			"__comment": "Voxels-E5E5E5",
			"from": [ -2, 18, 1 ],
			"to": [ 20, 19, 27 ],
			"faces": {
				"down": { "uv": [ 4.96, 0.96, 7.04, 3.04 ], "texture": "#texture" },
				"up": { "uv": [ 4.96, 0.96, 7.04, 3.04 ], "texture": "#texture" },
				"north": { "uv": [ 4.96, 0.96, 7.04, 3.04 ], "texture": "#texture" },
				"south": { "uv": [ 4.96, 0.96, 7.04, 3.04 ], "texture": "#texture" },
				"west": { "uv": [ 4.96, 0.96, 7.04, 3.04 ], "texture": "#texture" },
				"east": { "uv": [ 4.96, 0.96, 7.04, 3.04 ], "texture": "#texture" }
			}
		},
		{
			"__comment": "Voxels-E5E5E5",
			"from": [ -2, 19, 1 ],
			"to": [ 18, 20, 28 ],
			"faces": {
				"down": { "uv": [ 4.96, 0.96, 7.04, 3.04 ], "texture": "#texture" },
				"up": { "uv": [ 4.96, 0.96, 7.04, 3.04 ], "texture": "#texture" },
				"north": { "uv": [ 4.96, 0.96, 7.04, 3.04 ], "texture": "#texture" },
				"south": { "uv": [ 4.96, 0.96, 7.04, 3.04 ], "texture": "#texture" },
				"west": { "uv": [ 4.96, 0.96, 7.04, 3.04 ], "texture": "#texture" },
				"east": { "uv": [ 4.96, 0.96, 7.04, 3.04 ], "texture": "#texture" }
			}
		},
		{
			"__comment": "Voxels-666666",
			"from": [ -1, 2, 28 ],
			"to": [ 16, 7, 29 ],
			"faces": {
				"down": { "uv": [ 8.96, 4.96, 11.04, 7.04 ], "texture": "#texture" },
				"up": { "uv": [ 8.96, 4.96, 11.04, 7.04 ], "texture": "#texture" },
				"north": { "uv": [ 8.96, 4.96, 11.04, 7.04 ], "texture": "#texture" },
				"south": { "uv": [ 8.96, 4.96, 11.04, 7.04 ], "texture": "#texture" },
				"west": { "uv": [ 8.96, 4.96, 11.04, 7.04 ], "texture": "#texture" },
				"east": { "uv": [ 8.96, 4.96, 11.04, 7.04 ], "texture": "#texture" }
			}
		},
		{
			"__comment": "Voxels-300C00",
			"from": [ -1, 3, 5 ],
			"to": [ 17, 5, 10 ],
			"faces": {
				"down": { "uv": [ 0.96, 4.96, 3.04, 7.04 ], "texture": "#texture" },
				"up": { "uv": [ 0.96, 4.96, 3.04, 7.04 ], "texture": "#texture" },
				"north": { "uv": [ 0.96, 4.96, 3.04, 7.04 ], "texture": "#texture" },
				"south": { "uv": [ 0.96, 4.96, 3.04, 7.04 ], "texture": "#texture" },
				"west": { "uv": [ 0.96, 4.96, 3.04, 7.04 ], "texture": "#texture" },
				"east": { "uv": [ 0.96, 4.96, 3.04, 7.04 ], "texture": "#texture" }
			}
		},
		{
			"__comment": "Voxels-300C00",
			"from": [ -1, 3, 12 ],
			"to": [ 17, 5, 17 ],
			"faces": {
				"down": { "uv": [ 0.96, 4.96, 3.04, 7.04 ], "texture": "#texture" },
				"up": { "uv": [ 0.96, 4.96, 3.04, 7.04 ], "texture": "#texture" },
				"north": { "uv": [ 0.96, 4.96, 3.04, 7.04 ], "texture": "#texture" },
				"south": { "uv": [ 0.96, 4.96, 3.04, 7.04 ], "texture": "#texture" },
				"west": { "uv": [ 0.96, 4.96, 3.04, 7.04 ], "texture": "#texture" },
				"east": { "uv": [ 0.96, 4.96, 3.04, 7.04 ], "texture": "#texture" }
			}
		},
		{
			"__comment": "Voxels-300C00",
			"from": [ -1, 3, 19 ],
			"to": [ 17, 5, 24 ],
			"faces": {
				"down": { "uv": [ 0.96, 4.96, 3.04, 7.04 ], "texture": "#texture" },
				"up": { "uv": [ 0.96, 4.96, 3.04, 7.04 ], "texture": "#texture" },
				"north": { "uv": [ 0.96, 4.96, 3.04, 7.04 ], "texture": "#texture" },
				"south": { "uv": [ 0.96, 4.96, 3.04, 7.04 ], "texture": "#texture" },
				"west": { "uv": [ 0.96, 4.96, 3.04, 7.04 ], "texture": "#texture" },
				"east": { "uv": [ 0.96, 4.96, 3.04, 7.04 ], "texture": "#texture" }
			}
		},
		{
			"__comment": "Voxels-300C00",
			"from": [ -1, 5, 9 ],
			"to": [ 17, 10, 10 ],
			"faces": {
				"down": { "uv": [ 0.96, 4.96, 3.04, 7.04 ], "texture": "#texture" },
				"up": { "uv": [ 0.96, 4.96, 3.04, 7.04 ], "texture": "#texture" },
				"north": { "uv": [ 0.96, 4.96, 3.04, 7.04 ], "texture": "#texture" },
				"south": { "uv": [ 0.96, 4.96, 3.04, 7.04 ], "texture": "#texture" },
				"west": { "uv": [ 0.96, 4.96, 3.04, 7.04 ], "texture": "#texture" },
				"east": { "uv": [ 0.96, 4.96, 3.04, 7.04 ], "texture": "#texture" }
			}
		},
		{
			"__comment": "Voxels-300C00",
			"from": [ -1, 5, 16 ],
			"to": [ 17, 10, 17 ],
			"faces": {
				"down": { "uv": [ 0.96, 4.96, 3.04, 7.04 ], "texture": "#texture" },
				"up": { "uv": [ 0.96, 4.96, 3.04, 7.04 ], "texture": "#texture" },
				"north": { "uv": [ 0.96, 4.96, 3.04, 7.04 ], "texture": "#texture" },
				"south": { "uv": [ 0.96, 4.96, 3.04, 7.04 ], "texture": "#texture" },
				"west": { "uv": [ 0.96, 4.96, 3.04, 7.04 ], "texture": "#texture" },
				"east": { "uv": [ 0.96, 4.96, 3.04, 7.04 ], "texture": "#texture" }
			}
		},
		{
			"__comment": "Voxels-300C00",
			"from": [ -1, 5, 23 ],
			"to": [ 17, 10, 24 ],
			"faces": {
				"down": { "uv": [ 0.96, 4.96, 3.04, 7.04 ], "texture": "#texture" },
				"up": { "uv": [ 0.96, 4.96, 3.04, 7.04 ], "texture": "#texture" },
				"north": { "uv": [ 0.96, 4.96, 3.04, 7.04 ], "texture": "#texture" },
				"south": { "uv": [ 0.96, 4.96, 3.04, 7.04 ], "texture": "#texture" },
				"west": { "uv": [ 0.96, 4.96, 3.04, 7.04 ], "texture": "#texture" },
				"east": { "uv": [ 0.96, 4.96, 3.04, 7.04 ], "texture": "#texture" }
			}
		},
		{
			"__comment": "Voxels-E5E5E5",
			"from": [ 18, 0, -8 ],
			"to": [ 19, 1, 28 ],
			"faces": {
				"down": { "uv": [ 4.96, 0.96, 7.04, 3.04 ], "texture": "#texture" },
				"up": { "uv": [ 4.96, 0.96, 7.04, 3.04 ], "texture": "#texture" },
				"north": { "uv": [ 4.96, 0.96, 7.04, 3.04 ], "texture": "#texture" },
				"south": { "uv": [ 4.96, 0.96, 7.04, 3.04 ], "texture": "#texture" },
				"west": { "uv": [ 4.96, 0.96, 7.04, 3.04 ], "texture": "#texture" },
				"east": { "uv": [ 4.96, 0.96, 7.04, 3.04 ], "texture": "#texture" }
			}
		},
		{
			"__comment": "Voxels-E5E5E5",
			"from": [ 18, 2, -8 ],
			"to": [ 19, 3, 27 ],
			"faces": {
				"down": { "uv": [ 4.96, 0.96, 7.04, 3.04 ], "texture": "#texture" },
				"up": { "uv": [ 4.96, 0.96, 7.04, 3.04 ], "texture": "#texture" },
				"north": { "uv": [ 4.96, 0.96, 7.04, 3.04 ], "texture": "#texture" },
				"south": { "uv": [ 4.96, 0.96, 7.04, 3.04 ], "texture": "#texture" },
				"west": { "uv": [ 4.96, 0.96, 7.04, 3.04 ], "texture": "#texture" },
				"east": { "uv": [ 4.96, 0.96, 7.04, 3.04 ], "texture": "#texture" }
			}
		},
		{
			"__comment": "Voxels-E5E5E5",
			"from": [ 18, 3, 1 ],
			"to": [ 19, 18, 4 ],
			"faces": {
				"down": { "uv": [ 4.96, 0.96, 7.04, 3.04 ], "texture": "#texture" },
				"up": { "uv": [ 4.96, 0.96, 7.04, 3.04 ], "texture": "#texture" },
				"north": { "uv": [ 4.96, 0.96, 7.04, 3.04 ], "texture": "#texture" },
				"south": { "uv": [ 4.96, 0.96, 7.04, 3.04 ], "texture": "#texture" },
				"west": { "uv": [ 4.96, 0.96, 7.04, 3.04 ], "texture": "#texture" },
				"east": { "uv": [ 4.96, 0.96, 7.04, 3.04 ], "texture": "#texture" }
			}
		},
		{
			"__comment": "Voxels-E5E5E5",
			"from": [ 18, 3, 4 ],
			"to": [ 20, 7, 10 ],
			"faces": {
				"down": { "uv": [ 4.96, 0.96, 7.04, 3.04 ], "texture": "#texture" },
				"up": { "uv": [ 4.96, 0.96, 7.04, 3.04 ], "texture": "#texture" },
				"north": { "uv": [ 4.96, 0.96, 7.04, 3.04 ], "texture": "#texture" },
				"south": { "uv": [ 4.96, 0.96, 7.04, 3.04 ], "texture": "#texture" },
				"west": { "uv": [ 4.96, 0.96, 7.04, 3.04 ], "texture": "#texture" },
				"east": { "uv": [ 4.96, 0.96, 7.04, 3.04 ], "texture": "#texture" }
			}
		},
		{
			"__comment": "Voxels-E5E5E5",
			"from": [ 18, 3, 10 ],
			"to": [ 19, 8, 27 ],
			"faces": {
				"down": { "uv": [ 4.96, 0.96, 7.04, 3.04 ], "texture": "#texture" },
				"up": { "uv": [ 4.96, 0.96, 7.04, 3.04 ], "texture": "#texture" },
				"north": { "uv": [ 4.96, 0.96, 7.04, 3.04 ], "texture": "#texture" },
				"south": { "uv": [ 4.96, 0.96, 7.04, 3.04 ], "texture": "#texture" },
				"west": { "uv": [ 4.96, 0.96, 7.04, 3.04 ], "texture": "#texture" },
				"east": { "uv": [ 4.96, 0.96, 7.04, 3.04 ], "texture": "#texture" }
			}
		},
		{
			"__comment": "Voxels-E5E5E5",
			"from": [ 18, 7, 4 ],
			"to": [ 19, 8, 10 ],
			"faces": {
				"down": { "uv": [ 4.96, 0.96, 7.04, 3.04 ], "texture": "#texture" },
				"up": { "uv": [ 4.96, 0.96, 7.04, 3.04 ], "texture": "#texture" },
				"north": { "uv": [ 4.96, 0.96, 7.04, 3.04 ], "texture": "#texture" },
				"south": { "uv": [ 4.96, 0.96, 7.04, 3.04 ], "texture": "#texture" },
				"west": { "uv": [ 4.96, 0.96, 7.04, 3.04 ], "texture": "#texture" },
				"east": { "uv": [ 4.96, 0.96, 7.04, 3.04 ], "texture": "#texture" }
			}
		},
		{
			"__comment": "Voxels-E5E5E5",
			"from": [ 18, 8, 27 ],
			"to": [ 19, 16, 28 ],
			"faces": {
				"down": { "uv": [ 4.96, 0.96, 7.04, 3.04 ], "texture": "#texture" },
				"up": { "uv": [ 4.96, 0.96, 7.04, 3.04 ], "texture": "#texture" },
				"north": { "uv": [ 4.96, 0.96, 7.04, 3.04 ], "texture": "#texture" },
				"south": { "uv": [ 4.96, 0.96, 7.04, 3.04 ], "texture": "#texture" },
				"west": { "uv": [ 4.96, 0.96, 7.04, 3.04 ], "texture": "#texture" },
				"east": { "uv": [ 4.96, 0.96, 7.04, 3.04 ], "texture": "#texture" }
			}
		},
		{
			"__comment": "Voxels-E5E5E5",
			"from": [ 18, 16, 4 ],
			"to": [ 20, 18, 27 ],
			"faces": {
				"down": { "uv": [ 4.96, 0.96, 7.04, 3.04 ], "texture": "#texture" },
				"up": { "uv": [ 4.96, 0.96, 7.04, 3.04 ], "texture": "#texture" },
				"north": { "uv": [ 4.96, 0.96, 7.04, 3.04 ], "texture": "#texture" },
				"south": { "uv": [ 4.96, 0.96, 7.04, 3.04 ], "texture": "#texture" },
				"west": { "uv": [ 4.96, 0.96, 7.04, 3.04 ], "texture": "#texture" },
				"east": { "uv": [ 4.96, 0.96, 7.04, 3.04 ], "texture": "#texture" }
			}
		},
		{
			"__comment": "Voxels-8EDEFF",
			"from": [ 19, 1, 8 ],
			"to": [ 20, 2, 18 ],
			"faces": {
				"down": { "uv": [ 8.96, 0.96, 11.04, 3.04 ], "texture": "#texture" },
				"up": { "uv": [ 8.96, 0.96, 11.04, 3.04 ], "texture": "#texture" },
				"north": { "uv": [ 8.96, 0.96, 11.04, 3.04 ], "texture": "#texture" },
				"south": { "uv": [ 8.96, 0.96, 11.04, 3.04 ], "texture": "#texture" },
				"west": { "uv": [ 8.96, 0.96, 11.04, 3.04 ], "texture": "#texture" },
				"east": { "uv": [ 8.96, 0.96, 11.04, 3.04 ], "texture": "#texture" }
			}
		},
		{
			"__comment": "Voxels-71D6FF",
			"from": [ 19, 1, 18 ],
			"to": [ 20, 2, 27 ],
			"faces": {
				"down": { "uv": [ 4.96, 4.96, 7.04, 7.04 ], "texture": "#texture" },
				"up": { "uv": [ 4.96, 4.96, 7.04, 7.04 ], "texture": "#texture" },
				"north": { "uv": [ 4.96, 4.96, 7.04, 7.04 ], "texture": "#texture" },
				"south": { "uv": [ 4.96, 4.96, 7.04, 7.04 ], "texture": "#texture" },
				"west": { "uv": [ 4.96, 4.96, 7.04, 7.04 ], "texture": "#texture" },
				"east": { "uv": [ 4.96, 4.96, 7.04, 7.04 ], "texture": "#texture" }
			}
		},
		{
			"__comment": "Voxels-E5E5E5",
			"from": [ 19, 2, 3 ],
			"to": [ 20, 7, 4 ],
			"faces": {
				"down": { "uv": [ 4.96, 0.96, 7.04, 3.04 ], "texture": "#texture" },
				"up": { "uv": [ 4.96, 0.96, 7.04, 3.04 ], "texture": "#texture" },
				"north": { "uv": [ 4.96, 0.96, 7.04, 3.04 ], "texture": "#texture" },
				"south": { "uv": [ 4.96, 0.96, 7.04, 3.04 ], "texture": "#texture" },
				"west": { "uv": [ 4.96, 0.96, 7.04, 3.04 ], "texture": "#texture" },
				"east": { "uv": [ 4.96, 0.96, 7.04, 3.04 ], "texture": "#texture" }
			}
		},
		{
			"__comment": "Voxels-E5E5E5",
			"from": [ 19, 2, 4 ],
			"to": [ 20, 3, 9 ],
			"faces": {
				"down": { "uv": [ 4.96, 0.96, 7.04, 3.04 ], "texture": "#texture" },
				"up": { "uv": [ 4.96, 0.96, 7.04, 3.04 ], "texture": "#texture" },
				"north": { "uv": [ 4.96, 0.96, 7.04, 3.04 ], "texture": "#texture" },
				"south": { "uv": [ 4.96, 0.96, 7.04, 3.04 ], "texture": "#texture" },
				"west": { "uv": [ 4.96, 0.96, 7.04, 3.04 ], "texture": "#texture" },
				"east": { "uv": [ 4.96, 0.96, 7.04, 3.04 ], "texture": "#texture" }
			}
		},
		{
			"__comment": "Voxels-8EDEFF",
			"from": [ 19, 2, 9 ],
			"to": [ 20, 3, 13 ],
			"faces": {
				"down": { "uv": [ 8.96, 0.96, 11.04, 3.04 ], "texture": "#texture" },
				"up": { "uv": [ 8.96, 0.96, 11.04, 3.04 ], "texture": "#texture" },
				"north": { "uv": [ 8.96, 0.96, 11.04, 3.04 ], "texture": "#texture" },
				"south": { "uv": [ 8.96, 0.96, 11.04, 3.04 ], "texture": "#texture" },
				"west": { "uv": [ 8.96, 0.96, 11.04, 3.04 ], "texture": "#texture" },
				"east": { "uv": [ 8.96, 0.96, 11.04, 3.04 ], "texture": "#texture" }
			}
		},
		{
			"__comment": "Voxels-0F0F0F",
			"from": [ 19, 2, 13 ],
			"to": [ 20, 3, 16 ],
			"faces": {
				"down": { "uv": [ 12.96, 0.96, 15.04, 3.04 ], "texture": "#texture" },
				"up": { "uv": [ 12.96, 0.96, 15.04, 3.04 ], "texture": "#texture" },
				"north": { "uv": [ 12.96, 0.96, 15.04, 3.04 ], "texture": "#texture" },
				"south": { "uv": [ 12.96, 0.96, 15.04, 3.04 ], "texture": "#texture" },
				"west": { "uv": [ 12.96, 0.96, 15.04, 3.04 ], "texture": "#texture" },
				"east": { "uv": [ 12.96, 0.96, 15.04, 3.04 ], "texture": "#texture" }
			}
		},
		{
			"__comment": "Voxels-8EDEFF",
			"from": [ 19, 2, 16 ],
			"to": [ 20, 3, 19 ],
			"faces": {
				"down": { "uv": [ 8.96, 0.96, 11.04, 3.04 ], "texture": "#texture" },
				"up": { "uv": [ 8.96, 0.96, 11.04, 3.04 ], "texture": "#texture" },
				"north": { "uv": [ 8.96, 0.96, 11.04, 3.04 ], "texture": "#texture" },
				"south": { "uv": [ 8.96, 0.96, 11.04, 3.04 ], "texture": "#texture" },
				"west": { "uv": [ 8.96, 0.96, 11.04, 3.04 ], "texture": "#texture" },
				"east": { "uv": [ 8.96, 0.96, 11.04, 3.04 ], "texture": "#texture" }
			}
		},
		{
			"__comment": "Voxels-71D6FF",
			"from": [ 19, 2, 19 ],
			"to": [ 20, 3, 27 ],
			"faces": {
				"down": { "uv": [ 4.96, 4.96, 7.04, 7.04 ], "texture": "#texture" },
				"up": { "uv": [ 4.96, 4.96, 7.04, 7.04 ], "texture": "#texture" },
				"north": { "uv": [ 4.96, 4.96, 7.04, 7.04 ], "texture": "#texture" },
				"south": { "uv": [ 4.96, 4.96, 7.04, 7.04 ], "texture": "#texture" },
				"west": { "uv": [ 4.96, 4.96, 7.04, 7.04 ], "texture": "#texture" },
				"east": { "uv": [ 4.96, 4.96, 7.04, 7.04 ], "texture": "#texture" }
			}
		},
		{
			"__comment": "Voxels-8EDEFF",
			"from": [ 19, 3, 10 ],
			"to": [ 20, 4, 12 ],
			"faces": {
				"down": { "uv": [ 8.96, 0.96, 11.04, 3.04 ], "texture": "#texture" },
				"up": { "uv": [ 8.96, 0.96, 11.04, 3.04 ], "texture": "#texture" },
				"north": { "uv": [ 8.96, 0.96, 11.04, 3.04 ], "texture": "#texture" },
				"south": { "uv": [ 8.96, 0.96, 11.04, 3.04 ], "texture": "#texture" },
				"west": { "uv": [ 8.96, 0.96, 11.04, 3.04 ], "texture": "#texture" },
				"east": { "uv": [ 8.96, 0.96, 11.04, 3.04 ], "texture": "#texture" }
			}
		},
		{
			"__comment": "Voxels-0F0F0F",
			"from": [ 19, 3, 12 ],
			"to": [ 20, 4, 13 ],
			"faces": {
				"down": { "uv": [ 12.96, 0.96, 15.04, 3.04 ], "texture": "#texture" },
				"up": { "uv": [ 12.96, 0.96, 15.04, 3.04 ], "texture": "#texture" },
				"north": { "uv": [ 12.96, 0.96, 15.04, 3.04 ], "texture": "#texture" },
				"south": { "uv": [ 12.96, 0.96, 15.04, 3.04 ], "texture": "#texture" },
				"west": { "uv": [ 12.96, 0.96, 15.04, 3.04 ], "texture": "#texture" },
				"east": { "uv": [ 12.96, 0.96, 15.04, 3.04 ], "texture": "#texture" }
			}
		},
		{
			"__comment": "Voxels-8EDEFF",
			"from": [ 19, 3, 13 ],
			"to": [ 20, 4, 16 ],
			"faces": {
				"down": { "uv": [ 8.96, 0.96, 11.04, 3.04 ], "texture": "#texture" },
				"up": { "uv": [ 8.96, 0.96, 11.04, 3.04 ], "texture": "#texture" },
				"north": { "uv": [ 8.96, 0.96, 11.04, 3.04 ], "texture": "#texture" },
				"south": { "uv": [ 8.96, 0.96, 11.04, 3.04 ], "texture": "#texture" },
				"west": { "uv": [ 8.96, 0.96, 11.04, 3.04 ], "texture": "#texture" },
				"east": { "uv": [ 8.96, 0.96, 11.04, 3.04 ], "texture": "#texture" }
			}
		},
		{
			"__comment": "Voxels-0F0F0F",
			"from": [ 19, 3, 16 ],
			"to": [ 20, 5, 17 ],
			"faces": {
				"down": { "uv": [ 12.96, 0.96, 15.04, 3.04 ], "texture": "#texture" },
				"up": { "uv": [ 12.96, 0.96, 15.04, 3.04 ], "texture": "#texture" },
				"north": { "uv": [ 12.96, 0.96, 15.04, 3.04 ], "texture": "#texture" },
				"south": { "uv": [ 12.96, 0.96, 15.04, 3.04 ], "texture": "#texture" },
				"west": { "uv": [ 12.96, 0.96, 15.04, 3.04 ], "texture": "#texture" },
				"east": { "uv": [ 12.96, 0.96, 15.04, 3.04 ], "texture": "#texture" }
			}
		},
		{
			"__comment": "Voxels-0F0F0F",
			"from": [ 19, 3, 17 ],
			"to": [ 20, 4, 18 ],
			"faces": {
				"down": { "uv": [ 12.96, 0.96, 15.04, 3.04 ], "texture": "#texture" },
				"up": { "uv": [ 12.96, 0.96, 15.04, 3.04 ], "texture": "#texture" },
				"north": { "uv": [ 12.96, 0.96, 15.04, 3.04 ], "texture": "#texture" },
				"south": { "uv": [ 12.96, 0.96, 15.04, 3.04 ], "texture": "#texture" },
				"west": { "uv": [ 12.96, 0.96, 15.04, 3.04 ], "texture": "#texture" },
				"east": { "uv": [ 12.96, 0.96, 15.04, 3.04 ], "texture": "#texture" }
			}
		},
		{
			"__comment": "Voxels-8EDEFF",
			"from": [ 19, 3, 18 ],
			"to": [ 20, 7, 20 ],
			"faces": {
				"down": { "uv": [ 8.96, 0.96, 11.04, 3.04 ], "texture": "#texture" },
				"up": { "uv": [ 8.96, 0.96, 11.04, 3.04 ], "texture": "#texture" },
				"north": { "uv": [ 8.96, 0.96, 11.04, 3.04 ], "texture": "#texture" },
				"south": { "uv": [ 8.96, 0.96, 11.04, 3.04 ], "texture": "#texture" },
				"west": { "uv": [ 8.96, 0.96, 11.04, 3.04 ], "texture": "#texture" },
				"east": { "uv": [ 8.96, 0.96, 11.04, 3.04 ], "texture": "#texture" }
			}
		},
		{
			"__comment": "Voxels-71D6FF",
			"from": [ 19, 3, 20 ],
			"to": [ 20, 4, 27 ],
			"faces": {
				"down": { "uv": [ 4.96, 4.96, 7.04, 7.04 ], "texture": "#texture" },
				"up": { "uv": [ 4.96, 4.96, 7.04, 7.04 ], "texture": "#texture" },
				"north": { "uv": [ 4.96, 4.96, 7.04, 7.04 ], "texture": "#texture" },
				"south": { "uv": [ 4.96, 4.96, 7.04, 7.04 ], "texture": "#texture" },
				"west": { "uv": [ 4.96, 4.96, 7.04, 7.04 ], "texture": "#texture" },
				"east": { "uv": [ 4.96, 4.96, 7.04, 7.04 ], "texture": "#texture" }
			}
		},
		{
			"__comment": "Voxels-E5E5E5",
			"from": [ 19, 4, 10 ],
			"to": [ 20, 7, 11 ],
			"faces": {
				"down": { "uv": [ 4.96, 0.96, 7.04, 3.04 ], "texture": "#texture" },
				"up": { "uv": [ 4.96, 0.96, 7.04, 3.04 ], "texture": "#texture" },
				"north": { "uv": [ 4.96, 0.96, 7.04, 3.04 ], "texture": "#texture" },
				"south": { "uv": [ 4.96, 0.96, 7.04, 3.04 ], "texture": "#texture" },
				"west": { "uv": [ 4.96, 0.96, 7.04, 3.04 ], "texture": "#texture" },
				"east": { "uv": [ 4.96, 0.96, 7.04, 3.04 ], "texture": "#texture" }
			}
		},
		{
			"__comment": "Voxels-8EDEFF",
			"from": [ 19, 4, 11 ],
			"to": [ 20, 5, 13 ],
			"faces": {
				"down": { "uv": [ 8.96, 0.96, 11.04, 3.04 ], "texture": "#texture" },
				"up": { "uv": [ 8.96, 0.96, 11.04, 3.04 ], "texture": "#texture" },
				"north": { "uv": [ 8.96, 0.96, 11.04, 3.04 ], "texture": "#texture" },
				"south": { "uv": [ 8.96, 0.96, 11.04, 3.04 ], "texture": "#texture" },
				"west": { "uv": [ 8.96, 0.96, 11.04, 3.04 ], "texture": "#texture" },
				"east": { "uv": [ 8.96, 0.96, 11.04, 3.04 ], "texture": "#texture" }
			}
		},
		{
			"__comment": "Voxels-0F0F0F",
			"from": [ 19, 4, 13 ],
			"to": [ 20, 5, 14 ],
			"faces": {
				"down": { "uv": [ 12.96, 0.96, 15.04, 3.04 ], "texture": "#texture" },
				"up": { "uv": [ 12.96, 0.96, 15.04, 3.04 ], "texture": "#texture" },
				"north": { "uv": [ 12.96, 0.96, 15.04, 3.04 ], "texture": "#texture" },
				"south": { "uv": [ 12.96, 0.96, 15.04, 3.04 ], "texture": "#texture" },
				"west": { "uv": [ 12.96, 0.96, 15.04, 3.04 ], "texture": "#texture" },
				"east": { "uv": [ 12.96, 0.96, 15.04, 3.04 ], "texture": "#texture" }
			}
		},
		{
			"__comment": "Voxels-8EDEFF",
			"from": [ 19, 4, 14 ],
			"to": [ 20, 5, 16 ],
			"faces": {
				"down": { "uv": [ 8.96, 0.96, 11.04, 3.04 ], "texture": "#texture" },
				"up": { "uv": [ 8.96, 0.96, 11.04, 3.04 ], "texture": "#texture" },
				"north": { "uv": [ 8.96, 0.96, 11.04, 3.04 ], "texture": "#texture" },
				"south": { "uv": [ 8.96, 0.96, 11.04, 3.04 ], "texture": "#texture" },
				"west": { "uv": [ 8.96, 0.96, 11.04, 3.04 ], "texture": "#texture" },
				"east": { "uv": [ 8.96, 0.96, 11.04, 3.04 ], "texture": "#texture" }
			}
		},
		{
			"__comment": "Voxels-8EDEFF",
			"from": [ 19, 4, 17 ],
			"to": [ 20, 7, 18 ],
			"faces": {
				"down": { "uv": [ 8.96, 0.96, 11.04, 3.04 ], "texture": "#texture" },
				"up": { "uv": [ 8.96, 0.96, 11.04, 3.04 ], "texture": "#texture" },
				"north": { "uv": [ 8.96, 0.96, 11.04, 3.04 ], "texture": "#texture" },
				"south": { "uv": [ 8.96, 0.96, 11.04, 3.04 ], "texture": "#texture" },
				"west": { "uv": [ 8.96, 0.96, 11.04, 3.04 ], "texture": "#texture" },
				"east": { "uv": [ 8.96, 0.96, 11.04, 3.04 ], "texture": "#texture" }
			}
		},
		{
			"__comment": "Voxels-8EDEFF",
			"from": [ 19, 4, 20 ],
			"to": [ 20, 7, 21 ],
			"faces": {
				"down": { "uv": [ 8.96, 0.96, 11.04, 3.04 ], "texture": "#texture" },
				"up": { "uv": [ 8.96, 0.96, 11.04, 3.04 ], "texture": "#texture" },
				"north": { "uv": [ 8.96, 0.96, 11.04, 3.04 ], "texture": "#texture" },
				"south": { "uv": [ 8.96, 0.96, 11.04, 3.04 ], "texture": "#texture" },
				"west": { "uv": [ 8.96, 0.96, 11.04, 3.04 ], "texture": "#texture" },
				"east": { "uv": [ 8.96, 0.96, 11.04, 3.04 ], "texture": "#texture" }
			}
		},
		{
			"__comment": "Voxels-71D6FF",
			"from": [ 19, 4, 21 ],
			"to": [ 20, 5, 27 ],
			"faces": {
				"down": { "uv": [ 4.96, 4.96, 7.04, 7.04 ], "texture": "#texture" },
				"up": { "uv": [ 4.96, 4.96, 7.04, 7.04 ], "texture": "#texture" },
				"north": { "uv": [ 4.96, 4.96, 7.04, 7.04 ], "texture": "#texture" },
				"south": { "uv": [ 4.96, 4.96, 7.04, 7.04 ], "texture": "#texture" },
				"west": { "uv": [ 4.96, 4.96, 7.04, 7.04 ], "texture": "#texture" },
				"east": { "uv": [ 4.96, 4.96, 7.04, 7.04 ], "texture": "#texture" }
			}
		},
		{
			"__comment": "Voxels-E5E5E5",
			"from": [ 19, 5, 11 ],
			"to": [ 20, 7, 12 ],
			"faces": {
				"down": { "uv": [ 4.96, 0.96, 7.04, 3.04 ], "texture": "#texture" },
				"up": { "uv": [ 4.96, 0.96, 7.04, 3.04 ], "texture": "#texture" },
				"north": { "uv": [ 4.96, 0.96, 7.04, 3.04 ], "texture": "#texture" },
				"south": { "uv": [ 4.96, 0.96, 7.04, 3.04 ], "texture": "#texture" },
				"west": { "uv": [ 4.96, 0.96, 7.04, 3.04 ], "texture": "#texture" },
				"east": { "uv": [ 4.96, 0.96, 7.04, 3.04 ], "texture": "#texture" }
			}
		},
		{
			"__comment": "Voxels-8EDEFF",
			"from": [ 19, 5, 12 ],
			"to": [ 20, 6, 14 ],
			"faces": {
				"down": { "uv": [ 8.96, 0.96, 11.04, 3.04 ], "texture": "#texture" },
				"up": { "uv": [ 8.96, 0.96, 11.04, 3.04 ], "texture": "#texture" },
				"north": { "uv": [ 8.96, 0.96, 11.04, 3.04 ], "texture": "#texture" },
				"south": { "uv": [ 8.96, 0.96, 11.04, 3.04 ], "texture": "#texture" },
				"west": { "uv": [ 8.96, 0.96, 11.04, 3.04 ], "texture": "#texture" },
				"east": { "uv": [ 8.96, 0.96, 11.04, 3.04 ], "texture": "#texture" }
			}
		},
		{
			"__comment": "Voxels-0F0F0F",
			"from": [ 19, 5, 14 ],
			"to": [ 20, 6, 16 ],
			"faces": {
				"down": { "uv": [ 12.96, 0.96, 15.04, 3.04 ], "texture": "#texture" },
				"up": { "uv": [ 12.96, 0.96, 15.04, 3.04 ], "texture": "#texture" },
				"north": { "uv": [ 12.96, 0.96, 15.04, 3.04 ], "texture": "#texture" },
				"south": { "uv": [ 12.96, 0.96, 15.04, 3.04 ], "texture": "#texture" },
				"west": { "uv": [ 12.96, 0.96, 15.04, 3.04 ], "texture": "#texture" },
				"east": { "uv": [ 12.96, 0.96, 15.04, 3.04 ], "texture": "#texture" }
			}
		},
		{
			"__comment": "Voxels-8EDEFF",
			"from": [ 19, 5, 16 ],
			"to": [ 20, 7, 17 ],
			"faces": {
				"down": { "uv": [ 8.96, 0.96, 11.04, 3.04 ], "texture": "#texture" },
				"up": { "uv": [ 8.96, 0.96, 11.04, 3.04 ], "texture": "#texture" },
				"north": { "uv": [ 8.96, 0.96, 11.04, 3.04 ], "texture": "#texture" },
				"south": { "uv": [ 8.96, 0.96, 11.04, 3.04 ], "texture": "#texture" },
				"west": { "uv": [ 8.96, 0.96, 11.04, 3.04 ], "texture": "#texture" },
				"east": { "uv": [ 8.96, 0.96, 11.04, 3.04 ], "texture": "#texture" }
			}
		},
		{
			"__comment": "Voxels-8EDEFF",
			"from": [ 19, 5, 21 ],
			"to": [ 20, 7, 22 ],
			"faces": {
				"down": { "uv": [ 8.96, 0.96, 11.04, 3.04 ], "texture": "#texture" },
				"up": { "uv": [ 8.96, 0.96, 11.04, 3.04 ], "texture": "#texture" },
				"north": { "uv": [ 8.96, 0.96, 11.04, 3.04 ], "texture": "#texture" },
				"south": { "uv": [ 8.96, 0.96, 11.04, 3.04 ], "texture": "#texture" },
				"west": { "uv": [ 8.96, 0.96, 11.04, 3.04 ], "texture": "#texture" },
				"east": { "uv": [ 8.96, 0.96, 11.04, 3.04 ], "texture": "#texture" }
			}
		},
		{
			"__comment": "Voxels-71D6FF",
			"from": [ 19, 5, 22 ],
			"to": [ 20, 6, 27 ],
			"faces": {
				"down": { "uv": [ 4.96, 4.96, 7.04, 7.04 ], "texture": "#texture" },
				"up": { "uv": [ 4.96, 4.96, 7.04, 7.04 ], "texture": "#texture" },
				"north": { "uv": [ 4.96, 4.96, 7.04, 7.04 ], "texture": "#texture" },
				"south": { "uv": [ 4.96, 4.96, 7.04, 7.04 ], "texture": "#texture" },
				"west": { "uv": [ 4.96, 4.96, 7.04, 7.04 ], "texture": "#texture" },
				"east": { "uv": [ 4.96, 4.96, 7.04, 7.04 ], "texture": "#texture" }
			}
		},
		{
			"__comment": "Voxels-E5E5E5",
			"from": [ 19, 6, 12 ],
			"to": [ 20, 7, 13 ],
			"faces": {
				"down": { "uv": [ 4.96, 0.96, 7.04, 3.04 ], "texture": "#texture" },
				"up": { "uv": [ 4.96, 0.96, 7.04, 3.04 ], "texture": "#texture" },
				"north": { "uv": [ 4.96, 0.96, 7.04, 3.04 ], "texture": "#texture" },
				"south": { "uv": [ 4.96, 0.96, 7.04, 3.04 ], "texture": "#texture" },
				"west": { "uv": [ 4.96, 0.96, 7.04, 3.04 ], "texture": "#texture" },
				"east": { "uv": [ 4.96, 0.96, 7.04, 3.04 ], "texture": "#texture" }
			}
		},
		{
			"__comment": "Voxels-8EDEFF",
			"from": [ 19, 6, 13 ],
			"to": [ 20, 7, 16 ],
			"faces": {
				"down": { "uv": [ 8.96, 0.96, 11.04, 3.04 ], "texture": "#texture" },
				"up": { "uv": [ 8.96, 0.96, 11.04, 3.04 ], "texture": "#texture" },
				"north": { "uv": [ 8.96, 0.96, 11.04, 3.04 ], "texture": "#texture" },
				"south": { "uv": [ 8.96, 0.96, 11.04, 3.04 ], "texture": "#texture" },
				"west": { "uv": [ 8.96, 0.96, 11.04, 3.04 ], "texture": "#texture" },
				"east": { "uv": [ 8.96, 0.96, 11.04, 3.04 ], "texture": "#texture" }
			}
		},
		{
			"__comment": "Voxels-8EDEFF",
			"from": [ 19, 6, 22 ],
			"to": [ 20, 7, 23 ],
			"faces": {
				"down": { "uv": [ 8.96, 0.96, 11.04, 3.04 ], "texture": "#texture" },
				"up": { "uv": [ 8.96, 0.96, 11.04, 3.04 ], "texture": "#texture" },
				"north": { "uv": [ 8.96, 0.96, 11.04, 3.04 ], "texture": "#texture" },
				"south": { "uv": [ 8.96, 0.96, 11.04, 3.04 ], "texture": "#texture" },
				"west": { "uv": [ 8.96, 0.96, 11.04, 3.04 ], "texture": "#texture" },
				"east": { "uv": [ 8.96, 0.96, 11.04, 3.04 ], "texture": "#texture" }
			}
		},
		{
			"__comment": "Voxels-71D6FF",
			"from": [ 19, 6, 23 ],
			"to": [ 20, 7, 27 ],
			"faces": {
				"down": { "uv": [ 4.96, 4.96, 7.04, 7.04 ], "texture": "#texture" },
				"up": { "uv": [ 4.96, 4.96, 7.04, 7.04 ], "texture": "#texture" },
				"north": { "uv": [ 4.96, 4.96, 7.04, 7.04 ], "texture": "#texture" },
				"south": { "uv": [ 4.96, 4.96, 7.04, 7.04 ], "texture": "#texture" },
				"west": { "uv": [ 4.96, 4.96, 7.04, 7.04 ], "texture": "#texture" },
				"east": { "uv": [ 4.96, 4.96, 7.04, 7.04 ], "texture": "#texture" }
			}
		},
		{
			"__comment": "Voxels-E5E5E5",
			"from": [ 19, 16, 1 ],
			"to": [ 20, 18, 4 ],
			"faces": {
				"down": { "uv": [ 4.96, 0.96, 7.04, 3.04 ], "texture": "#texture" },
				"up": { "uv": [ 4.96, 0.96, 7.04, 3.04 ], "texture": "#texture" },
				"north": { "uv": [ 4.96, 0.96, 7.04, 3.04 ], "texture": "#texture" },
				"south": { "uv": [ 4.96, 0.96, 7.04, 3.04 ], "texture": "#texture" },
				"west": { "uv": [ 4.96, 0.96, 7.04, 3.04 ], "texture": "#texture" },
				"east": { "uv": [ 4.96, 0.96, 7.04, 3.04 ], "texture": "#texture" }
			}
		},
		{
			"__comment": "Voxels-E5E5E5",
			"from": [ -3, 7, -4 ],
			"to": [ 1, 12, -2 ],
			"faces": {
				"down": { "uv": [ 4.96, 0.96, 7.04, 3.04 ], "texture": "#texture" },
				"up": { "uv": [ 4.96, 0.96, 7.04, 3.04 ], "texture": "#texture" },
				"north": { "uv": [ 4.96, 0.96, 7.04, 3.04 ], "texture": "#texture" },
				"south": { "uv": [ 4.96, 0.96, 7.04, 3.04 ], "texture": "#texture" },
				"west": { "uv": [ 4.96, 0.96, 7.04, 3.04 ], "texture": "#texture" },
				"east": { "uv": [ 4.96, 0.96, 7.04, 3.04 ], "texture": "#texture" }
			}
		},
		{
			"__comment": "Voxels-E5E5E5",
			"from": [ 16, 8, -5 ],
			"to": [ 19, 13, -3 ],
			"faces": {
				"down": { "uv": [ 4.96, 0.96, 7.04, 3.04 ], "texture": "#texture" },
				"up": { "uv": [ 4.96, 0.96, 7.04, 3.04 ], "texture": "#texture" },
				"north": { "uv": [ 4.96, 0.96, 7.04, 3.04 ], "texture": "#texture" },
				"south": { "uv": [ 4.96, 0.96, 7.04, 3.04 ], "texture": "#texture" },
				"west": { "uv": [ 4.96, 0.96, 7.04, 3.04 ], "texture": "#texture" },
				"east": { "uv": [ 4.96, 0.96, 7.04, 3.04 ], "texture": "#texture" }
			}
		},
		{
			"__comment": "Voxels-3A84FF",
			"from": [ -2, 9, -11 ],
			"to": [ 18, 20, -9 ],
			"rotation": { "origin": [ -2, 9, -11 ], "axis": "x", "angle": 45 },
			"faces": {
				"down": { "uv": [ 12.96, 4.96, 15.04, 7.04 ], "texture": "#texture" },
				"up": { "uv": [ 12.96, 4.96, 15.04, 7.04 ], "texture": "#texture" },
				"north": { "uv": [ 12.96, 4.96, 15.04, 7.04 ], "texture": "#texture" },
				"south": { "uv": [ 12.96, 4.96, 15.04, 7.04 ], "texture": "#texture" },
				"west": { "uv": [ 12.96, 4.96, 15.04, 7.04 ], "texture": "#texture" },
				"east": { "uv": [ 12.96, 4.96, 15.04, 7.04 ], "texture": "#texture" }
			}
		},
		{
			"__comment": "Voxels-E5E5E5",
			"from": [ -3, 14, -8 ],
			"to": [ 19, 15, 2 ],
			"rotation": { "origin": [ -3, 14, -8 ], "axis": "x", "angle": -22.5 },
			"faces": {
				"down": { "uv": [ 4.96, 0.96, 7.04, 3.04 ], "texture": "#texture" },
				"up": { "uv": [ 4.96, 0.96, 7.04, 3.04 ], "texture": "#texture" },
				"north": { "uv": [ 4.96, 0.96, 7.04, 3.04 ], "texture": "#texture" },
				"south": { "uv": [ 4.96, 0.96, 7.04, 3.04 ], "texture": "#texture" },
				"west": { "uv": [ 4.96, 0.96, 7.04, 3.04 ], "texture": "#texture" },
				"east": { "uv": [ 4.96, 0.96, 7.04, 3.04 ], "texture": "#texture" }
			}
		}
	],
	"display": {
		"thirdperson_righthand": {
			"scale":  [ 0.2, 0.2, 0.2 ]
		},
		"thirdperson_lefthand": {
			"scale":  [ 0.2, 0.2, 0.2 ]
		},
		"firstperson_righthand": {
			"scale":  [ 0.3, 0.3, 0.3 ]
		},
		"firstperson_lefthand": {
			"scale":  [ 0.3, 0.3, 0.3 ]
		},
		"gui": {
			"scale":  [ 0.6, 0.6, 0.6 ]
		},
		"head": {
			"translation":  [ 0, -22.26, 0 ],
			"scale":  [ 3, 3, 3 ]
		}
	}
}