{
	"credit": "Made with Blockbench",
	"textures": {
		"particle": "items/medpole",
		"texture": "items/medpole"
	},
	"elements": [
		{
			"name": "Voxels-FFFFFF",
			"from": [7, 17, 8],
			"to": [10, 19, 9],
			"faces": {
				"north": {"uv": [8.96, 0.96, 11.04, 3.04], "texture": "#texture"},
				"east": {"uv": [8.96, 0.96, 11.04, 3.04], "texture": "#texture"},
				"south": {"uv": [8.96, 0.96, 11.04, 3.04], "texture": "#texture"},
				"west": {"uv": [8.96, 0.96, 11.04, 3.04], "texture": "#texture"},
				"up": {"uv": [8.96, 0.96, 11.04, 3.04], "texture": "#texture"},
				"down": {"uv": [8.96, 0.96, 11.04, 3.04], "texture": "#texture"}
			}
		},
		{
			"name": "Voxels-FFFFFF",
			"from": [7, 18, 7],
			"to": [10, 19, 8],
			"faces": {
				"north": {"uv": [8.96, 0.96, 11.04, 3.04], "texture": "#texture"},
				"east": {"uv": [8.96, 0.96, 11.04, 3.04], "texture": "#texture"},
				"south": {"uv": [8.96, 0.96, 11.04, 3.04], "texture": "#texture"},
				"west": {"uv": [8.96, 0.96, 11.04, 3.04], "texture": "#texture"},
				"up": {"uv": [8.96, 0.96, 11.04, 3.04], "texture": "#texture"},
				"down": {"uv": [8.96, 0.96, 11.04, 3.04], "texture": "#texture"}
			}
		},
		{
			"name": "Voxels-FFFFFF",
			"from": [7, 18, 9],
			"to": [10, 19, 10],
			"faces": {
				"north": {"uv": [8.96, 0.96, 11.04, 3.04], "texture": "#texture"},
				"east": {"uv": [8.96, 0.96, 11.04, 3.04], "texture": "#texture"},
				"south": {"uv": [8.96, 0.96, 11.04, 3.04], "texture": "#texture"},
				"west": {"uv": [8.96, 0.96, 11.04, 3.04], "texture": "#texture"},
				"up": {"uv": [8.96, 0.96, 11.04, 3.04], "texture": "#texture"},
				"down": {"uv": [8.96, 0.96, 11.04, 3.04], "texture": "#texture"}
			}
		},
		{
			"name": "Voxels-B70000",
			"from": [7, 19, 7],
			"to": [10, 20, 10],
			"faces": {
				"north": {"uv": [12.96, 0.96, 15.04, 3.04], "texture": "#texture"},
				"east": {"uv": [12.96, 0.96, 15.04, 3.04], "texture": "#texture"},
				"south": {"uv": [12.96, 0.96, 15.04, 3.04], "texture": "#texture"},
				"west": {"uv": [12.96, 0.96, 15.04, 3.04], "texture": "#texture"},
				"up": {"uv": [12.96, 0.96, 15.04, 3.04], "texture": "#texture"},
				"down": {"uv": [12.96, 0.96, 15.04, 3.04], "texture": "#texture"}
			}
		},
		{
			"name": "Voxels-B70000",
			"from": [7, 20, 8],
			"to": [10, 21, 9],
			"faces": {
				"north": {"uv": [12.96, 0.96, 15.04, 3.04], "texture": "#texture"},
				"east": {"uv": [12.96, 0.96, 15.04, 3.04], "texture": "#texture"},
				"south": {"uv": [12.96, 0.96, 15.04, 3.04], "texture": "#texture"},
				"west": {"uv": [12.96, 0.96, 15.04, 3.04], "texture": "#texture"},
				"up": {"uv": [12.96, 0.96, 15.04, 3.04], "texture": "#texture"},
				"down": {"uv": [12.96, 0.96, 15.04, 3.04], "texture": "#texture"}
			}
		},
		{
			"name": "Voxels-7C7C7C",
			"from": [8, -13, 8],
			"to": [9, 16, 9],
			"faces": {
				"north": {"uv": [4.96, 0.96, 7.04, 3.04], "texture": "#texture"},
				"east": {"uv": [4.96, 0.96, 7.04, 3.04], "texture": "#texture"},
				"south": {"uv": [4.96, 0.96, 7.04, 3.04], "texture": "#texture"},
				"west": {"uv": [4.96, 0.96, 7.04, 3.04], "texture": "#texture"},
				"up": {"uv": [4.96, 0.96, 7.04, 3.04], "texture": "#texture"},
				"down": {"uv": [4.96, 0.96, 7.04, 3.04], "texture": "#texture"}
			}
		},
		{
			"name": "Voxels-FFFFFF",
			"from": [8, 16, 8],
			"to": [9, 17, 9],
			"faces": {
				"north": {"uv": [8.96, 0.96, 11.04, 3.04], "texture": "#texture"},
				"east": {"uv": [8.96, 0.96, 11.04, 3.04], "texture": "#texture"},
				"south": {"uv": [8.96, 0.96, 11.04, 3.04], "texture": "#texture"},
				"west": {"uv": [8.96, 0.96, 11.04, 3.04], "texture": "#texture"},
				"up": {"uv": [8.96, 0.96, 11.04, 3.04], "texture": "#texture"},
				"down": {"uv": [8.96, 0.96, 11.04, 3.04], "texture": "#texture"}
			}
		},
		{
			"name": "Voxels-FFFFFF",
			"from": [8, 17, 7],
			"to": [9, 18, 8],
			"faces": {
				"north": {"uv": [8.96, 0.96, 11.04, 3.04], "texture": "#texture"},
				"east": {"uv": [8.96, 0.96, 11.04, 3.04], "texture": "#texture"},
				"south": {"uv": [8.96, 0.96, 11.04, 3.04], "texture": "#texture"},
				"west": {"uv": [8.96, 0.96, 11.04, 3.04], "texture": "#texture"},
				"up": {"uv": [8.96, 0.96, 11.04, 3.04], "texture": "#texture"},
				"down": {"uv": [8.96, 0.96, 11.04, 3.04], "texture": "#texture"}
			}
		},
		{
			"name": "Voxels-FFFFFF",
			"from": [8, 17, 9],
			"to": [9, 18, 10],
			"faces": {
				"north": {"uv": [8.96, 0.96, 11.04, 3.04], "texture": "#texture"},
				"east": {"uv": [8.96, 0.96, 11.04, 3.04], "texture": "#texture"},
				"south": {"uv": [8.96, 0.96, 11.04, 3.04], "texture": "#texture"},
				"west": {"uv": [8.96, 0.96, 11.04, 3.04], "texture": "#texture"},
				"up": {"uv": [8.96, 0.96, 11.04, 3.04], "texture": "#texture"},
				"down": {"uv": [8.96, 0.96, 11.04, 3.04], "texture": "#texture"}
			}
		},
		{
			"name": "Voxels-B70000",
			"from": [8, 20, 7],
			"to": [9, 21, 8],
			"faces": {
				"north": {"uv": [12.96, 0.96, 15.04, 3.04], "texture": "#texture"},
				"east": {"uv": [12.96, 0.96, 15.04, 3.04], "texture": "#texture"},
				"south": {"uv": [12.96, 0.96, 15.04, 3.04], "texture": "#texture"},
				"west": {"uv": [12.96, 0.96, 15.04, 3.04], "texture": "#texture"},
				"up": {"uv": [12.96, 0.96, 15.04, 3.04], "texture": "#texture"},
				"down": {"uv": [12.96, 0.96, 15.04, 3.04], "texture": "#texture"}
			}
		},
		{
			"name": "Voxels-B70000",
			"from": [8, 20, 9],
			"to": [9, 21, 10],
			"faces": {
				"north": {"uv": [12.96, 0.96, 15.04, 3.04], "texture": "#texture"},
				"east": {"uv": [12.96, 0.96, 15.04, 3.04], "texture": "#texture"},
				"south": {"uv": [12.96, 0.96, 15.04, 3.04], "texture": "#texture"},
				"west": {"uv": [12.96, 0.96, 15.04, 3.04], "texture": "#texture"},
				"up": {"uv": [12.96, 0.96, 15.04, 3.04], "texture": "#texture"},
				"down": {"uv": [12.96, 0.96, 15.04, 3.04], "texture": "#texture"}
			}
		}
	],
	"display": {
		"thirdperson_righthand": {
			"rotation": [-16, 0, 0],
			"translation": [-0.692, 58.433, -15.99],
			"scale": [2, 3, 2]
		},
		"thirdperson_lefthand": {
			"rotation": [-16, 0, 0],
			"translation": [0.6973, 50.782, -13.91],
			"scale": [2, 3, 2]
		},
		"gui": {
			"rotation": [0, 0, 45],
			"translation": [-2.086, 2.0879, 3.4787],
			"scale": [0.5913, 0.6607, 0.279]
		},
		"head": {
			"translation": [0, -19.47, -0.695]
		}
	}
}