{
	"credit": "Made with Blockbench",
	"textures": {
		"cake_bottom": "items/penguin1",
		"coal_block": "items/penguin2",
		"quartz_block_top": "items/penguin3",
		"head": "items/face"
	},
	"elements": [
		{
			"from": [6.5, 0, 6],
			"to": [7.5, 0.5, 9.5],
			"faces": {
				"north": {"uv": [7, 8, 8, 9], "texture": "#cake_bottom"},
				"east": {"uv": [5, 13, 7, 14], "texture": "#cake_bottom"},
				"south": {"uv": [6, 13, 7, 14], "texture": "#cake_bottom"},
				"west": {"uv": [8, 13, 10, 14], "texture": "#cake_bottom"},
				"up": {"uv": [7, 8.5, 8, 10.5], "texture": "#cake_bottom"},
				"down": {"uv": [10, 10, 9, 8], "texture": "#cake_bottom"}
			}
		},
		{
			"from": [8.5, 0, 6],
			"to": [9.5, 0.5, 9.5],
			"faces": {
				"north": {"uv": [9, 13, 10, 14], "texture": "#cake_bottom"},
				"east": {"uv": [5, 13, 7, 14], "texture": "#cake_bottom"},
				"south": {"uv": [6, 13, 7, 14], "texture": "#cake_bottom"},
				"west": {"uv": [8, 13, 10, 14], "texture": "#cake_bottom"},
				"up": {"uv": [7, 8, 8, 10], "texture": "#cake_bottom"},
				"down": {"uv": [10, 10, 9, 8], "texture": "#cake_bottom"}
			}
		},
		{
			"from": [6, 0.5, 6.5],
			"to": [10, 7.5, 10],
			"faces": {
				"north": {"uv": [3.5, 4.5, 7.5, 11.5], "texture": "#quartz_block_top"},
				"east": {"uv": [4, 8, 7.5, 15], "texture": "#coal_block"},
				"south": {"uv": [6, 8, 10, 15], "texture": "#coal_block"},
				"west": {"uv": [8.5, 8, 12, 15], "texture": "#coal_block"},
				"up": {"uv": [6, 8.5, 10, 12], "texture": "#coal_block"},
				"down": {"uv": [8, 9, 4, 5.5], "texture": "#quartz_block_top"}
			}
		},
		{
			"from": [7, 1, 8.94134],
			"to": [9, 1.5, 10.9413],
			"rotation": {"angle": 22.5, "axis": "x", "origin": [7, 1.5, 8.94134]},
			"faces": {
				"north": {"uv": [7, 13.5, 9, 14], "texture": "#coal_block"},
				"east": {"uv": [2.5, 13.5, 4, 14], "texture": "#coal_block"},
				"south": {"uv": [7, 13.5, 9, 14], "texture": "#coal_block"},
				"west": {"uv": [12, 13.5, 13.5, 14], "texture": "#coal_block"},
				"up": {"uv": [7, 12, 9, 13.5], "texture": "#coal_block"},
				"down": {"uv": [9, 13.5, 7, 12], "texture": "#coal_block"}
			}
		},
		{
			"from": [6.5, 7.5, 6.5],
			"to": [9.5, 10.5, 10],
			"faces": {
				"north": {"uv": [0, 0, 16, 16], "texture": "#head"},
				"east": {"uv": [6, 5.5, 9.5, 8.5], "texture": "#coal_block"},
				"south": {"uv": [6.5, 5.5, 9.5, 8.5], "texture": "#coal_block"},
				"west": {"uv": [6.5, 5.5, 10, 8.5], "texture": "#coal_block"},
				"up": {"uv": [6.5, 6.5, 9.5, 10], "texture": "#coal_block"}
			}
		},
		{
			"from": [7, 8, 5.5],
			"to": [9, 8.5, 7],
			"faces": {
				"north": {"uv": [7, 8, 8, 9], "texture": "#cake_bottom"},
				"east": {"uv": [5, 13, 7, 14], "texture": "#cake_bottom"},
				"south": {"uv": [6, 13, 7, 14], "texture": "#cake_bottom"},
				"west": {"uv": [8, 13, 10, 14], "texture": "#cake_bottom"},
				"up": {"uv": [7, 8.5, 8, 10.5], "texture": "#cake_bottom"},
				"down": {"uv": [10, 10, 9, 8], "texture": "#cake_bottom"}
			}
		},
		{
			"from": [5.5, 1.3125, 6.75],
			"to": [6, 6.3125, 9.25],
			"rotation": {"angle": -22.5, "axis": "x", "origin": [5.5, 6.3125, 6.75]},
			"faces": {
				"north": {"uv": [10, 8, 10.5, 13], "texture": "#coal_block"},
				"south": {"uv": [5.5, 8, 6, 13], "texture": "#coal_block"},
				"west": {"uv": [7, 8, 9.5, 13], "texture": "#coal_block"},
				"up": {"uv": [5.5, 7, 6, 9.5], "texture": "#coal_block"},
				"down": {"uv": [10.5, 9.5, 10, 7], "texture": "#coal_block"}
			}
		},
		{
			"from": [10, 1.3125, 6.75],
			"to": [10.5, 6.3125, 9.25],
			"rotation": {"angle": -22.5, "axis": "x", "origin": [10, 6.3125, 6.75]},
			"faces": {
				"north": {"uv": [10, 8, 10.5, 13], "texture": "#coal_block"},
				"east": {"uv": [6.5, 8, 9, 13], "texture": "#coal_block"},
				"south": {"uv": [5.5, 8, 6, 13], "texture": "#coal_block"},
				"up": {"uv": [5.5, 7, 6, 9.5], "texture": "#coal_block"},
				"down": {"uv": [10.5, 9.5, 10, 7], "texture": "#coal_block"}
			}
		}
	],
	"display": {
		"thirdperson_righthand": {
			"translation": [0, 3.21, -1.51]
		},
		"thirdperson_lefthand": {
			"translation": [0, 3.21, 1]
		},
		"firstperson_righthand": {
			"rotation": [0, 30, 0],
			"translation": [-1.51, 3.59, 0]
		},
		"firstperson_lefthand": {
			"rotation": [0, 30, 0],
			"translation": [1.7, 3.59, 0]
		},
		"gui": {
			"rotation": [0, 180, 0]
		},
		"head": {
			"translation": [0, 14.37, -0.25]
		},
		"fixed": {
			"translation": [0, 2.83, 0],
			"scale": [1.51, 1.51, 1.51]
		}
	}
}