{
    "__comment": "Model generated using MrCrayfish's Model Creator (http://mrcrayfish.com/modelcreator/)",
    "textures": {
        "0": "blocks/planks_spruce",
        "1": "blocks/stone_granite_smooth",
        "2": "blocks/anvil_base",
        "3": "blocks/wool_colored_silver",
        "4": "blocks/wool_colored_gray",
        "5": "blocks/wool_colored_blue",
        "6": "blocks/hardened_clay_stained_lime"
    },
    "elements": [
        {
            "name": "base1",
            "from": [ 0.0, 0.0, 0.0 ], 
            "to": [ 1.0, 1.0, 16.0 ], 
            "faces": {
                "north": { "texture": "#0", "uv": [ 2.0, 6.0, 11.0, 7.0 ] },
                "east": { "texture": "#0", "uv": [ 0.0, 1.0, 16.0, 2.0 ] },
                "south": { "texture": "#0", "uv": [ 1.0, 6.0, 12.0, 7.0 ] },
                "west": { "texture": "#0", "uv": [ 0.0, 2.0, 16.0, 3.0 ] },
                "up": { "texture": "#0", "uv": [ 3.0, 2.0, 13.0, 3.0 ] },
                "down": { "texture": "#0", "uv": [ 4.0, 1.0, 8.0, 1.0 ] }
            }
        },
        {
            "name": "base2",
            "from": [ 1.0, 0.0, 15.0 ], 
            "to": [ 12.0, 1.0, 16.0 ], 
            "faces": {
                "north": { "texture": "#0", "uv": [ 2.0, 1.0, 13.0, 2.0 ] },
                "east": { "texture": "#0", "uv": [ 7.0, 6.0, 8.0, 7.0 ] },
                "south": { "texture": "#0", "uv": [ 2.0, 6.0, 13.0, 7.0 ] },
                "west": { "texture": "#0", "uv": [ 5.0, 5.0, 6.0, 6.0 ] },
                "up": { "texture": "#0", "uv": [ 3.0, 2.0, 13.0, 3.0 ] },
                "down": { "texture": "#0", "uv": [ 0.0, 0.0, 11.0, 1.0 ] }
            }
        },
        {
            "name": "base3",
            "from": [ 12.0, 0.0, 0.0 ], 
            "to": [ 13.0, 1.0, 16.0 ], 
            "faces": {
                "north": { "texture": "#0", "uv": [ 3.0, 6.0, 14.0, 7.0 ] },
                "east": { "texture": "#0", "uv": [ 1.0, 6.0, 2.0, 7.0 ] },
                "south": { "texture": "#0", "uv": [ 2.0, 6.0, 12.0, 7.0 ] },
                "west": { "texture": "#0", "uv": [ 0.0, 0.0, 16.0, 1.0 ] },
                "up": { "texture": "#0", "uv": [ 6.0, 2.0, 15.0, 1.0 ] },
                "down": { "texture": "#0", "uv": [ 5.0, 5.0, 10.0, 7.0 ] }
            }
        },
        {
            "name": "base4",
            "from": [ 1.0, 0.0, 0.0 ], 
            "to": [ 2.0, 5.0, 15.0 ], 
            "faces": {
                "north": { "texture": "#0", "uv": [ 0.0, 0.0, 1.0, 5.0 ] },
                "east": { "texture": "#0", "uv": [ 0.0, 0.0, 15.0, 5.0 ] },
                "south": { "texture": "#0", "uv": [ 0.0, 0.0, 1.0, 5.0 ] },
                "west": { "texture": "#0", "uv": [ 0.0, 0.0, 15.0, 5.0 ] },
                "up": { "texture": "#0", "uv": [ 0.0, 0.0, 1.0, 15.0 ] },
                "down": { "texture": "#0", "uv": [ 0.0, 0.0, 1.0, 15.0 ] }
            }
        },
        {
            "name": "base5",
            "from": [ 11.0, 0.0, 0.0 ], 
            "to": [ 12.0, 5.0, 15.0 ], 
            "faces": {
                "north": { "texture": "#0", "uv": [ 0.0, 0.0, 1.0, 5.0 ] },
                "east": { "texture": "#0", "uv": [ 0.0, 0.0, 15.0, 5.0 ] },
                "south": { "texture": "#0", "uv": [ 0.0, 0.0, 1.0, 5.0 ] },
                "west": { "texture": "#0", "uv": [ 0.0, 0.0, 15.0, 5.0 ] },
                "up": { "texture": "#0", "uv": [ 0.0, 0.0, 1.0, 15.0 ] },
                "down": { "texture": "#0", "uv": [ 0.0, 0.0, 1.0, 15.0 ] }
            }
        },
        {
            "name": "base6",
            "from": [ 2.0, 0.0, 14.0 ], 
            "to": [ 11.0, 5.0, 15.0 ], 
            "faces": {
                "north": { "texture": "#0", "uv": [ 0.0, 0.0, 9.0, 5.0 ] },
                "east": { "texture": "#0", "uv": [ 0.0, 0.0, 1.0, 5.0 ] },
                "south": { "texture": "#0", "uv": [ 0.0, 0.0, 9.0, 5.0 ] },
                "west": { "texture": "#0", "uv": [ 0.0, 0.0, 1.0, 5.0 ] },
                "up": { "texture": "#0", "uv": [ 0.0, 0.0, 9.0, 1.0 ] },
                "down": { "texture": "#0", "uv": [ 0.0, 0.0, 9.0, 1.0 ] }
            }
        },
        {
            "name": "base7",
            "from": [ 0.0, 4.0, 0.0 ], 
            "to": [ 1.0, 5.0, 16.0 ], 
            "faces": {
                "north": { "texture": "#0", "uv": [ 2.0, 6.0, 11.0, 7.0 ] },
                "east": { "texture": "#0", "uv": [ 0.0, 1.0, 16.0, 2.0 ] },
                "south": { "texture": "#0", "uv": [ 1.0, 6.0, 12.0, 7.0 ] },
                "west": { "texture": "#0", "uv": [ 0.0, 2.0, 16.0, 3.0 ] },
                "up": { "texture": "#0", "uv": [ 3.0, 2.0, 13.0, 3.0 ] },
                "down": { "texture": "#0", "uv": [ 4.0, 1.0, 8.0, 1.0 ] }
            }
        },
        {
            "name": "base8",
            "from": [ 1.0, 4.0, 15.0 ], 
            "to": [ 12.0, 5.0, 16.0 ], 
            "faces": {
                "north": { "texture": "#0", "uv": [ 2.0, 1.0, 13.0, 2.0 ] },
                "east": { "texture": "#0", "uv": [ 7.0, 6.0, 8.0, 7.0 ] },
                "south": { "texture": "#0", "uv": [ 2.0, 6.0, 13.0, 7.0 ] },
                "west": { "texture": "#0", "uv": [ 5.0, 5.0, 6.0, 6.0 ] },
                "up": { "texture": "#0", "uv": [ 3.0, 2.0, 13.0, 3.0 ] },
                "down": { "texture": "#0", "uv": [ 1.0, 2.0, 12.0, 3.0 ] }
            }
        },
        {
            "name": "base9",
            "from": [ 12.0, 4.0, 0.0 ], 
            "to": [ 13.0, 5.0, 16.0 ], 
            "faces": {
                "north": { "texture": "#0", "uv": [ 3.0, 6.0, 14.0, 7.0 ] },
                "east": { "texture": "#0", "uv": [ 1.0, 6.0, 2.0, 7.0 ] },
                "south": { "texture": "#0", "uv": [ 2.0, 6.0, 12.0, 7.0 ] },
                "west": { "texture": "#0", "uv": [ 0.0, 0.0, 16.0, 1.0 ] },
                "up": { "texture": "#0", "uv": [ 6.0, 2.0, 15.0, 1.0 ] },
                "down": { "texture": "#0", "uv": [ 5.0, 5.0, 10.0, 7.0 ] }
            }
        },
        {
            "name": "counter1",
            "from": [ 0.0, 5.0, 0.0 ], 
            "to": [ 2.0, 5.3, 16.0 ], 
            "faces": {
                "north": { "texture": "#1", "uv": [ 0.0, 0.0, 2.0, 0.3 ] },
                "east": { "texture": "#1", "uv": [ 0.0, 0.0, 16.0, 0.3 ] },
                "south": { "texture": "#1", "uv": [ 0.0, 0.0, 2.0, 0.3 ] },
                "west": { "texture": "#1", "uv": [ 0.0, 0.0, 16.0, 0.3 ] },
                "up": { "texture": "#1", "uv": [ 0.0, 0.0, 2.0, 16.0 ] },
                "down": { "texture": "#1", "uv": [ 0.0, 0.0, 2.0, 16.0 ] }
            }
        },
        {
            "name": "counter2",
            "from": [ 11.0, 5.0, 0.0 ], 
            "to": [ 13.0, 5.3, 16.0 ], 
            "faces": {
                "north": { "texture": "#1", "uv": [ 0.0, 0.0, 2.0, 0.3 ] },
                "east": { "texture": "#1", "uv": [ 0.0, 0.0, 16.0, 0.3 ] },
                "south": { "texture": "#1", "uv": [ 0.0, 0.0, 2.0, 0.3 ] },
                "west": { "texture": "#1", "uv": [ 0.0, 0.0, 16.0, 0.3 ] },
                "up": { "texture": "#1", "uv": [ 0.0, 0.0, 2.0, 16.0 ] },
                "down": { "texture": "#1", "uv": [ 0.0, 0.0, 2.0, 16.0 ] }
            }
        },
        {
            "name": "counter3",
            "from": [ 2.0, 5.0, 14.0 ], 
            "to": [ 11.0, 5.3, 16.0 ], 
            "faces": {
                "north": { "texture": "#1", "uv": [ 0.0, 0.0, 9.0, 0.30000000000000004 ] },
                "east": { "texture": "#1", "uv": [ 0.0, 0.0, 2.0, 0.30000000000000004 ] },
                "south": { "texture": "#1", "uv": [ 0.0, 0.0, 9.0, 0.30000000000000004 ] },
                "west": { "texture": "#1", "uv": [ 0.0, 0.0, 2.0, 0.30000000000000004 ] },
                "up": { "texture": "#1", "uv": [ 0.0, 0.0, 9.0, 2.0 ] },
                "down": { "texture": "#1", "uv": [ 0.0, 0.0, 9.0, 2.0 ] }
            }
        },
        {
            "name": "register1",
            "from": [ 3.0, 0.0, 3.0 ], 
            "to": [ 10.0, 2.0, 13.0 ], 
            "faces": {
                "north": { "texture": "#2", "uv": [ 0.0, 0.0, 7.0, 2.0 ] },
                "east": { "texture": "#2", "uv": [ 0.0, 0.0, 10.0, 2.0 ] },
                "south": { "texture": "#2", "uv": [ 0.0, 0.0, 7.0, 2.0 ] },
                "west": { "texture": "#2", "uv": [ 0.0, 0.0, 10.0, 2.0 ] },
                "up": { "texture": "#2", "uv": [ 0.0, 0.0, 7.0, 10.0 ] },
                "down": { "texture": "#2", "uv": [ 0.0, 0.0, 7.0, 10.0 ] }
            }
        },
        {
            "name": "register2",
            "from": [ 4.0, 2.0, 7.0 ], 
            "to": [ 9.0, 2.7, 12.0 ], 
            "faces": {
                "north": { "texture": "#3", "uv": [ 0.0, 0.0, 5.0, 0.7 ] },
                "east": { "texture": "#3", "uv": [ 0.0, 0.0, 5.0, 0.7 ] },
                "south": { "texture": "#3", "uv": [ 0.0, 0.0, 5.0, 0.7 ] },
                "west": { "texture": "#3", "uv": [ 0.0, 0.0, 5.0, 0.7 ] },
                "up": { "texture": "#3", "uv": [ 0.0, 0.0, 5.0, 5.0 ] },
                "down": { "texture": "#3", "uv": [ 0.0, 0.0, 5.0, 5.0 ] }
            }
        },
        {
            "name": "register3",
            "from": [ 6.0, 2.0, 9.0 ], 
            "to": [ 7.0, 8.0, 10.0 ], 
            "faces": {
                "north": { "texture": "#2", "uv": [ 0.0, 0.0, 1.0, 6.0 ] },
                "east": { "texture": "#2", "uv": [ 0.0, 0.0, 1.0, 6.0 ] },
                "south": { "texture": "#2", "uv": [ 0.0, 0.0, 1.0, 6.0 ] },
                "west": { "texture": "#2", "uv": [ 0.0, 0.0, 1.0, 6.0 ] },
                "up": { "texture": "#2", "uv": [ 0.0, 0.0, 1.0, 1.0 ] },
                "down": { "texture": "#2", "uv": [ 0.0, 0.0, 1.0, 1.0 ] }
            }
        },
        {
            "name": "register4",
            "from": [ 3.0, 5.6, 8.5 ], 
            "to": [ 10.0, 12.1, 9.5 ], 
            "faces": {
                "north": { "texture": "#3", "uv": [ 0.0, 0.0, 7.0, 6.5 ] },
                "east": { "texture": "#3", "uv": [ 0.0, 0.0, 1.0, 6.5 ] },
                "south": { "texture": "#3", "uv": [ 0.0, 0.0, 7.0, 6.5 ] },
                "west": { "texture": "#3", "uv": [ 0.0, 0.0, 1.0, 6.5 ] },
                "up": { "texture": "#3", "uv": [ 0.0, 0.0, 7.0, 1.0 ] },
                "down": { "texture": "#3", "uv": [ 0.0, 0.0, 7.0, 1.0 ] }
            }
        },
        {
            "name": "register5",
            "from": [ 5.0, 7.0, 9.0 ], 
            "to": [ 8.0, 10.0, 9.8 ], 
            "faces": {
                "north": { "texture": "#4", "uv": [ 0.0, 0.0, 3.0, 3.0 ] },
                "east": { "texture": "#4", "uv": [ 0.0, 0.0, 0.8, 3.0 ] },
                "south": { "texture": "#4", "uv": [ 0.0, 0.0, -11.0, -1.0 ] },
                "west": { "texture": "#4", "uv": [ 0.0, 0.0, 0.8, 3.0 ] },
                "up": { "texture": "#4", "uv": [ 0.0, 0.0, 3.0, 0.8 ] },
                "down": { "texture": "#4", "uv": [ 0.0, 0.0, 3.0, 0.8 ] }
            }
        },
        {
            "name": "screen",
            "from": [ 3.2, 6.2, 8.4 ], 
            "to": [ 9.7, 11.7, 8.5 ], 
            "faces": {
                "north": { "texture": "#5", "uv": [ 0.0, 0.0, 6.5, 5.5 ] },
                "east": { "texture": "#5", "uv": [ 0.0, 0.0, 0.1, 5.5 ] },
                "south": { "texture": "#5", "uv": [ 0.0, 0.0, 6.5, 5.5 ] },
                "west": { "texture": "#5", "uv": [ 0.0, 0.0, 0.1, 5.5 ] },
                "up": { "texture": "#5", "uv": [ 0.0, 0.0, 6.5, 0.1 ] },
                "down": { "texture": "#5", "uv": [ 0.0, 0.0, 6.5, 0.1 ] }
            }
        },
        {
            "name": "keyboard",
            "from": [ 3.7, 2.0, 4.0 ], 
            "to": [ 9.3, 2.3, 6.5 ], 
            "faces": {
                "north": { "texture": "#4", "uv": [ 0.0, 0.0, 5.6, 0.30000000000000004 ] },
                "east": { "texture": "#4", "uv": [ 0.0, 0.0, 2.5, 0.30000000000000004 ] },
                "south": { "texture": "#4", "uv": [ 0.0, 0.0, 5.6, 0.30000000000000004 ] },
                "west": { "texture": "#4", "uv": [ 0.0, 0.0, 2.5, 0.30000000000000004 ] },
                "up": { "texture": "#4", "uv": [ 0.0, 0.0, 5.6, 2.5 ] },
                "down": { "texture": "#4", "uv": [ 0.0, 0.0, 5.6, 2.5 ] }
            }
        },
        {
            "name": "money1",
            "from": [ 3.2, 0.0, 1.5 ], 
            "to": [ 3.6, 1.5, 3.0 ], 
            "faces": {
                "north": { "texture": "#3", "uv": [ 0.0, 0.0, 0.3999999999999999, 1.5 ] },
                "east": { "texture": "#3", "uv": [ 0.0, 0.0, 1.5, 1.5 ] },
                "south": { "texture": "#3", "uv": [ 0.0, 0.0, 0.3999999999999999, 1.5 ] },
                "west": { "texture": "#3", "uv": [ 0.0, 0.0, 1.5, 1.5 ] },
                "up": { "texture": "#3", "uv": [ 0.0, 0.0, 0.3999999999999999, 1.5 ] },
                "down": { "texture": "#3", "uv": [ 0.0, 0.0, 0.3999999999999999, 1.5 ] }
            }
        },
        {
            "name": "money2",
            "from": [ 9.4, 0.0, 1.5 ], 
            "to": [ 9.8, 1.5, 3.0 ], 
            "faces": {
                "north": { "texture": "#3", "uv": [ 0.0, 0.0, 0.3999999999999999, 1.5 ] },
                "east": { "texture": "#3", "uv": [ 0.0, 0.0, 1.5, 1.5 ] },
                "south": { "texture": "#3", "uv": [ 0.0, 0.0, 0.3999999999999999, 1.5 ] },
                "west": { "texture": "#3", "uv": [ 0.0, 0.0, 1.5, 1.5 ] },
                "up": { "texture": "#3", "uv": [ 0.0, 0.0, 0.3999999999999999, 1.5 ] },
                "down": { "texture": "#3", "uv": [ 0.0, 0.0, 0.3999999999999999, 1.5 ] }
            }
        },
        {
            "name": "money3",
            "from": [ 3.0, 0.0, 1.3 ], 
            "to": [ 10.0, 1.8, 1.7000000000000002 ], 
            "faces": {
                "north": { "texture": "#2", "uv": [ 0.0, 0.0, 7.0, 1.8 ] },
                "east": { "texture": "#2", "uv": [ 0.0, 0.0, 0.4, 1.8 ] },
                "south": { "texture": "#2", "uv": [ 0.0, 0.0, 7.0, 1.8 ] },
                "west": { "texture": "#2", "uv": [ 0.0, 0.0, 0.4, 1.8 ] },
                "up": { "texture": "#2", "uv": [ 0.0, 0.0, 7.0, 0.4 ] },
                "down": { "texture": "#2", "uv": [ 0.0, 0.0, 7.0, 0.4 ] }
            }
        },
        {
            "name": "money4",
            "from": [ 3.4, 0.0, 1.5 ], 
            "to": [ 9.4, 0.4, 4.5 ], 
            "faces": {
                "north": { "texture": "#4", "uv": [ 0.0, 0.0, 6.0, 0.4 ] },
                "east": { "texture": "#4", "uv": [ 0.0, 0.0, 3.0, 0.4 ] },
                "south": { "texture": "#4", "uv": [ 0.0, 0.0, 6.0, 0.4 ] },
                "west": { "texture": "#4", "uv": [ 0.0, 0.0, 3.0, 0.4 ] },
                "up": { "texture": "#4", "uv": [ 0.0, 0.0, 6.0, 3.0 ] },
                "down": { "texture": "#4", "uv": [ 0.0, 0.0, 6.0, 3.0 ] }
            }
        },
        {
            "name": "money5",
            "from": [ 3.5999999999999996, 0.0, 2.2 ], 
            "to": [ 9.7, 1.0, 2.4000000000000004 ], 
            "faces": {
                "north": { "texture": "#2", "uv": [ 0.0, 0.0, 6.1, 1.0 ] },
                "east": { "texture": "#2", "uv": [ 0.0, 0.0, 0.2, 1.0 ] },
                "south": { "texture": "#2", "uv": [ 0.0, 0.0, 6.1, 1.0 ] },
                "west": { "texture": "#2", "uv": [ 0.0, 0.0, 0.2, 1.0 ] },
                "up": { "texture": "#2", "uv": [ 0.0, 0.0, 6.1, 0.2 ] },
                "down": { "texture": "#2", "uv": [ 0.0, 0.0, 6.1, 0.2 ] }
            }
        },
        {
            "name": "money6",
            "from": [ 5.3, 0.0, 1.6 ], 
            "to": [ 5.5, 1.0, 3.0 ], 
            "faces": {
                "north": { "texture": "#2", "uv": [ 0.0, 0.0, 0.19999999999999996, 1.0 ] },
                "east": { "texture": "#2", "uv": [ 0.0, 0.0, 1.4, 1.0 ] },
                "south": { "texture": "#2", "uv": [ 0.0, 0.0, 0.19999999999999996, 1.0 ] },
                "west": { "texture": "#2", "uv": [ 0.0, 0.0, 1.4, 1.0 ] },
                "up": { "texture": "#2", "uv": [ 0.0, 0.0, 0.19999999999999996, 1.4 ] },
                "down": { "texture": "#2", "uv": [ 0.0, 0.0, 0.19999999999999996, 1.4 ] }
            }
        },
        {
            "name": "money7",
            "from": [ 7.5, 0.0, 1.6 ], 
            "to": [ 7.7, 1.0, 3.0 ], 
            "faces": {
                "north": { "texture": "#2", "uv": [ 0.0, 0.0, 0.19999999999999996, 1.0 ] },
                "east": { "texture": "#2", "uv": [ 0.0, 0.0, 1.4, 1.0 ] },
                "south": { "texture": "#2", "uv": [ 0.0, 0.0, 0.19999999999999996, 1.0 ] },
                "west": { "texture": "#2", "uv": [ 0.0, 0.0, 1.4, 1.0 ] },
                "up": { "texture": "#2", "uv": [ 0.0, 0.0, 0.19999999999999996, 1.4 ] },
                "down": { "texture": "#2", "uv": [ 0.0, 0.0, 0.19999999999999996, 1.4 ] }
            }
        },
        {
            "name": "Cube",
            "from": [ 8.0, 0.0, 2.6 ], 
            "to": [ 9.0, 1.0, 3.6 ], 
            "faces": {
                "north": { "texture": "#6", "uv": [ 0.0, 0.0, 1.0, 1.0 ] },
                "east": { "texture": "#6", "uv": [ 0.0, 0.0, 1.0, 1.0 ] },
                "south": { "texture": "#6", "uv": [ 0.0, 0.0, 1.0, 1.0 ] },
                "west": { "texture": "#6", "uv": [ 0.0, 0.0, 1.0, 1.0 ] },
                "up": { "texture": "#6", "uv": [ 0.0, 0.0, 1.0, 1.0 ] },
                "down": { "texture": "#6", "uv": [ 0.0, 0.0, 1.0, 1.0 ] }
            }
        },
        {
            "name": "Cube",
            "from": [ 6.0, 0.0, 2.6 ], 
            "to": [ 7.0, 1.0, 3.6 ], 
            "faces": {
                "north": { "texture": "#6", "uv": [ 0.0, 0.0, 1.0, 1.0 ] },
                "east": { "texture": "#6", "uv": [ 0.0, 0.0, 1.0, 1.0 ] },
                "south": { "texture": "#6", "uv": [ 0.0, 0.0, 1.0, 1.0 ] },
                "west": { "texture": "#6", "uv": [ 0.0, 0.0, 1.0, 1.0 ] },
                "up": { "texture": "#6", "uv": [ 0.0, 0.0, 1.0, 1.0 ] },
                "down": { "texture": "#6", "uv": [ 0.0, 0.0, 1.0, 1.0 ] }
            }
        },
        {
            "name": "Cube",
            "from": [ 4.0, 0.0, 2.6 ], 
            "to": [ 5.0, 1.0, 3.6 ], 
            "faces": {
                "north": { "texture": "#6", "uv": [ 0.0, 0.0, 1.0, 1.0 ] },
                "east": { "texture": "#6", "uv": [ 0.0, 0.0, 1.0, 1.0 ] },
                "south": { "texture": "#6", "uv": [ 0.0, 0.0, 1.0, 1.0 ] },
                "west": { "texture": "#6", "uv": [ 0.0, 0.0, 1.0, 1.0 ] },
                "up": { "texture": "#6", "uv": [ 0.0, 0.0, 1.0, 1.0 ] },
                "down": { "texture": "#6", "uv": [ 0.0, 0.0, 1.0, 1.0 ] }
            }
        }
    ]
}