{
    "__comment": "Model generated using MrCrayfish's Model Creator (http://mrcrayfish.com/modelcreator/)",
    "textures": {
        "particle": "blocks/blocks/daylight_detector_inverted_top",
        "0": "blocks/daylight_detector_inverted_top",
        "1": "blocks/wool_colored_blue",
        "2": "blocks/wool_colored_black",
        "3": "blocks/wool_colored_gray"
    },
    "elements": [
        {
            "name": "Cube",
            "from": [ 0.0, 0.0, 0.0 ], 
            "to": [ 16.0, 1.0, 16.0 ], 
            "faces": {
                "north": { "texture": "#0", "uv": [ 0.0, 0.0, 16.0, 1.0 ] },
                "east": { "texture": "#0", "uv": [ 0.0, 0.0, 16.0, 1.0 ] },
                "south": { "texture": "#0", "uv": [ 0.0, 0.0, 16.0, 1.0 ] },
                "west": { "texture": "#0", "uv": [ 0.0, 0.0, 16.0, 1.0 ] },
                "up": { "texture": "#0", "uv": [ 0.0, 0.0, 16.0, 16.0 ] },
                "down": { "texture": "#0", "uv": [ 0.0, 0.0, 16.0, 16.0 ] }
            }
        },
        {
            "name": "Cube",
            "from": [ 4.0, 1.0, 4.0 ], 
            "to": [ 12.0, 11.0, 8.0 ], 
            "faces": {
                "north": { "texture": "#0", "uv": [ 0.0, 0.0, 8.0, 10.0 ] },
                "east": { "texture": "#0", "uv": [ 0.0, 0.0, 4.0, 10.0 ] },
                "south": { "texture": "#0", "uv": [ 0.0, 0.0, 8.0, 10.0 ] },
                "west": { "texture": "#0", "uv": [ 0.0, 0.0, 4.0, 10.0 ] },
                "up": { "texture": "#0", "uv": [ 0.0, 0.0, 8.0, 4.0 ] },
                "down": { "texture": "#0", "uv": [ 0.0, 0.0, 8.0, 4.0 ] }
            }
        },
        {
            "name": "Cube",
            "from": [ 3.0, 7.1, 9.0 ], 
            "to": [ 13.0, 15.1, 10.0 ], 
            "faces": {
                "north": { "texture": "#0", "uv": [ 0.0, 0.0, 10.0, 8.0 ] },
                "east": { "texture": "#0", "uv": [ 0.0, 0.0, 1.0, 8.0 ] },
                "south": { "texture": "#0", "uv": [ 0.0, 0.0, 10.0, 8.0 ] },
                "west": { "texture": "#0", "uv": [ 0.0, 0.0, 1.0, 8.0 ] },
                "up": { "texture": "#0", "uv": [ 0.0, 0.0, 10.0, 1.0 ] },
                "down": { "texture": "#0", "uv": [ 0.0, 0.0, 10.0, 1.0 ] }
            }
        },
        {
            "name": "Cube",
            "from": [ 4.0, 8.0, 8.0 ], 
            "to": [ 12.0, 11.0, 9.0 ], 
            "faces": {
                "north": { "texture": "#0", "uv": [ 0.0, 0.0, 8.0, 3.0 ] },
                "east": { "texture": "#0", "uv": [ 0.0, 0.0, 1.0, 3.0 ] },
                "south": { "texture": "#0", "uv": [ 0.0, 0.0, 8.0, 3.0 ] },
                "west": { "texture": "#0", "uv": [ 0.0, 0.0, 1.0, 3.0 ] },
                "up": { "texture": "#0", "uv": [ 0.0, 0.0, 8.0, 1.0 ] },
                "down": { "texture": "#0", "uv": [ 0.0, 0.0, 8.0, 1.0 ] }
            }
        },
        {
            "name": "Cube",
            "from": [ 4.0, 11.0, 5.8 ], 
            "to": [ 12.0, 13.0, 9.6 ], 
            "faces": {
                "north": { "texture": "#0", "uv": [ 0.0, 0.0, 8.0, 2.0 ] },
                "east": { "texture": "#0", "uv": [ 0.0, 0.0, 3.8, 2.0 ] },
                "south": { "texture": "#0", "uv": [ 0.0, 0.0, 8.0, 2.0 ] },
                "west": { "texture": "#0", "uv": [ 0.0, 0.0, 3.8, 2.0 ] },
                "up": { "texture": "#0", "uv": [ 0.0, 0.0, 8.0, 3.8 ] },
                "down": { "texture": "#0", "uv": [ 0.0, 0.0, 8.0, 3.8 ] }
            }
        },
        {
            "name": "Cube",
            "from": [ 2.0, 6.0, 10.0 ], 
            "to": [ 14.0, 16.0, 11.1 ], 
            "faces": {
                "north": { "texture": "#0", "uv": [ 0.0, 0.0, 12.0, 10.0 ] },
                "east": { "texture": "#0", "uv": [ 0.0, 0.0, 0.0, 7.0 ] },
                "south": { "texture": "#1", "uv": [ 0.0, 0.0, 11.0, 10.0 ] },
                "west": { "texture": "#0", "uv": [ 0.0, 0.0, 1.0, 10.0 ] },
                "up": { "texture": "#0", "uv": [ 0.0, 0.0, 12.0, 1.0 ] },
                "down": { "texture": "#0", "uv": [ 0.0, 0.0, 12.0, 1.0 ] }
            }
        },
        {
            "name": "Cube",
            "from": [ 2.0, 6.0, 11.0 ], 
            "to": [ 14.0, 8.5, 11.4 ], 
            "faces": {
                "north": { "texture": "#0", "uv": [ 0.0, 0.0, 12.0, 2.5 ] },
                "east": { "texture": "#0", "uv": [ 1.0, 6.0, 1.2, 8.5 ] },
                "south": { "texture": "#0", "uv": [ 2.0, 5.0, 14.0, 7.5 ] },
                "west": { "texture": "#0", "uv": [ 15.0, 6.0, 13.2, 9.5 ] },
                "up": { "texture": "#0", "uv": [ 0.0, 0.0, 12.0, 0.2 ] },
                "down": { "texture": "#0", "uv": [ 0.0, 0.0, 12.0, 0.2 ] }
            }
        },
        {
            "name": "Cube",
            "from": [ 2.0, 14.3, 11.0 ], 
            "to": [ 14.0, 16.0, 11.4 ], 
            "faces": {
                "north": { "texture": "#0", "uv": [ 3.0, 0.0, 15.0, 1.7 ] },
                "east": { "texture": "#0", "uv": [ 2.0, 2.0, 2.2, 3.7 ] },
                "south": { "texture": "#0", "uv": [ 0.0, 2.0, 12.0, 3.7 ] },
                "west": { "texture": "#0", "uv": [ 4.0, 3.0, 4.2, 4.7 ] },
                "up": { "texture": "#0", "uv": [ 0.0, 0.0, 12.0, 0.2 ] },
                "down": { "texture": "#0", "uv": [ 0.0, 0.0, 12.0, 0.2 ] }
            }
        },
        {
            "name": "Cube",
            "from": [ 12.5, 8.5, 11.0 ], 
            "to": [ 14.0, 14.3, 11.4 ], 
            "faces": {
                "north": { "texture": "#0", "uv": [ 6.0, 4.0, 7.5, 9.8 ] },
                "east": { "texture": "#0", "uv": [ 13.0, 0.0, 13.2, 5.8 ] },
                "south": { "texture": "#0", "uv": [ 11.0, 2.0, 7.0, 7.5 ] },
                "west": { "texture": "#0", "uv": [ 8.0, 3.0, 8.2, 8.8 ] },
                "up": { "texture": "#0", "uv": [ 0.0, 0.0, 1.5, 0.19999999999999996 ] },
                "down": { "texture": "#0", "uv": [ 0.0, 0.0, 1.5, 0.19999999999999996 ] }
            }
        },
        {
            "name": "Cube",
            "from": [ 2.0, 8.5, 11.0 ], 
            "to": [ 3.5, 14.3, 11.4 ], 
            "faces": {
                "north": { "texture": "#0", "uv": [ 9.0, 6.0, 10.5, 11.8 ] },
                "east": { "texture": "#0", "uv": [ 0.0, 0.0, 0.2, 5.8 ] },
                "south": { "texture": "#0", "uv": [ 11.0, 5.0, 7.0, 10.5 ] },
                "west": { "texture": "#0", "uv": [ 0.0, 0.0, 0.2, 5.8 ] },
                "up": { "texture": "#0", "uv": [ 0.0, 0.0, 1.5, 0.2 ] },
                "down": { "texture": "#0", "uv": [ 0.0, 0.0, 1.5, 0.2 ] }
            }
        },
        {
            "name": "Cube",
            "from": [ 5.0, 13.7, 8.9 ], 
            "to": [ 5.3, 14.799999999999999, 9.1 ], 
            "faces": {
                "north": { "texture": "#2", "uv": [ 0.0, 0.0, 0.30000000000000004, 1.1 ] },
                "east": { "texture": "#2", "uv": [ 0.0, 0.0, 0.19999999999999996, 1.1 ] },
                "south": { "texture": "#2", "uv": [ 0.0, 0.0, 0.30000000000000004, 1.1 ] },
                "west": { "texture": "#2", "uv": [ 0.0, 0.0, -0.8, -6.9 ] },
                "up": { "texture": "#2", "uv": [ 0.0, 0.0, -5.7, 0.19999999999999996 ] },
                "down": { "texture": "#2", "uv": [ 0.0, 0.0, 0.30000000000000004, 0.19999999999999996 ] }
            }
        },
        {
            "name": "Cube",
            "from": [ 6.0, 13.7, 8.9 ], 
            "to": [ 6.3, 14.799999999999999, 9.1 ], 
            "faces": {
                "north": { "texture": "#2", "uv": [ 0.0, 0.0, 0.30000000000000004, 1.1 ] },
                "east": { "texture": "#2", "uv": [ 0.0, 0.0, 0.19999999999999996, 1.1 ] },
                "south": { "texture": "#2", "uv": [ 0.0, 0.0, 0.30000000000000004, 1.1 ] },
                "west": { "texture": "#2", "uv": [ 0.0, 0.0, 0.19999999999999996, 1.1 ] },
                "up": { "texture": "#2", "uv": [ 0.0, 0.0, 0.30000000000000004, 0.19999999999999996 ] },
                "down": { "texture": "#2", "uv": [ 0.0, 0.0, 0.30000000000000004, 0.19999999999999996 ] }
            }
        },
        {
            "name": "Cube",
            "from": [ 7.0, 13.7, 8.9 ], 
            "to": [ 7.3, 14.799999999999999, 9.1 ], 
            "faces": {
                "north": { "texture": "#2", "uv": [ 0.0, 0.0, 0.30000000000000004, 1.1 ] },
                "east": { "texture": "#2", "uv": [ 0.0, 0.0, 0.19999999999999996, 1.1 ] },
                "south": { "texture": "#2", "uv": [ 0.0, 0.0, 0.30000000000000004, 1.1 ] },
                "west": { "texture": "#2", "uv": [ 0.0, 0.0, 0.19999999999999996, 1.1 ] },
                "up": { "texture": "#2", "uv": [ 0.0, 0.0, 0.30000000000000004, 0.19999999999999996 ] },
                "down": { "texture": "#2", "uv": [ 0.0, 0.0, 0.30000000000000004, 0.19999999999999996 ] }
            }
        },
        {
            "name": "Cube",
            "from": [ 8.0, 13.7, 8.9 ], 
            "to": [ 8.3, 14.799999999999999, 9.1 ], 
            "faces": {
                "north": { "texture": "#2", "uv": [ 0.0, 0.0, 0.30000000000000004, 1.1 ] },
                "east": { "texture": "#2", "uv": [ 0.0, 0.0, 0.19999999999999996, 1.1 ] },
                "south": { "texture": "#2", "uv": [ 0.0, 0.0, 0.30000000000000004, 1.1 ] },
                "west": { "texture": "#2", "uv": [ 0.0, 0.0, 0.19999999999999996, 1.1 ] },
                "up": { "texture": "#2", "uv": [ 0.0, 0.0, 0.30000000000000004, 0.19999999999999996 ] },
                "down": { "texture": "#2", "uv": [ 0.0, 0.0, 0.30000000000000004, 0.19999999999999996 ] }
            }
        },
        {
            "name": "Cube",
            "from": [ 9.0, 13.7, 8.9 ], 
            "to": [ 9.3, 14.799999999999999, 9.1 ], 
            "faces": {
                "north": { "texture": "#2", "uv": [ 0.0, 0.0, 0.30000000000000004, 1.1 ] },
                "east": { "texture": "#2", "uv": [ 0.0, 0.0, 0.19999999999999996, 1.1 ] },
                "south": { "texture": "#2", "uv": [ 0.0, 0.0, 0.30000000000000004, 1.1 ] },
                "west": { "texture": "#2", "uv": [ 0.0, 0.0, 0.19999999999999996, 1.1 ] },
                "up": { "texture": "#2", "uv": [ 0.0, 0.0, 0.30000000000000004, 0.19999999999999996 ] },
                "down": { "texture": "#2", "uv": [ 0.0, 0.0, 0.30000000000000004, 0.19999999999999996 ] }
            }
        },
        {
            "name": "Cube",
            "from": [ 10.0, 13.7, 8.9 ], 
            "to": [ 10.3, 14.799999999999999, 9.1 ], 
            "faces": {
                "north": { "texture": "#2", "uv": [ 0.0, 0.0, 0.30000000000000004, 1.1 ] },
                "east": { "texture": "#2", "uv": [ 0.0, 0.0, 0.19999999999999996, 1.1 ] },
                "south": { "texture": "#2", "uv": [ 0.0, 0.0, 0.30000000000000004, 1.1 ] },
                "west": { "texture": "#2", "uv": [ 0.0, 0.0, 0.19999999999999996, 1.1 ] },
                "up": { "texture": "#2", "uv": [ 0.0, 0.0, 0.30000000000000004, 0.19999999999999996 ] },
                "down": { "texture": "#2", "uv": [ 0.0, 0.0, 0.30000000000000004, 0.19999999999999996 ] }
            }
        },
        {
            "name": "Cube",
            "from": [ 11.0, 13.7, 8.9 ], 
            "to": [ 11.3, 14.799999999999999, 9.1 ], 
            "faces": {
                "north": { "texture": "#2", "uv": [ 0.0, 0.0, 0.30000000000000004, 1.1 ] },
                "east": { "texture": "#2", "uv": [ 0.0, 0.0, 0.19999999999999996, 1.1 ] },
                "south": { "texture": "#2", "uv": [ 0.0, 0.0, 0.30000000000000004, 1.1 ] },
                "west": { "texture": "#2", "uv": [ 0.0, 0.0, 0.19999999999999996, 1.1 ] },
                "up": { "texture": "#2", "uv": [ 0.0, 0.0, 0.30000000000000004, 0.19999999999999996 ] },
                "down": { "texture": "#2", "uv": [ 0.0, 0.0, 0.30000000000000004, 0.19999999999999996 ] }
            }
        },
        {
            "name": "Cube",
            "from": [ 13.0, 10.0, 9.2 ], 
            "to": [ 13.9, 13.0, 10.1 ], 
            "faces": {
                "north": { "texture": "#3", "uv": [ 0.0, 0.0, 15.9, 16.0 ] },
                "east": { "texture": "#3", "uv": [ 0.0, 0.0, 15.9, 16.0 ] },
                "south": { "texture": "#3", "uv": [ 0.0, 0.0, 15.9, 16.0 ] },
                "west": { "texture": "#3", "uv": [ 0.0, 0.0, 15.9, 16.0 ] },
                "up": { "texture": "#3", "uv": [ 0.0, 0.0, 15.9, 15.9 ] },
                "down": { "texture": "#3", "uv": [ 0.0, 0.0, 15.9, 15.9 ] }
            }
        },
        {
            "name": "Cube",
            "from": [ 13.9, 10.0, 9.2 ], 
            "to": [ 14.6, 13.0, 9.5 ], 
            "faces": {
                "north": { "texture": "#3", "uv": [ 0.0, 0.0, 0.7, 3.0 ] },
                "east": { "texture": "#3", "uv": [ 0.0, 0.0, 0.3, 3.0 ] },
                "south": { "texture": "#3", "uv": [ 0.0, 0.0, 0.7, 3.0 ] },
                "west": { "texture": "#3", "uv": [ 0.0, 0.0, 0.3, 3.0 ] },
                "up": { "texture": "#3", "uv": [ 0.0, 0.0, 0.7, 0.3 ] },
                "down": { "texture": "#3", "uv": [ 0.0, 0.0, 0.7, 0.3 ] }
            }
        },
        {
            "name": "Cube",
            "from": [ 13.9, 10.0, 9.7 ], 
            "to": [ 14.6, 13.0, 10.0 ], 
            "faces": {
                "north": { "texture": "#3", "uv": [ 0.0, 0.0, 0.7, 3.0 ] },
                "east": { "texture": "#3", "uv": [ 0.0, 0.0, 0.3, 3.0 ] },
                "south": { "texture": "#3", "uv": [ 0.0, 0.0, 0.7, 3.0 ] },
                "west": { "texture": "#3", "uv": [ 0.0, 0.0, 0.3, 3.0 ] },
                "up": { "texture": "#3", "uv": [ 0.0, 0.0, 0.7, 0.3 ] },
                "down": { "texture": "#3", "uv": [ 0.0, 0.0, 0.7, 0.3 ] }
            }
        }
    ]
}