{
    "__comment": "Model generated using MrCrayfish's Model Creator (http://mrcrayfish.com/modelcreator/)",
    "textures": {
        "particle": "blocks/blocks/blocks/anvil_base",
        "0": "blocks/hardened_clay_stained_green",
        "1": "blocks/wool_colored_green",
        "2": "blocks/glass",
        "3": "blocks/quartz_block_bottom",
        "4": "blocks/wool_colored_silver",
        "5": "blocks/fire_layer_0"
    },
    "elements": [
        {
            "name": "Cube",
            "from": [ 5.0, 0.0, 5.0 ], 
            "to": [ 11.0, 3.0, 11.0 ], 
            "faces": {
                "north": { "texture": "#0", "uv": [ 0.0, 0.0, 16.0, 16.0 ] },
                "east": { "texture": "#0", "uv": [ 0.0, 0.0, 16.0, 16.0 ] },
                "south": { "texture": "#0", "uv": [ 0.0, 0.0, 16.0, 16.0 ] },
                "west": { "texture": "#0", "uv": [ 0.0, 0.0, 16.0, 16.0 ] },
                "up": { "texture": "#0", "uv": [ 0.0, 0.0, 16.0, 16.0 ] },
                "down": { "texture": "#0", "uv": [ 0.0, 0.0, 16.0, 16.0 ] }
            }
        },
        {
            "name": "Cube",
            "from": [ 5.5, 3.0, 5.0 ], 
            "to": [ 10.5, 5.0, 11.0 ], 
            "faces": {
                "north": { "texture": "#1", "uv": [ 0.0, 0.0, 16.0, 16.0 ], "cullface": "north" },
                "east": { "texture": "#1", "uv": [ 0.0, 0.0, 16.0, 16.0 ] },
                "south": { "texture": "#1", "uv": [ 0.0, 0.0, 16.0, 16.0 ] },
                "west": { "texture": "#1", "uv": [ 0.0, 0.0, 16.0, 16.0 ] },
                "up": { "texture": "#1", "uv": [ 0.0, 0.0, 16.0, 16.0 ] },
                "down": { "texture": "#1", "uv": [ 0.0, 0.0, 16.0, 16.0 ], "cullface": "down" }
            }
        },
        {
            "name": "Cube",
            "from": [ 3.0, 5.0, 3.0 ], 
            "to": [ 13.0, 7.4, 13.0 ], 
            "faces": {
                "north": { "texture": "#1", "uv": [ 0.0, 0.0, 10.0, 0.3999999999999999 ] },
                "east": { "texture": "#1", "uv": [ 0.0, 0.0, 10.0, 0.3999999999999999 ] },
                "south": { "texture": "#1", "uv": [ 0.0, 0.0, 10.0, 0.3999999999999999 ] },
                "west": { "texture": "#1", "uv": [ 0.0, 0.0, 10.0, 0.3999999999999999 ] },
                "up": { "texture": "#1", "uv": [ 0.0, 0.0, 10.0, 10.0 ] },
                "down": { "texture": "#1", "uv": [ 0.0, 0.0, 10.0, 10.0 ] }
            }
        },
        {
            "name": "SIDEBAR1",
            "from": [ 5.0, 0.0, 4.0 ], 
            "to": [ 11.0, 0.5, 5.0 ], 
            "faces": {
                "north": { "texture": "#1", "uv": [ 0.0, 0.0, 16.0, 0.5 ] },
                "east": { "texture": "#1", "uv": [ 0.0, 0.0, 1.0, 0.5 ] },
                "south": { "texture": "#1", "uv": [ 0.0, 0.0, 6.0, 0.5 ] },
                "west": { "texture": "#1", "uv": [ 0.0, 0.0, 1.0, 0.5 ] },
                "up": { "texture": "#1", "uv": [ 0.0, 0.0, 6.0, 1.0 ] },
                "down": { "texture": "#1", "uv": [ 0.0, 0.0, 6.0, 1.0 ] }
            }
        },
        {
            "name": "SIDEBAR2",
            "from": [ 4.0, 0.0, 5.0 ], 
            "to": [ 5.0, 0.5, 11.0 ], 
            "faces": {
                "north": { "texture": "#1", "uv": [ 0.0, 0.0, 1.0, 0.5 ] },
                "east": { "texture": "#1", "uv": [ 0.0, 0.0, 6.0, 0.5 ] },
                "south": { "texture": "#1", "uv": [ 0.0, 0.0, 1.0, 0.5 ] },
                "west": { "texture": "#1", "uv": [ 0.0, 0.0, 6.0, 0.5 ] },
                "up": { "texture": "#1", "uv": [ 0.0, 0.0, 1.0, 6.0 ] },
                "down": { "texture": "#1", "uv": [ 0.0, 0.0, 1.0, 6.0 ] }
            }
        },
        {
            "name": "SIDEBAR3",
            "from": [ 5.0, 0.0, 11.0 ], 
            "to": [ 11.0, 0.5, 12.0 ], 
            "faces": {
                "north": { "texture": "#1", "uv": [ 0.0, 0.0, 6.0, 0.5 ] },
                "east": { "texture": "#1", "uv": [ 0.0, 0.0, 1.0, 0.5 ] },
                "south": { "texture": "#1", "uv": [ 0.0, 0.0, 6.0, 0.5 ] },
                "west": { "texture": "#1", "uv": [ 0.0, 0.0, 1.0, 0.5 ] },
                "up": { "texture": "#1", "uv": [ 0.0, 0.0, 6.0, 1.0 ] },
                "down": { "texture": "#1", "uv": [ 0.0, 0.0, 6.0, 1.0 ] }
            }
        },
        {
            "name": "SIDEBAR4",
            "from": [ 11.0, 0.0, 5.0 ], 
            "to": [ 12.0, 0.5, 11.0 ], 
            "faces": {
                "north": { "texture": "#1", "uv": [ 0.0, 0.0, 1.0, 0.5 ] },
                "east": { "texture": "#1", "uv": [ 0.0, 0.0, 6.0, 0.5 ] },
                "south": { "texture": "#1", "uv": [ 0.0, 0.0, 1.0, 0.5 ] },
                "west": { "texture": "#1", "uv": [ 0.0, 0.0, 6.0, 0.5 ] },
                "up": { "texture": "#1", "uv": [ 0.0, 0.0, 1.0, 6.0 ] },
                "down": { "texture": "#1", "uv": [ 0.0, 0.0, 1.0, 6.0 ] }
            }
        },
        {
            "name": "sidebar1",
            "from": [ 5.0, 2.5, 4.0 ], 
            "to": [ 11.0, 3.0, 5.0 ], 
            "faces": {
                "north": { "texture": "#1", "uv": [ 0.0, 0.0, 1.0, 0.5 ] },
                "east": { "texture": "#1", "uv": [ 0.0, 0.0, 1.0, 0.5 ] },
                "south": { "texture": "#1", "uv": [ 0.0, 0.0, 6.0, 0.5 ] },
                "west": { "texture": "#1", "uv": [ 0.0, 0.0, 1.0, 0.5 ] },
                "up": { "texture": "#1", "uv": [ 0.0, 0.0, 6.0, 1.0 ] },
                "down": { "texture": "#1", "uv": [ 0.0, 0.0, 6.0, 1.0 ] }
            }
        },
        {
            "name": "sidebar2",
            "from": [ 4.0, 2.5, 5.0 ], 
            "to": [ 5.0, 3.0, 11.0 ], 
            "faces": {
                "north": { "texture": "#1", "uv": [ 0.0, 0.0, 1.0, 0.5 ] },
                "east": { "texture": "#1", "uv": [ 0.0, 0.0, 6.0, 0.5 ] },
                "south": { "texture": "#1", "uv": [ 0.0, 0.0, 1.0, 0.5 ] },
                "west": { "texture": "#1", "uv": [ 0.0, 0.0, 6.0, 0.5 ] },
                "up": { "texture": "#1", "uv": [ 0.0, 0.0, 1.0, 6.0 ] },
                "down": { "texture": "#1", "uv": [ 0.0, 0.0, 1.0, 6.0 ] }
            }
        },
        {
            "name": "sidebar3",
            "from": [ 11.0, 2.5, 5.0 ], 
            "to": [ 12.0, 3.0, 11.0 ], 
            "faces": {
                "north": { "texture": "#1", "uv": [ 0.0, 0.0, 1.0, 0.5 ] },
                "east": { "texture": "#1", "uv": [ 0.0, 0.0, 6.0, 0.5 ] },
                "south": { "texture": "#1", "uv": [ 0.0, 0.0, 1.0, 0.5 ] },
                "west": { "texture": "#1", "uv": [ 0.0, 0.0, 6.0, 0.5 ] },
                "up": { "texture": "#1", "uv": [ 0.0, 0.0, 1.0, 6.0 ] },
                "down": { "texture": "#1", "uv": [ 0.0, 0.0, 1.0, 6.0 ] }
            }
        },
        {
            "name": "sidebar4",
            "from": [ 5.0, 2.5, 11.0 ], 
            "to": [ 11.0, 3.0, 12.0 ], 
            "faces": {
                "north": { "texture": "#1", "uv": [ 0.0, 0.0, 6.0, 0.5 ] },
                "east": { "texture": "#1", "uv": [ 0.0, 0.0, 1.0, 0.5 ] },
                "south": { "texture": "#1", "uv": [ 0.0, 0.0, 6.0, 0.5 ] },
                "west": { "texture": "#1", "uv": [ 0.0, 0.0, 1.0, 0.5 ] },
                "up": { "texture": "#1", "uv": [ 0.0, 0.0, 6.0, 1.0 ] },
                "down": { "texture": "#1", "uv": [ 0.0, 0.0, 6.0, 1.0 ] }
            }
        },
        {
            "name": "light4",
            "from": [ 2.0, 7.0, 2.0 ], 
            "to": [ 14.0, 19.5, 14.0 ], 
            "faces": {
                "north": { "texture": "#2", "uv": [ 0.0, 0.0, 16.0, 16.0 ] },
                "east": { "texture": "#2", "uv": [ 0.0, 0.0, 16.0, 16.0 ] },
                "south": { "texture": "#2", "uv": [ 0.0, 0.0, 16.0, 16.0 ] },
                "west": { "texture": "#2", "uv": [ 0.0, 0.0, 16.0, 16.0 ] },
                "up": { "texture": "#2", "uv": [ 0.0, 0.0, 16.0, 16.0 ] },
                "down": { "texture": "#2", "uv": [ 0.0, 0.0, 16.0, 16.0 ] }
            }
        },
        {
            "name": "roof1",
            "from": [ 2.0, 19.5, 2.0 ], 
            "to": [ 14.0, 20.5, 14.0 ], 
            "faces": {
                "north": { "texture": "#3", "uv": [ 0.0, 0.0, 12.0, 1.0 ] },
                "east": { "texture": "#3", "uv": [ 0.0, 0.0, 12.0, 1.0 ] },
                "south": { "texture": "#3", "uv": [ 0.0, 0.0, 12.0, 1.0 ] },
                "west": { "texture": "#3", "uv": [ 0.0, 0.0, 12.0, 1.0 ] },
                "up": { "texture": "#3", "uv": [ 0.0, 0.0, 12.0, 12.0 ] },
                "down": { "texture": "#3", "uv": [ 0.0, 0.0, 12.0, 12.0 ] }
            }
        },
        {
            "name": "roof 2",
            "from": [ 3.0, 20.5, 3.0 ], 
            "to": [ 13.0, 21.5, 13.0 ], 
            "faces": {
                "north": { "texture": "#3", "uv": [ 0.0, 0.0, 10.0, 1.0 ] },
                "east": { "texture": "#3", "uv": [ 0.0, 0.0, 10.0, 1.0 ] },
                "south": { "texture": "#3", "uv": [ 0.0, 0.0, 10.0, 1.0 ] },
                "west": { "texture": "#3", "uv": [ 0.0, 0.0, 10.0, 1.0 ] },
                "up": { "texture": "#3", "uv": [ 0.0, 0.0, 10.0, 10.0 ] },
                "down": { "texture": "#3", "uv": [ 0.0, 0.0, 10.0, 10.0 ] }
            }
        },
        {
            "name": "roof3",
            "from": [ 4.0, 21.5, 4.0 ], 
            "to": [ 12.0, 22.5, 12.0 ], 
            "faces": {
                "north": { "texture": "#3", "uv": [ 0.0, 0.0, 16.0, 16.0 ] },
                "east": { "texture": "#3", "uv": [ 0.0, 0.0, 8.0, 1.0 ] },
                "south": { "texture": "#3", "uv": [ 0.0, 0.0, 8.0, 1.0 ] },
                "west": { "texture": "#3", "uv": [ 0.0, 0.0, 8.0, 1.0 ] },
                "up": { "texture": "#3", "uv": [ 0.0, 0.0, 16.0, 16.0 ] },
                "down": { "texture": "#3", "uv": [ 0.0, 0.0, 8.0, 8.0 ] }
            }
        },
        {
            "name": "Cube",
            "from": [ 6.0, 22.5, 5.5 ], 
            "to": [ 10.3, 25.0, 10.6 ], 
            "faces": {
                "north": { "texture": "#1", "uv": [ 0.0, 0.0, 4.3, 2.5 ] },
                "east": { "texture": "#1", "uv": [ 0.0, 0.0, 5.1, 2.5 ] },
                "south": { "texture": "#1", "uv": [ 0.0, 0.0, 4.3, 2.5 ] },
                "west": { "texture": "#1", "uv": [ 0.0, 0.0, 5.1, 2.5 ] },
                "up": { "texture": "#1", "uv": [ 0.0, 0.0, 4.3, 5.1 ] },
                "down": { "texture": "#1", "uv": [ 0.0, 0.0, 4.3, 5.1 ] }
            }
        },
        {
            "name": "Cube",
            "from": [ 5.5, 22.5, 5.0 ], 
            "to": [ 10.8, 23.1, 11.0 ], 
            "faces": {
                "north": { "texture": "#0", "uv": [ 0.0, 0.0, 5.3, 0.6 ] },
                "east": { "texture": "#0", "uv": [ 0.0, 0.0, 6.0, 0.6 ] },
                "south": { "texture": "#0", "uv": [ 0.0, 0.0, 5.3, 0.6 ] },
                "west": { "texture": "#0", "uv": [ 0.0, 0.0, 6.0, 0.6 ] },
                "up": { "texture": "#0", "uv": [ 0.0, 0.0, 5.3, 6.0 ] },
                "down": { "texture": "#0", "uv": [ 0.0, 0.0, 5.3, 6.0 ] }
            }
        },
        {
            "name": "Cube",
            "from": [ 1.0, 18.0, 2.0 ], 
            "to": [ 2.0, 19.0, 14.0 ], 
            "faces": {
                "north": { "texture": "#0", "uv": [ 0.0, 0.0, 1.0, 1.0 ] },
                "east": { "texture": "#0", "uv": [ 0.0, 0.0, 12.0, 1.0 ] },
                "south": { "texture": "#0", "uv": [ 0.0, 0.0, 1.0, 1.0 ] },
                "west": { "texture": "#0", "uv": [ 0.0, 0.0, 12.0, 1.0 ] },
                "up": { "texture": "#0", "uv": [ 0.0, 0.0, 1.0, 12.0 ] },
                "down": { "texture": "#0", "uv": [ 0.0, 0.0, 1.0, 12.0 ] }
            }
        },
        {
            "name": "Cube",
            "from": [ 1.0, 18.0, 14.0 ], 
            "to": [ 15.0, 19.0, 15.0 ], 
            "faces": {
                "north": { "texture": "#0", "uv": [ 0.0, 0.0, 14.0, 1.0 ] },
                "east": { "texture": "#0", "uv": [ 0.0, 0.0, 1.0, 1.0 ] },
                "south": { "texture": "#0", "uv": [ 0.0, 0.0, 14.0, 1.0 ] },
                "west": { "texture": "#0", "uv": [ 0.0, 0.0, 1.0, 1.0 ] },
                "up": { "texture": "#0", "uv": [ 0.0, 0.0, 14.0, 1.0 ] },
                "down": { "texture": "#0", "uv": [ 0.0, 0.0, 14.0, 1.0 ] }
            }
        },
        {
            "name": "Cube",
            "from": [ 14.0, 18.0, 2.0 ], 
            "to": [ 15.0, 19.0, 14.0 ], 
            "faces": {
                "north": { "texture": "#0", "uv": [ 0.0, 0.0, 1.0, 1.0 ] },
                "east": { "texture": "#0", "uv": [ 0.0, 0.0, 12.0, 1.0 ] },
                "south": { "texture": "#0", "uv": [ 0.0, 0.0, 1.0, 1.0 ] },
                "west": { "texture": "#0", "uv": [ 0.0, 0.0, 12.0, 1.0 ] },
                "up": { "texture": "#0", "uv": [ 0.0, 0.0, 1.0, 12.0 ] },
                "down": { "texture": "#0", "uv": [ 0.0, 0.0, 1.0, 12.0 ] }
            }
        },
        {
            "name": "Cube",
            "from": [ 1.0, 18.0, 1.0 ], 
            "to": [ 15.0, 19.0, 2.0 ], 
            "faces": {
                "north": { "texture": "#0", "uv": [ 0.0, 0.0, 14.0, 1.0 ] },
                "east": { "texture": "#0", "uv": [ 0.0, 0.0, 1.0, 1.0 ] },
                "south": { "texture": "#0", "uv": [ 0.0, 0.0, 14.0, 1.0 ] },
                "west": { "texture": "#0", "uv": [ 0.0, 0.0, 1.0, 1.0 ] },
                "up": { "texture": "#0", "uv": [ 0.0, 0.0, 14.0, 1.0 ] },
                "down": { "texture": "#0", "uv": [ 0.0, 0.0, 14.0, 1.0 ] }
            }
        },
        {
            "name": "Cube",
            "from": [ 6.1, 25.0, 5.4 ], 
            "to": [ 10.2, 26.0, 10.4 ], 
            "faces": {
                "north": { "texture": "#0", "uv": [ 0.0, 0.0, 4.1, 1.0 ] },
                "east": { "texture": "#0", "uv": [ 0.0, 0.0, 5.0, 1.0 ] },
                "south": { "texture": "#0", "uv": [ 0.0, 0.0, 4.1, 1.0 ] },
                "west": { "texture": "#0", "uv": [ 0.0, 0.0, 5.0, 1.0 ] },
                "up": { "texture": "#0", "uv": [ 0.0, 0.0, 4.1, 5.0 ] },
                "down": { "texture": "#0", "uv": [ 0.0, 0.0, 4.1, 5.0 ] }
            }
        },
        {
            "name": "Cube",
            "from": [ 5.5, 25.0, 5.0 ], 
            "to": [ 10.8, 25.5, 11.0 ], 
            "faces": {
                "north": { "texture": "#0", "uv": [ 0.0, 0.0, 5.3, 0.5 ] },
                "east": { "texture": "#0", "uv": [ 0.0, 0.0, 6.0, 0.5 ] },
                "south": { "texture": "#0", "uv": [ 0.0, 0.0, 5.3, 0.5 ] },
                "west": { "texture": "#0", "uv": [ 0.0, 0.0, 6.0, 0.5 ] },
                "up": { "texture": "#0", "uv": [ 0.0, 0.0, 5.3, 6.0 ] },
                "down": { "texture": "#0", "uv": [ 0.0, 0.0, 5.3, 6.0 ] }
            }
        },
        {
            "name": "Cube",
            "from": [ 7.5, 7.0, 7.4 ], 
            "to": [ 8.5, 10.0, 8.4 ], 
            "faces": {
                "north": { "texture": "#1", "uv": [ 0.0, 0.0, 16.0, 16.0 ] },
                "east": { "texture": "#1", "uv": [ 0.0, 0.0, 16.0, 16.0 ] },
                "south": { "texture": "#1", "uv": [ 0.0, 0.0, 16.0, 16.0 ] },
                "west": { "texture": "#1", "uv": [ 0.0, 0.0, 16.0, 16.0 ] },
                "up": { "texture": "#1", "uv": [ 0.0, 0.0, 16.0, 16.0 ] },
                "down": { "texture": "#1", "uv": [ 0.0, 0.0, 1.0, 1.0 ] }
            }
        },
        {
            "name": "Cube",
            "from": [ 7.0, 10.0, 6.9 ], 
            "to": [ 9.0, 10.5, 8.9 ], 
            "faces": {
                "north": { "texture": "#4", "uv": [ 0.0, 0.0, 2.0, 0.5 ] },
                "east": { "texture": "#4", "uv": [ 0.0, 0.0, 2.0, 0.5 ] },
                "south": { "texture": "#4", "uv": [ 0.0, 0.0, 2.0, 0.5 ] },
                "west": { "texture": "#4", "uv": [ 0.0, 0.0, 2.0, 0.5 ] },
                "up": { "texture": "#4", "uv": [ 0.0, 0.0, 2.0, 2.0 ] },
                "down": { "texture": "#4", "uv": [ 0.0, 0.0, 2.0, 2.0 ] }
            }
        },
        {
            "name": "Cube",
            "from": [ 7.5, 10.0, 7.4 ], 
            "to": [ 8.5, 15.0, 8.4 ], 
            "faces": {
                "north": { "texture": "#5", "uv": [ 0.0, 0.0, 16.0, 16.0 ] },
                "east": { "texture": "#5", "uv": [ 0.0, 0.0, 16.0, 16.0 ] },
                "south": { "texture": "#5", "uv": [ 0.0, 0.0, 16.0, 16.0 ] },
                "west": { "texture": "#5", "uv": [ 0.0, 0.0, 16.0, 16.0 ] },
                "up": { "texture": "#5", "uv": [ 0.0, 0.0, 0.0, 0.0 ] },
                "down": { "texture": "#5", "uv": [ 0.0, 0.0, 16.0, 16.0 ] }
            }
        },
        {
            "name": "Cube",
            "from": [ 7.0, 26.0, 7.0 ], 
            "to": [ 9.0, 27.3, 9.0 ], 
            "faces": {
                "north": { "texture": "#1", "uv": [ 0.0, 0.0, 16.0, 16.0 ] },
                "east": { "texture": "#1", "uv": [ 0.0, 0.0, 16.0, 16.0 ] },
                "south": { "texture": "#1", "uv": [ 0.0, 0.0, 16.0, 16.0 ] },
                "west": { "texture": "#1", "uv": [ 0.0, 0.0, 16.0, 16.0 ] },
                "up": { "texture": "#1", "uv": [ 0.0, 0.0, 16.0, 16.0 ] },
                "down": { "texture": "#1", "uv": [ 0.0, 0.0, 16.0, 16.0 ] }
            }
        }
    ]
}