{
    "__comment": "Model generated using MrCrayfish's Model Creator (http://mrcrayfish.com/modelcreator/)",
    "textures": {
        "particle": "blocks/blocks/blocks/daylight_detector_inverted_top",
        "0": "blocks/wool_colored_blue",
        "1": "blocks/lapis_block",
        "2": "blocks/daylight_detector_inverted_top",
        "3": "blocks/sponge_wet",
        "4": "blocks/sponge"
    },
    "elements": [
        {
            "name": "Cube",
            "from": [ 7.3, 2.0, 7.0 ], 
            "to": [ 8.8, 9.0, 8.5 ], 
            "faces": {
                "north": { "texture": "#0", "uv": [ 0.0, 0.0, 2.0, 5.0 ] },
                "east": { "texture": "#0", "uv": [ 0.0, 0.0, 2.0, 5.0 ] },
                "south": { "texture": "#0", "uv": [ 0.0, 0.0, 2.0, 5.0 ] },
                "west": { "texture": "#0", "uv": [ 0.0, 0.0, 2.0, 5.0 ] },
                "up": { "texture": "#0", "uv": [ 0.0, 0.0, 2.0, 2.0 ] },
                "down": { "texture": "#0", "uv": [ 0.0, 0.0, 2.0, 2.0 ] }
            }
        },
        {
            "name": "Cube",
            "from": [ 7.2, 2.9000000000000004, 6.9 ], 
            "to": [ 8.9, 8.7, 8.6 ], 
            "faces": {
                "north": { "texture": "#1", "uv": [ 0.0, 0.0, 1.5, 0.5 ] },
                "east": { "texture": "#1", "uv": [ 0.0, 0.0, 1.5, 0.5 ] },
                "south": { "texture": "#1", "uv": [ 0.0, 0.0, 1.5, 0.5 ] },
                "west": { "texture": "#1", "uv": [ 0.0, 0.0, 1.5, 0.5 ] },
                "up": { "texture": "#1", "uv": [ 0.0, 0.0, 1.5, 1.5 ] },
                "down": { "texture": "#1", "uv": [ 0.0, 0.0, 1.5, 1.5 ] }
            }
        },
        {
            "name": "Cube",
            "from": [ 7.6, 0.7000000000000002, 7.3 ], 
            "to": [ 8.5, 1.0000000000000002, 8.2 ], 
            "faces": {
                "north": { "texture": "#1", "uv": [ 0.0, 0.0, 0.7, 0.5 ] },
                "east": { "texture": "#1", "uv": [ 0.0, 0.0, 0.7, 0.5 ] },
                "south": { "texture": "#1", "uv": [ 0.0, 0.0, 0.7, 0.5 ] },
                "west": { "texture": "#1", "uv": [ 0.0, 0.0, 0.7, 0.5 ] },
                "up": { "texture": "#1", "uv": [ 0.0, 0.0, 0.7, 0.7 ] },
                "down": { "texture": "#1", "uv": [ 0.0, 0.0, 0.7, 0.7 ] }
            }
        },
        {
            "name": "Cube",
            "from": [ 8.3, 0.5, 7.9 ], 
            "to": [ 7.9, 0.7, 7.500000000000001 ], 
            "faces": {
                "north": { "texture": "#1", "uv": [ 0.0, 0.0, 1.6, 0.3 ] },
                "east": { "texture": "#1", "uv": [ 0.0, 0.0, 1.6, 0.3 ] },
                "south": { "texture": "#1", "uv": [ 0.0, 0.0, 1.6, 0.3 ] },
                "west": { "texture": "#1", "uv": [ 0.0, 0.0, 1.6, 0.3 ] },
                "up": { "texture": "#1", "uv": [ 0.0, 0.0, 1.6, 1.6 ] },
                "down": { "texture": "#1", "uv": [ 0.0, 0.0, 1.6, 1.6 ] }
            }
        },
        {
            "name": "Cube",
            "from": [ 7.9, 7.6, 8.6 ], 
            "to": [ 8.200000000000001, 8.0, 8.9 ], 
            "faces": {
                "north": { "texture": "#2", "uv": [ 0.0, 0.0, 16.0, 16.0 ] },
                "east": { "texture": "#2", "uv": [ 0.0, 0.0, 16.0, 15.4 ] },
                "south": { "texture": "#2", "uv": [ 0.0, 0.0, 16.0, 16.0 ] },
                "west": { "texture": "#2", "uv": [ 0.0, 0.0, 16.0, 16.0 ] },
                "up": { "texture": "#2", "uv": [ 0.0, 0.0, 16.0, 16.0 ] },
                "down": { "texture": "#2", "uv": [ 0.0, 0.0, 16.0, 16.0 ] }
            }
        },
        {
            "name": "Cube",
            "from": [ 7.9, 6.7, 8.6 ], 
            "to": [ 8.200000000000001, 7.1000000000000005, 8.9 ], 
            "faces": {
                "north": { "texture": "#2", "uv": [ 0.0, 0.0, 16.0, 16.0 ] },
                "east": { "texture": "#2", "uv": [ 0.0, 0.0, 16.0, 16.0 ] },
                "south": { "texture": "#2", "uv": [ 0.0, 0.0, 16.0, 16.0 ] },
                "west": { "texture": "#2", "uv": [ 0.0, 0.0, 16.0, 16.0 ] },
                "up": { "texture": "#2", "uv": [ 0.0, 0.0, 16.0, 16.0 ] },
                "down": { "texture": "#2", "uv": [ 0.0, 0.0, 16.0, 16.0 ] }
            }
        },
        {
            "name": "Cube",
            "from": [ 7.4, 9.0, 7.1 ], 
            "to": [ 8.700000000000001, 9.4, 8.4 ], 
            "faces": {
                "north": { "texture": "#2", "uv": [ 0.0, 0.0, 16.0, 16.0 ] },
                "east": { "texture": "#2", "uv": [ 0.0, 0.0, 16.0, 16.0 ] },
                "south": { "texture": "#2", "uv": [ 0.0, 0.0, 16.0, 16.0 ] },
                "west": { "texture": "#2", "uv": [ 0.0, 0.0, 16.0, 16.0 ] },
                "up": { "texture": "#2", "uv": [ 0.0, 0.0, 16.0, 16.0 ] },
                "down": { "texture": "#2", "uv": [ 0.0, 0.0, 16.0, 16.0 ] }
            }
        },
        {
            "name": "Cube",
            "from": [ 7.5, 9.4, 7.2 ], 
            "to": [ 8.6, 10.200000000000001, 8.3 ], 
            "faces": {
                "north": { "texture": "#2", "uv": [ 0.0, 0.0, 16.0, 16.0 ] },
                "east": { "texture": "#2", "uv": [ 0.0, 0.0, 16.0, 16.0 ] },
                "south": { "texture": "#2", "uv": [ 0.0, 0.0, 16.0, 16.0 ] },
                "west": { "texture": "#2", "uv": [ 0.0, 0.0, 16.0, 16.0 ] },
                "up": { "texture": "#2", "uv": [ 0.0, 0.0, 16.0, 16.0 ] },
                "down": { "texture": "#2", "uv": [ 0.0, 0.0, 16.0, 16.0 ] }
            }
        },
        {
            "name": "Cube",
            "from": [ 7.4, 10.2, 7.1 ], 
            "to": [ 8.700000000000001, 10.399999999999999, 8.4 ], 
            "faces": {
                "north": { "texture": "#2", "uv": [ 0.0, 0.0, 16.0, 16.0 ] },
                "east": { "texture": "#2", "uv": [ 0.0, 0.0, 16.0, 16.0 ] },
                "south": { "texture": "#2", "uv": [ 0.0, 0.0, 16.0, 16.0 ] },
                "west": { "texture": "#2", "uv": [ 0.0, 0.0, 16.0, 16.0 ] },
                "up": { "texture": "#2", "uv": [ 0.0, 0.0, 16.0, 16.0 ] },
                "down": { "texture": "#2", "uv": [ 0.0, 0.0, 16.0, 16.0 ] }
            }
        },
        {
            "name": "Cube",
            "from": [ 7.1, 10.4, 6.8 ], 
            "to": [ 9.0, 10.700000000000001, 8.7 ], 
            "faces": {
                "north": { "texture": "#3", "uv": [ 0.0, 0.0, 16.0, 16.0 ] },
                "east": { "texture": "#3", "uv": [ 0.0, 0.0, 16.0, 16.0 ] },
                "south": { "texture": "#3", "uv": [ 0.0, 0.0, 16.0, 16.0 ] },
                "west": { "texture": "#3", "uv": [ 0.0, 0.0, 16.0, 16.0 ] },
                "up": { "texture": "#3", "uv": [ 0.0, 0.0, 16.0, 16.0 ] },
                "down": { "texture": "#3", "uv": [ 0.0, 0.0, 16.0, 16.0 ] }
            }
        },
        {
            "name": "Cube",
            "from": [ 6.8, 10.7, 6.5 ], 
            "to": [ 9.3, 12.1, 9.0 ], 
            "faces": {
                "north": { "texture": "#3", "uv": [ 0.0, 0.0, 16.0, 16.0 ] },
                "east": { "texture": "#3", "uv": [ 0.0, 0.0, 16.0, 16.0 ] },
                "south": { "texture": "#3", "uv": [ 0.0, 0.0, 16.0, 16.0 ] },
                "west": { "texture": "#3", "uv": [ 0.0, 0.0, 16.0, 16.0 ] },
                "up": { "texture": "#3", "uv": [ 0.0, 0.0, 16.0, 16.0 ] },
                "down": { "texture": "#3", "uv": [ 0.0, 0.0, 16.0, 16.0 ] }
            }
        },
        {
            "name": "Cube",
            "from": [ 7.0, 12.1, 6.7 ], 
            "to": [ 9.1, 12.9, 8.8 ], 
            "faces": {
                "north": { "texture": "#3", "uv": [ 0.0, 0.0, 16.0, 16.0 ] },
                "east": { "texture": "#3", "uv": [ 0.0, 0.0, 16.0, 16.0 ] },
                "south": { "texture": "#3", "uv": [ 0.0, 0.0, 16.0, 16.0 ] },
                "west": { "texture": "#3", "uv": [ 0.0, 0.0, 16.0, 16.0 ] },
                "up": { "texture": "#3", "uv": [ 0.0, 0.0, 16.0, 16.0 ] },
                "down": { "texture": "#3", "uv": [ 0.0, 0.0, 16.0, 16.0 ] }
            }
        },
        {
            "name": "Cube",
            "from": [ 7.1, 12.7, 6.8 ], 
            "to": [ 9.0, 13.299999999999999, 8.7 ], 
            "faces": {
                "north": { "texture": "#3", "uv": [ 0.0, 0.0, 16.0, 16.0 ] },
                "east": { "texture": "#3", "uv": [ 0.0, 0.0, 16.0, 16.0 ] },
                "south": { "texture": "#3", "uv": [ 0.0, 0.0, 16.0, 16.0 ] },
                "west": { "texture": "#3", "uv": [ 0.0, 0.0, 16.0, 16.0 ] },
                "up": { "texture": "#3", "uv": [ 0.0, 0.0, 16.0, 16.0 ] },
                "down": { "texture": "#3", "uv": [ 0.0, 0.0, 16.0, 16.0 ] }
            }
        },
        {
            "name": "Cube",
            "from": [ 7.3, 12.9, 7.0 ], 
            "to": [ 8.8, 13.8, 8.5 ], 
            "faces": {
                "north": { "texture": "#3", "uv": [ 0.0, 0.0, 16.0, 16.0 ] },
                "east": { "texture": "#3", "uv": [ 0.0, 0.0, 16.0, 16.0 ] },
                "south": { "texture": "#3", "uv": [ 0.0, 0.0, 16.0, 16.0 ] },
                "west": { "texture": "#3", "uv": [ 0.0, 0.0, 16.0, 16.0 ] },
                "up": { "texture": "#3", "uv": [ 0.0, 0.0, 16.0, 16.0 ] },
                "down": { "texture": "#3", "uv": [ 0.0, 0.0, 16.0, 16.0 ] }
            }
        },
        {
            "name": "Cube",
            "from": [ 7.4, 13.5, 7.1 ], 
            "to": [ 8.700000000000001, 14.2, 8.4 ], 
            "faces": {
                "north": { "texture": "#4", "uv": [ 0.0, 0.0, 16.0, 16.0 ] },
                "east": { "texture": "#4", "uv": [ 0.0, 0.0, 16.0, 16.0 ] },
                "south": { "texture": "#4", "uv": [ 0.0, 0.0, 16.0, 16.0 ] },
                "west": { "texture": "#4", "uv": [ 0.0, 0.0, 16.0, 16.0 ] },
                "up": { "texture": "#4", "uv": [ 0.0, 0.0, 16.0, 16.0 ] },
                "down": { "texture": "#4", "uv": [ 0.0, 0.0, 16.0, 16.0 ] }
            }
        },
        {
            "name": "Cube",
            "from": [ 7.6, 14.2, 7.3 ], 
            "to": [ 8.5, 14.899999999999999, 8.2 ], 
            "faces": {
                "north": { "texture": "#4", "uv": [ 0.0, 0.0, 16.0, 16.0 ] },
                "east": { "texture": "#4", "uv": [ 0.0, 0.0, 16.0, 16.0 ] },
                "south": { "texture": "#4", "uv": [ 0.0, 0.0, 16.0, 16.0 ] },
                "west": { "texture": "#4", "uv": [ 0.0, 0.0, 16.0, 16.0 ] },
                "up": { "texture": "#4", "uv": [ 0.0, 0.0, 16.0, 16.0 ] },
                "down": { "texture": "#4", "uv": [ 0.0, 0.0, 16.0, 16.0 ] }
            }
        },
        {
            "name": "Cube",
            "from": [ 7.8, 14.8, 7.5 ], 
            "to": [ 8.3, 15.3, 8.0 ], 
            "faces": {
                "north": { "texture": "#4", "uv": [ 0.0, 0.0, 16.0, 16.0 ] },
                "east": { "texture": "#4", "uv": [ 0.0, 0.0, 16.0, 16.0 ] },
                "south": { "texture": "#4", "uv": [ 0.0, 0.0, 16.0, 16.0 ] },
                "west": { "texture": "#4", "uv": [ 0.0, 0.0, 16.0, 16.0 ] },
                "up": { "texture": "#4", "uv": [ 0.0, 0.0, 16.0, 16.0 ] },
                "down": { "texture": "#4", "uv": [ 0.0, 0.0, 16.0, 16.0 ] }
            }
        },
        {
            "name": "Cube",
            "from": [ 7.9, 15.100000000000001, 7.6 ], 
            "to": [ 8.200000000000001, 15.700000000000001, 7.9 ], 
            "faces": {
                "north": { "texture": "#4", "uv": [ 0.0, 0.0, 16.0, 16.0 ] },
                "east": { "texture": "#4", "uv": [ 0.0, 0.0, 16.0, 16.0 ] },
                "south": { "texture": "#4", "uv": [ 0.0, 0.0, 16.0, 16.0 ] },
                "west": { "texture": "#4", "uv": [ 0.0, 0.0, 16.0, 16.0 ] },
                "up": { "texture": "#4", "uv": [ 0.0, 0.0, 16.0, 16.0 ] },
                "down": { "texture": "#4", "uv": [ 0.0, 0.0, 16.0, 16.0 ] }
            }
        },
        {
            "name": "Cube",
            "from": [ 7.5, 1.0, 7.2 ], 
            "to": [ 8.6, 9.0, 8.3 ], 
            "faces": {
                "north": { "texture": "#1", "uv": [ 0.0, 0.0, 2.0, 5.0 ] },
                "east": { "texture": "#1", "uv": [ 0.0, 0.0, 2.0, 5.0 ] },
                "south": { "texture": "#1", "uv": [ 0.0, 0.0, 2.0, 5.0 ] },
                "west": { "texture": "#1", "uv": [ 0.0, 0.0, 2.0, 5.0 ] },
                "up": { "texture": "#1", "uv": [ 0.0, 0.0, 2.0, 2.0 ] },
                "down": { "texture": "#1", "uv": [ 0.0, 0.0, 2.0, 2.0 ] }
            }
        },
        {
            "name": "Cube",
            "from": [ 7.9, 15.5, 7.9 ], 
            "to": [ 8.200000000000001, 15.8, 8.3 ], 
            "faces": {
                "north": { "texture": "#4", "uv": [ 0.0, 0.0, 16.0, 16.0 ] },
                "east": { "texture": "#4", "uv": [ 0.0, 0.0, 16.0, 16.0 ] },
                "south": { "texture": "#4", "uv": [ 0.0, 0.0, 16.0, 16.0 ] },
                "west": { "texture": "#4", "uv": [ 0.0, 0.0, 16.0, 16.0 ] },
                "up": { "texture": "#4", "uv": [ 0.0, 0.0, 16.0, 16.0 ] },
                "down": { "texture": "#4", "uv": [ 0.0, 0.0, 16.0, 16.0 ] }
            }
        },
        {
            "name": "Cube",
            "from": [ 7.9, 15.1, 7.9 ], 
            "to": [ 8.200000000000001, 15.5, 8.1 ], 
            "faces": {
                "north": { "texture": "#4", "uv": [ 0.0, 0.0, 16.0, 16.0 ] },
                "east": { "texture": "#4", "uv": [ 0.0, 0.0, 16.0, 16.0 ] },
                "south": { "texture": "#4", "uv": [ 0.0, 0.0, 16.0, 16.0 ] },
                "west": { "texture": "#4", "uv": [ 0.0, 0.0, 16.0, 16.0 ] },
                "up": { "texture": "#4", "uv": [ 0.0, 0.0, 16.0, 16.0 ] },
                "down": { "texture": "#4", "uv": [ 0.0, 0.0, 16.0, 16.3 ] }
            }
        },
        {
            "name": "Cube",
            "from": [ 7.9, 15.2, 7.5 ], 
            "to": [ 8.200000000000001, 15.5, 7.7 ], 
            "faces": {
                "north": { "texture": "#4", "uv": [ 0.0, 0.0, 16.0, 16.0 ] },
                "east": { "texture": "#4", "uv": [ 0.0, 0.0, 16.0, 16.0 ] },
                "south": { "texture": "#4", "uv": [ 0.0, 0.0, 16.0, 16.0 ] },
                "west": { "texture": "#4", "uv": [ 0.0, 0.0, 16.0, 16.0 ] },
                "up": { "texture": "#4", "uv": [ 0.0, 0.0, 16.0, 16.0 ] },
                "down": { "texture": "#4", "uv": [ 0.0, 0.0, 16.0, 16.3 ] }
            }
        },
        {
            "name": "Cube",
            "from": [ 7.9, 14.8, 7.3 ], 
            "to": [ 8.200000000000001, 15.100000000000001, 7.5 ], 
            "faces": {
                "north": { "texture": "#4", "uv": [ 0.0, 0.0, 16.0, 16.0 ] },
                "east": { "texture": "#4", "uv": [ 0.0, 0.0, 16.0, 16.0 ] },
                "south": { "texture": "#4", "uv": [ 0.0, 0.0, 16.0, 16.0 ] },
                "west": { "texture": "#4", "uv": [ 0.0, 0.0, 16.0, 16.0 ] },
                "up": { "texture": "#4", "uv": [ 0.0, 0.0, 16.0, 16.0 ] },
                "down": { "texture": "#4", "uv": [ 0.0, 0.0, 16.0, 16.3 ] }
            }
        },
        {
            "name": "Cube",
            "from": [ 7.1, 3.0999999999999996, 6.8 ], 
            "to": [ 9.0, 8.2, 8.7 ], 
            "faces": {
                "north": { "texture": "#1", "uv": [ 0.0, 0.0, 1.5, 0.5 ] },
                "east": { "texture": "#1", "uv": [ 0.0, 0.0, 1.5, 0.5 ] },
                "south": { "texture": "#1", "uv": [ 0.0, 0.0, 1.5, 0.5 ] },
                "west": { "texture": "#1", "uv": [ 0.0, 0.0, 1.5, 0.5 ] },
                "up": { "texture": "#1", "uv": [ 0.0, 0.0, 1.5, 1.5 ] },
                "down": { "texture": "#1", "uv": [ 0.0, 0.0, 1.5, 1.5 ] }
            }
        }
    ],
	"display": {
"thirdperson": {"rotation": [ -91, 0, 0], "translation": [ 0, 1, -3], "scale": [ 1, 1, 1 ]},
"firstperson": {"rotation": [ 0, 200, 0], "translation": [ 0, 4, 0 ], "scale": [ 1.1, 1.1, 1.1 ]},
"gui": {"rotation": [ 0, -90, 0], "translation": [ 0, 0, 0 ], "scale": [ 2, 2, 2 ]},
"ground": {"scale": [ 2, 2, 2 ]},
"fixed": {"scale": [ 2, 2, 2 ]}
}
}
