{
	"credit": "Made with Blockbench",
	"textures": {
		"0": "custom/dlr/trashcan/hm/wastefront1",
		"1": "custom/dlr/trashcan/hm/wasteside1",
		"2": "block/black_wool",
		"particle": "custom/dlr/trashcan/hm/wastefront1"
	},
	"elements": [
		{
			"from": [1, 1, 1],
			"to": [1.5, 22.75, 15],
			"faces": {
				"north": {"uv": [6.375, 4.125, 8.5, 11.75], "texture": "#1"},
				"east": {"uv": [0, 0, 16, 16], "texture": "#2"},
				"south": {"uv": [5, 3.25, 9.75, 12.75], "texture": "#1"},
				"west": {"uv": [0, 0, 16, 16], "texture": "#0"},
				"up": {"uv": [7, 5.625, 9.625, 9.5], "texture": "#1"},
				"down": {"uv": [5.375, 5, 8.25, 10.625], "texture": "#1"}
			}
		},
		{
			"from": [1.5, 2, 14.5],
			"to": [14.5, 22.75, 15],
			"faces": {
				"north": {"uv": [0, 0, 16, 16], "texture": "#2"},
				"east": {"uv": [5, 3.25, 9.75, 12.75], "texture": "#1"},
				"south": {"uv": [4.75, 5, 10.375, 11.125], "texture": "#1"},
				"west": {"uv": [6.375, 4.125, 8.5, 11.75], "texture": "#1"},
				"up": {"uv": [7, 5.625, 9.625, 9.5], "rotation": 270, "texture": "#1"},
				"down": {"uv": [5.375, 5, 8.25, 10.625], "rotation": 90, "texture": "#1"}
			}
		},
		{
			"from": [1.5, 2, 1],
			"to": [14.5, 22.75, 1.5],
			"faces": {
				"north": {"uv": [4.75, 5, 10.375, 11.125], "texture": "#1"},
				"east": {"uv": [6.375, 4.125, 8.5, 11.75], "texture": "#1"},
				"south": {"uv": [0, 0, 16, 16], "texture": "#2"},
				"west": {"uv": [5, 3.25, 9.75, 12.75], "texture": "#1"},
				"up": {"uv": [7, 5.625, 9.625, 9.5], "rotation": 90, "texture": "#1"},
				"down": {"uv": [5.375, 5, 8.25, 10.625], "rotation": 270, "texture": "#1"}
			}
		},
		{
			"from": [14.5, 1, 1],
			"to": [15, 22.75, 15],
			"faces": {
				"north": {"uv": [6.375, 4.125, 8.5, 11.75], "texture": "#1"},
				"east": {"uv": [0, 0, 16, 16], "texture": "#0"},
				"south": {"uv": [5, 3.25, 9.75, 12.75], "texture": "#1"},
				"west": {"uv": [0, 0, 15.375, 15.625], "texture": "#2"},
				"up": {"uv": [8.625, 6.25, 12, 10.125], "texture": "#1"},
				"down": {"uv": [5.375, 5, 8.25, 10.625], "texture": "#1"}
			}
		},
		{
			"from": [1, 1, 0],
			"to": [15, 24.75, 1],
			"faces": {
				"north": {"uv": [0, 0, 16, 16], "texture": "#1"},
				"east": {"uv": [6, 5.25, 9.375, 9.75], "texture": "#1"},
				"south": {"uv": [6.875, 6.375, 10.25, 10.5], "texture": "#2"},
				"west": {"uv": [6.375, 5.25, 8.375, 8.875], "texture": "#1"},
				"up": {"uv": [5.5, 6.375, 8.5, 10.125], "rotation": 270, "texture": "#1"},
				"down": {"uv": [6.75, 6.25, 9.125, 9.25], "rotation": 90, "texture": "#1"}
			}
		},
		{
			"from": [1, 1, 15],
			"to": [15, 24.75, 16],
			"faces": {
				"north": {"uv": [6.375, 5, 8.875, 8], "texture": "#2"},
				"east": {"uv": [7.375, 6, 9.875, 8.75], "texture": "#1"},
				"south": {"uv": [0, 0, 16, 16], "texture": "#1"},
				"west": {"uv": [6, 5.375, 8, 7.5], "texture": "#1"},
				"up": {"uv": [5.75, 5.625, 8, 8.625], "rotation": 270, "texture": "#1"},
				"down": {"uv": [6.125, 5.125, 8.375, 8.25], "rotation": 90, "texture": "#1"}
			}
		},
		{
			"from": [1, 25, 0],
			"to": [15, 27, 1],
			"faces": {
				"north": {"uv": [6, 4.25, 8.5, 8.125], "texture": "#1"},
				"east": {"uv": [7.625, 6, 8.625, 8], "texture": "#1"},
				"south": {"uv": [6.625, 7, 8.875, 9.875], "texture": "#1"},
				"west": {"uv": [6.125, 5.75, 7.125, 7.75], "texture": "#1"},
				"up": {"uv": [5.75, 4.875, 9.25, 8.625], "texture": "#1"},
				"down": {"uv": [5.5, 5.625, 8.5, 9.125], "texture": "#1"}
			}
		},
		{
			"from": [1, 25, 15],
			"to": [15, 27, 16],
			"faces": {
				"north": {"uv": [6, 4.25, 8.5, 8.125], "texture": "#1"},
				"east": {"uv": [7.625, 6, 8.625, 8], "texture": "#1"},
				"south": {"uv": [6.625, 7, 8.875, 9.875], "texture": "#1"},
				"west": {"uv": [6.125, 5.75, 7.125, 7.75], "texture": "#1"},
				"up": {"uv": [5.75, 4.875, 9.25, 8.625], "texture": "#1"},
				"down": {"uv": [5.5, 5.625, 8.5, 9.125], "texture": "#1"}
			}
		},
		{
			"from": [15, 0, -0.25],
			"to": [15.25, 27, 1],
			"faces": {
				"north": {"uv": [6.375, 6.125, 8.375, 6.875], "texture": "#1"},
				"east": {"uv": [6.75, 6.75, 8.75, 7.5], "texture": "#1"},
				"south": {"uv": [6.375, 7.125, 8.375, 7.875], "texture": "#1"},
				"west": {"uv": [7.375, 5.75, 9.375, 6.5], "texture": "#1"},
				"up": {"uv": [7, 5.875, 9, 7.875], "texture": "#1"},
				"down": {"uv": [6.125, 5.625, 8.125, 7.625], "texture": "#1"}
			}
		},
		{
			"from": [0.75, 0, -0.25],
			"to": [1, 27, 1],
			"faces": {
				"north": {"uv": [6.375, 6.125, 8.375, 6.875], "texture": "#1"},
				"east": {"uv": [6.75, 6.75, 8.75, 7.5], "texture": "#1"},
				"south": {"uv": [6.375, 7.125, 8.375, 7.875], "texture": "#1"},
				"west": {"uv": [7.375, 5.75, 9.375, 6.5], "texture": "#1"},
				"up": {"uv": [7, 5.875, 9, 7.875], "texture": "#1"},
				"down": {"uv": [6.125, 5.625, 8.125, 7.625], "texture": "#1"}
			}
		},
		{
			"from": [15, 26.55, 18.325],
			"to": [15.25, 27.55, 20.325],
			"rotation": {"angle": -45, "axis": "x", "origin": [23, 7, 8]},
			"faces": {
				"north": {"uv": [6.375, 6.125, 8.375, 6.875], "texture": "#1"},
				"east": {"uv": [6.75, 6.75, 8.75, 7.5], "texture": "#1"},
				"south": {"uv": [6.375, 7.125, 8.375, 7.875], "texture": "#1"},
				"west": {"uv": [7.375, 5.75, 9.375, 6.5], "texture": "#1"},
				"up": {"uv": [7, 5.875, 9, 7.875], "texture": "#1"},
				"down": {"uv": [6.125, 5.625, 8.125, 7.625], "texture": "#1"}
			}
		},
		{
			"from": [0.75, 26.55, 18.325],
			"to": [1, 27.55, 20.325],
			"rotation": {"angle": -45, "axis": "x", "origin": [8, 7, 8]},
			"faces": {
				"north": {"uv": [6.375, 6.125, 8.375, 6.875], "texture": "#1"},
				"east": {"uv": [6.75, 6.75, 8.75, 7.5], "texture": "#1"},
				"south": {"uv": [6.375, 7.125, 8.375, 7.875], "texture": "#1"},
				"west": {"uv": [7.375, 5.75, 9.375, 6.5], "texture": "#1"},
				"up": {"uv": [7, 5.875, 9, 7.875], "texture": "#1"},
				"down": {"uv": [6.125, 5.625, 8.125, 7.625], "texture": "#1"}
			}
		},
		{
			"from": [15, 0, 15],
			"to": [15.25, 27, 16.25],
			"faces": {
				"north": {"uv": [6.375, 6.125, 8.375, 6.875], "texture": "#1"},
				"east": {"uv": [6.75, 6.75, 8.75, 7.5], "texture": "#1"},
				"south": {"uv": [6.375, 7.125, 8.375, 7.875], "texture": "#1"},
				"west": {"uv": [7.375, 5.75, 9.375, 6.5], "texture": "#1"},
				"up": {"uv": [7, 5.875, 9, 7.875], "texture": "#1"},
				"down": {"uv": [6.125, 5.625, 8.125, 7.625], "texture": "#1"}
			}
		},
		{
			"from": [0.75, 0, 15],
			"to": [1, 27, 16.25],
			"faces": {
				"north": {"uv": [6.375, 6.125, 8.375, 6.875], "texture": "#1"},
				"east": {"uv": [6.75, 6.75, 8.75, 7.5], "texture": "#1"},
				"south": {"uv": [6.375, 7.125, 8.375, 7.875], "texture": "#1"},
				"west": {"uv": [7.375, 5.75, 9.375, 6.5], "texture": "#1"},
				"up": {"uv": [7, 5.875, 9, 7.875], "texture": "#1"},
				"down": {"uv": [6.125, 5.625, 8.125, 7.625], "texture": "#1"}
			}
		},
		{
			"from": [14, 0, 16],
			"to": [15.25, 27, 16.25],
			"faces": {
				"north": {"uv": [6.75, 6.75, 8.75, 7.5], "texture": "#1"},
				"east": {"uv": [6.375, 7.125, 8.375, 7.875], "texture": "#1"},
				"south": {"uv": [7.375, 5.75, 9.375, 6.5], "texture": "#1"},
				"west": {"uv": [6.375, 6.125, 8.375, 6.875], "texture": "#1"},
				"up": {"uv": [7, 5.875, 9, 7.875], "rotation": 270, "texture": "#1"},
				"down": {"uv": [6.125, 5.625, 8.125, 7.625], "rotation": 90, "texture": "#1"}
			}
		},
		{
			"from": [0.75, 0, 16],
			"to": [2, 27, 16.25],
			"faces": {
				"north": {"uv": [6.75, 6.75, 8.75, 7.5], "texture": "#1"},
				"east": {"uv": [6.375, 7.125, 8.375, 7.875], "texture": "#1"},
				"south": {"uv": [7.375, 5.75, 9.375, 6.5], "texture": "#1"},
				"west": {"uv": [6.375, 6.125, 8.375, 6.875], "texture": "#1"},
				"up": {"uv": [7, 5.875, 9, 7.875], "rotation": 270, "texture": "#1"},
				"down": {"uv": [6.125, 5.625, 8.125, 7.625], "rotation": 90, "texture": "#1"}
			}
		},
		{
			"from": [15, 30, 4],
			"to": [15.25, 31, 12],
			"faces": {
				"north": {"uv": [6.375, 6.125, 8.375, 6.875], "texture": "#1"},
				"east": {"uv": [6.75, 6.75, 8.75, 7.5], "texture": "#1"},
				"south": {"uv": [6.375, 7.125, 8.375, 7.875], "texture": "#1"},
				"west": {"uv": [7.375, 5.75, 9.375, 6.5], "texture": "#1"},
				"up": {"uv": [7, 5.875, 9, 7.875], "texture": "#1"},
				"down": {"uv": [6.125, 5.625, 8.125, 7.625], "texture": "#1"}
			}
		},
		{
			"from": [0.75, 30, 4],
			"to": [1, 31, 12],
			"faces": {
				"north": {"uv": [6.375, 6.125, 8.375, 6.875], "texture": "#1"},
				"east": {"uv": [6.75, 6.75, 8.75, 7.5], "texture": "#1"},
				"south": {"uv": [6.375, 7.125, 8.375, 7.875], "texture": "#1"},
				"west": {"uv": [7.375, 5.75, 9.375, 6.5], "texture": "#1"},
				"up": {"uv": [7, 5.875, 9, 7.875], "texture": "#1"},
				"down": {"uv": [6.125, 5.625, 8.125, 7.625], "texture": "#1"}
			}
		},
		{
			"from": [15, 22.425, -7.025],
			"to": [15.25, 24.425, -6.025],
			"rotation": {"angle": 22.5, "axis": "x", "origin": [23, 7, 8]},
			"faces": {
				"north": {"uv": [6.375, 6.125, 8.375, 6.875], "rotation": 180, "texture": "#1"},
				"east": {"uv": [6.75, 6.75, 8.75, 7.5], "rotation": 90, "texture": "#1"},
				"south": {"uv": [6.375, 7.125, 8.375, 7.875], "texture": "#1"},
				"west": {"uv": [7.375, 5.75, 9.375, 6.5], "rotation": 270, "texture": "#1"},
				"up": {"uv": [7, 5.875, 9, 7.875], "texture": "#1"},
				"down": {"uv": [6.125, 5.625, 8.125, 7.625], "rotation": 180, "texture": "#1"}
			}
		},
		{
			"from": [0.75, 22.425, -7.025],
			"to": [1, 24.425, -6.025],
			"rotation": {"angle": 22.5, "axis": "x", "origin": [8, 7, 8]},
			"faces": {
				"north": {"uv": [6.375, 6.125, 8.375, 6.875], "rotation": 180, "texture": "#1"},
				"east": {"uv": [6.75, 6.75, 8.75, 7.5], "rotation": 90, "texture": "#1"},
				"south": {"uv": [6.375, 7.125, 8.375, 7.875], "texture": "#1"},
				"west": {"uv": [7.375, 5.75, 9.375, 6.5], "rotation": 270, "texture": "#1"},
				"up": {"uv": [7, 5.875, 9, 7.875], "texture": "#1"},
				"down": {"uv": [6.125, 5.625, 8.125, 7.625], "rotation": 180, "texture": "#1"}
			}
		},
		{
			"from": [15, 29.7, 11.5],
			"to": [15.25, 30.7, 13.5],
			"rotation": {"angle": -22.5, "axis": "x", "origin": [23, 7, 8]},
			"faces": {
				"north": {"uv": [6.375, 6.125, 8.375, 6.875], "texture": "#1"},
				"east": {"uv": [6.75, 6.75, 8.75, 7.5], "texture": "#1"},
				"south": {"uv": [6.375, 7.125, 8.375, 7.875], "texture": "#1"},
				"west": {"uv": [7.375, 5.75, 9.375, 6.5], "texture": "#1"},
				"up": {"uv": [7, 5.875, 9, 7.875], "texture": "#1"},
				"down": {"uv": [6.125, 5.625, 8.125, 7.625], "texture": "#1"}
			}
		},
		{
			"from": [0.75, 29.7, 11.5],
			"to": [1, 30.7, 13.5],
			"rotation": {"angle": -22.5, "axis": "x", "origin": [8, 7, 8]},
			"faces": {
				"north": {"uv": [6.375, 6.125, 8.375, 6.875], "texture": "#1"},
				"east": {"uv": [6.75, 6.75, 8.75, 7.5], "texture": "#1"},
				"south": {"uv": [6.375, 7.125, 8.375, 7.875], "texture": "#1"},
				"west": {"uv": [7.375, 5.75, 9.375, 6.5], "texture": "#1"},
				"up": {"uv": [7, 5.875, 9, 7.875], "texture": "#1"},
				"down": {"uv": [6.125, 5.625, 8.125, 7.625], "texture": "#1"}
			}
		},
		{
			"from": [15, 0, 15],
			"to": [15.75, 0.75, 16.75],
			"faces": {
				"north": {"uv": [6.375, 6.125, 8.375, 6.875], "texture": "#1"},
				"east": {"uv": [6.75, 6.75, 8.75, 7.5], "texture": "#1"},
				"south": {"uv": [6.375, 7.125, 8.375, 7.875], "texture": "#1"},
				"west": {"uv": [7.375, 5.75, 9.375, 6.5], "texture": "#1"},
				"up": {"uv": [7, 5.875, 9, 7.875], "texture": "#1"},
				"down": {"uv": [6.125, 5.625, 8.125, 7.625], "texture": "#1"}
			}
		},
		{
			"from": [14, 0, -0.75],
			"to": [15.75, 0.75, 0],
			"faces": {
				"north": {"uv": [6.75, 6.75, 8.75, 7.5], "texture": "#1"},
				"east": {"uv": [6.375, 7.125, 8.375, 7.875], "texture": "#1"},
				"south": {"uv": [7.375, 5.75, 9.375, 6.5], "texture": "#1"},
				"west": {"uv": [6.375, 6.125, 8.375, 6.875], "texture": "#1"},
				"up": {"uv": [7, 5.875, 9, 7.875], "rotation": 270, "texture": "#1"},
				"down": {"uv": [6.125, 5.625, 8.125, 7.625], "rotation": 90, "texture": "#1"}
			}
		},
		{
			"from": [0.25, 0, -0.75],
			"to": [1, 0.75, 1],
			"faces": {
				"north": {"uv": [6.375, 7.125, 8.375, 7.875], "texture": "#1"},
				"east": {"uv": [7.375, 5.75, 9.375, 6.5], "texture": "#1"},
				"south": {"uv": [6.375, 6.125, 8.375, 6.875], "texture": "#1"},
				"west": {"uv": [6.75, 6.75, 8.75, 7.5], "texture": "#1"},
				"up": {"uv": [7, 5.875, 9, 7.875], "rotation": 180, "texture": "#1"},
				"down": {"uv": [6.125, 5.625, 8.125, 7.625], "rotation": 180, "texture": "#1"}
			}
		},
		{
			"from": [0.25, 0, 16],
			"to": [2, 0.75, 16.75],
			"faces": {
				"north": {"uv": [7.375, 5.75, 9.375, 6.5], "texture": "#1"},
				"east": {"uv": [6.375, 6.125, 8.375, 6.875], "texture": "#1"},
				"south": {"uv": [6.75, 6.75, 8.75, 7.5], "texture": "#1"},
				"west": {"uv": [6.375, 7.125, 8.375, 7.875], "texture": "#1"},
				"up": {"uv": [7, 5.875, 9, 7.875], "rotation": 90, "texture": "#1"},
				"down": {"uv": [6.125, 5.625, 8.125, 7.625], "rotation": 270, "texture": "#1"}
			}
		},
		{
			"from": [14, 0, 16],
			"to": [15.75, 0.75, 16.75],
			"faces": {
				"north": {"uv": [6.75, 6.75, 8.75, 7.5], "texture": "#1"},
				"east": {"uv": [6.375, 7.125, 8.375, 7.875], "texture": "#1"},
				"south": {"uv": [7.375, 5.75, 9.375, 6.5], "texture": "#1"},
				"west": {"uv": [6.375, 6.125, 8.375, 6.875], "texture": "#1"},
				"up": {"uv": [7, 5.875, 9, 7.875], "rotation": 270, "texture": "#1"},
				"down": {"uv": [6.125, 5.625, 8.125, 7.625], "rotation": 90, "texture": "#1"}
			}
		},
		{
			"from": [15, 0, -0.75],
			"to": [15.75, 0.75, 1],
			"faces": {
				"north": {"uv": [6.375, 7.125, 8.375, 7.875], "texture": "#1"},
				"east": {"uv": [7.375, 5.75, 9.375, 6.5], "texture": "#1"},
				"south": {"uv": [6.375, 6.125, 8.375, 6.875], "texture": "#1"},
				"west": {"uv": [6.75, 6.75, 8.75, 7.5], "texture": "#1"},
				"up": {"uv": [7, 5.875, 9, 7.875], "rotation": 180, "texture": "#1"},
				"down": {"uv": [6.125, 5.625, 8.125, 7.625], "rotation": 180, "texture": "#1"}
			}
		},
		{
			"from": [0.25, 0, -0.75],
			"to": [2, 0.75, 0],
			"faces": {
				"north": {"uv": [7.375, 5.75, 9.375, 6.5], "texture": "#1"},
				"east": {"uv": [6.375, 6.125, 8.375, 6.875], "texture": "#1"},
				"south": {"uv": [6.75, 6.75, 8.75, 7.5], "texture": "#1"},
				"west": {"uv": [6.375, 7.125, 8.375, 7.875], "texture": "#1"},
				"up": {"uv": [7, 5.875, 9, 7.875], "rotation": 90, "texture": "#1"},
				"down": {"uv": [6.125, 5.625, 8.125, 7.625], "rotation": 270, "texture": "#1"}
			}
		},
		{
			"from": [0.25, 0, 15],
			"to": [1, 0.75, 16.75],
			"faces": {
				"north": {"uv": [6.375, 6.125, 8.375, 6.875], "texture": "#1"},
				"east": {"uv": [6.75, 6.75, 8.75, 7.5], "texture": "#1"},
				"south": {"uv": [6.375, 7.125, 8.375, 7.875], "texture": "#1"},
				"west": {"uv": [7.375, 5.75, 9.375, 6.5], "texture": "#1"},
				"up": {"uv": [7, 5.875, 9, 7.875], "texture": "#1"},
				"down": {"uv": [6.125, 5.625, 8.125, 7.625], "texture": "#1"}
			}
		},
		{
			"from": [15, 29.7, 2.5],
			"to": [15.25, 30.7, 4.5],
			"rotation": {"angle": 22.5, "axis": "x", "origin": [23, 7, 8]},
			"faces": {
				"north": {"uv": [6.375, 6.125, 8.375, 6.875], "texture": "#1"},
				"east": {"uv": [6.75, 6.75, 8.75, 7.5], "texture": "#1"},
				"south": {"uv": [6.375, 7.125, 8.375, 7.875], "texture": "#1"},
				"west": {"uv": [7.375, 5.75, 9.375, 6.5], "texture": "#1"},
				"up": {"uv": [7, 5.875, 9, 7.875], "texture": "#1"},
				"down": {"uv": [6.125, 5.625, 8.125, 7.625], "texture": "#1"}
			}
		},
		{
			"from": [0.75, 29.7, 2.5],
			"to": [1, 30.7, 4.5],
			"rotation": {"angle": 22.5, "axis": "x", "origin": [8, 7, 8]},
			"faces": {
				"north": {"uv": [6.375, 6.125, 8.375, 6.875], "texture": "#1"},
				"east": {"uv": [6.75, 6.75, 8.75, 7.5], "texture": "#1"},
				"south": {"uv": [6.375, 7.125, 8.375, 7.875], "texture": "#1"},
				"west": {"uv": [7.375, 5.75, 9.375, 6.5], "texture": "#1"},
				"up": {"uv": [7, 5.875, 9, 7.875], "texture": "#1"},
				"down": {"uv": [6.125, 5.625, 8.125, 7.625], "texture": "#1"}
			}
		},
		{
			"from": [15, 26.55, -4.325],
			"to": [15.25, 27.55, -2.325],
			"rotation": {"angle": 45, "axis": "x", "origin": [23, 7, 8]},
			"faces": {
				"north": {"uv": [6.375, 6.125, 8.375, 6.875], "texture": "#1"},
				"east": {"uv": [6.75, 6.75, 8.75, 7.5], "texture": "#1"},
				"south": {"uv": [6.375, 7.125, 8.375, 7.875], "texture": "#1"},
				"west": {"uv": [7.375, 5.75, 9.375, 6.5], "texture": "#1"},
				"up": {"uv": [7, 5.875, 9, 7.875], "texture": "#1"},
				"down": {"uv": [6.125, 5.625, 8.125, 7.625], "texture": "#1"}
			}
		},
		{
			"from": [0.75, 26.55, -4.325],
			"to": [1, 27.55, -2.325],
			"rotation": {"angle": 45, "axis": "x", "origin": [8, 7, 8]},
			"faces": {
				"north": {"uv": [6.375, 6.125, 8.375, 6.875], "texture": "#1"},
				"east": {"uv": [6.75, 6.75, 8.75, 7.5], "texture": "#1"},
				"south": {"uv": [6.375, 7.125, 8.375, 7.875], "texture": "#1"},
				"west": {"uv": [7.375, 5.75, 9.375, 6.5], "texture": "#1"},
				"up": {"uv": [7, 5.875, 9, 7.875], "texture": "#1"},
				"down": {"uv": [6.125, 5.625, 8.125, 7.625], "texture": "#1"}
			}
		},
		{
			"from": [15, 22.425, 22.025],
			"to": [15.25, 24.425, 23.025],
			"rotation": {"angle": -22.5, "axis": "x", "origin": [23, 7, 8]},
			"faces": {
				"north": {"uv": [6.375, 6.125, 8.375, 6.875], "texture": "#1"},
				"east": {"uv": [6.75, 6.75, 8.75, 7.5], "texture": "#1"},
				"south": {"uv": [6.375, 7.125, 8.375, 7.875], "texture": "#1"},
				"west": {"uv": [7.375, 5.75, 9.375, 6.5], "texture": "#1"},
				"up": {"uv": [7, 5.875, 9, 7.875], "texture": "#1"},
				"down": {"uv": [6.125, 5.625, 8.125, 7.625], "texture": "#1"}
			}
		},
		{
			"from": [0.75, 22.425, 22.025],
			"to": [1, 24.425, 23.025],
			"rotation": {"angle": -22.5, "axis": "x", "origin": [8, 7, 8]},
			"faces": {
				"north": {"uv": [6.375, 6.125, 8.375, 6.875], "texture": "#1"},
				"east": {"uv": [6.75, 6.75, 8.75, 7.5], "texture": "#1"},
				"south": {"uv": [6.375, 7.125, 8.375, 7.875], "texture": "#1"},
				"west": {"uv": [7.375, 5.75, 9.375, 6.5], "texture": "#1"},
				"up": {"uv": [7, 5.875, 9, 7.875], "texture": "#1"},
				"down": {"uv": [6.125, 5.625, 8.125, 7.625], "texture": "#1"}
			}
		},
		{
			"from": [1, 22.425, -7.025],
			"to": [15, 24.425, -6.025],
			"rotation": {"angle": 22.5, "axis": "x", "origin": [9, 7, 8]},
			"faces": {
				"north": {"uv": [6, 4.25, 8.5, 8.125], "rotation": 180, "texture": "#1"},
				"east": {"uv": [7.625, 6, 8.625, 8], "rotation": 90, "texture": "#1"},
				"south": {"uv": [6.625, 7, 8.875, 9.875], "texture": "#1"},
				"west": {"uv": [6.125, 5.75, 7.125, 7.75], "rotation": 270, "texture": "#1"},
				"up": {"uv": [5.75, 4.875, 9.25, 8.625], "texture": "#1"},
				"down": {"uv": [5.5, 5.625, 8.5, 9.125], "rotation": 180, "texture": "#1"}
			}
		},
		{
			"from": [1, 29.7, 11.5],
			"to": [15, 30.7, 13.5],
			"rotation": {"angle": -22.5, "axis": "x", "origin": [9, 7, 8]},
			"faces": {
				"north": {"uv": [6, 4.25, 8.5, 8.125], "texture": "#1"},
				"east": {"uv": [7.625, 6, 8.625, 8], "texture": "#1"},
				"south": {"uv": [6.625, 7, 8.875, 9.875], "texture": "#1"},
				"west": {"uv": [6.125, 5.75, 7.125, 7.75], "texture": "#1"},
				"up": {"uv": [5.75, 4.875, 9.25, 8.625], "texture": "#1"},
				"down": {"uv": [5.5, 5.625, 8.5, 9.125], "texture": "#1"}
			}
		},
		{
			"from": [1, 30, 4],
			"to": [15, 31, 12],
			"faces": {
				"north": {"uv": [6, 4.25, 8.5, 8.125], "texture": "#1"},
				"east": {"uv": [7.625, 6, 8.625, 8], "texture": "#1"},
				"south": {"uv": [6.625, 7, 8.875, 9.875], "texture": "#1"},
				"west": {"uv": [6.125, 5.75, 7.125, 7.75], "texture": "#1"},
				"up": {"uv": [5.75, 4.875, 9.25, 8.625], "texture": "#1"},
				"down": {"uv": [5.5, 5.625, 8.5, 9.125], "texture": "#1"}
			}
		},
		{
			"from": [1, 29.7, 2.5],
			"to": [15, 30.7, 4.5],
			"rotation": {"angle": 22.5, "axis": "x", "origin": [9, 7, 8]},
			"faces": {
				"north": {"uv": [6, 4.25, 8.5, 8.125], "texture": "#1"},
				"east": {"uv": [7.625, 6, 8.625, 8], "texture": "#1"},
				"south": {"uv": [6.625, 7, 8.875, 9.875], "texture": "#1"},
				"west": {"uv": [6.125, 5.75, 7.125, 7.75], "texture": "#1"},
				"up": {"uv": [5.75, 4.875, 9.25, 8.625], "texture": "#1"},
				"down": {"uv": [5.5, 5.625, 8.5, 9.125], "texture": "#1"}
			}
		},
		{
			"from": [1, 26.55, -4.325],
			"to": [15, 27.55, -2.325],
			"rotation": {"angle": 45, "axis": "x", "origin": [9, 7, 8]},
			"faces": {
				"north": {"uv": [6, 4.25, 8.5, 8.125], "texture": "#1"},
				"east": {"uv": [7.625, 6, 8.625, 8], "texture": "#1"},
				"south": {"uv": [6.625, 7, 8.875, 9.875], "texture": "#1"},
				"west": {"uv": [6.125, 5.75, 7.125, 7.75], "texture": "#1"},
				"up": {"uv": [5.75, 4.875, 9.25, 8.625], "texture": "#1"},
				"down": {"uv": [5.5, 5.625, 8.5, 9.125], "texture": "#1"}
			}
		},
		{
			"from": [1, 23, 1],
			"to": [15, 28, 15],
			"faces": {
				"north": {"uv": [0, 0, 15.25, 15.875], "texture": "#2"},
				"east": {"uv": [0, 0, 16, 15.75], "texture": "#2"},
				"south": {"uv": [0, 0, 15.75, 16], "texture": "#2"},
				"west": {"uv": [0, 0, 15.375, 15.625], "texture": "#2"},
				"up": {"uv": [0, 0, 15.125, 15.25], "texture": "#2"},
				"down": {"uv": [0, 0, 15.5, 15.5], "texture": "#2"}
			}
		},
		{
			"from": [14, 0, -0.25],
			"to": [15.25, 27, 0],
			"faces": {
				"north": {"uv": [7.375, 5.75, 9.375, 6.5], "texture": "#1"},
				"east": {"uv": [6.375, 6.125, 8.375, 6.875], "texture": "#1"},
				"south": {"uv": [6.75, 6.75, 8.75, 7.5], "texture": "#1"},
				"west": {"uv": [6.375, 7.125, 8.375, 7.875], "texture": "#1"},
				"up": {"uv": [7, 5.875, 9, 7.875], "rotation": 90, "texture": "#1"},
				"down": {"uv": [6.125, 5.625, 8.125, 7.625], "rotation": 270, "texture": "#1"}
			}
		},
		{
			"from": [0.75, 0, -0.25],
			"to": [2, 27, 0],
			"faces": {
				"north": {"uv": [7.375, 5.75, 9.375, 6.5], "texture": "#1"},
				"east": {"uv": [6.375, 6.125, 8.375, 6.875], "texture": "#1"},
				"south": {"uv": [6.75, 6.75, 8.75, 7.5], "texture": "#1"},
				"west": {"uv": [6.375, 7.125, 8.375, 7.875], "texture": "#1"},
				"up": {"uv": [7, 5.875, 9, 7.875], "rotation": 90, "texture": "#1"},
				"down": {"uv": [6.125, 5.625, 8.125, 7.625], "rotation": 270, "texture": "#1"}
			}
		},
		{
			"from": [1, 28, 1],
			"to": [15, 29, 15],
			"faces": {
				"north": {"uv": [0, 0, 15.25, 15.875], "texture": "#2"},
				"east": {"uv": [0, 0, 16, 15.75], "texture": "#2"},
				"south": {"uv": [0, 0, 15.75, 16], "texture": "#2"},
				"west": {"uv": [0, 0, 15.375, 15.625], "texture": "#2"},
				"up": {"uv": [0, 0, 15.125, 15.25], "texture": "#2"},
				"down": {"uv": [0, 0, 15.5, 15.5], "texture": "#2"}
			}
		},
		{
			"from": [1, 29, 2],
			"to": [15, 30, 14],
			"faces": {
				"north": {"uv": [0, 0, 15.25, 15.875], "texture": "#2"},
				"east": {"uv": [0, 0, 16, 15.75], "texture": "#2"},
				"south": {"uv": [0, 0, 15.75, 16], "texture": "#2"},
				"west": {"uv": [0, 0, 15.375, 15.625], "texture": "#2"},
				"up": {"uv": [0, 0, 15.125, 15.25], "texture": "#2"},
				"down": {"uv": [0, 0, 15.5, 15.5], "texture": "#2"}
			}
		},
		{
			"from": [14, 31, 4.035],
			"to": [15.25, 31.24, 11.955],
			"faces": {
				"north": {"uv": [5.5, 7.25, 6.75, 7.5], "texture": "#1"},
				"east": {"uv": [7.75, 5.75, 8.75, 6], "texture": "#1"},
				"south": {"uv": [5.5, 6, 9.25, 9.125], "texture": "#1"},
				"west": {"uv": [7.125, 7.25, 8.125, 7.5], "texture": "#1"},
				"up": {"uv": [6, 5, 8.625, 7.75], "texture": "#1"},
				"down": {"uv": [7.25, 6.75, 8.625, 7.75], "texture": "#1"}
			}
		},
		{
			"from": [0.75, 31, 4.035],
			"to": [2, 31.24, 11.955],
			"faces": {
				"north": {"uv": [5.5, 7.25, 6.75, 7.5], "texture": "#1"},
				"east": {"uv": [7.75, 5.75, 8.75, 6], "texture": "#1"},
				"south": {"uv": [5.5, 6, 9.25, 9.125], "texture": "#1"},
				"west": {"uv": [7.125, 7.25, 8.125, 7.5], "texture": "#1"},
				"up": {"uv": [6, 5, 8.625, 7.75], "texture": "#1"},
				"down": {"uv": [7.25, 6.75, 8.625, 7.75], "texture": "#1"}
			}
		},
		{
			"from": [14, 22.3, 23.025],
			"to": [15.25, 24.4, 23.275],
			"rotation": {"angle": -22.5, "axis": "x", "origin": [9, 7, 8]},
			"faces": {
				"north": {"uv": [6, 4.25, 8.5, 8.125], "texture": "#1"},
				"east": {"uv": [7.625, 6, 8.625, 8], "texture": "#1"},
				"south": {"uv": [6.625, 7, 8.875, 9.875], "texture": "#1"},
				"west": {"uv": [6.125, 5.75, 7.125, 7.75], "texture": "#1"},
				"up": {"uv": [5.75, 4.875, 9.25, 8.625], "texture": "#1"},
				"down": {"uv": [5.5, 5.625, 8.5, 9.125], "texture": "#1"}
			}
		},
		{
			"from": [0.75, 22.3, 23.025],
			"to": [2, 24.4, 23.275],
			"rotation": {"angle": -22.5, "axis": "x", "origin": [-4, 7, 8]},
			"faces": {
				"north": {"uv": [6, 4.25, 8.5, 8.125], "texture": "#1"},
				"east": {"uv": [7.625, 6, 8.625, 8], "texture": "#1"},
				"south": {"uv": [6.625, 7, 8.875, 9.875], "texture": "#1"},
				"west": {"uv": [6.125, 5.75, 7.125, 7.75], "texture": "#1"},
				"up": {"uv": [5.75, 4.875, 9.25, 8.625], "texture": "#1"},
				"down": {"uv": [5.5, 5.625, 8.5, 9.125], "texture": "#1"}
			}
		},
		{
			"from": [1, 22.425, 22.025],
			"to": [15, 24.425, 23.025],
			"rotation": {"angle": -22.5, "axis": "x", "origin": [9, 7, 8]},
			"faces": {
				"north": {"uv": [6, 4.25, 8.5, 8.125], "texture": "#1"},
				"east": {"uv": [7.625, 6, 8.625, 8], "texture": "#1"},
				"south": {"uv": [6.625, 7, 8.875, 9.875], "texture": "#1"},
				"west": {"uv": [6.125, 5.75, 7.125, 7.75], "texture": "#1"},
				"up": {"uv": [5.75, 4.875, 9.25, 8.625], "texture": "#1"},
				"down": {"uv": [5.5, 5.625, 8.5, 9.125], "texture": "#1"}
			}
		},
		{
			"from": [14, 27.525, -4.325],
			"to": [15.25, 27.775, -2.225],
			"rotation": {"angle": 45, "axis": "x", "origin": [9, 7, 8]},
			"faces": {
				"north": {"uv": [6, 4.25, 8.5, 8.125], "texture": "#1"},
				"east": {"uv": [7.625, 6, 8.625, 8], "texture": "#1"},
				"south": {"uv": [6.625, 7, 8.875, 9.875], "texture": "#1"},
				"west": {"uv": [6.125, 5.75, 7.125, 7.75], "texture": "#1"},
				"up": {"uv": [5.75, 4.875, 9.25, 8.625], "texture": "#1"},
				"down": {"uv": [5.5, 5.625, 8.5, 9.125], "texture": "#1"}
			}
		},
		{
			"from": [0.75, 27.525, -4.325],
			"to": [2, 27.775, -2.225],
			"rotation": {"angle": 45, "axis": "x", "origin": [-4, 7, 8]},
			"faces": {
				"north": {"uv": [6, 4.25, 8.5, 8.125], "texture": "#1"},
				"east": {"uv": [7.625, 6, 8.625, 8], "texture": "#1"},
				"south": {"uv": [6.625, 7, 8.875, 9.875], "texture": "#1"},
				"west": {"uv": [6.125, 5.75, 7.125, 7.75], "texture": "#1"},
				"up": {"uv": [5.75, 4.875, 9.25, 8.625], "texture": "#1"},
				"down": {"uv": [5.5, 5.625, 8.5, 9.125], "texture": "#1"}
			}
		},
		{
			"from": [14, 30.66, 2.375],
			"to": [15.25, 30.91, 4.575],
			"rotation": {"angle": 22.5, "axis": "x", "origin": [9, 7, 8]},
			"faces": {
				"north": {"uv": [6, 4.25, 8.5, 8.125], "texture": "#1"},
				"east": {"uv": [7.625, 6, 8.625, 8], "texture": "#1"},
				"south": {"uv": [6.625, 7, 8.875, 9.875], "texture": "#1"},
				"west": {"uv": [6.125, 5.75, 7.125, 7.75], "texture": "#1"},
				"up": {"uv": [5.75, 4.875, 9.25, 8.625], "texture": "#1"},
				"down": {"uv": [5.5, 5.625, 8.5, 9.125], "texture": "#1"}
			}
		},
		{
			"from": [0.75, 30.66, 2.375],
			"to": [2, 30.91, 4.575],
			"rotation": {"angle": 22.5, "axis": "x", "origin": [-4, 7, 8]},
			"faces": {
				"north": {"uv": [6, 4.25, 8.5, 8.125], "texture": "#1"},
				"east": {"uv": [7.625, 6, 8.625, 8], "texture": "#1"},
				"south": {"uv": [6.625, 7, 8.875, 9.875], "texture": "#1"},
				"west": {"uv": [6.125, 5.75, 7.125, 7.75], "texture": "#1"},
				"up": {"uv": [5.75, 4.875, 9.25, 8.625], "texture": "#1"},
				"down": {"uv": [5.5, 5.625, 8.5, 9.125], "texture": "#1"}
			}
		},
		{
			"from": [14, 30.66, 11.418],
			"to": [15.25, 30.91, 13.618],
			"rotation": {"angle": -22.5, "axis": "x", "origin": [9, 7, 8]},
			"faces": {
				"north": {"uv": [6, 4.25, 8.5, 8.125], "texture": "#1"},
				"east": {"uv": [7.625, 6, 8.625, 8], "texture": "#1"},
				"south": {"uv": [6.625, 7, 8.875, 9.875], "texture": "#1"},
				"west": {"uv": [6.125, 5.75, 7.125, 7.75], "texture": "#1"},
				"up": {"uv": [5.75, 4.875, 9.25, 8.625], "texture": "#1"},
				"down": {"uv": [5.5, 5.625, 8.5, 9.125], "texture": "#1"}
			}
		},
		{
			"from": [0.75, 30.66, 11.418],
			"to": [2, 30.91, 13.618],
			"rotation": {"angle": -22.5, "axis": "x", "origin": [-4, 7, 8]},
			"faces": {
				"north": {"uv": [6, 4.25, 8.5, 8.125], "texture": "#1"},
				"east": {"uv": [7.625, 6, 8.625, 8], "texture": "#1"},
				"south": {"uv": [6.625, 7, 8.875, 9.875], "texture": "#1"},
				"west": {"uv": [6.125, 5.75, 7.125, 7.75], "texture": "#1"},
				"up": {"uv": [5.75, 4.875, 9.25, 8.625], "texture": "#1"},
				"down": {"uv": [5.5, 5.625, 8.5, 9.125], "texture": "#1"}
			}
		},
		{
			"from": [1, 26.55, 18.325],
			"to": [15, 27.55, 20.325],
			"rotation": {"angle": -45, "axis": "x", "origin": [9, 7, 8]},
			"faces": {
				"north": {"uv": [6, 4.25, 8.5, 8.125], "texture": "#1"},
				"east": {"uv": [7.625, 6, 8.625, 8], "texture": "#1"},
				"south": {"uv": [6.625, 7, 8.875, 9.875], "texture": "#1"},
				"west": {"uv": [6.125, 5.75, 7.125, 7.75], "texture": "#1"},
				"up": {"uv": [5.75, 4.875, 9.25, 8.625], "texture": "#1"},
				"down": {"uv": [5.5, 5.625, 8.5, 9.125], "texture": "#1"}
			}
		},
		{
			"from": [14, 27.525, 18.225],
			"to": [15.25, 27.775, 20.325],
			"rotation": {"angle": -45, "axis": "x", "origin": [9, 7, 8]},
			"faces": {
				"north": {"uv": [6, 4.25, 8.5, 8.125], "texture": "#1"},
				"east": {"uv": [7.625, 6, 8.625, 8], "texture": "#1"},
				"south": {"uv": [6.625, 7, 8.875, 9.875], "texture": "#1"},
				"west": {"uv": [6.125, 5.75, 7.125, 7.75], "texture": "#1"},
				"up": {"uv": [5.75, 4.875, 9.25, 8.625], "texture": "#1"},
				"down": {"uv": [5.5, 5.625, 8.5, 9.125], "texture": "#1"}
			}
		},
		{
			"from": [0.75, 27.525, 18.225],
			"to": [2, 27.775, 20.325],
			"rotation": {"angle": -45, "axis": "x", "origin": [-4, 7, 8]},
			"faces": {
				"north": {"uv": [6, 4.25, 8.5, 8.125], "texture": "#1"},
				"east": {"uv": [7.625, 6, 8.625, 8], "texture": "#1"},
				"south": {"uv": [6.625, 7, 8.875, 9.875], "texture": "#1"},
				"west": {"uv": [6.125, 5.75, 7.125, 7.75], "texture": "#1"},
				"up": {"uv": [5.75, 4.875, 9.25, 8.625], "texture": "#1"},
				"down": {"uv": [5.5, 5.625, 8.5, 9.125], "texture": "#1"}
			}
		},
		{
			"from": [14, 22.3, -7.275],
			"to": [15.25, 24.4, -7.025],
			"rotation": {"angle": 22.5, "axis": "x", "origin": [9, 7, 8]},
			"faces": {
				"north": {"uv": [6, 4.25, 8.5, 8.125], "rotation": 180, "texture": "#1"},
				"east": {"uv": [7.625, 6, 8.625, 8], "rotation": 90, "texture": "#1"},
				"south": {"uv": [6.625, 7, 8.875, 9.875], "texture": "#1"},
				"west": {"uv": [6.125, 5.75, 7.125, 7.75], "rotation": 270, "texture": "#1"},
				"up": {"uv": [5.75, 4.875, 9.25, 8.625], "texture": "#1"},
				"down": {"uv": [5.5, 5.625, 8.5, 9.125], "rotation": 180, "texture": "#1"}
			}
		},
		{
			"from": [0.75, 22.3, -7.275],
			"to": [2, 24.4, -7.025],
			"rotation": {"angle": 22.5, "axis": "x", "origin": [-4, 7, 8]},
			"faces": {
				"north": {"uv": [6, 4.25, 8.5, 8.125], "rotation": 180, "texture": "#1"},
				"east": {"uv": [7.625, 6, 8.625, 8], "rotation": 90, "texture": "#1"},
				"south": {"uv": [6.625, 7, 8.875, 9.875], "texture": "#1"},
				"west": {"uv": [6.125, 5.75, 7.125, 7.75], "rotation": 270, "texture": "#1"},
				"up": {"uv": [5.75, 4.875, 9.25, 8.625], "texture": "#1"},
				"down": {"uv": [5.5, 5.625, 8.5, 9.125], "rotation": 180, "texture": "#1"}
			}
		},
		{
			"from": [1.5, 1, 1],
			"to": [14.5, 2, 15],
			"faces": {
				"north": {"uv": [5.25, 5.375, 8.5, 9.375], "texture": "#1"},
				"east": {"uv": [4.875, 4.5, 10, 10.875], "texture": "#1"},
				"south": {"uv": [5.5, 4.5, 9, 8.75], "texture": "#1"},
				"west": {"uv": [6, 5.625, 9.625, 9.625], "texture": "#1"},
				"up": {"uv": [0, 0, 16, 16], "texture": "#2"},
				"down": {"uv": [6.25, 4.625, 9, 9.625], "texture": "#1"}
			}
		}
	],
	"display": {
		"thirdperson_righthand": {
			"rotation": [67.5, 0, 0],
			"scale": [0.3, 0.3, 0.3]
		},
		"thirdperson_lefthand": {
			"rotation": [67.5, 0, 0],
			"scale": [0.3, 0.3, 0.3]
		},
		"firstperson_righthand": {
			"scale": [0.3, 0.3, 0.3]
		},
		"firstperson_lefthand": {
			"scale": [0.3, 0.3, 0.3]
		},
		"gui": {
			"rotation": [0, 120, 0],
			"translation": [0, -4.5, 0],
			"scale": [0.6, 0.6, 0.6]
		},
		"head": {
			"rotation": [0, 90, 0],
			"translation": [0, -33.96, 0],
			"scale": [1.3, 1.155, 1.3]
		},
		"fixed": {
			"rotation": [0, 90, 0],
			"translation": [0, -5.75, -0.5],
			"scale": [0.75, 0.75, 0.75]
		}
	},
	"groups": [0, 1, 2, 3, 4, 5,
		{
			"name": "frame1",
			"origin": [8, 8, 8],
			"children": [6, 7]
		},
		{
			"name": "frame2",
			"origin": [8, 8, 8],
			"children": [8, 9, 10, 11, 12, 13, 14, 15, 16, 17, 18, 19, 20, 21, 22, 23, 24, 25, 26, 27, 28, 29, 30, 31, 32, 33, 34, 35]
		},
		{
			"name": "group",
			"origin": [8, 8, 8],
			"children": [36, 37, 38, 39, 40]
		}, 41, 42, 43, 44, 45, 46, 47, 48, 49, 50, 51, 52, 53, 54, 55, 56, 57, 58, 59, 60, 61, 62]
}