{
    "parent": "item/handheld",
    "textures": {
        "layer0": "item/diamond_axe"
    },
"overrides":[
{ "predicate": { "damaged": 0, "damage": 0.00064061499}, "model":"item/seasonalhats/hulacrown"},
{ "predicate": { "damaged": 0, "damage": 0.00128122998}, "model":"item/handitems/seasonal/piratecutlass"},
{ "predicate": { "damaged": 0, "damage": 0.00192184497}, "model":"item/decorations/seasonal/lantern_birch"},
{ "predicate": { "damaged": 0, "damage": 0.00256245996}, "model":"item/decorations/seasonal/lantern_acacia"},
{ "predicate": { "damaged": 0, "damage": 0.00320307495}, "model":"item/decorations/seasonal/lantern_darkoak"},
{ "predicate": { "damaged": 0, "damage": 0.00384368994}, "model":"item/decorations/seasonal/lantern_jungle"},
{ "predicate": { "damaged": 0, "damage": 0.00448430493}, "model":"item/decorations/seasonal/lantern_nether"},
{ "predicate": { "damaged": 0, "damage": 0.00512491992}, "model":"item/decorations/seasonal/lantern_oak"},
{ "predicate": { "damaged": 0, "damage": 0.00576553491}, "model":"item/decorations/seasonal/whitebench"},
{ "predicate": { "damaged": 0, "damage": 0.0064061499}, "model":"item/handitems/seasonal/parrot"},
{ "predicate": { "damaged": 0, "damage": 0.00704676489}, "model":"item/decorations/seasonal/lantern_spruce"},
{ "predicate": { "damaged": 0, "damage": 0.00768737988}, "model":"item/decorations/seasonal/billy"},
{ "predicate": { "damaged": 0, "damage": 0.00832799488}, "model":"item/decorations/seasonal/palace_flowerbush"},
{ "predicate": { "damaged": 0, "damage": 0.00896860987}, "model":"item/rides/haycart"},
{ "predicate": { "damaged": 0, "damage": 0.00960922485}, "model":"item/seasonalhats/autumnbutterfly"},
{ "predicate": { "damaged": 0, "damage": 0.01024983984}, "model":"item/seasonalhats/catcostume_lucky"},
{ "predicate": { "damaged": 0, "damage": 0.01089045483}, "model":"item/seasonalhats/catcostume_snickers"},
{ "predicate": { "damaged": 0, "damage": 0.0115310698}, "model":"item/seasonalhats/catcostume_tally"},
{ "predicate": { "damaged": 0, "damage": 0.01217168481}, "model":"item/seasonalhats/catcostume_terry"},
{ "predicate": { "damaged": 0, "damage": 0.0128122998}, "model":"item/seasonalhats/floatieghosties"},
{ "predicate": { "damaged": 0, "damage": 0.01345291479}, "model":"item/handitems/seasonal/billyhalloween"},
{ "predicate": { "damaged": 0, "damage": 0.01409352978}, "model":"item/decorations/seasonal/sled"},
{ "predicate": { "damaged": 0, "damage": 0.01473414477}, "model":"item/decorations/seasonal/menorah"},
{ "predicate": { "damaged": 0, "damage": 0.01537475976}, "model":"item/decorations/seasonal/garland"},
{ "predicate": { "damaged": 0, "damage": 0.01601537475}, "model":"item/decorations/seasonal/wall_lantern"},
{ "predicate": { "damaged": 0, "damage": 0.01665598975}, "model":"item/decorations/seasonal/old_register"},
{ "predicate": { "damaged": 0, "damage": 0.01729660474}, "model":"item/decorations/seasonal/color_bush"},
{ "predicate": { "damaged": 0, "damage": 0.01793721973}, "model":"item/decorations/seasonal/white_bush"},
{ "predicate": { "damaged": 0, "damage": 0.01857783472}, "model":"item/handitems/seasonal/hot_chocolate"},
{ "predicate": { "damaged": 0, "damage": 0.01921844971}, "model":"item/seasonalhats/present_hat_2"},
{ "predicate": { "damaged": 0, "damage": 0.0198590647}, "model":"item/seasonalhats/blue_scarf"},
{ "predicate": { "damaged": 0, "damage": 0.02049967969}, "model":"item/seasonalhats/brown_scarf"},
{ "predicate": { "damaged": 0, "damage": 0.02114029468}, "model":"item/seasonalhats/green_scarf"},
{ "predicate": { "damaged": 0, "damage": 0.02178090967}, "model":"item/seasonalhats/red_scarf"},
{ "predicate": { "damaged": 0, "damage": 0.02242152466}, "model":"item/seasonalhats/clubpenguinblack"},
{ "predicate": { "damaged": 0, "damage": 0.02306213965}, "model":"item/seasonalhats/clubpenguinblue"},
{ "predicate": { "damaged": 0, "damage": 0.02370275464}, "model":"item/seasonalhats/clubpenguinpurple"},
{ "predicate": { "damaged": 0, "damage": 0.02434336963}, "model":"item/seasonalhats/clubpenguinred"},
{ "predicate": { "damaged": 0, "damage": 0.02498398462}, "model":"item/seasonalhats/fantasia_fairy"},
{ "predicate": { "damaged": 0, "damage": 0.02562459961}, "model":"item/decorations/seasonal/postbox"},
{ "predicate": { "damaged": 0, "damage": 0.0262652146}, "model":"item/handitems/seasonal/billyjewish"},
{ "predicate": { "damaged": 0, "damage": 0.02690582959}, "model":"item/handitems/seasonal/billysanta"},
{ "predicate": { "damaged": 0, "damage": 0.02754644458}, "model":"item/handitems/seasonal/billysnow"},
{ "predicate": { "damaged": 0, "damage": 0.02818705957}, "model":"item/handitems/seasonal/puppy_present"},
{ "predicate": { "damaged": 0, "damage": 0.02882767456}, "model":"item/decorations/seasonal/autumn"},
{ "predicate": { "damaged": 0, "damage": 0.02946828955}, "model":"item/decorations/seasonal/birchtable"},
{ "predicate": { "damaged": 0, "damage": 0.03010890454}, "model":"item/decorations/seasonal/birchwalltable"},
{ "predicate": { "damaged": 0, "damage": 0.03074951953}, "model":"item/decorations/seasonal/darkoaktable"},
{ "predicate": { "damaged": 0, "damage": 0.03139013452}, "model":"item/decorations/seasonal/darkoakwalltable"},
{ "predicate": { "damaged": 0, "damage": 0.03203074951}, "model":"item/decorations/seasonal/hotdogs_cart"},
{ "predicate": { "damaged": 0, "damage": 0.0326713645}, "model":"item/decorations/seasonal/icecream_cartseasonal"},
{ "predicate": { "damaged": 0, "damage": 0.0333119795}, "model":"item/decorations/seasonal/oaktable"},
{ "predicate": { "damaged": 0, "damage": 0.03395259449}, "model":"item/decorations/seasonal/oakwalltable"},
{ "predicate": { "damaged": 0, "damage": 0.03459320948}, "model":"item/decorations/seasonal/popcorn_cartseasonal"},
{ "predicate": { "damaged": 0, "damage": 0.03523382447}, "model":"item/decorations/seasonal/pretzel_cart"},
{ "predicate": { "damaged": 0, "damage": 0.03587443946}, "model":"item/decorations/seasonal/quartztable"},
{ "predicate": { "damaged": 0, "damage": 0.03651505445}, "model":"item/decorations/seasonal/quartzwalltable"},
{ "predicate": { "damaged": 0, "damage": 0.03715566944}, "model":"item/decorations/seasonal/sakura"},
{ "predicate": { "damaged": 0, "damage": 0.03779628443}, "model":"item/decorations/seasonal/snowflake"},
{ "predicate": { "damaged": 0, "damage": 0.03843689942}, "model":"item/decorations/seasonal/stonetable"},
{ "predicate": { "damaged": 0, "damage": 0.03907751441}, "model":"item/decorations/seasonal/stonewalltable"},
{ "predicate": { "damaged": 0, "damage": 0.0397181294}, "model":"item/handitems/seasonal/balloonautumn"},
{ "predicate": { "damaged": 0, "damage": 0.04035874439}, "model":"item/handitems/seasonal/balloonspring"},
{ "predicate": { "damaged": 0, "damage": 0.04099935938}, "model":"item/handitems/seasonal/balloonsummer"},
{ "predicate": { "damaged": 0, "damage": 0.04163997437}, "model":"item/handitems/seasonal/balloonwinter"},
{ "predicate": { "damaged": 0, "damage": 0.04228058936}, "model":"item/handitems/seasonal/billybirthday"},
{ "predicate": { "damaged": 0, "damage": 0.04292120435}, "model":"item/handitems/seasonal/billybunny"},
{ "predicate": { "damaged": 0, "damage": 0.04356181934}, "model":"item/handitems/seasonal/billydisney"},
{ "predicate": { "damaged": 0, "damage": 0.04420243433}, "model":"item/handitems/seasonal/billypride"},
{ "predicate": { "damaged": 0, "damage": 0.04484304932}, "model":"item/handitems/seasonal/starnet"},
{ "predicate": { "damaged": 0, "damage": 0.04548366431}, "model":"item/seasonalhats/butterflywingdwarf"},
{ "predicate": { "damaged": 0, "damage": 0.0461242793}, "model":"item/seasonalhats/butterflywingslunar"},
{ "predicate": { "damaged": 0, "damage": 0.04676489429}, "model":"item/seasonalhats/butterflywingsmonarch"},
{ "predicate": { "damaged": 0, "damage": 0.04740550928}, "model":"item/seasonalhats/fireworks"},
{ "predicate": { "damaged": 0, "damage": 0.04804612427}, "model":"item/seasonalhats/garden_hat_blue"},
{ "predicate": { "damaged": 0, "damage": 0.04868673926}, "model":"item/seasonalhats/garden_hat_lavender"},
{ "predicate": { "damaged": 0, "damage": 0.04932735426}, "model":"item/seasonalhats/garden_hat_mushy"},
{ "predicate": { "damaged": 0, "damage": 0.04996796925}, "model":"item/seasonalhats/garden_hat_roses"},
{ "predicate": { "damaged": 0, "damage": 0.05060858424}, "model":"item/seasonalhats/garden_hat_sunflower"},
{ "predicate": { "damaged": 0, "damage": 0.05124919923}, "model":"item/seasonalhats/starlight"},
{ "predicate": { "damaged": 0, "damage": 0.05188981422}, "model":"item/seasonalhats/yoshicyan"},
{ "predicate": { "damaged": 0, "damage": 0.05253042921}, "model":"item/seasonalhats/yoshilime"},
{ "predicate": { "damaged": 0, "damage": 0.0531710442}, "model":"item/seasonalhats/yoshiorange"},
{ "predicate": { "damaged": 0, "damage": 0.05381165919}, "model":"item/seasonalhats/yoshipink"},
{ "predicate": { "damaged": 0, "damage": 0.05445227418}, "model":"item/seasonalhats/yoshipurple"},
{ "predicate": { "damaged": 0, "damage": 0.05509288917}, "model":"item/seasonalhats/yoshired"},
{ "predicate": { "damaged": 0, "damage": 0.05509288917}, "model":"item/seasonalhats/yoshiyellow"}
]
}
