{
	"credit": "Made with Blockbench",
	"textures": {
		"1": "block/daylight_detector_inverted_top",
		"2": "block/brown_terracotta"
	},
	"elements": [
		{
			"name": "hexadecagon",
			"from": [7.85082, 1, 7.25],
			"to": [8.14918, 13, 8.75],
			"rotation": {"angle": -45, "axis": "y", "origin": [8, 6, 8]},
			"faces": {
				"north": {"uv": [0, 1, 1, 0], "texture": "#2"},
				"east": {"uv": [0, 1, 1, 0], "texture": "#2"},
				"south": {"uv": [0, 1, 1, 0], "texture": "#2"},
				"west": {"uv": [0, 1, 1, 0], "texture": "#2"},
				"up": {"uv": [0, 16, 16, 0], "texture": "#2"},
				"down": {"uv": [0, 1, 1, 0], "texture": "#2"}
			}
		},
		{
			"name": "hexadecagon",
			"from": [7.85082, 1, 7.25],
			"to": [8.14918, 13, 8.75],
			"rotation": {"angle": -22.5, "axis": "y", "origin": [8, -91, 8]},
			"faces": {
				"north": {"uv": [0, 1, 1, 0], "texture": "#2"},
				"east": {"uv": [0, 1, 1, 0], "texture": "#2"},
				"south": {"uv": [0, 1, 1, 0], "texture": "#2"},
				"west": {"uv": [0, 1, 1, 0], "texture": "#2"},
				"up": {"uv": [0, 16, 16, 0], "texture": "#2"},
				"down": {"uv": [0, 1, 1, 0], "texture": "#2"}
			}
		},
		{
			"name": "hexadecagon",
			"from": [7.85082, 1, 7.25],
			"to": [8.14918, 13, 8.75],
			"faces": {
				"north": {"uv": [0, 1, 1, 0], "texture": "#2"},
				"east": {"uv": [0, 1, 1, 0], "texture": "#2"},
				"south": {"uv": [0, 1, 1, 0], "texture": "#2"},
				"west": {"uv": [0, 1, 1, 0], "texture": "#2"},
				"up": {"uv": [0, 16, 16, 0], "texture": "#2"},
				"down": {"uv": [0, 1, 1, 0], "texture": "#2"}
			}
		},
		{
			"name": "hexadecagon",
			"from": [7.85082, 1, 7.25],
			"to": [8.14918, 13, 8.75],
			"rotation": {"angle": 22.5, "axis": "y", "origin": [8, 6, 8]},
			"faces": {
				"north": {"uv": [0, 1, 1, 0], "texture": "#2"},
				"east": {"uv": [0, 1, 1, 0], "texture": "#2"},
				"south": {"uv": [0, 1, 1, 0], "texture": "#2"},
				"west": {"uv": [0, 1, 1, 0], "texture": "#2"},
				"up": {"uv": [0, 16, 16, 0], "texture": "#2"},
				"down": {"uv": [0, 1, 1, 0], "texture": "#2"}
			}
		},
		{
			"name": "hexadecagon",
			"from": [7.25, 1, 7.85082],
			"to": [8.75, 13, 8.14918],
			"rotation": {"angle": -45, "axis": "y", "origin": [8, 6, 8]},
			"faces": {
				"north": {"uv": [1, 0, 0, 1], "rotation": 90, "texture": "#2"},
				"east": {"uv": [1, 0, 0, 1], "rotation": 90, "texture": "#2"},
				"south": {"uv": [1, 0, 0, 1], "rotation": 90, "texture": "#2"},
				"west": {"uv": [1, 0, 0, 1], "rotation": 90, "texture": "#2"},
				"up": {"uv": [0, 16, 16, 0], "rotation": 90, "texture": "#2"},
				"down": {"uv": [1, 0, 0, 1], "rotation": 90, "texture": "#2"}
			}
		},
		{
			"name": "hexadecagon",
			"from": [7.25, 1, 7.85082],
			"to": [8.75, 13, 8.14918],
			"rotation": {"angle": -22.5, "axis": "y", "origin": [8, -91, 8]},
			"faces": {
				"north": {"uv": [0, 1, 1, 0], "texture": "#2"},
				"east": {"uv": [0, 1, 1, 0], "texture": "#2"},
				"south": {"uv": [0, 1, 1, 0], "texture": "#2"},
				"west": {"uv": [0, 1, 1, 0], "texture": "#2"},
				"up": {"uv": [0, 16, 16, 0], "texture": "#2"},
				"down": {"uv": [0, 1, 1, 0], "texture": "#2"}
			}
		},
		{
			"name": "hexadecagon",
			"from": [7.25, 1, 7.85082],
			"to": [8.75, 13, 8.14918],
			"faces": {
				"north": {"uv": [0, 1, 1, 0], "texture": "#2"},
				"east": {"uv": [0, 1, 1, 0], "texture": "#2"},
				"south": {"uv": [0, 1, 1, 0], "texture": "#2"},
				"west": {"uv": [0, 1, 1, 0], "texture": "#2"},
				"up": {"uv": [0, 16, 16, 0], "texture": "#2"},
				"down": {"uv": [0, 1, 1, 0], "texture": "#2"}
			}
		},
		{
			"name": "hexadecagon",
			"from": [7.25, 1, 7.85082],
			"to": [8.75, 13, 8.14918],
			"rotation": {"angle": 22.5, "axis": "y", "origin": [8, 6, 8]},
			"faces": {
				"north": {"uv": [0, 1, 1, 0], "texture": "#2"},
				"east": {"uv": [0, 1, 1, 0], "texture": "#2"},
				"south": {"uv": [0, 1, 1, 0], "texture": "#2"},
				"west": {"uv": [0, 1, 1, 0], "texture": "#2"},
				"up": {"uv": [0, 16, 16, 0], "texture": "#2"},
				"down": {"uv": [0, 1, 1, 0], "texture": "#2"}
			}
		},
		{
			"name": "hexadecagon",
			"from": [7.0619, 0, 7.8134],
			"to": [8.9381, 0.75, 8.1866],
			"rotation": {"angle": 22.5, "axis": "y", "origin": [8, 6, 8]},
			"faces": {
				"north": {"uv": [14, 7.75, 15.875, 8.5], "texture": "#1"},
				"east": {"uv": [14, 7.75, 15.875, 8.5], "texture": "#1"},
				"south": {"uv": [14, 7.75, 15.875, 8.5], "texture": "#1"},
				"west": {"uv": [14, 7.75, 15.875, 8.5], "texture": "#1"},
				"up": {"uv": [14, 7.75, 15.875, 8.5], "texture": "#1"},
				"down": {"uv": [14, 7.75, 15.875, 8.5], "texture": "#1"}
			}
		},
		{
			"name": "hexadecagon",
			"from": [7.0619, 0, 7.8134],
			"to": [8.9381, 0.75, 8.1866],
			"faces": {
				"north": {"uv": [14, 7.75, 15.875, 8.5], "texture": "#1"},
				"east": {"uv": [14, 7.75, 15.875, 8.5], "texture": "#1"},
				"south": {"uv": [14, 7.75, 15.875, 8.5], "texture": "#1"},
				"west": {"uv": [14, 7.75, 15.875, 8.5], "texture": "#1"},
				"up": {"uv": [14, 7.75, 15.875, 8.5], "texture": "#1"},
				"down": {"uv": [14, 7.75, 15.875, 8.5], "texture": "#1"}
			}
		},
		{
			"name": "hexadecagon",
			"from": [7.0619, 0, 7.8134],
			"to": [8.9381, 0.75, 8.1866],
			"rotation": {"angle": -22.5, "axis": "y", "origin": [8, -91, 8]},
			"faces": {
				"north": {"uv": [14, 7.75, 15.875, 8.5], "texture": "#1"},
				"east": {"uv": [14, 7.75, 15.875, 8.5], "texture": "#1"},
				"south": {"uv": [14, 7.75, 15.875, 8.5], "texture": "#1"},
				"west": {"uv": [14, 7.75, 15.875, 8.5], "texture": "#1"},
				"up": {"uv": [14, 7.75, 15.875, 8.5], "texture": "#1"},
				"down": {"uv": [14, 7.75, 15.875, 8.5], "texture": "#1"}
			}
		},
		{
			"name": "hexadecagon",
			"from": [7.0619, 0, 7.8134],
			"to": [8.9381, 0.75, 8.1866],
			"rotation": {"angle": -45, "axis": "y", "origin": [8, 6, 8]},
			"faces": {
				"north": {"uv": [14, 7.75, 15.875, 8.5], "rotation": 90, "texture": "#1"},
				"east": {"uv": [14, 7.75, 15.875, 8.5], "rotation": 90, "texture": "#1"},
				"south": {"uv": [14, 7.75, 15.875, 8.5], "rotation": 90, "texture": "#1"},
				"west": {"uv": [14, 7.75, 15.875, 8.5], "rotation": 90, "texture": "#1"},
				"up": {"uv": [14, 7.75, 15.875, 8.5], "rotation": 90, "texture": "#1"},
				"down": {"uv": [14, 7.75, 15.875, 8.5], "rotation": 90, "texture": "#1"}
			}
		},
		{
			"name": "hexadecagon",
			"from": [7.8134, 0, 7.0619],
			"to": [8.1866, 0.75, 8.9381],
			"rotation": {"angle": 22.5, "axis": "y", "origin": [8, 6, 8]},
			"faces": {
				"north": {"uv": [14, 7.75, 15.875, 8.5], "texture": "#1"},
				"east": {"uv": [14, 7.75, 15.875, 8.5], "texture": "#1"},
				"south": {"uv": [14, 7.75, 15.875, 8.5], "texture": "#1"},
				"west": {"uv": [14, 7.75, 15.875, 8.5], "texture": "#1"},
				"up": {"uv": [14, 7.75, 15.875, 8.5], "texture": "#1"},
				"down": {"uv": [14, 7.75, 15.875, 8.5], "texture": "#1"}
			}
		},
		{
			"name": "hexadecagon",
			"from": [7.8134, 0, 7.0619],
			"to": [8.1866, 0.75, 8.9381],
			"faces": {
				"north": {"uv": [14, 7.75, 15.875, 8.5], "texture": "#1"},
				"east": {"uv": [14, 7.75, 15.875, 8.5], "texture": "#1"},
				"south": {"uv": [14, 7.75, 15.875, 8.5], "texture": "#1"},
				"west": {"uv": [14, 7.75, 15.875, 8.5], "texture": "#1"},
				"up": {"uv": [14, 7.75, 15.875, 8.5], "texture": "#1"},
				"down": {"uv": [14, 7.75, 15.875, 8.5], "texture": "#1"}
			}
		},
		{
			"name": "hexadecagon",
			"from": [7.8134, 0, 7.0619],
			"to": [8.1866, 0.75, 8.9381],
			"rotation": {"angle": -22.5, "axis": "y", "origin": [8, -91, 8]},
			"faces": {
				"north": {"uv": [14, 7.75, 15.875, 8.5], "texture": "#1"},
				"east": {"uv": [14, 7.75, 15.875, 8.5], "texture": "#1"},
				"south": {"uv": [14, 7.75, 15.875, 8.5], "texture": "#1"},
				"west": {"uv": [14, 7.75, 15.875, 8.5], "texture": "#1"},
				"up": {"uv": [14, 7.75, 15.875, 8.5], "texture": "#1"},
				"down": {"uv": [14, 7.75, 15.875, 8.5], "texture": "#1"}
			}
		},
		{
			"name": "hexadecagon",
			"from": [7.8134, 0, 7.0619],
			"to": [8.1866, 0.75, 8.9381],
			"rotation": {"angle": -45, "axis": "y", "origin": [8, 6, 8]},
			"faces": {
				"north": {"uv": [14, 7.75, 15.875, 8.5], "texture": "#1"},
				"east": {"uv": [14, 7.75, 15.875, 8.5], "texture": "#1"},
				"south": {"uv": [14, 7.75, 15.875, 8.5], "texture": "#1"},
				"west": {"uv": [14, 7.75, 15.875, 8.5], "texture": "#1"},
				"up": {"uv": [14, 7.75, 15.875, 8.5], "texture": "#1"},
				"down": {"uv": [14, 7.75, 15.875, 8.5], "texture": "#1"}
			}
		},
		{
			"name": "hexadecagon",
			"from": [7.13695, 0.64, 7.82833],
			"to": [8.86305, 1.33, 8.17167],
			"faces": {
				"north": {"uv": [4, 9.25, 4.75, 9.84868], "rotation": 90, "texture": "#1"},
				"east": {"uv": [4, 9.25, 4.75, 9.84868], "rotation": 90, "texture": "#1"},
				"south": {"uv": [4, 9.25, 4.75, 9.84868], "rotation": 90, "texture": "#1"},
				"west": {"uv": [4, 9.25, 4.75, 9.84868], "rotation": 90, "texture": "#1"},
				"up": {"uv": [4, 9.25, 4.75, 9.84868], "rotation": 90, "texture": "#1"},
				"down": {"uv": [4, 9.25, 4.75, 9.84868], "rotation": 90, "texture": "#1"}
			}
		},
		{
			"name": "hexadecagon",
			"from": [7.82833, 0.64, 7.13695],
			"to": [8.17167, 1.33, 8.86305],
			"faces": {
				"north": {"uv": [4, 9.25, 4.75, 9.84868], "rotation": 90, "texture": "#1"},
				"east": {"uv": [4, 9.25, 4.75, 9.84868], "rotation": 90, "texture": "#1"},
				"south": {"uv": [4, 9.25, 4.75, 9.84868], "rotation": 90, "texture": "#1"},
				"west": {"uv": [4, 9.25, 4.75, 9.84868], "rotation": 90, "texture": "#1"},
				"up": {"uv": [4, 9.25, 4.75, 9.84868], "rotation": 90, "texture": "#1"},
				"down": {"uv": [4, 9.25, 4.75, 9.84868], "rotation": 90, "texture": "#1"}
			}
		},
		{
			"name": "hexadecagon",
			"from": [7.82833, 0.64, 7.13695],
			"to": [8.17167, 1.33, 8.86305],
			"rotation": {"angle": -22.5, "axis": "y", "origin": [8, -83.08, 8]},
			"faces": {
				"north": {"uv": [4, 9.25, 4.75, 9.84868], "rotation": 90, "texture": "#1"},
				"east": {"uv": [4, 9.25, 4.75, 9.84868], "rotation": 90, "texture": "#1"},
				"south": {"uv": [4, 9.25, 4.75, 9.84868], "rotation": 90, "texture": "#1"},
				"west": {"uv": [4, 9.25, 4.75, 9.84868], "rotation": 90, "texture": "#1"},
				"up": {"uv": [4, 9.25, 4.75, 9.84868], "rotation": 90, "texture": "#1"},
				"down": {"uv": [4, 9.25, 4.75, 9.84868], "rotation": 90, "texture": "#1"}
			}
		},
		{
			"name": "hexadecagon",
			"from": [7.13695, 0.64, 7.82833],
			"to": [8.86305, 1.33, 8.17167],
			"rotation": {"angle": 22.5, "axis": "y", "origin": [8, 6.16, 8]},
			"faces": {
				"north": {"uv": [4, 9.25, 4.75, 9.84868], "rotation": 90, "texture": "#1"},
				"east": {"uv": [4, 9.25, 4.75, 9.84868], "rotation": 90, "texture": "#1"},
				"south": {"uv": [4, 9.25, 4.75, 9.84868], "rotation": 90, "texture": "#1"},
				"west": {"uv": [4, 9.25, 4.75, 9.84868], "rotation": 90, "texture": "#1"},
				"up": {"uv": [4, 9.25, 4.75, 9.84868], "rotation": 90, "texture": "#1"},
				"down": {"uv": [4, 9.25, 4.75, 9.84868], "rotation": 90, "texture": "#1"}
			}
		},
		{
			"name": "hexadecagon",
			"from": [7.82833, 0.64, 7.13695],
			"to": [8.17167, 1.33, 8.86305],
			"rotation": {"angle": -45, "axis": "y", "origin": [8, 6.16, 8]},
			"faces": {
				"north": {"uv": [4, 9.25, 4.75, 9.84868], "rotation": 90, "texture": "#1"},
				"east": {"uv": [4, 9.25, 4.75, 9.84868], "rotation": 90, "texture": "#1"},
				"south": {"uv": [4, 9.25, 4.75, 9.84868], "rotation": 90, "texture": "#1"},
				"west": {"uv": [4, 9.25, 4.75, 9.84868], "rotation": 90, "texture": "#1"},
				"up": {"uv": [4, 9.25, 4.75, 9.84868], "rotation": 90, "texture": "#1"},
				"down": {"uv": [4, 9.25, 4.75, 9.84868], "rotation": 90, "texture": "#1"}
			}
		},
		{
			"name": "hexadecagon",
			"from": [7.13695, 0.64, 7.82833],
			"to": [8.86305, 1.33, 8.17167],
			"rotation": {"angle": -22.5, "axis": "y", "origin": [8, -83.08, 8]},
			"faces": {
				"north": {"uv": [4, 9.25, 4.75, 9.84868], "rotation": 90, "texture": "#1"},
				"east": {"uv": [4, 9.25, 4.75, 9.84868], "rotation": 90, "texture": "#1"},
				"south": {"uv": [4, 9.25, 4.75, 9.84868], "rotation": 90, "texture": "#1"},
				"west": {"uv": [4, 9.25, 4.75, 9.84868], "rotation": 90, "texture": "#1"},
				"up": {"uv": [4, 9.25, 4.75, 9.84868], "rotation": 90, "texture": "#1"},
				"down": {"uv": [4, 9.25, 4.75, 9.84868], "rotation": 90, "texture": "#1"}
			}
		},
		{
			"name": "hexadecagon",
			"from": [7.13695, 0.64, 7.82833],
			"to": [8.86305, 1.33, 8.17167],
			"rotation": {"angle": -45, "axis": "y", "origin": [8, 6.16, 8]},
			"faces": {
				"north": {"uv": [4, 9.25, 4.75, 9.84868], "rotation": 90, "texture": "#1"},
				"east": {"uv": [4, 9.25, 4.75, 9.84868], "rotation": 90, "texture": "#1"},
				"south": {"uv": [4, 9.25, 4.75, 9.84868], "rotation": 90, "texture": "#1"},
				"west": {"uv": [4, 9.25, 4.75, 9.84868], "rotation": 90, "texture": "#1"},
				"up": {"uv": [4, 9.25, 4.75, 9.84868], "rotation": 90, "texture": "#1"},
				"down": {"uv": [4, 9.25, 4.75, 9.84868], "rotation": 90, "texture": "#1"}
			}
		},
		{
			"name": "hexadecagon",
			"from": [7.82833, 0.64, 7.13695],
			"to": [8.17167, 1.33, 8.86305],
			"rotation": {"angle": 22.5, "axis": "y", "origin": [8, 6.16, 8]},
			"faces": {
				"north": {"uv": [4, 9.25, 4.75, 9.84868], "rotation": 90, "texture": "#1"},
				"east": {"uv": [4, 9.25, 4.75, 9.84868], "rotation": 90, "texture": "#1"},
				"south": {"uv": [4, 9.25, 4.75, 9.84868], "rotation": 90, "texture": "#1"},
				"west": {"uv": [4, 9.25, 4.75, 9.84868], "rotation": 90, "texture": "#1"},
				"up": {"uv": [4, 9.25, 4.75, 9.84868], "rotation": 90, "texture": "#1"},
				"down": {"uv": [4, 9.25, 4.75, 9.84868], "rotation": 90, "texture": "#1"}
			}
		},
		{
			"name": "hexadecagon",
			"from": [7.84087, 2.25, 7.2],
			"to": [8.15913, 2.5, 8.8],
			"rotation": {"angle": -45, "axis": "y", "origin": [8, 3, 8]},
			"faces": {
				"north": {"uv": [14, 7.75, 15.875, 8.5], "texture": "#1"},
				"east": {"uv": [14, 7.75, 15.875, 8.5], "texture": "#1"},
				"south": {"uv": [14, 7.75, 15.875, 8.5], "texture": "#1"},
				"west": {"uv": [14, 7.75, 15.875, 8.5], "texture": "#1"},
				"up": {"uv": [14, 7.75, 15.875, 8.5], "texture": "#1"},
				"down": {"uv": [14, 7.75, 15.875, 8.5], "texture": "#1"}
			}
		},
		{
			"name": "hexadecagon",
			"from": [7.84087, 2.25, 7.2],
			"to": [8.15913, 2.5, 8.8],
			"rotation": {"angle": -22.5, "axis": "y", "origin": [8, -91, 8]},
			"faces": {
				"north": {"uv": [14, 7.75, 15.875, 8.5], "texture": "#1"},
				"east": {"uv": [14, 7.75, 15.875, 8.5], "texture": "#1"},
				"south": {"uv": [14, 7.75, 15.875, 8.5], "texture": "#1"},
				"west": {"uv": [14, 7.75, 15.875, 8.5], "texture": "#1"},
				"up": {"uv": [14, 7.75, 15.875, 8.5], "texture": "#1"},
				"down": {"uv": [14, 7.75, 15.875, 8.5], "texture": "#1"}
			}
		},
		{
			"name": "hexadecagon",
			"from": [7.84087, 2.25, 7.2],
			"to": [8.15913, 2.5, 8.8],
			"faces": {
				"north": {"uv": [14, 7.75, 15.875, 8.5], "texture": "#1"},
				"east": {"uv": [14, 7.75, 15.875, 8.5], "texture": "#1"},
				"south": {"uv": [14, 7.75, 15.875, 8.5], "texture": "#1"},
				"west": {"uv": [14, 7.75, 15.875, 8.5], "texture": "#1"},
				"up": {"uv": [14, 7.75, 15.875, 8.5], "texture": "#1"},
				"down": {"uv": [14, 7.75, 15.875, 8.5], "texture": "#1"}
			}
		},
		{
			"name": "hexadecagon",
			"from": [7.84087, 2.25, 7.2],
			"to": [8.15913, 2.5, 8.8],
			"rotation": {"angle": 22.5, "axis": "y", "origin": [8, 3, 8]},
			"faces": {
				"north": {"uv": [14, 7.75, 15.875, 8.5], "texture": "#1"},
				"east": {"uv": [14, 7.75, 15.875, 8.5], "texture": "#1"},
				"south": {"uv": [14, 7.75, 15.875, 8.5], "texture": "#1"},
				"west": {"uv": [14, 7.75, 15.875, 8.5], "texture": "#1"},
				"up": {"uv": [14, 7.75, 15.875, 8.5], "texture": "#1"},
				"down": {"uv": [14, 7.75, 15.875, 8.5], "texture": "#1"}
			}
		},
		{
			"name": "hexadecagon",
			"from": [7.2, 2.25, 7.84087],
			"to": [8.8, 2.5, 8.15913],
			"rotation": {"angle": -45, "axis": "y", "origin": [8, 3, 8]},
			"faces": {
				"north": {"uv": [14, 7.75, 15.875, 8.5], "texture": "#1"},
				"east": {"uv": [14, 7.75, 15.875, 8.5], "texture": "#1"},
				"south": {"uv": [14, 7.75, 15.875, 8.5], "texture": "#1"},
				"west": {"uv": [14, 7.75, 15.875, 8.5], "texture": "#1"},
				"up": {"uv": [14, 7.75, 15.875, 8.5], "rotation": 90, "texture": "#1"},
				"down": {"uv": [14, 7.75, 15.875, 8.5], "rotation": 270, "texture": "#1"}
			}
		},
		{
			"name": "hexadecagon",
			"from": [7.2, 2.25, 7.84087],
			"to": [8.8, 2.5, 8.15913],
			"rotation": {"angle": -22.5, "axis": "y", "origin": [8, -91, 8]},
			"faces": {
				"north": {"uv": [14, 7.75, 15.875, 8.5], "texture": "#1"},
				"east": {"uv": [14, 7.75, 15.875, 8.5], "texture": "#1"},
				"south": {"uv": [14, 7.75, 15.875, 8.5], "texture": "#1"},
				"west": {"uv": [14, 7.75, 15.875, 8.5], "texture": "#1"},
				"up": {"uv": [14, 7.75, 15.875, 8.5], "texture": "#1"},
				"down": {"uv": [14, 7.75, 15.875, 8.5], "texture": "#1"}
			}
		},
		{
			"name": "hexadecagon",
			"from": [7.2, 2.25, 7.84087],
			"to": [8.8, 2.5, 8.15913],
			"faces": {
				"north": {"uv": [14, 7.75, 15.875, 8.5], "texture": "#1"},
				"east": {"uv": [14, 7.75, 15.875, 8.5], "texture": "#1"},
				"south": {"uv": [14, 7.75, 15.875, 8.5], "texture": "#1"},
				"west": {"uv": [14, 7.75, 15.875, 8.5], "texture": "#1"},
				"up": {"uv": [14, 7.75, 15.875, 8.5], "texture": "#1"},
				"down": {"uv": [14, 7.75, 15.875, 8.5], "texture": "#1"}
			}
		},
		{
			"name": "hexadecagon",
			"from": [7.2, 2.25, 7.84087],
			"to": [8.8, 2.5, 8.15913],
			"rotation": {"angle": 22.5, "axis": "y", "origin": [8, 3, 8]},
			"faces": {
				"north": {"uv": [14, 7.75, 15.875, 8.5], "texture": "#1"},
				"east": {"uv": [14, 7.75, 15.875, 8.5], "texture": "#1"},
				"south": {"uv": [14, 7.75, 15.875, 8.5], "texture": "#1"},
				"west": {"uv": [14, 7.75, 15.875, 8.5], "texture": "#1"},
				"up": {"uv": [14, 7.75, 15.875, 8.5], "texture": "#1"},
				"down": {"uv": [14, 7.75, 15.875, 8.5], "texture": "#1"}
			}
		},
		{
			"name": "hexadecagon",
			"from": [7.84087, 3.25, 7.2],
			"to": [8.15913, 3.5, 8.8],
			"rotation": {"angle": -22.5, "axis": "y", "origin": [8, -91, 8]},
			"faces": {
				"north": {"uv": [14, 7.75, 15.875, 8.5], "texture": "#1"},
				"east": {"uv": [14, 7.75, 15.875, 8.5], "texture": "#1"},
				"south": {"uv": [14, 7.75, 15.875, 8.5], "texture": "#1"},
				"west": {"uv": [14, 7.75, 15.875, 8.5], "texture": "#1"},
				"up": {"uv": [14, 7.75, 15.875, 8.5], "texture": "#1"},
				"down": {"uv": [14, 7.75, 15.875, 8.5], "texture": "#1"}
			}
		},
		{
			"name": "hexadecagon",
			"from": [7.84087, 3.25, 7.2],
			"to": [8.15913, 3.5, 8.8],
			"faces": {
				"north": {"uv": [14, 7.75, 15.875, 8.5], "texture": "#1"},
				"east": {"uv": [14, 7.75, 15.875, 8.5], "texture": "#1"},
				"south": {"uv": [14, 7.75, 15.875, 8.5], "texture": "#1"},
				"west": {"uv": [14, 7.75, 15.875, 8.5], "texture": "#1"},
				"up": {"uv": [14, 7.75, 15.875, 8.5], "texture": "#1"},
				"down": {"uv": [14, 7.75, 15.875, 8.5], "texture": "#1"}
			}
		},
		{
			"name": "hexadecagon",
			"from": [7.2, 3.25, 7.84087],
			"to": [8.8, 3.5, 8.15913],
			"faces": {
				"north": {"uv": [14, 7.75, 15.875, 8.5], "texture": "#1"},
				"east": {"uv": [14, 7.75, 15.875, 8.5], "texture": "#1"},
				"south": {"uv": [14, 7.75, 15.875, 8.5], "texture": "#1"},
				"west": {"uv": [14, 7.75, 15.875, 8.5], "texture": "#1"},
				"up": {"uv": [14, 7.75, 15.875, 8.5], "texture": "#1"},
				"down": {"uv": [14, 7.75, 15.875, 8.5], "texture": "#1"}
			}
		},
		{
			"name": "hexadecagon",
			"from": [7.2, 3.25, 7.84087],
			"to": [8.8, 3.5, 8.15913],
			"rotation": {"angle": 22.5, "axis": "y", "origin": [8, 4, 8]},
			"faces": {
				"north": {"uv": [14, 7.75, 15.875, 8.5], "texture": "#1"},
				"east": {"uv": [14, 7.75, 15.875, 8.5], "texture": "#1"},
				"south": {"uv": [14, 7.75, 15.875, 8.5], "texture": "#1"},
				"west": {"uv": [14, 7.75, 15.875, 8.5], "texture": "#1"},
				"up": {"uv": [14, 7.75, 15.875, 8.5], "texture": "#1"},
				"down": {"uv": [14, 7.75, 15.875, 8.5], "texture": "#1"}
			}
		},
		{
			"name": "hexadecagon",
			"from": [7.84087, 3.25, 7.2],
			"to": [8.15913, 3.5, 8.8],
			"rotation": {"angle": -45, "axis": "y", "origin": [8, 4, 8]},
			"faces": {
				"north": {"uv": [14, 7.75, 15.875, 8.5], "texture": "#1"},
				"east": {"uv": [14, 7.75, 15.875, 8.5], "texture": "#1"},
				"south": {"uv": [14, 7.75, 15.875, 8.5], "texture": "#1"},
				"west": {"uv": [14, 7.75, 15.875, 8.5], "texture": "#1"},
				"up": {"uv": [14, 7.75, 15.875, 8.5], "texture": "#1"},
				"down": {"uv": [14, 7.75, 15.875, 8.5], "texture": "#1"}
			}
		},
		{
			"name": "hexadecagon",
			"from": [7.2, 3.25, 7.84087],
			"to": [8.8, 3.5, 8.15913],
			"rotation": {"angle": -22.5, "axis": "y", "origin": [8, -91, 8]},
			"faces": {
				"north": {"uv": [14, 7.75, 15.875, 8.5], "texture": "#1"},
				"east": {"uv": [14, 7.75, 15.875, 8.5], "texture": "#1"},
				"south": {"uv": [14, 7.75, 15.875, 8.5], "texture": "#1"},
				"west": {"uv": [14, 7.75, 15.875, 8.5], "texture": "#1"},
				"up": {"uv": [14, 7.75, 15.875, 8.5], "texture": "#1"},
				"down": {"uv": [14, 7.75, 15.875, 8.5], "texture": "#1"}
			}
		},
		{
			"name": "hexadecagon",
			"from": [7.2, 3.25, 7.84087],
			"to": [8.8, 3.5, 8.15913],
			"rotation": {"angle": -45, "axis": "y", "origin": [8, 4, 8]},
			"faces": {
				"north": {"uv": [14, 7.75, 15.875, 8.5], "texture": "#1"},
				"east": {"uv": [14, 7.75, 15.875, 8.5], "texture": "#1"},
				"south": {"uv": [14, 7.75, 15.875, 8.5], "texture": "#1"},
				"west": {"uv": [14, 7.75, 15.875, 8.5], "texture": "#1"},
				"up": {"uv": [14, 7.75, 15.875, 8.5], "rotation": 90, "texture": "#1"},
				"down": {"uv": [14, 7.75, 15.875, 8.5], "rotation": 270, "texture": "#1"}
			}
		},
		{
			"name": "hexadecagon",
			"from": [7.84087, 3.25, 7.2],
			"to": [8.15913, 3.5, 8.8],
			"rotation": {"angle": 22.5, "axis": "y", "origin": [8, 4, 8]},
			"faces": {
				"north": {"uv": [14, 7.75, 15.875, 8.5], "texture": "#1"},
				"east": {"uv": [14, 7.75, 15.875, 8.5], "texture": "#1"},
				"south": {"uv": [14, 7.75, 15.875, 8.5], "texture": "#1"},
				"west": {"uv": [14, 7.75, 15.875, 8.5], "texture": "#1"},
				"up": {"uv": [14, 7.75, 15.875, 8.5], "texture": "#1"},
				"down": {"uv": [14, 7.75, 15.875, 8.5], "texture": "#1"}
			}
		},
		{
			"name": "hexadecagon",
			"from": [7.84087, 4.25, 7.2],
			"to": [8.15913, 4.5, 8.8],
			"rotation": {"angle": -22.5, "axis": "y", "origin": [8, -91, 8]},
			"faces": {
				"north": {"uv": [14, 7.75, 15.875, 8.5], "texture": "#1"},
				"east": {"uv": [14, 7.75, 15.875, 8.5], "texture": "#1"},
				"south": {"uv": [14, 7.75, 15.875, 8.5], "texture": "#1"},
				"west": {"uv": [14, 7.75, 15.875, 8.5], "texture": "#1"},
				"up": {"uv": [14, 7.75, 15.875, 8.5], "texture": "#1"},
				"down": {"uv": [14, 7.75, 15.875, 8.5], "texture": "#1"}
			}
		},
		{
			"name": "hexadecagon",
			"from": [7.84087, 4.25, 7.2],
			"to": [8.15913, 4.5, 8.8],
			"faces": {
				"north": {"uv": [14, 7.75, 15.875, 8.5], "texture": "#1"},
				"east": {"uv": [14, 7.75, 15.875, 8.5], "texture": "#1"},
				"south": {"uv": [14, 7.75, 15.875, 8.5], "texture": "#1"},
				"west": {"uv": [14, 7.75, 15.875, 8.5], "texture": "#1"},
				"up": {"uv": [14, 7.75, 15.875, 8.5], "texture": "#1"},
				"down": {"uv": [14, 7.75, 15.875, 8.5], "texture": "#1"}
			}
		},
		{
			"name": "hexadecagon",
			"from": [7.2, 4.25, 7.84087],
			"to": [8.8, 4.5, 8.15913],
			"faces": {
				"north": {"uv": [14, 7.75, 15.875, 8.5], "texture": "#1"},
				"east": {"uv": [14, 7.75, 15.875, 8.5], "texture": "#1"},
				"south": {"uv": [14, 7.75, 15.875, 8.5], "texture": "#1"},
				"west": {"uv": [14, 7.75, 15.875, 8.5], "texture": "#1"},
				"up": {"uv": [14, 7.75, 15.875, 8.5], "texture": "#1"},
				"down": {"uv": [14, 7.75, 15.875, 8.5], "texture": "#1"}
			}
		},
		{
			"name": "hexadecagon",
			"from": [7.2, 4.25, 7.84087],
			"to": [8.8, 4.5, 8.15913],
			"rotation": {"angle": 22.5, "axis": "y", "origin": [8, 5, 8]},
			"faces": {
				"north": {"uv": [14, 7.75, 15.875, 8.5], "texture": "#1"},
				"east": {"uv": [14, 7.75, 15.875, 8.5], "texture": "#1"},
				"south": {"uv": [14, 7.75, 15.875, 8.5], "texture": "#1"},
				"west": {"uv": [14, 7.75, 15.875, 8.5], "texture": "#1"},
				"up": {"uv": [14, 7.75, 15.875, 8.5], "texture": "#1"},
				"down": {"uv": [14, 7.75, 15.875, 8.5], "texture": "#1"}
			}
		},
		{
			"name": "hexadecagon",
			"from": [7.84087, 4.25, 7.2],
			"to": [8.15913, 4.5, 8.8],
			"rotation": {"angle": -45, "axis": "y", "origin": [8, 5, 8]},
			"faces": {
				"north": {"uv": [14, 7.75, 15.875, 8.5], "texture": "#1"},
				"east": {"uv": [14, 7.75, 15.875, 8.5], "texture": "#1"},
				"south": {"uv": [14, 7.75, 15.875, 8.5], "texture": "#1"},
				"west": {"uv": [14, 7.75, 15.875, 8.5], "texture": "#1"},
				"up": {"uv": [14, 7.75, 15.875, 8.5], "texture": "#1"},
				"down": {"uv": [14, 7.75, 15.875, 8.5], "texture": "#1"}
			}
		},
		{
			"name": "hexadecagon",
			"from": [7.2, 4.25, 7.84087],
			"to": [8.8, 4.5, 8.15913],
			"rotation": {"angle": -22.5, "axis": "y", "origin": [8, -91, 8]},
			"faces": {
				"north": {"uv": [14, 7.75, 15.875, 8.5], "texture": "#1"},
				"east": {"uv": [14, 7.75, 15.875, 8.5], "texture": "#1"},
				"south": {"uv": [14, 7.75, 15.875, 8.5], "texture": "#1"},
				"west": {"uv": [14, 7.75, 15.875, 8.5], "texture": "#1"},
				"up": {"uv": [14, 7.75, 15.875, 8.5], "texture": "#1"},
				"down": {"uv": [14, 7.75, 15.875, 8.5], "texture": "#1"}
			}
		},
		{
			"name": "hexadecagon",
			"from": [7.2, 4.25, 7.84087],
			"to": [8.8, 4.5, 8.15913],
			"rotation": {"angle": -45, "axis": "y", "origin": [8, 5, 8]},
			"faces": {
				"north": {"uv": [14, 7.75, 15.875, 8.5], "texture": "#1"},
				"east": {"uv": [14, 7.75, 15.875, 8.5], "texture": "#1"},
				"south": {"uv": [14, 7.75, 15.875, 8.5], "texture": "#1"},
				"west": {"uv": [14, 7.75, 15.875, 8.5], "texture": "#1"},
				"up": {"uv": [14, 7.75, 15.875, 8.5], "rotation": 90, "texture": "#1"},
				"down": {"uv": [14, 7.75, 15.875, 8.5], "rotation": 270, "texture": "#1"}
			}
		},
		{
			"name": "hexadecagon",
			"from": [7.84087, 4.25, 7.2],
			"to": [8.15913, 4.5, 8.8],
			"rotation": {"angle": 22.5, "axis": "y", "origin": [8, 5, 8]},
			"faces": {
				"north": {"uv": [14, 7.75, 15.875, 8.5], "texture": "#1"},
				"east": {"uv": [14, 7.75, 15.875, 8.5], "texture": "#1"},
				"south": {"uv": [14, 7.75, 15.875, 8.5], "texture": "#1"},
				"west": {"uv": [14, 7.75, 15.875, 8.5], "texture": "#1"},
				"up": {"uv": [14, 7.75, 15.875, 8.5], "texture": "#1"},
				"down": {"uv": [14, 7.75, 15.875, 8.5], "texture": "#1"}
			}
		},
		{
			"name": "hexadecagon",
			"from": [7.84087, 5.25, 7.2],
			"to": [8.15913, 5.5, 8.8],
			"rotation": {"angle": -22.5, "axis": "y", "origin": [8, -91, 8]},
			"faces": {
				"north": {"uv": [14, 7.75, 15.875, 8.5], "texture": "#1"},
				"east": {"uv": [14, 7.75, 15.875, 8.5], "texture": "#1"},
				"south": {"uv": [14, 7.75, 15.875, 8.5], "texture": "#1"},
				"west": {"uv": [14, 7.75, 15.875, 8.5], "texture": "#1"},
				"up": {"uv": [14, 7.75, 15.875, 8.5], "texture": "#1"},
				"down": {"uv": [14, 7.75, 15.875, 8.5], "texture": "#1"}
			}
		},
		{
			"name": "hexadecagon",
			"from": [7.84087, 5.25, 7.2],
			"to": [8.15913, 5.5, 8.8],
			"faces": {
				"north": {"uv": [14, 7.75, 15.875, 8.5], "texture": "#1"},
				"east": {"uv": [14, 7.75, 15.875, 8.5], "texture": "#1"},
				"south": {"uv": [14, 7.75, 15.875, 8.5], "texture": "#1"},
				"west": {"uv": [14, 7.75, 15.875, 8.5], "texture": "#1"},
				"up": {"uv": [14, 7.75, 15.875, 8.5], "texture": "#1"},
				"down": {"uv": [14, 7.75, 15.875, 8.5], "texture": "#1"}
			}
		},
		{
			"name": "hexadecagon",
			"from": [7.2, 5.25, 7.84087],
			"to": [8.8, 5.5, 8.15913],
			"faces": {
				"north": {"uv": [14, 7.75, 15.875, 8.5], "texture": "#1"},
				"east": {"uv": [14, 7.75, 15.875, 8.5], "texture": "#1"},
				"south": {"uv": [14, 7.75, 15.875, 8.5], "texture": "#1"},
				"west": {"uv": [14, 7.75, 15.875, 8.5], "texture": "#1"},
				"up": {"uv": [14, 7.75, 15.875, 8.5], "texture": "#1"},
				"down": {"uv": [14, 7.75, 15.875, 8.5], "texture": "#1"}
			}
		},
		{
			"name": "hexadecagon",
			"from": [7.2, 5.25, 7.84087],
			"to": [8.8, 5.5, 8.15913],
			"rotation": {"angle": 22.5, "axis": "y", "origin": [8, 6, 8]},
			"faces": {
				"north": {"uv": [14, 7.75, 15.875, 8.5], "texture": "#1"},
				"east": {"uv": [14, 7.75, 15.875, 8.5], "texture": "#1"},
				"south": {"uv": [14, 7.75, 15.875, 8.5], "texture": "#1"},
				"west": {"uv": [14, 7.75, 15.875, 8.5], "texture": "#1"},
				"up": {"uv": [14, 7.75, 15.875, 8.5], "texture": "#1"},
				"down": {"uv": [14, 7.75, 15.875, 8.5], "texture": "#1"}
			}
		},
		{
			"name": "hexadecagon",
			"from": [7.84087, 5.25, 7.2],
			"to": [8.15913, 5.5, 8.8],
			"rotation": {"angle": -45, "axis": "y", "origin": [8, 6, 8]},
			"faces": {
				"north": {"uv": [14, 7.75, 15.875, 8.5], "texture": "#1"},
				"east": {"uv": [14, 7.75, 15.875, 8.5], "texture": "#1"},
				"south": {"uv": [14, 7.75, 15.875, 8.5], "texture": "#1"},
				"west": {"uv": [14, 7.75, 15.875, 8.5], "texture": "#1"},
				"up": {"uv": [14, 7.75, 15.875, 8.5], "texture": "#1"},
				"down": {"uv": [14, 7.75, 15.875, 8.5], "texture": "#1"}
			}
		},
		{
			"name": "hexadecagon",
			"from": [7.2, 5.25, 7.84087],
			"to": [8.8, 5.5, 8.15913],
			"rotation": {"angle": -22.5, "axis": "y", "origin": [8, -91, 8]},
			"faces": {
				"north": {"uv": [14, 7.75, 15.875, 8.5], "texture": "#1"},
				"east": {"uv": [14, 7.75, 15.875, 8.5], "texture": "#1"},
				"south": {"uv": [14, 7.75, 15.875, 8.5], "texture": "#1"},
				"west": {"uv": [14, 7.75, 15.875, 8.5], "texture": "#1"},
				"up": {"uv": [14, 7.75, 15.875, 8.5], "texture": "#1"},
				"down": {"uv": [14, 7.75, 15.875, 8.5], "texture": "#1"}
			}
		},
		{
			"name": "hexadecagon",
			"from": [7.2, 5.25, 7.84087],
			"to": [8.8, 5.5, 8.15913],
			"rotation": {"angle": -45, "axis": "y", "origin": [8, 6, 8]},
			"faces": {
				"north": {"uv": [14, 7.75, 15.875, 8.5], "texture": "#1"},
				"east": {"uv": [14, 7.75, 15.875, 8.5], "texture": "#1"},
				"south": {"uv": [14, 7.75, 15.875, 8.5], "texture": "#1"},
				"west": {"uv": [14, 7.75, 15.875, 8.5], "texture": "#1"},
				"up": {"uv": [14, 7.75, 15.875, 8.5], "rotation": 90, "texture": "#1"},
				"down": {"uv": [14, 7.75, 15.875, 8.5], "rotation": 270, "texture": "#1"}
			}
		},
		{
			"name": "hexadecagon",
			"from": [7.84087, 5.25, 7.2],
			"to": [8.15913, 5.5, 8.8],
			"rotation": {"angle": 22.5, "axis": "y", "origin": [8, 6, 8]},
			"faces": {
				"north": {"uv": [14, 7.75, 15.875, 8.5], "texture": "#1"},
				"east": {"uv": [14, 7.75, 15.875, 8.5], "texture": "#1"},
				"south": {"uv": [14, 7.75, 15.875, 8.5], "texture": "#1"},
				"west": {"uv": [14, 7.75, 15.875, 8.5], "texture": "#1"},
				"up": {"uv": [14, 7.75, 15.875, 8.5], "texture": "#1"},
				"down": {"uv": [14, 7.75, 15.875, 8.5], "texture": "#1"}
			}
		},
		{
			"name": "hexadecagon",
			"from": [7.84087, 6.25, 7.2],
			"to": [8.15913, 6.5, 8.8],
			"rotation": {"angle": -22.5, "axis": "y", "origin": [8, -91, 8]},
			"faces": {
				"north": {"uv": [14, 7.75, 15.875, 8.5], "texture": "#1"},
				"east": {"uv": [14, 7.75, 15.875, 8.5], "texture": "#1"},
				"south": {"uv": [14, 7.75, 15.875, 8.5], "texture": "#1"},
				"west": {"uv": [14, 7.75, 15.875, 8.5], "texture": "#1"},
				"up": {"uv": [14, 7.75, 15.875, 8.5], "texture": "#1"},
				"down": {"uv": [14, 7.75, 15.875, 8.5], "texture": "#1"}
			}
		},
		{
			"name": "hexadecagon",
			"from": [7.84087, 6.25, 7.2],
			"to": [8.15913, 6.5, 8.8],
			"faces": {
				"north": {"uv": [14, 7.75, 15.875, 8.5], "texture": "#1"},
				"east": {"uv": [14, 7.75, 15.875, 8.5], "texture": "#1"},
				"south": {"uv": [14, 7.75, 15.875, 8.5], "texture": "#1"},
				"west": {"uv": [14, 7.75, 15.875, 8.5], "texture": "#1"},
				"up": {"uv": [14, 7.75, 15.875, 8.5], "texture": "#1"},
				"down": {"uv": [14, 7.75, 15.875, 8.5], "texture": "#1"}
			}
		},
		{
			"name": "hexadecagon",
			"from": [7.2, 6.25, 7.84087],
			"to": [8.8, 6.5, 8.15913],
			"faces": {
				"north": {"uv": [14, 7.75, 15.875, 8.5], "texture": "#1"},
				"east": {"uv": [14, 7.75, 15.875, 8.5], "texture": "#1"},
				"south": {"uv": [14, 7.75, 15.875, 8.5], "texture": "#1"},
				"west": {"uv": [14, 7.75, 15.875, 8.5], "texture": "#1"},
				"up": {"uv": [14, 7.75, 15.875, 8.5], "texture": "#1"},
				"down": {"uv": [14, 7.75, 15.875, 8.5], "texture": "#1"}
			}
		},
		{
			"name": "hexadecagon",
			"from": [7.2, 6.25, 7.84087],
			"to": [8.8, 6.5, 8.15913],
			"rotation": {"angle": 22.5, "axis": "y", "origin": [8, 7, 8]},
			"faces": {
				"north": {"uv": [14, 7.75, 15.875, 8.5], "texture": "#1"},
				"east": {"uv": [14, 7.75, 15.875, 8.5], "texture": "#1"},
				"south": {"uv": [14, 7.75, 15.875, 8.5], "texture": "#1"},
				"west": {"uv": [14, 7.75, 15.875, 8.5], "texture": "#1"},
				"up": {"uv": [14, 7.75, 15.875, 8.5], "texture": "#1"},
				"down": {"uv": [14, 7.75, 15.875, 8.5], "texture": "#1"}
			}
		},
		{
			"name": "hexadecagon",
			"from": [7.84087, 6.25, 7.2],
			"to": [8.15913, 6.5, 8.8],
			"rotation": {"angle": -45, "axis": "y", "origin": [8, 7, 8]},
			"faces": {
				"north": {"uv": [14, 7.75, 15.875, 8.5], "texture": "#1"},
				"east": {"uv": [14, 7.75, 15.875, 8.5], "texture": "#1"},
				"south": {"uv": [14, 7.75, 15.875, 8.5], "texture": "#1"},
				"west": {"uv": [14, 7.75, 15.875, 8.5], "texture": "#1"},
				"up": {"uv": [14, 7.75, 15.875, 8.5], "texture": "#1"},
				"down": {"uv": [14, 7.75, 15.875, 8.5], "texture": "#1"}
			}
		},
		{
			"name": "hexadecagon",
			"from": [7.2, 6.25, 7.84087],
			"to": [8.8, 6.5, 8.15913],
			"rotation": {"angle": -22.5, "axis": "y", "origin": [8, -91, 8]},
			"faces": {
				"north": {"uv": [14, 7.75, 15.875, 8.5], "texture": "#1"},
				"east": {"uv": [14, 7.75, 15.875, 8.5], "texture": "#1"},
				"south": {"uv": [14, 7.75, 15.875, 8.5], "texture": "#1"},
				"west": {"uv": [14, 7.75, 15.875, 8.5], "texture": "#1"},
				"up": {"uv": [14, 7.75, 15.875, 8.5], "texture": "#1"},
				"down": {"uv": [14, 7.75, 15.875, 8.5], "texture": "#1"}
			}
		},
		{
			"name": "hexadecagon",
			"from": [7.2, 6.25, 7.84087],
			"to": [8.8, 6.5, 8.15913],
			"rotation": {"angle": -45, "axis": "y", "origin": [8, 7, 8]},
			"faces": {
				"north": {"uv": [14, 7.75, 15.875, 8.5], "texture": "#1"},
				"east": {"uv": [14, 7.75, 15.875, 8.5], "texture": "#1"},
				"south": {"uv": [14, 7.75, 15.875, 8.5], "texture": "#1"},
				"west": {"uv": [14, 7.75, 15.875, 8.5], "texture": "#1"},
				"up": {"uv": [14, 7.75, 15.875, 8.5], "rotation": 90, "texture": "#1"},
				"down": {"uv": [14, 7.75, 15.875, 8.5], "rotation": 270, "texture": "#1"}
			}
		},
		{
			"name": "hexadecagon",
			"from": [7.84087, 6.25, 7.2],
			"to": [8.15913, 6.5, 8.8],
			"rotation": {"angle": 22.5, "axis": "y", "origin": [8, 7, 8]},
			"faces": {
				"north": {"uv": [14, 7.75, 15.875, 8.5], "texture": "#1"},
				"east": {"uv": [14, 7.75, 15.875, 8.5], "texture": "#1"},
				"south": {"uv": [14, 7.75, 15.875, 8.5], "texture": "#1"},
				"west": {"uv": [14, 7.75, 15.875, 8.5], "texture": "#1"},
				"up": {"uv": [14, 7.75, 15.875, 8.5], "texture": "#1"},
				"down": {"uv": [14, 7.75, 15.875, 8.5], "texture": "#1"}
			}
		},
		{
			"name": "hexadecagon",
			"from": [7.84087, 7.25, 7.2],
			"to": [8.15913, 7.5, 8.8],
			"rotation": {"angle": -22.5, "axis": "y", "origin": [8, -91, 8]},
			"faces": {
				"north": {"uv": [14, 7.75, 15.875, 8.5], "texture": "#1"},
				"east": {"uv": [14, 7.75, 15.875, 8.5], "texture": "#1"},
				"south": {"uv": [14, 7.75, 15.875, 8.5], "texture": "#1"},
				"west": {"uv": [14, 7.75, 15.875, 8.5], "texture": "#1"},
				"up": {"uv": [14, 7.75, 15.875, 8.5], "texture": "#1"},
				"down": {"uv": [14, 7.75, 15.875, 8.5], "texture": "#1"}
			}
		},
		{
			"name": "hexadecagon",
			"from": [7.84087, 7.25, 7.2],
			"to": [8.15913, 7.5, 8.8],
			"faces": {
				"north": {"uv": [14, 7.75, 15.875, 8.5], "texture": "#1"},
				"east": {"uv": [14, 7.75, 15.875, 8.5], "texture": "#1"},
				"south": {"uv": [14, 7.75, 15.875, 8.5], "texture": "#1"},
				"west": {"uv": [14, 7.75, 15.875, 8.5], "texture": "#1"},
				"up": {"uv": [14, 7.75, 15.875, 8.5], "texture": "#1"},
				"down": {"uv": [14, 7.75, 15.875, 8.5], "texture": "#1"}
			}
		},
		{
			"name": "hexadecagon",
			"from": [7.2, 7.25, 7.84087],
			"to": [8.8, 7.5, 8.15913],
			"faces": {
				"north": {"uv": [14, 7.75, 15.875, 8.5], "texture": "#1"},
				"east": {"uv": [14, 7.75, 15.875, 8.5], "texture": "#1"},
				"south": {"uv": [14, 7.75, 15.875, 8.5], "texture": "#1"},
				"west": {"uv": [14, 7.75, 15.875, 8.5], "texture": "#1"},
				"up": {"uv": [14, 7.75, 15.875, 8.5], "texture": "#1"},
				"down": {"uv": [14, 7.75, 15.875, 8.5], "texture": "#1"}
			}
		},
		{
			"name": "hexadecagon",
			"from": [7.2, 7.25, 7.84087],
			"to": [8.8, 7.5, 8.15913],
			"rotation": {"angle": 22.5, "axis": "y", "origin": [8, 8, 8]},
			"faces": {
				"north": {"uv": [14, 7.75, 15.875, 8.5], "texture": "#1"},
				"east": {"uv": [14, 7.75, 15.875, 8.5], "texture": "#1"},
				"south": {"uv": [14, 7.75, 15.875, 8.5], "texture": "#1"},
				"west": {"uv": [14, 7.75, 15.875, 8.5], "texture": "#1"},
				"up": {"uv": [14, 7.75, 15.875, 8.5], "texture": "#1"},
				"down": {"uv": [14, 7.75, 15.875, 8.5], "texture": "#1"}
			}
		},
		{
			"name": "hexadecagon",
			"from": [7.84087, 7.25, 7.2],
			"to": [8.15913, 7.5, 8.8],
			"rotation": {"angle": -45, "axis": "y", "origin": [8, 8, 8]},
			"faces": {
				"north": {"uv": [14, 7.75, 15.875, 8.5], "texture": "#1"},
				"east": {"uv": [14, 7.75, 15.875, 8.5], "texture": "#1"},
				"south": {"uv": [14, 7.75, 15.875, 8.5], "texture": "#1"},
				"west": {"uv": [14, 7.75, 15.875, 8.5], "texture": "#1"},
				"up": {"uv": [14, 7.75, 15.875, 8.5], "texture": "#1"},
				"down": {"uv": [14, 7.75, 15.875, 8.5], "texture": "#1"}
			}
		},
		{
			"name": "hexadecagon",
			"from": [7.2, 7.25, 7.84087],
			"to": [8.8, 7.5, 8.15913],
			"rotation": {"angle": -22.5, "axis": "y", "origin": [8, -91, 8]},
			"faces": {
				"north": {"uv": [14, 7.75, 15.875, 8.5], "texture": "#1"},
				"east": {"uv": [14, 7.75, 15.875, 8.5], "texture": "#1"},
				"south": {"uv": [14, 7.75, 15.875, 8.5], "texture": "#1"},
				"west": {"uv": [14, 7.75, 15.875, 8.5], "texture": "#1"},
				"up": {"uv": [14, 7.75, 15.875, 8.5], "texture": "#1"},
				"down": {"uv": [14, 7.75, 15.875, 8.5], "texture": "#1"}
			}
		},
		{
			"name": "hexadecagon",
			"from": [7.2, 7.25, 7.84087],
			"to": [8.8, 7.5, 8.15913],
			"rotation": {"angle": -45, "axis": "y", "origin": [8, 8, 8]},
			"faces": {
				"north": {"uv": [14, 7.75, 15.875, 8.5], "texture": "#1"},
				"east": {"uv": [14, 7.75, 15.875, 8.5], "texture": "#1"},
				"south": {"uv": [14, 7.75, 15.875, 8.5], "texture": "#1"},
				"west": {"uv": [14, 7.75, 15.875, 8.5], "texture": "#1"},
				"up": {"uv": [14, 7.75, 15.875, 8.5], "rotation": 90, "texture": "#1"},
				"down": {"uv": [14, 7.75, 15.875, 8.5], "rotation": 270, "texture": "#1"}
			}
		},
		{
			"name": "hexadecagon",
			"from": [7.84087, 7.25, 7.2],
			"to": [8.15913, 7.5, 8.8],
			"rotation": {"angle": 22.5, "axis": "y", "origin": [8, 8, 8]},
			"faces": {
				"north": {"uv": [14, 7.75, 15.875, 8.5], "texture": "#1"},
				"east": {"uv": [14, 7.75, 15.875, 8.5], "texture": "#1"},
				"south": {"uv": [14, 7.75, 15.875, 8.5], "texture": "#1"},
				"west": {"uv": [14, 7.75, 15.875, 8.5], "texture": "#1"},
				"up": {"uv": [14, 7.75, 15.875, 8.5], "texture": "#1"},
				"down": {"uv": [14, 7.75, 15.875, 8.5], "texture": "#1"}
			}
		},
		{
			"name": "hexadecagon",
			"from": [7.84087, 8.25, 7.2],
			"to": [8.15913, 8.5, 8.8],
			"rotation": {"angle": -22.5, "axis": "y", "origin": [8, -91, 8]},
			"faces": {
				"north": {"uv": [14, 7.75, 15.875, 8.5], "texture": "#1"},
				"east": {"uv": [14, 7.75, 15.875, 8.5], "texture": "#1"},
				"south": {"uv": [14, 7.75, 15.875, 8.5], "texture": "#1"},
				"west": {"uv": [14, 7.75, 15.875, 8.5], "texture": "#1"},
				"up": {"uv": [14, 7.75, 15.875, 8.5], "texture": "#1"},
				"down": {"uv": [14, 7.75, 15.875, 8.5], "texture": "#1"}
			}
		},
		{
			"name": "hexadecagon",
			"from": [7.84087, 8.25, 7.2],
			"to": [8.15913, 8.5, 8.8],
			"faces": {
				"north": {"uv": [14, 7.75, 15.875, 8.5], "texture": "#1"},
				"east": {"uv": [14, 7.75, 15.875, 8.5], "texture": "#1"},
				"south": {"uv": [14, 7.75, 15.875, 8.5], "texture": "#1"},
				"west": {"uv": [14, 7.75, 15.875, 8.5], "texture": "#1"},
				"up": {"uv": [14, 7.75, 15.875, 8.5], "texture": "#1"},
				"down": {"uv": [14, 7.75, 15.875, 8.5], "texture": "#1"}
			}
		},
		{
			"name": "hexadecagon",
			"from": [7.2, 8.25, 7.84087],
			"to": [8.8, 8.5, 8.15913],
			"faces": {
				"north": {"uv": [14, 7.75, 15.875, 8.5], "texture": "#1"},
				"east": {"uv": [14, 7.75, 15.875, 8.5], "texture": "#1"},
				"south": {"uv": [14, 7.75, 15.875, 8.5], "texture": "#1"},
				"west": {"uv": [14, 7.75, 15.875, 8.5], "texture": "#1"},
				"up": {"uv": [14, 7.75, 15.875, 8.5], "texture": "#1"},
				"down": {"uv": [14, 7.75, 15.875, 8.5], "texture": "#1"}
			}
		},
		{
			"name": "hexadecagon",
			"from": [7.2, 8.25, 7.84087],
			"to": [8.8, 8.5, 8.15913],
			"rotation": {"angle": 22.5, "axis": "y", "origin": [8, 9, 8]},
			"faces": {
				"north": {"uv": [14, 7.75, 15.875, 8.5], "texture": "#1"},
				"east": {"uv": [14, 7.75, 15.875, 8.5], "texture": "#1"},
				"south": {"uv": [14, 7.75, 15.875, 8.5], "texture": "#1"},
				"west": {"uv": [14, 7.75, 15.875, 8.5], "texture": "#1"},
				"up": {"uv": [14, 7.75, 15.875, 8.5], "texture": "#1"},
				"down": {"uv": [14, 7.75, 15.875, 8.5], "texture": "#1"}
			}
		},
		{
			"name": "hexadecagon",
			"from": [7.84087, 8.25, 7.2],
			"to": [8.15913, 8.5, 8.8],
			"rotation": {"angle": -45, "axis": "y", "origin": [8, 9, 8]},
			"faces": {
				"north": {"uv": [14, 7.75, 15.875, 8.5], "texture": "#1"},
				"east": {"uv": [14, 7.75, 15.875, 8.5], "texture": "#1"},
				"south": {"uv": [14, 7.75, 15.875, 8.5], "texture": "#1"},
				"west": {"uv": [14, 7.75, 15.875, 8.5], "texture": "#1"},
				"up": {"uv": [14, 7.75, 15.875, 8.5], "texture": "#1"},
				"down": {"uv": [14, 7.75, 15.875, 8.5], "texture": "#1"}
			}
		},
		{
			"name": "hexadecagon",
			"from": [7.2, 8.25, 7.84087],
			"to": [8.8, 8.5, 8.15913],
			"rotation": {"angle": -22.5, "axis": "y", "origin": [8, -91, 8]},
			"faces": {
				"north": {"uv": [14, 7.75, 15.875, 8.5], "texture": "#1"},
				"east": {"uv": [14, 7.75, 15.875, 8.5], "texture": "#1"},
				"south": {"uv": [14, 7.75, 15.875, 8.5], "texture": "#1"},
				"west": {"uv": [14, 7.75, 15.875, 8.5], "texture": "#1"},
				"up": {"uv": [14, 7.75, 15.875, 8.5], "texture": "#1"},
				"down": {"uv": [14, 7.75, 15.875, 8.5], "texture": "#1"}
			}
		},
		{
			"name": "hexadecagon",
			"from": [7.2, 8.25, 7.84087],
			"to": [8.8, 8.5, 8.15913],
			"rotation": {"angle": -45, "axis": "y", "origin": [8, 9, 8]},
			"faces": {
				"north": {"uv": [14, 7.75, 15.875, 8.5], "texture": "#1"},
				"east": {"uv": [14, 7.75, 15.875, 8.5], "texture": "#1"},
				"south": {"uv": [14, 7.75, 15.875, 8.5], "texture": "#1"},
				"west": {"uv": [14, 7.75, 15.875, 8.5], "texture": "#1"},
				"up": {"uv": [14, 7.75, 15.875, 8.5], "rotation": 90, "texture": "#1"},
				"down": {"uv": [14, 7.75, 15.875, 8.5], "rotation": 270, "texture": "#1"}
			}
		},
		{
			"name": "hexadecagon",
			"from": [7.84087, 8.25, 7.2],
			"to": [8.15913, 8.5, 8.8],
			"rotation": {"angle": 22.5, "axis": "y", "origin": [8, 9, 8]},
			"faces": {
				"north": {"uv": [14, 7.75, 15.875, 8.5], "texture": "#1"},
				"east": {"uv": [14, 7.75, 15.875, 8.5], "texture": "#1"},
				"south": {"uv": [14, 7.75, 15.875, 8.5], "texture": "#1"},
				"west": {"uv": [14, 7.75, 15.875, 8.5], "texture": "#1"},
				"up": {"uv": [14, 7.75, 15.875, 8.5], "texture": "#1"},
				"down": {"uv": [14, 7.75, 15.875, 8.5], "texture": "#1"}
			}
		},
		{
			"name": "hexadecagon",
			"from": [7.84087, 9.25, 7.2],
			"to": [8.15913, 9.5, 8.8],
			"rotation": {"angle": -22.5, "axis": "y", "origin": [8, -91, 8]},
			"faces": {
				"north": {"uv": [14, 7.75, 15.875, 8.5], "texture": "#1"},
				"east": {"uv": [14, 7.75, 15.875, 8.5], "texture": "#1"},
				"south": {"uv": [14, 7.75, 15.875, 8.5], "texture": "#1"},
				"west": {"uv": [14, 7.75, 15.875, 8.5], "texture": "#1"},
				"up": {"uv": [14, 7.75, 15.875, 8.5], "texture": "#1"},
				"down": {"uv": [14, 7.75, 15.875, 8.5], "texture": "#1"}
			}
		},
		{
			"name": "hexadecagon",
			"from": [7.84087, 9.25, 7.2],
			"to": [8.15913, 9.5, 8.8],
			"faces": {
				"north": {"uv": [14, 7.75, 15.875, 8.5], "texture": "#1"},
				"east": {"uv": [14, 7.75, 15.875, 8.5], "texture": "#1"},
				"south": {"uv": [14, 7.75, 15.875, 8.5], "texture": "#1"},
				"west": {"uv": [14, 7.75, 15.875, 8.5], "texture": "#1"},
				"up": {"uv": [14, 7.75, 15.875, 8.5], "texture": "#1"},
				"down": {"uv": [14, 7.75, 15.875, 8.5], "texture": "#1"}
			}
		},
		{
			"name": "hexadecagon",
			"from": [7.2, 9.25, 7.84087],
			"to": [8.8, 9.5, 8.15913],
			"faces": {
				"north": {"uv": [14, 7.75, 15.875, 8.5], "texture": "#1"},
				"east": {"uv": [14, 7.75, 15.875, 8.5], "texture": "#1"},
				"south": {"uv": [14, 7.75, 15.875, 8.5], "texture": "#1"},
				"west": {"uv": [14, 7.75, 15.875, 8.5], "texture": "#1"},
				"up": {"uv": [14, 7.75, 15.875, 8.5], "texture": "#1"},
				"down": {"uv": [14, 7.75, 15.875, 8.5], "texture": "#1"}
			}
		},
		{
			"name": "hexadecagon",
			"from": [7.2, 9.25, 7.84087],
			"to": [8.8, 9.5, 8.15913],
			"rotation": {"angle": 22.5, "axis": "y", "origin": [8, 10, 8]},
			"faces": {
				"north": {"uv": [14, 7.75, 15.875, 8.5], "texture": "#1"},
				"east": {"uv": [14, 7.75, 15.875, 8.5], "texture": "#1"},
				"south": {"uv": [14, 7.75, 15.875, 8.5], "texture": "#1"},
				"west": {"uv": [14, 7.75, 15.875, 8.5], "texture": "#1"},
				"up": {"uv": [14, 7.75, 15.875, 8.5], "texture": "#1"},
				"down": {"uv": [14, 7.75, 15.875, 8.5], "texture": "#1"}
			}
		},
		{
			"name": "hexadecagon",
			"from": [7.84087, 9.25, 7.2],
			"to": [8.15913, 9.5, 8.8],
			"rotation": {"angle": -45, "axis": "y", "origin": [8, 10, 8]},
			"faces": {
				"north": {"uv": [14, 7.75, 15.875, 8.5], "texture": "#1"},
				"east": {"uv": [14, 7.75, 15.875, 8.5], "texture": "#1"},
				"south": {"uv": [14, 7.75, 15.875, 8.5], "texture": "#1"},
				"west": {"uv": [14, 7.75, 15.875, 8.5], "texture": "#1"},
				"up": {"uv": [14, 7.75, 15.875, 8.5], "texture": "#1"},
				"down": {"uv": [14, 7.75, 15.875, 8.5], "texture": "#1"}
			}
		},
		{
			"name": "hexadecagon",
			"from": [7.2, 9.25, 7.84087],
			"to": [8.8, 9.5, 8.15913],
			"rotation": {"angle": -22.5, "axis": "y", "origin": [8, -91, 8]},
			"faces": {
				"north": {"uv": [14, 7.75, 15.875, 8.5], "texture": "#1"},
				"east": {"uv": [14, 7.75, 15.875, 8.5], "texture": "#1"},
				"south": {"uv": [14, 7.75, 15.875, 8.5], "texture": "#1"},
				"west": {"uv": [14, 7.75, 15.875, 8.5], "texture": "#1"},
				"up": {"uv": [14, 7.75, 15.875, 8.5], "texture": "#1"},
				"down": {"uv": [14, 7.75, 15.875, 8.5], "texture": "#1"}
			}
		},
		{
			"name": "hexadecagon",
			"from": [7.2, 9.25, 7.84087],
			"to": [8.8, 9.5, 8.15913],
			"rotation": {"angle": -45, "axis": "y", "origin": [8, 10, 8]},
			"faces": {
				"north": {"uv": [14, 7.75, 15.875, 8.5], "texture": "#1"},
				"east": {"uv": [14, 7.75, 15.875, 8.5], "texture": "#1"},
				"south": {"uv": [14, 7.75, 15.875, 8.5], "texture": "#1"},
				"west": {"uv": [14, 7.75, 15.875, 8.5], "texture": "#1"},
				"up": {"uv": [14, 7.75, 15.875, 8.5], "rotation": 90, "texture": "#1"},
				"down": {"uv": [14, 7.75, 15.875, 8.5], "rotation": 270, "texture": "#1"}
			}
		},
		{
			"name": "hexadecagon",
			"from": [7.84087, 9.25, 7.2],
			"to": [8.15913, 9.5, 8.8],
			"rotation": {"angle": 22.5, "axis": "y", "origin": [8, 10, 8]},
			"faces": {
				"north": {"uv": [14, 7.75, 15.875, 8.5], "texture": "#1"},
				"east": {"uv": [14, 7.75, 15.875, 8.5], "texture": "#1"},
				"south": {"uv": [14, 7.75, 15.875, 8.5], "texture": "#1"},
				"west": {"uv": [14, 7.75, 15.875, 8.5], "texture": "#1"},
				"up": {"uv": [14, 7.75, 15.875, 8.5], "texture": "#1"},
				"down": {"uv": [14, 7.75, 15.875, 8.5], "texture": "#1"}
			}
		},
		{
			"name": "hexadecagon",
			"from": [7.84087, 10.25, 7.2],
			"to": [8.15913, 10.5, 8.8],
			"rotation": {"angle": -22.5, "axis": "y", "origin": [8, -91, 8]},
			"faces": {
				"north": {"uv": [14, 7.75, 15.875, 8.5], "texture": "#1"},
				"east": {"uv": [14, 7.75, 15.875, 8.5], "texture": "#1"},
				"south": {"uv": [14, 7.75, 15.875, 8.5], "texture": "#1"},
				"west": {"uv": [14, 7.75, 15.875, 8.5], "texture": "#1"},
				"up": {"uv": [14, 7.75, 15.875, 8.5], "texture": "#1"},
				"down": {"uv": [14, 7.75, 15.875, 8.5], "texture": "#1"}
			}
		},
		{
			"name": "hexadecagon",
			"from": [7.84087, 10.25, 7.2],
			"to": [8.15913, 10.5, 8.8],
			"faces": {
				"north": {"uv": [14, 7.75, 15.875, 8.5], "texture": "#1"},
				"east": {"uv": [14, 7.75, 15.875, 8.5], "texture": "#1"},
				"south": {"uv": [14, 7.75, 15.875, 8.5], "texture": "#1"},
				"west": {"uv": [14, 7.75, 15.875, 8.5], "texture": "#1"},
				"up": {"uv": [14, 7.75, 15.875, 8.5], "texture": "#1"},
				"down": {"uv": [14, 7.75, 15.875, 8.5], "texture": "#1"}
			}
		},
		{
			"name": "hexadecagon",
			"from": [7.2, 10.25, 7.84087],
			"to": [8.8, 10.5, 8.15913],
			"faces": {
				"north": {"uv": [14, 7.75, 15.875, 8.5], "texture": "#1"},
				"east": {"uv": [14, 7.75, 15.875, 8.5], "texture": "#1"},
				"south": {"uv": [14, 7.75, 15.875, 8.5], "texture": "#1"},
				"west": {"uv": [14, 7.75, 15.875, 8.5], "texture": "#1"},
				"up": {"uv": [14, 7.75, 15.875, 8.5], "texture": "#1"},
				"down": {"uv": [14, 7.75, 15.875, 8.5], "texture": "#1"}
			}
		},
		{
			"name": "hexadecagon",
			"from": [7.2, 10.25, 7.84087],
			"to": [8.8, 10.5, 8.15913],
			"rotation": {"angle": 22.5, "axis": "y", "origin": [8, 11, 8]},
			"faces": {
				"north": {"uv": [14, 7.75, 15.875, 8.5], "texture": "#1"},
				"east": {"uv": [14, 7.75, 15.875, 8.5], "texture": "#1"},
				"south": {"uv": [14, 7.75, 15.875, 8.5], "texture": "#1"},
				"west": {"uv": [14, 7.75, 15.875, 8.5], "texture": "#1"},
				"up": {"uv": [14, 7.75, 15.875, 8.5], "texture": "#1"},
				"down": {"uv": [14, 7.75, 15.875, 8.5], "texture": "#1"}
			}
		},
		{
			"name": "hexadecagon",
			"from": [7.84087, 10.25, 7.2],
			"to": [8.15913, 10.5, 8.8],
			"rotation": {"angle": -45, "axis": "y", "origin": [8, 11, 8]},
			"faces": {
				"north": {"uv": [14, 7.75, 15.875, 8.5], "texture": "#1"},
				"east": {"uv": [14, 7.75, 15.875, 8.5], "texture": "#1"},
				"south": {"uv": [14, 7.75, 15.875, 8.5], "texture": "#1"},
				"west": {"uv": [14, 7.75, 15.875, 8.5], "texture": "#1"},
				"up": {"uv": [14, 7.75, 15.875, 8.5], "texture": "#1"},
				"down": {"uv": [14, 7.75, 15.875, 8.5], "texture": "#1"}
			}
		},
		{
			"name": "hexadecagon",
			"from": [7.2, 10.25, 7.84087],
			"to": [8.8, 10.5, 8.15913],
			"rotation": {"angle": -22.5, "axis": "y", "origin": [8, -91, 8]},
			"faces": {
				"north": {"uv": [14, 7.75, 15.875, 8.5], "texture": "#1"},
				"east": {"uv": [14, 7.75, 15.875, 8.5], "texture": "#1"},
				"south": {"uv": [14, 7.75, 15.875, 8.5], "texture": "#1"},
				"west": {"uv": [14, 7.75, 15.875, 8.5], "texture": "#1"},
				"up": {"uv": [14, 7.75, 15.875, 8.5], "texture": "#1"},
				"down": {"uv": [14, 7.75, 15.875, 8.5], "texture": "#1"}
			}
		},
		{
			"name": "hexadecagon",
			"from": [7.2, 10.25, 7.84087],
			"to": [8.8, 10.5, 8.15913],
			"rotation": {"angle": -45, "axis": "y", "origin": [8, 11, 8]},
			"faces": {
				"north": {"uv": [14, 7.75, 15.875, 8.5], "texture": "#1"},
				"east": {"uv": [14, 7.75, 15.875, 8.5], "texture": "#1"},
				"south": {"uv": [14, 7.75, 15.875, 8.5], "texture": "#1"},
				"west": {"uv": [14, 7.75, 15.875, 8.5], "texture": "#1"},
				"up": {"uv": [14, 7.75, 15.875, 8.5], "rotation": 90, "texture": "#1"},
				"down": {"uv": [14, 7.75, 15.875, 8.5], "rotation": 270, "texture": "#1"}
			}
		},
		{
			"name": "hexadecagon",
			"from": [7.84087, 10.25, 7.2],
			"to": [8.15913, 10.5, 8.8],
			"rotation": {"angle": 22.5, "axis": "y", "origin": [8, 11, 8]},
			"faces": {
				"north": {"uv": [14, 7.75, 15.875, 8.5], "texture": "#1"},
				"east": {"uv": [14, 7.75, 15.875, 8.5], "texture": "#1"},
				"south": {"uv": [14, 7.75, 15.875, 8.5], "texture": "#1"},
				"west": {"uv": [14, 7.75, 15.875, 8.5], "texture": "#1"},
				"up": {"uv": [14, 7.75, 15.875, 8.5], "texture": "#1"},
				"down": {"uv": [14, 7.75, 15.875, 8.5], "texture": "#1"}
			}
		},
		{
			"name": "hexadecagon",
			"from": [7.84087, 11.25, 7.2],
			"to": [8.15913, 11.5, 8.8],
			"rotation": {"angle": -22.5, "axis": "y", "origin": [8, -91, 8]},
			"faces": {
				"north": {"uv": [14, 7.75, 15.875, 8.5], "texture": "#1"},
				"east": {"uv": [14, 7.75, 15.875, 8.5], "texture": "#1"},
				"south": {"uv": [14, 7.75, 15.875, 8.5], "texture": "#1"},
				"west": {"uv": [14, 7.75, 15.875, 8.5], "texture": "#1"},
				"up": {"uv": [14, 7.75, 15.875, 8.5], "texture": "#1"},
				"down": {"uv": [14, 7.75, 15.875, 8.5], "texture": "#1"}
			}
		},
		{
			"name": "hexadecagon",
			"from": [7.84087, 11.25, 7.2],
			"to": [8.15913, 11.5, 8.8],
			"faces": {
				"north": {"uv": [14, 7.75, 15.875, 8.5], "texture": "#1"},
				"east": {"uv": [14, 7.75, 15.875, 8.5], "texture": "#1"},
				"south": {"uv": [14, 7.75, 15.875, 8.5], "texture": "#1"},
				"west": {"uv": [14, 7.75, 15.875, 8.5], "texture": "#1"},
				"up": {"uv": [14, 7.75, 15.875, 8.5], "texture": "#1"},
				"down": {"uv": [14, 7.75, 15.875, 8.5], "texture": "#1"}
			}
		},
		{
			"name": "hexadecagon",
			"from": [7.2, 11.25, 7.84087],
			"to": [8.8, 11.5, 8.15913],
			"faces": {
				"north": {"uv": [14, 7.75, 15.875, 8.5], "texture": "#1"},
				"east": {"uv": [14, 7.75, 15.875, 8.5], "texture": "#1"},
				"south": {"uv": [14, 7.75, 15.875, 8.5], "texture": "#1"},
				"west": {"uv": [14, 7.75, 15.875, 8.5], "texture": "#1"},
				"up": {"uv": [14, 7.75, 15.875, 8.5], "texture": "#1"},
				"down": {"uv": [14, 7.75, 15.875, 8.5], "texture": "#1"}
			}
		},
		{
			"name": "hexadecagon",
			"from": [7.2, 11.25, 7.84087],
			"to": [8.8, 11.5, 8.15913],
			"rotation": {"angle": 22.5, "axis": "y", "origin": [8, 12, 8]},
			"faces": {
				"north": {"uv": [14, 7.75, 15.875, 8.5], "texture": "#1"},
				"east": {"uv": [14, 7.75, 15.875, 8.5], "texture": "#1"},
				"south": {"uv": [14, 7.75, 15.875, 8.5], "texture": "#1"},
				"west": {"uv": [14, 7.75, 15.875, 8.5], "texture": "#1"},
				"up": {"uv": [14, 7.75, 15.875, 8.5], "texture": "#1"},
				"down": {"uv": [14, 7.75, 15.875, 8.5], "texture": "#1"}
			}
		},
		{
			"name": "hexadecagon",
			"from": [7.84087, 11.25, 7.2],
			"to": [8.15913, 11.5, 8.8],
			"rotation": {"angle": -45, "axis": "y", "origin": [8, 12, 8]},
			"faces": {
				"north": {"uv": [14, 7.75, 15.875, 8.5], "texture": "#1"},
				"east": {"uv": [14, 7.75, 15.875, 8.5], "texture": "#1"},
				"south": {"uv": [14, 7.75, 15.875, 8.5], "texture": "#1"},
				"west": {"uv": [14, 7.75, 15.875, 8.5], "texture": "#1"},
				"up": {"uv": [14, 7.75, 15.875, 8.5], "texture": "#1"},
				"down": {"uv": [14, 7.75, 15.875, 8.5], "texture": "#1"}
			}
		},
		{
			"name": "hexadecagon",
			"from": [7.2, 11.25, 7.84087],
			"to": [8.8, 11.5, 8.15913],
			"rotation": {"angle": -22.5, "axis": "y", "origin": [8, -91, 8]},
			"faces": {
				"north": {"uv": [14, 7.75, 15.875, 8.5], "texture": "#1"},
				"east": {"uv": [14, 7.75, 15.875, 8.5], "texture": "#1"},
				"south": {"uv": [14, 7.75, 15.875, 8.5], "texture": "#1"},
				"west": {"uv": [14, 7.75, 15.875, 8.5], "texture": "#1"},
				"up": {"uv": [14, 7.75, 15.875, 8.5], "texture": "#1"},
				"down": {"uv": [14, 7.75, 15.875, 8.5], "texture": "#1"}
			}
		},
		{
			"name": "hexadecagon",
			"from": [7.2, 11.25, 7.84087],
			"to": [8.8, 11.5, 8.15913],
			"rotation": {"angle": -45, "axis": "y", "origin": [8, 12, 8]},
			"faces": {
				"north": {"uv": [14, 7.75, 15.875, 8.5], "texture": "#1"},
				"east": {"uv": [14, 7.75, 15.875, 8.5], "texture": "#1"},
				"south": {"uv": [14, 7.75, 15.875, 8.5], "texture": "#1"},
				"west": {"uv": [14, 7.75, 15.875, 8.5], "texture": "#1"},
				"up": {"uv": [14, 7.75, 15.875, 8.5], "rotation": 90, "texture": "#1"},
				"down": {"uv": [14, 7.75, 15.875, 8.5], "rotation": 270, "texture": "#1"}
			}
		},
		{
			"name": "hexadecagon",
			"from": [7.84087, 11.25, 7.2],
			"to": [8.15913, 11.5, 8.8],
			"rotation": {"angle": 22.5, "axis": "y", "origin": [8, 12, 8]},
			"faces": {
				"north": {"uv": [14, 7.75, 15.875, 8.5], "texture": "#1"},
				"east": {"uv": [14, 7.75, 15.875, 8.5], "texture": "#1"},
				"south": {"uv": [14, 7.75, 15.875, 8.5], "texture": "#1"},
				"west": {"uv": [14, 7.75, 15.875, 8.5], "texture": "#1"},
				"up": {"uv": [14, 7.75, 15.875, 8.5], "texture": "#1"},
				"down": {"uv": [14, 7.75, 15.875, 8.5], "texture": "#1"}
			}
		},
		{
			"name": "hexadecagon",
			"from": [7.84087, 12.25, 7.2],
			"to": [8.15913, 12.5, 8.8],
			"rotation": {"angle": -22.5, "axis": "y", "origin": [8, -91, 8]},
			"faces": {
				"north": {"uv": [14, 7.75, 15.875, 8.5], "texture": "#1"},
				"east": {"uv": [14, 7.75, 15.875, 8.5], "texture": "#1"},
				"south": {"uv": [14, 7.75, 15.875, 8.5], "texture": "#1"},
				"west": {"uv": [14, 7.75, 15.875, 8.5], "texture": "#1"},
				"up": {"uv": [14, 7.75, 15.875, 8.5], "texture": "#1"},
				"down": {"uv": [14, 7.75, 15.875, 8.5], "texture": "#1"}
			}
		},
		{
			"name": "hexadecagon",
			"from": [7.84087, 12.25, 7.2],
			"to": [8.15913, 12.5, 8.8],
			"faces": {
				"north": {"uv": [14, 7.75, 15.875, 8.5], "texture": "#1"},
				"east": {"uv": [14, 7.75, 15.875, 8.5], "texture": "#1"},
				"south": {"uv": [14, 7.75, 15.875, 8.5], "texture": "#1"},
				"west": {"uv": [14, 7.75, 15.875, 8.5], "texture": "#1"},
				"up": {"uv": [14, 7.75, 15.875, 8.5], "texture": "#1"},
				"down": {"uv": [14, 7.75, 15.875, 8.5], "texture": "#1"}
			}
		},
		{
			"name": "hexadecagon",
			"from": [7.2, 12.25, 7.84087],
			"to": [8.8, 12.5, 8.15913],
			"faces": {
				"north": {"uv": [14, 7.75, 15.875, 8.5], "texture": "#1"},
				"east": {"uv": [14, 7.75, 15.875, 8.5], "texture": "#1"},
				"south": {"uv": [14, 7.75, 15.875, 8.5], "texture": "#1"},
				"west": {"uv": [14, 7.75, 15.875, 8.5], "texture": "#1"},
				"up": {"uv": [14, 7.75, 15.875, 8.5], "texture": "#1"},
				"down": {"uv": [14, 7.75, 15.875, 8.5], "texture": "#1"}
			}
		},
		{
			"name": "hexadecagon",
			"from": [7.2, 12.25, 7.84087],
			"to": [8.8, 12.5, 8.15913],
			"rotation": {"angle": 22.5, "axis": "y", "origin": [8, 13, 8]},
			"faces": {
				"north": {"uv": [14, 7.75, 15.875, 8.5], "texture": "#1"},
				"east": {"uv": [14, 7.75, 15.875, 8.5], "texture": "#1"},
				"south": {"uv": [14, 7.75, 15.875, 8.5], "texture": "#1"},
				"west": {"uv": [14, 7.75, 15.875, 8.5], "texture": "#1"},
				"up": {"uv": [14, 7.75, 15.875, 8.5], "texture": "#1"},
				"down": {"uv": [14, 7.75, 15.875, 8.5], "texture": "#1"}
			}
		},
		{
			"name": "hexadecagon",
			"from": [7.84087, 12.25, 7.2],
			"to": [8.15913, 12.5, 8.8],
			"rotation": {"angle": -45, "axis": "y", "origin": [8, 13, 8]},
			"faces": {
				"north": {"uv": [14, 7.75, 15.875, 8.5], "texture": "#1"},
				"east": {"uv": [14, 7.75, 15.875, 8.5], "texture": "#1"},
				"south": {"uv": [14, 7.75, 15.875, 8.5], "texture": "#1"},
				"west": {"uv": [14, 7.75, 15.875, 8.5], "texture": "#1"},
				"up": {"uv": [14, 7.75, 15.875, 8.5], "texture": "#1"},
				"down": {"uv": [14, 7.75, 15.875, 8.5], "texture": "#1"}
			}
		},
		{
			"name": "hexadecagon",
			"from": [7.2, 12.25, 7.84087],
			"to": [8.8, 12.5, 8.15913],
			"rotation": {"angle": -22.5, "axis": "y", "origin": [8, -91, 8]},
			"faces": {
				"north": {"uv": [14, 7.75, 15.875, 8.5], "texture": "#1"},
				"east": {"uv": [14, 7.75, 15.875, 8.5], "texture": "#1"},
				"south": {"uv": [14, 7.75, 15.875, 8.5], "texture": "#1"},
				"west": {"uv": [14, 7.75, 15.875, 8.5], "texture": "#1"},
				"up": {"uv": [14, 7.75, 15.875, 8.5], "texture": "#1"},
				"down": {"uv": [14, 7.75, 15.875, 8.5], "texture": "#1"}
			}
		},
		{
			"name": "hexadecagon",
			"from": [7.2, 12.25, 7.84087],
			"to": [8.8, 12.5, 8.15913],
			"rotation": {"angle": -45, "axis": "y", "origin": [8, 13, 8]},
			"faces": {
				"north": {"uv": [14, 7.75, 15.875, 8.5], "texture": "#1"},
				"east": {"uv": [14, 7.75, 15.875, 8.5], "texture": "#1"},
				"south": {"uv": [14, 7.75, 15.875, 8.5], "texture": "#1"},
				"west": {"uv": [14, 7.75, 15.875, 8.5], "texture": "#1"},
				"up": {"uv": [14, 7.75, 15.875, 8.5], "rotation": 90, "texture": "#1"},
				"down": {"uv": [14, 7.75, 15.875, 8.5], "rotation": 270, "texture": "#1"}
			}
		},
		{
			"name": "hexadecagon",
			"from": [7.84087, 12.25, 7.2],
			"to": [8.15913, 12.5, 8.8],
			"rotation": {"angle": 22.5, "axis": "y", "origin": [8, -91, 8]},
			"faces": {
				"north": {"uv": [14, 7.75, 15.875, 8.5], "texture": "#1"},
				"east": {"uv": [14, 7.75, 15.875, 8.5], "texture": "#1"},
				"south": {"uv": [14, 7.75, 15.875, 8.5], "texture": "#1"},
				"west": {"uv": [14, 7.75, 15.875, 8.5], "texture": "#1"},
				"up": {"uv": [14, 7.75, 15.875, 8.5], "texture": "#1"},
				"down": {"uv": [14, 7.75, 15.875, 8.5], "texture": "#1"}
			}
		},
		{
			"name": "hexadecagon",
			"from": [7.2, 18.1, 7.84087],
			"to": [8.8, 18.25, 8.15913],
			"faces": {
				"north": {"uv": [4, 9.25, 4.75, 9.84868], "rotation": 90, "texture": "#1"},
				"east": {"uv": [4, 9.25, 4.75, 9.84868], "rotation": 90, "texture": "#1"},
				"south": {"uv": [4, 9.25, 4.75, 9.84868], "rotation": 90, "texture": "#1"},
				"west": {"uv": [4, 9.25, 4.75, 9.84868], "rotation": 90, "texture": "#1"},
				"up": {"uv": [4, 9.25, 4.75, 9.84868], "rotation": 90, "texture": "#1"},
				"down": {"uv": [4, 9.25, 4.75, 9.84868], "rotation": 90, "texture": "#1"}
			}
		},
		{
			"name": "hexadecagon",
			"from": [7.2, 18.1, 7.84087],
			"to": [8.8, 18.25, 8.15913],
			"rotation": {"angle": 22.5, "axis": "y", "origin": [8, 20, 8]},
			"faces": {
				"north": {"uv": [4, 9.25, 4.75, 9.84868], "rotation": 90, "texture": "#1"},
				"east": {"uv": [4, 9.25, 4.75, 9.84868], "rotation": 90, "texture": "#1"},
				"south": {"uv": [4, 9.25, 4.75, 9.84868], "rotation": 90, "texture": "#1"},
				"west": {"uv": [4, 9.25, 4.75, 9.84868], "rotation": 90, "texture": "#1"},
				"up": {"uv": [4, 9.25, 4.75, 9.84868], "rotation": 90, "texture": "#1"},
				"down": {"uv": [4, 9.25, 4.75, 9.84868], "rotation": 90, "texture": "#1"}
			}
		},
		{
			"name": "hexadecagon",
			"from": [7.2, 18.1, 7.84087],
			"to": [8.8, 18.25, 8.15913],
			"rotation": {"angle": -22.5, "axis": "y", "origin": [8, -76, 8]},
			"faces": {
				"north": {"uv": [4, 9.25, 4.75, 9.84868], "rotation": 90, "texture": "#1"},
				"east": {"uv": [4, 9.25, 4.75, 9.84868], "rotation": 90, "texture": "#1"},
				"south": {"uv": [4, 9.25, 4.75, 9.84868], "rotation": 90, "texture": "#1"},
				"west": {"uv": [4, 9.25, 4.75, 9.84868], "rotation": 90, "texture": "#1"},
				"up": {"uv": [4, 9.25, 4.75, 9.84868], "rotation": 90, "texture": "#1"},
				"down": {"uv": [4, 9.25, 4.75, 9.84868], "rotation": 90, "texture": "#1"}
			}
		},
		{
			"name": "hexadecagon",
			"from": [7.2, 18.1, 7.84087],
			"to": [8.8, 18.25, 8.15913],
			"rotation": {"angle": -45, "axis": "y", "origin": [8, 20, 8]},
			"faces": {
				"north": {"uv": [4, 9.25, 4.75, 9.84868], "rotation": 90, "texture": "#1"},
				"east": {"uv": [4, 9.25, 4.75, 9.84868], "rotation": 90, "texture": "#1"},
				"south": {"uv": [4, 9.25, 4.75, 9.84868], "rotation": 90, "texture": "#1"},
				"west": {"uv": [4, 9.25, 4.75, 9.84868], "rotation": 90, "texture": "#1"},
				"up": {"uv": [4, 9.25, 4.75, 9.84868], "rotation": 90, "texture": "#1"},
				"down": {"uv": [4, 9.25, 4.75, 9.84868], "rotation": 90, "texture": "#1"}
			}
		},
		{
			"name": "hexadecagon",
			"from": [7.84087, 18.1, 7.2],
			"to": [8.15913, 18.25, 8.8],
			"faces": {
				"north": {"uv": [4, 9.25, 4.75, 9.84868], "rotation": 90, "texture": "#1"},
				"east": {"uv": [4, 9.25, 4.75, 9.84868], "rotation": 90, "texture": "#1"},
				"south": {"uv": [4, 9.25, 4.75, 9.84868], "rotation": 90, "texture": "#1"},
				"west": {"uv": [4, 9.25, 4.75, 9.84868], "rotation": 90, "texture": "#1"},
				"up": {"uv": [4, 9.25, 4.75, 9.84868], "rotation": 90, "texture": "#1"},
				"down": {"uv": [4, 9.25, 4.75, 9.84868], "rotation": 90, "texture": "#1"}
			}
		},
		{
			"name": "hexadecagon",
			"from": [7.84087, 18.1, 7.2],
			"to": [8.15913, 18.25, 8.8],
			"rotation": {"angle": 22.5, "axis": "y", "origin": [8, 20, 8]},
			"faces": {
				"north": {"uv": [4, 9.25, 4.75, 9.84868], "rotation": 90, "texture": "#1"},
				"east": {"uv": [4, 9.25, 4.75, 9.84868], "rotation": 90, "texture": "#1"},
				"south": {"uv": [4, 9.25, 4.75, 9.84868], "rotation": 90, "texture": "#1"},
				"west": {"uv": [4, 9.25, 4.75, 9.84868], "rotation": 90, "texture": "#1"},
				"up": {"uv": [4, 9.25, 4.75, 9.84868], "rotation": 90, "texture": "#1"},
				"down": {"uv": [4, 9.25, 4.75, 9.84868], "rotation": 90, "texture": "#1"}
			}
		},
		{
			"name": "hexadecagon",
			"from": [7.84087, 18.1, 7.2],
			"to": [8.15913, 18.25, 8.8],
			"rotation": {"angle": -22.5, "axis": "y", "origin": [8, -76, 8]},
			"faces": {
				"north": {"uv": [4, 9.25, 4.75, 9.84868], "rotation": 90, "texture": "#1"},
				"east": {"uv": [4, 9.25, 4.75, 9.84868], "rotation": 90, "texture": "#1"},
				"south": {"uv": [4, 9.25, 4.75, 9.84868], "rotation": 90, "texture": "#1"},
				"west": {"uv": [4, 9.25, 4.75, 9.84868], "rotation": 90, "texture": "#1"},
				"up": {"uv": [4, 9.25, 4.75, 9.84868], "rotation": 90, "texture": "#1"},
				"down": {"uv": [4, 9.25, 4.75, 9.84868], "rotation": 90, "texture": "#1"}
			}
		},
		{
			"name": "hexadecagon",
			"from": [7.84087, 18.1, 7.2],
			"to": [8.15913, 18.25, 8.8],
			"rotation": {"angle": -45, "axis": "y", "origin": [8, 20, 8]},
			"faces": {
				"north": {"uv": [4, 9.25, 4.75, 9.84868], "rotation": 90, "texture": "#1"},
				"east": {"uv": [4, 9.25, 4.75, 9.84868], "rotation": 90, "texture": "#1"},
				"south": {"uv": [4, 9.25, 4.75, 9.84868], "rotation": 90, "texture": "#1"},
				"west": {"uv": [4, 9.25, 4.75, 9.84868], "rotation": 90, "texture": "#1"},
				"up": {"uv": [4, 9.25, 4.75, 9.84868], "rotation": 90, "texture": "#1"},
				"down": {"uv": [4, 9.25, 4.75, 9.84868], "rotation": 90, "texture": "#1"}
			}
		},
		{
			"name": "hexadecagon",
			"from": [7.136, 18, 7.82814],
			"to": [8.864, 18.162, 8.17186],
			"faces": {
				"north": {"uv": [14, 7.75, 15.875, 8.5], "texture": "#1"},
				"east": {"uv": [14, 7.75, 15.875, 8.5], "texture": "#1"},
				"south": {"uv": [14, 7.75, 15.875, 8.5], "texture": "#1"},
				"west": {"uv": [14, 7.75, 15.875, 8.5], "texture": "#1"},
				"up": {"uv": [14, 7.75, 15.875, 8.5], "texture": "#1"},
				"down": {"uv": [14, 7.75, 15.875, 8.5], "texture": "#1"}
			}
		},
		{
			"name": "hexadecagon",
			"from": [7.136, 18, 7.82814],
			"to": [8.864, 18.162, 8.17186],
			"rotation": {"angle": 22.5, "axis": "y", "origin": [8, 20.96, 8]},
			"faces": {
				"north": {"uv": [14, 7.75, 15.875, 8.5], "texture": "#1"},
				"east": {"uv": [14, 7.75, 15.875, 8.5], "texture": "#1"},
				"south": {"uv": [14, 7.75, 15.875, 8.5], "texture": "#1"},
				"west": {"uv": [14, 7.75, 15.875, 8.5], "texture": "#1"},
				"up": {"uv": [14, 7.75, 15.875, 8.5], "texture": "#1"},
				"down": {"uv": [14, 7.75, 15.875, 8.5], "texture": "#1"}
			}
		},
		{
			"name": "hexadecagon",
			"from": [7.136, 18, 7.82814],
			"to": [8.864, 18.162, 8.17186],
			"rotation": {"angle": -22.5, "axis": "y", "origin": [8, -82.72, 8]},
			"faces": {
				"north": {"uv": [14, 7.75, 15.875, 8.5], "texture": "#1"},
				"east": {"uv": [14, 7.75, 15.875, 8.5], "texture": "#1"},
				"south": {"uv": [14, 7.75, 15.875, 8.5], "texture": "#1"},
				"west": {"uv": [14, 7.75, 15.875, 8.5], "texture": "#1"},
				"up": {"uv": [14, 7.75, 15.875, 8.5], "texture": "#1"},
				"down": {"uv": [14, 7.75, 15.875, 8.5], "texture": "#1"}
			}
		},
		{
			"name": "hexadecagon",
			"from": [7.136, 18, 7.82814],
			"to": [8.864, 18.162, 8.17186],
			"rotation": {"angle": -45, "axis": "y", "origin": [8, 20.96, 8]},
			"faces": {
				"north": {"uv": [14, 7.75, 15.875, 8.5], "texture": "#1"},
				"east": {"uv": [14, 7.75, 15.875, 8.5], "texture": "#1"},
				"south": {"uv": [14, 7.75, 15.875, 8.5], "texture": "#1"},
				"west": {"uv": [14, 7.75, 15.875, 8.5], "texture": "#1"},
				"up": {"uv": [14, 7.75, 15.875, 8.5], "rotation": 90, "texture": "#1"},
				"down": {"uv": [14, 7.75, 15.875, 8.5], "rotation": 270, "texture": "#1"}
			}
		},
		{
			"name": "hexadecagon",
			"from": [7.82814, 18, 7.136],
			"to": [8.17186, 18.162, 8.864],
			"faces": {
				"north": {"uv": [14, 7.75, 15.875, 8.5], "texture": "#1"},
				"east": {"uv": [14, 7.75, 15.875, 8.5], "texture": "#1"},
				"south": {"uv": [14, 7.75, 15.875, 8.5], "texture": "#1"},
				"west": {"uv": [14, 7.75, 15.875, 8.5], "texture": "#1"},
				"up": {"uv": [14, 7.75, 15.875, 8.5], "texture": "#1"},
				"down": {"uv": [14, 7.75, 15.875, 8.5], "texture": "#1"}
			}
		},
		{
			"name": "hexadecagon",
			"from": [7.82814, 18, 7.136],
			"to": [8.17186, 18.162, 8.864],
			"rotation": {"angle": 22.5, "axis": "y", "origin": [8, 20.96, 8]},
			"faces": {
				"north": {"uv": [14, 7.75, 15.875, 8.5], "texture": "#1"},
				"east": {"uv": [14, 7.75, 15.875, 8.5], "texture": "#1"},
				"south": {"uv": [14, 7.75, 15.875, 8.5], "texture": "#1"},
				"west": {"uv": [14, 7.75, 15.875, 8.5], "texture": "#1"},
				"up": {"uv": [14, 7.75, 15.875, 8.5], "texture": "#1"},
				"down": {"uv": [14, 7.75, 15.875, 8.5], "texture": "#1"}
			}
		},
		{
			"name": "hexadecagon",
			"from": [7.82814, 18, 7.136],
			"to": [8.17186, 18.162, 8.864],
			"rotation": {"angle": -22.5, "axis": "y", "origin": [8, -82.72, 8]},
			"faces": {
				"north": {"uv": [14, 7.75, 15.875, 8.5], "texture": "#1"},
				"east": {"uv": [14, 7.75, 15.875, 8.5], "texture": "#1"},
				"south": {"uv": [14, 7.75, 15.875, 8.5], "texture": "#1"},
				"west": {"uv": [14, 7.75, 15.875, 8.5], "texture": "#1"},
				"up": {"uv": [14, 7.75, 15.875, 8.5], "texture": "#1"},
				"down": {"uv": [14, 7.75, 15.875, 8.5], "texture": "#1"}
			}
		},
		{
			"name": "hexadecagon",
			"from": [7.82814, 18, 7.136],
			"to": [8.17186, 18.162, 8.864],
			"rotation": {"angle": -45, "axis": "y", "origin": [8, 20.96, 8]},
			"faces": {
				"north": {"uv": [14, 7.75, 15.875, 8.5], "texture": "#1"},
				"east": {"uv": [14, 7.75, 15.875, 8.5], "texture": "#1"},
				"south": {"uv": [14, 7.75, 15.875, 8.5], "texture": "#1"},
				"west": {"uv": [14, 7.75, 15.875, 8.5], "texture": "#1"},
				"up": {"uv": [14, 7.75, 15.875, 8.5], "texture": "#1"},
				"down": {"uv": [14, 7.75, 15.875, 8.5], "texture": "#1"}
			}
		},
		{
			"from": [3.5, 13, 5.5],
			"to": [12.5, 18, 10.5],
			"faces": {
				"north": {"uv": [0, 0, 16, 15.84868], "rotation": 90, "texture": "#1"},
				"east": {"uv": [0, 0, 16, 15.84868], "rotation": 90, "texture": "#1"},
				"south": {"uv": [0, 0, 16, 15.84868], "rotation": 90, "texture": "#1"},
				"west": {"uv": [0, 0, 16, 15.84868], "rotation": 90, "texture": "#1"},
				"up": {"uv": [0, 0, 16, 15.84868], "rotation": 90, "texture": "#1"},
				"down": {"uv": [0, 0, 16, 15.84868], "rotation": 90, "texture": "#1"}
			}
		},
		{
			"from": [3.5, 3.78249, 2.75305],
			"to": [12.5, 4.78249, 3.75305],
			"rotation": {"angle": 45, "axis": "x", "origin": [11.5, 6.28249, 15.75305]},
			"faces": {
				"north": {"uv": [0, 7, 5, 9], "rotation": 270, "texture": "#1"},
				"east": {"uv": [0, 7, 5, 9], "rotation": 270, "texture": "#1"},
				"south": {"uv": [0, 7, 5, 9], "rotation": 270, "texture": "#1"},
				"west": {"uv": [0, 7, 5, 9], "rotation": 270, "texture": "#1"},
				"up": {"uv": [0, 7, 5, 9], "rotation": 270, "texture": "#1"},
				"down": {"uv": [0, 7, 5, 9], "rotation": 270, "texture": "#1"}
			}
		},
		{
			"from": [3.5, 3.78249, 12.24695],
			"to": [12.5, 4.78249, 13.24695],
			"rotation": {"angle": -45, "axis": "x", "origin": [11.5, 6.28249, 0.24695]},
			"faces": {
				"north": {"uv": [0, 7, 5, 9], "rotation": 270, "texture": "#1"},
				"east": {"uv": [0, 7, 5, 9], "rotation": 270, "texture": "#1"},
				"south": {"uv": [0, 7, 5, 9], "rotation": 270, "texture": "#1"},
				"west": {"uv": [0, 7, 5, 9], "rotation": 270, "texture": "#1"},
				"up": {"uv": [0, 7, 5, 9], "rotation": 270, "texture": "#1"},
				"down": {"uv": [0, 7, 5, 9], "rotation": 270, "texture": "#1"}
			}
		},
		{
			"from": [3.5, 26.21751, 12.24695],
			"to": [12.5, 27.21751, 13.24695],
			"rotation": {"angle": 45, "axis": "x", "origin": [11.5, 24.71751, 0.24695]},
			"faces": {
				"north": {"uv": [0, 7, 5, 9], "rotation": 270, "texture": "#1"},
				"east": {"uv": [0, 7, 5, 9], "rotation": 270, "texture": "#1"},
				"south": {"uv": [0, 7, 5, 9], "rotation": 270, "texture": "#1"},
				"west": {"uv": [0, 7, 5, 9], "rotation": 270, "texture": "#1"},
				"up": {"uv": [13, 7.5, 15.75, 8.25], "texture": "#1"},
				"down": {"uv": [0, 7, 5, 9], "rotation": 270, "texture": "#1"}
			}
		},
		{
			"from": [3.5, 26.21751, 2.75305],
			"to": [12.5, 27.21751, 3.75305],
			"rotation": {"angle": -45, "axis": "x", "origin": [11.5, 24.71751, 15.75305]},
			"faces": {
				"north": {"uv": [0, 7, 5, 9], "rotation": 270, "texture": "#1"},
				"east": {"uv": [0, 7, 5, 9], "rotation": 270, "texture": "#1"},
				"south": {"uv": [0, 7, 5, 9], "rotation": 270, "texture": "#1"},
				"west": {"uv": [0, 7, 5, 9], "rotation": 270, "texture": "#1"},
				"up": {"uv": [0, 7, 5, 9], "rotation": 270, "texture": "#1"},
				"down": {"uv": [0, 7, 5, 9], "rotation": 270, "texture": "#1"}
			}
		},
		{
			"from": [17.73223, 9.36827, 5.5],
			"to": [18.73223, 10.36827, 10.5],
			"rotation": {"angle": 45, "axis": "z", "origin": [10.73223, 4.86827, 15.5]},
			"faces": {
				"north": {"uv": [0, 7, 5, 9], "rotation": 270, "texture": "#1"},
				"east": {"uv": [0, 7, 5, 9], "rotation": 270, "texture": "#1"},
				"south": {"uv": [0, 7, 5, 9], "rotation": 270, "texture": "#1"},
				"west": {"uv": [0, 7, 5, 9], "rotation": 270, "texture": "#1"},
				"up": {"uv": [0, 7, 5, 9], "rotation": 270, "texture": "#1"},
				"down": {"uv": [0, 7, 5, 9], "rotation": 270, "texture": "#1"}
			}
		},
		{
			"from": [-2.73223, 9.36827, 5.5],
			"to": [-1.73223, 10.36827, 10.5],
			"rotation": {"angle": -45, "axis": "z", "origin": [5.26777, 4.86827, 15.5]},
			"faces": {
				"north": {"uv": [0, 7, 5, 9], "rotation": 270, "texture": "#1"},
				"east": {"uv": [0, 7, 5, 9], "rotation": 270, "texture": "#1"},
				"south": {"uv": [0, 7, 5, 9], "rotation": 270, "texture": "#1"},
				"west": {"uv": [0, 7, 5, 9], "rotation": 270, "texture": "#1"},
				"up": {"uv": [0, 7, 5, 9], "rotation": 270, "texture": "#1"},
				"down": {"uv": [0, 7, 5, 9], "rotation": 270, "texture": "#1"}
			}
		},
		{
			"from": [17.73223, 20.63173, 5.5],
			"to": [18.73223, 21.63173, 10.5],
			"rotation": {"angle": -45, "axis": "z", "origin": [10.73223, 26.13173, 15.5]},
			"faces": {
				"north": {"uv": [0, 7, 5, 9], "rotation": 270, "texture": "#1"},
				"east": {"uv": [0, 7, 5, 9], "rotation": 270, "texture": "#1"},
				"south": {"uv": [0, 7, 5, 9], "rotation": 270, "texture": "#1"},
				"west": {"uv": [0, 7, 5, 9], "rotation": 270, "texture": "#1"},
				"up": {"uv": [0, 7, 5, 9], "rotation": 270, "texture": "#1"},
				"down": {"uv": [0, 7, 5, 9], "rotation": 270, "texture": "#1"}
			}
		},
		{
			"from": [3.5, 13.70711, 4.79289],
			"to": [12.5, 17.30711, 5.79289],
			"faces": {
				"north": {"uv": [0, 0, 16, 15.84868], "rotation": 90, "texture": "#1"},
				"east": {"uv": [0, 0, 16, 15.84868], "rotation": 90, "texture": "#1"},
				"south": {"uv": [0, 0, 16, 15.84868], "rotation": 90, "texture": "#1"},
				"west": {"uv": [0, 0, 16, 15.84868], "rotation": 90, "texture": "#1"},
				"up": {"uv": [0, 0, 16, 15.84868], "rotation": 90, "texture": "#1"},
				"down": {"uv": [0, 0, 16, 15.84868], "rotation": 90, "texture": "#1"}
			}
		},
		{
			"from": [-2.73223, 20.63173, 5.5],
			"to": [-1.73223, 21.63173, 10.5],
			"rotation": {"angle": 45, "axis": "z", "origin": [5.26777, 26.13173, 15.5]},
			"faces": {
				"north": {"uv": [0, 7, 5, 9], "rotation": 270, "texture": "#1"},
				"east": {"uv": [0, 7, 5, 9], "rotation": 270, "texture": "#1"},
				"south": {"uv": [0, 7, 5, 9], "rotation": 270, "texture": "#1"},
				"west": {"uv": [0, 7, 5, 9], "rotation": 270, "texture": "#1"},
				"up": {"uv": [0, 7, 5, 9], "rotation": 270, "texture": "#1"},
				"down": {"uv": [0, 7, 5, 9], "rotation": 270, "texture": "#1"}
			}
		},
		{
			"from": [3.5, 13.70711, 10.20711],
			"to": [12.5, 17.30711, 11.20711],
			"faces": {
				"north": {"uv": [0, 0, 16, 15.84868], "rotation": 90, "texture": "#1"},
				"east": {"uv": [0, 0, 16, 15.84868], "rotation": 90, "texture": "#1"},
				"south": {"uv": [0, 0, 16, 15.84868], "rotation": 90, "texture": "#1"},
				"west": {"uv": [0, 0, 16, 15.84868], "rotation": 90, "texture": "#1"},
				"up": {"uv": [0, 0, 16, 15.84868], "rotation": 90, "texture": "#1"},
				"down": {"uv": [0, 0, 16, 15.84868], "rotation": 90, "texture": "#1"}
			}
		},
		{
			"from": [2.79289, 13.69289, 5.5],
			"to": [3.79289, 17.29289, 10.5],
			"faces": {
				"north": {"uv": [0, 0, 16, 15.84868], "rotation": 90, "texture": "#1"},
				"east": {"uv": [0, 0, 16, 15.84868], "rotation": 90, "texture": "#1"},
				"south": {"uv": [0, 0, 16, 15.84868], "rotation": 90, "texture": "#1"},
				"west": {"uv": [0, 0, 16, 15.84868], "rotation": 90, "texture": "#1"},
				"up": {"uv": [0, 0, 16, 15.84868], "rotation": 90, "texture": "#1"},
				"down": {"uv": [0, 0, 16, 15.84868], "rotation": 90, "texture": "#1"}
			}
		},
		{
			"from": [12.20711, 13.69289, 5.5],
			"to": [13.20711, 17.29289, 10.5],
			"faces": {
				"north": {"uv": [0, 0, 16, 15.84868], "rotation": 90, "texture": "#1"},
				"east": {"uv": [0, 0, 16, 15.84868], "rotation": 90, "texture": "#1"},
				"south": {"uv": [0, 0, 16, 15.84868], "rotation": 90, "texture": "#1"},
				"west": {"uv": [0, 0, 16, 15.84868], "rotation": 90, "texture": "#1"},
				"up": {"uv": [0, 0, 16, 15.84868], "rotation": 90, "texture": "#1"},
				"down": {"uv": [0, 0, 16, 15.84868], "rotation": 90, "texture": "#1"}
			}
		},
		{
			"from": [9.57954, 13.70711, 1.8435],
			"to": [10.57954, 17.30711, 2.3435],
			"rotation": {"angle": -45, "axis": "y", "origin": [7.47954, 6.70711, 6.8435]},
			"faces": {
				"north": {"uv": [0, 7, 5, 9], "rotation": 270, "texture": "#1"},
				"east": {"uv": [0, 7, 5, 9], "rotation": 270, "texture": "#1"},
				"south": {"uv": [0, 7, 5, 9], "rotation": 270, "texture": "#1"},
				"west": {"uv": [0, 7, 5, 9], "rotation": 270, "texture": "#1"},
				"up": {"uv": [0, 7, 5, 9], "rotation": 270, "texture": "#1"},
				"down": {"uv": [0, 7, 5, 9], "rotation": 270, "texture": "#1"}
			}
		},
		{
			"from": [9.57954, 13.70711, 13.6565],
			"to": [10.57954, 17.30711, 14.1565],
			"rotation": {"angle": 45, "axis": "y", "origin": [7.47954, 6.70711, 9.1565]},
			"faces": {
				"north": {"uv": [0, 7, 5, 9], "rotation": 270, "texture": "#1"},
				"east": {"uv": [0, 7, 5, 9], "rotation": 270, "texture": "#1"},
				"south": {"uv": [0, 7, 5, 9], "rotation": 270, "texture": "#1"},
				"west": {"uv": [0, 7, 5, 9], "rotation": 270, "texture": "#1"},
				"up": {"uv": [0, 7, 5, 9], "rotation": 270, "texture": "#1"},
				"down": {"uv": [0, 7, 5, 9], "rotation": 270, "texture": "#1"}
			}
		},
		{
			"from": [5.42046, 13.70711, 1.8435],
			"to": [6.42046, 17.30711, 2.3435],
			"rotation": {"angle": 45, "axis": "y", "origin": [8.52046, 6.70711, 6.8435]},
			"faces": {
				"north": {"uv": [0, 7, 5, 9], "rotation": 270, "texture": "#1"},
				"east": {"uv": [0, 7, 5, 9], "rotation": 270, "texture": "#1"},
				"south": {"uv": [0, 7, 5, 9], "rotation": 270, "texture": "#1"},
				"west": {"uv": [0, 7, 5, 9], "rotation": 270, "texture": "#1"},
				"up": {"uv": [0, 7, 5, 9], "rotation": 270, "texture": "#1"},
				"down": {"uv": [0, 7, 5, 9], "rotation": 270, "texture": "#1"}
			}
		},
		{
			"from": [5.42046, 13.70711, 13.6565],
			"to": [6.42046, 17.30711, 14.1565],
			"rotation": {"angle": -45, "axis": "y", "origin": [8.52046, 6.70711, 9.1565]},
			"faces": {
				"north": {"uv": [0, 7, 5, 9], "rotation": 270, "texture": "#1"},
				"east": {"uv": [0, 7, 5, 9], "rotation": 270, "texture": "#1"},
				"south": {"uv": [0, 7, 5, 9], "rotation": 270, "texture": "#1"},
				"west": {"uv": [0, 7, 5, 9], "rotation": 270, "texture": "#1"},
				"up": {"uv": [0, 7, 5, 9], "rotation": 270, "texture": "#1"},
				"down": {"uv": [0, 7, 5, 9], "rotation": 270, "texture": "#1"}
			}
		}
	],
	"display": {
		"thirdperson_righthand": {
			"scale": [0.9, 0.9, 0.9],
			"rotation": [0, 90, 0],
			"translation": [0, -1, 0]
		},
		"thirdperson_lefthand": {
			"scale": [0.9, 0.9, 0.9],
			"rotation": [0, 90, 0]
		},
		"firstperson_righthand": {
			"scale": [0.9, 0.9, 0.9],
			"rotation": [10, 99, 2],
			"translation": [0, 0, 0]
		},
		"firstperson_lefthand": {
			"scale": [0.9, 0.9, 0.9],
			"rotation": [10, 99, 2]
		},
		"head": {
			"translation": [0, 8, 0]
		},
		"ground": {
			"rotation": [85, 0, 0]
		},
		"fixed": {
			"translation": [0, -1, 0]
		},
		"gui": {
			"scale": [0.875, 0.825, 0.825],
			"translation": [0, -1, 0]
		}
	},
	"groups": [
		{
			"name": "hammer",
			"isOpen": true,
			"export": true,
			"visibility": true,
			"children": [
				{
					"name": "hexadecagon",
					"isOpen": true,
					"export": true,
					"visibility": true,
					"children": [0, 1, 2, 3, 4, 5, 6, 7, 8, 9, 10, 11, 12, 13, 14, 15, 16, 17, 18, 19, 20, 21, 22, 23]
				},
				{
					"name": "hexadecagon",
					"isOpen": true,
					"export": true,
					"visibility": true,
					"children": [24, 25, 26, 27, 28, 29, 30, 31, 32, 33, 34, 35, 36, 37, 38, 39, 40, 41, 42, 43, 44, 45, 46, 47, 48, 49, 50, 51, 52, 53, 54, 55, 56, 57, 58, 59, 60, 61, 62, 63, 64, 65, 66, 67, 68, 69, 70, 71, 72, 73, 74, 75, 76, 77, 78, 79, 80, 81, 82, 83, 84, 85, 86, 87, 88, 89, 90, 91, 92, 93, 94, 95, 96, 97, 98, 99, 100, 101, 102, 103, 104, 105, 106, 107, 108, 109, 110, 111, 112, 113, 114, 115, 116, 117, 118, 119, 120, 121, 122, 123, 124, 125, 126, 127]
				}, 128, 129, 130, 131, 132, 133, 134, 135, 136, 137, 138, 139, 140, 141, 142, 143, 144]
		}
	]
}
