{
	"credit": "Made with Blockbench",
	"textures": {
		"0": "block/iron_door_top",
		"1": "block/anvil",
		"3": "block/mossy_cobblestone",
		"4": "block/light_gray_wool",
		"particle": "block/iron_door_top"
	},
	"elements": [
		{
			"from": [7.75, 9, 9.5],
			"to": [8.75, 13, 10.5],
			"rotation": {"angle": 0, "axis": "y", "origin": [0, 0, -0.5]},
			"faces": {
				"north": {"uv": [1.75, 0.75, 4.75, 15.75], "texture": "#1"},
				"east": {"uv": [1.75, 0.75, 4.75, 15.75], "texture": "#1"},
				"south": {"uv": [1.75, 0.75, 4.75, 15.75], "texture": "#1"},
				"west": {"uv": [1.75, 0.75, 4.75, 15.75], "texture": "#1"},
				"up": {"uv": [1.75, 0.75, 4.75, 15.75], "texture": "#1"},
				"down": {"uv": [1.75, 0.75, 4.75, 15.75], "texture": "#1"}
			}
		},
		{
			"from": [8.25, 0, 7.75],
			"to": [9, 18, 8.25],
			"rotation": {"angle": 0, "axis": "y", "origin": [0, 0, -0.5]},
			"faces": {
				"north": {"uv": [1.75, 0.75, 4.75, 15.75], "texture": "#0"},
				"east": {"uv": [1.75, 0.75, 4.75, 15.75], "texture": "#0"},
				"south": {"uv": [1.75, 0.75, 4.75, 15.75], "texture": "#0"},
				"west": {"uv": [1.75, 0.75, 4.75, 15.75], "texture": "#0"},
				"up": {"uv": [1.75, 0.75, 4.75, 15.75], "texture": "#0"},
				"down": {"uv": [1.75, 0.75, 4.75, 15.75], "texture": "#0"}
			}
		},
		{
			"from": [7.75, 4, 5.5],
			"to": [8.75, 8, 6.5],
			"rotation": {"angle": 0, "axis": "y", "origin": [0, 0, -0.5]},
			"faces": {
				"north": {"uv": [1.75, 0.75, 4.75, 15.75], "texture": "#1"},
				"east": {"uv": [1.75, 0.75, 4.75, 15.75], "texture": "#1"},
				"south": {"uv": [1.75, 0.75, 4.75, 15.75], "texture": "#1"},
				"west": {"uv": [1.75, 0.75, 4.75, 15.75], "texture": "#1"},
				"up": {"uv": [1.75, 0.75, 4.75, 15.75], "texture": "#1"},
				"down": {"uv": [1.75, 0.75, 4.75, 15.75], "texture": "#1"}
			}
		},
		{
			"from": [7.75, 3.5, 9.5],
			"to": [8.5, 4.25, 10.5],
			"rotation": {"angle": 0, "axis": "y", "origin": [0, 0, -0.5]},
			"faces": {
				"north": {"uv": [1.75, 0.75, 4.75, 15.75], "texture": "#0"},
				"east": {"uv": [1.75, 0.75, 4.75, 15.75], "texture": "#0"},
				"south": {"uv": [1.75, 0.75, 4.75, 15.75], "texture": "#0"},
				"west": {"uv": [1.75, 0.75, 4.75, 15.75], "texture": "#0"},
				"up": {"uv": [1.75, 0.75, 4.75, 15.75], "texture": "#0"},
				"down": {"uv": [1.75, 0.75, 4.75, 15.75], "texture": "#0"}
			}
		},
		{
			"from": [7.75, 13.5, 9.5],
			"to": [8.5, 14.25, 10.5],
			"rotation": {"angle": 0, "axis": "y", "origin": [0, 0, -0.5]},
			"faces": {
				"north": {"uv": [1.75, 0.75, 4.75, 15.75], "texture": "#0"},
				"east": {"uv": [1.75, 0.75, 4.75, 15.75], "texture": "#0"},
				"south": {"uv": [1.75, 0.75, 4.75, 15.75], "texture": "#0"},
				"west": {"uv": [1.75, 0.75, 4.75, 15.75], "texture": "#0"},
				"up": {"uv": [1.75, 0.75, 4.75, 15.75], "texture": "#0"},
				"down": {"uv": [1.75, 0.75, 4.75, 15.75], "texture": "#0"}
			}
		},
		{
			"from": [7.75, 12, 5.5],
			"to": [8.5, 13, 6.5],
			"rotation": {"angle": 0, "axis": "y", "origin": [0, 0, -0.5]},
			"faces": {
				"north": {"uv": [1.75, 0.75, 4.75, 11.5], "texture": "#3"},
				"east": {"uv": [1.75, 0.75, 4.75, 11.5], "texture": "#3"},
				"south": {"uv": [1.75, 0.75, 4.75, 11.5], "texture": "#3"},
				"west": {"uv": [1.75, 0.75, 4.75, 11.5], "texture": "#3"},
				"up": {"uv": [1.75, 0.75, 4.75, 11.5], "texture": "#3"},
				"down": {"uv": [1.75, 0.75, 4.75, 11.5], "texture": "#3"}
			}
		},
		{
			"from": [8, 6, 11.5],
			"to": [8.5, 7, 15],
			"rotation": {"angle": 0, "axis": "x", "origin": [0, 0, -0.5]},
			"faces": {
				"north": {"uv": [1.75, 0.75, 4.75, 15.75], "rotation": 90, "texture": "#3"},
				"east": {"uv": [1.75, 0.75, 4.75, 15.75], "rotation": 90, "texture": "#3"},
				"south": {"uv": [1.75, 0.75, 4.75, 15.75], "rotation": 90, "texture": "#3"},
				"west": {"uv": [1.75, 0.75, 4.75, 15.75], "rotation": 90, "texture": "#3"},
				"up": {"uv": [1.75, 0.75, 4.75, 15.75], "rotation": 90, "texture": "#3"},
				"down": {"uv": [1.75, 0.75, 4.75, 15.75], "rotation": 90, "texture": "#3"}
			}
		},
		{
			"from": [7.75, 12, 11.5],
			"to": [8.5, 13, 15],
			"rotation": {"angle": 0, "axis": "x", "origin": [0, 0, -0.5]},
			"faces": {
				"north": {"uv": [1.75, 0.75, 4.75, 15.75], "rotation": 90, "texture": "#3"},
				"east": {"uv": [1.75, 0.75, 4.75, 15.75], "rotation": 90, "texture": "#3"},
				"south": {"uv": [1.75, 0.75, 4.75, 15.75], "rotation": 90, "texture": "#3"},
				"west": {"uv": [1.75, 0.75, 4.75, 15.75], "rotation": 90, "texture": "#3"},
				"up": {"uv": [1.75, 0.75, 4.75, 15.75], "rotation": 90, "texture": "#3"},
				"down": {"uv": [1.75, 0.75, 4.75, 15.75], "rotation": 90, "texture": "#3"}
			}
		},
		{
			"from": [8, 4, 11.5],
			"to": [8.5, 5, 15],
			"rotation": {"angle": 0, "axis": "x", "origin": [0, 0, -0.5]},
			"faces": {
				"north": {"uv": [1.75, 0.75, 4.75, 15.75], "rotation": 90, "texture": "#3"},
				"east": {"uv": [1.75, 0.75, 4.75, 15.75], "rotation": 90, "texture": "#3"},
				"south": {"uv": [1.75, 0.75, 4.75, 15.75], "rotation": 90, "texture": "#3"},
				"west": {"uv": [1.75, 0.75, 4.75, 15.75], "rotation": 90, "texture": "#3"},
				"up": {"uv": [1.75, 0.75, 4.75, 15.75], "rotation": 90, "texture": "#3"},
				"down": {"uv": [1.75, 0.75, 4.75, 15.75], "rotation": 90, "texture": "#3"}
			}
		},
		{
			"from": [8, 10, 11.5],
			"to": [8.5, 11, 15],
			"rotation": {"angle": 0, "axis": "x", "origin": [0, 0, -0.5]},
			"faces": {
				"north": {"uv": [1.75, 0.75, 4.75, 15.75], "rotation": 90, "texture": "#3"},
				"east": {"uv": [1.75, 0.75, 4.75, 15.75], "rotation": 90, "texture": "#3"},
				"south": {"uv": [1.75, 0.75, 4.75, 15.75], "rotation": 90, "texture": "#3"},
				"west": {"uv": [1.75, 0.75, 4.75, 15.75], "rotation": 90, "texture": "#3"},
				"up": {"uv": [1.75, 0.75, 4.75, 15.75], "rotation": 90, "texture": "#3"},
				"down": {"uv": [1.75, 0.75, 4.75, 15.75], "rotation": 90, "texture": "#3"}
			}
		},
		{
			"from": [8, 7.5, 11.5],
			"to": [8.5, 9.5, 15],
			"rotation": {"angle": 0, "axis": "x", "origin": [0, 0, -0.5]},
			"faces": {
				"north": {"uv": [1.75, 0.75, 4.75, 15.75], "rotation": 90, "texture": "#3"},
				"east": {"uv": [1.75, 0.75, 4.75, 15.75], "rotation": 90, "texture": "#3"},
				"south": {"uv": [1.75, 0.75, 4.75, 15.75], "rotation": 90, "texture": "#3"},
				"west": {"uv": [1.75, 0.75, 4.75, 15.75], "rotation": 90, "texture": "#3"},
				"up": {"uv": [1.75, 0.75, 4.75, 15.75], "rotation": 90, "texture": "#3"},
				"down": {"uv": [1.75, 0.75, 4.75, 15.75], "rotation": 90, "texture": "#3"}
			}
		},
		{
			"from": [8, 6, 1],
			"to": [8.5, 7, 4.5],
			"rotation": {"angle": 0, "axis": "x", "origin": [0, 0, -0.5]},
			"faces": {
				"north": {"uv": [1.75, 0.75, 4.75, 15.75], "rotation": 90, "texture": "#3"},
				"east": {"uv": [1.75, 0.75, 4.75, 15.75], "rotation": 90, "texture": "#3"},
				"south": {"uv": [1.75, 0.75, 4.75, 15.75], "rotation": 90, "texture": "#3"},
				"west": {"uv": [1.75, 0.75, 4.75, 15.75], "rotation": 90, "texture": "#3"},
				"up": {"uv": [1.75, 0.75, 4.75, 15.75], "rotation": 90, "texture": "#3"},
				"down": {"uv": [1.75, 0.75, 4.75, 15.75], "rotation": 90, "texture": "#3"}
			}
		},
		{
			"from": [8, 12, 1],
			"to": [8.5, 13, 4.5],
			"rotation": {"angle": 0, "axis": "x", "origin": [0, 0, -0.5]},
			"faces": {
				"north": {"uv": [1.75, 0.75, 4.75, 15.75], "rotation": 90, "texture": "#3"},
				"east": {"uv": [1.75, 0.75, 4.75, 15.75], "rotation": 90, "texture": "#3"},
				"south": {"uv": [1.75, 0.75, 4.75, 15.75], "rotation": 90, "texture": "#3"},
				"west": {"uv": [1.75, 0.75, 4.75, 15.75], "rotation": 90, "texture": "#3"},
				"up": {"uv": [1.75, 0.75, 4.75, 15.75], "rotation": 90, "texture": "#3"},
				"down": {"uv": [1.75, 0.75, 4.75, 15.75], "rotation": 90, "texture": "#3"}
			}
		},
		{
			"from": [8, 4, 1],
			"to": [8.5, 5, 4.5],
			"rotation": {"angle": 0, "axis": "x", "origin": [0, 0, -0.5]},
			"faces": {
				"north": {"uv": [1.75, 0.75, 4.75, 15.75], "rotation": 90, "texture": "#3"},
				"east": {"uv": [1.75, 0.75, 4.75, 15.75], "rotation": 90, "texture": "#3"},
				"south": {"uv": [1.75, 0.75, 4.75, 15.75], "rotation": 90, "texture": "#3"},
				"west": {"uv": [1.75, 0.75, 4.75, 15.75], "rotation": 90, "texture": "#3"},
				"up": {"uv": [1.75, 0.75, 4.75, 15.75], "rotation": 90, "texture": "#3"},
				"down": {"uv": [1.75, 0.75, 4.75, 15.75], "rotation": 90, "texture": "#3"}
			}
		},
		{
			"from": [8, 2, 1],
			"to": [8.5, 3, 4.5],
			"rotation": {"angle": 0, "axis": "x", "origin": [0, 0, -0.5]},
			"faces": {
				"north": {"uv": [1.75, 0.75, 4.75, 15.75], "rotation": 90, "texture": "#3"},
				"east": {"uv": [1.75, 0.75, 4.75, 15.75], "rotation": 90, "texture": "#3"},
				"south": {"uv": [1.75, 0.75, 4.75, 15.75], "rotation": 90, "texture": "#3"},
				"west": {"uv": [1.75, 0.75, 4.75, 15.75], "rotation": 90, "texture": "#3"},
				"up": {"uv": [1.75, 0.75, 4.75, 15.75], "rotation": 90, "texture": "#3"},
				"down": {"uv": [1.75, 0.75, 4.75, 15.75], "rotation": 90, "texture": "#3"}
			}
		},
		{
			"from": [8, 14, 1],
			"to": [8.5, 15, 4.5],
			"rotation": {"angle": 0, "axis": "x", "origin": [0, 0, -0.5]},
			"faces": {
				"north": {"uv": [1.75, 0.75, 4.75, 15.75], "rotation": 90, "texture": "#3"},
				"east": {"uv": [1.75, 0.75, 4.75, 15.75], "rotation": 90, "texture": "#3"},
				"south": {"uv": [1.75, 0.75, 4.75, 15.75], "rotation": 90, "texture": "#3"},
				"west": {"uv": [1.75, 0.75, 4.75, 15.75], "rotation": 90, "texture": "#3"},
				"up": {"uv": [1.75, 0.75, 4.75, 15.75], "rotation": 90, "texture": "#3"},
				"down": {"uv": [1.75, 0.75, 4.75, 15.75], "rotation": 90, "texture": "#3"}
			}
		},
		{
			"from": [8, 14, 11.5],
			"to": [8.5, 15, 15],
			"rotation": {"angle": 0, "axis": "x", "origin": [0, 0, -0.5]},
			"faces": {
				"north": {"uv": [1.75, 0.75, 4.75, 15.75], "rotation": 90, "texture": "#3"},
				"east": {"uv": [1.75, 0.75, 4.75, 15.75], "rotation": 90, "texture": "#3"},
				"south": {"uv": [1.75, 0.75, 4.75, 15.75], "rotation": 90, "texture": "#3"},
				"west": {"uv": [1.75, 0.75, 4.75, 15.75], "rotation": 90, "texture": "#3"},
				"up": {"uv": [1.75, 0.75, 4.75, 15.75], "rotation": 90, "texture": "#3"},
				"down": {"uv": [1.75, 0.75, 4.75, 15.75], "rotation": 90, "texture": "#3"}
			}
		},
		{
			"from": [8, 2, 11.5],
			"to": [8.5, 3, 15],
			"rotation": {"angle": 0, "axis": "x", "origin": [0, 0, -0.5]},
			"faces": {
				"north": {"uv": [1.75, 0.75, 4.75, 15.75], "rotation": 90, "texture": "#3"},
				"east": {"uv": [1.75, 0.75, 4.75, 15.75], "rotation": 90, "texture": "#3"},
				"south": {"uv": [1.75, 0.75, 4.75, 15.75], "rotation": 90, "texture": "#3"},
				"west": {"uv": [1.75, 0.75, 4.75, 15.75], "rotation": 90, "texture": "#3"},
				"up": {"uv": [1.75, 0.75, 4.75, 15.75], "rotation": 90, "texture": "#3"},
				"down": {"uv": [1.75, 0.75, 4.75, 15.75], "rotation": 90, "texture": "#3"}
			}
		},
		{
			"from": [8, 10, 1],
			"to": [8.5, 11, 4.5],
			"rotation": {"angle": 0, "axis": "x", "origin": [0, 0, -0.5]},
			"faces": {
				"north": {"uv": [1.75, 0.75, 4.75, 15.75], "rotation": 90, "texture": "#3"},
				"east": {"uv": [1.75, 0.75, 4.75, 15.75], "rotation": 90, "texture": "#3"},
				"south": {"uv": [1.75, 0.75, 4.75, 15.75], "rotation": 90, "texture": "#3"},
				"west": {"uv": [1.75, 0.75, 4.75, 15.75], "rotation": 90, "texture": "#3"},
				"up": {"uv": [1.75, 0.75, 4.75, 15.75], "rotation": 90, "texture": "#3"},
				"down": {"uv": [1.75, 0.75, 4.75, 15.75], "rotation": 90, "texture": "#3"}
			}
		},
		{
			"from": [8, 7.5, 1],
			"to": [8.5, 9.5, 4.5],
			"rotation": {"angle": 0, "axis": "x", "origin": [0, 0, -0.5]},
			"faces": {
				"north": {"uv": [1.75, 0.75, 4.75, 15.75], "rotation": 90, "texture": "#3"},
				"east": {"uv": [1.75, 0.75, 4.75, 15.75], "rotation": 90, "texture": "#3"},
				"south": {"uv": [1.75, 0.75, 4.75, 15.75], "rotation": 90, "texture": "#3"},
				"west": {"uv": [1.75, 0.75, 4.75, 15.75], "rotation": 90, "texture": "#3"},
				"up": {"uv": [1.75, 0.75, 4.75, 15.75], "rotation": 90, "texture": "#3"},
				"down": {"uv": [1.75, 0.75, 4.75, 15.75], "rotation": 90, "texture": "#3"}
			}
		},
		{
			"from": [7.5, 0, -2],
			"to": [8.25, 18, 18],
			"rotation": {"angle": 0, "axis": "y", "origin": [7.5, 0, -2]},
			"faces": {
				"north": {"uv": [0, 0, 0, 0], "texture": "#4"},
				"east": {"uv": [0, 0, 0, 0], "texture": "#4"},
				"south": {"uv": [0, 0, 0, 0], "texture": "#4"},
				"west": {"uv": [0, 0, 0, 0], "texture": "#4"},
				"up": {"uv": [0, 0, 0, 0], "texture": "#4"},
				"down": {"uv": [0, 0, 0, 0], "texture": "#4"}
			}
		},
		{
			"from": [7, 9, 5.5],
			"to": [8, 13, 6.5],
			"rotation": {"angle": 0, "axis": "y", "origin": [0, 0, -0.5]},
			"faces": {
				"north": {"uv": [1.75, 0.75, 4.75, 15.75], "texture": "#1"},
				"east": {"uv": [1.75, 0.75, 4.75, 15.75], "texture": "#1"},
				"south": {"uv": [1.75, 0.75, 4.75, 15.75], "texture": "#1"},
				"west": {"uv": [1.75, 0.75, 4.75, 15.75], "texture": "#1"},
				"up": {"uv": [1.75, 0.75, 4.75, 15.75], "rotation": 180, "texture": "#1"},
				"down": {"uv": [1.75, 0.75, 4.75, 15.75], "rotation": 180, "texture": "#1"}
			}
		},
		{
			"from": [6.75, 0, 7.75],
			"to": [7.5, 18, 8.25],
			"rotation": {"angle": 0, "axis": "y", "origin": [0, 0, -0.5]},
			"faces": {
				"north": {"uv": [1.75, 0.75, 4.75, 15.75], "texture": "#0"},
				"east": {"uv": [1.75, 0.75, 4.75, 15.75], "texture": "#0"},
				"south": {"uv": [1.75, 0.75, 4.75, 15.75], "texture": "#0"},
				"west": {"uv": [1.75, 0.75, 4.75, 15.75], "texture": "#0"},
				"up": {"uv": [1.75, 0.75, 4.75, 15.75], "rotation": 180, "texture": "#0"},
				"down": {"uv": [1.75, 0.75, 4.75, 15.75], "rotation": 180, "texture": "#0"}
			}
		},
		{
			"from": [7, 4, 9.5],
			"to": [8, 8, 10.5],
			"rotation": {"angle": 0, "axis": "y", "origin": [0, 0, -0.5]},
			"faces": {
				"north": {"uv": [1.75, 0.75, 4.75, 15.75], "texture": "#1"},
				"east": {"uv": [1.75, 0.75, 4.75, 15.75], "texture": "#1"},
				"south": {"uv": [1.75, 0.75, 4.75, 15.75], "texture": "#1"},
				"west": {"uv": [1.75, 0.75, 4.75, 15.75], "texture": "#1"},
				"up": {"uv": [1.75, 0.75, 4.75, 15.75], "rotation": 180, "texture": "#1"},
				"down": {"uv": [1.75, 0.75, 4.75, 15.75], "rotation": 180, "texture": "#1"}
			}
		},
		{
			"from": [7.25, 3.5, 5.5],
			"to": [8, 4.25, 6.5],
			"rotation": {"angle": 0, "axis": "y", "origin": [0, 0, -0.5]},
			"faces": {
				"north": {"uv": [1.75, 0.75, 4.75, 15.75], "texture": "#0"},
				"east": {"uv": [1.75, 0.75, 4.75, 15.75], "texture": "#0"},
				"south": {"uv": [1.75, 0.75, 4.75, 15.75], "texture": "#0"},
				"west": {"uv": [1.75, 0.75, 4.75, 15.75], "texture": "#0"},
				"up": {"uv": [1.75, 0.75, 4.75, 15.75], "rotation": 180, "texture": "#0"},
				"down": {"uv": [1.75, 0.75, 4.75, 15.75], "rotation": 180, "texture": "#0"}
			}
		},
		{
			"from": [7.25, 13.5, 5.5],
			"to": [8, 14.25, 6.5],
			"rotation": {"angle": 0, "axis": "y", "origin": [0, 0, -0.5]},
			"faces": {
				"north": {"uv": [1.75, 0.75, 4.75, 15.75], "texture": "#0"},
				"east": {"uv": [1.75, 0.75, 4.75, 15.75], "texture": "#0"},
				"south": {"uv": [1.75, 0.75, 4.75, 15.75], "texture": "#0"},
				"west": {"uv": [1.75, 0.75, 4.75, 15.75], "texture": "#0"},
				"up": {"uv": [1.75, 0.75, 4.75, 15.75], "rotation": 180, "texture": "#0"},
				"down": {"uv": [1.75, 0.75, 4.75, 15.75], "rotation": 180, "texture": "#0"}
			}
		},
		{
			"from": [7.25, 12, 9.5],
			"to": [8, 13, 10.5],
			"rotation": {"angle": 0, "axis": "y", "origin": [0, 0, -0.5]},
			"faces": {
				"north": {"uv": [1.75, 0.75, 4.75, 11.5], "texture": "#3"},
				"east": {"uv": [1.75, 0.75, 4.75, 11.5], "texture": "#3"},
				"south": {"uv": [1.75, 0.75, 4.75, 11.5], "texture": "#3"},
				"west": {"uv": [1.75, 0.75, 4.75, 11.5], "texture": "#3"},
				"up": {"uv": [1.75, 0.75, 4.75, 11.5], "rotation": 180, "texture": "#3"},
				"down": {"uv": [1.75, 0.75, 4.75, 11.5], "rotation": 180, "texture": "#3"}
			}
		},
		{
			"from": [7.25, 6, 1],
			"to": [7.75, 7, 4.5],
			"rotation": {"angle": 0, "axis": "y", "origin": [0, 0, -0.5]},
			"faces": {
				"north": {"uv": [1.75, 0.75, 4.75, 15.75], "rotation": 90, "texture": "#3"},
				"east": {"uv": [1.75, 0.75, 4.75, 15.75], "rotation": 90, "texture": "#3"},
				"south": {"uv": [1.75, 0.75, 4.75, 15.75], "rotation": 90, "texture": "#3"},
				"west": {"uv": [1.75, 0.75, 4.75, 15.75], "rotation": 90, "texture": "#3"},
				"up": {"uv": [1.75, 0.75, 4.75, 15.75], "rotation": 270, "texture": "#3"},
				"down": {"uv": [1.75, 0.75, 4.75, 15.75], "rotation": 270, "texture": "#3"}
			}
		},
		{
			"from": [7.25, 12, 1],
			"to": [8, 13, 4.5],
			"rotation": {"angle": 0, "axis": "y", "origin": [0, 0, -0.5]},
			"faces": {
				"north": {"uv": [1.75, 0.75, 4.75, 15.75], "rotation": 90, "texture": "#3"},
				"east": {"uv": [1.75, 0.75, 4.75, 15.75], "rotation": 90, "texture": "#3"},
				"south": {"uv": [1.75, 0.75, 4.75, 15.75], "rotation": 90, "texture": "#3"},
				"west": {"uv": [1.75, 0.75, 4.75, 15.75], "rotation": 90, "texture": "#3"},
				"up": {"uv": [1.75, 0.75, 4.75, 15.75], "rotation": 270, "texture": "#3"},
				"down": {"uv": [1.75, 0.75, 4.75, 15.75], "rotation": 270, "texture": "#3"}
			}
		},
		{
			"from": [7.25, 4, 1],
			"to": [7.75, 5, 4.5],
			"rotation": {"angle": 0, "axis": "y", "origin": [0, 0, -0.5]},
			"faces": {
				"north": {"uv": [1.75, 0.75, 4.75, 15.75], "rotation": 90, "texture": "#3"},
				"east": {"uv": [1.75, 0.75, 4.75, 15.75], "rotation": 90, "texture": "#3"},
				"south": {"uv": [1.75, 0.75, 4.75, 15.75], "rotation": 90, "texture": "#3"},
				"west": {"uv": [1.75, 0.75, 4.75, 15.75], "rotation": 90, "texture": "#3"},
				"up": {"uv": [1.75, 0.75, 4.75, 15.75], "rotation": 270, "texture": "#3"},
				"down": {"uv": [1.75, 0.75, 4.75, 15.75], "rotation": 270, "texture": "#3"}
			}
		},
		{
			"from": [7.25, 10, 1],
			"to": [7.75, 11, 4.5],
			"rotation": {"angle": 0, "axis": "y", "origin": [0, 0, -0.5]},
			"faces": {
				"north": {"uv": [1.75, 0.75, 4.75, 15.75], "rotation": 90, "texture": "#3"},
				"east": {"uv": [1.75, 0.75, 4.75, 15.75], "rotation": 90, "texture": "#3"},
				"south": {"uv": [1.75, 0.75, 4.75, 15.75], "rotation": 90, "texture": "#3"},
				"west": {"uv": [1.75, 0.75, 4.75, 15.75], "rotation": 90, "texture": "#3"},
				"up": {"uv": [1.75, 0.75, 4.75, 15.75], "rotation": 270, "texture": "#3"},
				"down": {"uv": [1.75, 0.75, 4.75, 15.75], "rotation": 270, "texture": "#3"}
			}
		},
		{
			"from": [7.25, 7.5, 1],
			"to": [7.75, 9.5, 4.5],
			"rotation": {"angle": 0, "axis": "y", "origin": [0, 0, -0.5]},
			"faces": {
				"north": {"uv": [1.75, 0.75, 4.75, 15.75], "rotation": 90, "texture": "#3"},
				"east": {"uv": [1.75, 0.75, 4.75, 15.75], "rotation": 90, "texture": "#3"},
				"south": {"uv": [1.75, 0.75, 4.75, 15.75], "rotation": 90, "texture": "#3"},
				"west": {"uv": [1.75, 0.75, 4.75, 15.75], "rotation": 90, "texture": "#3"},
				"up": {"uv": [1.75, 0.75, 4.75, 15.75], "rotation": 270, "texture": "#3"},
				"down": {"uv": [1.75, 0.75, 4.75, 15.75], "rotation": 270, "texture": "#3"}
			}
		},
		{
			"from": [7.25, 6, 11.5],
			"to": [7.75, 7, 15],
			"rotation": {"angle": 0, "axis": "y", "origin": [0, 0, -0.5]},
			"faces": {
				"north": {"uv": [1.75, 0.75, 4.75, 15.75], "rotation": 90, "texture": "#3"},
				"east": {"uv": [1.75, 0.75, 4.75, 15.75], "rotation": 90, "texture": "#3"},
				"south": {"uv": [1.75, 0.75, 4.75, 15.75], "rotation": 90, "texture": "#3"},
				"west": {"uv": [1.75, 0.75, 4.75, 15.75], "rotation": 90, "texture": "#3"},
				"up": {"uv": [1.75, 0.75, 4.75, 15.75], "rotation": 270, "texture": "#3"},
				"down": {"uv": [1.75, 0.75, 4.75, 15.75], "rotation": 270, "texture": "#3"}
			}
		},
		{
			"from": [7.25, 12, 11.5],
			"to": [7.75, 13, 15],
			"rotation": {"angle": 0, "axis": "y", "origin": [0, 0, -0.5]},
			"faces": {
				"north": {"uv": [1.75, 0.75, 4.75, 15.75], "rotation": 90, "texture": "#3"},
				"east": {"uv": [1.75, 0.75, 4.75, 15.75], "rotation": 90, "texture": "#3"},
				"south": {"uv": [1.75, 0.75, 4.75, 15.75], "rotation": 90, "texture": "#3"},
				"west": {"uv": [1.75, 0.75, 4.75, 15.75], "rotation": 90, "texture": "#3"},
				"up": {"uv": [1.75, 0.75, 4.75, 15.75], "rotation": 270, "texture": "#3"},
				"down": {"uv": [1.75, 0.75, 4.75, 15.75], "rotation": 270, "texture": "#3"}
			}
		},
		{
			"from": [7.25, 4, 11.5],
			"to": [7.75, 5, 15],
			"rotation": {"angle": 0, "axis": "y", "origin": [0, 0, -0.5]},
			"faces": {
				"north": {"uv": [1.75, 0.75, 4.75, 15.75], "rotation": 90, "texture": "#3"},
				"east": {"uv": [1.75, 0.75, 4.75, 15.75], "rotation": 90, "texture": "#3"},
				"south": {"uv": [1.75, 0.75, 4.75, 15.75], "rotation": 90, "texture": "#3"},
				"west": {"uv": [1.75, 0.75, 4.75, 15.75], "rotation": 90, "texture": "#3"},
				"up": {"uv": [1.75, 0.75, 4.75, 15.75], "rotation": 270, "texture": "#3"},
				"down": {"uv": [1.75, 0.75, 4.75, 15.75], "rotation": 270, "texture": "#3"}
			}
		},
		{
			"from": [7.25, 2, 11.5],
			"to": [7.75, 3, 15],
			"rotation": {"angle": 0, "axis": "y", "origin": [0, 0, -0.5]},
			"faces": {
				"north": {"uv": [1.75, 0.75, 4.75, 15.75], "rotation": 90, "texture": "#3"},
				"east": {"uv": [1.75, 0.75, 4.75, 15.75], "rotation": 90, "texture": "#3"},
				"south": {"uv": [1.75, 0.75, 4.75, 15.75], "rotation": 90, "texture": "#3"},
				"west": {"uv": [1.75, 0.75, 4.75, 15.75], "rotation": 90, "texture": "#3"},
				"up": {"uv": [1.75, 0.75, 4.75, 15.75], "rotation": 270, "texture": "#3"},
				"down": {"uv": [1.75, 0.75, 4.75, 15.75], "rotation": 270, "texture": "#3"}
			}
		},
		{
			"from": [7.25, 14, 11.5],
			"to": [7.75, 15, 15],
			"rotation": {"angle": 0, "axis": "y", "origin": [0, 0, -0.5]},
			"faces": {
				"north": {"uv": [1.75, 0.75, 4.75, 15.75], "rotation": 90, "texture": "#3"},
				"east": {"uv": [1.75, 0.75, 4.75, 15.75], "rotation": 90, "texture": "#3"},
				"south": {"uv": [1.75, 0.75, 4.75, 15.75], "rotation": 90, "texture": "#3"},
				"west": {"uv": [1.75, 0.75, 4.75, 15.75], "rotation": 90, "texture": "#3"},
				"up": {"uv": [1.75, 0.75, 4.75, 15.75], "rotation": 270, "texture": "#3"},
				"down": {"uv": [1.75, 0.75, 4.75, 15.75], "rotation": 270, "texture": "#3"}
			}
		},
		{
			"from": [7.25, 14, 1],
			"to": [7.75, 15, 4.5],
			"rotation": {"angle": 0, "axis": "y", "origin": [0, 0, -0.5]},
			"faces": {
				"north": {"uv": [1.75, 0.75, 4.75, 15.75], "rotation": 90, "texture": "#3"},
				"east": {"uv": [1.75, 0.75, 4.75, 15.75], "rotation": 90, "texture": "#3"},
				"south": {"uv": [1.75, 0.75, 4.75, 15.75], "rotation": 90, "texture": "#3"},
				"west": {"uv": [1.75, 0.75, 4.75, 15.75], "rotation": 90, "texture": "#3"},
				"up": {"uv": [1.75, 0.75, 4.75, 15.75], "rotation": 270, "texture": "#3"},
				"down": {"uv": [1.75, 0.75, 4.75, 15.75], "rotation": 270, "texture": "#3"}
			}
		},
		{
			"from": [7.25, 2, 1],
			"to": [7.75, 3, 4.5],
			"rotation": {"angle": 0, "axis": "y", "origin": [0, 0, -0.5]},
			"faces": {
				"north": {"uv": [1.75, 0.75, 4.75, 15.75], "rotation": 90, "texture": "#3"},
				"east": {"uv": [1.75, 0.75, 4.75, 15.75], "rotation": 90, "texture": "#3"},
				"south": {"uv": [1.75, 0.75, 4.75, 15.75], "rotation": 90, "texture": "#3"},
				"west": {"uv": [1.75, 0.75, 4.75, 15.75], "rotation": 90, "texture": "#3"},
				"up": {"uv": [1.75, 0.75, 4.75, 15.75], "rotation": 270, "texture": "#3"},
				"down": {"uv": [1.75, 0.75, 4.75, 15.75], "rotation": 270, "texture": "#3"}
			}
		},
		{
			"from": [7.25, 10, 11.5],
			"to": [7.75, 11, 15],
			"rotation": {"angle": 0, "axis": "y", "origin": [0, 0, -0.5]},
			"faces": {
				"north": {"uv": [1.75, 0.75, 4.75, 15.75], "rotation": 90, "texture": "#3"},
				"east": {"uv": [1.75, 0.75, 4.75, 15.75], "rotation": 90, "texture": "#3"},
				"south": {"uv": [1.75, 0.75, 4.75, 15.75], "rotation": 90, "texture": "#3"},
				"west": {"uv": [1.75, 0.75, 4.75, 15.75], "rotation": 90, "texture": "#3"},
				"up": {"uv": [1.75, 0.75, 4.75, 15.75], "rotation": 270, "texture": "#3"},
				"down": {"uv": [1.75, 0.75, 4.75, 15.75], "rotation": 270, "texture": "#3"}
			}
		},
		{
			"from": [7.25, 7.5, 11.5],
			"to": [7.75, 9.5, 15],
			"rotation": {"angle": 0, "axis": "y", "origin": [0, 0, -0.5]},
			"faces": {
				"north": {"uv": [1.75, 0.75, 4.75, 15.75], "rotation": 90, "texture": "#3"},
				"east": {"uv": [1.75, 0.75, 4.75, 15.75], "rotation": 90, "texture": "#3"},
				"south": {"uv": [1.75, 0.75, 4.75, 15.75], "rotation": 90, "texture": "#3"},
				"west": {"uv": [1.75, 0.75, 4.75, 15.75], "rotation": 90, "texture": "#3"},
				"up": {"uv": [1.75, 0.75, 4.75, 15.75], "rotation": 270, "texture": "#3"},
				"down": {"uv": [1.75, 0.75, 4.75, 15.75], "rotation": 270, "texture": "#3"}
			}
		}
	],
	"display": {
		"thirdperson_righthand": {
			"rotation": [90, 0, 0],
			"translation": [0, -2, 0],
			"scale": [4, 4, 4]
		}
	},
	"groups": [
		{
			"name": "forward",
			"origin": [0, 0, -0.5],
			"children": [0, 1, 2, 3, 4, 5,
				{
					"name": "group",
					"origin": [0, 0, -0.5],
					"children": [6, 7, 8, 9, 10,
						{
							"name": "group",
							"origin": [0, 0, -0.5],
							"children": [11, 12, 13, 14, 15, 16, 17, 18, 19]
						}
					]
				}
			]
		}, 20,
		{
			"name": "forward",
			"origin": [0, 0, -0.5],
			"children": [21, 22, 23, 24, 25, 26,
				{
					"name": "group",
					"origin": [0, 0, -0.5],
					"children": [27, 28, 29, 30, 31,
						{
							"name": "group",
							"origin": [0, 0, -0.5],
							"children": [32, 33, 34, 35, 36, 37, 38, 39, 40]
						}
					]
				}
			]
		}
	]
}
