{
	"parent": "item/handheld",
	"textures": {
		"layer0": "item/diamond_hoe"
	},
	"overrides": [
		{ "predicate": { "damage": 0 }, "model": "item/diamond_hoe" },
		{ "predicate": { "damaged": 0, "damage": 0.000640614990391 }, "model": "projecttwo/takara" },
		{ "predicate": { "damaged": 0, "damage": 0.001281229980782 }, "model": "projecttwo/sakari" },
		{ "predicate": { "damaged": 0, "damage": 0.001921844971172 }, "model": "projecttwo/kyuquot" },
		{ "predicate": { "damaged": 0, "damage": 0.002562459961563 }, "model": "projecttwo/tuar" },
		{ "predicate": { "damaged": 0, "damage": 0.003203074951954 }, "model": "projecttwo/Kamea" },
		{ "predicate": { "damaged": 0, "damage": 0.003843689942345 }, "model": "projecttwo/bottlenose" },
		{ "predicate": { "damaged": 0, "damage": 0.004484304932735 }, "model": "projecttwo/bottlenosecalf" },
		{ "predicate": { "damaged": 0, "damage": 0.005124919923126 }, "model": "projecttwo/beluga" },
		{ "predicate": { "damaged": 0, "damage": 0.005765534913517 }, "model": "projectone/ball" },
		{ "predicate": { "damaged": 0, "damage": 0.006406149903908 }, "model": "projectthree/Blueball" },
		{ "predicate": { "damaged": 0, "damage": 0.007046764894299 }, "model": "projectthree/BuoyEED" },
		{ "predicate": { "damaged": 0, "damage": 0.007687379884689 }, "model": "projectfour/donuteed" },
		{ "predicate": { "damaged": 0, "damage": 0.00832799487508 }, "model": "projecttwo/whitesided" },
		{ "predicate": { "damaged": 0, "damage": 0.008968609865471 }, "model": "projectone/otter" },
		{ "predicate": { "damaged": 0, "damage": 0.009609224855862 }, "model": "item/bucketoffish" },
		{ "predicate": { "damaged": 0, "damage": 0.010249839846252 }, "model": "projectone/smallmed" },
		{ "predicate": { "damaged": 0, "damage": 0.010890454836643 }, "model": "projectone/mediummed" },
		{ "predicate": { "damaged": 0, "damage": 0.011531069827034 }, "model": "projectone/largemed" },
		{ "predicate": { "damaged": 0, "damage": 0.012171684817425 }, "model": "item/diamond_hoe19" },
		{ "predicate": { "damaged": 0, "damage": 0.012812299807816 }, "model": "item/diamond_hoe20" },
		{ "predicate": { "damaged": 0, "damage": 0.013452914798206 }, "model": "item/diamond_hoe21" },
		{ "predicate": { "damaged": 0, "damage": 0.014093529788597 }, "model": "item/diamond_hoe22" },
		{ "predicate": { "damaged": 0, "damage": 0.014734144778988 }, "model": "item/diamond_hoe23" },
		{ "predicate": { "damaged": 0, "damage": 0.015374759769379 }, "model": "item/diamond_hoe24" },
		{ "predicate": { "damaged": 0, "damage": 0.016015374759769 }, "model": "item/diamond_hoe25" },
		{ "predicate": { "damaged": 0, "damage": 0.01665598975016 }, "model": "item/diamond_hoe26" },
		{ "predicate": { "damaged": 0, "damage": 0.017296604740551 }, "model": "item/diamond_hoe27" },
		{ "predicate": { "damaged": 0, "damage": 0.017937219730942 }, "model": "item/diamond_hoe28" },
		{ "predicate": { "damaged": 0, "damage": 0.018577834721332 }, "model": "item/diamond_hoe29" },
		{ "predicate": { "damaged": 0, "damage": 0.019218449711723 }, "model": "item/diamond_hoe30" },
		{ "predicate": { "damaged": 0, "damage": 0.019859064702114 }, "model": "item/diamond_hoe31" },
		{ "predicate": { "damaged": 0, "damage": 0.020499679692505 }, "model": "item/diamond_hoe32" },
		{ "predicate": { "damaged": 0, "damage": 0.021140294682896 }, "model": "item/diamond_hoe33" },
		{ "predicate": { "damaged": 0, "damage": 0.021780909673286 }, "model": "item/diamond_hoe34" },
		{ "predicate": { "damaged": 0, "damage": 0.022421524663677 }, "model": "item/diamond_hoe35" },
		{ "predicate": { "damaged": 0, "damage": 0.023062139654068 }, "model": "item/diamond_hoe36" },
		{ "predicate": { "damaged": 0, "damage": 0.023702754644459 }, "model": "item/diamond_hoe37" },
		{ "predicate": { "damaged": 0, "damage": 0.024343369634849 }, "model": "item/diamond_hoe38" },
		{ "predicate": { "damaged": 0, "damage": 0.02498398462524 }, "model": "item/diamond_hoe39" },
		{ "predicate": { "damaged": 0, "damage": 0.025624599615631 }, "model": "item/diamond_hoe40" },
		{ "predicate": { "damaged": 0, "damage": 0.026265214606022 }, "model": "item/diamond_hoe41" },
		{ "predicate": { "damaged": 0, "damage": 0.026905829596413 }, "model": "item/diamond_hoe42" },
		{ "predicate": { "damaged": 0, "damage": 0.027546444586803 }, "model": "item/diamond_hoe43" },
		{ "predicate": { "damaged": 0, "damage": 0.028187059577194 }, "model": "item/diamond_hoe44" },
		{ "predicate": { "damaged": 0, "damage": 0.028827674567585 }, "model": "item/diamond_hoe45" },
		{ "predicate": { "damaged": 0, "damage": 0.029468289557976 }, "model": "item/diamond_hoe46" },
		{ "predicate": { "damaged": 0, "damage": 0.030108904548366 }, "model": "item/diamond_hoe47" },
		{ "predicate": { "damaged": 0, "damage": 0.030749519538757 }, "model": "item/diamond_hoe48" },
		{ "predicate": { "damaged": 0, "damage": 0.031390134529148 }, "model": "item/diamond_hoe49" },
		{ "predicate": { "damaged": 0, "damage": 0.032030749519539 }, "model": "item/diamond_hoe50" },
		{ "predicate": { "damaged": 0, "damage": 0.03267136450993 }, "model": "item/diamond_hoe51" },
		{ "predicate": { "damaged": 0, "damage": 0.03331197950032 }, "model": "item/diamond_hoe52" },
		{ "predicate": { "damaged": 0, "damage": 0.033952594490711 }, "model": "item/diamond_hoe53" },
		{ "predicate": { "damaged": 0, "damage": 0.034593209481102 }, "model": "item/diamond_hoe54" },
		{ "predicate": { "damaged": 0, "damage": 0.035233824471493 }, "model": "item/diamond_hoe55" },
		{ "predicate": { "damaged": 0, "damage": 0.035874439461883 }, "model": "item/diamond_hoe56" },
		{ "predicate": { "damaged": 0, "damage": 0.036515054452274 }, "model": "item/diamond_hoe57" },
		{ "predicate": { "damaged": 0, "damage": 0.037155669442665 }, "model": "item/diamond_hoe58" },
		{ "predicate": { "damaged": 0, "damage": 0.037796284433056 }, "model": "item/diamond_hoe59" },
		{ "predicate": { "damaged": 0, "damage": 0.038436899423447 }, "model": "item/diamond_hoe60" },
		{ "predicate": { "damaged": 0, "damage": 0.039077514413837 }, "model": "item/diamond_hoe61" },
		{ "predicate": { "damaged": 0, "damage": 0.039718129404228 }, "model": "item/diamond_hoe62" },
		{ "predicate": { "damaged": 0, "damage": 0.040358744394619 }, "model": "item/diamond_hoe63" },
		{ "predicate": { "damaged": 0, "damage": 0.04099935938501 }, "model": "item/diamond_hoe64" },
		{ "predicate": { "damaged": 0, "damage": 0.0416399743754 }, "model": "item/diamond_hoe65" },
		{ "predicate": { "damaged": 0, "damage": 0.042280589365791 }, "model": "item/diamond_hoe66" },
		{ "predicate": { "damaged": 0, "damage": 0.042921204356182 }, "model": "item/diamond_hoe67" },
		{ "predicate": { "damaged": 0, "damage": 0.043561819346573 }, "model": "item/diamond_hoe68" },
		{ "predicate": { "damaged": 0, "damage": 0.044202434336963 }, "model": "item/diamond_hoe69" },
		{ "predicate": { "damaged": 0, "damage": 0.044843049327354 }, "model": "item/diamond_hoe70" },
		{ "predicate": { "damaged": 0, "damage": 0.045483664317745 }, "model": "item/diamond_hoe71" },
		{ "predicate": { "damaged": 0, "damage": 0.046124279308136 }, "model": "item/diamond_hoe72" },
		{ "predicate": { "damaged": 0, "damage": 0.046764894298527 }, "model": "item/diamond_hoe73" },
		{ "predicate": { "damaged": 0, "damage": 0.047405509288917 }, "model": "item/diamond_hoe74" },
		{ "predicate": { "damaged": 0, "damage": 0.048046124279308 }, "model": "item/diamond_hoe75" },
		{ "predicate": { "damaged": 0, "damage": 0.048686739269699 }, "model": "item/diamond_hoe76" },
		{ "predicate": { "damaged": 0, "damage": 0.04932735426009 }, "model": "item/diamond_hoe77" },
		{ "predicate": { "damaged": 0, "damage": 0.04996796925048 }, "model": "item/diamond_hoe78" },
		{ "predicate": { "damaged": 0, "damage": 0.050608584240871 }, "model": "item/diamond_hoe79" },
		{ "predicate": { "damaged": 0, "damage": 0.051249199231262 }, "model": "item/diamond_hoe80" },
		{ "predicate": { "damaged": 0, "damage": 0.051889814221653 }, "model": "item/diamond_hoe81" },
		{ "predicate": { "damaged": 0, "damage": 0.052530429212044 }, "model": "item/diamond_hoe82" },
		{ "predicate": { "damaged": 0, "damage": 0.053171044202434 }, "model": "item/diamond_hoe83" },
		{ "predicate": { "damaged": 0, "damage": 0.053811659192825 }, "model": "item/diamond_hoe84" },
		{ "predicate": { "damaged": 0, "damage": 0.054452274183216 }, "model": "item/diamond_hoe85" },
		{ "predicate": { "damaged": 0, "damage": 0.055092889173607 }, "model": "item/diamond_hoe86" },
		{ "predicate": { "damaged": 0, "damage": 0.055733504163997 }, "model": "item/diamond_hoe87" },
		{ "predicate": { "damaged": 0, "damage": 0.056374119154388 }, "model": "item/diamond_hoe88" },
		{ "predicate": { "damaged": 0, "damage": 0.057014734144779 }, "model": "item/diamond_hoe89" },
		{ "predicate": { "damaged": 0, "damage": 0.05765534913517 }, "model": "item/diamond_hoe90" },
		{ "predicate": { "damaged": 0, "damage": 0.058295964125561 }, "model": "item/diamond_hoe91" },
		{ "predicate": { "damaged": 0, "damage": 0.058936579115951 }, "model": "item/diamond_hoe92" },
		{ "predicate": { "damaged": 0, "damage": 0.059577194106342 }, "model": "item/diamond_hoe93" },
		{ "predicate": { "damaged": 0, "damage": 0.060217809096733 }, "model": "item/diamond_hoe94" },
		{ "predicate": { "damaged": 0, "damage": 0.060858424087124 }, "model": "item/diamond_hoe95" },
		{ "predicate": { "damaged": 0, "damage": 0.061499039077514 }, "model": "item/diamond_hoe96" },
		{ "predicate": { "damaged": 0, "damage": 0.062139654067905 }, "model": "item/diamond_hoe97" },
		{ "predicate": { "damaged": 0, "damage": 0.062780269058296 }, "model": "item/diamond_hoe98" },
		{ "predicate": { "damaged": 0, "damage": 0.063420884048687 }, "model": "item/diamond_hoe99" },
		{ "predicate": { "damaged": 0, "damage": 0.064061499039078 }, "model": "item/diamond_hoe100" },
		{ "predicate": { "damaged": 0, "damage": 0.064702114029468 }, "model": "item/diamond_hoe101" },
		{ "predicate": { "damaged": 0, "damage": 0.065342729019859 }, "model": "item/diamond_hoe102" },
		{ "predicate": { "damaged": 0, "damage": 0.06598334401025 }, "model": "item/diamond_hoe103" },
		{ "predicate": { "damaged": 0, "damage": 0.066623959000641 }, "model": "item/diamond_hoe104" },
		{ "predicate": { "damaged": 0, "damage": 0.067264573991031 }, "model": "item/diamond_hoe105" },
		{ "predicate": { "damaged": 0, "damage": 0.067905188981422 }, "model": "item/diamond_hoe106" },
		{ "predicate": { "damaged": 0, "damage": 0.068545803971813 }, "model": "item/diamond_hoe107" },
		{ "predicate": { "damaged": 0, "damage": 0.069186418962204 }, "model": "item/diamond_hoe108" },
		{ "predicate": { "damaged": 0, "damage": 0.069827033952594 }, "model": "item/diamond_hoe109" },
		{ "predicate": { "damaged": 0, "damage": 0.070467648942985 }, "model": "item/diamond_hoe110" },
		{ "predicate": { "damaged": 0, "damage": 0.071108263933376 }, "model": "item/diamond_hoe111" },
		{ "predicate": { "damaged": 0, "damage": 0.071748878923767 }, "model": "item/diamond_hoe112" },
		{ "predicate": { "damaged": 0, "damage": 0.072389493914158 }, "model": "item/diamond_hoe113" },
		{ "predicate": { "damaged": 0, "damage": 0.073030108904548 }, "model": "item/diamond_hoe114" },
		{ "predicate": { "damaged": 0, "damage": 0.073670723894939 }, "model": "item/diamond_hoe115" },
		{ "predicate": { "damaged": 0, "damage": 0.07431133888533 }, "model": "item/diamond_hoe116" },
		{ "predicate": { "damaged": 0, "damage": 0.074951953875721 }, "model": "item/diamond_hoe117" },
		{ "predicate": { "damaged": 0, "damage": 0.075592568866111 }, "model": "item/diamond_hoe118" },
		{ "predicate": { "damaged": 0, "damage": 0.076233183856502 }, "model": "item/diamond_hoe119" },
		{ "predicate": { "damaged": 0, "damage": 0.076873798846893 }, "model": "item/diamond_hoe120" },
		{ "predicate": { "damaged": 0, "damage": 0.077514413837284 }, "model": "item/diamond_hoe121" },
		{ "predicate": { "damaged": 0, "damage": 0.078155028827675 }, "model": "item/diamond_hoe122" },
		{ "predicate": { "damaged": 0, "damage": 0.078795643818065 }, "model": "item/diamond_hoe123" },
		{ "predicate": { "damaged": 0, "damage": 0.079436258808456 }, "model": "item/diamond_hoe124" },
		{ "predicate": { "damaged": 0, "damage": 0.080076873798847 }, "model": "item/diamond_hoe125" },
		{ "predicate": { "damaged": 0, "damage": 0.080717488789238 }, "model": "item/diamond_hoe126" },
		{ "predicate": { "damaged": 0, "damage": 0.081358103779628 }, "model": "item/diamond_hoe127" },
		{ "predicate": { "damaged": 0, "damage": 0.081998718770019 }, "model": "item/diamond_hoe128" },
		{ "predicate": { "damaged": 0, "damage": 0.08263933376041 }, "model": "item/diamond_hoe129" },
		{ "predicate": { "damaged": 0, "damage": 0.083279948750801 }, "model": "item/diamond_hoe130" },
		{ "predicate": { "damaged": 0, "damage": 0.083920563741192 }, "model": "item/diamond_hoe131" },
		{ "predicate": { "damaged": 0, "damage": 0.084561178731582 }, "model": "item/diamond_hoe132" },
		{ "predicate": { "damaged": 0, "damage": 0.085201793721973 }, "model": "item/diamond_hoe133" },
		{ "predicate": { "damaged": 0, "damage": 0.085842408712364 }, "model": "item/diamond_hoe134" },
		{ "predicate": { "damaged": 0, "damage": 0.086483023702755 }, "model": "item/diamond_hoe135" },
		{ "predicate": { "damaged": 0, "damage": 0.087123638693145 }, "model": "item/diamond_hoe136" },
		{ "predicate": { "damaged": 0, "damage": 0.087764253683536 }, "model": "item/diamond_hoe137" },
		{ "predicate": { "damaged": 0, "damage": 0.088404868673927 }, "model": "item/diamond_hoe138" },
		{ "predicate": { "damaged": 0, "damage": 0.089045483664318 }, "model": "item/diamond_hoe139" },
		{ "predicate": { "damaged": 0, "damage": 0.089686098654709 }, "model": "item/diamond_hoe140" },
		{ "predicate": { "damaged": 0, "damage": 0.090326713645099 }, "model": "item/diamond_hoe141" },
		{ "predicate": { "damaged": 0, "damage": 0.09096732863549 }, "model": "item/diamond_hoe142" },
		{ "predicate": { "damaged": 0, "damage": 0.091607943625881 }, "model": "item/diamond_hoe143" },
		{ "predicate": { "damaged": 0, "damage": 0.092248558616272 }, "model": "item/diamond_hoe144" },
		{ "predicate": { "damaged": 0, "damage": 0.092889173606662 }, "model": "item/diamond_hoe145" },
		{ "predicate": { "damaged": 0, "damage": 0.093529788597053 }, "model": "item/diamond_hoe146" },
		{ "predicate": { "damaged": 0, "damage": 0.094170403587444 }, "model": "item/diamond_hoe147" },
		{ "predicate": { "damaged": 0, "damage": 0.094811018577835 }, "model": "item/diamond_hoe148" },
		{ "predicate": { "damaged": 0, "damage": 0.095451633568225 }, "model": "item/diamond_hoe149" },
		{ "predicate": { "damaged": 0, "damage": 0.096092248558616 }, "model": "item/diamond_hoe150" },
		{ "predicate": { "damaged": 0, "damage": 0.096732863549007 }, "model": "item/diamond_hoe151" },
		{ "predicate": { "damaged": 0, "damage": 0.097373478539398 }, "model": "item/diamond_hoe152" },
		{ "predicate": { "damaged": 0, "damage": 0.098014093529789 }, "model": "item/diamond_hoe153" },
		{ "predicate": { "damaged": 0, "damage": 0.098654708520179 }, "model": "item/diamond_hoe154" },
		{ "predicate": { "damaged": 0, "damage": 0.09929532351057 }, "model": "item/diamond_hoe155" },
		{ "predicate": { "damaged": 0, "damage": 0.099935938500961 }, "model": "item/diamond_hoe156" },
		{ "predicate": { "damaged": 0, "damage": 0.100576553491352 }, "model": "item/diamond_hoe157" },
		{ "predicate": { "damaged": 0, "damage": 0.101217168481742 }, "model": "item/diamond_hoe158" },
		{ "predicate": { "damaged": 0, "damage": 0.101857783472133 }, "model": "item/diamond_hoe159" },
		{ "predicate": { "damaged": 0, "damage": 0.102498398462524 }, "model": "item/diamond_hoe160" },
		{ "predicate": { "damaged": 0, "damage": 0.103139013452915 }, "model": "item/diamond_hoe161" },
		{ "predicate": { "damaged": 0, "damage": 0.103779628443306 }, "model": "item/diamond_hoe162" },
		{ "predicate": { "damaged": 0, "damage": 0.104420243433696 }, "model": "item/diamond_hoe163" },
		{ "predicate": { "damaged": 0, "damage": 0.105060858424087 }, "model": "item/diamond_hoe164" },
		{ "predicate": { "damaged": 0, "damage": 0.105701473414478 }, "model": "item/diamond_hoe165" },
		{ "predicate": { "damaged": 0, "damage": 0.106342088404869 }, "model": "item/diamond_hoe166" },
		{ "predicate": { "damaged": 0, "damage": 0.106982703395259 }, "model": "item/diamond_hoe167" },
		{ "predicate": { "damaged": 0, "damage": 0.10762331838565 }, "model": "item/diamond_hoe168" },
		{ "predicate": { "damaged": 0, "damage": 0.108263933376041 }, "model": "item/diamond_hoe169" },
		{ "predicate": { "damaged": 0, "damage": 0.108904548366432 }, "model": "item/diamond_hoe170" },
		{ "predicate": { "damaged": 0, "damage": 0.109545163356823 }, "model": "item/diamond_hoe171" },
		{ "predicate": { "damaged": 0, "damage": 0.110185778347213 }, "model": "item/diamond_hoe172" },
		{ "predicate": { "damaged": 0, "damage": 0.110826393337604 }, "model": "item/diamond_hoe173" },
		{ "predicate": { "damaged": 0, "damage": 0.111467008327995 }, "model": "item/diamond_hoe174" },
		{ "predicate": { "damaged": 0, "damage": 0.112107623318386 }, "model": "item/diamond_hoe175" },
		{ "predicate": { "damaged": 0, "damage": 0.112748238308776 }, "model": "item/diamond_hoe176" },
		{ "predicate": { "damaged": 0, "damage": 0.113388853299167 }, "model": "item/diamond_hoe177" },
		{ "predicate": { "damaged": 0, "damage": 0.114029468289558 }, "model": "item/diamond_hoe178" },
		{ "predicate": { "damaged": 0, "damage": 0.114670083279949 }, "model": "item/diamond_hoe179" },
		{ "predicate": { "damaged": 0, "damage": 0.11531069827034 }, "model": "item/diamond_hoe180" },
		{ "predicate": { "damaged": 0, "damage": 0.11595131326073 }, "model": "item/diamond_hoe181" },
		{ "predicate": { "damaged": 0, "damage": 0.116591928251121 }, "model": "item/diamond_hoe182" },
		{ "predicate": { "damaged": 0, "damage": 0.117232543241512 }, "model": "item/diamond_hoe183" },
		{ "predicate": { "damaged": 0, "damage": 0.117873158231903 }, "model": "item/diamond_hoe184" },
		{ "predicate": { "damaged": 0, "damage": 0.118513773222293 }, "model": "item/diamond_hoe185" },
		{ "predicate": { "damaged": 0, "damage": 0.119154388212684 }, "model": "item/diamond_hoe186" },
		{ "predicate": { "damaged": 0, "damage": 0.119795003203075 }, "model": "item/diamond_hoe187" },
		{ "predicate": { "damaged": 0, "damage": 0.120435618193466 }, "model": "item/diamond_hoe188" },
		{ "predicate": { "damaged": 0, "damage": 0.121076233183856 }, "model": "item/diamond_hoe189" },
		{ "predicate": { "damaged": 0, "damage": 0.121716848174247 }, "model": "item/diamond_hoe190" },
		{ "predicate": { "damaged": 0, "damage": 0.122357463164638 }, "model": "item/diamond_hoe191" },
		{ "predicate": { "damaged": 0, "damage": 0.122998078155029 }, "model": "item/diamond_hoe192" },
		{ "predicate": { "damaged": 0, "damage": 0.12363869314542 }, "model": "item/diamond_hoe193" },
		{ "predicate": { "damaged": 0, "damage": 0.12427930813581 }, "model": "item/diamond_hoe194" },
		{ "predicate": { "damaged": 0, "damage": 0.124919923126201 }, "model": "item/diamond_hoe195" },
		{ "predicate": { "damaged": 0, "damage": 0.125560538116592 }, "model": "item/diamond_hoe196" },
		{ "predicate": { "damaged": 0, "damage": 0.126201153106983 }, "model": "item/diamond_hoe197" },
		{ "predicate": { "damaged": 0, "damage": 0.126841768097373 }, "model": "item/diamond_hoe198" },
		{ "predicate": { "damaged": 0, "damage": 0.127482383087764 }, "model": "item/diamond_hoe199" },
		{ "predicate": { "damaged": 0, "damage": 0.128122998078155 }, "model": "item/diamond_hoe200" },
		{ "predicate": { "damaged": 0, "damage": 0.128763613068546 }, "model": "item/diamond_hoe201" },
		{ "predicate": { "damaged": 0, "damage": 0.129404228058937 }, "model": "item/diamond_hoe202" },
		{ "predicate": { "damaged": 0, "damage": 0.130044843049327 }, "model": "item/diamond_hoe203" },
		{ "predicate": { "damaged": 0, "damage": 0.130685458039718 }, "model": "item/diamond_hoe204" },
		{ "predicate": { "damaged": 0, "damage": 0.131326073030109 }, "model": "item/diamond_hoe205" },
		{ "predicate": { "damaged": 0, "damage": 0.1319666880205 }, "model": "item/diamond_hoe206" },
		{ "predicate": { "damaged": 0, "damage": 0.13260730301089 }, "model": "item/diamond_hoe207" },
		{ "predicate": { "damaged": 0, "damage": 0.133247918001281 }, "model": "item/diamond_hoe208" },
		{ "predicate": { "damaged": 0, "damage": 0.133888532991672 }, "model": "item/diamond_hoe209" },
		{ "predicate": { "damaged": 0, "damage": 0.134529147982063 }, "model": "item/diamond_hoe210" },
		{ "predicate": { "damaged": 0, "damage": 0.135169762972454 }, "model": "item/diamond_hoe211" },
		{ "predicate": { "damaged": 0, "damage": 0.135810377962844 }, "model": "item/diamond_hoe212" },
		{ "predicate": { "damaged": 0, "damage": 0.136450992953235 }, "model": "item/diamond_hoe213" },
		{ "predicate": { "damaged": 0, "damage": 0.137091607943626 }, "model": "item/diamond_hoe214" },
		{ "predicate": { "damaged": 0, "damage": 0.137732222934017 }, "model": "item/diamond_hoe215" },
		{ "predicate": { "damaged": 0, "damage": 0.138372837924407 }, "model": "item/diamond_hoe216" },
		{ "predicate": { "damaged": 0, "damage": 0.139013452914798 }, "model": "item/diamond_hoe217" },
		{ "predicate": { "damaged": 0, "damage": 0.139654067905189 }, "model": "item/diamond_hoe218" },
		{ "predicate": { "damaged": 0, "damage": 0.14029468289558 }, "model": "item/diamond_hoe219" },
		{ "predicate": { "damaged": 0, "damage": 0.140935297885971 }, "model": "item/diamond_hoe220" },
		{ "predicate": { "damaged": 0, "damage": 0.141575912876361 }, "model": "item/diamond_hoe221" },
		{ "predicate": { "damaged": 0, "damage": 0.142216527866752 }, "model": "item/diamond_hoe222" },
		{ "predicate": { "damaged": 0, "damage": 0.142857142857143 }, "model": "item/diamond_hoe223" },
		{ "predicate": { "damaged": 0, "damage": 0.143497757847534 }, "model": "item/diamond_hoe224" },
		{ "predicate": { "damaged": 0, "damage": 0.144138372837924 }, "model": "item/diamond_hoe225" },
		{ "predicate": { "damaged": 0, "damage": 0.144778987828315 }, "model": "item/diamond_hoe226" },
		{ "predicate": { "damaged": 0, "damage": 0.145419602818706 }, "model": "item/diamond_hoe227" },
		{ "predicate": { "damaged": 0, "damage": 0.146060217809097 }, "model": "item/diamond_hoe228" },
		{ "predicate": { "damaged": 0, "damage": 0.146700832799488 }, "model": "item/diamond_hoe229" },
		{ "predicate": { "damaged": 0, "damage": 0.147341447789878 }, "model": "item/diamond_hoe230" },
		{ "predicate": { "damaged": 0, "damage": 0.147982062780269 }, "model": "item/diamond_hoe231" },
		{ "predicate": { "damaged": 0, "damage": 0.14862267777066 }, "model": "item/diamond_hoe232" },
		{ "predicate": { "damaged": 0, "damage": 0.149263292761051 }, "model": "item/diamond_hoe233" },
		{ "predicate": { "damaged": 0, "damage": 0.149903907751441 }, "model": "item/diamond_hoe234" },
		{ "predicate": { "damaged": 0, "damage": 0.150544522741832 }, "model": "item/diamond_hoe235" },
		{ "predicate": { "damaged": 0, "damage": 0.151185137732223 }, "model": "item/diamond_hoe236" },
		{ "predicate": { "damaged": 0, "damage": 0.151825752722614 }, "model": "item/diamond_hoe237" },
		{ "predicate": { "damaged": 0, "damage": 0.152466367713004 }, "model": "item/diamond_hoe238" },
		{ "predicate": { "damaged": 0, "damage": 0.153106982703395 }, "model": "item/diamond_hoe239" },
		{ "predicate": { "damaged": 0, "damage": 0.153747597693786 }, "model": "item/diamond_hoe240" },
		{ "predicate": { "damaged": 0, "damage": 0.154388212684177 }, "model": "item/diamond_hoe241" },
		{ "predicate": { "damaged": 0, "damage": 0.155028827674568 }, "model": "item/diamond_hoe242" },
		{ "predicate": { "damaged": 0, "damage": 0.155669442664958 }, "model": "item/diamond_hoe243" },
		{ "predicate": { "damaged": 0, "damage": 0.156310057655349 }, "model": "item/diamond_hoe244" },
		{ "predicate": { "damaged": 0, "damage": 0.15695067264574 }, "model": "item/diamond_hoe245" },
		{ "predicate": { "damaged": 0, "damage": 0.157591287636131 }, "model": "item/diamond_hoe246" },
		{ "predicate": { "damaged": 0, "damage": 0.158231902626521 }, "model": "item/diamond_hoe247" },
		{ "predicate": { "damaged": 0, "damage": 0.158872517616912 }, "model": "item/diamond_hoe248" },
		{ "predicate": { "damaged": 0, "damage": 0.159513132607303 }, "model": "item/diamond_hoe249" },
		{ "predicate": { "damaged": 0, "damage": 0.160153747597694 }, "model": "item/diamond_hoe250" },
		{ "predicate": { "damaged": 0, "damage": 0.160794362588085 }, "model": "item/diamond_hoe251" },
		{ "predicate": { "damaged": 0, "damage": 0.161434977578475 }, "model": "item/diamond_hoe252" },
		{ "predicate": { "damaged": 0, "damage": 0.162075592568866 }, "model": "item/diamond_hoe253" },
		{ "predicate": { "damaged": 0, "damage": 0.162716207559257 }, "model": "item/diamond_hoe254" },
		{ "predicate": { "damaged": 0, "damage": 0.163356822549648 }, "model": "item/diamond_hoe255" },
		{ "predicate": { "damaged": 0, "damage": 0.163997437540038 }, "model": "item/diamond_hoe256" },
		{ "predicate": { "damaged": 0, "damage": 0.164638052530429 }, "model": "item/diamond_hoe257" },
		{ "predicate": { "damaged": 0, "damage": 0.16527866752082 }, "model": "item/diamond_hoe258" },
		{ "predicate": { "damaged": 0, "damage": 0.165919282511211 }, "model": "item/diamond_hoe259" },
		{ "predicate": { "damaged": 0, "damage": 0.166559897501602 }, "model": "item/diamond_hoe260" },
		{ "predicate": { "damaged": 0, "damage": 0.167200512491992 }, "model": "item/diamond_hoe261" },
		{ "predicate": { "damaged": 0, "damage": 0.167841127482383 }, "model": "item/diamond_hoe262" },
		{ "predicate": { "damaged": 0, "damage": 0.168481742472774 }, "model": "item/diamond_hoe263" },
		{ "predicate": { "damaged": 0, "damage": 0.169122357463165 }, "model": "item/diamond_hoe264" },
		{ "predicate": { "damaged": 0, "damage": 0.169762972453555 }, "model": "item/diamond_hoe265" },
		{ "predicate": { "damaged": 0, "damage": 0.170403587443946 }, "model": "item/diamond_hoe266" },
		{ "predicate": { "damaged": 0, "damage": 0.171044202434337 }, "model": "item/diamond_hoe267" },
		{ "predicate": { "damaged": 0, "damage": 0.171684817424728 }, "model": "item/diamond_hoe268" },
		{ "predicate": { "damaged": 0, "damage": 0.172325432415119 }, "model": "item/diamond_hoe269" },
		{ "predicate": { "damaged": 0, "damage": 0.172966047405509 }, "model": "item/diamond_hoe270" },
		{ "predicate": { "damaged": 0, "damage": 0.1736066623959 }, "model": "item/diamond_hoe271" },
		{ "predicate": { "damaged": 0, "damage": 0.174247277386291 }, "model": "item/diamond_hoe272" },
		{ "predicate": { "damaged": 0, "damage": 0.174887892376682 }, "model": "item/diamond_hoe273" },
		{ "predicate": { "damaged": 0, "damage": 0.175528507367072 }, "model": "item/diamond_hoe274" },
		{ "predicate": { "damaged": 0, "damage": 0.176169122357463 }, "model": "item/diamond_hoe275" },
		{ "predicate": { "damaged": 0, "damage": 0.176809737347854 }, "model": "item/diamond_hoe276" },
		{ "predicate": { "damaged": 0, "damage": 0.177450352338245 }, "model": "item/diamond_hoe277" },
		{ "predicate": { "damaged": 0, "damage": 0.178090967328635 }, "model": "item/diamond_hoe278" },
		{ "predicate": { "damaged": 0, "damage": 0.178731582319026 }, "model": "item/diamond_hoe279" },
		{ "predicate": { "damaged": 0, "damage": 0.179372197309417 }, "model": "item/diamond_hoe280" },
		{ "predicate": { "damaged": 0, "damage": 0.180012812299808 }, "model": "item/diamond_hoe281" },
		{ "predicate": { "damaged": 0, "damage": 0.180653427290199 }, "model": "item/diamond_hoe282" },
		{ "predicate": { "damaged": 0, "damage": 0.181294042280589 }, "model": "item/diamond_hoe283" },
		{ "predicate": { "damaged": 0, "damage": 0.18193465727098 }, "model": "item/diamond_hoe284" },
		{ "predicate": { "damaged": 0, "damage": 0.182575272261371 }, "model": "item/diamond_hoe285" },
		{ "predicate": { "damaged": 0, "damage": 0.183215887251762 }, "model": "item/diamond_hoe286" },
		{ "predicate": { "damaged": 0, "damage": 0.183856502242152 }, "model": "item/diamond_hoe287" },
		{ "predicate": { "damaged": 0, "damage": 0.184497117232543 }, "model": "item/diamond_hoe288" },
		{ "predicate": { "damaged": 0, "damage": 0.185137732222934 }, "model": "item/diamond_hoe289" },
		{ "predicate": { "damaged": 0, "damage": 0.185778347213325 }, "model": "item/diamond_hoe290" },
		{ "predicate": { "damaged": 0, "damage": 0.186418962203716 }, "model": "item/diamond_hoe291" },
		{ "predicate": { "damaged": 0, "damage": 0.187059577194106 }, "model": "item/diamond_hoe292" },
		{ "predicate": { "damaged": 0, "damage": 0.187700192184497 }, "model": "item/diamond_hoe293" },
		{ "predicate": { "damaged": 0, "damage": 0.188340807174888 }, "model": "item/diamond_hoe294" },
		{ "predicate": { "damaged": 0, "damage": 0.188981422165279 }, "model": "item/diamond_hoe295" },
		{ "predicate": { "damaged": 0, "damage": 0.189622037155669 }, "model": "item/diamond_hoe296" },
		{ "predicate": { "damaged": 0, "damage": 0.19026265214606 }, "model": "item/diamond_hoe297" },
		{ "predicate": { "damaged": 0, "damage": 0.190903267136451 }, "model": "item/diamond_hoe298" },
		{ "predicate": { "damaged": 0, "damage": 0.191543882126842 }, "model": "item/diamond_hoe299" },
		{ "predicate": { "damaged": 0, "damage": 0.192184497117233 }, "model": "item/diamond_hoe300" },
		{ "predicate": { "damaged": 1 }, "model": "item/diamond_hoe" }
	]
}