{
	"credit": "Made with Blockbench",
	"textures": {
		"0": "alex/visor_blue",
		"1": "alex/visor_darkblue",
		"particle": "alex/visor_blue"
	},
	"elements": [
		{
			"from": [5.5, 7.5, 3.5],
			"to": [10.5, 11.5, 4.5],
			"faces": {
				"north": {"uv": [0, 0, 5, 4], "texture": "#0"},
				"east": {"uv": [0, 0, 1, 4], "texture": "#0"},
				"south": {"uv": [0, 0, 5, 4], "texture": "#0"},
				"west": {"uv": [0, 0, 1, 4], "texture": "#0"},
				"up": {"uv": [0, 0, 5, 1], "texture": "#0"},
				"down": {"uv": [0, 0, 5, 1], "texture": "#0"}
			}
		},
		{
			"from": [3.25, 7.5, 4.5],
			"to": [12.75, 11.5, 5.5],
			"faces": {
				"north": {"uv": [0, 0, 9.5, 4], "texture": "#0"},
				"east": {"uv": [0, 0, 1, 4], "texture": "#0"},
				"south": {"uv": [0, 0, 9.5, 4], "texture": "#0"},
				"west": {"uv": [0, 0, 1, 4], "texture": "#0"},
				"up": {"uv": [0, 0, 9.5, 1], "texture": "#0"},
				"down": {"uv": [0, 0, 9.5, 1], "texture": "#0"}
			}
		},
		{
			"from": [7.99981, 7.5, 2.6437],
			"to": [13.24981, 11.5, 3.6437],
			"rotation": {"angle": -22.5, "axis": "y", "origin": [7.09745, 8, 9.35651]},
			"faces": {
				"north": {"uv": [0, 0, 5.25, 4], "texture": "#0"},
				"east": {"uv": [0, 0, 1, 4], "texture": "#0"},
				"south": {"uv": [0, 0, 5.25, 4], "texture": "#0"},
				"west": {"uv": [0, 0, 1, 4], "texture": "#0"},
				"up": {"uv": [0, 0, 1, 5.25], "rotation": 270, "texture": "#0"},
				"down": {"uv": [0, 0, 1, 5.25], "rotation": 90, "texture": "#0"}
			}
		},
		{
			"from": [3.5785, 7.5, 6.80789],
			"to": [8.8285, 11.5, 7.80789],
			"rotation": {"angle": 22.5, "axis": "y", "origin": [-1.15069, 8, 13.5207]},
			"faces": {
				"north": {"uv": [0, 0, 5.25, 4], "texture": "#0"},
				"east": {"uv": [0, 0, 1, 4], "texture": "#0"},
				"south": {"uv": [0, 0, 5.25, 4], "texture": "#0"},
				"west": {"uv": [0, 0, 1, 4], "texture": "#0"},
				"up": {"uv": [0, 0, 1, 5.25], "rotation": 270, "texture": "#0"},
				"down": {"uv": [0, 0, 1, 5.25], "rotation": 90, "texture": "#0"}
			}
		},
		{
			"from": [0.5, 4.5, 5.5],
			"to": [15.5, 11.5, 6.5],
			"faces": {
				"north": {"uv": [0, 0, 15, 7], "texture": "#0"},
				"east": {"uv": [0, 0, 1, 7], "texture": "#0"},
				"south": {"uv": [0, 0, 15, 7], "texture": "#0"},
				"west": {"uv": [0, 0, 1, 7], "texture": "#0"},
				"up": {"uv": [0, 0, 15, 1], "texture": "#0"},
				"down": {"uv": [0, 0, 15, 1], "texture": "#0"}
			}
		},
		{
			"from": [15.03807, 5, 2.82226],
			"to": [17.03807, 11, 3.82226],
			"rotation": {"angle": -22.5, "axis": "y", "origin": [8.53807, 8, 5.32226]},
			"faces": {
				"north": {"uv": [0, 0, 2, 6], "texture": "#0"},
				"east": {"uv": [0, 0, 1, 6], "texture": "#0"},
				"south": {"uv": [0, 0, 2, 6], "texture": "#0"},
				"west": {"uv": [0, 0, 1, 6], "texture": "#0"},
				"up": {"uv": [0, 0, 2, 1], "texture": "#0"},
				"down": {"uv": [0, 0, 2, 1], "texture": "#0"}
			}
		},
		{
			"from": [1.40437, 5, 10.50905],
			"to": [3.40437, 11, 11.50905],
			"rotation": {"angle": 22.5, "axis": "y", "origin": [-10.63891, 8, 15.30515]},
			"faces": {
				"north": {"uv": [0, 0, 2, 6], "texture": "#0"},
				"east": {"uv": [0, 0, 1, 6], "texture": "#0"},
				"south": {"uv": [0, 0, 2, 6], "texture": "#0"},
				"west": {"uv": [0, 0, 1, 6], "texture": "#0"},
				"up": {"uv": [0, 0, 2, 1], "texture": "#0"},
				"down": {"uv": [0, 0, 2, 1], "texture": "#0"}
			}
		},
		{
			"from": [4.15678, 5.5, 14.79072],
			"to": [6.15678, 10.5, 15.79072],
			"rotation": {"angle": 45, "axis": "y", "origin": [-7.8865, 8, 19.58682]},
			"faces": {
				"north": {"uv": [0, 0, 2, 5], "texture": "#0"},
				"east": {"uv": [0, 0, 1, 5], "texture": "#0"},
				"south": {"uv": [0, 0, 2, 5], "texture": "#0"},
				"west": {"uv": [0, 0, 1, 5], "texture": "#0"},
				"up": {"uv": [0, 0, 2, 1], "texture": "#0"},
				"down": {"uv": [0, 0, 2, 1], "texture": "#0"}
			}
		},
		{
			"from": [-8.50118, 6, 8.44599],
			"to": [-7.50118, 10, 10.44599],
			"rotation": {"angle": -22.5, "axis": "y", "origin": [-3.70508, 8, 22.48927]},
			"faces": {
				"north": {"uv": [0, 0, 1, 4], "texture": "#0"},
				"east": {"uv": [0, 0, 2, 4], "texture": "#0"},
				"south": {"uv": [0, 0, 1, 4], "texture": "#0"},
				"west": {"uv": [0, 0, 2, 4], "texture": "#0"},
				"up": {"uv": [0, 0, 2, 1], "rotation": 270, "texture": "#0"},
				"down": {"uv": [0, 0, 2, 1], "rotation": 90, "texture": "#0"}
			}
		},
		{
			"from": [-3.52734, 6.5, 9.52734],
			"to": [-2.52734, 9.5, 24.52734],
			"rotation": {"angle": 0, "axis": "y", "origin": [1.26876, 8, 23.57062]},
			"faces": {
				"north": {"uv": [0, 0, 1, 3], "texture": "#0"},
				"east": {"uv": [0, 0, 15, 3], "texture": "#0"},
				"south": {"uv": [0, 0, 1, 3], "texture": "#0"},
				"west": {"uv": [0, 0, 15, 3], "texture": "#0"},
				"up": {"uv": [0, 0, 15, 1], "rotation": 270, "texture": "#0"},
				"down": {"uv": [0, 0, 15, 1], "rotation": 90, "texture": "#0"}
			}
		},
		{
			"from": [-4.64123, 6.5, 22.8409],
			"to": [-3.64123, 9.5, 24.8409],
			"rotation": {"angle": 22.5, "axis": "y", "origin": [0.15487, 8, 20.88418]},
			"faces": {
				"north": {"uv": [0, 0, 1, 3], "texture": "#0"},
				"east": {"uv": [0, 0, 2, 3], "texture": "#0"},
				"south": {"uv": [0, 0, 1, 3], "texture": "#0"},
				"west": {"uv": [0, 0, 2, 3], "texture": "#0"},
				"up": {"uv": [0, 0, 2, 1], "rotation": 270, "texture": "#0"},
				"down": {"uv": [0, 0, 2, 1], "rotation": 90, "texture": "#0"}
			}
		},
		{
			"from": [-5.55033, 6.5, 23.55685],
			"to": [-4.55033, 9.5, 25.55685],
			"rotation": {"angle": 45, "axis": "y", "origin": [-0.75423, 8, 21.60013]},
			"faces": {
				"north": {"uv": [0, 0, 1, 3], "texture": "#0"},
				"east": {"uv": [0, 0, 2, 3], "texture": "#0"},
				"south": {"uv": [0, 0, 1, 3], "texture": "#0"},
				"west": {"uv": [0, 0, 2, 3], "texture": "#0"},
				"up": {"uv": [0, 0, 2, 1], "rotation": 270, "texture": "#0"},
				"down": {"uv": [0, 0, 2, 1], "rotation": 90, "texture": "#0"}
			}
		},
		{
			"from": [0.63658, 6.75, 26.40559],
			"to": [2.63658, 9.25, 27.40559],
			"rotation": {"angle": -22.5, "axis": "y", "origin": [-1.32015, 8, 22.60949]},
			"faces": {
				"north": {"uv": [0, 0, 2, 2.5], "texture": "#0"},
				"east": {"uv": [0, 0, 1, 2.5], "texture": "#0"},
				"south": {"uv": [0, 0, 2, 2.5], "texture": "#0"},
				"west": {"uv": [0, 0, 1, 2.5], "texture": "#0"},
				"up": {"uv": [0, 0, 2, 1], "rotation": 180, "texture": "#0"},
				"down": {"uv": [0, 0, 2, 1], "rotation": 180, "texture": "#0"}
			}
		},
		{
			"from": [0.5, 7, 27.55468],
			"to": [15.5, 9, 28.55468],
			"rotation": {"angle": 0, "axis": "y", "origin": [-1.45672, 8, 23.75858]},
			"faces": {
				"north": {"uv": [0, 0, 15, 2], "texture": "#0"},
				"east": {"uv": [0, 0, 1, 2], "texture": "#0"},
				"south": {"uv": [0, 0, 15, 2], "texture": "#0"},
				"west": {"uv": [0, 0, 1, 2], "texture": "#0"},
				"up": {"uv": [0, 0, 15, 1], "rotation": 180, "texture": "#0"},
				"down": {"uv": [0, 0, 15, 1], "rotation": 180, "texture": "#0"}
			}
		},
		{
			"from": [15.41015, 6.5, 22.01016],
			"to": [16.41015, 9.5, 24.01016],
			"rotation": {"angle": -22.5, "axis": "y", "origin": [11.61405, 8, 30.96688]},
			"faces": {
				"north": {"uv": [0, 0, 1, 3], "texture": "#0"},
				"east": {"uv": [0, 0, 2, 3], "texture": "#0"},
				"south": {"uv": [0, 0, 1, 3], "texture": "#0"},
				"west": {"uv": [0, 0, 2, 3], "texture": "#0"},
				"up": {"uv": [0, 0, 2, 1], "rotation": 90, "texture": "#0"},
				"down": {"uv": [0, 0, 2, 1], "rotation": 270, "texture": "#0"}
			}
		},
		{
			"from": [12.77868, 6.5, 20.36038],
			"to": [13.77868, 9.5, 22.36038],
			"rotation": {"angle": -45, "axis": "y", "origin": [8.98258, 8, 29.3171]},
			"faces": {
				"north": {"uv": [0, 0, 1, 3], "texture": "#0"},
				"east": {"uv": [0, 0, 2, 3], "texture": "#0"},
				"south": {"uv": [0, 0, 1, 3], "texture": "#0"},
				"west": {"uv": [0, 0, 2, 3], "texture": "#0"},
				"up": {"uv": [0, 0, 2, 1], "rotation": 90, "texture": "#0"},
				"down": {"uv": [0, 0, 2, 1], "rotation": 270, "texture": "#0"}
			}
		},
		{
			"from": [14.13948, 6.75, 30.58198],
			"to": [16.13948, 9.25, 31.58198],
			"rotation": {"angle": 22.5, "axis": "y", "origin": [7.18276, 8, 26.78588]},
			"faces": {
				"north": {"uv": [0, 0, 2, 2.5], "texture": "#0"},
				"east": {"uv": [0, 0, 1, 2.5], "texture": "#0"},
				"south": {"uv": [0, 0, 2, 2.5], "texture": "#0"},
				"west": {"uv": [0, 0, 1, 2.5], "texture": "#0"},
				"up": {"uv": [0, 0, 2, 1], "rotation": 180, "texture": "#0"},
				"down": {"uv": [0, 0, 2, 1], "rotation": 180, "texture": "#0"}
			}
		},
		{
			"from": [18.47266, 6.5, 9.52734],
			"to": [19.47266, 9.5, 24.52734],
			"rotation": {"angle": 0, "axis": "y", "origin": [1.26876, 8, 23.57062]},
			"faces": {
				"north": {"uv": [0, 0, 1, 3], "texture": "#0"},
				"east": {"uv": [0, 0, 15, 3], "texture": "#0"},
				"south": {"uv": [0, 0, 1, 3], "texture": "#0"},
				"west": {"uv": [0, 0, 15, 3], "texture": "#0"},
				"up": {"uv": [0, 0, 15, 1], "rotation": 270, "texture": "#0"},
				"down": {"uv": [0, 0, 15, 1], "rotation": 90, "texture": "#0"}
			}
		},
		{
			"from": [17.4838, 5.5, 0.93694],
			"to": [19.4838, 10.5, 1.93694],
			"rotation": {"angle": -45, "axis": "y", "origin": [10.9838, 8, 3.43694]},
			"faces": {
				"north": {"uv": [0, 0, 2, 5], "texture": "#0"},
				"east": {"uv": [0, 0, 1, 5], "texture": "#0"},
				"south": {"uv": [0, 0, 2, 5], "texture": "#0"},
				"west": {"uv": [0, 0, 1, 5], "texture": "#0"},
				"up": {"uv": [0, 0, 2, 1], "texture": "#0"},
				"down": {"uv": [0, 0, 2, 1], "texture": "#0"}
			}
		},
		{
			"from": [15.46483, 6, 9.13107],
			"to": [16.46483, 10, 11.13107],
			"rotation": {"angle": 22.5, "axis": "y", "origin": [13.96483, 8, 2.63107]},
			"faces": {
				"north": {"uv": [0, 0, 1, 4], "texture": "#0"},
				"east": {"uv": [0, 0, 2, 4], "texture": "#0"},
				"south": {"uv": [0, 0, 1, 4], "texture": "#0"},
				"west": {"uv": [0, 0, 2, 4], "texture": "#0"},
				"up": {"uv": [0, 0, 2, 1], "rotation": 90, "texture": "#0"},
				"down": {"uv": [0, 0, 2, 1], "rotation": 270, "texture": "#0"}
			}
		},
		{
			"from": [5.5, 7.5, -2.5],
			"to": [10.5, 8.5, 3.5],
			"faces": {
				"north": {"uv": [0, 0, 5, 1], "texture": "#0"},
				"east": {"uv": [0, 0, 6, 1], "texture": "#0"},
				"south": {"uv": [0, 0, 5, 1], "texture": "#0"},
				"west": {"uv": [0, 0, 6, 1], "texture": "#0"},
				"up": {"uv": [0, 0, 5, 6], "texture": "#0"},
				"down": {"uv": [0, 0, 5, 6], "texture": "#0"}
			}
		},
		{
			"from": [9.45, 10.75, 3.425],
			"to": [9.9, 11, 3.675],
			"faces": {
				"north": {"uv": [0, 0, 0.45, 0.25], "texture": "#1"},
				"east": {"uv": [0, 0, 0.25, 0.25], "texture": "#1"},
				"south": {"uv": [0, 0, 0.45, 0.25], "texture": "#1"},
				"west": {"uv": [0, 0, 0.25, 0.25], "texture": "#1"},
				"up": {"uv": [0, 0, 0.45, 0.25], "texture": "#1"},
				"down": {"uv": [0, 0, 0.45, 0.25], "texture": "#1"}
			}
		},
		{
			"from": [8.61156, 11.2542, 3.425],
			"to": [8.86156, 11.5042, 3.675],
			"rotation": {"angle": -22.5, "axis": "z", "origin": [8, 8, 8]},
			"faces": {
				"north": {"uv": [0, 0, 0.25, 0.25], "texture": "#1"},
				"east": {"uv": [0, 0, 0.25, 0.25], "texture": "#1"},
				"south": {"uv": [0, 0, 0.25, 0.25], "texture": "#1"},
				"west": {"uv": [0, 0, 0.25, 0.25], "texture": "#1"},
				"up": {"uv": [0, 0, 0.25, 0.25], "texture": "#1"},
				"down": {"uv": [0, 0, 0.25, 0.25], "texture": "#1"}
			}
		},
		{
			"from": [7.4428, 11.31725, 3.425],
			"to": [7.6928, 11.56725, 3.675],
			"rotation": {"angle": -45, "axis": "z", "origin": [8, 8, 8]},
			"faces": {
				"north": {"uv": [0, 0, 0.25, 0.25], "texture": "#1"},
				"east": {"uv": [0, 0, 0.25, 0.25], "texture": "#1"},
				"south": {"uv": [0, 0, 0.25, 0.25], "texture": "#1"},
				"west": {"uv": [0, 0, 0.25, 0.25], "texture": "#1"},
				"up": {"uv": [0, 0, 0.25, 0.25], "texture": "#1"},
				"down": {"uv": [0, 0, 0.25, 0.25], "texture": "#1"}
			}
		},
		{
			"from": [10.92614, 9.39439, 3.425],
			"to": [11.17614, 9.64439, 3.675],
			"rotation": {"angle": 22.5, "axis": "z", "origin": [8, 8, 8]},
			"faces": {
				"north": {"uv": [0, 0, 0.25, 0.25], "rotation": 270, "texture": "#1"},
				"east": {"uv": [0, 0, 0.25, 0.25], "rotation": 90, "texture": "#1"},
				"south": {"uv": [0, 0, 0.25, 0.25], "rotation": 90, "texture": "#1"},
				"west": {"uv": [0, 0, 0.25, 0.25], "rotation": 90, "texture": "#1"},
				"up": {"uv": [0, 0, 0.25, 0.25], "rotation": 90, "texture": "#1"},
				"down": {"uv": [0, 0, 0.25, 0.25], "rotation": 90, "texture": "#1"}
			}
		},
		{
			"from": [10.1583, 10.24209, 3.425],
			"to": [10.4083, 10.49209, 3.675],
			"faces": {
				"north": {"uv": [0, 0, 0.25, 0.25], "rotation": 270, "texture": "#1"},
				"east": {"uv": [0, 0, 0.25, 0.25], "rotation": 90, "texture": "#1"},
				"south": {"uv": [0, 0, 0.25, 0.25], "rotation": 90, "texture": "#1"},
				"west": {"uv": [0, 0, 0.25, 0.25], "rotation": 90, "texture": "#1"},
				"up": {"uv": [0, 0, 0.25, 0.25], "rotation": 90, "texture": "#1"},
				"down": {"uv": [0, 0, 0.25, 0.25], "rotation": 90, "texture": "#1"}
			}
		},
		{
			"from": [9.11298, 10.7343, 3.425],
			"to": [9.36298, 10.9843, 3.675],
			"rotation": {"angle": -22.5, "axis": "z", "origin": [8, 8, 8]},
			"faces": {
				"north": {"uv": [0, 0, 0.25, 0.25], "rotation": 270, "texture": "#1"},
				"east": {"uv": [0, 0, 0.25, 0.25], "rotation": 90, "texture": "#1"},
				"south": {"uv": [0, 0, 0.25, 0.25], "rotation": 90, "texture": "#1"},
				"west": {"uv": [0, 0, 0.25, 0.25], "rotation": 90, "texture": "#1"},
				"up": {"uv": [0, 0, 0.25, 0.25], "rotation": 90, "texture": "#1"},
				"down": {"uv": [0, 0, 0.25, 0.25], "rotation": 90, "texture": "#1"}
			}
		},
		{
			"from": [7.95887, 10.78901, 3.425],
			"to": [8.20887, 11.03901, 3.675],
			"rotation": {"angle": -45, "axis": "z", "origin": [8, 8, 8]},
			"faces": {
				"north": {"uv": [0, 0, 0.25, 0.25], "rotation": 270, "texture": "#1"},
				"east": {"uv": [0, 0, 0.25, 0.25], "rotation": 90, "texture": "#1"},
				"south": {"uv": [0, 0, 0.25, 0.25], "rotation": 90, "texture": "#1"},
				"west": {"uv": [0, 0, 0.25, 0.25], "rotation": 90, "texture": "#1"},
				"up": {"uv": [0, 0, 0.25, 0.25], "rotation": 90, "texture": "#1"},
				"down": {"uv": [0, 0, 0.25, 0.25], "rotation": 90, "texture": "#1"}
			}
		},
		{
			"from": [6.98932, 10.18567, 3.425],
			"to": [7.23932, 10.43567, 3.675],
			"rotation": {"angle": -45, "axis": "z", "origin": [6.83599, 7.2022, 8]},
			"faces": {
				"north": {"uv": [0, 0, 0.25, 0.25], "rotation": 270, "texture": "#1"},
				"east": {"uv": [0, 0, 0.25, 0.25], "rotation": 90, "texture": "#1"},
				"south": {"uv": [0, 0, 0.25, 0.25], "rotation": 90, "texture": "#1"},
				"west": {"uv": [0, 0, 0.25, 0.25], "rotation": 90, "texture": "#1"},
				"up": {"uv": [0, 0, 0.25, 0.25], "rotation": 90, "texture": "#1"},
				"down": {"uv": [0, 0, 0.25, 0.25], "rotation": 90, "texture": "#1"}
			}
		},
		{
			"from": [4.20852, 10.65269, 3.425],
			"to": [4.45852, 10.90269, 3.675],
			"rotation": {"angle": -45, "axis": "z", "origin": [5.84042, 7.04327, 8]},
			"faces": {
				"north": {"uv": [0, 0, 0.25, 0.25], "rotation": 90, "texture": "#1"},
				"east": {"uv": [0, 0, 0.25, 0.25], "rotation": 270, "texture": "#1"},
				"south": {"uv": [0, 0, 0.25, 0.25], "rotation": 270, "texture": "#1"},
				"west": {"uv": [0, 0, 0.25, 0.25], "rotation": 270, "texture": "#1"},
				"up": {"uv": [0, 0, 0.25, 0.25], "rotation": 270, "texture": "#1"},
				"down": {"uv": [0, 0, 0.25, 0.25], "rotation": 270, "texture": "#1"}
			}
		},
		{
			"from": [8.88453, 7.82183, 3.425],
			"to": [9.13453, 8.07183, 3.675],
			"rotation": {"angle": 22.5, "axis": "z", "origin": [5.62143, 7.24479, 8]},
			"faces": {
				"north": {"uv": [0, 0, 0.25, 0.25], "rotation": 180, "texture": "#1"},
				"east": {"uv": [0, 0, 0.25, 0.25], "rotation": 180, "texture": "#1"},
				"south": {"uv": [0, 0, 0.25, 0.25], "rotation": 180, "texture": "#1"},
				"west": {"uv": [0, 0, 0.25, 0.25], "rotation": 180, "texture": "#1"},
				"up": {"uv": [0, 0, 0.25, 0.25], "rotation": 180, "texture": "#1"},
				"down": {"uv": [0, 0, 0.25, 0.25], "rotation": 180, "texture": "#1"}
			}
		},
		{
			"from": [9.80165, 10.29963, 3.425],
			"to": [10.05165, 10.54963, 3.675],
			"rotation": {"angle": 45, "axis": "z", "origin": [7.92544, 6.70227, 8]},
			"faces": {
				"north": {"uv": [0, 0, 0.25, 0.25], "texture": "#1"},
				"east": {"uv": [0, 0, 0.25, 0.25], "texture": "#1"},
				"south": {"uv": [0, 0, 0.25, 0.25], "texture": "#1"},
				"west": {"uv": [0, 0, 0.25, 0.25], "texture": "#1"},
				"up": {"uv": [0, 0, 0.25, 0.25], "texture": "#1"},
				"down": {"uv": [0, 0, 0.25, 0.25], "texture": "#1"}
			}
		},
		{
			"from": [6.58157, 11.22956, 3.425],
			"to": [6.83157, 11.47956, 3.675],
			"rotation": {"angle": -45, "axis": "z", "origin": [6.42825, 8.2461, 8]},
			"faces": {
				"north": {"uv": [0, 0, 0.25, 0.25], "rotation": 270, "texture": "#1"},
				"east": {"uv": [0, 0, 0.25, 0.25], "rotation": 90, "texture": "#1"},
				"south": {"uv": [0, 0, 0.25, 0.25], "rotation": 90, "texture": "#1"},
				"west": {"uv": [0, 0, 0.25, 0.25], "rotation": 90, "texture": "#1"},
				"up": {"uv": [0, 0, 0.25, 0.25], "rotation": 90, "texture": "#1"},
				"down": {"uv": [0, 0, 0.25, 0.25], "rotation": 90, "texture": "#1"}
			}
		},
		{
			"from": [4.45818, 8.97105, 3.425],
			"to": [4.70818, 9.22105, 3.675],
			"rotation": {"angle": -45, "axis": "z", "origin": [6.4604, 6.3681, 8]},
			"faces": {
				"north": {"uv": [0, 0, 0.25, 0.25], "rotation": 90, "texture": "#1"},
				"east": {"uv": [0, 0, 0.25, 0.25], "rotation": 270, "texture": "#1"},
				"south": {"uv": [0, 0, 0.25, 0.25], "rotation": 270, "texture": "#1"},
				"west": {"uv": [0, 0, 0.25, 0.25], "rotation": 270, "texture": "#1"},
				"up": {"uv": [0, 0, 0.25, 0.25], "rotation": 270, "texture": "#1"},
				"down": {"uv": [0, 0, 0.25, 0.25], "rotation": 270, "texture": "#1"}
			}
		},
		{
			"from": [6.33157, 11.22956, 3.425],
			"to": [6.58157, 11.47956, 3.675],
			"rotation": {"angle": -45, "axis": "z", "origin": [6.17825, 8.2461, 8]},
			"faces": {
				"north": {"uv": [0, 0, 0.25, 0.25], "rotation": 270, "texture": "#1"},
				"east": {"uv": [0, 0, 0.25, 0.25], "rotation": 90, "texture": "#1"},
				"south": {"uv": [0, 0, 0.25, 0.25], "rotation": 90, "texture": "#1"},
				"west": {"uv": [0, 0, 0.25, 0.25], "rotation": 90, "texture": "#1"},
				"up": {"uv": [0, 0, 0.25, 0.25], "rotation": 90, "texture": "#1"},
				"down": {"uv": [0, 0, 0.25, 0.25], "rotation": 90, "texture": "#1"}
			}
		},
		{
			"from": [3.94562, 10.45848, 3.425],
			"to": [4.19562, 10.70848, 3.675],
			"rotation": {"angle": -45, "axis": "z", "origin": [4.53363, 6.19132, 8]},
			"faces": {
				"north": {"uv": [0, 0, 0.25, 0.25], "rotation": 90, "texture": "#1"},
				"east": {"uv": [0, 0, 0.25, 0.25], "rotation": 270, "texture": "#1"},
				"south": {"uv": [0, 0, 0.25, 0.25], "rotation": 270, "texture": "#1"},
				"west": {"uv": [0, 0, 0.25, 0.25], "rotation": 270, "texture": "#1"},
				"up": {"uv": [0, 0, 0.25, 0.25], "rotation": 270, "texture": "#1"},
				"down": {"uv": [0, 0, 0.25, 0.25], "rotation": 270, "texture": "#1"}
			}
		},
		{
			"from": [8.98081, 9.02664, 3.425],
			"to": [9.23081, 9.27664, 3.675],
			"rotation": {"angle": 0, "axis": "z", "origin": [7.58269, 7.43493, 8]},
			"faces": {
				"north": {"uv": [0, 0, 0.25, 0.25], "texture": "#1"},
				"east": {"uv": [0, 0, 0.25, 0.25], "texture": "#1"},
				"south": {"uv": [0, 0, 0.25, 0.25], "texture": "#1"},
				"west": {"uv": [0, 0, 0.25, 0.25], "texture": "#1"},
				"up": {"uv": [0, 0, 0.25, 0.25], "texture": "#1"},
				"down": {"uv": [0, 0, 0.25, 0.25], "texture": "#1"}
			}
		},
		{
			"from": [6.7084, 10.67622, 3.425],
			"to": [6.9584, 10.92622, 3.675],
			"rotation": {"angle": 0, "axis": "z", "origin": [7.1397, 6.97838, 8]},
			"faces": {
				"north": {"uv": [0, 0, 0.25, 0.25], "rotation": 180, "texture": "#1"},
				"east": {"uv": [0, 0, 0.25, 0.25], "rotation": 180, "texture": "#1"},
				"south": {"uv": [0, 0, 0.25, 0.25], "rotation": 180, "texture": "#1"},
				"west": {"uv": [0, 0, 0.25, 0.25], "rotation": 180, "texture": "#1"},
				"up": {"uv": [0, 0, 0.25, 0.25], "rotation": 180, "texture": "#1"},
				"down": {"uv": [0, 0, 0.25, 0.25], "rotation": 180, "texture": "#1"}
			}
		},
		{
			"from": [8.16532, 9.02664, 3.425],
			"to": [8.41532, 9.27664, 3.675],
			"rotation": {"angle": 0, "axis": "z", "origin": [7.6672, 7.43493, 8]},
			"faces": {
				"north": {"uv": [0, 0, 0.25, 0.25], "texture": "#1"},
				"east": {"uv": [0, 0, 0.25, 0.25], "texture": "#1"},
				"south": {"uv": [0, 0, 0.25, 0.25], "texture": "#1"},
				"west": {"uv": [0, 0, 0.25, 0.25], "texture": "#1"},
				"up": {"uv": [0, 0, 0.25, 0.25], "texture": "#1"},
				"down": {"uv": [0, 0, 0.25, 0.25], "texture": "#1"}
			}
		},
		{
			"from": [7.41551, 10.67622, 3.425],
			"to": [7.66551, 10.92622, 3.675],
			"rotation": {"angle": 0, "axis": "z", "origin": [7.03131, 6.97838, 8]},
			"faces": {
				"north": {"uv": [0, 0, 0.25, 0.25], "rotation": 180, "texture": "#1"},
				"east": {"uv": [0, 0, 0.25, 0.25], "rotation": 180, "texture": "#1"},
				"south": {"uv": [0, 0, 0.25, 0.25], "rotation": 180, "texture": "#1"},
				"west": {"uv": [0, 0, 0.25, 0.25], "rotation": 180, "texture": "#1"},
				"up": {"uv": [0, 0, 0.25, 0.25], "rotation": 180, "texture": "#1"},
				"down": {"uv": [0, 0, 0.25, 0.25], "rotation": 180, "texture": "#1"}
			}
		},
		{
			"from": [8.57307, 10.17409, 3.425],
			"to": [8.82307, 10.42409, 3.675],
			"rotation": {"angle": 0, "axis": "z", "origin": [7.17494, 8.58238, 8]},
			"faces": {
				"north": {"uv": [0, 0, 0.25, 0.25], "texture": "#1"},
				"east": {"uv": [0, 0, 0.25, 0.25], "texture": "#1"},
				"south": {"uv": [0, 0, 0.25, 0.25], "texture": "#1"},
				"west": {"uv": [0, 0, 0.25, 0.25], "texture": "#1"},
				"up": {"uv": [0, 0, 0.25, 0.25], "texture": "#1"},
				"down": {"uv": [0, 0, 0.25, 0.25], "texture": "#1"}
			}
		},
		{
			"from": [7.06196, 9.44767, 3.425],
			"to": [7.31196, 9.69767, 3.675],
			"rotation": {"angle": 0, "axis": "z", "origin": [7.08551, 6.89728, 8]},
			"faces": {
				"north": {"uv": [0, 0, 0.25, 0.25], "rotation": 180, "texture": "#1"},
				"east": {"uv": [0, 0, 0.25, 0.25], "rotation": 180, "texture": "#1"},
				"south": {"uv": [0, 0, 0.25, 0.25], "rotation": 180, "texture": "#1"},
				"west": {"uv": [0, 0, 0.25, 0.25], "rotation": 180, "texture": "#1"},
				"up": {"uv": [0, 0, 0.25, 0.25], "rotation": 180, "texture": "#1"},
				"down": {"uv": [0, 0, 0.25, 0.25], "rotation": 180, "texture": "#1"}
			}
		},
		{
			"from": [7.83021, 9.64911, 3.425],
			"to": [8.08021, 9.89911, 3.675],
			"rotation": {"angle": -22.5, "axis": "z", "origin": [6.96584, 7.07406, 8]},
			"faces": {
				"north": {"uv": [0, 0, 0.25, 0.25], "texture": "#1"},
				"east": {"uv": [0, 0, 0.25, 0.25], "texture": "#1"},
				"south": {"uv": [0, 0, 0.25, 0.25], "texture": "#1"},
				"west": {"uv": [0, 0, 0.25, 0.25], "texture": "#1"},
				"up": {"uv": [0, 0, 0.25, 0.25], "texture": "#1"},
				"down": {"uv": [0, 0, 0.25, 0.25], "texture": "#1"}
			}
		},
		{
			"from": [3.90728, 10.38472, 3.425],
			"to": [4.15728, 10.63472, 3.675],
			"rotation": {"angle": -45, "axis": "z", "origin": [5.78472, 7.09744, 8]},
			"faces": {
				"north": {"uv": [0, 0, 0.25, 0.25], "rotation": 180, "texture": "#1"},
				"east": {"uv": [0, 0, 0.25, 0.25], "rotation": 180, "texture": "#1"},
				"south": {"uv": [0, 0, 0.25, 0.25], "rotation": 180, "texture": "#1"},
				"west": {"uv": [0, 0, 0.25, 0.25], "rotation": 180, "texture": "#1"},
				"up": {"uv": [0, 0, 0.25, 0.25], "rotation": 180, "texture": "#1"},
				"down": {"uv": [0, 0, 0.25, 0.25], "rotation": 180, "texture": "#1"}
			}
		},
		{
			"from": [7.08323, 9.30469, 3.425],
			"to": [7.33323, 9.55469, 3.675],
			"rotation": {"angle": -22.5, "axis": "z", "origin": [7.05034, 7.07406, 8]},
			"faces": {
				"north": {"uv": [0, 0, 0.25, 0.25], "texture": "#1"},
				"east": {"uv": [0, 0, 0.25, 0.25], "texture": "#1"},
				"south": {"uv": [0, 0, 0.25, 0.25], "texture": "#1"},
				"west": {"uv": [0, 0, 0.25, 0.25], "texture": "#1"},
				"up": {"uv": [0, 0, 0.25, 0.25], "texture": "#1"},
				"down": {"uv": [0, 0, 0.25, 0.25], "texture": "#1"}
			}
		},
		{
			"from": [4.58964, 11.01379, 3.425],
			"to": [4.83964, 11.26379, 3.675],
			"rotation": {"angle": -45, "axis": "z", "origin": [5.72009, 7.3821, 8]},
			"faces": {
				"north": {"uv": [0, 0, 0.25, 0.25], "rotation": 180, "texture": "#1"},
				"east": {"uv": [0, 0, 0.25, 0.25], "rotation": 180, "texture": "#1"},
				"south": {"uv": [0, 0, 0.25, 0.25], "rotation": 180, "texture": "#1"},
				"west": {"uv": [0, 0, 0.25, 0.25], "rotation": 180, "texture": "#1"},
				"up": {"uv": [0, 0, 0.25, 0.25], "rotation": 180, "texture": "#1"},
				"down": {"uv": [0, 0, 0.25, 0.25], "rotation": 180, "texture": "#1"}
			}
		},
		{
			"from": [7.39565, 10.01524, 3.425],
			"to": [7.64565, 10.26524, 3.675],
			"rotation": {"angle": 22.5, "axis": "z", "origin": [6.22356, 7.25638, 8]},
			"faces": {
				"north": {"uv": [0, 0, 0.25, 0.25], "rotation": 90, "texture": "#1"},
				"east": {"uv": [0, 0, 0.25, 0.25], "rotation": 270, "texture": "#1"},
				"south": {"uv": [0, 0, 0.25, 0.25], "rotation": 270, "texture": "#1"},
				"west": {"uv": [0, 0, 0.25, 0.25], "rotation": 270, "texture": "#1"},
				"up": {"uv": [0, 0, 0.25, 0.25], "rotation": 270, "texture": "#1"},
				"down": {"uv": [0, 0, 0.25, 0.25], "rotation": 270, "texture": "#1"}
			}
		},
		{
			"from": [5.4301, 8.6502, 3.425],
			"to": [5.6801, 8.9002, 3.675],
			"rotation": {"angle": -22.5, "axis": "z", "origin": [7.3358, 7.13506, 8]},
			"faces": {
				"north": {"uv": [0, 0, 0.25, 0.25], "rotation": 90, "texture": "#1"},
				"east": {"uv": [0, 0, 0.25, 0.25], "rotation": 270, "texture": "#1"},
				"south": {"uv": [0, 0, 0.25, 0.25], "rotation": 270, "texture": "#1"},
				"west": {"uv": [0, 0, 0.25, 0.25], "rotation": 270, "texture": "#1"},
				"up": {"uv": [0, 0, 0.25, 0.25], "rotation": 270, "texture": "#1"},
				"down": {"uv": [0, 0, 0.25, 0.25], "rotation": 270, "texture": "#1"}
			}
		},
		{
			"from": [8.51659, 10.25846, 3.425],
			"to": [8.76659, 10.50846, 3.675],
			"rotation": {"angle": 45, "axis": "z", "origin": [7.18764, 7.54575, 8]},
			"faces": {
				"north": {"uv": [0, 0, 0.25, 0.25], "rotation": 90, "texture": "#1"},
				"east": {"uv": [0, 0, 0.25, 0.25], "rotation": 270, "texture": "#1"},
				"south": {"uv": [0, 0, 0.25, 0.25], "rotation": 270, "texture": "#1"},
				"west": {"uv": [0, 0, 0.25, 0.25], "rotation": 270, "texture": "#1"},
				"up": {"uv": [0, 0, 0.25, 0.25], "rotation": 270, "texture": "#1"},
				"down": {"uv": [0, 0, 0.25, 0.25], "rotation": 270, "texture": "#1"}
			}
		},
		{
			"from": [5.22014, 6.62252, 3.425],
			"to": [5.47014, 6.87252, 3.675],
			"rotation": {"angle": -45, "axis": "z", "origin": [8.69951, 6.91501, 8]},
			"faces": {
				"north": {"uv": [0, 0, 0.25, 0.25], "rotation": 90, "texture": "#1"},
				"east": {"uv": [0, 0, 0.25, 0.25], "rotation": 270, "texture": "#1"},
				"south": {"uv": [0, 0, 0.25, 0.25], "rotation": 270, "texture": "#1"},
				"west": {"uv": [0, 0, 0.25, 0.25], "rotation": 270, "texture": "#1"},
				"up": {"uv": [0, 0, 0.25, 0.25], "rotation": 270, "texture": "#1"},
				"down": {"uv": [0, 0, 0.25, 0.25], "rotation": 270, "texture": "#1"}
			}
		},
		{
			"from": [7.19749, 9.31733, 3.425],
			"to": [7.44749, 9.56733, 3.675],
			"rotation": {"angle": 22.5, "axis": "z", "origin": [7.64685, 6.0418, 8]},
			"faces": {
				"north": {"uv": [0, 0, 0.25, 0.25], "texture": "#1"},
				"east": {"uv": [0, 0, 0.25, 0.25], "texture": "#1"},
				"south": {"uv": [0, 0, 0.25, 0.25], "texture": "#1"},
				"west": {"uv": [0, 0, 0.25, 0.25], "texture": "#1"},
				"up": {"uv": [0, 0, 0.25, 0.25], "texture": "#1"},
				"down": {"uv": [0, 0, 0.25, 0.25], "texture": "#1"}
			}
		},
		{
			"from": [5.72821, 8.89603, 3.425],
			"to": [5.97821, 9.14603, 3.675],
			"rotation": {"angle": 0, "axis": "z", "origin": [6.34016, 5.63789, 8]},
			"faces": {
				"north": {"uv": [0, 0, 0.25, 0.25], "texture": "#1"},
				"east": {"uv": [0, 0, 0.25, 0.25], "texture": "#1"},
				"south": {"uv": [0, 0, 0.25, 0.25], "texture": "#1"},
				"west": {"uv": [0, 0, 0.25, 0.25], "texture": "#1"},
				"up": {"uv": [0, 0, 0.25, 0.25], "texture": "#1"},
				"down": {"uv": [0, 0, 0.25, 0.25], "texture": "#1"}
			}
		},
		{
			"from": [5.10756, 9.63825, 3.425],
			"to": [5.35756, 9.88825, 3.675],
			"rotation": {"angle": -22.5, "axis": "z", "origin": [7.9676, 8.18204, 8]},
			"faces": {
				"north": {"uv": [0, 0, 0.25, 0.25], "rotation": 180, "texture": "#1"},
				"east": {"uv": [0, 0, 0.25, 0.25], "rotation": 180, "texture": "#1"},
				"south": {"uv": [0, 0, 0.25, 0.25], "rotation": 180, "texture": "#1"},
				"west": {"uv": [0, 0, 0.25, 0.25], "rotation": 180, "texture": "#1"},
				"up": {"uv": [0, 0, 0.25, 0.25], "rotation": 180, "texture": "#1"},
				"down": {"uv": [0, 0, 0.25, 0.25], "rotation": 180, "texture": "#1"}
			}
		},
		{
			"from": [5.72821, 10.60286, 3.425],
			"to": [5.97821, 10.85286, 3.675],
			"rotation": {"angle": 0, "axis": "z", "origin": [8.44468, 9.06836, 8]},
			"faces": {
				"north": {"uv": [0, 0, 0.25, 0.25], "rotation": 180, "texture": "#1"},
				"east": {"uv": [0, 0, 0.25, 0.25], "rotation": 180, "texture": "#1"},
				"south": {"uv": [0, 0, 0.25, 0.25], "rotation": 180, "texture": "#1"},
				"west": {"uv": [0, 0, 0.25, 0.25], "rotation": 180, "texture": "#1"},
				"up": {"uv": [0, 0, 0.25, 0.25], "rotation": 180, "texture": "#1"},
				"down": {"uv": [0, 0, 0.25, 0.25], "rotation": 180, "texture": "#1"}
			}
		},
		{
			"from": [9.86459, 9.83039, 3.425],
			"to": [10.11459, 10.08039, 3.675],
			"faces": {
				"north": {"uv": [0, 0, 0.25, 0.25], "rotation": 180, "texture": "#1"},
				"east": {"uv": [0, 0, 0.25, 0.25], "rotation": 180, "texture": "#1"},
				"south": {"uv": [0, 0, 0.25, 0.25], "rotation": 180, "texture": "#1"},
				"west": {"uv": [0, 0, 0.25, 0.25], "rotation": 180, "texture": "#1"},
				"up": {"uv": [0, 0, 0.25, 0.25], "rotation": 180, "texture": "#1"},
				"down": {"uv": [0, 0, 0.25, 0.25], "rotation": 180, "texture": "#1"}
			}
		},
		{
			"from": [9.15759, 9.20342, 3.425],
			"to": [9.40759, 11.00342, 3.675],
			"faces": {
				"north": {"uv": [0, 0, 1.8, 0.25], "rotation": 270, "texture": "#1"},
				"east": {"uv": [0, 0, 1.8, 0.25], "rotation": 90, "texture": "#1"},
				"south": {"uv": [0, 0, 1.8, 0.25], "rotation": 90, "texture": "#1"},
				"west": {"uv": [0, 0, 1.8, 0.25], "rotation": 90, "texture": "#1"},
				"up": {"uv": [0, 0, 0.25, 0.25], "rotation": 90, "texture": "#1"},
				"down": {"uv": [0, 0, 0.25, 0.25], "rotation": 90, "texture": "#1"}
			}
		},
		{
			"from": [6.53163, 8.94945, 3.425],
			"to": [6.78163, 10.74945, 3.675],
			"rotation": {"angle": 0, "axis": "z", "origin": [7.1397, 6.97838, 8]},
			"faces": {
				"north": {"uv": [0, 0, 1.8, 0.25], "rotation": 90, "texture": "#1"},
				"east": {"uv": [0, 0, 1.8, 0.25], "rotation": 270, "texture": "#1"},
				"south": {"uv": [0, 0, 1.8, 0.25], "rotation": 270, "texture": "#1"},
				"west": {"uv": [0, 0, 1.8, 0.25], "rotation": 270, "texture": "#1"},
				"up": {"uv": [0, 0, 0.25, 0.25], "rotation": 270, "texture": "#1"},
				"down": {"uv": [0, 0, 0.25, 0.25], "rotation": 270, "texture": "#1"}
			}
		},
		{
			"from": [6.23163, 9.39945, 3.425],
			"to": [6.48163, 10.34945, 3.675],
			"rotation": {"angle": 0, "axis": "z", "origin": [7.1397, 6.97838, 8]},
			"faces": {
				"north": {"uv": [0, 0, 0.95, 0.25], "rotation": 90, "texture": "#1"},
				"east": {"uv": [0, 0, 0.95, 0.25], "rotation": 270, "texture": "#1"},
				"south": {"uv": [0, 0, 0.95, 0.25], "rotation": 270, "texture": "#1"},
				"west": {"uv": [0, 0, 0.95, 0.25], "rotation": 270, "texture": "#1"},
				"up": {"uv": [0, 0, 0.25, 0.25], "rotation": 270, "texture": "#1"},
				"down": {"uv": [0, 0, 0.25, 0.25], "rotation": 270, "texture": "#1"}
			}
		},
		{
			"from": [7.93435, 9.12231, 3.425],
			"to": [8.18435, 10.92231, 3.675],
			"rotation": {"angle": 0, "axis": "z", "origin": [7.67676, 7.91889, 8]},
			"faces": {
				"north": {"uv": [0, 0, 1.8, 0.25], "rotation": 270, "texture": "#1"},
				"east": {"uv": [0, 0, 1.8, 0.25], "rotation": 90, "texture": "#1"},
				"south": {"uv": [0, 0, 1.8, 0.25], "rotation": 90, "texture": "#1"},
				"west": {"uv": [0, 0, 1.8, 0.25], "rotation": 90, "texture": "#1"},
				"up": {"uv": [0, 0, 0.25, 0.25], "rotation": 90, "texture": "#1"},
				"down": {"uv": [0, 0, 0.25, 0.25], "rotation": 90, "texture": "#1"}
			}
		},
		{
			"from": [7.59229, 8.94945, 3.425],
			"to": [7.84229, 10.74945, 3.675],
			"rotation": {"angle": 0, "axis": "z", "origin": [6.97712, 6.89728, 8]},
			"faces": {
				"north": {"uv": [0, 0, 1.8, 0.25], "rotation": 90, "texture": "#1"},
				"east": {"uv": [0, 0, 1.8, 0.25], "rotation": 270, "texture": "#1"},
				"south": {"uv": [0, 0, 1.8, 0.25], "rotation": 270, "texture": "#1"},
				"west": {"uv": [0, 0, 1.8, 0.25], "rotation": 270, "texture": "#1"},
				"up": {"uv": [0, 0, 0.25, 0.25], "rotation": 270, "texture": "#1"},
				"down": {"uv": [0, 0, 0.25, 0.25], "rotation": 270, "texture": "#1"}
			}
		},
		{
			"from": [8.74984, 9.12231, 3.425],
			"to": [8.99984, 10.24731, 3.675],
			"rotation": {"angle": 0, "axis": "z", "origin": [7.59225, 7.91889, 8]},
			"faces": {
				"north": {"uv": [0, 0, 1.125, 0.25], "rotation": 270, "texture": "#1"},
				"east": {"uv": [0, 0, 1.125, 0.25], "rotation": 90, "texture": "#1"},
				"south": {"uv": [0, 0, 1.125, 0.25], "rotation": 90, "texture": "#1"},
				"west": {"uv": [0, 0, 1.125, 0.25], "rotation": 90, "texture": "#1"},
				"up": {"uv": [0, 0, 0.25, 0.25], "rotation": 90, "texture": "#1"},
				"down": {"uv": [0, 0, 0.25, 0.25], "rotation": 90, "texture": "#1"}
			}
		},
		{
			"from": [6.88518, 9.62445, 3.425],
			"to": [7.13518, 10.74945, 3.675],
			"rotation": {"angle": 0, "axis": "z", "origin": [8.08551, 5.89728, 8]},
			"faces": {
				"north": {"uv": [0, 0, 1.125, 0.25], "rotation": 90, "texture": "#1"},
				"east": {"uv": [0, 0, 1.125, 0.25], "rotation": 270, "texture": "#1"},
				"south": {"uv": [0, 0, 1.125, 0.25], "rotation": 270, "texture": "#1"},
				"west": {"uv": [0, 0, 1.125, 0.25], "rotation": 270, "texture": "#1"},
				"up": {"uv": [0, 0, 0.25, 0.25], "rotation": 270, "texture": "#1"},
				"down": {"uv": [0, 0, 0.25, 0.25], "rotation": 270, "texture": "#1"}
			}
		},
		{
			"from": [8.39629, 9.12231, 3.425],
			"to": [8.64629, 10.24731, 3.675],
			"rotation": {"angle": 0, "axis": "z", "origin": [7.2387, 7.91889, 8]},
			"faces": {
				"north": {"uv": [0, 0, 1.125, 0.25], "rotation": 270, "texture": "#1"},
				"east": {"uv": [0, 0, 1.125, 0.25], "rotation": 90, "texture": "#1"},
				"south": {"uv": [0, 0, 1.125, 0.25], "rotation": 90, "texture": "#1"},
				"west": {"uv": [0, 0, 1.125, 0.25], "rotation": 90, "texture": "#1"},
				"up": {"uv": [0, 0, 0.25, 0.25], "rotation": 90, "texture": "#1"},
				"down": {"uv": [0, 0, 0.25, 0.25], "rotation": 90, "texture": "#1"}
			}
		},
		{
			"from": [7.23873, 9.62445, 3.425],
			"to": [7.48873, 10.74945, 3.675],
			"rotation": {"angle": 0, "axis": "z", "origin": [7.08551, 6.89728, 8]},
			"faces": {
				"north": {"uv": [0, 0, 1.125, 0.25], "rotation": 90, "texture": "#1"},
				"east": {"uv": [0, 0, 1.125, 0.25], "rotation": 270, "texture": "#1"},
				"south": {"uv": [0, 0, 1.125, 0.25], "rotation": 270, "texture": "#1"},
				"west": {"uv": [0, 0, 1.125, 0.25], "rotation": 270, "texture": "#1"},
				"up": {"uv": [0, 0, 0.25, 0.25], "rotation": 270, "texture": "#1"},
				"down": {"uv": [0, 0, 0.25, 0.25], "rotation": 270, "texture": "#1"}
			}
		},
		{
			"from": [10.26469, 8.9566, 3.425],
			"to": [10.51469, 9.2066, 3.675],
			"rotation": {"angle": 22.5, "axis": "z", "origin": [8, 8, 8]},
			"faces": {
				"north": {"uv": [0, 0, 0.25, 0.25], "rotation": 180, "texture": "#1"},
				"east": {"uv": [0, 0, 0.25, 0.25], "rotation": 180, "texture": "#1"},
				"south": {"uv": [0, 0, 0.25, 0.25], "rotation": 180, "texture": "#1"},
				"west": {"uv": [0, 0, 0.25, 0.25], "rotation": 180, "texture": "#1"},
				"up": {"uv": [0, 0, 0.25, 0.25], "rotation": 180, "texture": "#1"},
				"down": {"uv": [0, 0, 0.25, 0.25], "rotation": 180, "texture": "#1"}
			}
		},
		{
			"from": [7.7538, 10.29995, 3.425],
			"to": [8.0038, 10.54995, 3.675],
			"rotation": {"angle": -45, "axis": "z", "origin": [8, 8, 8]},
			"faces": {
				"north": {"uv": [0, 0, 0.25, 0.25], "rotation": 270, "texture": "#1"},
				"east": {"uv": [0, 0, 0.25, 0.25], "rotation": 90, "texture": "#1"},
				"south": {"uv": [0, 0, 0.25, 0.25], "rotation": 90, "texture": "#1"},
				"west": {"uv": [0, 0, 0.25, 0.25], "rotation": 90, "texture": "#1"},
				"up": {"uv": [0, 0, 0.25, 0.25], "rotation": 90, "texture": "#1"},
				"down": {"uv": [0, 0, 0.25, 0.25], "rotation": 90, "texture": "#1"}
			}
		},
		{
			"from": [9.45254, 9.55372, 3.425],
			"to": [9.70254, 9.80372, 3.675],
			"faces": {
				"north": {"uv": [0, 0, 0.25, 0.25], "rotation": 270, "texture": "#1"},
				"east": {"uv": [0, 0, 0.25, 0.25], "rotation": 90, "texture": "#1"},
				"south": {"uv": [0, 0, 0.25, 0.25], "rotation": 90, "texture": "#1"},
				"west": {"uv": [0, 0, 0.25, 0.25], "rotation": 90, "texture": "#1"},
				"up": {"uv": [0, 0, 0.25, 0.25], "rotation": 90, "texture": "#1"},
				"down": {"uv": [0, 0, 0.25, 0.25], "rotation": 90, "texture": "#1"}
			}
		},
		{
			"from": [9.93451, 8.63394, 3.425],
			"to": [10.18451, 8.88394, 3.675],
			"rotation": {"angle": 22.5, "axis": "z", "origin": [8, 8, 8]},
			"faces": {
				"north": {"uv": [0, 0, 0.25, 0.25], "rotation": 270, "texture": "#1"},
				"east": {"uv": [0, 0, 0.25, 0.25], "rotation": 90, "texture": "#1"},
				"south": {"uv": [0, 0, 0.25, 0.25], "rotation": 90, "texture": "#1"},
				"west": {"uv": [0, 0, 0.25, 0.25], "rotation": 90, "texture": "#1"},
				"up": {"uv": [0, 0, 0.25, 0.25], "rotation": 90, "texture": "#1"},
				"down": {"uv": [0, 0, 0.25, 0.25], "rotation": 90, "texture": "#1"}
			}
		},
		{
			"from": [10.0278, 7.59973, 3.425],
			"to": [10.2778, 7.84973, 3.675],
			"rotation": {"angle": 45, "axis": "z", "origin": [8, 8, 8]},
			"faces": {
				"north": {"uv": [0, 0, 0.25, 0.25], "rotation": 270, "texture": "#1"},
				"east": {"uv": [0, 0, 0.25, 0.25], "rotation": 90, "texture": "#1"},
				"south": {"uv": [0, 0, 0.25, 0.25], "rotation": 90, "texture": "#1"},
				"west": {"uv": [0, 0, 0.25, 0.25], "rotation": 90, "texture": "#1"},
				"up": {"uv": [0, 0, 0.25, 0.25], "rotation": 90, "texture": "#1"},
				"down": {"uv": [0, 0, 0.25, 0.25], "rotation": 90, "texture": "#1"}
			}
		},
		{
			"from": [9.14145, 9.71821, 3.425],
			"to": [9.39145, 9.96821, 3.675],
			"rotation": {"angle": -22.5, "axis": "z", "origin": [8, 8, 8]},
			"faces": {
				"north": {"uv": [0, 0, 0.25, 0.25], "texture": "#1"},
				"east": {"uv": [0, 0, 0.25, 0.25], "texture": "#1"},
				"south": {"uv": [0, 0, 0.25, 0.25], "texture": "#1"},
				"west": {"uv": [0, 0, 0.25, 0.25], "texture": "#1"},
				"up": {"uv": [0, 0, 0.25, 0.25], "texture": "#1"},
				"down": {"uv": [0, 0, 0.25, 0.25], "texture": "#1"}
			}
		},
		{
			"from": [9.93871, 9.05288, 3.425],
			"to": [10.31371, 9.30288, 3.675],
			"faces": {
				"north": {"uv": [0, 0, 0.375, 0.25], "texture": "#1"},
				"east": {"uv": [0, 0, 0.25, 0.25], "texture": "#1"},
				"south": {"uv": [0, 0, 0.375, 0.25], "texture": "#1"},
				"west": {"uv": [0, 0, 0.25, 0.25], "texture": "#1"},
				"up": {"uv": [0, 0, 0.375, 0.25], "texture": "#1"},
				"down": {"uv": [0, 0, 0.375, 0.25], "texture": "#1"}
			}
		},
		{
			"from": [10.49896, 8.49477, -2.5],
			"to": [13.49896, 9.49477, 4.75],
			"rotation": {"angle": -22.5, "axis": "z", "origin": [7.99896, 8.99477, 8]},
			"faces": {
				"north": {"uv": [0, 0, 3, 1], "texture": "#0"},
				"east": {"uv": [0, 0, 7.25, 1], "texture": "#0"},
				"south": {"uv": [0, 0, 3, 1], "texture": "#0"},
				"west": {"uv": [0, 0, 7.25, 1], "texture": "#0"},
				"up": {"uv": [0, 0, 3, 7.25], "texture": "#0"},
				"down": {"uv": [0, 0, 3, 7.25], "texture": "#0"}
			}
		},
		{
			"from": [13.65032, 8.26616, -2.5],
			"to": [16.65032, 9.26616, 5.5],
			"rotation": {"angle": -45, "axis": "z", "origin": [11.15032, 8.76616, 8]},
			"faces": {
				"north": {"uv": [0, 0, 3, 1], "texture": "#0"},
				"east": {"uv": [0, 0, 8, 1], "texture": "#0"},
				"south": {"uv": [0, 0, 3, 1], "texture": "#0"},
				"west": {"uv": [0, 0, 8, 1], "texture": "#0"},
				"up": {"uv": [0, 0, 3, 8], "texture": "#0"},
				"down": {"uv": [0, 0, 3, 8], "texture": "#0"}
			}
		},
		{
			"from": [-1.30717, 5.60931, -2.5],
			"to": [-0.30717, 8.60931, 5.5],
			"rotation": {"angle": -45, "axis": "z", "origin": [-0.80717, 3.10931, 8]},
			"faces": {
				"north": {"uv": [0, 0, 3, 1], "rotation": 90, "texture": "#0"},
				"east": {"uv": [0, 0, 3, 8], "rotation": 270, "texture": "#0"},
				"south": {"uv": [0, 0, 3, 1], "rotation": 270, "texture": "#0"},
				"west": {"uv": [0, 0, 3, 8], "rotation": 270, "texture": "#0"},
				"up": {"uv": [0, 0, 8, 1], "rotation": 270, "texture": "#0"},
				"down": {"uv": [0, 0, 8, 1], "rotation": 270, "texture": "#0"}
			}
		},
		{
			"from": [3.11, 5.4333, -2.5],
			"to": [6.11, 6.4333, 4.75],
			"rotation": {"angle": 22.5, "axis": "z", "origin": [0.61, 5.9333, 8]},
			"faces": {
				"north": {"uv": [0, 0, 3, 1], "rotation": 180, "texture": "#0"},
				"east": {"uv": [0, 0, 1, 7.25], "rotation": 90, "texture": "#0"},
				"south": {"uv": [0, 0, 3, 1], "texture": "#0"},
				"west": {"uv": [0, 0, 1, 7.25], "rotation": 270, "texture": "#0"},
				"up": {"uv": [0, 0, 3, 7.25], "texture": "#0"},
				"down": {"uv": [0, 0, 3, 7.25], "rotation": 180, "texture": "#0"}
			}
		}
	],
	"display": {
		"thirdperson_righthand": {
			"rotation": [7, 0, 0],
			"translation": [-0.25, -0.5, -5],
			"scale": [0.31, 0.31, 0.3]
		},
		"thirdperson_lefthand": {
			"rotation": [7, 0, 0],
			"translation": [-0.25, -0.5, -5],
			"scale": [0.31, 0.31, 0.31]
		},
		"firstperson_righthand": {
			"rotation": [34, 48, 10],
			"translation": [1.25, 1, -9.25],
			"scale": [0.48, 0.48, 0.48]
		},
		"firstperson_lefthand": {
			"rotation": [35, 30, 18],
			"translation": [0.25, 6, -7],
			"scale": [0.39, 0.39, 0.41]
		},
		"gui": {
			"rotation": [24, 158, 31],
			"translation": [-1.75, -0.75, 0],
			"scale": [0.57, 0.58, 0.58]
		},
		"head": {
			"translation": [0, 5, -5.75],
			"scale": [0.64, 0.64, 0.64]
		},
		"fixed": {
			"rotation": [-90, 0, 0],
			"translation": [0, -3, -1.5]
		}
	}
}