{
	"credit": "Made with Blockbench",
	"textures": {
		"0": "custom/dlr/toontown/runnaway/mick1",
		"1": "block/black_wool",
		"particle": "custom/dlr/toontown/runnaway/mick1"
	},
	"elements": [
		{
			"from": [-6, 0, -13],
			"to": [22, 2, 10],
			"faces": {
				"north": {"uv": [0, 0, 16, 2], "texture": "#1"},
				"east": {"uv": [0, 0, 16, 2], "texture": "#1"},
				"south": {"uv": [0, 0, 16, 2], "texture": "#1"},
				"west": {"uv": [0, 0, 16, 2], "texture": "#1"},
				"up": {"uv": [0, 0, 16, 16], "texture": "#1"},
				"down": {"uv": [0, 0, 16, 16], "texture": "#1"}
			}
		},
		{
			"from": [-6, 0, -7],
			"to": [22, 2, 16],
			"faces": {
				"north": {"uv": [0, 0, 16, 2], "texture": "#1"},
				"east": {"uv": [0, 0, 16, 2], "texture": "#1"},
				"south": {"uv": [0, 0, 16, 2], "texture": "#1"},
				"west": {"uv": [0, 0, 16, 2], "texture": "#1"},
				"up": {"uv": [0, 0, 16, 16], "texture": "#1"},
				"down": {"uv": [0, 0, 16, 16], "texture": "#1"}
			}
		},
		{
			"from": [-2.27157, 8.5, -14.22843],
			"to": [8.72843, 9.5, -8.22843],
			"rotation": {"angle": 0, "axis": "y", "origin": [8.72843, 8, 8.27157]},
			"faces": {
				"north": {"uv": [14.516, 9.938, 15.109, 10.531], "texture": "#0"},
				"east": {"uv": [14.109, 9.813, 14.703, 10.406], "texture": "#0"},
				"south": {"uv": [14.172, 9.578, 14.765, 10.172], "texture": "#0"},
				"west": {"uv": [14.344, 9.813, 14.937, 10.406], "texture": "#0"},
				"up": {"uv": [14.234, 9.641, 14.828, 10.234], "texture": "#0"},
				"down": {"uv": [14.281, 9.813, 14.875, 10.406], "texture": "#0"}
			}
		},
		{
			"from": [-3.47157, 8.5, -12.15343],
			"to": [19.52843, 9.5, -9.02843],
			"rotation": {"angle": 0, "axis": "y", "origin": [8.72843, 8, 8.27157]},
			"faces": {
				"north": {"uv": [14.516, 9.938, 15.109, 10.531], "texture": "#0"},
				"east": {"uv": [14.109, 9.813, 14.703, 10.406], "texture": "#0"},
				"south": {"uv": [14.172, 9.578, 14.765, 10.172], "texture": "#0"},
				"west": {"uv": [14.344, 9.813, 14.937, 10.406], "texture": "#0"},
				"up": {"uv": [14.234, 9.641, 14.828, 10.234], "texture": "#0"},
				"down": {"uv": [14.281, 9.813, 14.875, 10.406], "texture": "#0"}
			}
		},
		{
			"from": [-4.25004, 0.5, -9.18844],
			"to": [20.54996, 9.5, -8.18844],
			"rotation": {"angle": 0, "axis": "y", "origin": [7.32496, 8.5, 8.31156]},
			"faces": {
				"north": {"uv": [15.3, 9.516, 14, 10.516], "texture": "#0"},
				"east": {"uv": [14.933, 9.516, 14.344, 10.108], "texture": "#0"},
				"south": {"uv": [15.347, 9.406, 14.047, 10.406], "texture": "#0"},
				"west": {"uv": [14.996, 9.75, 14.406, 10.344], "texture": "#0"},
				"up": {"uv": [14.234, 10.003, 14.825, 9.406], "texture": "#0"},
				"down": {"uv": [14.406, 9.877, 14.996, 9.281], "texture": "#0"}
			}
		},
		{
			"from": [7.27157, 8.5, -14.22843],
			"to": [18.27157, 9.5, -8.22843],
			"rotation": {"angle": 0, "axis": "y", "origin": [9.27157, 8, 8.27157]},
			"faces": {
				"north": {"uv": [14.516, 9.938, 15.109, 10.531], "texture": "#0"},
				"east": {"uv": [14.109, 9.813, 14.703, 10.406], "texture": "#0"},
				"south": {"uv": [14.172, 9.578, 14.765, 10.172], "texture": "#0"},
				"west": {"uv": [14.344, 9.813, 14.937, 10.406], "texture": "#0"},
				"up": {"uv": [14.234, 9.641, 14.828, 10.234], "texture": "#0"},
				"down": {"uv": [14.281, 9.813, 14.875, 10.406], "texture": "#0"}
			}
		},
		{
			"from": [16.10503, 8.5, -13.71163],
			"to": [19.55503, 9.5, -12.41213],
			"rotation": {"angle": -45, "axis": "y", "origin": [17.60503, 19, -11.56188]},
			"faces": {
				"north": {"uv": [14.516, 9.938, 15.109, 10.531], "texture": "#0"},
				"east": {"uv": [14.109, 9.813, 14.703, 10.406], "texture": "#0"},
				"south": {"uv": [14.172, 9.578, 14.765, 10.172], "texture": "#0"},
				"west": {"uv": [14.344, 9.813, 14.937, 10.406], "texture": "#0"},
				"up": {"uv": [14.234, 9.641, 14.828, 10.234], "texture": "#0"},
				"down": {"uv": [14.281, 9.813, 14.875, 10.406], "texture": "#0"}
			}
		},
		{
			"from": [-3.79467, 8.5, -12.3862],
			"to": [-0.34467, 9.5, -11.0867],
			"rotation": {"angle": 45, "axis": "y", "origin": [-3.32478, 10, -11.18844]},
			"faces": {
				"north": {"uv": [14.516, 9.938, 15.109, 10.531], "texture": "#0"},
				"east": {"uv": [14.109, 9.813, 14.703, 10.406], "texture": "#0"},
				"south": {"uv": [14.172, 9.578, 14.765, 10.172], "texture": "#0"},
				"west": {"uv": [14.344, 9.813, 14.937, 10.406], "texture": "#0"},
				"up": {"uv": [14.234, 9.641, 14.828, 10.234], "texture": "#0"},
				"down": {"uv": [14.281, 9.813, 14.875, 10.406], "texture": "#0"}
			}
		},
		{
			"from": [19.17504, 8.5, -11.63844],
			"to": [20.47453, 9.5, -8.18844],
			"rotation": {"angle": 0, "axis": "y", "origin": [18.82478, 10, -10.46344]},
			"faces": {
				"north": {"uv": [15.3, 9.516, 14, 10.516], "texture": "#0"},
				"east": {"uv": [14.872, 9.578, 14.281, 10.172], "texture": "#0"},
				"south": {"uv": [15.113, 9.344, 13.813, 10.344], "texture": "#0"},
				"west": {"uv": [14.872, 9.75, 14.281, 10.344], "texture": "#0"},
				"up": {"uv": [14.406, 10.003, 14.997, 9.406], "rotation": 90, "texture": "#0"},
				"down": {"uv": [14.469, 10.237, 15.059, 9.641], "rotation": 270, "texture": "#0"}
			}
		},
		{
			"from": [-4.47453, 8.5, -11.63844],
			"to": [-3.17504, 9.5, -8.18844],
			"rotation": {"angle": 0, "axis": "y", "origin": [-3.32478, 10, -11.18844]},
			"faces": {
				"north": {"uv": [15.3, 9.516, 14, 10.516], "texture": "#0"},
				"east": {"uv": [14.872, 9.578, 14.281, 10.172], "texture": "#0"},
				"south": {"uv": [15.113, 9.344, 13.813, 10.344], "texture": "#0"},
				"west": {"uv": [14.872, 9.75, 14.281, 10.344], "texture": "#0"},
				"up": {"uv": [14.406, 10.003, 14.997, 9.406], "rotation": 90, "texture": "#0"},
				"down": {"uv": [14.469, 10.237, 15.059, 9.641], "rotation": 270, "texture": "#0"}
			}
		},
		{
			"from": [-3, 0, -16],
			"to": [19, 2, -12],
			"faces": {
				"north": {"uv": [0, 0, 16, 2], "texture": "#1"},
				"east": {"uv": [0, 0, 4, 2], "texture": "#1"},
				"south": {"uv": [0, 0, 16, 2], "texture": "#1"},
				"west": {"uv": [0, 0, 4, 2], "texture": "#1"},
				"up": {"uv": [0, 0, 16, 4], "texture": "#1"},
				"down": {"uv": [0, 0, 16, 4], "texture": "#1"}
			}
		},
		{
			"from": [-3, 0, 15],
			"to": [19, 2, 19],
			"faces": {
				"north": {"uv": [0, 0, 16, 2], "texture": "#1"},
				"east": {"uv": [4, 0, 8, 2], "texture": "#1"},
				"south": {"uv": [0, 0, 16, 2], "texture": "#1"},
				"west": {"uv": [4, 0, 8, 2], "texture": "#1"},
				"up": {"uv": [0, 4, 16, 8], "texture": "#1"},
				"down": {"uv": [0, 4, 16, 8], "texture": "#1"}
			}
		},
		{
			"from": [-3.2294, 0, -15.84672],
			"to": [-2.2294, 2, -14.84672],
			"rotation": {"angle": -22.5, "axis": "y", "origin": [-2.7294, 0.5, -15.34672]},
			"faces": {
				"north": {"uv": [0, 0, 1, 2], "texture": "#1"},
				"east": {"uv": [0, 0, 1, 2], "texture": "#1"},
				"south": {"uv": [0, 0, 1, 2], "texture": "#1"},
				"west": {"uv": [0, 0, 1, 2], "texture": "#1"},
				"up": {"uv": [0, 0, 1, 1], "rotation": 270, "texture": "#1"},
				"down": {"uv": [0, 0, 1, 1], "rotation": 90, "texture": "#1"}
			}
		},
		{
			"from": [1.74548, 0, 18.83628],
			"to": [2.74548, 2, 19.83628],
			"rotation": {"angle": 22.5, "axis": "y", "origin": [-2.7294, 0.5, 31.34672]},
			"faces": {
				"north": {"uv": [1, 0, 2, 2], "texture": "#1"},
				"east": {"uv": [1, 0, 2, 2], "texture": "#1"},
				"south": {"uv": [1, 0, 2, 2], "texture": "#1"},
				"west": {"uv": [1, 0, 2, 2], "texture": "#1"},
				"up": {"uv": [1, 0, 2, 1], "rotation": 270, "texture": "#1"},
				"down": {"uv": [1, 0, 2, 1], "rotation": 90, "texture": "#1"}
			}
		},
		{
			"from": [18.2294, 0, -15.84672],
			"to": [19.2294, 2, -14.84672],
			"rotation": {"angle": 22.5, "axis": "y", "origin": [18.7294, 0.5, -15.34672]},
			"faces": {
				"north": {"uv": [0, 0, 1, 2], "texture": "#1"},
				"east": {"uv": [0, 0, 1, 2], "texture": "#1"},
				"south": {"uv": [0, 0, 1, 2], "texture": "#1"},
				"west": {"uv": [0, 0, 1, 2], "texture": "#1"},
				"up": {"uv": [0, 0, 1, 1], "rotation": 270, "texture": "#1"},
				"down": {"uv": [0, 0, 1, 1], "rotation": 90, "texture": "#1"}
			}
		},
		{
			"from": [13.25452, 0, 18.83628],
			"to": [14.25452, 2, 19.83628],
			"rotation": {"angle": -22.5, "axis": "y", "origin": [18.7294, 0.5, 31.34672]},
			"faces": {
				"north": {"uv": [1, 0, 2, 2], "texture": "#1"},
				"east": {"uv": [1, 0, 2, 2], "texture": "#1"},
				"south": {"uv": [1, 0, 2, 2], "texture": "#1"},
				"west": {"uv": [1, 0, 2, 2], "texture": "#1"},
				"up": {"uv": [1, 0, 2, 1], "rotation": 270, "texture": "#1"},
				"down": {"uv": [1, 0, 2, 1], "rotation": 90, "texture": "#1"}
			}
		},
		{
			"from": [17.80269, 0, -14.72257],
			"to": [20.80269, 2, -11.72257],
			"rotation": {"angle": -45, "axis": "y", "origin": [19.30269, 0.5, -13.416]},
			"faces": {
				"north": {"uv": [0, 0, 3, 2], "texture": "#1"},
				"east": {"uv": [0, 0, 3, 2], "texture": "#1"},
				"south": {"uv": [0, 0, 3, 2], "texture": "#1"},
				"west": {"uv": [0, 0, 3, 2], "texture": "#1"},
				"up": {"uv": [0, 0, 3, 3], "rotation": 270, "texture": "#1"},
				"down": {"uv": [0, 0, 3, 3], "rotation": 90, "texture": "#1"}
			}
		},
		{
			"from": [26.99508, 0, 18.53018],
			"to": [29.99508, 2, 21.53018],
			"rotation": {"angle": 45, "axis": "y", "origin": [19.30269, 0.5, 29.416]},
			"faces": {
				"north": {"uv": [3, 0, 6, 2], "texture": "#1"},
				"east": {"uv": [3, 0, 6, 2], "texture": "#1"},
				"south": {"uv": [3, 0, 6, 2], "texture": "#1"},
				"west": {"uv": [3, 0, 6, 2], "texture": "#1"},
				"up": {"uv": [3, 0, 6, 3], "rotation": 270, "texture": "#1"},
				"down": {"uv": [3, 0, 6, 3], "rotation": 90, "texture": "#1"}
			}
		},
		{
			"from": [21.68821, 0, -12.99896],
			"to": [22.68821, 2, -11.99896],
			"rotation": {"angle": -22.5, "axis": "y", "origin": [22.34672, 0.5, -14.7294]},
			"faces": {
				"north": {"uv": [0, 0, 1, 2], "texture": "#1"},
				"east": {"uv": [0, 0, 1, 2], "texture": "#1"},
				"south": {"uv": [0, 0, 1, 2], "texture": "#1"},
				"west": {"uv": [0, 0, 1, 2], "texture": "#1"},
				"up": {"uv": [0, 0, 1, 1], "rotation": 180, "texture": "#1"},
				"down": {"uv": [0, 0, 1, 1], "rotation": 180, "texture": "#1"}
			}
		},
		{
			"from": [26.66309, 0, 15.98853],
			"to": [27.66309, 2, 16.98853],
			"rotation": {"angle": 22.5, "axis": "y", "origin": [22.34672, 0.5, 30.7294]},
			"faces": {
				"north": {"uv": [1, 0, 2, 2], "texture": "#1"},
				"east": {"uv": [1, 0, 2, 2], "texture": "#1"},
				"south": {"uv": [1, 0, 2, 2], "texture": "#1"},
				"west": {"uv": [1, 0, 2, 2], "texture": "#1"},
				"up": {"uv": [0, 1, 1, 2], "rotation": 180, "texture": "#1"},
				"down": {"uv": [0, 1, 1, 2], "rotation": 180, "texture": "#1"}
			}
		},
		{
			"from": [-3.66591, 0, -14.42807],
			"to": [-0.66591, 2, -11.42807],
			"rotation": {"angle": -45, "axis": "y", "origin": [-2.24203, 0.5, -14.31075]},
			"faces": {
				"north": {"uv": [0, 0, 3, 2], "texture": "#1"},
				"east": {"uv": [0, 0, 3, 2], "texture": "#1"},
				"south": {"uv": [0, 0, 3, 2], "texture": "#1"},
				"west": {"uv": [0, 0, 3, 2], "texture": "#1"},
				"up": {"uv": [0, 0, 3, 3], "rotation": 270, "texture": "#1"},
				"down": {"uv": [0, 0, 3, 3], "rotation": 90, "texture": "#1"}
			}
		},
		{
			"from": [5.52648, 0, 18.23568],
			"to": [8.52648, 2, 21.23568],
			"rotation": {"angle": 45, "axis": "y", "origin": [-2.24203, 0.5, 30.31075]},
			"faces": {
				"north": {"uv": [3, 0, 6, 2], "texture": "#1"},
				"east": {"uv": [3, 0, 6, 2], "texture": "#1"},
				"south": {"uv": [3, 0, 6, 2], "texture": "#1"},
				"west": {"uv": [3, 0, 6, 2], "texture": "#1"},
				"up": {"uv": [3, 0, 6, 3], "rotation": 270, "texture": "#1"},
				"down": {"uv": [3, 0, 6, 3], "rotation": 90, "texture": "#1"}
			}
		},
		{
			"from": [-5.84672, 0, -13.2294],
			"to": [-4.84672, 2, -12.2294],
			"rotation": {"angle": 22.5, "axis": "y", "origin": [-5.34672, 0.5, -12.7294]},
			"faces": {
				"north": {"uv": [0, 0, 1, 2], "texture": "#1"},
				"east": {"uv": [0, 0, 1, 2], "texture": "#1"},
				"south": {"uv": [0, 0, 1, 2], "texture": "#1"},
				"west": {"uv": [0, 0, 1, 2], "texture": "#1"},
				"up": {"uv": [0, 0, 1, 1], "texture": "#1"},
				"down": {"uv": [0, 0, 1, 1], "texture": "#1"}
			}
		},
		{
			"from": [-10.8216, 0, 16.21897],
			"to": [-9.8216, 2, 17.21897],
			"rotation": {"angle": -22.5, "axis": "y", "origin": [-5.34672, 0.5, 28.7294]},
			"faces": {
				"north": {"uv": [1, 0, 2, 2], "texture": "#1"},
				"east": {"uv": [1, 0, 2, 2], "texture": "#1"},
				"south": {"uv": [1, 0, 2, 2], "texture": "#1"},
				"west": {"uv": [1, 0, 2, 2], "texture": "#1"},
				"up": {"uv": [0, 1, 1, 2], "texture": "#1"},
				"down": {"uv": [0, 1, 1, 2], "texture": "#1"}
			}
		},
		{
			"from": [-5.1, 1, -12.4],
			"to": [-4.1, 10, 5.6],
			"rotation": {"angle": 0, "axis": "y", "origin": [8.95, 8, 8.6]},
			"faces": {
				"north": {"uv": [14.109, 9.578, 14.702, 10.171], "texture": "#0"},
				"east": {"uv": [14.172, 9.703, 14.764, 10.295], "texture": "#0"},
				"south": {"uv": [14.344, 9.641, 14.936, 10.233], "texture": "#0"},
				"west": {"uv": [14.047, 9.578, 14.639, 10.17], "texture": "#0"},
				"up": {"uv": [14.172, 9.578, 14.764, 10.171], "texture": "#0"},
				"down": {"uv": [13.938, 9.469, 14.531, 10.062], "texture": "#0"}
			}
		},
		{
			"from": [-5.1, 1, -2.6],
			"to": [-4.1, 10, 15.4],
			"rotation": {"angle": 0, "axis": "y", "origin": [8.95, 8, 7.4]},
			"faces": {
				"north": {"uv": [14.109, 9.578, 14.702, 10.171], "texture": "#0"},
				"east": {"uv": [14.172, 9.703, 14.764, 10.295], "texture": "#0"},
				"south": {"uv": [14.344, 9.641, 14.936, 10.233], "texture": "#0"},
				"west": {"uv": [14.047, 9.578, 14.639, 10.17], "texture": "#0"},
				"up": {"uv": [14.172, 9.578, 14.764, 10.171], "texture": "#0"},
				"down": {"uv": [13.938, 9.469, 14.531, 10.062], "texture": "#0"}
			}
		},
		{
			"from": [-4.22012, 2.6, -14.21496],
			"to": [-2.29812, 9.475, -13.21496],
			"rotation": {"angle": 45, "axis": "y", "origin": [-2.73278, 6, -13.62657]},
			"faces": {
				"north": {"uv": [11.875, 12.71938, 13.938, 15.85838], "texture": "#0"},
				"east": {"uv": [14, 6.813, 14.594, 7.406], "texture": "#0"},
				"south": {"uv": [14.234, 7, 14.827, 7.594], "texture": "#0"},
				"west": {"uv": [14.469, 6.875, 15.062, 7.468], "texture": "#0"},
				"up": {"uv": [14.109, 6.875, 14.702, 7.468], "texture": "#0"},
				"down": {"uv": [14.344, 7.234, 14.937, 7.828], "texture": "#0"}
			}
		},
		{
			"from": [18.20646, 2.6, -13.81689],
			"to": [20.12846, 9.475, -12.81689],
			"rotation": {"angle": -45, "axis": "y", "origin": [19.16746, 6.1, -13.31689]},
			"faces": {
				"north": {"uv": [13.938, 12.71938, 11.875, 15.85838], "texture": "#0"},
				"east": {"uv": [15.062, 6.875, 14.469, 7.468], "texture": "#0"},
				"south": {"uv": [14.827, 7, 14.234, 7.594], "texture": "#0"},
				"west": {"uv": [14.594, 6.813, 14, 7.406], "texture": "#0"},
				"up": {"uv": [14.702, 6.875, 14.109, 7.468], "texture": "#0"},
				"down": {"uv": [14.937, 7.234, 14.344, 7.828], "texture": "#0"}
			}
		},
		{
			"from": [27.39885, 2.6, 19.6245],
			"to": [29.32085, 9.475, 20.6245],
			"rotation": {"angle": 45, "axis": "y", "origin": [19.16746, 6.1, 29.31689]},
			"faces": {
				"north": {"uv": [14.234, 7, 14.827, 7.594], "texture": "#0"},
				"east": {"uv": [14.469, 6.875, 15.062, 7.468], "texture": "#0"},
				"south": {"uv": [11.875, 12.71938, 13.938, 15.85838], "texture": "#0"},
				"west": {"uv": [14, 6.813, 14.594, 7.406], "texture": "#0"},
				"up": {"uv": [14.702, 7.468, 14.109, 6.875], "texture": "#0"},
				"down": {"uv": [14.937, 7.828, 14.344, 7.234], "texture": "#0"}
			}
		},
		{
			"from": [-13.32085, 2.6, 19.6245],
			"to": [-11.39885, 9.475, 20.6245],
			"rotation": {"angle": -45, "axis": "y", "origin": [-3.16746, 6.1, 29.31689]},
			"faces": {
				"north": {"uv": [14.827, 7, 14.234, 7.594], "texture": "#0"},
				"east": {"uv": [14.594, 6.813, 14, 7.406], "texture": "#0"},
				"south": {"uv": [13.938, 12.71938, 11.875, 15.85838], "texture": "#0"},
				"west": {"uv": [15.062, 6.875, 14.469, 7.468], "texture": "#0"},
				"up": {"uv": [14.109, 7.468, 14.702, 6.875], "texture": "#0"},
				"down": {"uv": [14.344, 7.828, 14.937, 7.234], "texture": "#0"}
			}
		},
		{
			"from": [-4.52775, 2, -14.62155],
			"to": [-1.60575, 10, -13.62155],
			"rotation": {"angle": 45, "axis": "y", "origin": [-2.03278, 7, -13.62657]},
			"faces": {
				"north": {"uv": [13.75, 9.516, 14.344, 10.109], "texture": "#0"},
				"east": {"uv": [14.406, 9.75, 15, 10.344], "texture": "#0"},
				"south": {"uv": [14.172, 9.578, 14.765, 10.172], "texture": "#0"},
				"west": {"uv": [14.234, 9.344, 14.828, 9.937], "texture": "#0"},
				"up": {"uv": [14.516, 9.813, 15.109, 10.406], "texture": "#0"},
				"down": {"uv": [13.875, 9.281, 14.469, 9.875], "texture": "#0"}
			}
		},
		{
			"from": [-13.92517, 1, 19.93418],
			"to": [-11.00317, 10, 20.93418],
			"rotation": {"angle": -45, "axis": "y", "origin": [-2.73278, 6, 29.62657]},
			"faces": {
				"north": {"uv": [14.047, 9.75, 14.64, 10.344], "texture": "#0"},
				"east": {"uv": [14.234, 9.469, 14.828, 10.062], "texture": "#0"},
				"south": {"uv": [14.344, 9.703, 14.937, 10.297], "texture": "#0"},
				"west": {"uv": [14.469, 9.516, 15.062, 10.109], "texture": "#0"},
				"up": {"uv": [14.281, 9.703, 14.875, 10.297], "texture": "#0"},
				"down": {"uv": [14.109, 9.703, 14.703, 10.297], "texture": "#0"}
			}
		},
		{
			"from": [17.72474, 1, -13.71447],
			"to": [20.64674, 10, -12.71447],
			"rotation": {"angle": -45, "axis": "y", "origin": [19.1872, 6, -13.31666]},
			"faces": {
				"north": {"uv": [14.516, 9.938, 15.109, 10.531], "texture": "#0"},
				"east": {"uv": [14.109, 9.813, 14.703, 10.406], "texture": "#0"},
				"south": {"uv": [14.172, 9.578, 14.765, 10.172], "texture": "#0"},
				"west": {"uv": [14.344, 9.813, 14.937, 10.406], "texture": "#0"},
				"up": {"uv": [14.234, 9.641, 14.828, 10.234], "texture": "#0"},
				"down": {"uv": [14.281, 9.813, 14.875, 10.406], "texture": "#0"}
			}
		},
		{
			"from": [26.91712, 1, 19.52209],
			"to": [29.83912, 10, 20.52209],
			"rotation": {"angle": 45, "axis": "y", "origin": [19.1872, 6, 29.31666]},
			"faces": {
				"north": {"uv": [14.109, 9.578, 14.702, 10.171], "texture": "#0"},
				"east": {"uv": [14.172, 9.703, 14.764, 10.295], "texture": "#0"},
				"south": {"uv": [14.344, 9.641, 14.936, 10.233], "texture": "#0"},
				"west": {"uv": [14.047, 9.578, 14.639, 10.17], "texture": "#0"},
				"up": {"uv": [14.172, 9.578, 14.764, 10.171], "texture": "#0"},
				"down": {"uv": [13.938, 9.469, 14.531, 10.062], "texture": "#0"}
			}
		},
		{
			"from": [27.00551, 2.5, 18.51446],
			"to": [29.92751, 12.5, 19.51446],
			"rotation": {"angle": 45, "axis": "y", "origin": [19.1872, 6, 29.31666]},
			"faces": {
				"north": {"uv": [14.109, 9.578, 14.702, 10.171], "texture": "#0"},
				"east": {"uv": [14.172, 9.703, 14.764, 10.295], "texture": "#0"},
				"south": {"uv": [14.344, 9.641, 14.936, 10.233], "texture": "#0"},
				"west": {"uv": [14.047, 9.578, 14.639, 10.17], "texture": "#0"},
				"up": {"uv": [14.172, 9.578, 14.764, 10.171], "texture": "#0"},
				"down": {"uv": [13.938, 9.469, 14.531, 10.062], "texture": "#0"}
			}
		},
		{
			"from": [-13.92751, 2.5, 18.51446],
			"to": [-11.00551, 12.5, 19.51446],
			"rotation": {"angle": -45, "axis": "y", "origin": [-3.1872, 6, 29.31666]},
			"faces": {
				"north": {"uv": [14.109, 9.578, 14.702, 10.171], "texture": "#0"},
				"east": {"uv": [14.172, 9.703, 14.764, 10.295], "texture": "#0"},
				"south": {"uv": [14.344, 9.641, 14.936, 10.233], "texture": "#0"},
				"west": {"uv": [14.047, 9.578, 14.639, 10.17], "texture": "#0"},
				"up": {"uv": [14.172, 9.578, 14.764, 10.171], "texture": "#0"},
				"down": {"uv": [13.938, 9.469, 14.531, 10.062], "texture": "#0"}
			}
		},
		{
			"from": [-4.94672, 1, -12.6294],
			"to": [-3.94672, 10, -11.6294],
			"rotation": {"angle": 22.5, "axis": "y", "origin": [-4.44672, 6, -12.1294]},
			"faces": {
				"north": {"uv": [13.875, 9.516, 14.469, 10.109], "texture": "#0"},
				"east": {"uv": [14.406, 9.75, 15, 10.344], "texture": "#0"},
				"south": {"uv": [14.172, 9.578, 14.765, 10.172], "texture": "#0"},
				"west": {"uv": [14.234, 9.344, 14.828, 9.937], "texture": "#0"},
				"up": {"uv": [14.516, 9.813, 15.109, 10.406], "texture": "#0"},
				"down": {"uv": [13.875, 9.281, 14.469, 9.875], "texture": "#0"}
			}
		},
		{
			"from": [-9.9216, 1, 15.61897],
			"to": [-8.9216, 10, 16.61897],
			"rotation": {"angle": -22.5, "axis": "y", "origin": [-4.44672, 6, 28.1294]},
			"faces": {
				"north": {"uv": [14.047, 9.75, 14.64, 10.344], "texture": "#0"},
				"east": {"uv": [14.234, 9.469, 14.828, 10.062], "texture": "#0"},
				"south": {"uv": [14.344, 9.703, 14.937, 10.297], "texture": "#0"},
				"west": {"uv": [14.469, 9.516, 15.062, 10.109], "texture": "#0"},
				"up": {"uv": [14.281, 9.703, 14.875, 10.297], "texture": "#0"},
				"down": {"uv": [14.109, 9.703, 14.703, 10.297], "texture": "#0"}
			}
		},
		{
			"from": [20.30519, 1, -13.20177],
			"to": [21.30519, 10, -12.20177],
			"rotation": {"angle": -22.5, "axis": "y", "origin": [19.1872, 6, -13.31666]},
			"faces": {
				"north": {"uv": [14.516, 9.938, 15.109, 10.531], "texture": "#0"},
				"east": {"uv": [14.109, 9.813, 14.703, 10.406], "texture": "#0"},
				"south": {"uv": [14.172, 9.578, 14.765, 10.172], "texture": "#0"},
				"west": {"uv": [14.344, 9.813, 14.937, 10.406], "texture": "#0"},
				"up": {"uv": [14.234, 9.641, 14.828, 10.234], "texture": "#0"},
				"down": {"uv": [14.281, 9.813, 14.875, 10.406], "texture": "#0"}
			}
		},
		{
			"from": [25.28007, 1, 16.19134],
			"to": [26.28007, 10, 17.19134],
			"rotation": {"angle": 22.5, "axis": "y", "origin": [19.1872, 6, 29.31666]},
			"faces": {
				"north": {"uv": [14.109, 9.578, 14.702, 10.171], "texture": "#0"},
				"east": {"uv": [14.172, 9.703, 14.764, 10.295], "texture": "#0"},
				"south": {"uv": [14.344, 9.641, 14.936, 10.233], "texture": "#0"},
				"west": {"uv": [14.047, 9.578, 14.639, 10.17], "texture": "#0"},
				"up": {"uv": [14.172, 9.578, 14.764, 10.171], "texture": "#0"},
				"down": {"uv": [13.938, 9.469, 14.531, 10.062], "texture": "#0"}
			}
		},
		{
			"from": [24.97613, 2.5, 15.22659],
			"to": [25.97613, 12.5, 16.22659],
			"rotation": {"angle": 22.5, "axis": "y", "origin": [19.1872, 6, 29.31666]},
			"faces": {
				"north": {"uv": [14.109, 9.578, 14.702, 10.171], "texture": "#0"},
				"east": {"uv": [14.172, 9.703, 14.764, 10.295], "texture": "#0"},
				"south": {"uv": [14.344, 9.641, 14.936, 10.233], "texture": "#0"},
				"west": {"uv": [14.047, 9.578, 14.639, 10.17], "texture": "#0"},
				"up": {"uv": [14.172, 9.578, 14.764, 10.171], "texture": "#0"},
				"down": {"uv": [13.938, 9.469, 14.531, 10.062], "texture": "#0"}
			}
		},
		{
			"from": [-9.97613, 2.5, 15.22659],
			"to": [-8.97613, 12.5, 16.22659],
			"rotation": {"angle": -22.5, "axis": "y", "origin": [-3.1872, 6, 29.31666]},
			"faces": {
				"north": {"uv": [14.109, 9.578, 14.702, 10.171], "texture": "#0"},
				"east": {"uv": [14.172, 9.703, 14.764, 10.295], "texture": "#0"},
				"south": {"uv": [14.344, 9.641, 14.936, 10.233], "texture": "#0"},
				"west": {"uv": [14.047, 9.578, 14.639, 10.17], "texture": "#0"},
				"up": {"uv": [14.172, 9.578, 14.764, 10.171], "texture": "#0"},
				"down": {"uv": [13.938, 9.469, 14.531, 10.062], "texture": "#0"}
			}
		},
		{
			"from": [-2.50097, 1, -15.07515],
			"to": [-1.50097, 10, -14.07515],
			"rotation": {"angle": -22.5, "axis": "y", "origin": [-2.00097, 6, -14.57515]},
			"faces": {
				"north": {"uv": [14.234, 9.516, 14.828, 10.109], "texture": "#0"},
				"east": {"uv": [14.406, 9.75, 15, 10.344], "texture": "#0"},
				"south": {"uv": [14.172, 9.578, 14.765, 10.172], "texture": "#0"},
				"west": {"uv": [14.234, 9.344, 14.828, 9.937], "texture": "#0"},
				"up": {"uv": [14.516, 9.813, 15.109, 10.406], "rotation": 270, "texture": "#0"},
				"down": {"uv": [13.875, 9.281, 14.469, 9.875], "rotation": 90, "texture": "#0"}
			}
		},
		{
			"from": [2.47391, 1, 18.06471],
			"to": [3.47391, 10, 19.06471],
			"rotation": {"angle": 22.5, "axis": "y", "origin": [-2.00097, 6, 30.57515]},
			"faces": {
				"north": {"uv": [14.047, 9.75, 14.64, 10.344], "texture": "#0"},
				"east": {"uv": [14.234, 9.469, 14.828, 10.062], "texture": "#0"},
				"south": {"uv": [14.344, 9.703, 14.937, 10.297], "texture": "#0"},
				"west": {"uv": [14.469, 9.516, 15.062, 10.109], "texture": "#0"},
				"up": {"uv": [14.281, 9.703, 14.875, 10.297], "rotation": 270, "texture": "#0"},
				"down": {"uv": [14.109, 9.703, 14.703, 10.297], "rotation": 90, "texture": "#0"}
			}
		},
		{
			"from": [18.07287, 1, -15.4333],
			"to": [19.07287, 10, -14.4333],
			"rotation": {"angle": 22.5, "axis": "y", "origin": [19.1872, 6, -13.31666]},
			"faces": {
				"north": {"uv": [14.516, 9.938, 15.109, 10.531], "texture": "#0"},
				"east": {"uv": [14.109, 9.813, 14.703, 10.406], "texture": "#0"},
				"south": {"uv": [14.172, 9.578, 14.765, 10.172], "texture": "#0"},
				"west": {"uv": [14.344, 9.813, 14.937, 10.406], "texture": "#0"},
				"up": {"uv": [14.234, 9.641, 14.828, 10.234], "rotation": 270, "texture": "#0"},
				"down": {"uv": [14.281, 9.813, 14.875, 10.406], "rotation": 90, "texture": "#0"}
			}
		},
		{
			"from": [13.09799, 1, 18.42286],
			"to": [14.09799, 10, 19.42286],
			"rotation": {"angle": -22.5, "axis": "y", "origin": [19.1872, 6, 29.31666]},
			"faces": {
				"north": {"uv": [14.109, 9.578, 14.702, 10.171], "texture": "#0"},
				"east": {"uv": [14.172, 9.703, 14.764, 10.295], "texture": "#0"},
				"south": {"uv": [14.344, 9.641, 14.936, 10.233], "texture": "#0"},
				"west": {"uv": [14.047, 9.578, 14.639, 10.17], "texture": "#0"},
				"up": {"uv": [14.172, 9.578, 14.764, 10.171], "rotation": 270, "texture": "#0"},
				"down": {"uv": [13.938, 9.469, 14.531, 10.062], "rotation": 90, "texture": "#0"}
			}
		},
		{
			"from": [12.20089, 2.5, 17.9556],
			"to": [13.20089, 12.5, 18.9556],
			"rotation": {"angle": -22.5, "axis": "y", "origin": [19.1872, 6, 29.31666]},
			"faces": {
				"north": {"uv": [14.109, 9.578, 14.702, 10.171], "texture": "#0"},
				"east": {"uv": [14.172, 9.703, 14.764, 10.295], "texture": "#0"},
				"south": {"uv": [14.344, 9.641, 14.936, 10.233], "texture": "#0"},
				"west": {"uv": [14.047, 9.578, 14.639, 10.17], "texture": "#0"},
				"up": {"uv": [14.172, 9.578, 14.764, 10.171], "rotation": 270, "texture": "#0"},
				"down": {"uv": [13.938, 9.469, 14.531, 10.062], "rotation": 90, "texture": "#0"}
			}
		},
		{
			"from": [2.79911, 2.5, 17.9556],
			"to": [3.79911, 12.5, 18.9556],
			"rotation": {"angle": 22.5, "axis": "y", "origin": [-3.1872, 6, 29.31666]},
			"faces": {
				"north": {"uv": [14.109, 9.578, 14.702, 10.171], "texture": "#0"},
				"east": {"uv": [14.172, 9.703, 14.764, 10.295], "texture": "#0"},
				"south": {"uv": [14.344, 9.641, 14.936, 10.233], "texture": "#0"},
				"west": {"uv": [14.047, 9.578, 14.639, 10.17], "texture": "#0"},
				"up": {"uv": [14.172, 9.578, 14.764, 10.171], "rotation": 270, "texture": "#0"},
				"down": {"uv": [13.938, 9.469, 14.531, 10.062], "rotation": 90, "texture": "#0"}
			}
		},
		{
			"from": [-2.27157, 1, -15.22843],
			"to": [8.72843, 10, -14.22843],
			"rotation": {"angle": 0, "axis": "y", "origin": [8.72843, 8, 8.27157]},
			"faces": {
				"north": {"uv": [14.516, 9.938, 15.109, 10.531], "texture": "#0"},
				"east": {"uv": [14.109, 9.813, 14.703, 10.406], "texture": "#0"},
				"south": {"uv": [14.172, 9.578, 14.765, 10.172], "texture": "#0"},
				"west": {"uv": [14.344, 9.813, 14.937, 10.406], "texture": "#0"},
				"up": {"uv": [14.234, 9.641, 14.828, 10.234], "texture": "#0"},
				"down": {"uv": [14.281, 9.813, 14.875, 10.406], "texture": "#0"}
			}
		},
		{
			"from": [-2.27157, 1, 17.22843],
			"to": [8.72843, 10, 18.22843],
			"rotation": {"angle": 0, "axis": "y", "origin": [8.72843, 8, 7.72843]},
			"faces": {
				"north": {"uv": [14.109, 9.578, 14.702, 10.171], "texture": "#0"},
				"east": {"uv": [14.172, 9.703, 14.764, 10.295], "texture": "#0"},
				"south": {"uv": [14.344, 9.641, 14.936, 10.233], "texture": "#0"},
				"west": {"uv": [14.047, 9.578, 14.639, 10.17], "texture": "#0"},
				"up": {"uv": [14.172, 9.578, 14.764, 10.171], "texture": "#0"},
				"down": {"uv": [13.938, 9.469, 14.531, 10.062], "texture": "#0"}
			}
		},
		{
			"from": [-1.22843, 2.5, -15.37843],
			"to": [17.27157, 9.5, -14.87843],
			"rotation": {"angle": 0, "axis": "y", "origin": [12.77157, 5.5, -15.72843]},
			"faces": {
				"north": {"uv": [0.0313, 9.8129, 8.4979, 12.5], "texture": "#0"},
				"east": {"uv": [14.516, 7.234, 15.109, 7.827], "texture": "#0"},
				"south": {"uv": [14.172, 7.172, 14.764, 7.765], "texture": "#0"},
				"west": {"uv": [14.047, 7, 14.639, 7.593], "texture": "#0"},
				"up": {"uv": [14.344, 6.938, 14.937, 7.53], "texture": "#0"},
				"down": {"uv": [14.344, 7.109, 14.937, 7.702], "texture": "#0"}
			}
		},
		{
			"from": [-1.22843, 2.5, 17.85343],
			"to": [17.27157, 9.5, 18.35343],
			"rotation": {"angle": 0, "axis": "y", "origin": [12.77157, 5.5, 31.72843]},
			"faces": {
				"north": {"uv": [14.936, 7.109, 14.344, 7.703], "texture": "#0"},
				"east": {"uv": [15.062, 6.875, 14.469, 7.468], "texture": "#0"},
				"south": {"uv": [0.03125, 9.81288, 8.49788, 12.49758], "texture": "#0"},
				"west": {"uv": [14.936, 7.109, 14.344, 7.702], "texture": "#0"},
				"up": {"uv": [13.938, 7.639, 14.531, 7.047], "texture": "#0"},
				"down": {"uv": [14.047, 7.874, 14.64, 7.281], "texture": "#0"}
			}
		},
		{
			"from": [7.27157, 1, -15.22843],
			"to": [18.27157, 10, -14.22843],
			"rotation": {"angle": 0, "axis": "y", "origin": [9.27157, 8, 8.27157]},
			"faces": {
				"north": {"uv": [14.516, 9.938, 15.109, 10.531], "texture": "#0"},
				"east": {"uv": [14.109, 9.813, 14.703, 10.406], "texture": "#0"},
				"south": {"uv": [14.172, 9.578, 14.765, 10.172], "texture": "#0"},
				"west": {"uv": [14.344, 9.813, 14.937, 10.406], "texture": "#0"},
				"up": {"uv": [14.234, 9.641, 14.828, 10.234], "texture": "#0"},
				"down": {"uv": [14.281, 9.813, 14.875, 10.406], "texture": "#0"}
			}
		},
		{
			"from": [7.27157, 1, 17.22843],
			"to": [18.27157, 10, 18.22843],
			"rotation": {"angle": 0, "axis": "y", "origin": [9.27157, 8, 7.72843]},
			"faces": {
				"north": {"uv": [14.109, 9.578, 14.702, 10.171], "texture": "#0"},
				"east": {"uv": [14.172, 9.703, 14.764, 10.295], "texture": "#0"},
				"south": {"uv": [14.344, 9.641, 14.936, 10.233], "texture": "#0"},
				"west": {"uv": [14.047, 9.578, 14.639, 10.17], "texture": "#0"},
				"up": {"uv": [14.172, 9.578, 14.764, 10.171], "texture": "#0"},
				"down": {"uv": [13.938, 9.469, 14.531, 10.062], "texture": "#0"}
			}
		},
		{
			"from": [6.62157, 10.30866, 16.49149],
			"to": [17.62157, 12.30866, 17.49149],
			"rotation": {"angle": -22.5, "axis": "x", "origin": [8, 12.30866, 16.99149]},
			"faces": {
				"north": {"uv": [14.109, 9.578, 14.702, 10.171], "texture": "#0"},
				"east": {"uv": [14.172, 9.703, 14.764, 10.295], "texture": "#0"},
				"south": {"uv": [14.344, 9.641, 14.936, 10.233], "texture": "#0"},
				"west": {"uv": [14.047, 9.578, 14.639, 10.17], "texture": "#0"},
				"up": {"uv": [14.172, 9.578, 14.764, 10.171], "texture": "#0"},
				"down": {"uv": [13.938, 9.469, 14.531, 10.062], "texture": "#0"}
			}
		},
		{
			"from": [6.62157, 9.65224, 17.21879],
			"to": [17.62157, 10.65224, 18.21879],
			"rotation": {"angle": 0, "axis": "y", "origin": [8.00079, 11.65224, 17.71879]},
			"faces": {
				"north": {"uv": [14.344, 9.578, 14.937, 10.172], "texture": "#0"},
				"east": {"uv": [14.344, 9.703, 14.937, 10.297], "texture": "#0"},
				"south": {"uv": [14.406, 9.75, 15, 10.344], "texture": "#0"},
				"west": {"uv": [14, 9.344, 14.594, 9.937], "texture": "#0"},
				"up": {"uv": [14, 9.75, 14.594, 10.344], "texture": "#0"},
				"down": {"uv": [14.406, 9.875, 15, 10.469], "texture": "#0"}
			}
		},
		{
			"from": [-1.62157, 10.30866, 16.49149],
			"to": [9.37843, 12.30866, 17.49149],
			"rotation": {"angle": -22.5, "axis": "x", "origin": [8, 12.30866, 16.99149]},
			"faces": {
				"north": {"uv": [14.109, 9.578, 14.702, 10.171], "texture": "#0"},
				"east": {"uv": [14.172, 9.703, 14.764, 10.295], "texture": "#0"},
				"south": {"uv": [14.344, 9.641, 14.936, 10.233], "texture": "#0"},
				"west": {"uv": [14.047, 9.578, 14.639, 10.17], "texture": "#0"},
				"up": {"uv": [14.172, 9.578, 14.764, 10.171], "texture": "#0"},
				"down": {"uv": [13.938, 9.469, 14.531, 10.062], "texture": "#0"}
			}
		},
		{
			"from": [-1.62157, 9.65224, 17.21879],
			"to": [9.37843, 10.65224, 18.21879],
			"rotation": {"angle": 0, "axis": "y", "origin": [7.99921, 11.65224, 17.71879]},
			"faces": {
				"north": {"uv": [14.109, 9.578, 14.702, 10.171], "texture": "#0"},
				"east": {"uv": [14.172, 9.703, 14.764, 10.295], "texture": "#0"},
				"south": {"uv": [14.344, 9.641, 14.936, 10.233], "texture": "#0"},
				"west": {"uv": [14.047, 9.578, 14.639, 10.17], "texture": "#0"},
				"up": {"uv": [14.172, 9.578, 14.764, 10.171], "texture": "#0"},
				"down": {"uv": [13.938, 9.469, 14.531, 10.062], "texture": "#0"}
			}
		},
		{
			"from": [7.27157, 7, 17.22843],
			"to": [18.27157, 10, 18.22843],
			"rotation": {"angle": 0, "axis": "y", "origin": [9.27157, 8, 7.72843]},
			"faces": {
				"north": {"uv": [14.344, 9.578, 14.937, 10.172], "texture": "#0"},
				"east": {"uv": [14.344, 9.703, 14.937, 10.297], "texture": "#0"},
				"south": {"uv": [14.406, 9.75, 15, 10.344], "texture": "#0"},
				"west": {"uv": [14, 9.344, 14.594, 9.937], "texture": "#0"},
				"up": {"uv": [14, 9.75, 14.594, 10.344], "texture": "#0"},
				"down": {"uv": [14.406, 9.875, 15, 10.469], "texture": "#0"}
			}
		},
		{
			"from": [6.62157, 2.5, 14.45343],
			"to": [17.62157, 12.5, 17.45343],
			"rotation": {"angle": 0, "axis": "y", "origin": [9.27157, 8, 7.72843]},
			"faces": {
				"north": {"uv": [14.109, 9.578, 14.702, 10.171], "texture": "#0"},
				"east": {"uv": [14.172, 9.703, 14.764, 10.295], "texture": "#0"},
				"south": {"uv": [14.344, 9.641, 14.936, 10.233], "texture": "#0"},
				"west": {"uv": [14.047, 9.578, 14.639, 10.17], "texture": "#0"},
				"up": {"uv": [14.172, 9.578, 14.764, 10.171], "texture": "#0"},
				"down": {"uv": [13.938, 9.469, 14.531, 10.062], "texture": "#0"}
			}
		},
		{
			"from": [-1.62157, 2.5, 14.45343],
			"to": [9.37843, 12.5, 17.45343],
			"rotation": {"angle": 0, "axis": "y", "origin": [6.72843, 8, 7.72843]},
			"faces": {
				"north": {"uv": [14.109, 9.578, 14.702, 10.171], "texture": "#0"},
				"east": {"uv": [14.172, 9.703, 14.764, 10.295], "texture": "#0"},
				"south": {"uv": [14.344, 9.641, 14.936, 10.233], "texture": "#0"},
				"west": {"uv": [14.047, 9.578, 14.639, 10.17], "texture": "#0"},
				"up": {"uv": [14.172, 9.578, 14.764, 10.171], "texture": "#0"},
				"down": {"uv": [13.938, 9.469, 14.531, 10.062], "texture": "#0"}
			}
		},
		{
			"from": [9.45, 2.5, 13.625],
			"to": [20.45, 12.5, 14.625],
			"rotation": {"angle": 0, "axis": "y", "origin": [12.1, 8, 2.9]},
			"faces": {
				"north": {"uv": [14.109, 9.578, 14.702, 10.171], "texture": "#0"},
				"east": {"uv": [14.172, 9.703, 14.764, 10.295], "texture": "#0"},
				"south": {"uv": [14.344, 9.641, 14.936, 10.233], "texture": "#0"},
				"west": {"uv": [14.047, 9.578, 14.639, 10.17], "texture": "#0"},
				"up": {"uv": [14.172, 9.578, 14.764, 10.171], "texture": "#0"},
				"down": {"uv": [13.938, 9.469, 14.531, 10.062], "texture": "#0"}
			}
		},
		{
			"from": [-4.45, 2.5, 13.625],
			"to": [10.55, 12.5, 14.625],
			"rotation": {"angle": 0, "axis": "y", "origin": [3.9, 8, 2.9]},
			"faces": {
				"north": {"uv": [14.109, 9.578, 14.702, 10.171], "texture": "#0"},
				"east": {"uv": [14.172, 9.703, 14.764, 10.295], "texture": "#0"},
				"south": {"uv": [14.344, 9.641, 14.936, 10.233], "texture": "#0"},
				"west": {"uv": [14.047, 9.578, 14.639, 10.17], "texture": "#0"},
				"up": {"uv": [14.172, 9.578, 14.764, 10.171], "texture": "#0"},
				"down": {"uv": [13.938, 9.469, 14.531, 10.062], "texture": "#0"}
			}
		},
		{
			"from": [20.1, 1, -12.4],
			"to": [21.1, 10, -5.9],
			"rotation": {"angle": 0, "axis": "y", "origin": [7.05, 8, 8.6]},
			"faces": {
				"north": {"uv": [14.109, 9.578, 14.702, 10.171], "texture": "#0"},
				"east": {"uv": [14.172, 9.703, 14.764, 10.295], "texture": "#0"},
				"south": {"uv": [14.344, 9.641, 14.936, 10.233], "texture": "#0"},
				"west": {"uv": [14.047, 9.578, 14.639, 10.17], "texture": "#0"},
				"up": {"uv": [14.172, 9.578, 14.764, 10.171], "texture": "#0"},
				"down": {"uv": [13.938, 9.469, 14.531, 10.062], "texture": "#0"}
			}
		},
		{
			"from": [20.1, 1, 8.9],
			"to": [21.1, 10, 15.4],
			"rotation": {"angle": 0, "axis": "y", "origin": [7.05, 8, 7.4]},
			"faces": {
				"north": {"uv": [14.109, 9.578, 14.702, 10.171], "texture": "#0"},
				"east": {"uv": [14.172, 9.703, 14.764, 10.295], "texture": "#0"},
				"south": {"uv": [14.344, 9.641, 14.936, 10.233], "texture": "#0"},
				"west": {"uv": [14.047, 9.578, 14.639, 10.17], "texture": "#0"},
				"up": {"uv": [14.172, 9.578, 14.764, 10.171], "texture": "#0"},
				"down": {"uv": [13.938, 9.469, 14.531, 10.062], "texture": "#0"}
			}
		},
		{
			"from": [20.1, 1, -2.4],
			"to": [21.1, 10, 5.1],
			"rotation": {"angle": 0, "axis": "y", "origin": [7.05, 8, 8.6]},
			"faces": {
				"north": {"uv": [14.109, 9.578, 14.702, 10.171], "texture": "#0"},
				"east": {"uv": [14.172, 9.703, 14.764, 10.295], "texture": "#0"},
				"south": {"uv": [14.344, 9.641, 14.936, 10.233], "texture": "#0"},
				"west": {"uv": [14.047, 9.578, 14.639, 10.17], "texture": "#0"},
				"up": {"uv": [14.172, 9.578, 14.764, 10.171], "texture": "#0"},
				"down": {"uv": [13.938, 9.469, 14.531, 10.062], "texture": "#0"}
			}
		},
		{
			"from": [19.1, 1, -5.9],
			"to": [21.1, 4, -2.4],
			"rotation": {"angle": 0, "axis": "y", "origin": [7.05, 8, 8.6]},
			"faces": {
				"north": {"uv": [1, 0, 3, 3], "texture": "#1"},
				"east": {"uv": [0, 0, 4, 3], "texture": "#1"},
				"south": {"uv": [1, 0, 3, 3], "texture": "#1"},
				"west": {"uv": [14.406, 9.641, 15, 10.234], "texture": "#0"},
				"up": {"uv": [1, 0, 3, 4], "texture": "#1"},
				"down": {"uv": [1, 0, 3, 4], "texture": "#1"}
			}
		},
		{
			"from": [19.1, 1, 5.1],
			"to": [21.1, 4, 8.9],
			"rotation": {"angle": 0, "axis": "y", "origin": [7.05, 8, 8.6]},
			"faces": {
				"north": {"uv": [1, 0, 3, 3], "texture": "#1"},
				"east": {"uv": [0, 0, 4, 3], "texture": "#1"},
				"south": {"uv": [1, 0, 3, 3], "texture": "#1"},
				"west": {"uv": [14.406, 9.641, 15, 10.234], "texture": "#0"},
				"up": {"uv": [1, 0, 3, 4], "texture": "#1"},
				"down": {"uv": [1, 0, 3, 4], "texture": "#1"}
			}
		},
		{
			"from": [19.1, 1, -9.9],
			"to": [20.6, 8.5, -5.9],
			"rotation": {"angle": 0, "axis": "y", "origin": [6.55, 8, 8.625]},
			"faces": {
				"north": {"uv": [15.3, 9.516, 14, 10.516], "texture": "#0"},
				"east": {"uv": [14.872, 9.578, 14.281, 10.172], "texture": "#0"},
				"south": {"uv": [15.113, 9.344, 13.813, 10.344], "texture": "#0"},
				"west": {"uv": [14.872, 9.75, 14.281, 10.344], "texture": "#0"},
				"up": {"uv": [14.406, 10.003, 14.997, 9.406], "texture": "#0"},
				"down": {"uv": [14.469, 10.237, 15.059, 9.641], "texture": "#0"}
			}
		},
		{
			"from": [19.1, 1, -2.4],
			"to": [20.6, 8.5, 5.1],
			"rotation": {"angle": 0, "axis": "y", "origin": [8.05, 5, 8.125]},
			"faces": {
				"north": {"uv": [14.281, 9.641, 14.875, 10.234], "texture": "#0"},
				"east": {"uv": [14.469, 9.516, 15.062, 10.109], "texture": "#0"},
				"south": {"uv": [14.344, 9.516, 14.937, 10.109], "texture": "#0"},
				"west": {"uv": [14.172, 9.516, 14.765, 10.109], "texture": "#0"},
				"up": {"uv": [14.281, 9.75, 14.875, 10.344], "texture": "#0"},
				"down": {"uv": [13.875, 9.516, 14.469, 10.109], "texture": "#0"}
			}
		},
		{
			"from": [19.1, 1, 8.9],
			"to": [20.6, 8.5, 15.55],
			"rotation": {"angle": 0, "axis": "y", "origin": [8.05, 5, 7.5]},
			"faces": {
				"north": {"uv": [14.281, 9.641, 14.875, 10.234], "texture": "#0"},
				"east": {"uv": [14.469, 9.516, 15.062, 10.109], "texture": "#0"},
				"south": {"uv": [14.344, 9.516, 14.937, 10.109], "texture": "#0"},
				"west": {"uv": [14.172, 9.516, 14.765, 10.109], "texture": "#0"},
				"up": {"uv": [14.281, 9.75, 14.875, 10.344], "texture": "#0"},
				"down": {"uv": [13.875, 9.516, 14.469, 10.109], "texture": "#0"}
			}
		},
		{
			"from": [-4.6, 1, -8.725],
			"to": [-3.1, 8.5, 5.775],
			"rotation": {"angle": 0, "axis": "y", "origin": [-3.85, 5, 1.85]},
			"faces": {
				"north": {"uv": [15.3, 9.516, 14, 10.516], "texture": "#0"},
				"east": {"uv": [14.933, 9.516, 14.344, 10.108], "texture": "#0"},
				"south": {"uv": [15.347, 9.406, 14.047, 10.406], "texture": "#0"},
				"west": {"uv": [14.996, 9.75, 14.406, 10.344], "texture": "#0"},
				"up": {"uv": [14.234, 10.003, 14.825, 9.406], "texture": "#0"},
				"down": {"uv": [14.406, 9.877, 14.996, 9.281], "texture": "#0"}
			}
		},
		{
			"from": [-4.6, 1, 1.075],
			"to": [-3.1, 8.5, 15.575],
			"rotation": {"angle": 0, "axis": "y", "origin": [-3.85, 5, 1.85]},
			"faces": {
				"north": {"uv": [15.3, 9.516, 14, 10.516], "texture": "#0"},
				"east": {"uv": [14.933, 9.516, 14.344, 10.108], "texture": "#0"},
				"south": {"uv": [15.347, 9.406, 14.047, 10.406], "texture": "#0"},
				"west": {"uv": [14.996, 9.75, 14.406, 10.344], "texture": "#0"},
				"up": {"uv": [14.234, 10.003, 14.825, 9.406], "texture": "#0"},
				"down": {"uv": [14.406, 9.877, 14.996, 9.281], "texture": "#0"}
			}
		},
		{
			"from": [-4.075, 5.5, -2.3],
			"to": [19.925, 6.5, 3.1],
			"rotation": {"angle": 0, "axis": "y", "origin": [7.1, 6.5, 8.6]},
			"faces": {
				"north": {"uv": [14.344, 7.406, 14.937, 8], "texture": "#0"},
				"east": {"uv": [14.109, 10.047, 14.703, 10.64], "texture": "#0"},
				"south": {"uv": [14.234, 9.344, 14.828, 9.937], "texture": "#0"},
				"west": {"uv": [14.234, 9.578, 14.828, 10.172], "texture": "#0"},
				"up": {"uv": [14.516, 7.281, 15.109, 7.875], "texture": "#0"},
				"down": {"uv": [14.172, 7.234, 14.765, 7.828], "texture": "#0"}
			}
		},
		{
			"from": [-4.9, 5.5, 8.1],
			"to": [19.1, 6.5, 13.6],
			"rotation": {"angle": 0, "axis": "y", "origin": [7.975, 5.51667, 11.71667]},
			"faces": {
				"north": {"uv": [14.109, 7.234, 14.703, 7.828], "texture": "#0"},
				"east": {"uv": [14.234, 9.469, 14.828, 10.062], "texture": "#0"},
				"south": {"uv": [14.234, 9.469, 14.828, 10.062], "texture": "#0"},
				"west": {"uv": [14, 9.813, 14.594, 10.406], "texture": "#0"},
				"up": {"uv": [13.938, 7, 14.531, 7.594], "texture": "#0"},
				"down": {"uv": [14.516, 7.109, 15.109, 7.703], "texture": "#0"}
			}
		},
		{
			"from": [-3.125, 0.275, 2.4],
			"to": [19.125, 13.275, 3.2],
			"rotation": {"angle": 0, "axis": "y", "origin": [7.825, 0.85, 7.575]},
			"faces": {
				"north": {"uv": [0.125, 3.485, 12.952, 9.607], "texture": "#0"},
				"east": {"uv": [14.578, 9.469, 15.172, 10.065], "rotation": 90, "texture": "#0"},
				"south": {"uv": [13.813, 9.578, 14.406, 10.172], "texture": "#0"},
				"west": {"uv": [14.172, 9.578, 14.765, 10.175], "rotation": 270, "texture": "#0"},
				"up": {"uv": [0.125, 4.28188, 12.952, 9.20075], "texture": "#0"},
				"down": {"uv": [8.75, 1.75, 14, 5.8], "rotation": 180, "texture": "#0"}
			}
		},
		{
			"from": [-3.125, 0.275, 12.825],
			"to": [19.125, 13.275, 13.625],
			"rotation": {"angle": 0, "axis": "y", "origin": [7.975, 5.51667, 11.71667]},
			"faces": {
				"north": {"uv": [0.125, 3.485, 12.952, 9.607], "texture": "#0"},
				"east": {"uv": [13.875, 9.406, 14.469, 10.003], "rotation": 90, "texture": "#0"},
				"south": {"uv": [14.172, 9.516, 14.765, 10.109], "texture": "#0"},
				"west": {"uv": [14.703, 9.75, 15.297, 10.347], "rotation": 270, "texture": "#0"},
				"up": {"uv": [0.125, 4.28188, 12.952, 9.20075], "texture": "#0"},
				"down": {"uv": [10.75, 1.5, 13.75, 5.55], "rotation": 180, "texture": "#0"}
			}
		},
		{
			"from": [-3.125, 0.275, -1.5],
			"to": [19.125, 6.275, -0.7],
			"rotation": {"angle": 0, "axis": "y", "origin": [7.825, 0.85, 7.575]},
			"faces": {
				"north": {"uv": [13.938, 9.938, 14.531, 10.531], "rotation": 180, "texture": "#0"},
				"east": {"uv": [14.109, 9.406, 14.703, 10.003], "rotation": 90, "texture": "#0"},
				"south": {"uv": [14.234, 9.172, 14.828, 10.171], "texture": "#0"},
				"west": {"uv": [14.281, 9.875, 14.875, 10.472], "rotation": 270, "texture": "#0"},
				"up": {"uv": [14.172, 9.344, 14.765, 9.94], "texture": "#0"},
				"down": {"uv": [14.406, 9.344, 15, 9.94], "rotation": 180, "texture": "#0"}
			}
		},
		{
			"from": [-3.125, 0.275, 9],
			"to": [19.125, 6.275, 9.8],
			"rotation": {"angle": 0, "axis": "y", "origin": [7.975, 5.51667, 11.71667]},
			"faces": {
				"north": {"uv": [13.938, 9.938, 14.531, 10.531], "rotation": 180, "texture": "#0"},
				"east": {"uv": [14.109, 9.406, 14.703, 10.003], "rotation": 90, "texture": "#0"},
				"south": {"uv": [14.234, 9.172, 14.828, 10.171], "texture": "#0"},
				"west": {"uv": [14.281, 9.875, 14.875, 10.472], "rotation": 270, "texture": "#0"},
				"up": {"uv": [14.172, 9.344, 14.765, 9.94], "texture": "#0"},
				"down": {"uv": [14.406, 9.344, 15, 9.94], "rotation": 180, "texture": "#0"}
			}
		},
		{
			"from": [-1.77675, 11.5, 14.03628],
			"to": [-0.77675, 12.5, 16.03628],
			"rotation": {"angle": 45, "axis": "y", "origin": [-1.57727, 12, 15.64997]},
			"faces": {
				"north": {"uv": [14.109, 9.578, 14.702, 10.171], "texture": "#0"},
				"east": {"uv": [14.172, 9.703, 14.764, 10.295], "texture": "#0"},
				"south": {"uv": [14.344, 9.641, 14.936, 10.233], "texture": "#0"},
				"west": {"uv": [14.047, 9.578, 14.639, 10.17], "texture": "#0"},
				"up": {"uv": [14.172, 9.578, 14.764, 10.171], "texture": "#0"},
				"down": {"uv": [13.938, 9.469, 14.531, 10.062], "texture": "#0"}
			}
		},
		{
			"from": [16.77675, 11.5, 14.03628],
			"to": [17.77675, 12.5, 16.03628],
			"rotation": {"angle": -45, "axis": "y", "origin": [17.57727, 12, 15.64997]},
			"faces": {
				"north": {"uv": [14.109, 9.578, 14.702, 10.171], "texture": "#0"},
				"east": {"uv": [14.172, 9.703, 14.764, 10.295], "texture": "#0"},
				"south": {"uv": [14.344, 9.641, 14.936, 10.233], "texture": "#0"},
				"west": {"uv": [14.047, 9.578, 14.639, 10.17], "texture": "#0"},
				"up": {"uv": [14.172, 9.578, 14.764, 10.171], "texture": "#0"},
				"down": {"uv": [13.938, 9.469, 14.531, 10.062], "texture": "#0"}
			}
		},
		{
			"from": [-5.25, 2.5, -11.5],
			"to": [-5, 9.5, 14.5],
			"faces": {
				"north": {"uv": [14.75, 7.328, 14.954, 7.531], "texture": "#0"},
				"east": {"uv": [13.938, 7, 14.531, 7.594], "texture": "#0"},
				"south": {"uv": [14.469, 7.469, 15.062, 8.031], "texture": "#0"},
				"west": {"uv": [0.064, 0.078, 15.922, 3.297], "texture": "#0"},
				"up": {"uv": [14.406, 7.047, 14.609, 7.843], "texture": "#0"},
				"down": {"uv": [14.25, 6.735, 15.031, 7.719], "texture": "#0"}
			}
		},
		{
			"from": [21.1, 2.5, -11.5],
			"to": [21.25, 9.5, -5.9],
			"faces": {
				"north": {"uv": [14.954, 7.328, 14.75, 7.531], "texture": "#0"},
				"east": {"uv": [8.59412, 12.70325, 11.52813, 15.90525], "texture": "#0"},
				"south": {"uv": [14.53, 9.406, 13.938, 9.968], "texture": "#0"},
				"west": {"uv": [14.531, 7, 13.938, 7.594], "texture": "#0"},
				"up": {"uv": [14.609, 7.047, 14.406, 7.843], "texture": "#0"},
				"down": {"uv": [15.031, 6.735, 14.25, 7.719], "texture": "#0"}
			}
		},
		{
			"from": [21.1, 2.5, -2.4],
			"to": [21.25, 9.5, 5.1],
			"faces": {
				"north": {"uv": [14.313, 10.75, 14.109, 10.953], "texture": "#0"},
				"east": {"uv": [4.60975, 12.673, 7.02812, 15.875], "texture": "#0"},
				"south": {"uv": [14.53, 9.406, 13.938, 9.968], "texture": "#0"},
				"west": {"uv": [14.593, 9.281, 14, 9.875], "texture": "#0"},
				"up": {"uv": [14.609, 7.047, 14.406, 7.843], "texture": "#0"},
				"down": {"uv": [15.031, 6.735, 14.25, 7.719], "texture": "#0"}
			}
		},
		{
			"from": [21.1, 2.5, 8.9],
			"to": [21.25, 9.5, 14.5],
			"faces": {
				"north": {"uv": [14.313, 10.75, 14.109, 10.953], "texture": "#0"},
				"east": {"uv": [0.094, 12.673, 2.965, 15.875], "texture": "#0"},
				"south": {"uv": [14.873, 7.172, 14.281, 7.733], "texture": "#0"},
				"west": {"uv": [14.593, 9.281, 14, 9.875], "texture": "#0"},
				"up": {"uv": [14.609, 7.047, 14.406, 7.843], "texture": "#0"},
				"down": {"uv": [15.031, 6.735, 14.25, 7.719], "texture": "#0"}
			}
		}
	],
	"display": {
		"thirdperson_righthand": {
			"rotation": [90, 0, 0],
			"translation": [-6, -15, -4]
		},
		"thirdperson_lefthand": {
			"rotation": [90, 0, 0],
			"translation": [-6, -15, -4]
		},
		"gui": {
			"rotation": [20, -141, 0],
			"translation": [-1.75, 1, 0],
			"scale": [0.48, 0.48, 0.48]
		},
		"head": {
			"translation": [0, -19.25, 39.25],
			"scale": [3, 3, 3]
		},
		"fixed": {
			"rotation": [-90, -90, 0],
			"translation": [-6.5, 0.5, -7.5]
		}
	},
	"groups": [0, 1, 2, 3, 4, 5, 6, 7, 8, 9,
		{
			"name": "front-bottom",
			"origin": [-5.34672, 0.5, -12.7294],
			"children": [10, 11, 12, 13, 14, 15, 16, 17, 18, 19, 20, 21, 22, 23]
		},
		{
			"name": "frame",
			"origin": [7.05, 8, 8.6],
			"children": [24, 25, 26, 27, 28, 29, 30, 31, 32, 33, 34, 35, 36, 37, 38, 39, 40, 41, 42, 43, 44, 45, 46, 47, 48, 49, 50, 51, 52, 53, 54, 55, 56, 57, 58, 59, 60, 61, 62, 63, 64, 65, 66, 67, 68, 69, 70, 71, 72]
		}, 73, 74, 75, 76, 77, 78, 79, 80, 81, 82, 83, 84]
}