{
	"credit": "Made with Blockbench",
	"textures": {
		"0": "custom/dlr/tomorrowland/smtun",
		"particle": "custom/dlr/tomorrowland/smtun"
	},
	"elements": [
		{
			"name": "hexadecagon",
			"from": [8, 5.5674, -8],
			"to": [16, 11.9326, -7.5],
			"rotation": {"angle": -22.5, "axis": "x", "origin": [6.325, 8.75, 8]},
			"faces": {
				"north": {"uv": [10, 10.5, 11, 11.5], "texture": "#0"},
				"east": {"uv": [10, 10.5, 11, 11.5], "texture": "#0"},
				"south": {"uv": [10.5, 10, 11.5, 11], "texture": "#0"},
				"west": {"uv": [10.5, 10, 11.5, 11], "texture": "#0"},
				"up": {"uv": [10, 11.5, 11, 12.5], "texture": "#0"},
				"down": {"uv": [11, 10.5, 12, 11.5], "texture": "#0"}
			}
		},
		{
			"name": "hexadecagon",
			"from": [8, 5.5674, -8],
			"to": [16, 11.9326, -7.5],
			"rotation": {"angle": 0, "axis": "x", "origin": [6.325, 8.75, 8]},
			"faces": {
				"north": {"uv": [10, 10.5, 11, 11.5], "texture": "#0"},
				"east": {"uv": [10, 10.5, 11, 11.5], "texture": "#0"},
				"south": {"uv": [10.5, 10, 11.5, 11], "texture": "#0"},
				"west": {"uv": [10.5, 10, 11.5, 11], "texture": "#0"},
				"up": {"uv": [10, 11.5, 11, 12.5], "texture": "#0"},
				"down": {"uv": [11, 10.5, 12, 11.5], "texture": "#0"}
			}
		},
		{
			"name": "hexadecagon",
			"from": [8, 5.5674, -8],
			"to": [16, 11.9326, -7.5],
			"rotation": {"angle": 22.5, "axis": "x", "origin": [6.325, 8.75, 8]},
			"faces": {
				"north": {"uv": [10, 10.5, 11, 11.5], "texture": "#0"},
				"east": {"uv": [10, 10.5, 11, 11.5], "texture": "#0"},
				"south": {"uv": [10.5, 10, 11.5, 11], "texture": "#0"},
				"west": {"uv": [10.5, 10, 11.5, 11], "texture": "#0"},
				"up": {"uv": [10, 11.5, 11, 12.5], "texture": "#0"},
				"down": {"uv": [11, 10.5, 12, 11.5], "texture": "#0"}
			}
		},
		{
			"name": "hexadecagon",
			"from": [8, 5.5674, -8],
			"to": [16, 11.9326, -7.5],
			"rotation": {"angle": 45, "axis": "x", "origin": [6.325, 8.75, 8]},
			"faces": {
				"north": {"uv": [10, 10.5, 11, 11.5], "texture": "#0"},
				"east": {"uv": [10, 10.5, 11, 11.5], "texture": "#0"},
				"south": {"uv": [10.5, 10, 11.5, 11], "texture": "#0"},
				"west": {"uv": [10.5, 10, 11.5, 11], "texture": "#0"},
				"up": {"uv": [10, 11.5, 11, 12.5], "texture": "#0"},
				"down": {"uv": [11, 10.5, 12, 11.5], "texture": "#0"}
			}
		},
		{
			"name": "hexadecagon",
			"from": [8, 9.56385, -8.07145],
			"to": [16, 11.67905, -7.57145],
			"rotation": {"angle": 45, "axis": "x", "origin": [6.325, 8.49645, 7.92855]},
			"faces": {
				"north": {"uv": [10, 10.5, 11, 11.5], "texture": "#0"},
				"east": {"uv": [10, 10.5, 11, 11.5], "texture": "#0"},
				"south": {"uv": [5.5, 8.5, 6.5, 9.5], "texture": "#0"},
				"west": {"uv": [10.5, 10, 11.5, 11], "texture": "#0"},
				"up": {"uv": [10, 11.5, 11, 12.5], "texture": "#0"},
				"down": {"uv": [11, 10.5, 12, 11.5], "texture": "#0"}
			}
		},
		{
			"name": "hexadecagon",
			"from": [8, 9.56385, 23.57145],
			"to": [16, 11.67905, 24.07145],
			"rotation": {"angle": -45, "axis": "x", "origin": [6.325, 8.49645, 8.07145]},
			"faces": {
				"north": {"uv": [6.5, 8.5, 5.5, 9.5], "texture": "#0"},
				"east": {"uv": [11, 10.5, 10, 11.5], "texture": "#0"},
				"south": {"uv": [11, 10.5, 10, 11.5], "texture": "#0"},
				"west": {"uv": [11.5, 10, 10.5, 11], "texture": "#0"},
				"up": {"uv": [10, 12.5, 11, 11.5], "texture": "#0"},
				"down": {"uv": [11, 11.5, 12, 10.5], "texture": "#0"}
			}
		},
		{
			"name": "hexadecagon",
			"from": [8, 6.8225, -10.78779],
			"to": [16, 8.9377, -10.28779],
			"rotation": {"angle": 45, "axis": "x", "origin": [6.325, 5.7551, 5.21221]},
			"faces": {
				"north": {"uv": [10, 10.5, 11, 11.5], "texture": "#0"},
				"east": {"uv": [10, 10.5, 11, 11.5], "texture": "#0"},
				"south": {"uv": [5.5, 8.5, 6.5, 9.5], "texture": "#0"},
				"west": {"uv": [10.5, 10, 11.5, 11], "texture": "#0"},
				"up": {"uv": [10, 11.5, 11, 12.5], "texture": "#0"},
				"down": {"uv": [11, 10.5, 12, 11.5], "texture": "#0"}
			}
		},
		{
			"name": "hexadecagon",
			"from": [8, 6.8225, 26.28779],
			"to": [16, 8.9377, 26.78779],
			"rotation": {"angle": -45, "axis": "x", "origin": [6.325, 5.7551, 10.78779]},
			"faces": {
				"north": {"uv": [6.5, 8.5, 5.5, 9.5], "texture": "#0"},
				"east": {"uv": [11, 10.5, 10, 11.5], "texture": "#0"},
				"south": {"uv": [11, 10.5, 10, 11.5], "texture": "#0"},
				"west": {"uv": [11.5, 10, 10.5, 11], "texture": "#0"},
				"up": {"uv": [10, 12.5, 11, 11.5], "texture": "#0"},
				"down": {"uv": [11, 11.5, 12, 10.5], "texture": "#0"}
			}
		},
		{
			"name": "hexadecagon",
			"from": [8, 13.83704, -6.62212],
			"to": [16, 15.95224, -6.12212],
			"rotation": {"angle": 22.5, "axis": "x", "origin": [8, 14.89464, -6.37212]},
			"faces": {
				"north": {"uv": [10, 10.5, 11, 11.5], "texture": "#0"},
				"east": {"uv": [10, 10.5, 11, 11.5], "texture": "#0"},
				"south": {"uv": [5.5, 8.5, 6.5, 9.5], "texture": "#0"},
				"west": {"uv": [10.5, 10, 11.5, 11], "texture": "#0"},
				"up": {"uv": [10, 11.5, 11, 12.5], "texture": "#0"},
				"down": {"uv": [11, 10.5, 12, 11.5], "texture": "#0"}
			}
		},
		{
			"name": "hexadecagon",
			"from": [8, 13.83704, 22.12212],
			"to": [16, 15.95224, 22.62212],
			"rotation": {"angle": -22.5, "axis": "x", "origin": [8, 14.89464, 22.37212]},
			"faces": {
				"north": {"uv": [6.5, 8.5, 5.5, 9.5], "texture": "#0"},
				"east": {"uv": [11, 10.5, 10, 11.5], "texture": "#0"},
				"south": {"uv": [11, 10.5, 10, 11.5], "texture": "#0"},
				"west": {"uv": [11.5, 10, 10.5, 11], "texture": "#0"},
				"up": {"uv": [10, 12.5, 11, 11.5], "texture": "#0"},
				"down": {"uv": [11, 11.5, 12, 10.5], "texture": "#0"}
			}
		},
		{
			"name": "hexadecagon",
			"from": [8, 9.8174, -7.85],
			"to": [16, 11.9326, -7.35],
			"rotation": {"angle": 0, "axis": "x", "origin": [8, 10.875, -7.6]},
			"faces": {
				"north": {"uv": [10, 10.5, 11, 11.5], "texture": "#0"},
				"east": {"uv": [10, 10.5, 11, 11.5], "texture": "#0"},
				"south": {"uv": [5.5, 8.5, 6.5, 9.5], "texture": "#0"},
				"west": {"uv": [10.5, 10, 11.5, 11], "texture": "#0"},
				"up": {"uv": [10, 11.5, 11, 12.5], "texture": "#0"},
				"down": {"uv": [11, 10.5, 12, 11.5], "texture": "#0"}
			}
		},
		{
			"name": "hexadecagon",
			"from": [8, 9.8174, 23.35],
			"to": [16, 11.9326, 23.85],
			"rotation": {"angle": 0, "axis": "x", "origin": [8, 10.875, 23.6]},
			"faces": {
				"north": {"uv": [6.5, 8.5, 5.5, 9.5], "texture": "#0"},
				"east": {"uv": [11, 10.5, 10, 11.5], "texture": "#0"},
				"south": {"uv": [11, 10.5, 10, 11.5], "texture": "#0"},
				"west": {"uv": [11.5, 10, 10.5, 11], "texture": "#0"},
				"up": {"uv": [10, 12.5, 11, 11.5], "texture": "#0"},
				"down": {"uv": [11, 11.5, 12, 10.5], "texture": "#0"}
			}
		},
		{
			"name": "hexadecagon",
			"from": [8, 5.6924, -7.85],
			"to": [16, 7.8076, -7.35],
			"rotation": {"angle": 0, "axis": "x", "origin": [8, 6.75, -7.6]},
			"faces": {
				"north": {"uv": [10, 10.5, 11, 11.5], "texture": "#0"},
				"east": {"uv": [10, 10.5, 11, 11.5], "texture": "#0"},
				"south": {"uv": [5.5, 8.5, 6.5, 9.5], "texture": "#0"},
				"west": {"uv": [10.5, 10, 11.5, 11], "texture": "#0"},
				"up": {"uv": [10, 11.5, 11, 12.5], "texture": "#0"},
				"down": {"uv": [11, 10.5, 12, 11.5], "texture": "#0"}
			}
		},
		{
			"name": "hexadecagon",
			"from": [8, 5.6924, 23.35],
			"to": [16, 7.8076, 23.85],
			"rotation": {"angle": 0, "axis": "x", "origin": [8, 6.75, 23.6]},
			"faces": {
				"north": {"uv": [6.5, 8.5, 5.5, 9.5], "texture": "#0"},
				"east": {"uv": [11, 10.5, 10, 11.5], "texture": "#0"},
				"south": {"uv": [11, 10.5, 10, 11.5], "texture": "#0"},
				"west": {"uv": [11.5, 10, 10.5, 11], "texture": "#0"},
				"up": {"uv": [10, 12.5, 11, 11.5], "texture": "#0"},
				"down": {"uv": [11, 11.5, 12, 10.5], "texture": "#0"}
			}
		},
		{
			"name": "hexadecagon",
			"from": [8, 1.7674, -6.7],
			"to": [16, 3.8826, -6.2],
			"rotation": {"angle": -22.5, "axis": "x", "origin": [8, 2.825, -6.45]},
			"faces": {
				"north": {"uv": [10, 10.5, 11, 11.5], "texture": "#0"},
				"east": {"uv": [10, 10.5, 11, 11.5], "texture": "#0"},
				"south": {"uv": [5.5, 8.5, 6.5, 9.5], "texture": "#0"},
				"west": {"uv": [10.5, 10, 11.5, 11], "texture": "#0"},
				"up": {"uv": [10, 11.5, 11, 12.5], "texture": "#0"},
				"down": {"uv": [11, 10.5, 12, 11.5], "texture": "#0"}
			}
		},
		{
			"name": "hexadecagon",
			"from": [8, 1.7674, 22.2],
			"to": [16, 3.8826, 22.7],
			"rotation": {"angle": 22.5, "axis": "x", "origin": [8, 2.825, 22.45]},
			"faces": {
				"north": {"uv": [6.5, 8.5, 5.5, 9.5], "texture": "#0"},
				"east": {"uv": [11, 10.5, 10, 11.5], "texture": "#0"},
				"south": {"uv": [11, 10.5, 10, 11.5], "texture": "#0"},
				"west": {"uv": [11.5, 10, 10.5, 11], "texture": "#0"},
				"up": {"uv": [10, 12.5, 11, 11.5], "texture": "#0"},
				"down": {"uv": [11, 11.5, 12, 10.5], "texture": "#0"}
			}
		},
		{
			"name": "hexadecagon",
			"from": [8, 5.5674, 23.5],
			"to": [16, 11.9326, 24],
			"rotation": {"angle": -45, "axis": "x", "origin": [6.325, 8.75, 8]},
			"faces": {
				"north": {"uv": [10, 10.5, 11, 11.5], "texture": "#0"},
				"east": {"uv": [10, 10.5, 11, 11.5], "texture": "#0"},
				"south": {"uv": [10.5, 10, 11.5, 11], "texture": "#0"},
				"west": {"uv": [10.5, 10, 11.5, 11], "texture": "#0"},
				"up": {"uv": [10, 11.5, 11, 12.5], "texture": "#0"},
				"down": {"uv": [11, 10.5, 12, 11.5], "texture": "#0"}
			}
		},
		{
			"name": "hexadecagon",
			"from": [8, 5.5674, 23.5],
			"to": [16, 11.9326, 24],
			"rotation": {"angle": -22.5, "axis": "x", "origin": [6.325, 8.75, 8]},
			"faces": {
				"north": {"uv": [10, 10.5, 11, 11.5], "texture": "#0"},
				"east": {"uv": [10, 10.5, 11, 11.5], "texture": "#0"},
				"south": {"uv": [10.5, 10, 11.5, 11], "texture": "#0"},
				"west": {"uv": [10.5, 10, 11.5, 11], "texture": "#0"},
				"up": {"uv": [10, 11.5, 11, 12.5], "texture": "#0"},
				"down": {"uv": [11, 10.5, 12, 11.5], "texture": "#0"}
			}
		},
		{
			"name": "hexadecagon",
			"from": [8, 5.5674, 23.5],
			"to": [16, 11.9326, 24],
			"rotation": {"angle": 0, "axis": "x", "origin": [6.325, 8.75, 8]},
			"faces": {
				"north": {"uv": [10, 10.5, 11, 11.5], "texture": "#0"},
				"east": {"uv": [10, 10.5, 11, 11.5], "texture": "#0"},
				"south": {"uv": [10.5, 10, 11.5, 11], "texture": "#0"},
				"west": {"uv": [10.5, 10, 11.5, 11], "texture": "#0"},
				"up": {"uv": [10, 11.5, 11, 12.5], "texture": "#0"},
				"down": {"uv": [11, 10.5, 12, 11.5], "texture": "#0"}
			}
		},
		{
			"name": "hexadecagon",
			"from": [8, -0.45986, 22.3011],
			"to": [16, 5.90534, 22.8011],
			"rotation": {"angle": 22.5, "axis": "x", "origin": [8, 2.72274, 22.5511]},
			"faces": {
				"north": {"uv": [10, 10.5, 11, 11.5], "texture": "#0"},
				"east": {"uv": [10, 10.5, 11, 11.5], "texture": "#0"},
				"south": {"uv": [10.5, 10, 11.5, 11], "texture": "#0"},
				"west": {"uv": [10.5, 10, 11.5, 11], "texture": "#0"},
				"up": {"uv": [10, 11.5, 11, 12.5], "texture": "#0"},
				"down": {"uv": [11, 10.5, 12, 11.5], "texture": "#0"}
			}
		},
		{
			"name": "hexadecagon",
			"from": [8, 24.25, 4.8174],
			"to": [16, 24.75, 11.1826],
			"rotation": {"angle": -22.5, "axis": "x", "origin": [6.325, 8.75, 8]},
			"faces": {
				"north": {"uv": [10, 10.5, 11, 11.5], "texture": "#0"},
				"east": {"uv": [10, 10.5, 11, 11.5], "texture": "#0"},
				"south": {"uv": [10.5, 10, 11.5, 11], "texture": "#0"},
				"west": {"uv": [10.5, 10, 11.5, 11], "texture": "#0"},
				"up": {"uv": [10, 11.5, 11, 12.5], "texture": "#0"},
				"down": {"uv": [11, 10.5, 12, 11.5], "texture": "#0"}
			}
		},
		{
			"name": "hexadecagon",
			"from": [8, 23.96194, 6.87605],
			"to": [16, 24.46194, 8.99125],
			"rotation": {"angle": -22.5, "axis": "x", "origin": [6.325, 8.46194, 7.80865]},
			"faces": {
				"north": {"uv": [10, 10.5, 11, 11.5], "texture": "#0"},
				"east": {"uv": [10, 10.5, 11, 11.5], "texture": "#0"},
				"south": {"uv": [10.5, 10, 11.5, 11], "texture": "#0"},
				"west": {"uv": [10.5, 10, 11.5, 11], "texture": "#0"},
				"up": {"uv": [10, 11.5, 11, 12.5], "texture": "#0"},
				"down": {"uv": [5.5, 10, 5.5, 10], "texture": "#0"}
			}
		},
		{
			"name": "hexadecagon",
			"from": [8, 23.96194, 7.00875],
			"to": [16, 24.46194, 9.12395],
			"rotation": {"angle": 22.5, "axis": "x", "origin": [6.325, 8.46194, 8.19135]},
			"faces": {
				"north": {"uv": [11.5, 10, 10.5, 11], "texture": "#0"},
				"east": {"uv": [11, 10.5, 10, 11.5], "texture": "#0"},
				"south": {"uv": [11, 10.5, 10, 11.5], "texture": "#0"},
				"west": {"uv": [11.5, 10, 10.5, 11], "texture": "#0"},
				"up": {"uv": [10, 12.5, 11, 11.5], "texture": "#0"},
				"down": {"uv": [5.5, 10, 5.5, 10], "texture": "#0"}
			}
		},
		{
			"name": "hexadecagon",
			"from": [8, 24.25, 4.8174],
			"to": [16, 24.75, 11.1826],
			"rotation": {"angle": 0, "axis": "x", "origin": [6.325, 8.75, 8]},
			"faces": {
				"north": {"uv": [10, 10.5, 11, 11.5], "texture": "#0"},
				"east": {"uv": [10, 10.5, 11, 11.5], "texture": "#0"},
				"south": {"uv": [10.5, 10, 11.5, 11], "texture": "#0"},
				"west": {"uv": [10.5, 10, 11.5, 11], "texture": "#0"},
				"up": {"uv": [10, 11.5, 11, 12.5], "texture": "#0"},
				"down": {"uv": [11.5, 9.5, 12.5, 10.5], "texture": "#0"}
			}
		},
		{
			"name": "hexadecagon",
			"from": [8, 24, 9.0674],
			"to": [16, 24.5, 11.1826],
			"rotation": {"angle": 0, "axis": "x", "origin": [6.325, 8.5, 10]},
			"faces": {
				"north": {"uv": [10, 10.5, 11, 11.5], "texture": "#0"},
				"east": {"uv": [10, 10.5, 11, 11.5], "texture": "#0"},
				"south": {"uv": [10.5, 10, 11.5, 11], "texture": "#0"},
				"west": {"uv": [10.5, 10, 11.5, 11], "texture": "#0"},
				"up": {"uv": [10, 11.5, 11, 12.5], "texture": "#0"},
				"down": {"uv": [3, 7.5, 4, 8.5], "texture": "#0"}
			}
		},
		{
			"name": "hexadecagon",
			"from": [8, 24, 4.8174],
			"to": [16, 24.5, 6.9326],
			"rotation": {"angle": 0, "axis": "x", "origin": [6.325, 8.5, 6]},
			"faces": {
				"north": {"uv": [10, 10.5, 11, 11.5], "texture": "#0"},
				"east": {"uv": [10, 10.5, 11, 11.5], "texture": "#0"},
				"south": {"uv": [10.5, 10, 11.5, 11], "texture": "#0"},
				"west": {"uv": [10.5, 10, 11.5, 11], "texture": "#0"},
				"up": {"uv": [10, 11.5, 11, 12.5], "texture": "#0"},
				"down": {"uv": [2, 7.5, 3, 8.5], "texture": "#0"}
			}
		},
		{
			"name": "hexadecagon",
			"from": [8, 24.25, 4.8174],
			"to": [16, 24.75, 11.1826],
			"rotation": {"angle": 22.5, "axis": "x", "origin": [6.325, 8.75, 8]},
			"faces": {
				"north": {"uv": [10, 10.5, 11, 11.5], "texture": "#0"},
				"east": {"uv": [10, 10.5, 11, 11.5], "texture": "#0"},
				"south": {"uv": [10.5, 10, 11.5, 11], "texture": "#0"},
				"west": {"uv": [10.5, 10, 11.5, 11], "texture": "#0"},
				"up": {"uv": [10, 11.5, 11, 12.5], "texture": "#0"},
				"down": {"uv": [11, 10.5, 12, 11.5], "texture": "#0"}
			}
		}
	],
	"display": {
		"head": {
			"rotation": [0, -90, 0],
			"translation": [0, -18.75, 0],
			"scale": [3, 3, 3]
		}
	},
	"groups": [
		{
			"name": "hexadecagon",
			"origin": [8, 8, 8],
			"children": [0, 1, 2, 3, 4, 5, 6, 7, 8, 9, 10, 11, 12, 13, 14, 15, 16, 17, 18, 19, 20, 21, 22, 23, 24, 25, 26]
		}
	]
}