{
	"credit": "Made with Blockbench",
	"textures": {
		"0": "custom/custom/trashcan/fantasyland/fantfront",
		"1": "custom/custom/trashcan/fantasyland/colorpalate",
		"2": "block/black_wool",
		"particle": "custom/custom/trashcan/fantasyland/fantfront"
	},
	"elements": [
		{
			"from": [1, 1, 0.875],
			"to": [1.5, 22.75, 15.075],
			"faces": {
				"north": {"uv": [9.875, 4.625, 12, 12.25], "texture": "#1"},
				"east": {"uv": [0, 0, 16, 16], "texture": "#2"},
				"south": {"uv": [9.5, 3.625, 14.25, 13.125], "texture": "#1"},
				"west": {"uv": [0.125, 0.125, 15.875, 15.875], "texture": "#0"},
				"up": {"uv": [10.5, 5.625, 13.125, 9.5], "texture": "#1"},
				"down": {"uv": [9.75, 5.375, 12.625, 11], "texture": "#1"}
			}
		},
		{
			"from": [1.5, 2, 14.5],
			"to": [14.5, 22.75, 15],
			"faces": {
				"north": {"uv": [0, 0, 16, 16], "texture": "#2"},
				"east": {"uv": [9, 3.375, 13.75, 12.875], "texture": "#1"},
				"south": {"uv": [10.75, 5.625, 13, 10.5], "texture": "#1"},
				"west": {"uv": [10.375, 4, 12.5, 11.625], "texture": "#1"},
				"up": {"uv": [9.5, 5.375, 12.125, 9.25], "rotation": 270, "texture": "#1"},
				"down": {"uv": [10.375, 5.5, 13.25, 11.125], "rotation": 90, "texture": "#1"}
			}
		},
		{
			"from": [1.5, 2, 1],
			"to": [14.5, 22.75, 1.5],
			"faces": {
				"north": {"uv": [9.125, 5, 14.75, 11.125], "texture": "#1"},
				"east": {"uv": [9.875, 4.5, 12, 12.125], "texture": "#1"},
				"south": {"uv": [0, 0, 16, 16], "texture": "#2"},
				"west": {"uv": [9.625, 3.625, 14.375, 13.125], "texture": "#1"},
				"up": {"uv": [10.25, 6.125, 12.875, 10], "rotation": 90, "texture": "#1"},
				"down": {"uv": [9.25, 5.375, 12.125, 11], "rotation": 270, "texture": "#1"}
			}
		},
		{
			"from": [14.5, 1, 0.9],
			"to": [15, 22.75, 15.1],
			"faces": {
				"north": {"uv": [10, 4.625, 12.125, 12.25], "texture": "#1"},
				"east": {"uv": [0.125, 0.125, 15.875, 15.875], "texture": "#0"},
				"south": {"uv": [9.625, 3.5, 14.375, 13], "texture": "#1"},
				"west": {"uv": [0, 0, 15.375, 15.625], "texture": "#2"},
				"up": {"uv": [9.875, 6.125, 13.25, 10], "texture": "#1"},
				"down": {"uv": [9.25, 5.375, 12.125, 11], "texture": "#1"}
			}
		},
		{
			"from": [1, 1, -0.02734],
			"to": [15, 24.75, 0.97266],
			"rotation": {"angle": 0, "axis": "y", "origin": [8, 8.22266, 7.97266]},
			"faces": {
				"north": {"uv": [9, 3.75, 14.625, 12.75], "texture": "#1"},
				"east": {"uv": [9, 5.5, 12.375, 10], "texture": "#1"},
				"south": {"uv": [6.875, 6.375, 10.25, 10.5], "texture": "#2"},
				"west": {"uv": [9.125, 5.5, 11.125, 9.125], "texture": "#1"},
				"up": {"uv": [10.375, 7, 13.375, 10.75], "rotation": 270, "texture": "#1"},
				"down": {"uv": [11.625, 6.25, 14, 9.25], "rotation": 90, "texture": "#1"}
			}
		},
		{
			"from": [1, 1, 15.02734],
			"to": [15, 24.75, 16.02734],
			"rotation": {"angle": 0, "axis": "y", "origin": [8, 8.44532, 8.02734]},
			"faces": {
				"north": {"uv": [6.375, 5, 8.875, 8], "texture": "#2"},
				"east": {"uv": [10.875, 7, 13.375, 9.75], "texture": "#1"},
				"south": {"uv": [8.875, 4.5, 14.375, 10.75], "texture": "#1"},
				"west": {"uv": [10.75, 7.375, 12.75, 9.5], "texture": "#1"},
				"up": {"uv": [10.25, 7, 12.5, 10], "rotation": 270, "texture": "#1"},
				"down": {"uv": [10.25, 6.875, 12.5, 10], "rotation": 90, "texture": "#1"}
			}
		},
		{
			"from": [1, 24.97266, -0.02734],
			"to": [15, 26.97266, 0.97266],
			"rotation": {"angle": 0, "axis": "y", "origin": [8, 7.97266, 7.97266]},
			"faces": {
				"north": {"uv": [10.125, 5.5, 12.625, 9.375], "texture": "#1"},
				"east": {"uv": [11.375, 6.75, 12.375, 8.75], "texture": "#1"},
				"south": {"uv": [10.25, 7.875, 12.5, 10.75], "texture": "#1"},
				"west": {"uv": [12.25, 7.625, 13.25, 9.625], "texture": "#1"},
				"up": {"uv": [10, 5.375, 13.5, 9.125], "texture": "#1"},
				"down": {"uv": [10.5, 6.125, 13.5, 9.625], "texture": "#1"}
			}
		},
		{
			"from": [1, 24.97266, 15.02734],
			"to": [15, 26.97266, 16.02734],
			"rotation": {"angle": 0, "axis": "y", "origin": [8, 7.97266, 8.02734]},
			"faces": {
				"north": {"uv": [10.125, 5.5, 12.625, 9.375], "texture": "#1"},
				"east": {"uv": [11.375, 6.75, 12.375, 8.75], "texture": "#1"},
				"south": {"uv": [10.25, 7.875, 12.5, 10.75], "texture": "#1"},
				"west": {"uv": [12.25, 7.625, 13.25, 9.625], "texture": "#1"},
				"up": {"uv": [10, 5.375, 13.5, 9.125], "texture": "#1"},
				"down": {"uv": [10.5, 6.125, 13.5, 9.625], "texture": "#1"}
			}
		},
		{
			"from": [14, 30.66012, 11.41261],
			"to": [15.25, 30.91012, 13.61261],
			"rotation": {"angle": -22.5, "axis": "x", "origin": [9, 7.00012, 7.99461]},
			"faces": {
				"north": {"uv": [2.5, 6.25, 4.5, 7], "texture": "#1"},
				"east": {"uv": [1.75, 8.75, 3.75, 9.5], "texture": "#1"},
				"south": {"uv": [3, 7.125, 5, 7.875], "texture": "#1"},
				"west": {"uv": [3.625, 5.375, 5.625, 6.125], "texture": "#1"},
				"up": {"uv": [3.5, 5.625, 5.5, 7.625], "texture": "#1"},
				"down": {"uv": [3.875, 5.375, 5.875, 7.375], "texture": "#1"}
			}
		},
		{
			"from": [14, 31, 4.035],
			"to": [15.25, 31.24, 11.955],
			"faces": {
				"north": {"uv": [2.5, 6.25, 4.5, 7], "texture": "#1"},
				"east": {"uv": [1.75, 8.75, 3.75, 9.5], "texture": "#1"},
				"south": {"uv": [3, 7.125, 5, 7.875], "texture": "#1"},
				"west": {"uv": [3.625, 5.375, 5.625, 6.125], "texture": "#1"},
				"up": {"uv": [3.5, 5.625, 5.5, 7.625], "texture": "#1"},
				"down": {"uv": [3.875, 5.375, 5.875, 7.375], "texture": "#1"}
			}
		},
		{
			"from": [14, 27.51786, 18.20252],
			"to": [15.25, 27.76786, 20.30252],
			"rotation": {"angle": -45, "axis": "x", "origin": [9, 6.99286, 7.97752]},
			"faces": {
				"north": {"uv": [2.5, 6.25, 4.5, 7], "texture": "#1"},
				"east": {"uv": [1.75, 8.75, 3.75, 9.5], "texture": "#1"},
				"south": {"uv": [3, 7.125, 5, 7.875], "texture": "#1"},
				"west": {"uv": [3.625, 5.375, 5.625, 6.125], "texture": "#1"},
				"up": {"uv": [3.5, 5.625, 5.5, 7.625], "texture": "#1"},
				"down": {"uv": [3.875, 5.375, 5.875, 7.375], "texture": "#1"}
			}
		},
		{
			"from": [14, 22.29218, -7.30389],
			"to": [15.25, 24.39218, -7.05389],
			"rotation": {"angle": 22.5, "axis": "x", "origin": [9, 6.99218, 7.97111]},
			"faces": {
				"north": {"uv": [2.5, 6.25, 4.5, 7], "rotation": 180, "texture": "#1"},
				"east": {"uv": [1.75, 8.75, 3.75, 9.5], "rotation": 90, "texture": "#1"},
				"south": {"uv": [3, 7.125, 5, 7.875], "texture": "#1"},
				"west": {"uv": [3.625, 5.375, 5.625, 6.125], "rotation": 270, "texture": "#1"},
				"up": {"uv": [3.5, 5.625, 5.5, 7.625], "texture": "#1"},
				"down": {"uv": [3.875, 5.375, 5.875, 7.375], "rotation": 180, "texture": "#1"}
			}
		},
		{
			"from": [14, -0.02697, -0.28609],
			"to": [15.25, 26.97303, -0.00609],
			"rotation": {"angle": 0, "axis": "y", "origin": [8, 7.97303, 7.96391]},
			"faces": {
				"north": {"uv": [2.5, 6.25, 4.5, 7], "texture": "#1"},
				"east": {"uv": [1.75, 8.75, 3.75, 9.5], "texture": "#1"},
				"south": {"uv": [3, 7.125, 5, 7.875], "texture": "#1"},
				"west": {"uv": [3.625, 5.375, 5.625, 6.125], "texture": "#1"},
				"up": {"uv": [3.5, 5.625, 5.5, 7.625], "rotation": 90, "texture": "#1"},
				"down": {"uv": [3.875, 5.375, 5.875, 7.375], "rotation": 270, "texture": "#1"}
			}
		},
		{
			"from": [14, 30.65745, 2.37686],
			"to": [15.25, 30.90745, 4.57686],
			"rotation": {"angle": 22.5, "axis": "x", "origin": [9, 6.99745, 8.00186]},
			"faces": {
				"north": {"uv": [2.5, 6.25, 4.5, 7], "texture": "#1"},
				"east": {"uv": [1.75, 8.75, 3.75, 9.5], "texture": "#1"},
				"south": {"uv": [3, 7.125, 5, 7.875], "texture": "#1"},
				"west": {"uv": [3.625, 5.375, 5.625, 6.125], "texture": "#1"},
				"up": {"uv": [3.5, 5.625, 5.5, 7.625], "texture": "#1"},
				"down": {"uv": [3.875, 5.375, 5.875, 7.375], "texture": "#1"}
			}
		},
		{
			"from": [14, 27.51786, -4.31252],
			"to": [15.25, 27.76786, -2.21252],
			"rotation": {"angle": 45, "axis": "x", "origin": [9, 6.99286, 8.01248]},
			"faces": {
				"north": {"uv": [2.5, 6.25, 4.5, 7], "texture": "#1"},
				"east": {"uv": [1.75, 8.75, 3.75, 9.5], "texture": "#1"},
				"south": {"uv": [3, 7.125, 5, 7.875], "texture": "#1"},
				"west": {"uv": [3.625, 5.375, 5.625, 6.125], "texture": "#1"},
				"up": {"uv": [3.5, 5.625, 5.5, 7.625], "texture": "#1"},
				"down": {"uv": [3.875, 5.375, 5.875, 7.375], "texture": "#1"}
			}
		},
		{
			"from": [14, 22.29218, 23.04389],
			"to": [15.25, 24.39218, 23.29389],
			"rotation": {"angle": -22.5, "axis": "x", "origin": [9, 6.99218, 8.01889]},
			"faces": {
				"north": {"uv": [2.5, 6.25, 4.5, 7], "texture": "#1"},
				"east": {"uv": [1.75, 8.75, 3.75, 9.5], "texture": "#1"},
				"south": {"uv": [3, 7.125, 5, 7.875], "texture": "#1"},
				"west": {"uv": [3.625, 5.375, 5.625, 6.125], "texture": "#1"},
				"up": {"uv": [3.5, 5.625, 5.5, 7.625], "texture": "#1"},
				"down": {"uv": [3.875, 5.375, 5.875, 7.375], "texture": "#1"}
			}
		},
		{
			"from": [14, -0.02697, 15.99609],
			"to": [15.25, 26.97303, 16.27609],
			"rotation": {"angle": 0, "axis": "y", "origin": [8, 7.97303, 7.99609]},
			"faces": {
				"north": {"uv": [2.5, 6.25, 4.5, 7], "texture": "#1"},
				"east": {"uv": [1.75, 8.75, 3.75, 9.5], "texture": "#1"},
				"south": {"uv": [3, 7.125, 5, 7.875], "texture": "#1"},
				"west": {"uv": [3.625, 5.375, 5.625, 6.125], "texture": "#1"},
				"up": {"uv": [3.5, 5.625, 5.5, 7.625], "rotation": 270, "texture": "#1"},
				"down": {"uv": [3.875, 5.375, 5.875, 7.375], "rotation": 90, "texture": "#1"}
			}
		},
		{
			"from": [15, -0.02697, 15.02609],
			"to": [15.25, 26.97303, 16.27609],
			"rotation": {"angle": 0, "axis": "y", "origin": [8, 7.97303, 8.02609]},
			"faces": {
				"north": {"uv": [2.5, 6.25, 4.5, 7], "texture": "#1"},
				"east": {"uv": [1.75, 8.75, 3.75, 9.5], "texture": "#1"},
				"south": {"uv": [3, 7.125, 5, 7.875], "texture": "#1"},
				"west": {"uv": [3.625, 5.375, 5.625, 6.125], "texture": "#1"},
				"up": {"uv": [3.5, 5.625, 5.5, 7.625], "texture": "#1"},
				"down": {"uv": [3.875, 5.375, 5.875, 7.375], "texture": "#1"}
			}
		},
		{
			"from": [15, 22.39408, 22.05346],
			"to": [15.25, 24.39408, 23.05346],
			"rotation": {"angle": -22.5, "axis": "x", "origin": [23, 6.96908, 8.02846]},
			"faces": {
				"north": {"uv": [2.5, 6.25, 4.5, 7], "texture": "#1"},
				"east": {"uv": [1.75, 8.75, 3.75, 9.5], "texture": "#1"},
				"south": {"uv": [3, 7.125, 5, 7.875], "texture": "#1"},
				"west": {"uv": [3.625, 5.375, 5.625, 6.125], "texture": "#1"},
				"up": {"uv": [3.5, 5.625, 5.5, 7.625], "texture": "#1"},
				"down": {"uv": [3.875, 5.375, 5.875, 7.375], "texture": "#1"}
			}
		},
		{
			"from": [15, 26.5385, -4.29319],
			"to": [15.25, 27.5385, -2.29319],
			"rotation": {"angle": 45, "axis": "x", "origin": [23, 6.9885, 8.03181]},
			"faces": {
				"north": {"uv": [2.5, 6.25, 4.5, 7], "texture": "#1"},
				"east": {"uv": [1.75, 8.75, 3.75, 9.5], "texture": "#1"},
				"south": {"uv": [3, 7.125, 5, 7.875], "texture": "#1"},
				"west": {"uv": [3.625, 5.375, 5.625, 6.125], "texture": "#1"},
				"up": {"uv": [3.5, 5.625, 5.5, 7.625], "texture": "#1"},
				"down": {"uv": [3.875, 5.375, 5.875, 7.375], "texture": "#1"}
			}
		},
		{
			"from": [15, 29.6993, 2.51174],
			"to": [15.25, 30.6993, 4.51174],
			"rotation": {"angle": 22.5, "axis": "x", "origin": [23, 6.9993, 8.01174]},
			"faces": {
				"north": {"uv": [2.5, 6.25, 4.5, 7], "texture": "#1"},
				"east": {"uv": [1.75, 8.75, 3.75, 9.5], "texture": "#1"},
				"south": {"uv": [3, 7.125, 5, 7.875], "texture": "#1"},
				"west": {"uv": [3.625, 5.375, 5.625, 6.125], "texture": "#1"},
				"up": {"uv": [3.5, 5.625, 5.5, 7.625], "texture": "#1"},
				"down": {"uv": [3.875, 5.375, 5.875, 7.375], "texture": "#1"}
			}
		},
		{
			"from": [15, 30, 4],
			"to": [15.25, 31.1, 12],
			"faces": {
				"north": {"uv": [2.5, 6.25, 4.5, 7], "texture": "#1"},
				"east": {"uv": [1.75, 8.75, 3.75, 9.5], "texture": "#1"},
				"south": {"uv": [3, 7.125, 5, 7.875], "texture": "#1"},
				"west": {"uv": [3.625, 5.375, 5.625, 6.125], "texture": "#1"},
				"up": {"uv": [3.5, 5.625, 5.5, 7.625], "texture": "#1"},
				"down": {"uv": [3.875, 5.375, 5.875, 7.375], "texture": "#1"}
			}
		},
		{
			"from": [15, 29.6993, 11.48826],
			"to": [15.25, 30.6993, 13.48826],
			"rotation": {"angle": -22.5, "axis": "x", "origin": [23, 6.9993, 7.98826]},
			"faces": {
				"north": {"uv": [2.5, 6.25, 4.5, 7], "texture": "#1"},
				"east": {"uv": [1.75, 8.75, 3.75, 9.5], "texture": "#1"},
				"south": {"uv": [3, 7.125, 5, 7.875], "texture": "#1"},
				"west": {"uv": [3.625, 5.375, 5.625, 6.125], "texture": "#1"},
				"up": {"uv": [3.5, 5.625, 5.5, 7.625], "texture": "#1"},
				"down": {"uv": [3.875, 5.375, 5.875, 7.375], "texture": "#1"}
			}
		},
		{
			"from": [15, 26.5385, 18.29319],
			"to": [15.25, 27.5385, 20.29319],
			"rotation": {"angle": -45, "axis": "x", "origin": [23, 6.9885, 7.96819]},
			"faces": {
				"north": {"uv": [2.5, 6.25, 4.5, 7], "texture": "#1"},
				"east": {"uv": [1.75, 8.75, 3.75, 9.5], "texture": "#1"},
				"south": {"uv": [3, 7.125, 5, 7.875], "texture": "#1"},
				"west": {"uv": [3.625, 5.375, 5.625, 6.125], "texture": "#1"},
				"up": {"uv": [3.5, 5.625, 5.5, 7.625], "texture": "#1"},
				"down": {"uv": [3.875, 5.375, 5.875, 7.375], "texture": "#1"}
			}
		},
		{
			"from": [15, 22.397, -7.07394],
			"to": [15.25, 24.397, -6.07394],
			"rotation": {"angle": 22.5, "axis": "x", "origin": [23, 6.972, 7.95106]},
			"faces": {
				"north": {"uv": [2.5, 6.25, 4.5, 7], "rotation": 180, "texture": "#1"},
				"east": {"uv": [1.75, 8.75, 3.75, 9.5], "rotation": 90, "texture": "#1"},
				"south": {"uv": [3, 7.125, 5, 7.875], "texture": "#1"},
				"west": {"uv": [3.625, 5.375, 5.625, 6.125], "rotation": 270, "texture": "#1"},
				"up": {"uv": [3.5, 5.625, 5.5, 7.625], "texture": "#1"},
				"down": {"uv": [3.875, 5.375, 5.875, 7.375], "rotation": 180, "texture": "#1"}
			}
		},
		{
			"from": [15, -0.02697, -0.28609],
			"to": [15.25, 26.97303, 0.96391],
			"rotation": {"angle": 0, "axis": "y", "origin": [8, 7.97303, 7.96391]},
			"faces": {
				"north": {"uv": [2.5, 6.25, 4.5, 7], "texture": "#1"},
				"east": {"uv": [1.75, 8.75, 3.75, 9.5], "texture": "#1"},
				"south": {"uv": [3, 7.125, 5, 7.875], "texture": "#1"},
				"west": {"uv": [3.625, 5.375, 5.625, 6.125], "texture": "#1"},
				"up": {"uv": [3.5, 5.625, 5.5, 7.625], "texture": "#1"},
				"down": {"uv": [3.875, 5.375, 5.875, 7.375], "texture": "#1"}
			}
		},
		{
			"from": [0.75, -0.02697, -0.28609],
			"to": [1, 26.97303, 0.96391],
			"rotation": {"angle": 0, "axis": "y", "origin": [8, 7.97303, 7.96391]},
			"faces": {
				"north": {"uv": [2.375, 5.75, 4.375, 6.5], "texture": "#1"},
				"east": {"uv": [3, 6.25, 5, 7], "texture": "#1"},
				"south": {"uv": [2, 6.25, 4, 7], "texture": "#1"},
				"west": {"uv": [1.25, 7.125, 3.25, 7.875], "texture": "#1"},
				"up": {"uv": [2.5, 4, 4.5, 6], "texture": "#1"},
				"down": {"uv": [3.875, 5.25, 5.875, 7.25], "texture": "#1"}
			}
		},
		{
			"from": [0.75, 26.55, 18.325],
			"to": [1, 27.55, 20.325],
			"rotation": {"angle": -45, "axis": "x", "origin": [8, 7, 8]},
			"faces": {
				"north": {"uv": [2.375, 5.75, 4.375, 6.5], "texture": "#1"},
				"east": {"uv": [3, 6.25, 5, 7], "texture": "#1"},
				"south": {"uv": [2, 6.25, 4, 7], "texture": "#1"},
				"west": {"uv": [1.25, 7.125, 3.25, 7.875], "texture": "#1"},
				"up": {"uv": [2.5, 4, 4.5, 6], "texture": "#1"},
				"down": {"uv": [3.875, 5.25, 5.875, 7.25], "texture": "#1"}
			}
		},
		{
			"from": [0.75, -0.02697, 15.02609],
			"to": [1, 26.97303, 16.27609],
			"rotation": {"angle": 0, "axis": "y", "origin": [8, 7.97303, 8.02609]},
			"faces": {
				"north": {"uv": [2.375, 5.75, 4.375, 6.5], "texture": "#1"},
				"east": {"uv": [3, 6.25, 5, 7], "texture": "#1"},
				"south": {"uv": [2, 6.25, 4, 7], "texture": "#1"},
				"west": {"uv": [1.25, 7.125, 3.25, 7.875], "texture": "#1"},
				"up": {"uv": [2.5, 4, 4.5, 6], "texture": "#1"},
				"down": {"uv": [3.875, 5.25, 5.875, 7.25], "texture": "#1"}
			}
		},
		{
			"from": [0.75, -0.02697, 16.02609],
			"to": [2, 26.97303, 16.27609],
			"rotation": {"angle": 0, "axis": "y", "origin": [8, 7.97303, 8.02609]},
			"faces": {
				"north": {"uv": [2.375, 5.75, 4.375, 6.5], "texture": "#1"},
				"east": {"uv": [3, 6.25, 5, 7], "texture": "#1"},
				"south": {"uv": [2, 6.25, 4, 7], "texture": "#1"},
				"west": {"uv": [1.25, 7.125, 3.25, 7.875], "texture": "#1"},
				"up": {"uv": [2.5, 4, 4.5, 6], "rotation": 270, "texture": "#1"},
				"down": {"uv": [3.875, 5.25, 5.875, 7.25], "rotation": 90, "texture": "#1"}
			}
		},
		{
			"from": [0.75, 30.0007, 4.01174],
			"to": [1, 31.1007, 12.01174],
			"rotation": {"angle": 0, "axis": "y", "origin": [8, 8.0007, 8.01174]},
			"faces": {
				"north": {"uv": [2.375, 5.75, 4.375, 6.5], "texture": "#1"},
				"east": {"uv": [3, 6.25, 5, 7], "texture": "#1"},
				"south": {"uv": [2, 6.25, 4, 7], "texture": "#1"},
				"west": {"uv": [1.25, 7.125, 3.25, 7.875], "texture": "#1"},
				"up": {"uv": [2.5, 4, 4.5, 6], "texture": "#1"},
				"down": {"uv": [3.875, 5.25, 5.875, 7.25], "texture": "#1"}
			}
		},
		{
			"from": [0.75, 22.39408, -7.06346],
			"to": [1, 24.49408, -6.06346],
			"rotation": {"angle": 22.5, "axis": "x", "origin": [8, 6.96908, 7.96154]},
			"faces": {
				"north": {"uv": [2.375, 5.75, 4.375, 6.5], "rotation": 180, "texture": "#1"},
				"east": {"uv": [3, 6.25, 5, 7], "rotation": 90, "texture": "#1"},
				"south": {"uv": [2, 6.25, 4, 7], "texture": "#1"},
				"west": {"uv": [1.25, 7.125, 3.25, 7.875], "rotation": 270, "texture": "#1"},
				"up": {"uv": [2.5, 4, 4.5, 6], "texture": "#1"},
				"down": {"uv": [3.875, 5.25, 5.875, 7.25], "rotation": 180, "texture": "#1"}
			}
		},
		{
			"from": [0.75, 29.7108, 11.52007],
			"to": [1, 30.7108, 13.52007],
			"rotation": {"angle": -22.5, "axis": "x", "origin": [8, 7.0108, 8.02007]},
			"faces": {
				"north": {"uv": [2.375, 5.75, 4.375, 6.5], "texture": "#1"},
				"east": {"uv": [3, 6.25, 5, 7], "texture": "#1"},
				"south": {"uv": [2, 6.25, 4, 7], "texture": "#1"},
				"west": {"uv": [1.25, 7.125, 3.25, 7.875], "texture": "#1"},
				"up": {"uv": [2.5, 4, 4.5, 6], "texture": "#1"},
				"down": {"uv": [3.875, 5.25, 5.875, 7.25], "texture": "#1"}
			}
		},
		{
			"from": [15, -0.02697, 15.02609],
			"to": [15.75, 0.72303, 16.77609],
			"rotation": {"angle": 0, "axis": "y", "origin": [8, 7.97303, 8.02609]},
			"faces": {
				"north": {"uv": [2.5, 6.25, 4.5, 7], "texture": "#1"},
				"east": {"uv": [1.75, 8.75, 3.75, 9.5], "texture": "#1"},
				"south": {"uv": [3, 7.125, 5, 7.875], "texture": "#1"},
				"west": {"uv": [3.625, 5.375, 5.625, 6.125], "texture": "#1"},
				"up": {"uv": [3.5, 5.625, 5.5, 7.625], "texture": "#1"},
				"down": {"uv": [3.875, 5.375, 5.875, 7.375], "texture": "#1"}
			}
		},
		{
			"from": [14, -0.02697, -0.75609],
			"to": [15.75, 0.72303, -0.00609],
			"rotation": {"angle": 0, "axis": "y", "origin": [8, 7.97303, 7.99391]},
			"faces": {
				"north": {"uv": [2.5, 6.25, 4.5, 7], "texture": "#1"},
				"east": {"uv": [1.75, 8.75, 3.75, 9.5], "texture": "#1"},
				"south": {"uv": [3, 7.125, 5, 7.875], "texture": "#1"},
				"west": {"uv": [3.625, 5.375, 5.625, 6.125], "texture": "#1"},
				"up": {"uv": [3.5, 5.625, 5.5, 7.625], "rotation": 270, "texture": "#1"},
				"down": {"uv": [3.875, 5.375, 5.875, 7.375], "rotation": 90, "texture": "#1"}
			}
		},
		{
			"from": [0.25, -0.02697, -0.78609],
			"to": [1, 0.72303, 0.96391],
			"rotation": {"angle": 0, "axis": "y", "origin": [8, 7.97303, 7.96391]},
			"faces": {
				"north": {"uv": [2.375, 5.75, 4.375, 6.5], "texture": "#1"},
				"east": {"uv": [3, 6.25, 5, 7], "texture": "#1"},
				"south": {"uv": [2, 6.25, 4, 7], "texture": "#1"},
				"west": {"uv": [1.25, 7.125, 3.25, 7.875], "texture": "#1"},
				"up": {"uv": [2.5, 4, 4.5, 6], "rotation": 180, "texture": "#1"},
				"down": {"uv": [3.875, 5.25, 5.875, 7.25], "rotation": 180, "texture": "#1"}
			}
		},
		{
			"from": [0.25, -0.02697, 16.02609],
			"to": [2, 0.72303, 16.77609],
			"rotation": {"angle": 0, "axis": "y", "origin": [8, 7.97303, 8.02609]},
			"faces": {
				"north": {"uv": [2.375, 5.75, 4.375, 6.5], "texture": "#1"},
				"east": {"uv": [3, 6.25, 5, 7], "texture": "#1"},
				"south": {"uv": [2, 6.25, 4, 7], "texture": "#1"},
				"west": {"uv": [1.25, 7.125, 3.25, 7.875], "texture": "#1"},
				"up": {"uv": [2.5, 4, 4.5, 6], "rotation": 90, "texture": "#1"},
				"down": {"uv": [3.875, 5.25, 5.875, 7.25], "rotation": 270, "texture": "#1"}
			}
		},
		{
			"from": [14, -0.02697, 16.02609],
			"to": [15.75, 0.72303, 16.77609],
			"rotation": {"angle": 0, "axis": "y", "origin": [8, 7.97303, 8.02609]},
			"faces": {
				"north": {"uv": [2.5, 6.25, 4.5, 7], "texture": "#1"},
				"east": {"uv": [1.75, 8.75, 3.75, 9.5], "texture": "#1"},
				"south": {"uv": [3, 7.125, 5, 7.875], "texture": "#1"},
				"west": {"uv": [3.625, 5.375, 5.625, 6.125], "texture": "#1"},
				"up": {"uv": [3.5, 5.625, 5.5, 7.625], "rotation": 270, "texture": "#1"},
				"down": {"uv": [3.875, 5.375, 5.875, 7.375], "rotation": 90, "texture": "#1"}
			}
		},
		{
			"from": [15, -0.02697, -0.75609],
			"to": [15.75, 0.72303, 0.99391],
			"rotation": {"angle": 0, "axis": "y", "origin": [8, 7.97303, 7.99391]},
			"faces": {
				"north": {"uv": [2.5, 6.25, 4.5, 7], "texture": "#1"},
				"east": {"uv": [1.75, 8.75, 3.75, 9.5], "texture": "#1"},
				"south": {"uv": [3, 7.125, 5, 7.875], "texture": "#1"},
				"west": {"uv": [3.625, 5.375, 5.625, 6.125], "texture": "#1"},
				"up": {"uv": [3.5, 5.625, 5.5, 7.625], "rotation": 180, "texture": "#1"},
				"down": {"uv": [3.875, 5.375, 5.875, 7.375], "rotation": 180, "texture": "#1"}
			}
		},
		{
			"from": [0.25, -0.02697, -0.78609],
			"to": [2, 0.72303, -0.03609],
			"rotation": {"angle": 0, "axis": "y", "origin": [8, 7.97303, 7.96391]},
			"faces": {
				"north": {"uv": [2.375, 5.75, 4.375, 6.5], "texture": "#1"},
				"east": {"uv": [3, 6.25, 5, 7], "texture": "#1"},
				"south": {"uv": [2, 6.25, 4, 7], "texture": "#1"},
				"west": {"uv": [1.25, 7.125, 3.25, 7.875], "texture": "#1"},
				"up": {"uv": [2.5, 4, 4.5, 6], "rotation": 90, "texture": "#1"},
				"down": {"uv": [3.875, 5.25, 5.875, 7.25], "rotation": 270, "texture": "#1"}
			}
		},
		{
			"from": [0.25, -0.02697, 15.02609],
			"to": [1, 0.72303, 16.77609],
			"rotation": {"angle": 0, "axis": "y", "origin": [8, 7.97303, 8.02609]},
			"faces": {
				"north": {"uv": [2.375, 5.75, 4.375, 6.5], "texture": "#1"},
				"east": {"uv": [3, 6.25, 5, 7], "texture": "#1"},
				"south": {"uv": [2, 6.25, 4, 7], "texture": "#1"},
				"west": {"uv": [1.25, 7.125, 3.25, 7.875], "texture": "#1"},
				"up": {"uv": [2.5, 4, 4.5, 6], "texture": "#1"},
				"down": {"uv": [3.875, 5.25, 5.875, 7.25], "texture": "#1"}
			}
		},
		{
			"from": [0.75, 29.7, 2.52348],
			"to": [1, 30.7, 4.52348],
			"rotation": {"angle": 22.5, "axis": "x", "origin": [8, 7, 8.02348]},
			"faces": {
				"north": {"uv": [2.375, 5.75, 4.375, 6.5], "texture": "#1"},
				"east": {"uv": [3, 6.25, 5, 7], "texture": "#1"},
				"south": {"uv": [2, 6.25, 4, 7], "texture": "#1"},
				"west": {"uv": [1.25, 7.125, 3.25, 7.875], "texture": "#1"},
				"up": {"uv": [2.5, 4, 4.5, 6], "texture": "#1"},
				"down": {"uv": [3.875, 5.25, 5.875, 7.25], "texture": "#1"}
			}
		},
		{
			"from": [0.75, 26.5392, -4.28145],
			"to": [1, 27.5392, -2.28145],
			"rotation": {"angle": 45, "axis": "x", "origin": [8, 6.9892, 8.04355]},
			"faces": {
				"north": {"uv": [2.375, 5.75, 4.375, 6.5], "texture": "#1"},
				"east": {"uv": [3, 6.25, 5, 7], "texture": "#1"},
				"south": {"uv": [2, 6.25, 4, 7], "texture": "#1"},
				"west": {"uv": [1.25, 7.125, 3.25, 7.875], "texture": "#1"},
				"up": {"uv": [2.5, 4, 4.5, 6], "texture": "#1"},
				"down": {"uv": [3.875, 5.25, 5.875, 7.25], "texture": "#1"}
			}
		},
		{
			"from": [0.75, 22.3977, 22.08568],
			"to": [1, 24.3977, 23.08568],
			"rotation": {"angle": -22.5, "axis": "x", "origin": [8, 6.9727, 8.06068]},
			"faces": {
				"north": {"uv": [2.375, 5.75, 4.375, 6.5], "texture": "#1"},
				"east": {"uv": [3, 6.25, 5, 7], "texture": "#1"},
				"south": {"uv": [2, 6.25, 4, 7], "texture": "#1"},
				"west": {"uv": [1.25, 7.125, 3.25, 7.875], "texture": "#1"},
				"up": {"uv": [2.5, 4, 4.5, 6], "texture": "#1"},
				"down": {"uv": [3.875, 5.25, 5.875, 7.25], "texture": "#1"}
			}
		},
		{
			"from": [1, 22.397, -7.07394],
			"to": [15, 24.397, -6.07394],
			"rotation": {"angle": 22.5, "axis": "x", "origin": [9, 6.972, 7.95106]},
			"faces": {
				"north": {"uv": [10.125, 5.5, 12.625, 9.375], "rotation": 180, "texture": "#1"},
				"east": {"uv": [11.375, 6.75, 12.375, 8.75], "rotation": 90, "texture": "#1"},
				"south": {"uv": [10.25, 7.875, 12.5, 10.75], "texture": "#1"},
				"west": {"uv": [12.25, 7.625, 13.25, 9.625], "rotation": 270, "texture": "#1"},
				"up": {"uv": [10, 5.375, 13.5, 9.125], "texture": "#1"},
				"down": {"uv": [10.5, 6.125, 13.5, 9.625], "rotation": 180, "texture": "#1"}
			}
		},
		{
			"from": [1, 29.6993, 11.48826],
			"to": [15, 30.6993, 13.48826],
			"rotation": {"angle": -22.5, "axis": "x", "origin": [9, 6.9993, 7.98826]},
			"faces": {
				"north": {"uv": [10.125, 5.5, 12.625, 9.375], "texture": "#1"},
				"east": {"uv": [11.375, 6.75, 12.375, 8.75], "texture": "#1"},
				"south": {"uv": [10.25, 7.875, 12.5, 10.75], "texture": "#1"},
				"west": {"uv": [12.25, 7.625, 13.25, 9.625], "texture": "#1"},
				"up": {"uv": [10, 5.375, 13.5, 9.125], "texture": "#1"},
				"down": {"uv": [10.5, 6.125, 13.5, 9.625], "texture": "#1"}
			}
		},
		{
			"from": [1, 30, 4],
			"to": [15, 31, 12],
			"faces": {
				"north": {"uv": [10.125, 5.5, 12.625, 9.375], "texture": "#1"},
				"east": {"uv": [11.375, 6.75, 12.375, 8.75], "texture": "#1"},
				"south": {"uv": [10.25, 7.875, 12.5, 10.75], "texture": "#1"},
				"west": {"uv": [12.25, 7.625, 13.25, 9.625], "texture": "#1"},
				"up": {"uv": [10, 5.375, 13.5, 9.125], "texture": "#1"},
				"down": {"uv": [10.5, 6.125, 13.5, 9.625], "texture": "#1"}
			}
		},
		{
			"from": [1, 29.6993, 2.51174],
			"to": [15, 30.6993, 4.51174],
			"rotation": {"angle": 22.5, "axis": "x", "origin": [9, 6.9993, 8.01174]},
			"faces": {
				"north": {"uv": [10.125, 5.5, 12.625, 9.375], "texture": "#1"},
				"east": {"uv": [11.375, 6.75, 12.375, 8.75], "texture": "#1"},
				"south": {"uv": [10.25, 7.875, 12.5, 10.75], "texture": "#1"},
				"west": {"uv": [12.25, 7.625, 13.25, 9.625], "texture": "#1"},
				"up": {"uv": [10, 5.375, 13.5, 9.125], "texture": "#1"},
				"down": {"uv": [10.5, 6.125, 13.5, 9.625], "texture": "#1"}
			}
		},
		{
			"from": [1, 26.5385, -4.29319],
			"to": [15, 27.5385, -2.29319],
			"rotation": {"angle": 45, "axis": "x", "origin": [9, 6.9885, 8.03181]},
			"faces": {
				"north": {"uv": [10.125, 5.5, 12.625, 9.375], "texture": "#1"},
				"east": {"uv": [11.375, 6.75, 12.375, 8.75], "texture": "#1"},
				"south": {"uv": [10.25, 7.875, 12.5, 10.75], "texture": "#1"},
				"west": {"uv": [12.25, 7.625, 13.25, 9.625], "texture": "#1"},
				"up": {"uv": [10, 5.375, 13.5, 9.125], "texture": "#1"},
				"down": {"uv": [10.5, 6.125, 13.5, 9.625], "texture": "#1"}
			}
		},
		{
			"from": [1, 23, 0.8],
			"to": [15, 28, 15.3],
			"faces": {
				"north": {"uv": [0, 0, 15.25, 15.875], "texture": "#2"},
				"east": {"uv": [1.625, 3.125, 6.375, 10.125], "texture": "#1"},
				"south": {"uv": [0, 0, 15.75, 16], "texture": "#2"},
				"west": {"uv": [2.125, 4.375, 6.875, 11.875], "texture": "#1"},
				"up": {"uv": [2.5, 4.625, 5.5, 9.125], "texture": "#1"},
				"down": {"uv": [0, 0, 15.5, 15.5], "texture": "#2"}
			}
		},
		{
			"from": [0.75, -0.02697, -0.28609],
			"to": [2, 26.97303, -0.03609],
			"rotation": {"angle": 0, "axis": "y", "origin": [8, 7.97303, 7.96391]},
			"faces": {
				"north": {"uv": [2.375, 5.75, 4.375, 6.5], "texture": "#1"},
				"east": {"uv": [3, 6.25, 5, 7], "texture": "#1"},
				"south": {"uv": [2, 6.25, 4, 7], "texture": "#1"},
				"west": {"uv": [1.25, 7.125, 3.25, 7.875], "texture": "#1"},
				"up": {"uv": [2.5, 4, 4.5, 6], "rotation": 90, "texture": "#1"},
				"down": {"uv": [3.875, 5.25, 5.875, 7.25], "rotation": 270, "texture": "#1"}
			}
		},
		{
			"from": [1, 28, 1],
			"to": [15, 29, 15],
			"faces": {
				"north": {"uv": [0, 0, 15.25, 15.875], "texture": "#2"},
				"east": {"uv": [1.125, 2.75, 6.375, 10], "texture": "#1"},
				"south": {"uv": [0, 0, 15.75, 16], "texture": "#2"},
				"west": {"uv": [2.375, 4.875, 6.5, 9.875], "texture": "#1"},
				"up": {"uv": [2.5, 5.375, 5.875, 9.5], "texture": "#1"},
				"down": {"uv": [2.25, 4.875, 5.5, 8.5], "texture": "#1"}
			}
		},
		{
			"from": [1, 29, 2],
			"to": [15, 30, 14],
			"faces": {
				"north": {"uv": [0, 0, 15.25, 15.875], "texture": "#2"},
				"east": {"uv": [2, 3, 7.375, 10.125], "texture": "#1"},
				"south": {"uv": [0, 0, 15.75, 16], "texture": "#2"},
				"west": {"uv": [2.125, 3.5, 6.875, 11.875], "texture": "#1"},
				"up": {"uv": [1.5, 4.25, 4.625, 8.875], "texture": "#1"},
				"down": {"uv": [2, 4.375, 5, 8.375], "texture": "#1"}
			}
		},
		{
			"from": [0.75, 31, 4.035],
			"to": [2, 31.24, 11.955],
			"faces": {
				"north": {"uv": [2.375, 5.75, 4.375, 6.5], "texture": "#1"},
				"east": {"uv": [3, 6.25, 5, 7], "texture": "#1"},
				"south": {"uv": [2, 6.25, 4, 7], "texture": "#1"},
				"west": {"uv": [1.25, 7.125, 3.25, 7.875], "texture": "#1"},
				"up": {"uv": [2.5, 4, 4.5, 6], "texture": "#1"},
				"down": {"uv": [3.875, 5.25, 5.875, 7.25], "texture": "#1"}
			}
		},
		{
			"from": [0.75, 22.29218, 23.04389],
			"to": [2, 24.39218, 23.29389],
			"rotation": {"angle": -22.5, "axis": "x", "origin": [-4, 6.99218, 8.01889]},
			"faces": {
				"north": {"uv": [2.375, 5.75, 4.375, 6.5], "texture": "#1"},
				"east": {"uv": [3, 6.25, 5, 7], "texture": "#1"},
				"south": {"uv": [2, 6.25, 4, 7], "texture": "#1"},
				"west": {"uv": [1.25, 7.125, 3.25, 7.875], "texture": "#1"},
				"up": {"uv": [2.5, 4, 4.5, 6], "texture": "#1"},
				"down": {"uv": [3.875, 5.25, 5.875, 7.25], "texture": "#1"}
			}
		},
		{
			"from": [1, 22.397, 22.07394],
			"to": [15, 24.397, 23.07394],
			"rotation": {"angle": -22.5, "axis": "x", "origin": [9, 6.972, 8.04894]},
			"faces": {
				"north": {"uv": [10.125, 5.5, 12.625, 9.375], "texture": "#1"},
				"east": {"uv": [11.375, 6.75, 12.375, 8.75], "texture": "#1"},
				"south": {"uv": [10.25, 7.875, 12.5, 10.75], "texture": "#1"},
				"west": {"uv": [12.25, 7.625, 13.25, 9.625], "texture": "#1"},
				"up": {"uv": [10, 5.375, 13.5, 9.125], "texture": "#1"},
				"down": {"uv": [10.5, 6.125, 13.5, 9.625], "texture": "#1"}
			}
		},
		{
			"from": [0.75, 27.51786, -4.31252],
			"to": [2, 27.76786, -2.21252],
			"rotation": {"angle": 45, "axis": "x", "origin": [-4, 6.99286, 8.01248]},
			"faces": {
				"north": {"uv": [2.375, 5.75, 4.375, 6.5], "texture": "#1"},
				"east": {"uv": [3, 6.25, 5, 7], "texture": "#1"},
				"south": {"uv": [2, 6.25, 4, 7], "texture": "#1"},
				"west": {"uv": [1.25, 7.125, 3.25, 7.875], "texture": "#1"},
				"up": {"uv": [2.5, 4, 4.5, 6], "texture": "#1"},
				"down": {"uv": [3.875, 5.25, 5.875, 7.25], "texture": "#1"}
			}
		},
		{
			"from": [0.75, 30.65745, 2.37686],
			"to": [2, 30.90745, 4.57686],
			"rotation": {"angle": 22.5, "axis": "x", "origin": [-4, 6.99745, 8.00186]},
			"faces": {
				"north": {"uv": [2.375, 5.75, 4.375, 6.5], "texture": "#1"},
				"east": {"uv": [3, 6.25, 5, 7], "texture": "#1"},
				"south": {"uv": [2, 6.25, 4, 7], "texture": "#1"},
				"west": {"uv": [1.25, 7.125, 3.25, 7.875], "texture": "#1"},
				"up": {"uv": [2.5, 4, 4.5, 6], "texture": "#1"},
				"down": {"uv": [3.875, 5.25, 5.875, 7.25], "texture": "#1"}
			}
		},
		{
			"from": [0.75, 30.66012, 11.41261],
			"to": [2, 30.91012, 13.61261],
			"rotation": {"angle": -22.5, "axis": "x", "origin": [-4, 7.00012, 7.99461]},
			"faces": {
				"north": {"uv": [2.375, 5.75, 4.375, 6.5], "texture": "#1"},
				"east": {"uv": [3, 6.25, 5, 7], "texture": "#1"},
				"south": {"uv": [2, 6.25, 4, 7], "texture": "#1"},
				"west": {"uv": [1.25, 7.125, 3.25, 7.875], "texture": "#1"},
				"up": {"uv": [2.5, 4, 4.5, 6], "texture": "#1"},
				"down": {"uv": [3.875, 5.25, 5.875, 7.25], "texture": "#1"}
			}
		},
		{
			"from": [1, 26.5385, 18.29319],
			"to": [15, 27.5385, 20.29319],
			"rotation": {"angle": -45, "axis": "x", "origin": [9, 6.9885, 7.96819]},
			"faces": {
				"north": {"uv": [10.125, 5.5, 12.625, 9.375], "texture": "#1"},
				"east": {"uv": [11.375, 6.75, 12.375, 8.75], "texture": "#1"},
				"south": {"uv": [10.25, 7.875, 12.5, 10.75], "texture": "#1"},
				"west": {"uv": [12.25, 7.625, 13.25, 9.625], "texture": "#1"},
				"up": {"uv": [10, 5.375, 13.5, 9.125], "texture": "#1"},
				"down": {"uv": [10.5, 6.125, 13.5, 9.625], "texture": "#1"}
			}
		},
		{
			"from": [0.75, 27.51786, 18.20252],
			"to": [2, 27.76786, 20.30252],
			"rotation": {"angle": -45, "axis": "x", "origin": [-4, 6.99286, 7.97752]},
			"faces": {
				"north": {"uv": [2.375, 5.75, 4.375, 6.5], "texture": "#1"},
				"east": {"uv": [3, 6.25, 5, 7], "texture": "#1"},
				"south": {"uv": [2, 6.25, 4, 7], "texture": "#1"},
				"west": {"uv": [1.25, 7.125, 3.25, 7.875], "texture": "#1"},
				"up": {"uv": [2.5, 4, 4.5, 6], "texture": "#1"},
				"down": {"uv": [3.875, 5.25, 5.875, 7.25], "texture": "#1"}
			}
		},
		{
			"from": [0.75, 22.29218, -7.30389],
			"to": [2, 24.39218, -7.05389],
			"rotation": {"angle": 22.5, "axis": "x", "origin": [-4, 6.99218, 7.97111]},
			"faces": {
				"north": {"uv": [2.375, 5.75, 4.375, 6.5], "rotation": 180, "texture": "#1"},
				"east": {"uv": [3, 6.25, 5, 7], "rotation": 90, "texture": "#1"},
				"south": {"uv": [2, 6.25, 4, 7], "texture": "#1"},
				"west": {"uv": [1.25, 7.125, 3.25, 7.875], "rotation": 270, "texture": "#1"},
				"up": {"uv": [2.5, 4, 4.5, 6], "texture": "#1"},
				"down": {"uv": [3.875, 5.25, 5.875, 7.25], "rotation": 180, "texture": "#1"}
			}
		},
		{
			"from": [1.5, 1, 0.9],
			"to": [14.5, 2, 15.1],
			"faces": {
				"north": {"uv": [5.25, 5.375, 8.5, 9.375], "texture": "#1"},
				"east": {"uv": [4.875, 4.5, 10, 10.875], "texture": "#1"},
				"south": {"uv": [5.5, 4.5, 9, 8.75], "texture": "#1"},
				"west": {"uv": [6, 5.625, 9.625, 9.625], "texture": "#1"},
				"up": {"uv": [0, 0, 16, 16], "texture": "#2"},
				"down": {"uv": [10.875, 5, 13.625, 10], "texture": "#1"}
			}
		}
	],
	"display": {
		"thirdperson_righthand": {
			"rotation": [67.5, 0, 0],
			"scale": [0.3, 0.3, 0.3]
		},
		"thirdperson_lefthand": {
			"rotation": [67.5, 0, 0],
			"scale": [0.3, 0.3, 0.3]
		},
		"firstperson_righthand": {
			"scale": [0.3, 0.3, 0.3]
		},
		"firstperson_lefthand": {
			"scale": [0.3, 0.3, 0.3]
		},
		"gui": {
			"rotation": [0, 120, 0],
			"translation": [0, -4.5, 0],
			"scale": [0.6, 0.6, 0.6]
		},
		"head": {
			"rotation": [0, 90, 0],
			"translation": [0, -33.96, 0],
			"scale": [1.3, 1.155, 1.3]
		},
		"fixed": {
			"rotation": [0, 90, 0],
			"translation": [0, -5.75, -0.5],
			"scale": [0.75, 0.75, 0.75]
		}
	},
	"groups": [0, 1, 2, 3, 4, 5,
		{
			"name": "frame1",
			"origin": [8, 8, 8],
			"children": [6, 7]
		},
		{
			"name": "frame2",
			"origin": [8, 8, 8],
			"children": [
				{
					"name": "group",
					"origin": [8, 8, 8],
					"children": [8, 9, 10, 11, 12, 13, 14, 15, 16, 17, 18, 19, 20, 21, 22, 23, 24, 25]
				}, 26, 27, 28, 29, 30, 31, 32, 33, 34, 35, 36, 37, 38, 39, 40, 41, 42, 43]
		},
		{
			"name": "group",
			"origin": [8, 8, 8],
			"children": [44, 45, 46, 47, 48]
		}, 49, 50, 51, 52, 53, 54, 55, 56, 57, 58, 59, 60, 61, 62]
}