{
	"credit": "Made with Blockbench",
	"ambientocclusion": false,
	"textures": {
		"0": "block/black_concrete",
		"particle": "block/black_concrete"
	},
	"elements": [
		{
			"name": "Element",
			"from": [7.7, 0, 0],
			"to": [8.3, 1, 16],
			"faces": {
				"north": {"uv": [7.375, 0, 8.375, 16], "rotation": 90, "texture": "#0"},
				"east": {"uv": [7.375, 0, 8.375, 16], "rotation": 90, "texture": "#0"},
				"south": {"uv": [7.375, 0, 8.375, 16], "rotation": 90, "texture": "#0"},
				"west": {"uv": [7.375, 0, 8.375, 16], "rotation": 90, "texture": "#0"},
				"up": {"uv": [7.375, 0, 8.375, 16], "rotation": 90, "texture": "#0"},
				"down": {"uv": [7.375, 0, 8.375, 16], "rotation": 90, "texture": "#0"}
			}
		}
	]
}