{
	"credit": "Made with Blockbench",
	"textures": {
		"0": "custom/castle/light_blue",
		"particle": "custom/castle/light_blue"
	},
	"elements": [
		{
			"from": [0, -12.9, 7.8],
			"to": [32, 32, 8.3],
			"rotation": {"angle": 0, "axis": "y", "origin": [15.5, 15.5, 15.5]},
			"faces": {
				"north": {"uv": [0, 0, 16, 16], "texture": "#0"},
				"east": {"uv": [0, 0, 0.1, 16], "texture": "#0"},
				"south": {"uv": [0, 0, 16, 16], "texture": "#0"},
				"west": {"uv": [0, 0, 0.1, 16], "texture": "#0"},
				"up": {"uv": [0, 0, 16, 0.1], "texture": "#0"},
				"down": {"uv": [0, 0, 16, 0.1], "texture": "#0"}
			}
		}
	],
	"display": {
		"head": {
			"translation": [0, 40, 12.8],
			"scale": [1.6, 4, 1.6]
		}
	}
}