{
	"credit": "Made with Blockbench",
	"textures": {
		"0": "block/gold_ore",
		"1": "block/white_wool",
		"2": "custom/flag",
		"3": "custom/star",
		"4": "block/redstone_block",
		"particle": "block/gold_ore"
	},
	"elements": [
		{
			"name": "hexadecagon",
			"from": [11.39446, 5.3504, 7.8344],
			"to": [12.44854, 10.6496, 8.1656],
			"rotation": {"angle": -45, "axis": "z", "origin": [11.9215, 8, 8]},
			"faces": {
				"north": {"uv": [4.25, 0.5, 6.56, 2.692], "texture": "#0"},
				"east": {"uv": [4.25, 0.5, 6.56, 2.692], "texture": "#0"},
				"south": {"uv": [4.25, 0.5, 6.56, 2.692], "texture": "#0"},
				"west": {"uv": [4.25, 0.5, 6.56, 2.692], "texture": "#0"},
				"up": {"uv": [4.25, 0.5, 6.56, 2.692], "texture": "#0"},
				"down": {"uv": [4.25, 0.5, 6.56, 2.692], "texture": "#0"}
			}
		},
		{
			"name": "hexadecagon",
			"from": [11.39446, 5.3504, 7.8344],
			"to": [12.44854, 10.6496, 8.1656],
			"rotation": {"angle": -22.5, "axis": "z", "origin": [11.9215, 8, 8]},
			"faces": {
				"north": {"uv": [4.25, 0.5, 6.56, 2.692], "texture": "#0"},
				"east": {"uv": [4.25, 0.5, 6.56, 2.692], "texture": "#0"},
				"south": {"uv": [4.25, 0.5, 6.56, 2.692], "texture": "#0"},
				"west": {"uv": [4.25, 0.5, 6.56, 2.692], "texture": "#0"},
				"up": {"uv": [4.25, 0.5, 6.56, 2.692], "texture": "#0"},
				"down": {"uv": [4.25, 0.5, 6.56, 2.692], "texture": "#0"}
			}
		},
		{
			"name": "hexadecagon",
			"from": [11.39446, 5.3504, 7.8344],
			"to": [12.44854, 10.6496, 8.1656],
			"rotation": {"angle": 0, "axis": "y", "origin": [11.9215, 8, 8]},
			"faces": {
				"north": {"uv": [4.25, 0.5, 6.56, 2.692], "texture": "#0"},
				"east": {"uv": [4.25, 0.5, 6.56, 2.692], "texture": "#0"},
				"south": {"uv": [4.25, 0.5, 6.56, 2.692], "texture": "#0"},
				"west": {"uv": [4.25, 0.5, 6.56, 2.692], "texture": "#0"},
				"up": {"uv": [4.25, 0.5, 6.56, 2.692], "texture": "#0"},
				"down": {"uv": [4.25, 0.5, 6.56, 2.692], "texture": "#0"}
			}
		},
		{
			"name": "hexadecagon",
			"from": [11.39446, 5.3504, 7.8344],
			"to": [12.44854, 10.6496, 8.1656],
			"rotation": {"angle": 22.5, "axis": "z", "origin": [11.9215, 8, 8]},
			"faces": {
				"north": {"uv": [4.25, 0.5, 6.56, 2.692], "texture": "#0"},
				"east": {"uv": [4.25, 0.5, 6.56, 2.692], "texture": "#0"},
				"south": {"uv": [4.25, 0.5, 6.56, 2.692], "texture": "#0"},
				"west": {"uv": [4.25, 0.5, 6.56, 2.692], "texture": "#0"},
				"up": {"uv": [4.25, 0.5, 6.56, 2.692], "texture": "#0"},
				"down": {"uv": [4.25, 0.5, 6.56, 2.692], "texture": "#0"}
			}
		},
		{
			"name": "hexadecagon",
			"from": [11.39446, 5.3504, 7.8344],
			"to": [12.44854, 10.6496, 8.1656],
			"rotation": {"angle": 45, "axis": "z", "origin": [11.9215, 8, 8]},
			"faces": {
				"north": {"uv": [4.25, 0.5, 6.56, 2.692], "texture": "#0"},
				"east": {"uv": [4.25, 0.5, 6.56, 2.692], "texture": "#0"},
				"south": {"uv": [4.25, 0.5, 6.56, 2.692], "texture": "#0"},
				"west": {"uv": [4.25, 0.5, 6.56, 2.692], "texture": "#0"},
				"up": {"uv": [4.25, 0.5, 6.56, 2.692], "texture": "#0"},
				"down": {"uv": [4.25, 0.5, 6.56, 2.692], "texture": "#0"}
			}
		},
		{
			"name": "hexadecagon",
			"from": [9.2719, 7.47296, 7.8344],
			"to": [14.5711, 8.52704, 8.1656],
			"rotation": {"angle": -22.5, "axis": "z", "origin": [11.9215, 8, 8]},
			"faces": {
				"north": {"uv": [4.25, 0.5, 6.56, 2.692], "texture": "#0"},
				"east": {"uv": [4.25, 0.5, 6.56, 2.692], "texture": "#0"},
				"south": {"uv": [4.25, 0.5, 6.56, 2.692], "texture": "#0"},
				"west": {"uv": [4.25, 0.5, 6.56, 2.692], "texture": "#0"},
				"up": {"uv": [4.25, 0.5, 6.56, 2.692], "texture": "#0"},
				"down": {"uv": [4.25, 0.5, 6.56, 2.692], "texture": "#0"}
			}
		},
		{
			"name": "hexadecagon",
			"from": [9.2719, 7.47296, 7.8344],
			"to": [14.5711, 8.52704, 8.1656],
			"rotation": {"angle": 0, "axis": "y", "origin": [11.9215, 8, 8]},
			"faces": {
				"north": {"uv": [4.25, 0.5, 6.56, 2.692], "texture": "#0"},
				"east": {"uv": [4.25, 0.5, 6.56, 2.692], "texture": "#0"},
				"south": {"uv": [4.25, 0.5, 6.56, 2.692], "texture": "#0"},
				"west": {"uv": [4.25, 0.5, 6.56, 2.692], "texture": "#0"},
				"up": {"uv": [4.25, 0.5, 6.56, 2.692], "texture": "#0"},
				"down": {"uv": [4.25, 0.5, 6.56, 2.692], "texture": "#0"}
			}
		},
		{
			"name": "hexadecagon",
			"from": [9.2719, 7.47296, 7.8344],
			"to": [14.5711, 8.52704, 8.1656],
			"rotation": {"angle": 22.5, "axis": "z", "origin": [11.9215, 8, 8]},
			"faces": {
				"north": {"uv": [4.25, 0.5, 6.56, 2.692], "texture": "#0"},
				"east": {"uv": [4.25, 0.5, 6.56, 2.692], "texture": "#0"},
				"south": {"uv": [4.25, 0.5, 6.56, 2.692], "texture": "#0"},
				"west": {"uv": [4.25, 0.5, 6.56, 2.692], "texture": "#0"},
				"up": {"uv": [4.25, 0.5, 6.56, 2.692], "texture": "#0"},
				"down": {"uv": [4.25, 0.5, 6.56, 2.692], "texture": "#0"}
			}
		},
		{
			"name": "hexadecagon",
			"from": [3.55146, 5.3504, 7.8344],
			"to": [4.60554, 10.6496, 8.1656],
			"rotation": {"angle": -45, "axis": "z", "origin": [4.0785, 8, 8]},
			"faces": {
				"north": {"uv": [0, 0, 1, 1], "rotation": 180, "texture": "#1"},
				"east": {"uv": [0, 0, 1, 1], "rotation": 270, "texture": "#1"},
				"south": {"uv": [0, 0, 1, 1], "texture": "#1"},
				"west": {"uv": [0, 0, 1, 1], "rotation": 90, "texture": "#1"},
				"up": {"uv": [1.25, 8, 2.25, 9], "rotation": 180, "texture": "#1"},
				"down": {"uv": [0, 0, 1, 1], "texture": "#1"}
			}
		},
		{
			"name": "hexadecagon",
			"from": [3.55146, 5.3504, 7.8344],
			"to": [4.60554, 10.6496, 8.1656],
			"rotation": {"angle": -22.5, "axis": "z", "origin": [4.0785, 8, 8]},
			"faces": {
				"north": {"uv": [0, 0, 1, 1], "rotation": 180, "texture": "#1"},
				"east": {"uv": [0, 0, 1, 1], "rotation": 270, "texture": "#1"},
				"south": {"uv": [0, 0, 1, 1], "texture": "#1"},
				"west": {"uv": [0, 0, 1, 1], "rotation": 90, "texture": "#1"},
				"up": {"uv": [1.25, 8, 2.25, 9], "rotation": 180, "texture": "#1"},
				"down": {"uv": [0, 0, 1, 1], "texture": "#1"}
			}
		},
		{
			"name": "hexadecagon",
			"from": [3.55146, 5.3504, 7.8344],
			"to": [4.60554, 10.6496, 8.1656],
			"rotation": {"angle": 0, "axis": "y", "origin": [4.0785, 8, 8]},
			"faces": {
				"north": {"uv": [0, 0, 1, 1], "rotation": 180, "texture": "#1"},
				"east": {"uv": [0, 0, 1, 1], "rotation": 270, "texture": "#1"},
				"south": {"uv": [0, 0, 1, 1], "texture": "#1"},
				"west": {"uv": [0, 0, 1, 1], "rotation": 90, "texture": "#1"},
				"up": {"uv": [1.25, 8, 2.25, 9], "rotation": 180, "texture": "#1"},
				"down": {"uv": [0, 0, 1, 1], "texture": "#1"}
			}
		},
		{
			"name": "hexadecagon",
			"from": [1.22646, 5.0254, 7.8156],
			"to": [6.95554, 11.0996, 7.8156],
			"rotation": {"angle": -22.5, "axis": "z", "origin": [4.0785, 8, 7.65]},
			"faces": {
				"north": {"uv": [0, 0, 16, 16], "rotation": 180, "texture": "#2"},
				"east": {"uv": [0, 0, 1, 1], "rotation": 270, "texture": "#1"},
				"west": {"uv": [0, 0, 1, 1], "rotation": 90, "texture": "#1"},
				"up": {"uv": [1.25, 8, 2.25, 9], "rotation": 180, "texture": "#1"},
				"down": {"uv": [0, 0, 1, 1], "texture": "#1"}
			}
		},
		{
			"name": "hexadecagon",
			"from": [1.20146, 5.0254, 8.1844],
			"to": [6.93054, 11.0996, 8.1844],
			"rotation": {"angle": 22.5, "axis": "z", "origin": [4.0785, 8, 8.35]},
			"faces": {
				"east": {"uv": [0, 0, 1, 1], "rotation": 90, "texture": "#1"},
				"south": {"uv": [0, 0, 16, 16], "rotation": 180, "texture": "#2"},
				"west": {"uv": [0, 0, 1, 1], "rotation": 270, "texture": "#1"},
				"up": {"uv": [1.25, 8, 2.25, 9], "texture": "#1"},
				"down": {"uv": [0, 0, 1, 1], "rotation": 180, "texture": "#1"}
			}
		},
		{
			"name": "hexadecagon",
			"from": [3.55146, 5.3504, 7.8344],
			"to": [4.60554, 10.6496, 8.1656],
			"rotation": {"angle": 22.5, "axis": "z", "origin": [4.0785, 8, 8]},
			"faces": {
				"north": {"uv": [0, 0, 1, 1], "rotation": 180, "texture": "#1"},
				"east": {"uv": [0, 0, 1, 1], "rotation": 270, "texture": "#1"},
				"south": {"uv": [0, 0, 1, 1], "texture": "#1"},
				"west": {"uv": [0, 0, 1, 1], "rotation": 90, "texture": "#1"},
				"up": {"uv": [1.25, 8, 2.25, 9], "rotation": 180, "texture": "#1"},
				"down": {"uv": [0, 0, 1, 1], "texture": "#1"}
			}
		},
		{
			"name": "hexadecagon",
			"from": [3.55146, 5.3504, 7.8344],
			"to": [4.60554, 10.6496, 8.1656],
			"rotation": {"angle": 45, "axis": "z", "origin": [4.0785, 8, 8]},
			"faces": {
				"north": {"uv": [0, 0, 1, 1], "rotation": 180, "texture": "#1"},
				"east": {"uv": [0, 0, 1, 1], "rotation": 270, "texture": "#1"},
				"south": {"uv": [0, 0, 1, 1], "texture": "#1"},
				"west": {"uv": [0, 0, 1, 1], "rotation": 90, "texture": "#1"},
				"up": {"uv": [1.25, 8, 2.25, 9], "rotation": 180, "texture": "#1"},
				"down": {"uv": [0, 0, 1, 1], "texture": "#1"}
			}
		},
		{
			"name": "hexadecagon",
			"from": [1.4289, 7.47296, 7.8344],
			"to": [6.7281, 8.52704, 8.1656],
			"rotation": {"angle": -22.5, "axis": "z", "origin": [4.0785, 8, 8]},
			"faces": {
				"north": {"uv": [0, 0, 1, 1], "rotation": 180, "texture": "#1"},
				"east": {"uv": [0, 0, 1, 1], "rotation": 270, "texture": "#1"},
				"south": {"uv": [0, 0, 1, 1], "texture": "#1"},
				"west": {"uv": [0, 0, 1, 1], "rotation": 90, "texture": "#1"},
				"up": {"uv": [1.25, 8, 2.25, 9], "rotation": 180, "texture": "#1"},
				"down": {"uv": [0, 0, 1, 1], "texture": "#1"}
			}
		},
		{
			"name": "hexadecagon",
			"from": [1.4289, 7.47296, 7.8344],
			"to": [6.7281, 8.52704, 8.1656],
			"rotation": {"angle": 0, "axis": "y", "origin": [4.0785, 8, 8]},
			"faces": {
				"north": {"uv": [0, 0, 1, 1], "rotation": 180, "texture": "#1"},
				"east": {"uv": [0, 0, 1, 1], "rotation": 270, "texture": "#1"},
				"south": {"uv": [0, 0, 1, 1], "texture": "#1"},
				"west": {"uv": [0, 0, 1, 1], "rotation": 90, "texture": "#1"},
				"up": {"uv": [1.25, 8, 2.25, 9], "rotation": 180, "texture": "#1"},
				"down": {"uv": [0, 0, 1, 1], "texture": "#1"}
			}
		},
		{
			"name": "hexadecagon",
			"from": [1.4289, 7.47296, 7.8344],
			"to": [6.7281, 8.52704, 8.1656],
			"rotation": {"angle": 22.5, "axis": "z", "origin": [4.0785, 8, 8]},
			"faces": {
				"north": {"uv": [0, 0, 1, 1], "rotation": 180, "texture": "#1"},
				"east": {"uv": [0, 0, 1, 1], "rotation": 270, "texture": "#1"},
				"south": {"uv": [0, 0, 1, 1], "texture": "#1"},
				"west": {"uv": [0, 0, 1, 1], "rotation": 90, "texture": "#1"},
				"up": {"uv": [1.25, 8, 2.25, 9], "rotation": 180, "texture": "#1"},
				"down": {"uv": [0, 0, 1, 1], "texture": "#1"}
			}
		},
		{
			"from": [11.25, 5.6, 7.825],
			"to": [12.5, 6.85, 8.175],
			"rotation": {"angle": 0, "axis": "y", "origin": [19.25, 13.6, 16.125]},
			"faces": {
				"north": {"uv": [0, 0, 16, 16], "texture": "#3"},
				"east": {"uv": [0, 0, 0, 1], "texture": "#3"},
				"south": {"uv": [0, 0, 16, 16], "texture": "#3"},
				"west": {"uv": [0, 0, 0, 1], "texture": "#3"},
				"up": {"uv": [0, 0, 1, 0], "texture": "#3"},
				"down": {"uv": [0, 0, 1, 0], "texture": "#3"}
			}
		},
		{
			"from": [12.75, 6.1, 7.825],
			"to": [14, 7.35, 8.2],
			"rotation": {"angle": 0, "axis": "y", "origin": [20.75, 14.1, 16.125]},
			"faces": {
				"north": {"uv": [0, 0, 16, 16], "texture": "#3"},
				"east": {"uv": [0, 0, 0, 1], "texture": "#3"},
				"south": {"uv": [0, 0, 16, 16], "texture": "#3"},
				"west": {"uv": [0, 0, 0, 1], "texture": "#3"},
				"up": {"uv": [0, 0, 1, 0], "texture": "#3"},
				"down": {"uv": [0, 0, 1, 0], "texture": "#3"}
			}
		},
		{
			"from": [13.3, 7.575, 7.825],
			"to": [14.55, 8.825, 8.175],
			"rotation": {"angle": 0, "axis": "y", "origin": [21.3, 15.575, 16.125]},
			"faces": {
				"north": {"uv": [0, 0, 16, 16], "texture": "#3"},
				"east": {"uv": [0, 0, 0, 1], "texture": "#3"},
				"south": {"uv": [0, 0, 16, 16], "texture": "#3"},
				"west": {"uv": [0, 0, 0, 1], "texture": "#3"},
				"up": {"uv": [0, 0, 1, 0], "texture": "#3"},
				"down": {"uv": [0, 0, 1, 0], "texture": "#3"}
			}
		},
		{
			"from": [11.375, 7.45, 7.825],
			"to": [12.625, 8.7, 8.175],
			"rotation": {"angle": 0, "axis": "y", "origin": [19.375, 15.45, 16.125]},
			"faces": {
				"north": {"uv": [0, 0, 16, 16], "texture": "#3"},
				"east": {"uv": [0, 0, 0, 1], "texture": "#3"},
				"south": {"uv": [0, 0, 16, 16], "texture": "#3"},
				"west": {"uv": [0, 0, 0, 1], "texture": "#3"},
				"up": {"uv": [0, 0, 1, 0], "texture": "#3"},
				"down": {"uv": [0, 0, 1, 0], "texture": "#3"}
			}
		},
		{
			"from": [10.925, 9.125, 7.825],
			"to": [12.175, 10.375, 8.175],
			"rotation": {"angle": 0, "axis": "y", "origin": [18.925, 17.125, 16.125]},
			"faces": {
				"north": {"uv": [0, 0, 16, 16], "texture": "#3"},
				"east": {"uv": [0, 0, 0, 1], "texture": "#3"},
				"south": {"uv": [0, 0, 16, 16], "texture": "#3"},
				"west": {"uv": [0, 0, 0, 1], "texture": "#3"},
				"up": {"uv": [0, 0, 1, 0], "texture": "#3"},
				"down": {"uv": [0, 0, 1, 0], "texture": "#3"}
			}
		},
		{
			"from": [10.075, 6.4, 7.825],
			"to": [11.325, 7.65, 8.175],
			"rotation": {"angle": 0, "axis": "y", "origin": [18.075, 14.4, 16.125]},
			"faces": {
				"north": {"uv": [0, 0, 16, 16], "texture": "#3"},
				"east": {"uv": [0, 0, 0, 1], "texture": "#3"},
				"south": {"uv": [0, 0, 16, 16], "texture": "#3"},
				"west": {"uv": [0, 0, 0, 1], "texture": "#3"},
				"up": {"uv": [0, 0, 1, 0], "texture": "#3"},
				"down": {"uv": [0, 0, 1, 0], "texture": "#3"}
			}
		},
		{
			"from": [9.85, 8, 7.825],
			"to": [11.1, 9.25, 8.175],
			"rotation": {"angle": 0, "axis": "y", "origin": [17.85, 16, 16.125]},
			"faces": {
				"north": {"uv": [0, 0, 16, 16], "texture": "#3"},
				"east": {"uv": [0, 0, 0, 1], "texture": "#3"},
				"south": {"uv": [0, 0, 16, 16], "texture": "#3"},
				"west": {"uv": [0, 0, 0, 1], "texture": "#3"},
				"up": {"uv": [0, 0, 1, 0], "texture": "#3"},
				"down": {"uv": [0, 0, 1, 0], "texture": "#3"}
			}
		},
		{
			"from": [12.55, 8.825, 7.825],
			"to": [13.8, 10.075, 8.175],
			"rotation": {"angle": 0, "axis": "y", "origin": [20.55, 16.825, 16.125]},
			"faces": {
				"north": {"uv": [0, 0, 16, 16], "texture": "#3"},
				"east": {"uv": [0, 0, 0, 1], "texture": "#3"},
				"south": {"uv": [0, 0, 16, 16], "texture": "#3"},
				"west": {"uv": [0, 0, 0, 1], "texture": "#3"},
				"up": {"uv": [0, 0, 1, 0], "texture": "#3"},
				"down": {"uv": [0, 0, 1, 0], "texture": "#3"}
			}
		},
		{
			"from": [7.052, 7.618, 7.41525],
			"to": [9.017, 8.859, 8.04025],
			"rotation": {"angle": 0, "axis": "y", "origin": [8, 8.069, 7.77575]},
			"faces": {
				"north": {"uv": [0.25, 0, 1.2, 1.75], "rotation": 270, "texture": "#4"},
				"east": {"uv": [0, 0, 0.7, 0.475], "rotation": 270, "texture": "#4"},
				"south": {"uv": [0, 0, 0.7, 1.75], "rotation": 90, "texture": "#4"},
				"west": {"uv": [0, 0, 0.7, 0.475], "rotation": 270, "texture": "#4"},
				"up": {"uv": [0, 0, 0.475, 1.75], "rotation": 90, "texture": "#4"},
				"down": {"uv": [0, 0, 0.475, 1.75], "rotation": 90, "texture": "#4"}
			}
		},
		{
			"from": [6.56612, 8.18114, 7.39625],
			"to": [7.53212, 10.21664, 8.05175],
			"rotation": {"angle": 45, "axis": "z", "origin": [6.84212, 8.87114, 7.70675]},
			"faces": {
				"north": {"uv": [0.25, 0, 1.2, 1.75], "rotation": 180, "texture": "#4"},
				"east": {"uv": [0, 0, 0.475, 1.475], "rotation": 180, "texture": "#4"},
				"south": {"uv": [0, 0, 0.7, 1.475], "rotation": 180, "texture": "#4"},
				"west": {"uv": [0, 0, 0.475, 1.475], "rotation": 180, "texture": "#4"},
				"up": {"uv": [0, 0, 0.7, 0.475], "texture": "#4"},
				"down": {"uv": [0, 0, 0.7, 0.475], "texture": "#4"}
			}
		},
		{
			"from": [5.32907, 8.19902, 7.39625],
			"to": [7.36457, 9.16502, 8.05175],
			"rotation": {"angle": -22.5, "axis": "z", "origin": [6.67457, 8.47502, 7.70675]},
			"faces": {
				"north": {"uv": [0.25, 0, 1.2, 1.75], "rotation": 270, "texture": "#4"},
				"east": {"uv": [0, 0, 0.7, 0.475], "rotation": 270, "texture": "#4"},
				"south": {"uv": [0, 0, 0.7, 1.475], "rotation": 90, "texture": "#4"},
				"west": {"uv": [0, 0, 0.7, 0.475], "rotation": 270, "texture": "#4"},
				"up": {"uv": [0, 0, 0.475, 1.475], "rotation": 90, "texture": "#4"},
				"down": {"uv": [0, 0, 0.475, 1.475], "rotation": 90, "texture": "#4"}
			}
		},
		{
			"from": [5.32587, 7.76893, 7.39625],
			"to": [7.36137, 8.73493, 8.05175],
			"rotation": {"angle": 0, "axis": "y", "origin": [6.67137, 8.04493, 7.70675]},
			"faces": {
				"north": {"uv": [0.25, 0, 1.2, 1.75], "rotation": 270, "texture": "#4"},
				"east": {"uv": [0, 0, 0.7, 0.475], "rotation": 270, "texture": "#4"},
				"south": {"uv": [0, 0, 0.7, 1.475], "rotation": 90, "texture": "#4"},
				"west": {"uv": [0, 0, 0.7, 0.475], "rotation": 270, "texture": "#4"},
				"up": {"uv": [0, 0, 0.475, 1.475], "rotation": 90, "texture": "#4"},
				"down": {"uv": [0, 0, 0.475, 1.475], "rotation": 90, "texture": "#4"}
			}
		},
		{
			"from": [5.4875, 7.37035, 7.39625],
			"to": [7.523, 8.33635, 8.05175],
			"rotation": {"angle": 22.5, "axis": "z", "origin": [6.833, 7.64635, 7.70675]},
			"faces": {
				"north": {"uv": [0.25, 0, 1.2, 1.75], "rotation": 270, "texture": "#4"},
				"east": {"uv": [0, 0, 0.7, 0.475], "rotation": 270, "texture": "#4"},
				"south": {"uv": [0, 0, 0.7, 1.475], "rotation": 90, "texture": "#4"},
				"west": {"uv": [0, 0, 0.7, 0.475], "rotation": 270, "texture": "#4"},
				"up": {"uv": [0, 0, 0.475, 1.475], "rotation": 90, "texture": "#4"},
				"down": {"uv": [0, 0, 0.475, 1.475], "rotation": 90, "texture": "#4"}
			}
		},
		{
			"from": [5.78936, 7.06397, 7.39625],
			"to": [7.82486, 8.02997, 8.05175],
			"rotation": {"angle": 45, "axis": "z", "origin": [7.13486, 7.33997, 7.70675]},
			"faces": {
				"north": {"uv": [0.25, 0, 1.2, 1.75], "rotation": 270, "texture": "#4"},
				"east": {"uv": [0, 0, 0.7, 0.475], "rotation": 270, "texture": "#4"},
				"south": {"uv": [0, 0, 0.7, 1.475], "rotation": 90, "texture": "#4"},
				"west": {"uv": [0, 0, 0.7, 0.475], "rotation": 270, "texture": "#4"},
				"up": {"uv": [0, 0, 0.475, 1.475], "rotation": 90, "texture": "#4"},
				"down": {"uv": [0, 0, 0.475, 1.475], "rotation": 90, "texture": "#4"}
			}
		},
		{
			"from": [8.46788, 8.18114, 7.39625],
			"to": [9.43388, 10.21664, 8.05175],
			"rotation": {"angle": -45, "axis": "z", "origin": [9.15788, 8.87114, 7.70675]},
			"faces": {
				"north": {"uv": [0.25, 0, 1.2, 1.75], "rotation": 180, "texture": "#4"},
				"east": {"uv": [0.475, 0, 0, 1.475], "rotation": 180, "texture": "#4"},
				"south": {"uv": [0.7, 0, 0, 1.475], "rotation": 180, "texture": "#4"},
				"west": {"uv": [0.475, 0, 0, 1.475], "rotation": 180, "texture": "#4"},
				"up": {"uv": [0.7, 0, 0, 0.475], "texture": "#4"},
				"down": {"uv": [0.7, 0, 0, 0.475], "texture": "#4"}
			}
		},
		{
			"from": [8.63543, 8.19902, 7.39625],
			"to": [10.67093, 9.16502, 8.05175],
			"rotation": {"angle": 22.5, "axis": "z", "origin": [9.32543, 8.47502, 7.70675]},
			"faces": {
				"north": {"uv": [0.25, 0, 1.2, 1.75], "rotation": 270, "texture": "#4"},
				"east": {"uv": [0, 0.475, 0.7, 0], "rotation": 270, "texture": "#4"},
				"south": {"uv": [0, 1.475, 0.7, 0], "rotation": 90, "texture": "#4"},
				"west": {"uv": [0, 0.475, 0.7, 0], "rotation": 270, "texture": "#4"},
				"up": {"uv": [0, 1.475, 0.475, 0], "rotation": 90, "texture": "#4"},
				"down": {"uv": [0, 1.475, 0.475, 0], "rotation": 90, "texture": "#4"}
			}
		},
		{
			"from": [8.63863, 7.76893, 7.39625],
			"to": [10.67413, 8.73493, 8.05175],
			"rotation": {"angle": 0, "axis": "y", "origin": [9.32863, 8.04493, 7.70675]},
			"faces": {
				"north": {"uv": [0.25, 0, 1.2, 1.75], "rotation": 270, "texture": "#4"},
				"east": {"uv": [0, 0.475, 0.7, 0], "rotation": 270, "texture": "#4"},
				"south": {"uv": [0, 1.475, 0.7, 0], "rotation": 90, "texture": "#4"},
				"west": {"uv": [0, 0.475, 0.7, 0], "rotation": 270, "texture": "#4"},
				"up": {"uv": [0, 1.475, 0.475, 0], "rotation": 90, "texture": "#4"},
				"down": {"uv": [0, 1.475, 0.475, 0], "rotation": 90, "texture": "#4"}
			}
		},
		{
			"from": [8.477, 7.37035, 7.39625],
			"to": [10.5125, 8.33635, 8.05175],
			"rotation": {"angle": -22.5, "axis": "z", "origin": [9.167, 7.64635, 7.70675]},
			"faces": {
				"north": {"uv": [0.25, 0, 1.2, 1.75], "rotation": 270, "texture": "#4"},
				"east": {"uv": [0, 0.475, 0.7, 0], "rotation": 270, "texture": "#4"},
				"south": {"uv": [0, 1.475, 0.7, 0], "rotation": 90, "texture": "#4"},
				"west": {"uv": [0, 0.475, 0.7, 0], "rotation": 270, "texture": "#4"},
				"up": {"uv": [0, 1.475, 0.475, 0], "rotation": 90, "texture": "#4"},
				"down": {"uv": [0, 1.475, 0.475, 0], "rotation": 90, "texture": "#4"}
			}
		},
		{
			"from": [8.17514, 7.06397, 7.39625],
			"to": [10.21064, 8.02997, 8.05175],
			"rotation": {"angle": -45, "axis": "z", "origin": [8.86514, 7.33997, 7.70675]},
			"faces": {
				"north": {"uv": [0.25, 0, 1.2, 1.75], "rotation": 270, "texture": "#4"},
				"east": {"uv": [0, 0.475, 0.7, 0], "rotation": 270, "texture": "#4"},
				"south": {"uv": [0, 1.475, 0.7, 0], "rotation": 90, "texture": "#4"},
				"west": {"uv": [0, 0.475, 0.7, 0], "rotation": 270, "texture": "#4"},
				"up": {"uv": [0, 1.475, 0.475, 0], "rotation": 90, "texture": "#4"},
				"down": {"uv": [0, 1.475, 0.475, 0], "rotation": 90, "texture": "#4"}
			}
		}
	],
	"display": {
		"thirdperson_righthand": {
			"rotation": [0, -180, 0],
			"scale": [0.72, 0.72, 0.72]
		},
		"thirdperson_lefthand": {
			"rotation": [0, -180, 0],
			"scale": [0.72, 0.72, 0.72]
		},
		"firstperson_righthand": {
			"rotation": [0, -180, 0],
			"translation": [0, 3.25, 0]
		},
		"firstperson_lefthand": {
			"rotation": [0, -180, 0],
			"translation": [0, 3.25, 0]
		},
		"ground": {
			"rotation": [0, -180, 0],
			"scale": [0.72, 0.72, 0.72]
		},
		"gui": {
			"rotation": [0, -180, 0]
		},
		"head": {
			"translation": [0, 8.25, -4],
			"scale": [1.26, 1.26, 1.26]
		}
	},
	"groups": [
		{
			"name": "ears",
			"origin": [8, 8, 8],
			"children": [
				{
					"name": "hexadecagon",
					"origin": [8, 8, 8],
					"children": [0, 1, 2, 3, 4, 5, 6, 7]
				},
				{
					"name": "hexadecagon",
					"origin": [8, 8, 8],
					"children": [8, 9, 10, 11, 12, 13, 14, 15, 16, 17]
				}, 18, 19, 20, 21, 22, 23, 24, 25]
		},
		{
			"name": "bow",
			"origin": [8, 8, 8],
			"children": [26,
				{
					"name": "group",
					"origin": [8, 8, 8],
					"children": [
						{
							"name": "group",
							"origin": [8, 8, 8],
							"children": [27, 28, 29, 30, 31]
						},
						{
							"name": "group",
							"origin": [8, 8, 8],
							"children": [32, 33, 34, 35, 36]
						}
					]
				}
			]
		}
	]
}
