{
	"credit": "Made with Blockbench",
	"textures": {
		"0": "custom/beetlejuice",
		"1": "block/emerald_block",
		"particle": "custom/beetlejuice"
	},
	"elements": [
		{
			"name": "hexadecagon",
			"from": [14.20435, 4, 7.5],
			"to": [15.79565, 12, 8.5],
			"rotation": {"angle": -45, "axis": "z", "origin": [15, 8, 8]},
			"faces": {
				"north": {"uv": [0, 0, 1, 1], "texture": "#missing"},
				"east": {"uv": [5.659, 4.328, 6.659, 5.328], "texture": "#0"},
				"south": {"uv": [0, 0, 1, 1], "texture": "#missing"},
				"west": {"uv": [5.44, 4.43, 6.44, 5.43], "texture": "#0"},
				"up": {"uv": [6.484, 3.385, 7.484, 4.385], "texture": "#0"},
				"down": {"uv": [6.484, 3.385, 7.484, 4.385], "texture": "#0"}
			}
		},
		{
			"name": "hexadecagon",
			"from": [14.20435, 4, 7.5],
			"to": [15.79565, 12, 8.5],
			"rotation": {"angle": -22.5, "axis": "z", "origin": [15, 8, 8]},
			"faces": {
				"north": {"uv": [0, 0, 1, 1], "texture": "#missing"},
				"east": {"uv": [5.659, 4.328, 6.659, 5.328], "texture": "#0"},
				"south": {"uv": [0, 0, 1, 1], "texture": "#missing"},
				"west": {"uv": [5.44, 4.43, 6.44, 5.43], "texture": "#0"},
				"up": {"uv": [7.75, 3.5, 7.75, 5], "rotation": 90, "texture": "#0"},
				"down": {"uv": [8, 6.5, 8, 8], "rotation": 90, "texture": "#0"}
			}
		},
		{
			"name": "hexadecagon",
			"from": [14.20435, 4, 7.5],
			"to": [15.79565, 12, 8.5],
			"faces": {
				"north": {"uv": [0, 0, 1, 1], "texture": "#missing"},
				"east": {"uv": [5.659, 4.328, 6.659, 5.328], "texture": "#0"},
				"south": {"uv": [0, 0, 1, 1], "texture": "#missing"},
				"west": {"uv": [5.44, 4.43, 6.44, 5.43], "texture": "#0"},
				"up": {"uv": [8, 6.5, 8, 8], "rotation": 90, "texture": "#0"},
				"down": {"uv": [7.5, 3.5, 7.5, 5], "rotation": 90, "texture": "#0"}
			}
		},
		{
			"name": "hexadecagon",
			"from": [14.20435, 4, 7.5],
			"to": [15.79565, 12, 8.5],
			"rotation": {"angle": 22.5, "axis": "z", "origin": [15, 8, 8]},
			"faces": {
				"north": {"uv": [0, 0, 1, 1], "texture": "#missing"},
				"east": {"uv": [5.659, 4.328, 6.659, 5.328], "texture": "#0"},
				"south": {"uv": [0, 0, 1, 1], "texture": "#missing"},
				"west": {"uv": [5.44, 4.43, 6.44, 5.43], "texture": "#0"},
				"up": {"uv": [8, 3.25, 8, 4.75], "rotation": 90, "texture": "#0"},
				"down": {"uv": [7.25, 5, 7.25, 6.5], "rotation": 90, "texture": "#0"}
			}
		},
		{
			"name": "hexadecagon",
			"from": [14.20435, 4, 7.5],
			"to": [15.79565, 12, 8.5],
			"rotation": {"angle": 45, "axis": "z", "origin": [15, 8, 8]},
			"faces": {
				"north": {"uv": [0, 0, 1, 1], "texture": "#missing"},
				"east": {"uv": [5.659, 4.328, 6.659, 5.328], "texture": "#0"},
				"south": {"uv": [0, 0, 1, 1], "texture": "#missing"},
				"west": {"uv": [5.44, 4.43, 6.44, 5.43], "texture": "#0"},
				"up": {"uv": [8, 7, 8, 8.5], "rotation": 90, "texture": "#0"},
				"down": {"uv": [8, 6.75, 8, 8.25], "rotation": 90, "texture": "#0"}
			}
		},
		{
			"name": "hexadecagon",
			"from": [11, 7.20435, 7.5],
			"to": [19, 8.79565, 8.5],
			"rotation": {"angle": -22.5, "axis": "z", "origin": [15, 8, 8]},
			"faces": {
				"north": {"uv": [0, 0, 1, 1], "texture": "#missing"},
				"east": {"uv": [8, 7.25, 8, 8.75], "rotation": 180, "texture": "#0"},
				"south": {"uv": [0, 0, 1, 1], "texture": "#missing"},
				"west": {"uv": [5.44, 4.43, 6.44, 5.43], "texture": "#0"},
				"up": {"uv": [6.484, 3.385, 7.484, 4.385], "texture": "#0"},
				"down": {"uv": [6.484, 3.385, 7.484, 4.385], "texture": "#0"}
			}
		},
		{
			"name": "hexadecagon",
			"from": [11, 7.20435, 7.5],
			"to": [19, 8.79565, 8.5],
			"faces": {
				"north": {"uv": [0, 0, 1, 1], "texture": "#missing"},
				"east": {"uv": [8, 5.75, 8, 7.25], "rotation": 90, "texture": "#0"},
				"south": {"uv": [0, 0, 1, 1], "texture": "#missing"},
				"west": {"uv": [5.44, 4.43, 6.44, 5.43], "texture": "#0"},
				"up": {"uv": [6.484, 3.385, 7.484, 4.385], "texture": "#0"},
				"down": {"uv": [6.484, 3.385, 7.484, 4.385], "texture": "#0"}
			}
		},
		{
			"name": "hexadecagon",
			"from": [11, 7.20435, 7.5],
			"to": [19, 8.79565, 8.5],
			"rotation": {"angle": 22.5, "axis": "z", "origin": [15, 8, 8]},
			"faces": {
				"north": {"uv": [0, 0, 1, 1], "texture": "#missing"},
				"east": {"uv": [5.659, 4.328, 6.659, 5.328], "texture": "#0"},
				"south": {"uv": [0, 0, 1, 1], "texture": "#missing"},
				"west": {"uv": [5.44, 4.43, 6.44, 5.43], "texture": "#0"},
				"up": {"uv": [6.484, 3.385, 7.484, 4.385], "texture": "#0"},
				"down": {"uv": [6.484, 3.385, 7.484, 4.385], "texture": "#0"}
			}
		},
		{
			"name": "hexadecagon",
			"from": [10.95435, 4, 7.44],
			"to": [19.04565, 12, 7.441],
			"faces": {
				"north": {"uv": [0, 0, 15.989, 15.989], "texture": "#0"},
				"east": {"uv": [5.659, 4.328, 6.659, 5.328], "texture": "#0"},
				"south": {"uv": [0, 0, 15.989, 15.989], "texture": "#0"},
				"west": {"uv": [5.44, 4.43, 6.44, 5.43], "texture": "#0"},
				"up": {"uv": [6.484, 3.385, 7.484, 4.385], "texture": "#0"},
				"down": {"uv": [6.484, 3.385, 7.484, 4.385], "texture": "#0"}
			}
		},
		{
			"name": "hexadecagon",
			"from": [10.95435, 4, 8.56],
			"to": [19.04565, 12, 8.561],
			"rotation": {"angle": 0, "axis": "z", "origin": [22, 8, 8]},
			"faces": {
				"north": {"uv": [0, 0, 15.989, 15.989], "rotation": 180, "texture": "#0"},
				"east": {"uv": [5.659, 4.328, 6.659, 5.328], "rotation": 180, "texture": "#0"},
				"south": {"uv": [0, 0, 15.989, 15.989], "rotation": 90, "texture": "#0"},
				"west": {"uv": [5.44, 4.43, 6.44, 5.43], "rotation": 180, "texture": "#0"},
				"up": {"uv": [6.484, 3.385, 7.484, 4.385], "rotation": 180, "texture": "#0"},
				"down": {"uv": [6.484, 3.385, 7.484, 4.385], "rotation": 180, "texture": "#0"}
			}
		},
		{
			"from": [6.9392, 7.1892, 6.3936],
			"to": [9.0608, 8.8108, 7.7044],
			"faces": {
				"north": {"uv": [10.25, 12.25, 15.812, 15.875], "texture": "#1"},
				"east": {"uv": [12.75, 12.25, 14.75, 14.25], "texture": "#1"},
				"south": {"uv": [13.5, 14.25, 15.5, 16], "texture": "#1"},
				"west": {"uv": [13, 10.25, 15, 12.25], "texture": "#1"},
				"up": {"uv": [15, 14.75, 13, 13], "texture": "#1"},
				"down": {"uv": [14.25, 13, 12, 14.75], "texture": "#1"}
			}
		},
		{
			"from": [6.9392, 8.6892, 6.6436],
			"to": [9.0608, 9.0608, 7.7044],
			"faces": {
				"north": {"uv": [10.25, 12.25, 15.812, 15.875], "texture": "#1"},
				"east": {"uv": [12.75, 12.25, 14.75, 14.25], "texture": "#1"},
				"south": {"uv": [13.5, 14.25, 15.5, 16], "texture": "#1"},
				"west": {"uv": [13, 10.25, 15, 12.25], "texture": "#1"},
				"up": {"uv": [15, 14.75, 13, 13], "texture": "#1"},
				"down": {"uv": [14.25, 13, 12, 14.75], "texture": "#1"}
			}
		},
		{
			"from": [6.93997, 7.37616, 6.09947],
			"to": [9.06157, 7.74776, 6.41027],
			"rotation": {"angle": 45, "axis": "x", "origin": [8.00077, 7.74776, 7.95587]},
			"faces": {
				"north": {"uv": [10.25, 12.25, 15.812, 15.875], "texture": "#1"},
				"east": {"uv": [12.75, 12.25, 14.75, 14.25], "texture": "#1"},
				"south": {"uv": [13.5, 14.25, 15.5, 16], "texture": "#1"},
				"west": {"uv": [13, 10.25, 15, 12.25], "texture": "#1"},
				"up": {"uv": [15, 14.75, 13, 13], "texture": "#1"},
				"down": {"uv": [14.25, 13, 12, 14.75], "texture": "#1"}
			}
		},
		{
			"from": [6.93997, 8.00224, 6.34947],
			"to": [9.06157, 8.62384, 6.41027],
			"rotation": {"angle": -45, "axis": "x", "origin": [8.00077, 8.25224, 7.95587]},
			"faces": {
				"north": {"uv": [10.25, 12.25, 15.812, 15.875], "texture": "#1"},
				"east": {"uv": [12.75, 12.25, 14.75, 14.25], "texture": "#1"},
				"south": {"uv": [13.5, 14.25, 15.5, 16], "texture": "#1"},
				"west": {"uv": [13, 10.25, 15, 12.25], "texture": "#1"},
				"up": {"uv": [15, 14.75, 13, 13], "texture": "#1"},
				"down": {"uv": [14.25, 13, 12, 14.75], "texture": "#1"}
			}
		},
		{
			"from": [6.9392, 6.9392, 6.6436],
			"to": [9.0608, 7.3108, 7.7044],
			"faces": {
				"north": {"uv": [10.25, 12.25, 15.812, 15.875], "texture": "#1"},
				"east": {"uv": [12.75, 12.25, 14.75, 14.25], "texture": "#1"},
				"south": {"uv": [13.5, 14.25, 15.5, 16], "texture": "#1"},
				"west": {"uv": [13, 10.25, 15, 12.25], "texture": "#1"},
				"up": {"uv": [15, 14.75, 13, 13], "texture": "#1"},
				"down": {"uv": [14.25, 13, 12, 14.75], "texture": "#1"}
			}
		},
		{
			"from": [18.75958, 14.40262, 6.40591],
			"to": [20.35078, 18.64582, 7.46671],
			"rotation": {"angle": 45, "axis": "z", "origin": [21.14638, -4.16138, 14.89231]},
			"faces": {
				"north": {"uv": [10.25, 12.25, 15.812, 15.875], "texture": "#1"},
				"east": {"uv": [12.75, 12.25, 14.75, 14.25], "texture": "#1"},
				"south": {"uv": [13.5, 14.25, 15.5, 16], "texture": "#1"},
				"west": {"uv": [13, 10.25, 15, 12.25], "texture": "#1"},
				"up": {"uv": [15, 14.75, 13, 13], "texture": "#1"},
				"down": {"uv": [14.25, 13, 12, 14.75], "texture": "#1"}
			}
		},
		{
			"from": [-4.35078, 14.40262, 6.40591],
			"to": [-2.75958, 18.64582, 7.46671],
			"rotation": {"angle": -45, "axis": "z", "origin": [-5.14638, -4.16138, 14.89231]},
			"faces": {
				"north": {"uv": [10.25, 12.25, 15.812, 15.875], "texture": "#1"},
				"east": {"uv": [12.75, 12.25, 14.75, 14.25], "texture": "#1"},
				"south": {"uv": [13.5, 14.25, 15.5, 16], "texture": "#1"},
				"west": {"uv": [13, 10.25, 15, 12.25], "texture": "#1"},
				"up": {"uv": [15, 14.75, 13, 13], "texture": "#1"},
				"down": {"uv": [14.25, 13, 12, 14.75], "texture": "#1"}
			}
		},
		{
			"from": [7.08665, 1.05147, 6.40366],
			"to": [11.32985, 2.64267, 7.46446],
			"rotation": {"angle": 22.5, "axis": "z", "origin": [-7.23415, 9.80307, 14.89006]},
			"faces": {
				"north": {"uv": [10.25, 12.25, 15.812, 15.875], "texture": "#1"},
				"east": {"uv": [12.75, 12.25, 14.75, 14.25], "texture": "#1"},
				"south": {"uv": [13.5, 14.25, 15.5, 16], "texture": "#1"},
				"west": {"uv": [13, 10.25, 15, 12.25], "texture": "#1"},
				"up": {"uv": [15, 14.75, 13, 13], "texture": "#1"},
				"down": {"uv": [14.25, 13, 12, 14.75], "texture": "#1"}
			}
		},
		{
			"from": [4.67015, 1.05147, 6.40366],
			"to": [8.91335, 2.64267, 7.46446],
			"rotation": {"angle": -22.5, "axis": "z", "origin": [23.23415, 9.80307, 14.89006]},
			"faces": {
				"north": {"uv": [10.25, 12.25, 15.812, 15.875], "texture": "#1"},
				"east": {"uv": [12.75, 12.25, 14.75, 14.25], "texture": "#1"},
				"south": {"uv": [13.5, 14.25, 15.5, 16], "texture": "#1"},
				"west": {"uv": [13, 10.25, 15, 12.25], "texture": "#1"},
				"up": {"uv": [15, 14.75, 13, 13], "texture": "#1"},
				"down": {"uv": [14.25, 13, 12, 14.75], "texture": "#1"}
			}
		},
		{
			"from": [9.01784, 7.24446, 6.3946],
			"to": [13.26104, 8.83566, 7.4554],
			"faces": {
				"north": {"uv": [10.25, 12.25, 15.812, 15.875], "texture": "#1"},
				"east": {"uv": [12.75, 12.25, 14.75, 14.25], "texture": "#1"},
				"south": {"uv": [13.5, 14.25, 15.5, 16], "texture": "#1"},
				"west": {"uv": [13, 10.25, 15, 12.25], "texture": "#1"},
				"up": {"uv": [15, 14.75, 13, 13], "texture": "#1"},
				"down": {"uv": [14.25, 13, 12, 14.75], "texture": "#1"}
			}
		},
		{
			"from": [2.73896, 7.24446, 6.3946],
			"to": [6.98216, 8.83566, 7.4554],
			"faces": {
				"north": {"uv": [10.25, 12.25, 15.812, 15.875], "texture": "#1"},
				"east": {"uv": [12.75, 12.25, 14.75, 14.25], "texture": "#1"},
				"south": {"uv": [13.5, 14.25, 15.5, 16], "texture": "#1"},
				"west": {"uv": [13, 10.25, 15, 12.25], "texture": "#1"},
				"up": {"uv": [15, 14.75, 13, 13], "texture": "#1"},
				"down": {"uv": [14.25, 13, 12, 14.75], "texture": "#1"}
			}
		},
		{
			"from": [12.38498, 6.95496, 6.38866],
			"to": [16.62818, 8.79616, 7.44946],
			"rotation": {"angle": -22.5, "axis": "z", "origin": [11.05898, 16.48696, 14.87506]},
			"faces": {
				"north": {"uv": [10.25, 12.25, 15.812, 15.875], "texture": "#1"},
				"east": {"uv": [12.75, 12.25, 14.75, 14.25], "texture": "#1"},
				"south": {"uv": [13.5, 14.25, 15.5, 16], "texture": "#1"},
				"west": {"uv": [13, 10.25, 15, 12.25], "texture": "#1"},
				"up": {"uv": [15, 14.75, 13, 13], "texture": "#1"},
				"down": {"uv": [14.25, 13, 12, 14.75], "texture": "#1"}
			}
		},
		{
			"from": [-0.62818, 6.95496, 6.38866],
			"to": [3.61502, 8.79616, 7.44946],
			"rotation": {"angle": 22.5, "axis": "z", "origin": [4.94102, 16.48696, 14.87506]},
			"faces": {
				"north": {"uv": [10.25, 12.25, 15.812, 15.875], "texture": "#1"},
				"east": {"uv": [12.75, 12.25, 14.75, 14.25], "texture": "#1"},
				"south": {"uv": [13.5, 14.25, 15.5, 16], "texture": "#1"},
				"west": {"uv": [13, 10.25, 15, 12.25], "texture": "#1"},
				"up": {"uv": [15, 14.75, 13, 13], "texture": "#1"},
				"down": {"uv": [14.25, 13, 12, 14.75], "texture": "#1"}
			}
		},
		{
			"name": "hexadecagon",
			"from": [0.20435, 4, 7.5],
			"to": [1.79565, 12, 8.5],
			"rotation": {"angle": -45, "axis": "z", "origin": [1, 8, 8]},
			"faces": {
				"north": {"uv": [0, 0, 1, 1], "texture": "#missing"},
				"east": {"uv": [6.434, 4.379, 6.434, 4.379], "texture": "#0"},
				"south": {"uv": [0, 0, 1, 1], "texture": "#missing"},
				"west": {"uv": [6.215, 4.497, 6.215, 4.497], "texture": "#0"},
				"up": {"uv": [6.552, 4.547, 6.552, 4.547], "texture": "#0"},
				"down": {"uv": [5.49, 5.609, 5.49, 5.609], "texture": "#0"}
			}
		},
		{
			"name": "hexadecagon",
			"from": [0.20435, 4, 7.5],
			"to": [1.79565, 12, 8.5],
			"rotation": {"angle": -22.5, "axis": "z", "origin": [1, 8, 8]},
			"faces": {
				"north": {"uv": [0, 0, 1, 1], "texture": "#missing"},
				"east": {"uv": [6.434, 4.379, 6.434, 4.379], "texture": "#0"},
				"south": {"uv": [0, 0, 1, 1], "texture": "#missing"},
				"west": {"uv": [6.215, 4.497, 6.215, 4.497], "texture": "#0"},
				"up": {"uv": [8, 6, 8, 7.5], "rotation": 90, "texture": "#0"},
				"down": {"uv": [5.49, 5.609, 5.49, 5.609], "texture": "#0"}
			}
		},
		{
			"name": "hexadecagon",
			"from": [0.20435, 4, 7.5],
			"to": [1.79565, 12, 8.5],
			"faces": {
				"north": {"uv": [0, 0, 1, 1], "texture": "#missing"},
				"east": {"uv": [6.434, 4.379, 6.434, 4.379], "texture": "#0"},
				"south": {"uv": [0, 0, 1, 1], "texture": "#missing"},
				"west": {"uv": [6.215, 4.497, 6.215, 4.497], "texture": "#0"},
				"up": {"uv": [6.552, 4.547, 6.552, 4.547], "texture": "#0"},
				"down": {"uv": [8, 6, 8, 7.5], "rotation": 90, "texture": "#0"}
			}
		},
		{
			"name": "hexadecagon",
			"from": [0.20435, 4, 7.5],
			"to": [1.79565, 12, 8.5],
			"rotation": {"angle": 22.5, "axis": "z", "origin": [1, 8, 8]},
			"faces": {
				"north": {"uv": [0, 0, 1, 1], "texture": "#missing"},
				"east": {"uv": [6.434, 4.379, 6.434, 4.379], "texture": "#0"},
				"south": {"uv": [0, 0, 1, 1], "texture": "#missing"},
				"west": {"uv": [6.215, 4.497, 6.215, 4.497], "texture": "#0"},
				"up": {"uv": [8, 6.5, 8, 8], "rotation": 90, "texture": "#0"},
				"down": {"uv": [7.75, 7.25, 7.75, 8.75], "rotation": 90, "texture": "#0"}
			}
		},
		{
			"name": "hexadecagon",
			"from": [0.20435, 4, 7.5],
			"to": [1.79565, 12, 8.5],
			"rotation": {"angle": 45, "axis": "z", "origin": [1, 8, 8]},
			"faces": {
				"north": {"uv": [0, 0, 1, 1], "texture": "#missing"},
				"east": {"uv": [6.434, 4.379, 6.434, 4.379], "texture": "#0"},
				"south": {"uv": [0, 0, 1, 1], "texture": "#missing"},
				"west": {"uv": [6.215, 4.497, 6.215, 4.497], "texture": "#0"},
				"up": {"uv": [8, 3.5, 8, 5], "rotation": 90, "texture": "#0"},
				"down": {"uv": [7.75, 3.75, 7.75, 5.25], "rotation": 90, "texture": "#0"}
			}
		},
		{
			"name": "hexadecagon",
			"from": [-3, 7.20435, 7.5],
			"to": [5, 8.79565, 8.5],
			"rotation": {"angle": -22.5, "axis": "z", "origin": [1, 8, 8]},
			"faces": {
				"north": {"uv": [0, 0, 1, 1], "texture": "#missing"},
				"east": {"uv": [6.434, 4.379, 6.434, 4.379], "texture": "#0"},
				"south": {"uv": [0, 0, 1, 1], "texture": "#missing"},
				"west": {"uv": [7.75, 7.5, 7.75, 9], "texture": "#0"},
				"up": {"uv": [6.552, 4.547, 6.552, 4.547], "texture": "#0"},
				"down": {"uv": [5.49, 5.609, 5.49, 5.609], "texture": "#0"}
			}
		},
		{
			"name": "hexadecagon",
			"from": [-3, 7.20435, 7.5],
			"to": [5, 8.79565, 8.5],
			"faces": {
				"north": {"uv": [0, 0, 1, 1], "texture": "#missing"},
				"east": {"uv": [6.434, 4.379, 6.434, 4.379], "texture": "#0"},
				"south": {"uv": [0, 0, 1, 1], "texture": "#missing"},
				"west": {"uv": [8, 5.75, 8, 7.25], "texture": "#0"},
				"up": {"uv": [6.552, 4.547, 6.552, 4.547], "texture": "#0"},
				"down": {"uv": [5.49, 5.609, 5.49, 5.609], "texture": "#0"}
			}
		},
		{
			"name": "hexadecagon",
			"from": [-3, 7.20435, 7.5],
			"to": [5, 8.79565, 8.5],
			"rotation": {"angle": 22.5, "axis": "z", "origin": [1, 8, 8]},
			"faces": {
				"north": {"uv": [0, 0, 1, 1], "texture": "#missing"},
				"east": {"uv": [6.434, 4.379, 6.434, 4.379], "texture": "#0"},
				"south": {"uv": [0, 0, 1, 1], "texture": "#missing"},
				"west": {"uv": [6.215, 4.497, 6.215, 4.497], "texture": "#0"},
				"up": {"uv": [6.552, 4.547, 6.552, 4.547], "texture": "#0"},
				"down": {"uv": [5.49, 5.609, 5.49, 5.609], "texture": "#0"}
			}
		},
		{
			"name": "hexadecagon",
			"from": [-3.04565, 4, 7.44],
			"to": [5.04565, 12, 7.441],
			"rotation": {"angle": 0, "axis": "z", "origin": [-6, 8, 8]},
			"faces": {
				"north": {"uv": [0, 0, 15.952, 15.952], "rotation": 180, "texture": "#0"},
				"east": {"uv": [6.434, 4.379, 6.434, 4.379], "rotation": 180, "texture": "#0"},
				"west": {"uv": [6.215, 4.497, 6.215, 4.497], "rotation": 180, "texture": "#0"},
				"up": {"uv": [6.552, 4.547, 6.552, 4.547], "rotation": 180, "texture": "#0"},
				"down": {"uv": [5.49, 5.609, 5.49, 5.609], "rotation": 180, "texture": "#0"}
			}
		},
		{
			"name": "hexadecagon",
			"from": [-3.04565, 4, 8.56],
			"to": [5.04565, 12, 8.561],
			"faces": {
				"east": {"uv": [6.434, 4.379, 6.434, 4.379], "texture": "#0"},
				"south": {"uv": [0, 0, 15.953, 15.953], "rotation": 270, "texture": "#0"},
				"west": {"uv": [6.215, 4.497, 6.215, 4.497], "texture": "#0"},
				"up": {"uv": [6.552, 4.547, 6.552, 4.547], "texture": "#0"},
				"down": {"uv": [5.49, 5.609, 5.49, 5.609], "texture": "#0"}
			}
		}
	],
	"display": {
		"gui": {
			"rotation": [0, -180, 0],
			"scale": [0.69, 0.69, 0.69]
		},
		"head": {
			"translation": [0, 8.75, -3.5]
		}
	},
	"groups": [
		{
			"name": "Ohana Ears 01",
			"origin": [8, 8, 8],
			"children": [
				{
					"name": "hexadecagon",
					"origin": [8, 8, 8],
					"children": [0, 1, 2, 3, 4, 5, 6, 7, 8, 9]
				},
				{
					"name": "group",
					"origin": [8, 8, 8],
					"children": [10, 11, 12, 13, 14, 15, 16, 17, 18, 19, 20, 21, 22]
				},
				{
					"name": "hexadecagon",
					"origin": [8, 8, 8],
					"children": [23, 24, 25, 26, 27, 28, 29, 30, 31, 32]
				}
			]
		}
	]
}