{
	"credit": "Made with Blockbench",
	"textures": {
		"10": "block/black_wool",
		"15": "block/white_wool",
		"16": "custom/evecustomtexture",
		"particle": "block/black_wool"
	},
	"elements": [
		{
			"name": "Rim 1",
			"from": [1.5, 0, 6],
			"to": [2, 1, 10],
			"faces": {
				"north": {"uv": [0, 4, 0.5, 4.625], "texture": "#15"},
				"east": {"uv": [0.313, 0.813, 0.813, 1.313], "texture": "#15"},
				"south": {"uv": [0, 0.813, 1, 1.813], "texture": "#15"},
				"west": {"uv": [0.125, 5.313, 0.75, 6.188], "texture": "#15"},
				"up": {"uv": [0, 5.375, 0.5, 6.25], "rotation": 270, "texture": "#15"},
				"down": {"uv": [0, 5.5, 0.5, 6], "rotation": 90, "texture": "#15"}
			}
		},
		{
			"name": "Cube",
			"from": [7, 2.1, 12.7],
			"to": [9, 3.8, 13.7],
			"faces": {
				"north": {"uv": [0, 4, 0.5, 4.625], "texture": "#15"},
				"east": {"uv": [0.313, 0.813, 0.813, 1.313], "texture": "#15"},
				"south": {"uv": [0, 0.813, 1, 1.813], "texture": "#15"},
				"west": {"uv": [0.125, 5.313, 0.75, 6.188], "texture": "#15"},
				"up": {"uv": [0, 5.375, 0.5, 6.25], "rotation": 270, "texture": "#15"},
				"down": {"uv": [0, 5.5, 0.5, 6], "rotation": 90, "texture": "#15"}
			}
		},
		{
			"name": "Cube",
			"from": [6.9, 3.7, 11.4],
			"to": [9.1, 4.4, 13.4],
			"faces": {
				"north": {"uv": [0, 4, 0.5, 4.625], "texture": "#15"},
				"east": {"uv": [0.313, 0.813, 0.813, 1.313], "texture": "#15"},
				"south": {"uv": [0, 0.813, 1, 1.813], "texture": "#15"},
				"west": {"uv": [0.125, 5.313, 0.75, 6.188], "texture": "#15"},
				"up": {"uv": [0, 5.375, 0.5, 6.25], "rotation": 270, "texture": "#15"},
				"down": {"uv": [0, 5.5, 0.5, 6], "rotation": 90, "texture": "#15"}
			}
		},
		{
			"name": "Cube",
			"from": [6.5, 2, 12.1],
			"to": [9.5, 3.8, 13.6],
			"faces": {
				"north": {"uv": [0, 4, 0.5, 4.625], "texture": "#15"},
				"east": {"uv": [0.313, 0.813, 0.813, 1.313], "texture": "#15"},
				"south": {"uv": [0, 0.813, 1, 1.813], "texture": "#15"},
				"west": {"uv": [0.125, 5.313, 0.75, 6.188], "texture": "#15"},
				"up": {"uv": [0, 5.375, 0.5, 6.25], "rotation": 270, "texture": "#15"},
				"down": {"uv": [0, 5.5, 0.5, 6], "rotation": 90, "texture": "#15"}
			}
		},
		{
			"name": "Cube",
			"from": [7, 1.4, 13.4],
			"to": [9, 2.1, 14.4],
			"faces": {
				"north": {"uv": [0, 4, 0.5, 4.625], "texture": "#15"},
				"east": {"uv": [0.313, 0.813, 0.813, 1.313], "texture": "#15"},
				"south": {"uv": [0, 0.813, 1, 1.813], "texture": "#15"},
				"west": {"uv": [0.125, 5.313, 0.75, 6.188], "texture": "#15"},
				"up": {"uv": [0, 5.375, 0.5, 6.25], "rotation": 270, "texture": "#15"},
				"down": {"uv": [0, 5.5, 0.5, 6], "rotation": 90, "texture": "#15"}
			}
		},
		{
			"name": "Cube",
			"from": [2, 2, 7.2],
			"to": [3.5, 2.8, 8.8],
			"faces": {
				"north": {"uv": [0, 4, 0.5, 4.625], "texture": "#15"},
				"east": {"uv": [0.313, 0.813, 0.813, 1.313], "texture": "#15"},
				"south": {"uv": [0, 0.813, 1, 1.813], "texture": "#15"},
				"west": {"uv": [0.125, 5.313, 0.75, 6.188], "texture": "#15"},
				"up": {"uv": [0, 5.375, 0.5, 6.25], "rotation": 270, "texture": "#15"},
				"down": {"uv": [0, 5.5, 0.5, 6], "rotation": 90, "texture": "#15"}
			}
		},
		{
			"name": "Cube",
			"from": [12.5, 2, 7.2],
			"to": [14, 2.8, 8.8],
			"faces": {
				"north": {"uv": [0, 4, 0.5, 4.625], "texture": "#15"},
				"east": {"uv": [0.313, 0.813, 0.813, 1.313], "texture": "#15"},
				"south": {"uv": [0, 0.813, 1, 1.813], "texture": "#15"},
				"west": {"uv": [0.125, 5.313, 0.75, 6.188], "texture": "#15"},
				"up": {"uv": [0, 5.375, 0.5, 6.25], "rotation": 270, "texture": "#15"},
				"down": {"uv": [0, 5.5, 0.5, 6], "rotation": 90, "texture": "#15"}
			}
		},
		{
			"name": "Cube",
			"from": [6.5, 1, 13.8],
			"to": [9.5, 1.7, 14.3],
			"faces": {
				"north": {"uv": [0, 4, 0.5, 4.625], "texture": "#15"},
				"east": {"uv": [0.313, 0.813, 0.813, 1.313], "texture": "#15"},
				"south": {"uv": [0, 0.813, 1, 1.813], "texture": "#15"},
				"west": {"uv": [0.125, 5.313, 0.75, 6.188], "texture": "#15"},
				"up": {"uv": [0, 5.375, 0.5, 6.25], "rotation": 270, "texture": "#15"},
				"down": {"uv": [0, 5.5, 0.5, 6], "rotation": 90, "texture": "#15"}
			}
		},
		{
			"name": "Cube",
			"from": [13.8, 1, 6.5],
			"to": [14.3, 1.7, 9.5],
			"faces": {
				"north": {"uv": [0, 4, 0.5, 4.625], "texture": "#15"},
				"east": {"uv": [0.313, 0.813, 0.813, 1.313], "texture": "#15"},
				"south": {"uv": [0, 0.813, 1, 1.813], "texture": "#15"},
				"west": {"uv": [0.125, 5.313, 0.75, 6.188], "texture": "#15"},
				"up": {"uv": [0, 5.375, 0.5, 6.25], "rotation": 270, "texture": "#15"},
				"down": {"uv": [0, 5.5, 0.5, 6], "rotation": 90, "texture": "#15"}
			}
		},
		{
			"name": "Cube",
			"from": [1.7, 1, 6.5],
			"to": [2.2, 1.7, 9.5],
			"faces": {
				"north": {"uv": [0, 4, 0.5, 4.625], "texture": "#15"},
				"east": {"uv": [0.313, 0.813, 0.813, 1.313], "texture": "#15"},
				"south": {"uv": [0, 0.813, 1, 1.813], "texture": "#15"},
				"west": {"uv": [0.125, 5.313, 0.75, 6.188], "texture": "#15"},
				"up": {"uv": [0, 5.375, 0.5, 6.25], "rotation": 270, "texture": "#15"},
				"down": {"uv": [0, 5.5, 0.5, 6], "rotation": 90, "texture": "#15"}
			}
		},
		{
			"name": "Cube",
			"from": [7.2, 3, 12.2],
			"to": [8.8, 3.8, 13.3],
			"faces": {
				"north": {"uv": [0, 4, 0.5, 4.625], "texture": "#15"},
				"east": {"uv": [0.313, 0.813, 0.813, 1.313], "texture": "#15"},
				"south": {"uv": [0, 0.813, 1, 1.813], "texture": "#15"},
				"west": {"uv": [0.125, 5.313, 0.75, 6.188], "texture": "#15"},
				"up": {"uv": [0, 5.375, 0.5, 6.25], "rotation": 270, "texture": "#15"},
				"down": {"uv": [0, 5.5, 0.5, 6], "rotation": 90, "texture": "#15"}
			}
		},
		{
			"name": "Cube",
			"from": [12.3, 3, 7.2],
			"to": [13.3, 3.8, 8.8],
			"faces": {
				"north": {"uv": [0, 4, 0.5, 4.625], "texture": "#15"},
				"east": {"uv": [0.313, 0.813, 0.813, 1.313], "texture": "#15"},
				"south": {"uv": [0, 0.813, 1, 1.813], "texture": "#15"},
				"west": {"uv": [0.125, 5.313, 0.75, 6.188], "texture": "#15"},
				"up": {"uv": [0, 5.375, 0.5, 6.25], "rotation": 270, "texture": "#15"},
				"down": {"uv": [0, 5.5, 0.5, 6], "rotation": 90, "texture": "#15"}
			}
		},
		{
			"name": "Cube",
			"from": [2.7, 3, 7.2],
			"to": [3.7, 3.8, 8.8],
			"faces": {
				"north": {"uv": [0, 4, 0.5, 4.625], "texture": "#15"},
				"east": {"uv": [0.313, 0.813, 0.813, 1.313], "texture": "#15"},
				"south": {"uv": [0, 0.813, 1, 1.813], "texture": "#15"},
				"west": {"uv": [0.125, 5.313, 0.75, 6.188], "texture": "#15"},
				"up": {"uv": [0, 5.375, 0.5, 6.25], "rotation": 270, "texture": "#15"},
				"down": {"uv": [0, 5.5, 0.5, 6], "rotation": 90, "texture": "#15"}
			}
		},
		{
			"name": "Cube",
			"from": [6, 2, 12.4],
			"to": [7, 2.7, 13.4],
			"faces": {
				"north": {"uv": [0, 4, 0.5, 4.625], "texture": "#15"},
				"east": {"uv": [0.313, 0.813, 0.813, 1.313], "texture": "#15"},
				"south": {"uv": [0, 0.813, 1, 1.813], "texture": "#15"},
				"west": {"uv": [0.125, 5.313, 0.75, 6.188], "texture": "#15"},
				"up": {"uv": [0, 5.375, 0.5, 6.25], "rotation": 270, "texture": "#15"},
				"down": {"uv": [0, 5.5, 0.5, 6], "rotation": 90, "texture": "#15"}
			}
		},
		{
			"name": "Cube",
			"from": [12.6, 2, 9],
			"to": [13.4, 2.7, 10],
			"faces": {
				"north": {"uv": [0, 4, 0.5, 4.625], "texture": "#15"},
				"east": {"uv": [0.313, 0.813, 0.813, 1.313], "texture": "#15"},
				"south": {"uv": [0, 0.813, 1, 1.813], "texture": "#15"},
				"west": {"uv": [0.125, 5.313, 0.75, 6.188], "texture": "#15"},
				"up": {"uv": [0, 5.375, 0.5, 6.25], "rotation": 270, "texture": "#15"},
				"down": {"uv": [0, 5.5, 0.5, 6], "rotation": 90, "texture": "#15"}
			}
		},
		{
			"name": "Cube",
			"from": [9, 2, 12.4],
			"to": [10, 2.7, 13.4],
			"faces": {
				"north": {"uv": [0, 4, 0.5, 4.625], "texture": "#15"},
				"east": {"uv": [0.313, 0.813, 0.813, 1.313], "texture": "#15"},
				"south": {"uv": [0, 0.813, 1, 1.813], "texture": "#15"},
				"west": {"uv": [0.125, 5.313, 0.75, 6.188], "texture": "#15"},
				"up": {"uv": [0, 5.375, 0.5, 6.25], "rotation": 270, "texture": "#15"},
				"down": {"uv": [0, 5.5, 0.5, 6], "rotation": 90, "texture": "#15"}
			}
		},
		{
			"name": "Cube",
			"from": [12.6, 2, 6],
			"to": [13.4, 2.7, 7],
			"faces": {
				"north": {"uv": [0, 4, 0.5, 4.625], "texture": "#15"},
				"east": {"uv": [0.313, 0.813, 0.813, 1.313], "texture": "#15"},
				"south": {"uv": [0, 0.813, 1, 1.813], "texture": "#15"},
				"west": {"uv": [0.125, 5.313, 0.75, 6.188], "texture": "#15"},
				"up": {"uv": [0, 5.375, 0.5, 6.25], "rotation": 270, "texture": "#15"},
				"down": {"uv": [0, 5.5, 0.5, 6], "rotation": 90, "texture": "#15"}
			}
		},
		{
			"name": "Cube",
			"from": [2.6, 2, 9],
			"to": [3.6, 2.7, 10],
			"faces": {
				"north": {"uv": [0, 4, 0.5, 4.625], "texture": "#15"},
				"east": {"uv": [0.313, 0.813, 0.813, 1.313], "texture": "#15"},
				"south": {"uv": [0, 0.813, 1, 1.813], "texture": "#15"},
				"west": {"uv": [0.125, 5.313, 0.75, 6.188], "texture": "#15"},
				"up": {"uv": [0, 5.375, 0.5, 6.25], "rotation": 270, "texture": "#15"},
				"down": {"uv": [0, 5.5, 0.5, 6], "rotation": 90, "texture": "#15"}
			}
		},
		{
			"name": "Cube",
			"from": [2.6, 2, 6],
			"to": [3.6, 2.7, 7],
			"faces": {
				"north": {"uv": [0, 4, 0.5, 4.625], "texture": "#15"},
				"east": {"uv": [0.313, 0.813, 0.813, 1.313], "texture": "#15"},
				"south": {"uv": [0, 0.813, 1, 1.813], "texture": "#15"},
				"west": {"uv": [0.125, 5.313, 0.75, 6.188], "texture": "#15"},
				"up": {"uv": [0, 5.375, 0.5, 6.25], "rotation": 270, "texture": "#15"},
				"down": {"uv": [0, 5.5, 0.5, 6], "rotation": 90, "texture": "#15"}
			}
		},
		{
			"name": "Cube",
			"from": [5, 2, 12],
			"to": [6, 2.5, 13],
			"faces": {
				"north": {"uv": [0, 4, 0.5, 4.625], "texture": "#15"},
				"east": {"uv": [0.313, 0.813, 0.813, 1.313], "texture": "#15"},
				"south": {"uv": [0, 0.813, 1, 1.813], "texture": "#15"},
				"west": {"uv": [0.125, 5.313, 0.75, 6.188], "texture": "#15"},
				"up": {"uv": [0, 5.375, 0.5, 6.25], "rotation": 270, "texture": "#15"},
				"down": {"uv": [0, 5.5, 0.5, 6], "rotation": 90, "texture": "#15"}
			}
		},
		{
			"name": "Cube",
			"from": [3, 2, 10],
			"to": [4, 2.5, 11],
			"faces": {
				"north": {"uv": [0, 4, 0.5, 4.625], "texture": "#15"},
				"east": {"uv": [0.313, 0.813, 0.813, 1.313], "texture": "#15"},
				"south": {"uv": [0, 0.813, 1, 1.813], "texture": "#15"},
				"west": {"uv": [0.125, 5.313, 0.75, 6.188], "texture": "#15"},
				"up": {"uv": [0, 5.375, 0.5, 6.25], "rotation": 270, "texture": "#15"},
				"down": {"uv": [0, 5.5, 0.5, 6], "rotation": 90, "texture": "#15"}
			}
		},
		{
			"name": "Cube",
			"from": [3, 2, 5],
			"to": [4, 2.5, 6],
			"faces": {
				"north": {"uv": [0, 4, 0.5, 4.625], "texture": "#15"},
				"east": {"uv": [0.313, 0.813, 0.813, 1.313], "texture": "#15"},
				"south": {"uv": [0, 0.813, 1, 1.813], "texture": "#15"},
				"west": {"uv": [0.125, 5.313, 0.75, 6.188], "texture": "#15"},
				"up": {"uv": [0, 5.375, 0.5, 6.25], "rotation": 270, "texture": "#15"},
				"down": {"uv": [0, 5.5, 0.5, 6], "rotation": 90, "texture": "#15"}
			}
		},
		{
			"name": "Cube",
			"from": [12, 2, 5],
			"to": [13, 2.5, 6],
			"faces": {
				"north": {"uv": [0, 4, 0.5, 4.625], "texture": "#15"},
				"east": {"uv": [0.313, 0.813, 0.813, 1.313], "texture": "#15"},
				"south": {"uv": [0, 0.813, 1, 1.813], "texture": "#15"},
				"west": {"uv": [0.125, 5.313, 0.75, 6.188], "texture": "#15"},
				"up": {"uv": [0, 5.375, 0.5, 6.25], "rotation": 270, "texture": "#15"},
				"down": {"uv": [0, 5.5, 0.5, 6], "rotation": 90, "texture": "#15"}
			}
		},
		{
			"name": "Cube",
			"from": [12, 2, 10],
			"to": [13, 2.5, 11],
			"faces": {
				"north": {"uv": [0, 4, 0.5, 4.625], "texture": "#15"},
				"east": {"uv": [0.313, 0.813, 0.813, 1.313], "texture": "#15"},
				"south": {"uv": [0, 0.813, 1, 1.813], "texture": "#15"},
				"west": {"uv": [0.125, 5.313, 0.75, 6.188], "texture": "#15"},
				"up": {"uv": [0, 5.375, 0.5, 6.25], "rotation": 270, "texture": "#15"},
				"down": {"uv": [0, 5.5, 0.5, 6], "rotation": 90, "texture": "#15"}
			}
		},
		{
			"name": "Cube",
			"from": [10, 2, 12],
			"to": [11, 2.5, 13],
			"faces": {
				"north": {"uv": [0, 4, 0.5, 4.625], "texture": "#15"},
				"east": {"uv": [0.313, 0.813, 0.813, 1.313], "texture": "#15"},
				"south": {"uv": [0, 0.813, 1, 1.813], "texture": "#15"},
				"west": {"uv": [0.125, 5.313, 0.75, 6.188], "texture": "#15"},
				"up": {"uv": [0, 5.375, 0.5, 6.25], "rotation": 270, "texture": "#15"},
				"down": {"uv": [0, 5.5, 0.5, 6], "rotation": 90, "texture": "#15"}
			}
		},
		{
			"name": "Cube",
			"from": [10, 2, 3],
			"to": [11, 2.5, 4],
			"faces": {
				"north": {"uv": [0, 4, 0.5, 4.625], "texture": "#10"},
				"east": {"uv": [0.313, 0.813, 0.813, 1.313], "texture": "#10"},
				"south": {"uv": [0, 0.813, 1, 1.813], "texture": "#15"},
				"west": {"uv": [0.125, 5.313, 0.75, 6.188], "texture": "#15"},
				"up": {"uv": [0, 5.375, 0.5, 6.25], "rotation": 270, "texture": "#10"},
				"down": {"uv": [0, 5.5, 0.5, 6], "rotation": 90, "texture": "#15"}
			}
		},
		{
			"name": "Cube",
			"from": [5, 2, 3],
			"to": [6, 2.5, 4],
			"faces": {
				"north": {"uv": [0, 4, 0.5, 4.625], "texture": "#10"},
				"east": {"uv": [0.313, 0.813, 0.813, 1.313], "texture": "#15"},
				"south": {"uv": [0, 0.813, 1, 1.813], "texture": "#15"},
				"west": {"uv": [0.125, 5.313, 0.75, 6.188], "texture": "#10"},
				"up": {"uv": [0, 5.375, 0.5, 6.25], "rotation": 270, "texture": "#10"},
				"down": {"uv": [0, 5.5, 0.5, 6], "rotation": 90, "texture": "#15"}
			}
		},
		{
			"name": "Cube",
			"from": [11, 5, 7],
			"to": [12, 5.5, 9],
			"faces": {
				"north": {"uv": [0, 4, 0.5, 4.625], "texture": "#15"},
				"east": {"uv": [0.313, 0.813, 0.813, 1.313], "texture": "#15"},
				"south": {"uv": [0, 0.813, 1, 1.813], "texture": "#15"},
				"west": {"uv": [0.125, 5.313, 0.75, 6.188], "texture": "#15"},
				"up": {"uv": [0, 5.375, 0.5, 6.25], "rotation": 270, "texture": "#15"},
				"down": {"uv": [0, 5.5, 0.5, 6], "rotation": 90, "texture": "#15"}
			}
		},
		{
			"name": "Cube",
			"from": [4, 5, 7],
			"to": [5, 5.5, 9],
			"faces": {
				"north": {"uv": [0, 4, 0.5, 4.625], "texture": "#15"},
				"east": {"uv": [0.313, 0.813, 0.813, 1.313], "texture": "#15"},
				"south": {"uv": [0, 0.813, 1, 1.813], "texture": "#15"},
				"west": {"uv": [0.125, 5.313, 0.75, 6.188], "texture": "#15"},
				"up": {"uv": [0, 5.375, 0.5, 6.25], "rotation": 270, "texture": "#15"},
				"down": {"uv": [0, 5.5, 0.5, 6], "rotation": 90, "texture": "#15"}
			}
		},
		{
			"name": "Cube",
			"from": [7, 5, 4],
			"to": [9, 5.5, 5],
			"faces": {
				"north": {"uv": [0, 4, 0.5, 4.625], "texture": "#10"},
				"east": {"uv": [0.313, 0.813, 0.813, 1.313], "texture": "#10"},
				"south": {"uv": [0, 0.813, 1, 1.813], "texture": "#15"},
				"west": {"uv": [0.125, 5.313, 0.75, 6.188], "texture": "#10"},
				"up": {"uv": [0, 5.375, 0.5, 6.25], "rotation": 270, "texture": "#10"},
				"down": {"uv": [0, 5.5, 0.5, 6], "rotation": 90, "texture": "#15"}
			}
		},
		{
			"name": "Cube",
			"from": [7, 5, 11],
			"to": [9, 5.5, 12],
			"faces": {
				"north": {"uv": [0, 4, 0.5, 4.625], "texture": "#15"},
				"east": {"uv": [0.313, 0.813, 0.813, 1.313], "texture": "#15"},
				"south": {"uv": [0, 0.813, 1, 1.813], "texture": "#15"},
				"west": {"uv": [0.125, 5.313, 0.75, 6.188], "texture": "#15"},
				"up": {"uv": [0, 5.375, 0.5, 6.25], "rotation": 270, "texture": "#15"},
				"down": {"uv": [0, 5.5, 0.5, 6], "rotation": 90, "texture": "#15"}
			}
		},
		{
			"name": "Cube",
			"from": [6, 4.7, 10],
			"to": [7, 5.7, 11],
			"faces": {
				"north": {"uv": [0, 4, 0.5, 4.625], "texture": "#15"},
				"east": {"uv": [0.313, 0.813, 0.813, 1.313], "texture": "#15"},
				"south": {"uv": [0, 0.813, 1, 1.813], "texture": "#15"},
				"west": {"uv": [0.125, 5.313, 0.75, 6.188], "texture": "#15"},
				"up": {"uv": [0, 5.375, 0.5, 6.25], "rotation": 270, "texture": "#15"},
				"down": {"uv": [0, 5.5, 0.5, 6], "rotation": 90, "texture": "#15"}
			}
		},
		{
			"name": "Cube",
			"from": [6, 4.7, 5],
			"to": [7, 5.7, 6],
			"faces": {
				"north": {"uv": [0, 4, 0.5, 4.625], "texture": "#15"},
				"east": {"uv": [0.313, 0.813, 0.813, 1.313], "texture": "#15"},
				"south": {"uv": [0, 0.813, 1, 1.813], "texture": "#15"},
				"west": {"uv": [0.125, 5.313, 0.75, 6.188], "texture": "#15"},
				"up": {"uv": [0, 5.375, 0.5, 6.25], "rotation": 270, "texture": "#15"},
				"down": {"uv": [0, 5.5, 0.5, 6], "rotation": 90, "texture": "#15"}
			}
		},
		{
			"name": "Cube",
			"from": [5, 4.7, 6],
			"to": [6, 5.7, 7],
			"faces": {
				"north": {"uv": [0, 4, 0.5, 4.625], "texture": "#15"},
				"east": {"uv": [0.313, 0.813, 0.813, 1.313], "texture": "#15"},
				"south": {"uv": [0, 0.813, 1, 1.813], "texture": "#15"},
				"west": {"uv": [0.125, 5.313, 0.75, 6.188], "texture": "#15"},
				"up": {"uv": [0, 5.375, 0.5, 6.25], "rotation": 270, "texture": "#15"},
				"down": {"uv": [0, 5.5, 0.5, 6], "rotation": 90, "texture": "#15"}
			}
		},
		{
			"name": "Cube",
			"from": [10, 4.7, 6],
			"to": [11, 5.7, 7],
			"faces": {
				"north": {"uv": [0, 4, 0.5, 4.625], "texture": "#15"},
				"east": {"uv": [0.313, 0.813, 0.813, 1.313], "texture": "#15"},
				"south": {"uv": [0, 0.813, 1, 1.813], "texture": "#15"},
				"west": {"uv": [0.125, 5.313, 0.75, 6.188], "texture": "#15"},
				"up": {"uv": [0, 5.375, 0.5, 6.25], "rotation": 270, "texture": "#15"},
				"down": {"uv": [0, 5.5, 0.5, 6], "rotation": 90, "texture": "#15"}
			}
		},
		{
			"name": "Cube",
			"from": [9, 4.7, 5],
			"to": [10, 5.7, 6],
			"faces": {
				"north": {"uv": [0, 4, 0.5, 4.625], "texture": "#15"},
				"east": {"uv": [0.313, 0.813, 0.813, 1.313], "texture": "#15"},
				"south": {"uv": [0, 0.813, 1, 1.813], "texture": "#15"},
				"west": {"uv": [0.125, 5.313, 0.75, 6.188], "texture": "#15"},
				"up": {"uv": [0, 5.375, 0.5, 6.25], "rotation": 270, "texture": "#15"},
				"down": {"uv": [0, 5.5, 0.5, 6], "rotation": 90, "texture": "#15"}
			}
		},
		{
			"name": "Cube",
			"from": [9, 4.7, 10],
			"to": [10, 5.7, 11],
			"faces": {
				"north": {"uv": [0, 4, 0.5, 4.625], "texture": "#15"},
				"east": {"uv": [0.313, 0.813, 0.813, 1.313], "texture": "#15"},
				"south": {"uv": [0, 0.813, 1, 1.813], "texture": "#15"},
				"west": {"uv": [0.125, 5.313, 0.75, 6.188], "texture": "#15"},
				"up": {"uv": [0, 5.375, 0.5, 6.25], "rotation": 270, "texture": "#15"},
				"down": {"uv": [0, 5.5, 0.5, 6], "rotation": 90, "texture": "#15"}
			}
		},
		{
			"name": "Cube",
			"from": [10, 4.7, 9],
			"to": [11, 5.7, 10],
			"faces": {
				"north": {"uv": [0, 4, 0.5, 4.625], "texture": "#15"},
				"east": {"uv": [0.313, 0.813, 0.813, 1.313], "texture": "#15"},
				"south": {"uv": [0, 0.813, 1, 1.813], "texture": "#15"},
				"west": {"uv": [0.125, 5.313, 0.75, 6.188], "texture": "#15"},
				"up": {"uv": [0, 5.375, 0.5, 6.25], "rotation": 270, "texture": "#15"},
				"down": {"uv": [0, 5.5, 0.5, 6], "rotation": 90, "texture": "#15"}
			}
		},
		{
			"name": "Cube",
			"from": [5, 4.7, 9],
			"to": [6, 5.7, 10],
			"faces": {
				"north": {"uv": [0, 4, 0.5, 4.625], "texture": "#15"},
				"east": {"uv": [0.313, 0.813, 0.813, 1.313], "texture": "#15"},
				"south": {"uv": [0, 0.813, 1, 1.813], "texture": "#15"},
				"west": {"uv": [0.125, 5.313, 0.75, 6.188], "texture": "#15"},
				"up": {"uv": [0, 5.375, 0.5, 6.25], "rotation": 270, "texture": "#15"},
				"down": {"uv": [0, 5.5, 0.5, 6], "rotation": 90, "texture": "#15"}
			}
		},
		{
			"name": "Cube",
			"from": [6, 5, 6],
			"to": [10, 6, 10],
			"faces": {
				"north": {"uv": [0, 4, 0.5, 4.625], "texture": "#15"},
				"east": {"uv": [0.313, 0.813, 0.813, 1.313], "texture": "#15"},
				"south": {"uv": [0, 0.813, 1, 1.813], "texture": "#15"},
				"west": {"uv": [0.125, 5.313, 0.75, 6.188], "texture": "#15"},
				"up": {"uv": [0, 5.375, 0.5, 6.25], "rotation": 270, "texture": "#15"},
				"down": {"uv": [0, 5.5, 0.5, 6], "rotation": 90, "texture": "#15"}
			}
		},
		{
			"name": "Cube",
			"from": [5, 5, 7],
			"to": [6, 6, 9],
			"faces": {
				"north": {"uv": [0, 4, 0.5, 4.625], "texture": "#15"},
				"east": {"uv": [0.313, 0.813, 0.813, 1.313], "texture": "#15"},
				"south": {"uv": [0, 0.813, 1, 1.813], "texture": "#15"},
				"west": {"uv": [0.125, 5.313, 0.75, 6.188], "texture": "#15"},
				"up": {"uv": [0, 5.375, 0.5, 6.25], "rotation": 270, "texture": "#15"},
				"down": {"uv": [0, 5.5, 0.5, 6], "rotation": 90, "texture": "#15"}
			}
		},
		{
			"name": "Cube",
			"from": [10, 5, 7],
			"to": [11, 6, 9],
			"faces": {
				"north": {"uv": [0, 4, 0.5, 4.625], "texture": "#15"},
				"east": {"uv": [0.313, 0.813, 0.813, 1.313], "texture": "#15"},
				"south": {"uv": [0, 0.813, 1, 1.813], "texture": "#15"},
				"west": {"uv": [0.125, 5.313, 0.75, 6.188], "texture": "#15"},
				"up": {"uv": [0, 5.375, 0.5, 6.25], "rotation": 270, "texture": "#15"},
				"down": {"uv": [0, 5.5, 0.5, 6], "rotation": 90, "texture": "#15"}
			}
		},
		{
			"name": "Cube",
			"from": [7, 5, 5],
			"to": [9, 6, 6],
			"faces": {
				"north": {"uv": [0, 4, 0.5, 4.625], "texture": "#15"},
				"east": {"uv": [0.313, 0.813, 0.813, 1.313], "texture": "#15"},
				"south": {"uv": [0, 0.813, 1, 1.813], "texture": "#15"},
				"west": {"uv": [0.125, 5.313, 0.75, 6.188], "texture": "#15"},
				"up": {"uv": [0, 5.375, 0.5, 6.25], "rotation": 270, "texture": "#15"},
				"down": {"uv": [0, 5.5, 0.5, 6], "rotation": 90, "texture": "#15"}
			}
		},
		{
			"name": "Cube",
			"from": [7, 5, 10],
			"to": [9, 6, 11],
			"faces": {
				"north": {"uv": [0, 4, 0.5, 4.625], "texture": "#15"},
				"east": {"uv": [0.313, 0.813, 0.813, 1.313], "texture": "#15"},
				"south": {"uv": [0, 0.813, 1, 1.813], "texture": "#15"},
				"west": {"uv": [0.125, 5.313, 0.75, 6.188], "texture": "#15"},
				"up": {"uv": [0, 5.375, 0.5, 6.25], "rotation": 270, "texture": "#15"},
				"down": {"uv": [0, 5.5, 0.5, 6], "rotation": 90, "texture": "#15"}
			}
		},
		{
			"name": "Cube",
			"from": [4, 4, 7],
			"to": [5, 5, 9],
			"faces": {
				"north": {"uv": [0, 4, 0.5, 4.625], "texture": "#15"},
				"east": {"uv": [0.313, 0.813, 0.813, 1.313], "texture": "#15"},
				"south": {"uv": [0, 0.813, 1, 1.813], "texture": "#15"},
				"west": {"uv": [0.125, 5.313, 0.75, 6.188], "texture": "#15"},
				"up": {"uv": [0, 5.375, 0.5, 6.25], "rotation": 270, "texture": "#15"},
				"down": {"uv": [0, 5.5, 0.5, 6], "rotation": 90, "texture": "#15"}
			}
		},
		{
			"name": "Cube",
			"from": [11, 4, 7],
			"to": [12, 5, 9],
			"faces": {
				"north": {"uv": [0, 4, 0.5, 4.625], "texture": "#15"},
				"east": {"uv": [0.313, 0.813, 0.813, 1.313], "texture": "#15"},
				"south": {"uv": [0, 0.813, 1, 1.813], "texture": "#15"},
				"west": {"uv": [0.125, 5.313, 0.75, 6.188], "texture": "#15"},
				"up": {"uv": [0, 5.375, 0.5, 6.25], "rotation": 270, "texture": "#15"},
				"down": {"uv": [0, 5.5, 0.5, 6], "rotation": 90, "texture": "#15"}
			}
		},
		{
			"name": "Cube",
			"from": [7, 4, 4],
			"to": [9, 5, 5],
			"faces": {
				"north": {"uv": [0, 4, 0.5, 4.625], "texture": "#10"},
				"east": {"uv": [0.313, 0.813, 0.813, 1.313], "texture": "#15"},
				"south": {"uv": [0, 0.813, 1, 1.813], "texture": "#15"},
				"west": {"uv": [0.125, 5.313, 0.75, 6.188], "texture": "#15"},
				"up": {"uv": [0, 5.375, 0.5, 6.25], "rotation": 270, "texture": "#15"},
				"down": {"uv": [0, 5.5, 0.5, 6], "rotation": 90, "texture": "#15"}
			}
		},
		{
			"name": "Cube",
			"from": [7, 4, 11],
			"to": [9, 5, 12],
			"faces": {
				"north": {"uv": [0, 4, 0.5, 4.625], "texture": "#15"},
				"east": {"uv": [0.313, 0.813, 0.813, 1.313], "texture": "#15"},
				"south": {"uv": [0, 0.813, 1, 1.813], "texture": "#15"},
				"west": {"uv": [0.125, 5.313, 0.75, 6.188], "texture": "#15"},
				"up": {"uv": [0, 5.375, 0.5, 6.25], "rotation": 270, "texture": "#15"},
				"down": {"uv": [0, 5.5, 0.5, 6], "rotation": 90, "texture": "#15"}
			}
		},
		{
			"name": "Cube",
			"from": [10, 1, 12],
			"to": [12, 2, 13],
			"faces": {
				"north": {"uv": [0, 4, 0.5, 4.625], "texture": "#15"},
				"east": {"uv": [0.313, 0.813, 0.813, 1.313], "texture": "#15"},
				"south": {"uv": [0, 0.813, 1, 1.813], "texture": "#15"},
				"west": {"uv": [0.125, 5.313, 0.75, 6.188], "texture": "#15"},
				"up": {"uv": [0, 5.375, 0.5, 6.25], "rotation": 270, "texture": "#15"},
				"down": {"uv": [0, 5.5, 0.5, 6], "rotation": 90, "texture": "#15"}
			}
		},
		{
			"name": "Cube",
			"from": [10, 4, 5],
			"to": [11, 4.7, 6],
			"faces": {
				"north": {"uv": [0, 4, 0.5, 4.625], "texture": "#15"},
				"east": {"uv": [0.313, 0.813, 0.813, 1.313], "texture": "#15"},
				"south": {"uv": [0, 0.813, 1, 1.813], "texture": "#15"},
				"west": {"uv": [0.125, 5.313, 0.75, 6.188], "texture": "#15"},
				"up": {"uv": [0, 5.375, 0.5, 6.25], "rotation": 270, "texture": "#15"},
				"down": {"uv": [0, 5.5, 0.5, 6], "rotation": 90, "texture": "#15"}
			}
		},
		{
			"name": "Cube",
			"from": [10, 4, 10],
			"to": [11, 4.7, 11],
			"faces": {
				"north": {"uv": [0, 4, 0.5, 4.625], "texture": "#15"},
				"east": {"uv": [0.313, 0.813, 0.813, 1.313], "texture": "#15"},
				"south": {"uv": [0, 0.813, 1, 1.813], "texture": "#15"},
				"west": {"uv": [0.125, 5.313, 0.75, 6.188], "texture": "#15"},
				"up": {"uv": [0, 5.375, 0.5, 6.25], "rotation": 270, "texture": "#15"},
				"down": {"uv": [0, 5.5, 0.5, 6], "rotation": 90, "texture": "#15"}
			}
		},
		{
			"name": "Cube",
			"from": [5, 4, 10],
			"to": [6, 4.7, 11],
			"faces": {
				"north": {"uv": [0, 4, 0.5, 4.625], "texture": "#15"},
				"east": {"uv": [0.313, 0.813, 0.813, 1.313], "texture": "#15"},
				"south": {"uv": [0, 0.813, 1, 1.813], "texture": "#15"},
				"west": {"uv": [0.125, 5.313, 0.75, 6.188], "texture": "#15"},
				"up": {"uv": [0, 5.375, 0.5, 6.25], "rotation": 270, "texture": "#15"},
				"down": {"uv": [0, 5.5, 0.5, 6], "rotation": 90, "texture": "#15"}
			}
		},
		{
			"name": "Cube",
			"from": [5, 4, 5],
			"to": [6, 4.7, 6],
			"faces": {
				"north": {"uv": [0, 4, 0.5, 4.625], "texture": "#15"},
				"east": {"uv": [0.313, 0.813, 0.813, 1.313], "texture": "#15"},
				"south": {"uv": [0, 0.813, 1, 1.813], "texture": "#15"},
				"west": {"uv": [0.125, 5.313, 0.75, 6.188], "texture": "#15"},
				"up": {"uv": [0, 5.375, 0.5, 6.25], "rotation": 270, "texture": "#15"},
				"down": {"uv": [0, 5.5, 0.5, 6], "rotation": 90, "texture": "#15"}
			}
		},
		{
			"name": "Cube",
			"from": [5, 3, 5],
			"to": [6, 4, 6],
			"faces": {
				"north": {"uv": [0, 4, 0.5, 4.625], "texture": "#15"},
				"east": {"uv": [0.313, 0.813, 0.813, 1.313], "texture": "#15"},
				"south": {"uv": [0, 0.813, 1, 1.813], "texture": "#15"},
				"west": {"uv": [0.125, 5.313, 0.75, 6.188], "texture": "#15"},
				"up": {"uv": [0, 5.375, 0.5, 6.25], "rotation": 270, "texture": "#15"},
				"down": {"uv": [0, 5.5, 0.5, 6], "rotation": 90, "texture": "#15"}
			}
		},
		{
			"name": "Cube",
			"from": [10, 3, 5],
			"to": [11, 4, 6],
			"faces": {
				"north": {"uv": [0, 4, 0.5, 4.625], "texture": "#15"},
				"east": {"uv": [0.313, 0.813, 0.813, 1.313], "texture": "#15"},
				"south": {"uv": [0, 0.813, 1, 1.813], "texture": "#15"},
				"west": {"uv": [0.125, 5.313, 0.75, 6.188], "texture": "#15"},
				"up": {"uv": [0, 5.375, 0.5, 6.25], "rotation": 270, "texture": "#15"},
				"down": {"uv": [0, 5.5, 0.5, 6], "rotation": 90, "texture": "#15"}
			}
		},
		{
			"name": "Cube",
			"from": [10, 3, 10],
			"to": [11, 5, 11],
			"faces": {
				"north": {"uv": [0, 4, 0.5, 4.625], "texture": "#15"},
				"east": {"uv": [0.313, 0.813, 0.813, 1.313], "texture": "#15"},
				"south": {"uv": [0, 0.813, 1, 1.813], "texture": "#15"},
				"west": {"uv": [0.125, 5.313, 0.75, 6.188], "texture": "#15"},
				"up": {"uv": [0, 5.375, 0.5, 6.25], "rotation": 270, "texture": "#15"},
				"down": {"uv": [0, 5.5, 0.5, 6], "rotation": 90, "texture": "#15"}
			}
		},
		{
			"name": "Cube",
			"from": [5, 3, 10],
			"to": [6, 4, 11],
			"faces": {
				"north": {"uv": [0, 4, 0.5, 4.625], "texture": "#15"},
				"east": {"uv": [0.313, 0.813, 0.813, 1.313], "texture": "#15"},
				"south": {"uv": [0, 0.813, 1, 1.813], "texture": "#15"},
				"west": {"uv": [0.125, 5.313, 0.75, 6.188], "texture": "#15"},
				"up": {"uv": [0, 5.375, 0.5, 6.25], "rotation": 270, "texture": "#15"},
				"down": {"uv": [0, 5.5, 0.5, 6], "rotation": 90, "texture": "#15"}
			}
		},
		{
			"name": "Cube",
			"from": [9, 4, 10],
			"to": [10, 5, 11],
			"faces": {
				"north": {"uv": [0, 4, 0.5, 4.625], "texture": "#15"},
				"east": {"uv": [0.313, 0.813, 0.813, 1.313], "texture": "#15"},
				"south": {"uv": [0, 0.813, 1, 1.813], "texture": "#15"},
				"west": {"uv": [0.125, 5.313, 0.75, 6.188], "texture": "#15"},
				"up": {"uv": [0, 5.375, 0.5, 6.25], "rotation": 270, "texture": "#15"},
				"down": {"uv": [0, 5.5, 0.5, 6], "rotation": 90, "texture": "#15"}
			}
		},
		{
			"name": "Cube",
			"from": [10, 4, 9],
			"to": [11, 5, 10],
			"faces": {
				"north": {"uv": [0, 4, 0.5, 4.625], "texture": "#15"},
				"east": {"uv": [0.313, 0.813, 0.813, 1.313], "texture": "#15"},
				"south": {"uv": [0, 0.813, 1, 1.813], "texture": "#15"},
				"west": {"uv": [0.125, 5.313, 0.75, 6.188], "texture": "#15"},
				"up": {"uv": [0, 5.375, 0.5, 6.25], "rotation": 270, "texture": "#15"},
				"down": {"uv": [0, 5.5, 0.5, 6], "rotation": 90, "texture": "#15"}
			}
		},
		{
			"name": "Cube",
			"from": [10, 4, 6],
			"to": [11, 5, 7],
			"faces": {
				"north": {"uv": [0, 4, 0.5, 4.625], "texture": "#15"},
				"east": {"uv": [0.313, 0.813, 0.813, 1.313], "texture": "#15"},
				"south": {"uv": [0, 0.813, 1, 1.813], "texture": "#15"},
				"west": {"uv": [0.125, 5.313, 0.75, 6.188], "texture": "#15"},
				"up": {"uv": [0, 5.375, 0.5, 6.25], "rotation": 270, "texture": "#15"},
				"down": {"uv": [0, 5.5, 0.5, 6], "rotation": 90, "texture": "#15"}
			}
		},
		{
			"name": "Cube",
			"from": [5, 4, 6],
			"to": [6, 5, 7],
			"faces": {
				"north": {"uv": [0, 4, 0.5, 4.625], "texture": "#15"},
				"east": {"uv": [0.313, 0.813, 0.813, 1.313], "texture": "#15"},
				"south": {"uv": [0, 0.813, 1, 1.813], "texture": "#15"},
				"west": {"uv": [0.125, 5.313, 0.75, 6.188], "texture": "#15"},
				"up": {"uv": [0, 5.375, 0.5, 6.25], "rotation": 270, "texture": "#15"},
				"down": {"uv": [0, 5.5, 0.5, 6], "rotation": 90, "texture": "#15"}
			}
		},
		{
			"name": "Cube",
			"from": [9, 4, 5],
			"to": [10, 5, 6],
			"faces": {
				"north": {"uv": [0, 4, 0.5, 4.625], "texture": "#15"},
				"east": {"uv": [0.313, 0.813, 0.813, 1.313], "texture": "#15"},
				"south": {"uv": [0, 0.813, 1, 1.813], "texture": "#15"},
				"west": {"uv": [0.125, 5.313, 0.75, 6.188], "texture": "#15"},
				"up": {"uv": [0, 5.375, 0.5, 6.25], "rotation": 270, "texture": "#15"},
				"down": {"uv": [0, 5.5, 0.5, 6], "rotation": 90, "texture": "#15"}
			}
		},
		{
			"name": "Cube",
			"from": [6, 4, 5],
			"to": [7, 5, 6],
			"faces": {
				"north": {"uv": [0, 4, 0.5, 4.625], "texture": "#15"},
				"east": {"uv": [0.313, 0.813, 0.813, 1.313], "texture": "#15"},
				"south": {"uv": [0, 0.813, 1, 1.813], "texture": "#15"},
				"west": {"uv": [0.125, 5.313, 0.75, 6.188], "texture": "#15"},
				"up": {"uv": [0, 5.375, 0.5, 6.25], "rotation": 270, "texture": "#15"},
				"down": {"uv": [0, 5.5, 0.5, 6], "rotation": 90, "texture": "#15"}
			}
		},
		{
			"name": "Cube",
			"from": [6, 4, 10],
			"to": [7, 5, 11],
			"faces": {
				"north": {"uv": [0, 4, 0.5, 4.625], "texture": "#15"},
				"east": {"uv": [0.313, 0.813, 0.813, 1.313], "texture": "#15"},
				"south": {"uv": [0, 0.813, 1, 1.813], "texture": "#15"},
				"west": {"uv": [0.125, 5.313, 0.75, 6.188], "texture": "#15"},
				"up": {"uv": [0, 5.375, 0.5, 6.25], "rotation": 270, "texture": "#15"},
				"down": {"uv": [0, 5.5, 0.5, 6], "rotation": 90, "texture": "#15"}
			}
		},
		{
			"name": "Cube",
			"from": [5, 4, 9],
			"to": [6, 5, 10],
			"faces": {
				"north": {"uv": [0, 4, 0.5, 4.625], "texture": "#15"},
				"east": {"uv": [0.313, 0.813, 0.813, 1.313], "texture": "#15"},
				"south": {"uv": [0, 0.813, 1, 1.813], "texture": "#15"},
				"west": {"uv": [0.125, 5.313, 0.75, 6.188], "texture": "#15"},
				"up": {"uv": [0, 5.375, 0.5, 6.25], "rotation": 270, "texture": "#15"},
				"down": {"uv": [0, 5.5, 0.5, 6], "rotation": 90, "texture": "#15"}
			}
		},
		{
			"name": "Cube",
			"from": [3, 3, 9],
			"to": [4, 4, 10],
			"faces": {
				"north": {"uv": [0, 4, 0.5, 4.625], "texture": "#15"},
				"east": {"uv": [0.313, 0.813, 0.813, 1.313], "texture": "#15"},
				"south": {"uv": [0, 0.813, 1, 1.813], "texture": "#15"},
				"west": {"uv": [0.125, 5.313, 0.75, 6.188], "texture": "#15"},
				"up": {"uv": [0, 5.375, 0.5, 6.25], "rotation": 270, "texture": "#15"},
				"down": {"uv": [0, 5.5, 0.5, 6], "rotation": 90, "texture": "#15"}
			}
		},
		{
			"name": "Cube",
			"from": [3, 3, 6],
			"to": [4, 4, 7],
			"faces": {
				"north": {"uv": [0, 4, 0.5, 4.625], "texture": "#15"},
				"east": {"uv": [0.313, 0.813, 0.813, 1.313], "texture": "#15"},
				"south": {"uv": [0, 0.813, 1, 1.813], "texture": "#15"},
				"west": {"uv": [0.125, 5.313, 0.75, 6.188], "texture": "#15"},
				"up": {"uv": [0, 5.375, 0.5, 6.25], "rotation": 270, "texture": "#15"},
				"down": {"uv": [0, 5.5, 0.5, 6], "rotation": 90, "texture": "#15"}
			}
		},
		{
			"name": "Cube",
			"from": [6, 3, 3],
			"to": [7, 4, 4],
			"faces": {
				"north": {"uv": [0, 4, 0.5, 4.625], "texture": "#10"},
				"east": {"uv": [0.313, 0.813, 0.813, 1.313], "texture": "#15"},
				"south": {"uv": [0, 0.813, 1, 1.813], "texture": "#15"},
				"west": {"uv": [0.125, 5.313, 0.75, 6.188], "texture": "#10"},
				"up": {"uv": [0, 5.375, 0.5, 6.25], "rotation": 270, "texture": "#10"},
				"down": {"uv": [0, 5.5, 0.5, 6], "rotation": 90, "texture": "#15"}
			}
		},
		{
			"name": "Cube",
			"from": [9, 3, 3],
			"to": [11.25, 4, 4],
			"faces": {
				"north": {"uv": [0, 4, 0.5, 4.625], "texture": "#10"},
				"east": {"uv": [0.313, 0.813, 0.813, 1.313], "texture": "#10"},
				"south": {"uv": [0, 0.813, 1, 1.813], "texture": "#10"},
				"west": {"uv": [0.125, 5.313, 0.75, 6.188], "texture": "#15"},
				"up": {"uv": [0, 5.375, 0.5, 6.25], "rotation": 270, "texture": "#10"},
				"down": {"uv": [0, 5.5, 0.5, 6], "rotation": 90, "texture": "#15"}
			}
		},
		{
			"name": "Cube",
			"from": [4.75, 3, 3],
			"to": [7, 4, 4],
			"faces": {
				"north": {"uv": [0.5, 4, 0, 4.625], "texture": "#10"},
				"east": {"uv": [0.75, 5.313, 0.125, 6.188], "texture": "#15"},
				"south": {"uv": [1, 0.813, 0, 1.813], "texture": "#10"},
				"west": {"uv": [0.813, 0.813, 0.313, 1.313], "texture": "#10"},
				"up": {"uv": [0, 6.25, 0.5, 5.375], "rotation": 270, "texture": "#10"},
				"down": {"uv": [0, 6, 0.5, 5.5], "rotation": 90, "texture": "#15"}
			}
		},
		{
			"name": "Cube",
			"from": [12, 3, 6],
			"to": [13, 4, 7],
			"faces": {
				"north": {"uv": [0, 4, 0.5, 4.625], "texture": "#15"},
				"east": {"uv": [0.313, 0.813, 0.813, 1.313], "texture": "#15"},
				"south": {"uv": [0, 0.813, 1, 1.813], "texture": "#15"},
				"west": {"uv": [0.125, 5.313, 0.75, 6.188], "texture": "#15"},
				"up": {"uv": [0, 5.375, 0.5, 6.25], "rotation": 270, "texture": "#15"},
				"down": {"uv": [0, 5.5, 0.5, 6], "rotation": 90, "texture": "#15"}
			}
		},
		{
			"name": "Cube",
			"from": [12, 3, 9],
			"to": [13, 4, 10],
			"faces": {
				"north": {"uv": [0, 4, 0.5, 4.625], "texture": "#15"},
				"east": {"uv": [0.313, 0.813, 0.813, 1.313], "texture": "#15"},
				"south": {"uv": [0, 0.813, 1, 1.813], "texture": "#15"},
				"west": {"uv": [0.125, 5.313, 0.75, 6.188], "texture": "#15"},
				"up": {"uv": [0, 5.375, 0.5, 6.25], "rotation": 270, "texture": "#15"},
				"down": {"uv": [0, 5.5, 0.5, 6], "rotation": 90, "texture": "#15"}
			}
		},
		{
			"name": "Cube",
			"from": [9, 3, 12],
			"to": [10, 4, 13],
			"faces": {
				"north": {"uv": [0, 4, 0.5, 4.625], "texture": "#15"},
				"east": {"uv": [0.313, 0.813, 0.813, 1.313], "texture": "#15"},
				"south": {"uv": [0, 0.813, 1, 1.813], "texture": "#15"},
				"west": {"uv": [0.125, 5.313, 0.75, 6.188], "texture": "#15"},
				"up": {"uv": [0, 5.375, 0.5, 6.25], "rotation": 270, "texture": "#15"},
				"down": {"uv": [0, 5.5, 0.5, 6], "rotation": 90, "texture": "#15"}
			}
		},
		{
			"name": "Cube",
			"from": [6, 3, 12],
			"to": [7, 4, 13],
			"faces": {
				"north": {"uv": [0, 4, 0.5, 4.625], "texture": "#15"},
				"east": {"uv": [0.313, 0.813, 0.813, 1.313], "texture": "#15"},
				"south": {"uv": [0, 0.813, 1, 1.813], "texture": "#15"},
				"west": {"uv": [0.125, 5.313, 0.75, 6.188], "texture": "#15"},
				"up": {"uv": [0, 5.375, 0.5, 6.25], "rotation": 270, "texture": "#15"},
				"down": {"uv": [0, 5.5, 0.5, 6], "rotation": 90, "texture": "#15"}
			}
		},
		{
			"name": "Cube",
			"from": [4, 3, 6],
			"to": [5, 5, 7],
			"faces": {
				"north": {"uv": [0, 4, 0.5, 4.625], "texture": "#15"},
				"east": {"uv": [0.313, 0.813, 0.813, 1.313], "texture": "#15"},
				"south": {"uv": [0, 0.813, 1, 1.813], "texture": "#15"},
				"west": {"uv": [0.125, 5.313, 0.75, 6.188], "texture": "#15"},
				"up": {"uv": [0, 5.375, 0.5, 6.25], "rotation": 270, "texture": "#15"},
				"down": {"uv": [0, 5.5, 0.5, 6], "rotation": 90, "texture": "#15"}
			}
		},
		{
			"name": "Cube",
			"from": [4, 3, 5],
			"to": [5, 4, 6],
			"faces": {
				"north": {"uv": [0, 4, 0.5, 4.625], "texture": "#15"},
				"east": {"uv": [0.313, 0.813, 0.813, 1.313], "texture": "#15"},
				"south": {"uv": [0, 0.813, 1, 1.813], "texture": "#15"},
				"west": {"uv": [0.125, 5.313, 0.75, 6.188], "texture": "#15"},
				"up": {"uv": [0, 5.375, 0.5, 6.25], "rotation": 270, "texture": "#15"},
				"down": {"uv": [0, 5.5, 0.5, 6], "rotation": 90, "texture": "#15"}
			}
		},
		{
			"name": "Cube",
			"from": [5, 3, 4],
			"to": [6, 4, 5],
			"faces": {
				"north": {"uv": [0, 4, 0.5, 4.625], "texture": "#10"},
				"east": {"uv": [0.313, 0.813, 0.813, 1.313], "texture": "#15"},
				"south": {"uv": [0, 0.813, 1, 1.813], "texture": "#15"},
				"west": {"uv": [0.125, 5.313, 0.75, 6.188], "texture": "#10"},
				"up": {"uv": [0, 5.375, 0.5, 6.25], "rotation": 270, "texture": "#10"},
				"down": {"uv": [0, 5.5, 0.5, 6], "rotation": 90, "texture": "#15"}
			}
		},
		{
			"name": "Cube",
			"from": [6, 3, 4],
			"to": [7, 5, 5],
			"faces": {
				"north": {"uv": [0, 4, 0.5, 4.625], "texture": "#10"},
				"east": {"uv": [0.313, 0.813, 0.813, 1.313], "texture": "#15"},
				"south": {"uv": [0, 0.813, 1, 1.813], "texture": "#15"},
				"west": {"uv": [0.125, 5.313, 0.75, 6.188], "texture": "#10"},
				"up": {"uv": [0, 5.375, 0.5, 6.25], "rotation": 270, "texture": "#10"},
				"down": {"uv": [0, 5.5, 0.5, 6], "rotation": 90, "texture": "#15"}
			}
		},
		{
			"name": "Cube",
			"from": [9, 3, 4],
			"to": [10, 5, 5],
			"faces": {
				"north": {"uv": [0, 4, 0.5, 4.625], "texture": "#10"},
				"east": {"uv": [0.313, 0.813, 0.813, 1.313], "texture": "#10"},
				"south": {"uv": [0, 0.813, 1, 1.813], "texture": "#15"},
				"west": {"uv": [0.125, 5.313, 0.75, 6.188], "texture": "#15"},
				"up": {"uv": [0, 5.375, 0.5, 6.25], "rotation": 270, "texture": "#10"},
				"down": {"uv": [0, 5.5, 0.5, 6], "rotation": 90, "texture": "#15"}
			}
		},
		{
			"name": "Cube",
			"from": [10, 3, 4],
			"to": [11, 4, 5],
			"faces": {
				"north": {"uv": [0, 4, 0.5, 4.625], "texture": "#10"},
				"east": {"uv": [0.313, 0.813, 0.813, 1.313], "texture": "#10"},
				"south": {"uv": [0, 0.813, 1, 1.813], "texture": "#15"},
				"west": {"uv": [0.125, 5.313, 0.75, 6.188], "texture": "#15"},
				"up": {"uv": [0, 5.375, 0.5, 6.25], "rotation": 270, "texture": "#10"},
				"down": {"uv": [0, 5.5, 0.5, 6], "rotation": 90, "texture": "#15"}
			}
		},
		{
			"name": "Cube",
			"from": [11, 3, 5],
			"to": [12, 4, 6],
			"faces": {
				"north": {"uv": [0, 4, 0.5, 4.625], "texture": "#15"},
				"east": {"uv": [0.313, 0.813, 0.813, 1.313], "texture": "#15"},
				"south": {"uv": [0, 0.813, 1, 1.813], "texture": "#15"},
				"west": {"uv": [0.125, 5.313, 0.75, 6.188], "texture": "#15"},
				"up": {"uv": [0, 5.375, 0.5, 6.25], "rotation": 270, "texture": "#15"},
				"down": {"uv": [0, 5.5, 0.5, 6], "rotation": 90, "texture": "#15"}
			}
		},
		{
			"name": "Cube",
			"from": [11, 3, 6],
			"to": [12, 5, 7],
			"faces": {
				"north": {"uv": [0, 4, 0.5, 4.625], "texture": "#15"},
				"east": {"uv": [0.313, 0.813, 0.813, 1.313], "texture": "#15"},
				"south": {"uv": [0, 0.813, 1, 1.813], "texture": "#15"},
				"west": {"uv": [0.125, 5.313, 0.75, 6.188], "texture": "#15"},
				"up": {"uv": [0, 5.375, 0.5, 6.25], "rotation": 270, "texture": "#15"},
				"down": {"uv": [0, 5.5, 0.5, 6], "rotation": 90, "texture": "#15"}
			}
		},
		{
			"name": "Cube",
			"from": [11, 3, 10],
			"to": [12, 4, 11],
			"faces": {
				"north": {"uv": [0, 4, 0.5, 4.625], "texture": "#15"},
				"east": {"uv": [0.313, 0.813, 0.813, 1.313], "texture": "#15"},
				"south": {"uv": [0, 0.813, 1, 1.813], "texture": "#15"},
				"west": {"uv": [0.125, 5.313, 0.75, 6.188], "texture": "#15"},
				"up": {"uv": [0, 5.375, 0.5, 6.25], "rotation": 270, "texture": "#15"},
				"down": {"uv": [0, 5.5, 0.5, 6], "rotation": 90, "texture": "#15"}
			}
		},
		{
			"name": "Cube",
			"from": [11, 3, 9],
			"to": [12, 5, 10],
			"faces": {
				"north": {"uv": [0, 4, 0.5, 4.625], "texture": "#15"},
				"east": {"uv": [0.313, 0.813, 0.813, 1.313], "texture": "#15"},
				"south": {"uv": [0, 0.813, 1, 1.813], "texture": "#15"},
				"west": {"uv": [0.125, 5.313, 0.75, 6.188], "texture": "#15"},
				"up": {"uv": [0, 5.375, 0.5, 6.25], "rotation": 270, "texture": "#15"},
				"down": {"uv": [0, 5.5, 0.5, 6], "rotation": 90, "texture": "#15"}
			}
		},
		{
			"name": "Cube",
			"from": [10, 3, 11],
			"to": [11, 4, 12],
			"faces": {
				"north": {"uv": [0, 4, 0.5, 4.625], "texture": "#15"},
				"east": {"uv": [0.313, 0.813, 0.813, 1.313], "texture": "#15"},
				"south": {"uv": [0, 0.813, 1, 1.813], "texture": "#15"},
				"west": {"uv": [0.125, 5.313, 0.75, 6.188], "texture": "#15"},
				"up": {"uv": [0, 5.375, 0.5, 6.25], "rotation": 270, "texture": "#15"},
				"down": {"uv": [0, 5.5, 0.5, 6], "rotation": 90, "texture": "#15"}
			}
		},
		{
			"name": "Cube",
			"from": [9, 3, 11],
			"to": [10, 5, 12],
			"faces": {
				"north": {"uv": [0, 4, 0.5, 4.625], "texture": "#15"},
				"east": {"uv": [0.313, 0.813, 0.813, 1.313], "texture": "#15"},
				"south": {"uv": [0, 0.813, 1, 1.813], "texture": "#15"},
				"west": {"uv": [0.125, 5.313, 0.75, 6.188], "texture": "#15"},
				"up": {"uv": [0, 5.375, 0.5, 6.25], "rotation": 270, "texture": "#15"},
				"down": {"uv": [0, 5.5, 0.5, 6], "rotation": 90, "texture": "#15"}
			}
		},
		{
			"name": "Cube",
			"from": [6, 3, 11],
			"to": [7, 5, 12],
			"faces": {
				"north": {"uv": [0, 4, 0.5, 4.625], "texture": "#15"},
				"east": {"uv": [0.313, 0.813, 0.813, 1.313], "texture": "#15"},
				"south": {"uv": [0, 0.813, 1, 1.813], "texture": "#15"},
				"west": {"uv": [0.125, 5.313, 0.75, 6.188], "texture": "#15"},
				"up": {"uv": [0, 5.375, 0.5, 6.25], "rotation": 270, "texture": "#15"},
				"down": {"uv": [0, 5.5, 0.5, 6], "rotation": 90, "texture": "#15"}
			}
		},
		{
			"name": "Cube",
			"from": [5, 3, 11],
			"to": [6, 4, 12],
			"faces": {
				"north": {"uv": [0, 4, 0.5, 4.625], "texture": "#15"},
				"east": {"uv": [0.313, 0.813, 0.813, 1.313], "texture": "#15"},
				"south": {"uv": [0, 0.813, 1, 1.813], "texture": "#15"},
				"west": {"uv": [0.125, 5.313, 0.75, 6.188], "texture": "#15"},
				"up": {"uv": [0, 5.375, 0.5, 6.25], "rotation": 270, "texture": "#15"},
				"down": {"uv": [0, 5.5, 0.5, 6], "rotation": 90, "texture": "#15"}
			}
		},
		{
			"name": "Cube",
			"from": [4, 3, 10],
			"to": [5, 4, 11],
			"faces": {
				"north": {"uv": [0, 4, 0.5, 4.625], "texture": "#15"},
				"east": {"uv": [0.313, 0.813, 0.813, 1.313], "texture": "#15"},
				"south": {"uv": [0, 0.813, 1, 1.813], "texture": "#15"},
				"west": {"uv": [0.125, 5.313, 0.75, 6.188], "texture": "#15"},
				"up": {"uv": [0, 5.375, 0.5, 6.25], "rotation": 270, "texture": "#15"},
				"down": {"uv": [0, 5.5, 0.5, 6], "rotation": 90, "texture": "#15"}
			}
		},
		{
			"name": "Cube",
			"from": [4, 3, 9],
			"to": [5, 5, 10],
			"faces": {
				"north": {"uv": [0, 4, 0.5, 4.625], "texture": "#15"},
				"east": {"uv": [0.313, 0.813, 0.813, 1.313], "texture": "#15"},
				"south": {"uv": [0, 0.813, 1, 1.813], "texture": "#15"},
				"west": {"uv": [0.125, 5.313, 0.75, 6.188], "texture": "#15"},
				"up": {"uv": [0, 5.375, 0.5, 6.25], "rotation": 270, "texture": "#15"},
				"down": {"uv": [0, 5.5, 0.5, 6], "rotation": 90, "texture": "#15"}
			}
		},
		{
			"name": "Cube",
			"from": [3, 3, 7],
			"to": [4, 4.7, 9],
			"faces": {
				"north": {"uv": [0, 4, 0.5, 4.625], "texture": "#15"},
				"east": {"uv": [0.313, 0.813, 0.813, 1.313], "texture": "#15"},
				"south": {"uv": [0, 0.813, 1, 1.813], "texture": "#15"},
				"west": {"uv": [0.125, 5.313, 0.75, 6.188], "texture": "#15"},
				"up": {"uv": [0, 5.375, 0.5, 6.25], "rotation": 270, "texture": "#15"},
				"down": {"uv": [0, 5.5, 0.5, 6], "rotation": 90, "texture": "#15"}
			}
		},
		{
			"name": "Cube",
			"from": [12, 3, 7],
			"to": [13, 4.7, 9],
			"faces": {
				"north": {"uv": [0, 4, 0.5, 4.625], "texture": "#15"},
				"east": {"uv": [0.313, 0.813, 0.813, 1.313], "texture": "#15"},
				"south": {"uv": [0, 0.813, 1, 1.813], "texture": "#15"},
				"west": {"uv": [0.125, 5.313, 0.75, 6.188], "texture": "#15"},
				"up": {"uv": [0, 5.375, 0.5, 6.25], "rotation": 270, "texture": "#15"},
				"down": {"uv": [0, 5.5, 0.5, 6], "rotation": 90, "texture": "#15"}
			}
		},
		{
			"name": "Cube",
			"from": [6, 1, 3],
			"to": [10, 4.7, 4],
			"faces": {
				"north": {"uv": [0, 4, 0.5, 4.625], "texture": "#10"},
				"east": {"uv": [0.313, 0.813, 0.813, 1.313], "texture": "#10"},
				"south": {"uv": [0, 0.813, 1, 1.813], "texture": "#15"},
				"west": {"uv": [0.125, 5.313, 0.75, 6.188], "texture": "#10"},
				"up": {"uv": [0, 5.375, 0.5, 6.25], "rotation": 270, "texture": "#10"},
				"down": {"uv": [0, 5.5, 0.5, 6], "rotation": 90, "texture": "#15"}
			}
		},
		{
			"name": "Cube",
			"from": [7, 3, 12],
			"to": [9, 4.7, 13],
			"faces": {
				"north": {"uv": [0, 4, 0.5, 4.625], "texture": "#15"},
				"east": {"uv": [0.313, 0.813, 0.813, 1.313], "texture": "#15"},
				"south": {"uv": [0, 0.813, 1, 1.813], "texture": "#15"},
				"west": {"uv": [0.125, 5.313, 0.75, 6.188], "texture": "#15"},
				"up": {"uv": [0, 5.375, 0.5, 6.25], "rotation": 270, "texture": "#15"},
				"down": {"uv": [0, 5.5, 0.5, 6], "rotation": 90, "texture": "#15"}
			}
		},
		{
			"name": "Cube",
			"from": [11, 2, 5],
			"to": [12, 3, 6],
			"faces": {
				"north": {"uv": [0, 4, 0.5, 4.625], "texture": "#15"},
				"east": {"uv": [0.313, 0.813, 0.813, 1.313], "texture": "#15"},
				"south": {"uv": [0, 0.813, 1, 1.813], "texture": "#15"},
				"west": {"uv": [0.125, 5.313, 0.75, 6.188], "texture": "#15"},
				"up": {"uv": [0, 5.375, 0.5, 6.25], "rotation": 270, "texture": "#15"},
				"down": {"uv": [0, 5.5, 0.5, 6], "rotation": 90, "texture": "#15"}
			}
		},
		{
			"name": "Cube",
			"from": [11, 2, 10],
			"to": [12, 3, 11],
			"faces": {
				"north": {"uv": [0, 4, 0.5, 4.625], "texture": "#15"},
				"east": {"uv": [0.313, 0.813, 0.813, 1.313], "texture": "#15"},
				"south": {"uv": [0, 0.813, 1, 1.813], "texture": "#15"},
				"west": {"uv": [0.125, 5.313, 0.75, 6.188], "texture": "#15"},
				"up": {"uv": [0, 5.375, 0.5, 6.25], "rotation": 270, "texture": "#15"},
				"down": {"uv": [0, 5.5, 0.5, 6], "rotation": 90, "texture": "#15"}
			}
		},
		{
			"name": "Cube",
			"from": [4, 2, 10],
			"to": [5, 3, 11],
			"faces": {
				"north": {"uv": [0, 4, 0.5, 4.625], "texture": "#15"},
				"east": {"uv": [0.313, 0.813, 0.813, 1.313], "texture": "#15"},
				"south": {"uv": [0, 0.813, 1, 1.813], "texture": "#15"},
				"west": {"uv": [0.125, 5.313, 0.75, 6.188], "texture": "#15"},
				"up": {"uv": [0, 5.375, 0.5, 6.25], "rotation": 270, "texture": "#15"},
				"down": {"uv": [0, 5.5, 0.5, 6], "rotation": 90, "texture": "#15"}
			}
		},
		{
			"name": "Cube",
			"from": [4, 2, 5],
			"to": [5, 3, 6],
			"faces": {
				"north": {"uv": [0, 4, 0.5, 4.625], "texture": "#15"},
				"east": {"uv": [0.313, 0.813, 0.813, 1.313], "texture": "#15"},
				"south": {"uv": [0, 0.813, 1, 1.813], "texture": "#15"},
				"west": {"uv": [0.125, 5.313, 0.75, 6.188], "texture": "#15"},
				"up": {"uv": [0, 5.375, 0.5, 6.25], "rotation": 270, "texture": "#15"},
				"down": {"uv": [0, 5.5, 0.5, 6], "rotation": 90, "texture": "#15"}
			}
		},
		{
			"name": "Cube",
			"from": [4, 2, 4],
			"to": [6, 3, 5],
			"faces": {
				"north": {"uv": [0, 4, 0.5, 4.625], "texture": "#10"},
				"east": {"uv": [0.313, 0.813, 0.813, 1.313], "texture": "#15"},
				"south": {"uv": [0, 0.813, 1, 1.813], "texture": "#15"},
				"west": {"uv": [0.125, 5.313, 0.75, 6.188], "texture": "#10"},
				"up": {"uv": [0, 5.375, 0.5, 6.25], "rotation": 270, "texture": "#10"},
				"down": {"uv": [0, 5.5, 0.5, 6], "rotation": 90, "texture": "#15"}
			}
		},
		{
			"name": "Cube",
			"from": [10, 2, 4],
			"to": [12, 3, 5],
			"faces": {
				"north": {"uv": [0, 4, 0.5, 4.625], "texture": "#10"},
				"east": {"uv": [0.313, 0.813, 0.813, 1.313], "texture": "#10"},
				"south": {"uv": [0, 0.813, 1, 1.813], "texture": "#15"},
				"west": {"uv": [0.125, 5.313, 0.75, 6.188], "texture": "#15"},
				"up": {"uv": [0, 5.375, 0.5, 6.25], "rotation": 270, "texture": "#10"},
				"down": {"uv": [0, 5.5, 0.5, 6], "rotation": 90, "texture": "#15"}
			}
		},
		{
			"name": "Cube",
			"from": [10, 2, 11],
			"to": [12, 3, 12],
			"faces": {
				"north": {"uv": [0, 4, 0.5, 4.625], "texture": "#15"},
				"east": {"uv": [0.313, 0.813, 0.813, 1.313], "texture": "#15"},
				"south": {"uv": [0, 0.813, 1, 1.813], "texture": "#15"},
				"west": {"uv": [0.125, 5.313, 0.75, 6.188], "texture": "#15"},
				"up": {"uv": [0, 5.375, 0.5, 6.25], "rotation": 270, "texture": "#15"},
				"down": {"uv": [0, 5.5, 0.5, 6], "rotation": 90, "texture": "#15"}
			}
		},
		{
			"name": "Cube",
			"from": [4, 2, 11],
			"to": [6, 3, 12],
			"faces": {
				"north": {"uv": [0, 4, 0.5, 4.625], "texture": "#15"},
				"east": {"uv": [0.313, 0.813, 0.813, 1.313], "texture": "#15"},
				"south": {"uv": [0, 0.813, 1, 1.813], "texture": "#15"},
				"west": {"uv": [0.125, 5.313, 0.75, 6.188], "texture": "#15"},
				"up": {"uv": [0, 5.375, 0.5, 6.25], "rotation": 270, "texture": "#15"},
				"down": {"uv": [0, 5.5, 0.5, 6], "rotation": 90, "texture": "#15"}
			}
		},
		{
			"name": "Cube",
			"from": [3, 2, 9],
			"to": [4, 3, 10],
			"faces": {
				"north": {"uv": [0, 4, 0.5, 4.625], "texture": "#15"},
				"east": {"uv": [0.313, 0.813, 0.813, 1.313], "texture": "#15"},
				"south": {"uv": [0, 0.813, 1, 1.813], "texture": "#15"},
				"west": {"uv": [0.125, 5.313, 0.75, 6.188], "texture": "#15"},
				"up": {"uv": [0, 5.375, 0.5, 6.25], "rotation": 270, "texture": "#15"},
				"down": {"uv": [0, 5.5, 0.5, 6], "rotation": 90, "texture": "#15"}
			}
		},
		{
			"name": "Cube",
			"from": [3, 2, 6],
			"to": [4, 3, 7],
			"faces": {
				"north": {"uv": [0, 4, 0.5, 4.625], "texture": "#15"},
				"east": {"uv": [0.313, 0.813, 0.813, 1.313], "texture": "#15"},
				"south": {"uv": [0, 0.813, 1, 1.813], "texture": "#15"},
				"west": {"uv": [0.125, 5.313, 0.75, 6.188], "texture": "#15"},
				"up": {"uv": [0, 5.375, 0.5, 6.25], "rotation": 270, "texture": "#15"},
				"down": {"uv": [0, 5.5, 0.5, 6], "rotation": 90, "texture": "#15"}
			}
		},
		{
			"name": "Cube",
			"from": [12, 2, 6],
			"to": [13, 3, 7],
			"faces": {
				"north": {"uv": [0, 4, 0.5, 4.625], "texture": "#15"},
				"east": {"uv": [0.313, 0.813, 0.813, 1.313], "texture": "#15"},
				"south": {"uv": [0, 0.813, 1, 1.813], "texture": "#15"},
				"west": {"uv": [0.125, 5.313, 0.75, 6.188], "texture": "#15"},
				"up": {"uv": [0, 5.375, 0.5, 6.25], "rotation": 270, "texture": "#15"},
				"down": {"uv": [0, 5.5, 0.5, 6], "rotation": 90, "texture": "#15"}
			}
		},
		{
			"name": "Cube",
			"from": [12, 2, 9],
			"to": [13, 3, 10],
			"faces": {
				"north": {"uv": [0, 4, 0.5, 4.625], "texture": "#15"},
				"east": {"uv": [0.313, 0.813, 0.813, 1.313], "texture": "#15"},
				"south": {"uv": [0, 0.813, 1, 1.813], "texture": "#15"},
				"west": {"uv": [0.125, 5.313, 0.75, 6.188], "texture": "#15"},
				"up": {"uv": [0, 5.375, 0.5, 6.25], "rotation": 270, "texture": "#15"},
				"down": {"uv": [0, 5.5, 0.5, 6], "rotation": 90, "texture": "#15"}
			}
		},
		{
			"name": "Cube",
			"from": [9, 2, 12],
			"to": [10, 3, 13],
			"faces": {
				"north": {"uv": [0, 4, 0.5, 4.625], "texture": "#15"},
				"east": {"uv": [0.313, 0.813, 0.813, 1.313], "texture": "#15"},
				"south": {"uv": [0, 0.813, 1, 1.813], "texture": "#15"},
				"west": {"uv": [0.125, 5.313, 0.75, 6.188], "texture": "#15"},
				"up": {"uv": [0, 5.375, 0.5, 6.25], "rotation": 270, "texture": "#15"},
				"down": {"uv": [0, 5.5, 0.5, 6], "rotation": 90, "texture": "#15"}
			}
		},
		{
			"name": "Cube",
			"from": [9, 2, 3],
			"to": [10, 3, 4],
			"faces": {
				"north": {"uv": [0, 4, 0.5, 4.625], "texture": "#10"},
				"east": {"uv": [0.313, 0.813, 0.813, 1.313], "texture": "#10"},
				"south": {"uv": [0, 0.813, 1, 1.813], "texture": "#15"},
				"west": {"uv": [0.125, 5.313, 0.75, 6.188], "texture": "#15"},
				"up": {"uv": [0, 5.375, 0.5, 6.25], "rotation": 270, "texture": "#15"},
				"down": {"uv": [0, 5.5, 0.5, 6], "rotation": 90, "texture": "#15"}
			}
		},
		{
			"name": "Cube",
			"from": [6, 2, 3],
			"to": [7, 3, 4],
			"faces": {
				"north": {"uv": [0, 4, 0.5, 4.625], "texture": "#10"},
				"east": {"uv": [0.313, 0.813, 0.813, 1.313], "texture": "#15"},
				"south": {"uv": [0, 0.813, 1, 1.813], "texture": "#15"},
				"west": {"uv": [0.125, 5.313, 0.75, 6.188], "texture": "#10"},
				"up": {"uv": [0, 5.375, 0.5, 6.25], "rotation": 270, "texture": "#15"},
				"down": {"uv": [0, 5.5, 0.5, 6], "rotation": 90, "texture": "#15"}
			}
		},
		{
			"name": "Cube",
			"from": [6, 2, 12],
			"to": [7, 3, 13],
			"faces": {
				"north": {"uv": [0, 4, 0.5, 4.625], "texture": "#15"},
				"east": {"uv": [0.313, 0.813, 0.813, 1.313], "texture": "#15"},
				"south": {"uv": [0, 0.813, 1, 1.813], "texture": "#15"},
				"west": {"uv": [0.125, 5.313, 0.75, 6.188], "texture": "#15"},
				"up": {"uv": [0, 5.375, 0.5, 6.25], "rotation": 270, "texture": "#15"},
				"down": {"uv": [0, 5.5, 0.5, 6], "rotation": 90, "texture": "#15"}
			}
		},
		{
			"name": "Cube",
			"from": [4, 1, 12],
			"to": [6, 2, 13],
			"faces": {
				"north": {"uv": [0, 4, 0.5, 4.625], "texture": "#15"},
				"east": {"uv": [0.313, 0.813, 0.813, 1.313], "texture": "#15"},
				"south": {"uv": [0, 0.813, 1, 1.813], "texture": "#15"},
				"west": {"uv": [0.125, 5.313, 0.75, 6.188], "texture": "#15"},
				"up": {"uv": [0, 5.375, 0.5, 6.25], "rotation": 270, "texture": "#15"},
				"down": {"uv": [0, 5.5, 0.5, 6], "rotation": 90, "texture": "#15"}
			}
		},
		{
			"name": "Cube",
			"from": [4, 0, 3],
			"to": [12, 2, 4],
			"faces": {
				"north": {"uv": [0, 4, 0.5, 4.625], "texture": "#10"},
				"east": {"uv": [0.313, 0.813, 0.813, 1.313], "texture": "#10"},
				"south": {"uv": [0, 0.813, 1, 1.813], "texture": "#15"},
				"west": {"uv": [0.125, 5.313, 0.75, 6.188], "texture": "#10"},
				"up": {"uv": [0, 5.375, 0.5, 6.25], "rotation": 270, "texture": "#10"},
				"down": {"uv": [0, 5.5, 0.5, 6], "rotation": 90, "texture": "#15"}
			}
		},
		{
			"name": "Cube",
			"from": [4, 1, 3],
			"to": [6, 2, 4],
			"faces": {
				"north": {"uv": [0, 4, 0.5, 4.625], "texture": "#10"},
				"east": {"uv": [0.313, 0.813, 0.813, 1.313], "texture": "#15"},
				"south": {"uv": [0, 0.813, 1, 1.813], "texture": "#15"},
				"west": {"uv": [0.125, 5.313, 0.75, 6.188], "texture": "#10"},
				"up": {"uv": [0, 5.375, 0.5, 6.25], "rotation": 270, "texture": "#10"},
				"down": {"uv": [0, 5.5, 0.5, 6], "rotation": 90, "texture": "#15"}
			}
		},
		{
			"name": "Cube",
			"from": [3, 1, 4],
			"to": [4, 2, 6],
			"faces": {
				"north": {"uv": [0, 4, 0.5, 4.625], "texture": "#15"},
				"east": {"uv": [0.313, 0.813, 0.813, 1.313], "texture": "#15"},
				"south": {"uv": [0, 0.813, 1, 1.813], "texture": "#15"},
				"west": {"uv": [0.125, 5.313, 0.75, 6.188], "texture": "#15"},
				"up": {"uv": [0, 5.375, 0.5, 6.25], "rotation": 270, "texture": "#15"},
				"down": {"uv": [0, 5.5, 0.5, 6], "rotation": 90, "texture": "#15"}
			}
		},
		{
			"name": "Cube",
			"from": [12, 1, 4],
			"to": [13, 2, 6],
			"faces": {
				"north": {"uv": [0, 4, 0.5, 4.625], "texture": "#15"},
				"east": {"uv": [0.313, 0.813, 0.813, 1.313], "texture": "#15"},
				"south": {"uv": [0, 0.813, 1, 1.813], "texture": "#15"},
				"west": {"uv": [0.125, 5.313, 0.75, 6.188], "texture": "#15"},
				"up": {"uv": [0, 5.375, 0.5, 6.25], "rotation": 270, "texture": "#15"},
				"down": {"uv": [0, 5.5, 0.5, 6], "rotation": 90, "texture": "#15"}
			}
		},
		{
			"name": "Cube",
			"from": [12, 1, 10],
			"to": [13, 2, 12],
			"faces": {
				"north": {"uv": [0, 4, 0.5, 4.625], "texture": "#15"},
				"east": {"uv": [0.313, 0.813, 0.813, 1.313], "texture": "#15"},
				"south": {"uv": [0, 0.813, 1, 1.813], "texture": "#15"},
				"west": {"uv": [0.125, 5.313, 0.75, 6.188], "texture": "#15"},
				"up": {"uv": [0, 5.375, 0.5, 6.25], "rotation": 270, "texture": "#15"},
				"down": {"uv": [0, 5.5, 0.5, 6], "rotation": 90, "texture": "#15"}
			}
		},
		{
			"name": "Cube",
			"from": [3, 1, 10],
			"to": [4, 2, 12],
			"faces": {
				"north": {"uv": [0, 4, 0.5, 4.625], "texture": "#15"},
				"east": {"uv": [0.313, 0.813, 0.813, 1.313], "texture": "#15"},
				"south": {"uv": [0, 0.813, 1, 1.813], "texture": "#15"},
				"west": {"uv": [0.125, 5.313, 0.75, 6.188], "texture": "#15"},
				"up": {"uv": [0, 5.375, 0.5, 6.25], "rotation": 270, "texture": "#15"},
				"down": {"uv": [0, 5.5, 0.5, 6], "rotation": 90, "texture": "#15"}
			}
		},
		{
			"name": "Cube",
			"from": [12, 2, 7],
			"to": [13.6, 3, 9],
			"faces": {
				"north": {"uv": [0, 4, 0.5, 4.625], "texture": "#15"},
				"east": {"uv": [0.313, 0.813, 0.813, 1.313], "texture": "#15"},
				"south": {"uv": [0, 0.813, 1, 1.813], "texture": "#15"},
				"west": {"uv": [0.125, 5.313, 0.75, 6.188], "texture": "#15"},
				"up": {"uv": [0, 5.375, 0.5, 6.25], "rotation": 270, "texture": "#15"},
				"down": {"uv": [0, 5.5, 0.5, 6], "rotation": 90, "texture": "#15"}
			}
		},
		{
			"name": "Cube",
			"from": [7, 2, 12.6],
			"to": [9, 3, 13.6],
			"faces": {
				"north": {"uv": [0, 4, 0.5, 4.625], "texture": "#15"},
				"east": {"uv": [0.313, 0.813, 0.813, 1.313], "texture": "#15"},
				"south": {"uv": [0, 0.813, 1, 1.813], "texture": "#15"},
				"west": {"uv": [0.125, 5.313, 0.75, 6.188], "texture": "#15"},
				"up": {"uv": [0, 5.375, 0.5, 6.25], "rotation": 270, "texture": "#15"},
				"down": {"uv": [0, 5.5, 0.5, 6], "rotation": 90, "texture": "#15"}
			}
		},
		{
			"name": "Cube",
			"from": [2.4, 2, 7],
			"to": [3.4, 3, 9],
			"faces": {
				"north": {"uv": [0, 4, 0.5, 4.625], "texture": "#15"},
				"east": {"uv": [0.313, 0.813, 0.813, 1.313], "texture": "#15"},
				"south": {"uv": [0, 0.813, 1, 1.813], "texture": "#15"},
				"west": {"uv": [0.125, 5.313, 0.75, 6.188], "texture": "#15"},
				"up": {"uv": [0, 5.375, 0.5, 6.25], "rotation": 270, "texture": "#15"},
				"down": {"uv": [0, 5.5, 0.5, 6], "rotation": 90, "texture": "#15"}
			}
		},
		{
			"name": "Top 4",
			"from": [2, 1, 5],
			"to": [3, 2, 11],
			"faces": {
				"north": {"uv": [0, 4, 0.5, 4.625], "texture": "#15"},
				"east": {"uv": [0.313, 0.813, 0.813, 1.313], "texture": "#15"},
				"south": {"uv": [0, 0.813, 1, 1.813], "texture": "#15"},
				"west": {"uv": [0.125, 5.313, 0.75, 6.188], "texture": "#15"},
				"up": {"uv": [0, 5.375, 0.5, 6.25], "rotation": 270, "texture": "#15"},
				"down": {"uv": [0, 5.5, 0.5, 6], "rotation": 90, "texture": "#15"}
			}
		},
		{
			"name": "Top 3",
			"from": [13, 1, 5],
			"to": [14, 2, 11],
			"faces": {
				"north": {"uv": [0, 4, 0.5, 4.625], "texture": "#15"},
				"east": {"uv": [0.313, 0.813, 0.813, 1.313], "texture": "#15"},
				"south": {"uv": [0, 0.813, 1, 1.813], "texture": "#15"},
				"west": {"uv": [0.125, 5.313, 0.75, 6.188], "texture": "#15"},
				"up": {"uv": [0, 5.375, 0.5, 6.25], "rotation": 270, "texture": "#15"},
				"down": {"uv": [0, 5.5, 0.5, 6], "rotation": 90, "texture": "#15"}
			}
		},
		{
			"name": "Top 1",
			"from": [5, 1, 13],
			"to": [11, 2, 14],
			"faces": {
				"north": {"uv": [0, 4, 0.5, 4.625], "texture": "#15"},
				"east": {"uv": [0.313, 0.813, 0.813, 1.313], "texture": "#15"},
				"south": {"uv": [0, 0.813, 1, 1.813], "texture": "#15"},
				"west": {"uv": [0.125, 5.313, 0.75, 6.188], "texture": "#15"},
				"up": {"uv": [0, 5.375, 0.5, 6.25], "rotation": 270, "texture": "#15"},
				"down": {"uv": [0, 5.5, 0.5, 6], "rotation": 90, "texture": "#15"}
			}
		},
		{
			"name": "Rim 16",
			"from": [3, 0, 3],
			"to": [4, 1, 4],
			"faces": {
				"north": {"uv": [0, 4, 0.5, 4.625], "texture": "#15"},
				"east": {"uv": [0.313, 0.813, 0.813, 1.313], "texture": "#15"},
				"south": {"uv": [0, 0.813, 1, 1.813], "texture": "#15"},
				"west": {"uv": [0.125, 5.313, 0.75, 6.188], "texture": "#15"},
				"up": {"uv": [0, 5.375, 0.5, 6.25], "rotation": 270, "texture": "#15"},
				"down": {"uv": [0, 5.5, 0.5, 6], "rotation": 90, "texture": "#15"}
			}
		},
		{
			"name": "Rim 15",
			"from": [12, 0, 3],
			"to": [13, 1, 4],
			"faces": {
				"north": {"uv": [0, 4, 0.5, 4.625], "texture": "#15"},
				"east": {"uv": [0.313, 0.813, 0.813, 1.313], "texture": "#15"},
				"south": {"uv": [0, 0.813, 1, 1.813], "texture": "#15"},
				"west": {"uv": [0.125, 5.313, 0.75, 6.188], "texture": "#15"},
				"up": {"uv": [0, 5.375, 0.5, 6.25], "rotation": 270, "texture": "#15"},
				"down": {"uv": [0, 5.5, 0.5, 6], "rotation": 90, "texture": "#15"}
			}
		},
		{
			"name": "Rim 14",
			"from": [12, 0, 12],
			"to": [13, 1, 13],
			"faces": {
				"north": {"uv": [0, 4, 0.5, 4.625], "texture": "#15"},
				"east": {"uv": [0.313, 0.813, 0.813, 1.313], "texture": "#15"},
				"south": {"uv": [0, 0.813, 1, 1.813], "texture": "#15"},
				"west": {"uv": [0.125, 5.313, 0.75, 6.188], "texture": "#15"},
				"up": {"uv": [0, 5.375, 0.5, 6.25], "rotation": 270, "texture": "#15"},
				"down": {"uv": [0, 5.5, 0.5, 6], "rotation": 90, "texture": "#15"}
			}
		},
		{
			"name": "Rim 13",
			"from": [3, 0, 12],
			"to": [4, 1, 13],
			"faces": {
				"north": {"uv": [0, 4, 0.5, 4.625], "texture": "#15"},
				"east": {"uv": [0.313, 0.813, 0.813, 1.313], "texture": "#15"},
				"south": {"uv": [0, 0.813, 1, 1.813], "texture": "#15"},
				"west": {"uv": [0.125, 5.313, 0.75, 6.188], "texture": "#15"},
				"up": {"uv": [0, 5.375, 0.5, 6.25], "rotation": 270, "texture": "#15"},
				"down": {"uv": [0, 5.5, 0.5, 6], "rotation": 90, "texture": "#15"}
			}
		},
		{
			"name": "Rim 12",
			"from": [13, 0, 4],
			"to": [14, 1, 6],
			"faces": {
				"north": {"uv": [0, 4, 0.5, 4.625], "texture": "#15"},
				"east": {"uv": [0.313, 0.813, 0.813, 1.313], "texture": "#15"},
				"south": {"uv": [0, 0.813, 1, 1.813], "texture": "#15"},
				"west": {"uv": [0.125, 5.313, 0.75, 6.188], "texture": "#15"},
				"up": {"uv": [0, 5.375, 0.5, 6.25], "rotation": 270, "texture": "#15"},
				"down": {"uv": [0, 5.5, 0.5, 6], "rotation": 90, "texture": "#15"}
			}
		},
		{
			"name": "Rim 11",
			"from": [13, 0, 10],
			"to": [14, 1, 12],
			"faces": {
				"north": {"uv": [0, 4, 0.5, 4.625], "texture": "#15"},
				"east": {"uv": [0.313, 0.813, 0.813, 1.313], "texture": "#15"},
				"south": {"uv": [0, 0.813, 1, 1.813], "texture": "#15"},
				"west": {"uv": [0.125, 5.313, 0.75, 6.188], "texture": "#15"},
				"up": {"uv": [0, 5.375, 0.5, 6.25], "rotation": 270, "texture": "#15"},
				"down": {"uv": [0, 5.5, 0.5, 6], "rotation": 90, "texture": "#15"}
			}
		},
		{
			"name": "Rim 10",
			"from": [2, 0, 10],
			"to": [3, 1, 12],
			"faces": {
				"north": {"uv": [0, 4, 0.5, 4.625], "texture": "#15"},
				"east": {"uv": [0.313, 0.813, 0.813, 1.313], "texture": "#15"},
				"south": {"uv": [0, 0.813, 1, 1.813], "texture": "#15"},
				"west": {"uv": [0.125, 5.313, 0.75, 6.188], "texture": "#15"},
				"up": {"uv": [0, 5.375, 0.5, 6.25], "rotation": 270, "texture": "#15"},
				"down": {"uv": [0, 5.5, 0.5, 6], "rotation": 90, "texture": "#15"}
			}
		},
		{
			"name": "Rim 9",
			"from": [2, 0, 4],
			"to": [3, 1, 6],
			"faces": {
				"north": {"uv": [0, 4, 0.5, 4.625], "texture": "#15"},
				"east": {"uv": [0.313, 0.813, 0.813, 1.313], "texture": "#15"},
				"south": {"uv": [0, 0.813, 1, 1.813], "texture": "#15"},
				"west": {"uv": [0.125, 5.313, 0.75, 6.188], "texture": "#15"},
				"up": {"uv": [0, 5.375, 0.5, 6.25], "rotation": 270, "texture": "#15"},
				"down": {"uv": [0, 5.5, 0.5, 6], "rotation": 90, "texture": "#15"}
			}
		},
		{
			"name": "Rim 6",
			"from": [10, 0, 13],
			"to": [12, 1, 14],
			"faces": {
				"north": {"uv": [0, 4, 0.5, 4.625], "texture": "#15"},
				"east": {"uv": [0.313, 0.813, 0.813, 1.313], "texture": "#15"},
				"south": {"uv": [0, 0.813, 1, 1.813], "texture": "#15"},
				"west": {"uv": [0.125, 5.313, 0.75, 6.188], "texture": "#15"},
				"up": {"uv": [0, 5.375, 0.5, 6.25], "rotation": 270, "texture": "#15"},
				"down": {"uv": [0, 5.5, 0.5, 6], "rotation": 90, "texture": "#15"}
			}
		},
		{
			"name": "Rim 5",
			"from": [4, 0, 13],
			"to": [6, 1, 14],
			"faces": {
				"north": {"uv": [0, 4, 0.5, 4.625], "texture": "#15"},
				"east": {"uv": [0.313, 0.813, 0.813, 1.313], "texture": "#15"},
				"south": {"uv": [0, 0.813, 1, 1.813], "texture": "#15"},
				"west": {"uv": [0.125, 5.313, 0.75, 6.188], "texture": "#15"},
				"up": {"uv": [0, 5.375, 0.5, 6.25], "rotation": 270, "texture": "#15"},
				"down": {"uv": [0, 5.5, 0.5, 6], "rotation": 90, "texture": "#15"}
			}
		},
		{
			"name": "Rim 3",
			"from": [14, 0, 6],
			"to": [14.5, 1, 10],
			"faces": {
				"north": {"uv": [0, 4, 0.5, 4.625], "texture": "#15"},
				"east": {"uv": [0.313, 0.813, 0.813, 1.313], "texture": "#15"},
				"south": {"uv": [0, 0.813, 1, 1.813], "texture": "#15"},
				"west": {"uv": [0.125, 5.313, 0.75, 6.188], "texture": "#15"},
				"up": {"uv": [0, 5.375, 0.5, 6.25], "rotation": 270, "texture": "#15"},
				"down": {"uv": [0, 5.5, 0.5, 6], "rotation": 90, "texture": "#15"}
			}
		},
		{
			"name": "Rim 2",
			"from": [6, 0, 14],
			"to": [10, 1, 14.5],
			"faces": {
				"north": {"uv": [0, 4, 0.5, 4.625], "texture": "#15"},
				"east": {"uv": [0.313, 0.813, 0.813, 1.313], "texture": "#15"},
				"south": {"uv": [0, 0.813, 1, 1.813], "texture": "#15"},
				"west": {"uv": [0.125, 5.313, 0.75, 6.188], "texture": "#15"},
				"up": {"uv": [0, 5.375, 0.5, 6.25], "rotation": 270, "texture": "#15"},
				"down": {"uv": [0, 5.5, 0.5, 6], "rotation": 90, "texture": "#15"}
			}
		},
		{
			"from": [4.75, -0.5, 2.75],
			"to": [11.25, 4, 2.75],
			"faces": {
				"north": {"uv": [0, 0.25, 16, 14.813], "texture": "#16"}
			}
		},
		{
			"name": "Cube",
			"from": [11.5, 7.5, 7.5],
			"to": [15.5, 8.5, 8.5],
			"faces": {
				"north": {"uv": [0, 5, 1, 6], "texture": "#10"},
				"east": {"uv": [0, 5, 1, 6], "texture": "#10"},
				"south": {"uv": [0, 5, 1, 6], "texture": "#10"},
				"west": {"uv": [0, 5, 1, 6], "texture": "#10"},
				"up": {"uv": [0, 5, 1, 6], "rotation": 270, "texture": "#10"},
				"down": {"uv": [0, 5, 1, 6], "rotation": 90, "texture": "#10"}
			}
		},
		{
			"name": "Cube",
			"from": [0.5, 2.6, 7.5],
			"to": [3.5, 3.6, 8.5],
			"faces": {
				"north": {"uv": [1, 5, 0, 6], "texture": "#10"},
				"east": {"uv": [1, 5, 0, 6], "texture": "#10"},
				"south": {"uv": [1, 5, 0, 6], "texture": "#10"},
				"west": {"uv": [1, 5, 0, 6], "texture": "#10"},
				"up": {"uv": [1, 5, 0, 6], "rotation": 270, "texture": "#10"},
				"down": {"uv": [1, 5, 0, 6], "rotation": 90, "texture": "#10"}
			}
		},
		{
			"name": "Cube",
			"from": [0.5, 7.5, 7.5],
			"to": [4.5, 8.5, 8.5],
			"faces": {
				"north": {"uv": [0, 5, 1, 6], "texture": "#10"},
				"east": {"uv": [0, 5, 1, 6], "texture": "#10"},
				"south": {"uv": [0, 5, 1, 6], "texture": "#10"},
				"west": {"uv": [0, 5, 1, 6], "texture": "#10"},
				"up": {"uv": [0, 5, 1, 6], "rotation": 270, "texture": "#10"},
				"down": {"uv": [0, 5, 1, 6], "rotation": 90, "texture": "#10"}
			}
		},
		{
			"name": "Cube",
			"from": [12.5, 2.6, 7.5],
			"to": [15.5, 3.6, 8.5],
			"faces": {
				"north": {"uv": [1, 5, 0, 6], "texture": "#10"},
				"east": {"uv": [1, 5, 0, 6], "texture": "#10"},
				"south": {"uv": [1, 5, 0, 6], "texture": "#10"},
				"west": {"uv": [1, 5, 0, 6], "texture": "#10"},
				"up": {"uv": [1, 5, 0, 6], "rotation": 270, "texture": "#10"},
				"down": {"uv": [1, 5, 0, 6], "rotation": 90, "texture": "#10"}
			}
		},
		{
			"name": "Cube",
			"from": [10.5, 3.6, 7.5],
			"to": [16.5, 7.6, 8.5],
			"faces": {
				"north": {"uv": [0, 5, 1, 6], "texture": "#10"},
				"east": {"uv": [0, 5, 1, 6], "texture": "#10"},
				"south": {"uv": [0, 5, 1, 6], "texture": "#10"},
				"west": {"uv": [0, 5, 1, 6], "texture": "#10"},
				"up": {"uv": [0, 5, 1, 6], "rotation": 270, "texture": "#10"},
				"down": {"uv": [0, 5, 1, 6], "rotation": 90, "texture": "#10"}
			}
		},
		{
			"name": "Cube",
			"from": [-0.5, 3.6, 7.5],
			"to": [5.5, 7.6, 8.5],
			"faces": {
				"north": {"uv": [0, 5, 1, 6], "texture": "#10"},
				"east": {"uv": [0, 5, 1, 6], "texture": "#10"},
				"south": {"uv": [0, 5, 1, 6], "texture": "#10"},
				"west": {"uv": [0, 5, 1, 6], "texture": "#10"},
				"up": {"uv": [0, 5, 1, 6], "rotation": 270, "texture": "#10"},
				"down": {"uv": [0, 5, 1, 6], "rotation": 90, "texture": "#10"}
			}
		}
	],
	"display": {
		"thirdperson_righthand": {
			"rotation": [0, -44, 0],
			"translation": [-2.78, 2.086, 0],
			"scale": [0.547, 0.486, 0.408]
		},
		"thirdperson_lefthand": {
			"rotation": [0, 144, 0],
			"translation": [-2.782, 2.0869, 0],
			"scale": [0.5478, 0.4869, 0.4086]
		},
		"firstperson_righthand": {
			"rotation": [-19, -61, 5],
			"translation": [-1.391, -2.086, -0.695]
		},
		"firstperson_lefthand": {
			"rotation": [-19, 108, -3],
			"translation": [0, -2.086, 0]
		},
		"ground": {
			"rotation": [0, 0, -17],
			"translation": [0, 3.4782, 0],
			"scale": [0.7565, 0.7565, 0.7217]
		},
		"gui": {
			"rotation": [0, -180, 0],
			"translation": [-0.195, 2.6412, 0],
			"scale": [0.7565, 0.85, 1]
		},
		"head": {
			"translation": [0, 15, -1.25],
			"scale": [1.14, 1.0999, 1.2434]
		},
		"fixed": {
			"translation": [0.109, 4.1413, -0.9131],
			"scale": [0.8608, 1, 1]
		}
	},
	"groups": [
		{
			"name": "group",
			"origin": [8, 8, 8],
			"children": [0, 1, 2, 3, 4, 5, 6, 7, 8, 9, 10, 11, 12, 13, 14, 15, 16, 17, 18, 19, 20, 21, 22, 23, 24, 25, 26, 27, 28, 29, 30, 31, 32, 33, 34, 35, 36, 37, 38, 39, 40, 41, 42, 43, 44, 45, 46, 47, 48, 49, 50, 51, 52, 53, 54, 55, 56, 57, 58, 59, 60, 61, 62, 63, 64, 65, 66, 67, 68, 69, 70, 71, 72, 73, 74, 75, 76, 77, 78, 79, 80, 81, 82, 83, 84, 85, 86, 87, 88, 89, 90, 91, 92, 93, 94, 95, 96, 97, 98, 99, 100, 101, 102, 103, 104, 105, 106, 107, 108, 109, 110, 111, 112, 113, 114, 115, 116, 117, 118, 119, 120, 121, 122, 123, 124, 125, 126, 127, 128, 129, 130, 131, 132, 133, 134, 135]
		},
		{
			"name": "group",
			"origin": [8, 8, 8],
			"children": [136, 137, 138, 139, 140, 141]
		}
	]
}