{
	"credit": "Made with Blockbench",
	"textures": {
		"0": "custom/palette",
		"particle": "custom/palette"
	},
	"elements": [
		{
			"from": [-2.02237, 10.69446, 5],
			"to": [-1.02237, 26.19446, 6],
			"rotation": {"angle": 22.5, "axis": "z", "origin": [-1.52237, 18.19446, 5.5]},
			"faces": {
				"north": {"uv": [0.24427, 13.65496, 0.39084, 13.80153], "texture": "#0"},
				"east": {"uv": [0.24427, 13.65496, 0.39084, 13.80153], "texture": "#0"},
				"south": {"uv": [0.24427, 13.65496, 0.39084, 13.80153], "texture": "#0"},
				"west": {"uv": [0.24427, 13.65496, 0.39084, 13.80153], "texture": "#0"},
				"up": {"uv": [0.24427, 13.65496, 0.39084, 13.80153], "texture": "#0"},
				"down": {"uv": [0.24427, 13.65496, 0.39084, 13.80153], "texture": "#0"}
			}
		},
		{
			"from": [14.74927, 13.84251, 5],
			"to": [15.74927, 29.34251, 6],
			"rotation": {"angle": -22.5, "axis": "z", "origin": [8.24927, 19.34251, 5.5]},
			"faces": {
				"north": {"uv": [0.24427, 13.65496, 0.39084, 13.80153], "texture": "#0"},
				"east": {"uv": [0.24427, 13.65496, 0.39084, 13.80153], "texture": "#0"},
				"south": {"uv": [0.24427, 13.65496, 0.39084, 13.80153], "texture": "#0"},
				"west": {"uv": [0.24427, 13.65496, 0.39084, 13.80153], "texture": "#0"},
				"up": {"uv": [0.24427, 13.65496, 0.39084, 13.80153], "texture": "#0"},
				"down": {"uv": [0.24427, 13.65496, 0.39084, 13.80153], "texture": "#0"}
			}
		},
		{
			"from": [-6.5389, 23.59988, 5],
			"to": [4.4611, 24.59988, 6],
			"rotation": {"angle": 22.5, "axis": "z", "origin": [-2.2889, 1.09988, 0.5]},
			"faces": {
				"north": {"uv": [9.0626, 13.55725, 9.3313, 13.89924], "texture": "#0"},
				"east": {"uv": [9.0626, 13.55725, 9.3313, 13.89924], "texture": "#0"},
				"south": {"uv": [9.0626, 13.55725, 9.3313, 13.89924], "texture": "#0"},
				"west": {"uv": [9.0626, 13.55725, 9.3313, 13.89924], "texture": "#0"},
				"up": {"uv": [9.0626, 13.55725, 9.3313, 13.89924], "texture": "#0"},
				"down": {"uv": [9.0626, 13.55725, 9.3313, 13.89924], "texture": "#0"}
			}
		},
		{
			"from": [18.44124, 22.87593, 5],
			"to": [29.44124, 23.87593, 6],
			"rotation": {"angle": -22.5, "axis": "z", "origin": [23.33643, 23.37593, 5.5]},
			"faces": {
				"north": {"uv": [9.0626, 13.55725, 9.3313, 13.89924], "texture": "#0"},
				"east": {"uv": [9.0626, 13.55725, 9.3313, 13.89924], "texture": "#0"},
				"south": {"uv": [9.0626, 13.55725, 9.3313, 13.89924], "texture": "#0"},
				"west": {"uv": [9.0626, 13.55725, 9.3313, 13.89924], "texture": "#0"},
				"up": {"uv": [9.0626, 13.55725, 9.3313, 13.89924], "texture": "#0"},
				"down": {"uv": [9.0626, 13.55725, 9.3313, 13.89924], "texture": "#0"}
			}
		},
		{
			"from": [18.44124, 21.87593, 5],
			"to": [29.44124, 22.87593, 6],
			"rotation": {"angle": -22.5, "axis": "z", "origin": [23.33643, 23.37593, 5.5]},
			"faces": {
				"north": {"uv": [13.53282, 10.1374, 13.80153, 10.43053], "texture": "#0"},
				"east": {"uv": [13.53282, 10.1374, 13.80153, 10.43053], "texture": "#0"},
				"south": {"uv": [13.53282, 10.1374, 13.80153, 10.43053], "texture": "#0"},
				"west": {"uv": [13.53282, 10.1374, 13.80153, 10.43053], "texture": "#0"},
				"up": {"uv": [13.53282, 10.1374, 13.80153, 10.43053], "texture": "#0"},
				"down": {"uv": [13.53282, 10.1374, 13.80153, 10.43053], "texture": "#0"}
			}
		},
		{
			"from": [18.44124, 20.87593, 5],
			"to": [29.44124, 21.87593, 6],
			"rotation": {"angle": -22.5, "axis": "z", "origin": [23.33643, 23.37593, 5.5]},
			"faces": {
				"north": {"uv": [2.19847, 1.78321, 2.39389, 2.02748], "texture": "#0"},
				"east": {"uv": [2.19847, 1.78321, 2.39389, 2.02748], "texture": "#0"},
				"south": {"uv": [2.19847, 1.78321, 2.39389, 2.02748], "texture": "#0"},
				"west": {"uv": [2.19847, 1.78321, 2.39389, 2.02748], "texture": "#0"},
				"up": {"uv": [2.19847, 1.78321, 2.39389, 2.02748], "texture": "#0"},
				"down": {"uv": [2.19847, 1.78321, 2.39389, 2.02748], "texture": "#0"}
			}
		},
		{
			"from": [18.44124, 19.87593, 5],
			"to": [29.44124, 20.87593, 6],
			"rotation": {"angle": -22.5, "axis": "z", "origin": [23.33643, 23.37593, 5.5]},
			"faces": {
				"north": {"uv": [8.10992, 2.2229, 8.32977, 2.54046], "texture": "#0"},
				"east": {"uv": [8.10992, 2.2229, 8.32977, 2.54046], "texture": "#0"},
				"south": {"uv": [8.10992, 2.2229, 8.32977, 2.54046], "texture": "#0"},
				"west": {"uv": [8.10992, 2.2229, 8.32977, 2.54046], "texture": "#0"},
				"up": {"uv": [8.10992, 2.2229, 8.32977, 2.54046], "texture": "#0"},
				"down": {"uv": [8.10992, 2.2229, 8.32977, 2.54046], "texture": "#0"}
			}
		},
		{
			"from": [18.44124, 17.87593, 5],
			"to": [29.44124, 18.87593, 6],
			"rotation": {"angle": -22.5, "axis": "z", "origin": [23.33643, 23.37593, 5.5]},
			"faces": {
				"north": {"uv": [15.07176, 4.22595, 15.2916, 4.47023], "texture": "#0"},
				"east": {"uv": [15.07176, 4.22595, 15.2916, 4.47023], "texture": "#0"},
				"south": {"uv": [15.07176, 4.22595, 15.2916, 4.47023], "texture": "#0"},
				"west": {"uv": [15.07176, 4.22595, 15.2916, 4.47023], "texture": "#0"},
				"up": {"uv": [15.07176, 4.22595, 15.2916, 4.47023], "texture": "#0"},
				"down": {"uv": [15.07176, 4.22595, 15.2916, 4.47023], "texture": "#0"}
			}
		},
		{
			"from": [18.44124, 16.87593, 5],
			"to": [29.44124, 17.87593, 6],
			"rotation": {"angle": -22.5, "axis": "z", "origin": [23.33643, 23.37593, 5.5]},
			"faces": {
				"north": {"uv": [9.08702, 6.6687, 9.28244, 6.96183], "texture": "#0"},
				"east": {"uv": [9.08702, 6.6687, 9.28244, 6.96183], "texture": "#0"},
				"south": {"uv": [9.08702, 6.6687, 9.28244, 6.96183], "texture": "#0"},
				"west": {"uv": [9.08702, 6.6687, 9.28244, 6.96183], "texture": "#0"},
				"up": {"uv": [9.08702, 6.6687, 9.28244, 6.96183], "texture": "#0"},
				"down": {"uv": [9.08702, 6.6687, 9.28244, 6.96183], "texture": "#0"}
			}
		},
		{
			"from": [18.44124, 15.87593, 5],
			"to": [29.44124, 16.87593, 6],
			"rotation": {"angle": -22.5, "axis": "z", "origin": [23.33643, 23.37593, 5.5]},
			"faces": {
				"north": {"uv": [5.59389, 7.67023, 5.81374, 7.93893], "texture": "#0"},
				"east": {"uv": [5.59389, 7.67023, 5.81374, 7.93893], "texture": "#0"},
				"south": {"uv": [5.59389, 7.67023, 5.81374, 7.93893], "texture": "#0"},
				"west": {"uv": [5.59389, 7.67023, 5.81374, 7.93893], "texture": "#0"},
				"up": {"uv": [5.59389, 7.67023, 5.81374, 7.93893], "texture": "#0"},
				"down": {"uv": [5.59389, 7.67023, 5.81374, 7.93893], "texture": "#0"}
			}
		},
		{
			"from": [18.44124, 18.87593, 5],
			"to": [29.44124, 19.87593, 6],
			"rotation": {"angle": -22.5, "axis": "z", "origin": [23.33643, 23.37593, 5.5]},
			"faces": {
				"north": {"uv": [4.61679, 3.17557, 4.83664, 3.41985], "texture": "#0"},
				"east": {"uv": [4.61679, 3.17557, 4.83664, 3.41985], "texture": "#0"},
				"south": {"uv": [4.61679, 3.17557, 4.83664, 3.41985], "texture": "#0"},
				"west": {"uv": [4.61679, 3.17557, 4.83664, 3.41985], "texture": "#0"},
				"up": {"uv": [4.61679, 3.17557, 4.83664, 3.41985], "texture": "#0"},
				"down": {"uv": [4.61679, 3.17557, 4.83664, 3.41985], "texture": "#0"}
			}
		},
		{
			"from": [-6.5389, 22.59988, 5],
			"to": [4.4611, 23.59988, 6],
			"rotation": {"angle": 22.5, "axis": "z", "origin": [-2.2889, 1.09988, 0.5]},
			"faces": {
				"north": {"uv": [13.53282, 10.1374, 13.80153, 10.43053], "texture": "#0"},
				"east": {"uv": [13.53282, 10.1374, 13.80153, 10.43053], "texture": "#0"},
				"south": {"uv": [13.53282, 10.1374, 13.80153, 10.43053], "texture": "#0"},
				"west": {"uv": [13.53282, 10.1374, 13.80153, 10.43053], "texture": "#0"},
				"up": {"uv": [13.53282, 10.1374, 13.80153, 10.43053], "texture": "#0"},
				"down": {"uv": [13.53282, 10.1374, 13.80153, 10.43053], "texture": "#0"}
			}
		},
		{
			"from": [-6.5389, 21.59988, 5],
			"to": [4.4611, 22.59988, 6],
			"rotation": {"angle": 22.5, "axis": "z", "origin": [-2.2889, 1.09988, 0.5]},
			"faces": {
				"north": {"uv": [2.19847, 1.78321, 2.39389, 2.02748], "texture": "#0"},
				"east": {"uv": [2.19847, 1.78321, 2.39389, 2.02748], "texture": "#0"},
				"south": {"uv": [2.19847, 1.78321, 2.39389, 2.02748], "texture": "#0"},
				"west": {"uv": [2.19847, 1.78321, 2.39389, 2.02748], "texture": "#0"},
				"up": {"uv": [2.19847, 1.78321, 2.39389, 2.02748], "texture": "#0"},
				"down": {"uv": [2.19847, 1.78321, 2.39389, 2.02748], "texture": "#0"}
			}
		},
		{
			"from": [-6.5389, 20.59988, 5],
			"to": [4.4611, 21.59988, 6],
			"rotation": {"angle": 22.5, "axis": "z", "origin": [-2.2889, 1.09988, 0.5]},
			"faces": {
				"north": {"uv": [8.10992, 2.2229, 8.32977, 2.54046], "texture": "#0"},
				"east": {"uv": [8.10992, 2.2229, 8.32977, 2.54046], "texture": "#0"},
				"south": {"uv": [8.10992, 2.2229, 8.32977, 2.54046], "texture": "#0"},
				"west": {"uv": [8.10992, 2.2229, 8.32977, 2.54046], "texture": "#0"},
				"up": {"uv": [8.10992, 2.2229, 8.32977, 2.54046], "texture": "#0"},
				"down": {"uv": [8.10992, 2.2229, 8.32977, 2.54046], "texture": "#0"}
			}
		},
		{
			"from": [-6.5389, 18.59988, 5],
			"to": [4.4611, 19.59988, 6],
			"rotation": {"angle": 22.5, "axis": "z", "origin": [-2.2889, 1.09988, 0.5]},
			"faces": {
				"north": {"uv": [15.07176, 4.22595, 15.2916, 4.47023], "texture": "#0"},
				"east": {"uv": [15.07176, 4.22595, 15.2916, 4.47023], "texture": "#0"},
				"south": {"uv": [15.07176, 4.22595, 15.2916, 4.47023], "texture": "#0"},
				"west": {"uv": [15.07176, 4.22595, 15.2916, 4.47023], "texture": "#0"},
				"up": {"uv": [15.07176, 4.22595, 15.2916, 4.47023], "texture": "#0"},
				"down": {"uv": [15.07176, 4.22595, 15.2916, 4.47023], "texture": "#0"}
			}
		},
		{
			"from": [-6.5389, 17.59988, 5],
			"to": [4.4611, 18.59988, 6],
			"rotation": {"angle": 22.5, "axis": "z", "origin": [-2.2889, 1.09988, 0.5]},
			"faces": {
				"north": {"uv": [9.08702, 6.6687, 9.28244, 6.96183], "texture": "#0"},
				"east": {"uv": [9.08702, 6.6687, 9.28244, 6.96183], "texture": "#0"},
				"south": {"uv": [9.08702, 6.6687, 9.28244, 6.96183], "texture": "#0"},
				"west": {"uv": [9.08702, 6.6687, 9.28244, 6.96183], "texture": "#0"},
				"up": {"uv": [9.08702, 6.6687, 9.28244, 6.96183], "texture": "#0"},
				"down": {"uv": [9.08702, 6.6687, 9.28244, 6.96183], "texture": "#0"}
			}
		},
		{
			"from": [-6.5389, 19.59988, 5],
			"to": [4.4611, 20.59988, 6],
			"rotation": {"angle": 22.5, "axis": "z", "origin": [-2.2889, 1.09988, 0.5]},
			"faces": {
				"north": {"uv": [4.61679, 3.17557, 4.83664, 3.41985], "texture": "#0"},
				"east": {"uv": [4.61679, 3.17557, 4.83664, 3.41985], "texture": "#0"},
				"south": {"uv": [4.61679, 3.17557, 4.83664, 3.41985], "texture": "#0"},
				"west": {"uv": [4.61679, 3.17557, 4.83664, 3.41985], "texture": "#0"},
				"up": {"uv": [4.61679, 3.17557, 4.83664, 3.41985], "texture": "#0"},
				"down": {"uv": [4.61679, 3.17557, 4.83664, 3.41985], "texture": "#0"}
			}
		},
		{
			"from": [-6.5389, 16.59988, 5],
			"to": [4.4611, 17.59988, 6],
			"rotation": {"angle": 22.5, "axis": "z", "origin": [-2.2889, 1.09988, 0.5]},
			"faces": {
				"north": {"uv": [5.59389, 7.67023, 5.81374, 7.93893], "texture": "#0"},
				"east": {"uv": [5.59389, 7.67023, 5.81374, 7.93893], "texture": "#0"},
				"south": {"uv": [5.59389, 7.67023, 5.81374, 7.93893], "texture": "#0"},
				"west": {"uv": [5.59389, 7.67023, 5.81374, 7.93893], "texture": "#0"},
				"up": {"uv": [5.59389, 7.67023, 5.81374, 7.93893], "texture": "#0"},
				"down": {"uv": [5.59389, 7.67023, 5.81374, 7.93893], "texture": "#0"}
			}
		},
		{
			"from": [-5, 11, 5],
			"to": [20, 12, 6],
			"faces": {
				"north": {"uv": [0.24427, 13.65496, 0.39084, 13.80153], "texture": "#0"},
				"east": {"uv": [0.24427, 13.65496, 0.39084, 13.80153], "texture": "#0"},
				"south": {"uv": [0.24427, 13.65496, 0.39084, 13.80153], "texture": "#0"},
				"west": {"uv": [0.24427, 13.65496, 0.39084, 13.80153], "texture": "#0"},
				"up": {"uv": [0.24427, 13.65496, 0.39084, 13.80153], "texture": "#0"},
				"down": {"uv": [0.24427, 13.65496, 0.39084, 13.80153], "texture": "#0"}
			}
		},
		{
			"from": [-6, -2, 5],
			"to": [-5, 11, 6],
			"faces": {
				"north": {"uv": [0.24427, 13.65496, 0.39084, 13.80153], "texture": "#0"},
				"east": {"uv": [0.24427, 13.65496, 0.39084, 13.80153], "texture": "#0"},
				"south": {"uv": [0.24427, 13.65496, 0.39084, 13.80153], "texture": "#0"},
				"west": {"uv": [0.24427, 13.65496, 0.39084, 13.80153], "texture": "#0"},
				"up": {"uv": [0.24427, 13.65496, 0.39084, 13.80153], "texture": "#0"},
				"down": {"uv": [0.24427, 13.65496, 0.39084, 13.80153], "texture": "#0"}
			}
		},
		{
			"from": [20, -2, 5],
			"to": [21, 11, 6],
			"faces": {
				"north": {"uv": [0.24427, 13.65496, 0.39084, 13.80153], "texture": "#0"},
				"east": {"uv": [0.24427, 13.65496, 0.39084, 13.80153], "texture": "#0"},
				"south": {"uv": [0.24427, 13.65496, 0.39084, 13.80153], "texture": "#0"},
				"west": {"uv": [0.24427, 13.65496, 0.39084, 13.80153], "texture": "#0"},
				"up": {"uv": [0.24427, 13.65496, 0.39084, 13.80153], "texture": "#0"},
				"down": {"uv": [0.24427, 13.65496, 0.39084, 13.80153], "texture": "#0"}
			}
		},
		{
			"from": [-9, 7.75, 5],
			"to": [-8.5, 9, 6],
			"rotation": {"angle": -22.5, "axis": "z", "origin": [0.5, 0.5, 0.5]},
			"faces": {
				"north": {"uv": [0.24427, 13.65496, 0.39084, 13.80153], "texture": "#0"},
				"east": {"uv": [0.24427, 13.65496, 0.39084, 13.80153], "texture": "#0"},
				"south": {"uv": [0.24427, 13.65496, 0.39084, 13.80153], "texture": "#0"},
				"west": {"uv": [0.24427, 13.65496, 0.39084, 13.80153], "texture": "#0"},
				"up": {"uv": [0.24427, 13.65496, 0.39084, 13.80153], "texture": "#0"},
				"down": {"uv": [0.24427, 13.65496, 0.39084, 13.80153], "texture": "#0"}
			}
		},
		{
			"from": [22.54264, 7.0786, 5],
			"to": [23.04264, 8.3286, 6],
			"rotation": {"angle": 22.5, "axis": "z", "origin": [12.29264, 2.5161, 5.5]},
			"faces": {
				"north": {"uv": [0.24427, 13.65496, 0.39084, 13.80153], "texture": "#0"},
				"east": {"uv": [0.24427, 13.65496, 0.39084, 13.80153], "texture": "#0"},
				"south": {"uv": [0.24427, 13.65496, 0.39084, 13.80153], "texture": "#0"},
				"west": {"uv": [0.24427, 13.65496, 0.39084, 13.80153], "texture": "#0"},
				"up": {"uv": [0.24427, 13.65496, 0.39084, 13.80153], "texture": "#0"},
				"down": {"uv": [0.24427, 13.65496, 0.39084, 13.80153], "texture": "#0"}
			}
		}
	],
	"display": {
		"thirdperson_righthand": {
			"translation": [0, 0, 1],
			"scale": [0.26, 0.26, 0.26]
		},
		"thirdperson_lefthand": {
			"translation": [0, 0, 1],
			"scale": [0.26, 0.26, 0.26]
		},
		"firstperson_righthand": {
			"scale": [0.26, 0.26, 0.26]
		},
		"firstperson_lefthand": {
			"scale": [0.26, 0.26, 0.26]
		},
		"ground": {
			"scale": [0.26, 0.26, 0.26]
		},
		"gui": {
			"translation": [0.5, -2, 0],
			"scale": [0.37, 0.37, 0.37]
		},
		"head": {
			"translation": [0.5, 4.75, -2.75],
			"scale": [0.53, 0.53, 0.53]
		},
		"fixed": {
			"translation": [0.25, -1.75, 0],
			"scale": [0.58, 0.58, 0.58]
		}
	}
}
