{
	"credit": "Made with Blockbench",
	"textures": {
		"5": "custom/h20_texture",
		"7": "block/nether_bricks",
		"9": "block/glowstone",
		"particle": "custom/h20_texture"
	},
	"elements": [
		{
			"from": [6.9392, 7.1892, -0.6064],
			"to": [9.0608, 8.8108, 0.7044],
			"faces": {
				"north": {"uv": [1, 4, 11.21, 6.644], "texture": "#9"},
				"east": {"uv": [4.5, 1, 5, 1.5], "texture": "#9"},
				"south": {"uv": [6.5, 1, 7.5, 1.5], "texture": "#9"},
				"west": {"uv": [6, 1, 6.5, 1.5], "texture": "#9"},
				"up": {"uv": [6, 1, 5, 0.5], "texture": "#9"},
				"down": {"uv": [7, 0.5, 6, 1], "texture": "#9"}
			}
		},
		{
			"from": [6.9392, 8.6892, -0.3564],
			"to": [9.0608, 9.0608, 0.7044],
			"faces": {
				"north": {"uv": [1, 4, 11.21, 6.644], "texture": "#9"},
				"east": {"uv": [4.5, 3, 5, 3.5], "texture": "#9"},
				"south": {"uv": [6.5, 3, 7.5, 3.5], "texture": "#9"},
				"west": {"uv": [6, 3, 6.5, 3.5], "texture": "#9"},
				"up": {"uv": [6, 3, 5, 2.5], "texture": "#9"},
				"down": {"uv": [7, 2.5, 6, 3], "texture": "#9"}
			}
		},
		{
			"from": [6.93997, 7.37616, -0.90053],
			"to": [9.06157, 7.74776, -0.58973],
			"rotation": {"angle": 45, "axis": "x", "origin": [8.00077, 7.74776, 0.95587]},
			"faces": {
				"north": {"uv": [1, 4, 11.21, 6.644], "texture": "#9"},
				"east": {"uv": [4, 6, 4.5, 6.5], "texture": "#9"},
				"south": {"uv": [6, 6, 7, 6.5], "texture": "#9"},
				"west": {"uv": [5.5, 6, 6, 6.5], "texture": "#9"},
				"up": {"uv": [5.5, 6, 4.5, 5.5], "texture": "#9"},
				"down": {"uv": [6.5, 5.5, 5.5, 6], "texture": "#9"}
			}
		},
		{
			"from": [6.93997, 8.00224, -0.65053],
			"to": [9.06157, 8.62384, -0.58973],
			"rotation": {"angle": -45, "axis": "x", "origin": [8.00077, 8.25224, 0.95587]},
			"faces": {
				"north": {"uv": [1, 4, 11.21, 6.644], "texture": "#9"},
				"east": {"uv": [4.5, 4, 5, 4.5], "texture": "#9"},
				"south": {"uv": [6.5, 4, 7.5, 4.5], "texture": "#9"},
				"west": {"uv": [6, 4, 6.5, 4.5], "texture": "#9"},
				"up": {"uv": [6, 4, 5, 3.5], "texture": "#9"},
				"down": {"uv": [7, 3.5, 6, 4], "texture": "#9"}
			}
		},
		{
			"from": [6.9392, 6.9392, -0.3564],
			"to": [9.0608, 7.3108, 0.7044],
			"faces": {
				"north": {"uv": [1, 4, 11.21, 6.644], "texture": "#9"},
				"east": {"uv": [4.5, 2, 5, 2.5], "texture": "#9"},
				"south": {"uv": [6.5, 2, 7.5, 2.5], "texture": "#9"},
				"west": {"uv": [6, 2, 6.5, 2.5], "texture": "#9"},
				"up": {"uv": [6, 2, 5, 1.5], "texture": "#9"},
				"down": {"uv": [7, 1.5, 6, 2], "texture": "#9"}
			}
		},
		{
			"from": [18.75958, 14.40262, -0.59409],
			"to": [20.35078, 18.64582, 0.46671],
			"rotation": {"angle": 45, "axis": "z", "origin": [21.14638, -4.16138, 7.89231]},
			"faces": {
				"north": {"uv": [1, 4, 11.21, 6.644], "texture": "#9"},
				"east": {"uv": [2, 5.5, 2.5, 7.5], "texture": "#9"},
				"south": {"uv": [3.5, 5.5, 4, 7.5], "texture": "#9"},
				"west": {"uv": [3, 5.5, 3.5, 7.5], "texture": "#9"},
				"up": {"uv": [3, 5.5, 2.5, 5], "texture": "#9"},
				"down": {"uv": [3.5, 5, 3, 5.5], "texture": "#9"}
			}
		},
		{
			"from": [-4.35078, 14.40262, -0.59409],
			"to": [-2.75958, 18.64582, 0.46671],
			"rotation": {"angle": -45, "axis": "z", "origin": [-5.14638, -4.16138, 7.89231]},
			"faces": {
				"north": {"uv": [1, 4, 11.21, 6.644], "texture": "#9"},
				"east": {"uv": [0, 5.5, 0.5, 7.5], "texture": "#9"},
				"south": {"uv": [1.5, 5.5, 2, 7.5], "texture": "#9"},
				"west": {"uv": [1, 5.5, 1.5, 7.5], "texture": "#9"},
				"up": {"uv": [1, 5.5, 0.5, 5], "texture": "#9"},
				"down": {"uv": [1.5, 5, 1, 5.5], "texture": "#9"}
			}
		},
		{
			"from": [7.08665, 1.05147, -0.59634],
			"to": [11.32985, 2.64267, 0.46446],
			"rotation": {"angle": 22.5, "axis": "z", "origin": [-7.23415, 9.80307, 7.89006]},
			"faces": {
				"north": {"uv": [1, 4, 11.21, 6.644], "texture": "#9"},
				"east": {"uv": [4.5, 5, 5, 5.5], "texture": "#9"},
				"south": {"uv": [7.5, 5, 9.5, 5.5], "texture": "#9"},
				"west": {"uv": [7, 5, 7.5, 5.5], "texture": "#9"},
				"up": {"uv": [7, 5, 5, 4.5], "texture": "#9"},
				"down": {"uv": [9, 4.5, 7, 5], "texture": "#9"}
			}
		},
		{
			"from": [4.67015, 1.05147, -0.59634],
			"to": [8.91335, 2.64267, 0.46446],
			"rotation": {"angle": -22.5, "axis": "z", "origin": [23.23415, 9.80307, 7.89006]},
			"faces": {
				"north": {"uv": [1, 4, 11.21, 6.644], "texture": "#9"},
				"east": {"uv": [0, 4.5, 0.5, 5], "texture": "#9"},
				"south": {"uv": [3, 4.5, 5, 5], "texture": "#9"},
				"west": {"uv": [2.5, 4.5, 3, 5], "texture": "#9"},
				"up": {"uv": [2.5, 4.5, 0.5, 4], "texture": "#9"},
				"down": {"uv": [4.5, 4, 2.5, 4.5], "texture": "#9"}
			}
		},
		{
			"from": [9.01784, 7.24446, -0.6054],
			"to": [13.26104, 8.83566, 0.4554],
			"faces": {
				"north": {"uv": [1, 4, 11.21, 6.644], "texture": "#9"},
				"east": {"uv": [0, 3.5, 0.5, 4], "texture": "#9"},
				"south": {"uv": [3, 3.5, 5, 4], "texture": "#9"},
				"west": {"uv": [2.5, 3.5, 3, 4], "texture": "#9"},
				"up": {"uv": [2.5, 3.5, 0.5, 3], "texture": "#9"},
				"down": {"uv": [4.5, 3, 2.5, 3.5], "texture": "#9"}
			}
		},
		{
			"from": [2.73896, 7.24446, -0.6054],
			"to": [6.98216, 8.83566, 0.4554],
			"faces": {
				"north": {"uv": [1, 4, 11.21, 6.644], "texture": "#9"},
				"east": {"uv": [0, 2.5, 0.5, 3], "texture": "#9"},
				"south": {"uv": [3, 2.5, 5, 3], "texture": "#9"},
				"west": {"uv": [2.5, 2.5, 3, 3], "texture": "#9"},
				"up": {"uv": [2.5, 2.5, 0.5, 2], "texture": "#9"},
				"down": {"uv": [4.5, 2, 2.5, 2.5], "texture": "#9"}
			}
		},
		{
			"from": [12.38498, 6.95496, -0.61134],
			"to": [16.62818, 8.79616, 0.44946],
			"rotation": {"angle": -22.5, "axis": "z", "origin": [11.05898, 16.48696, 7.87506]},
			"faces": {
				"north": {"uv": [1, 4, 11.21, 6.644], "texture": "#9"},
				"east": {"uv": [0, 1.5, 0.5, 2], "texture": "#9"},
				"south": {"uv": [3, 1.5, 5, 2], "texture": "#9"},
				"west": {"uv": [2.5, 1.5, 3, 2], "texture": "#9"},
				"up": {"uv": [2.5, 1.5, 0.5, 1], "texture": "#9"},
				"down": {"uv": [4.5, 1, 2.5, 1.5], "texture": "#9"}
			}
		},
		{
			"from": [-0.62818, 6.95496, -0.61134],
			"to": [3.61502, 8.79616, 0.44946],
			"rotation": {"angle": 22.5, "axis": "z", "origin": [4.94102, 16.48696, 7.87506]},
			"faces": {
				"north": {"uv": [1, 4, 11.21, 6.644], "texture": "#9"},
				"east": {"uv": [0, 0.5, 0.5, 1], "texture": "#9"},
				"south": {"uv": [3, 0.5, 5, 1], "texture": "#9"},
				"west": {"uv": [2.5, 0.5, 3, 1], "texture": "#9"},
				"up": {"uv": [2.5, 0.5, 0.5, 0], "texture": "#9"},
				"down": {"uv": [4.5, 0, 2.5, 0.5], "texture": "#9"}
			}
		},
		{
			"name": "hexadecagon",
			"from": [13.30381, 5.5, 0.5],
			"to": [14.69619, 12.5, 1.5],
			"rotation": {"angle": 45, "axis": "z", "origin": [14, 9, 1]},
			"faces": {
				"north": {"uv": [0, 0, 1.096, 1.475], "texture": "#7"},
				"east": {"uv": [9.267, 12.322, 16, 16], "texture": "#7"},
				"south": {"uv": [1.5, 7.5, 2, 11], "texture": "#7"},
				"west": {"uv": [1, 7.5, 1.5, 11], "texture": "#7"},
				"up": {"uv": [1, 7.5, 0.5, 7], "texture": "#7"},
				"down": {"uv": [1.5, 7, 1, 7.5], "texture": "#7"}
			}
		},
		{
			"name": "hexadecagon",
			"from": [13.30381, 5.5, 0.5],
			"to": [14.69619, 12.5, 1.5],
			"rotation": {"angle": 22.5, "axis": "z", "origin": [14, 9, 1]},
			"faces": {
				"north": {"uv": [0, 0, 1.096, 1.475], "texture": "#7"},
				"east": {"uv": [9.267, 12.322, 16, 16], "texture": "#7"},
				"south": {"uv": [7.5, 6.5, 8, 10], "texture": "#7"},
				"west": {"uv": [7, 6.5, 7.5, 10], "texture": "#7"},
				"up": {"uv": [7, 6.5, 6.5, 6], "texture": "#7"},
				"down": {"uv": [7.5, 6, 7, 6.5], "texture": "#7"}
			}
		},
		{
			"name": "hexadecagon",
			"from": [13.30381, 5.5, 0.5],
			"to": [14.69619, 12.5, 1.5],
			"faces": {
				"north": {"uv": [0, 0, 1.096, 1.475], "texture": "#7"},
				"east": {"uv": [9.267, 12.322, 16, 16], "texture": "#7"},
				"south": {"uv": [5.5, 4.5, 6, 8], "texture": "#7"},
				"west": {"uv": [5, 4.5, 5.5, 8], "texture": "#7"},
				"up": {"uv": [5, 4.5, 4.5, 4], "texture": "#7"},
				"down": {"uv": [5.5, 4, 5, 4.5], "texture": "#7"}
			}
		},
		{
			"name": "hexadecagon",
			"from": [13.30381, 5.5, 0.5],
			"to": [14.69619, 12.5, 1.5],
			"rotation": {"angle": -22.5, "axis": "z", "origin": [14, 9, 1]},
			"faces": {
				"north": {"uv": [0, 0, 1.096, 1.475], "texture": "#7"},
				"east": {"uv": [9.267, 12.322, 16, 16], "texture": "#7"},
				"south": {"uv": [3.5, 3.5, 4, 7], "texture": "#7"},
				"west": {"uv": [3, 3.5, 3.5, 7], "texture": "#7"},
				"up": {"uv": [3, 3.5, 2.5, 3], "texture": "#7"},
				"down": {"uv": [3.5, 3, 3, 3.5], "texture": "#7"}
			}
		},
		{
			"name": "hexadecagon",
			"from": [13.30381, 5.5, 0.5],
			"to": [14.69619, 12.5, 1.5],
			"rotation": {"angle": -45, "axis": "z", "origin": [14, 9, 1]},
			"faces": {
				"north": {"uv": [0, 0, 1.096, 1.475], "texture": "#7"},
				"east": {"uv": [9.267, 12.322, 16, 16], "texture": "#7"},
				"south": {"uv": [1.5, 3.5, 2, 7], "texture": "#7"},
				"west": {"uv": [1, 3.5, 1.5, 7], "texture": "#7"},
				"up": {"uv": [1, 3.5, 0.5, 3], "texture": "#7"},
				"down": {"uv": [1.5, 3, 1, 3.5], "texture": "#7"}
			}
		},
		{
			"name": "hexadecagon",
			"from": [10.5, 8.30381, 0.5],
			"to": [17.5, 9.69619, 1.5],
			"rotation": {"angle": 22.5, "axis": "z", "origin": [14, 9, 1]},
			"faces": {
				"north": {"uv": [0, 0, 1.096, 1.475], "texture": "#7"},
				"east": {"uv": [9.267, 12.322, 16, 16], "texture": "#7"},
				"south": {"uv": [4.5, 2.5, 8, 3], "texture": "#7"},
				"west": {"uv": [4, 2.5, 4.5, 3], "texture": "#7"},
				"up": {"uv": [4, 2.5, 0.5, 2], "texture": "#7"},
				"down": {"uv": [7.5, 2, 4, 2.5], "texture": "#7"}
			}
		},
		{
			"name": "hexadecagon",
			"from": [10.5, 8.30381, 0.5],
			"to": [17.5, 9.69619, 1.5],
			"faces": {
				"north": {"uv": [0, 0, 1.096, 1.475], "texture": "#7"},
				"east": {"uv": [9.267, 12.322, 16, 16], "texture": "#7"},
				"south": {"uv": [4.5, 1.5, 8, 2], "texture": "#7"},
				"west": {"uv": [4, 1.5, 4.5, 2], "texture": "#7"},
				"up": {"uv": [4, 1.5, 0.5, 1], "texture": "#7"},
				"down": {"uv": [7.5, 1, 4, 1.5], "texture": "#7"}
			}
		},
		{
			"name": "hexadecagon",
			"from": [10.5, 8.30381, 0.5],
			"to": [17.5, 9.69619, 1.5],
			"rotation": {"angle": -22.5, "axis": "z", "origin": [14, 9, 1]},
			"faces": {
				"north": {"uv": [0, 0, 1.096, 1.475], "texture": "#7"},
				"east": {"uv": [9.267, 12.322, 16, 16], "texture": "#7"},
				"south": {"uv": [4.5, 0.5, 8, 1], "texture": "#7"},
				"west": {"uv": [4, 0.5, 4.5, 1], "texture": "#7"},
				"up": {"uv": [4, 0.5, 0.5, 0], "texture": "#7"},
				"down": {"uv": [7.5, 0, 4, 0.5], "texture": "#7"}
			}
		},
		{
			"name": "hexadecagon",
			"from": [10.55381, 5.5, 0.49],
			"to": [17.44619, 12.5, 0.49],
			"faces": {
				"north": {"uv": [0, 0, 15.985, 15.986], "texture": "#5"},
				"east": {"uv": [9.267, 12.322, 16, 16], "texture": "#7"},
				"west": {"uv": [5, 4.5, 5.5, 8], "texture": "#7"},
				"up": {"uv": [5, 4.5, 4.5, 4], "texture": "#7"},
				"down": {"uv": [5.5, 4, 5, 4.5], "texture": "#7"}
			}
		},
		{
			"name": "hexadecagon",
			"from": [10.55381, 5.5, 1.51],
			"to": [17.44619, 12.5, 1.51],
			"faces": {
				"east": {"uv": [5, 4.5, 5.5, 8], "texture": "#7"},
				"south": {"uv": [0, 0, 15.985, 15.986], "texture": "#5"},
				"west": {"uv": [9.267, 12.322, 16, 16], "texture": "#7"},
				"up": {"uv": [5, 4.5, 4.5, 4], "rotation": 180, "texture": "#7"},
				"down": {"uv": [5.5, 4, 5, 4.5], "rotation": 180, "texture": "#7"}
			}
		},
		{
			"name": "hexadecagon",
			"from": [1.30381, 5.5, 0.5],
			"to": [2.69619, 12.5, 1.5],
			"rotation": {"angle": -45, "axis": "z", "origin": [2, 9, 1]},
			"faces": {
				"north": {"uv": [1.096, 0, 0, 1.475], "texture": "#7"},
				"east": {"uv": [1.5, 7.5, 1, 11], "texture": "#7"},
				"south": {"uv": [2, 7.5, 1.5, 11], "texture": "#7"},
				"west": {"uv": [16, 12.322, 9.267, 16], "texture": "#7"},
				"up": {"uv": [0.5, 7.5, 1, 7], "texture": "#7"},
				"down": {"uv": [1, 7, 1.5, 7.5], "texture": "#7"}
			}
		},
		{
			"name": "hexadecagon",
			"from": [1.30381, 5.5, 0.5],
			"to": [2.69619, 12.5, 1.5],
			"rotation": {"angle": -22.5, "axis": "z", "origin": [2, 9, 1]},
			"faces": {
				"north": {"uv": [1.096, 0, 0, 1.475], "texture": "#7"},
				"east": {"uv": [7.5, 6.5, 7, 10], "texture": "#7"},
				"south": {"uv": [8, 6.5, 7.5, 10], "texture": "#7"},
				"west": {"uv": [16, 12.322, 9.267, 16], "texture": "#7"},
				"up": {"uv": [6.5, 6.5, 7, 6], "texture": "#7"},
				"down": {"uv": [7, 6, 7.5, 6.5], "texture": "#7"}
			}
		},
		{
			"name": "hexadecagon",
			"from": [1.30381, 5.5, 0.5],
			"to": [2.69619, 12.5, 1.5],
			"faces": {
				"north": {"uv": [1.096, 0, 0, 1.475], "texture": "#7"},
				"east": {"uv": [5.5, 4.5, 5, 8], "texture": "#7"},
				"south": {"uv": [6, 4.5, 5.5, 8], "texture": "#7"},
				"west": {"uv": [16, 12.322, 9.267, 16], "texture": "#7"},
				"up": {"uv": [4.5, 4.5, 5, 4], "texture": "#7"},
				"down": {"uv": [5, 4, 5.5, 4.5], "texture": "#7"}
			}
		},
		{
			"name": "hexadecagon",
			"from": [1.30381, 5.5, 0.5],
			"to": [2.69619, 12.5, 1.5],
			"rotation": {"angle": 22.5, "axis": "z", "origin": [2, 9, 1]},
			"faces": {
				"north": {"uv": [1.096, 0, 0, 1.475], "texture": "#7"},
				"east": {"uv": [3.5, 3.5, 3, 7], "texture": "#7"},
				"south": {"uv": [4, 3.5, 3.5, 7], "texture": "#7"},
				"west": {"uv": [16, 12.322, 9.267, 16], "texture": "#7"},
				"up": {"uv": [2.5, 3.5, 3, 3], "texture": "#7"},
				"down": {"uv": [3, 3, 3.5, 3.5], "texture": "#7"}
			}
		},
		{
			"name": "hexadecagon",
			"from": [1.30381, 5.5, 0.5],
			"to": [2.69619, 12.5, 1.5],
			"rotation": {"angle": 45, "axis": "z", "origin": [2, 9, 1]},
			"faces": {
				"north": {"uv": [1.096, 0, 0, 1.475], "texture": "#7"},
				"east": {"uv": [1.5, 3.5, 1, 7], "texture": "#7"},
				"south": {"uv": [2, 3.5, 1.5, 7], "texture": "#7"},
				"west": {"uv": [16, 12.322, 9.267, 16], "texture": "#7"},
				"up": {"uv": [0.5, 3.5, 1, 3], "texture": "#7"},
				"down": {"uv": [1, 3, 1.5, 3.5], "texture": "#7"}
			}
		},
		{
			"name": "hexadecagon",
			"from": [-1.5, 8.30381, 0.5],
			"to": [5.5, 9.69619, 1.5],
			"rotation": {"angle": -22.5, "axis": "z", "origin": [2, 9, 1]},
			"faces": {
				"north": {"uv": [1.096, 0, 0, 1.475], "texture": "#7"},
				"east": {"uv": [4.5, 2.5, 4, 3], "texture": "#7"},
				"south": {"uv": [8, 2.5, 4.5, 3], "texture": "#7"},
				"west": {"uv": [16, 12.322, 9.267, 16], "texture": "#7"},
				"up": {"uv": [0.5, 2.5, 4, 2], "texture": "#7"},
				"down": {"uv": [4, 2, 7.5, 2.5], "texture": "#7"}
			}
		},
		{
			"name": "hexadecagon",
			"from": [-1.5, 8.30381, 0.5],
			"to": [5.5, 9.69619, 1.5],
			"faces": {
				"north": {"uv": [1.096, 0, 0, 1.475], "texture": "#7"},
				"east": {"uv": [4.5, 1.5, 4, 2], "texture": "#7"},
				"south": {"uv": [8, 1.5, 4.5, 2], "texture": "#7"},
				"west": {"uv": [16, 12.322, 9.267, 16], "texture": "#7"},
				"up": {"uv": [0.5, 1.5, 4, 1], "texture": "#7"},
				"down": {"uv": [4, 1, 7.5, 1.5], "texture": "#7"}
			}
		},
		{
			"name": "hexadecagon",
			"from": [-1.5, 8.30381, 0.5],
			"to": [5.5, 9.69619, 1.5],
			"rotation": {"angle": 22.5, "axis": "z", "origin": [2, 9, 1]},
			"faces": {
				"north": {"uv": [1.096, 0, 0, 1.475], "texture": "#7"},
				"east": {"uv": [4.5, 0.5, 4, 1], "texture": "#7"},
				"south": {"uv": [8, 0.5, 4.5, 1], "texture": "#7"},
				"west": {"uv": [16, 12.322, 9.267, 16], "texture": "#7"},
				"up": {"uv": [0.5, 0.5, 4, 0], "texture": "#7"},
				"down": {"uv": [4, 0, 7.5, 0.5], "texture": "#7"}
			}
		},
		{
			"name": "hexadecagon",
			"from": [-1.44619, 5.5, 0.49],
			"to": [5.44619, 12.5, 0.49],
			"faces": {
				"north": {"uv": [15.985, 0, 0, 15.986], "texture": "#5"},
				"east": {"uv": [5.5, 4.5, 5, 8], "texture": "#7"},
				"west": {"uv": [16, 12.322, 9.267, 16], "texture": "#7"},
				"up": {"uv": [4.5, 4.5, 5, 4], "texture": "#7"},
				"down": {"uv": [5, 4, 5.5, 4.5], "texture": "#7"}
			}
		},
		{
			"name": "hexadecagon",
			"from": [-1.44619, 5.5, 1.51],
			"to": [5.44619, 12.5, 1.51],
			"faces": {
				"east": {"uv": [16, 12.322, 9.267, 16], "texture": "#7"},
				"south": {"uv": [15.985, 0, 0, 15.986], "texture": "#5"},
				"west": {"uv": [5.5, 4.5, 5, 8], "texture": "#7"},
				"up": {"uv": [4.5, 4.5, 5, 4], "rotation": 180, "texture": "#7"},
				"down": {"uv": [5, 4, 5.5, 4.5], "rotation": 180, "texture": "#7"}
			}
		}
	],
	"display": {
		"thirdperson_righthand": {
			"translation": [0, 0, 7]
		},
		"thirdperson_lefthand": {
			"translation": [0, 0, 7.75]
		},
		"gui": {
			"rotation": [0, -180, 0],
			"translation": [0.5, 0, 0],
			"scale": [0.75, 0.83, 1]
		},
		"head": {
			"translation": [0, 8.5, 4]
		},
		"fixed": {
			"translation": [0, 0, 6.25]
		}
	},
	"groups": [
		{
			"name": "group",
			"origin": [8, 8, 8],
			"children": [0, 1, 2, 3, 4, 5, 6, 7, 8, 9, 10, 11, 12]
		},
		{
			"name": "hexadecagon",
			"origin": [8, 8, 8],
			"children": [13, 14, 15, 16, 17, 18, 19, 20, 21, 22]
		},
		{
			"name": "hexadecagon",
			"origin": [8, 8, 8],
			"children": [23, 24, 25, 26, 27, 28, 29, 30, 31, 32]
		}
	]
}