{
	"credit": "Made with Blockbench",
	"textures": {
		"1": "custom/incredibles_logo",
		"particle": "custom/incredibles_logo"
	},
	"elements": [
		{
			"name": "octagon",
			"from": [5.51472, 0, 2],
			"to": [10.48528, 3, 2.5],
			"rotation": {"angle": 45, "axis": "y", "origin": [8, 0.5, 8]},
			"faces": {
				"north": {"uv": [0.75, 6, 1.25, 6.5], "texture": "#1"},
				"east": {"uv": [0.75, 6, 1.25, 6.5], "texture": "#1"},
				"south": {"uv": [0.75, 6, 1.25, 6.5], "texture": "#1"},
				"west": {"uv": [0.75, 6, 1.25, 6.5], "texture": "#1"},
				"up": {"uv": [0.75, 6, 1.25, 6.5], "texture": "#1"},
				"down": {"uv": [10.25, 7.625, 10.75, 8.125], "texture": "#1"}
			}
		},
		{
			"name": "octagon",
			"from": [5.51472, 0, 2],
			"to": [10.48528, 3, 2.5],
			"rotation": {"angle": 0, "axis": "y", "origin": [8, 0.5, 8]},
			"faces": {
				"north": {"uv": [0.75, 6, 1.25, 6.5], "texture": "#1"},
				"east": {"uv": [0.75, 6, 1.25, 6.5], "texture": "#1"},
				"south": {"uv": [0.75, 6, 1.25, 6.5], "texture": "#1"},
				"west": {"uv": [0.75, 6, 1.25, 6.5], "texture": "#1"},
				"up": {"uv": [0.75, 6, 1.25, 6.5], "texture": "#1"},
				"down": {"uv": [10.25, 7.625, 10.75, 8.125], "texture": "#1"}
			}
		},
		{
			"name": "octagon",
			"from": [5.51472, 0, 10.5],
			"to": [10.48528, 3, 14],
			"rotation": {"angle": 45, "axis": "y", "origin": [8, 0.5, 8]},
			"faces": {
				"north": {"uv": [0.75, 6, 1.25, 6.5], "texture": "#1"},
				"east": {"uv": [0.75, 6, 1.25, 6.5], "texture": "#1"},
				"south": {"uv": [0.75, 6, 1.25, 6.5], "texture": "#1"},
				"west": {"uv": [0.75, 6, 1.25, 6.5], "texture": "#1"},
				"up": {"uv": [0.75, 6, 1.25, 6.5], "texture": "#1"},
				"down": {"uv": [0.75, 6, 1.25, 6.5], "texture": "#1"}
			}
		},
		{
			"name": "octagon",
			"from": [5.51472, 0, 9.5],
			"to": [10.48528, 3, 14],
			"rotation": {"angle": 0, "axis": "y", "origin": [8, 0.5, 8]},
			"faces": {
				"north": {"uv": [0.75, 6, 1.25, 6.5], "texture": "#1"},
				"east": {"uv": [0.75, 6, 1.25, 6.5], "texture": "#1"},
				"south": {"uv": [0.75, 6, 1.25, 6.5], "texture": "#1"},
				"west": {"uv": [0.75, 6, 1.25, 6.5], "texture": "#1"},
				"up": {"uv": [0.75, 6, 1.25, 6.5], "texture": "#1"},
				"down": {"uv": [0.75, 6, 1.25, 6.5], "texture": "#1"}
			}
		},
		{
			"name": "octagon",
			"from": [5.51472, 0.66584, 13.76538],
			"to": [10.48528, 1.66584, 14.26538],
			"rotation": {"angle": -22.5, "axis": "x", "origin": [8, 1.16584, 8.26538]},
			"faces": {
				"north": {"uv": [0.75, 6, 1.25, 6.5], "texture": "#1"},
				"east": {"uv": [0.75, 6, 1.25, 6.5], "texture": "#1"},
				"south": {"uv": [0.75, 6, 1.25, 6.5], "texture": "#1"},
				"west": {"uv": [0.75, 6, 1.25, 6.5], "texture": "#1"},
				"up": {"uv": [0.75, 6, 1.25, 6.5], "texture": "#1"},
				"down": {"uv": [0.75, 6, 1.25, 6.5], "texture": "#1"}
			}
		},
		{
			"name": "octagon",
			"from": [1.73462, 0.66584, 5.51472],
			"to": [2.23462, 1.66584, 10.48528],
			"rotation": {"angle": -22.5, "axis": "z", "origin": [7.73462, 1.16584, 8]},
			"faces": {
				"north": {"uv": [0.75, 6, 1.25, 6.5], "texture": "#1"},
				"east": {"uv": [0.75, 6, 1.25, 6.5], "texture": "#1"},
				"south": {"uv": [0.75, 6, 1.25, 6.5], "texture": "#1"},
				"west": {"uv": [0.75, 6, 1.25, 6.5], "texture": "#1"},
				"up": {"uv": [0.75, 6, 1.25, 6.5], "texture": "#1"},
				"down": {"uv": [0.75, 6, 1.25, 6.5], "texture": "#1"}
			}
		},
		{
			"name": "octagon",
			"from": [5.51472, 0.66584, 1.73462],
			"to": [10.48528, 1.66584, 2.23462],
			"rotation": {"angle": 22.5, "axis": "x", "origin": [8, 1.16584, 7.73462]},
			"faces": {
				"north": {"uv": [0.75, 6, 1.25, 6.5], "texture": "#1"},
				"east": {"uv": [0.75, 6, 1.25, 6.5], "texture": "#1"},
				"south": {"uv": [0.75, 6, 1.25, 6.5], "texture": "#1"},
				"west": {"uv": [0.75, 6, 1.25, 6.5], "texture": "#1"},
				"up": {"uv": [0.75, 6, 1.25, 6.5], "texture": "#1"},
				"down": {"uv": [0.75, 6, 1.25, 6.5], "texture": "#1"}
			}
		},
		{
			"name": "octagon",
			"from": [13.76538, 0.66584, 5.51472],
			"to": [14.26538, 1.66584, 10.48528],
			"rotation": {"angle": 22.5, "axis": "z", "origin": [8.26538, 1.16584, 8]},
			"faces": {
				"north": {"uv": [1.25, 6.75, 0.75, 7.25], "texture": "#1"},
				"east": {"uv": [1.25, 6.75, 0.75, 7.25], "texture": "#1"},
				"south": {"uv": [1.25, 6.75, 0.75, 7.25], "texture": "#1"},
				"west": {"uv": [1.25, 6.75, 0.75, 7.25], "texture": "#1"},
				"up": {"uv": [1.25, 6.75, 0.75, 7.25], "texture": "#1"},
				"down": {"uv": [1.25, 6.75, 0.75, 7.25], "texture": "#1"}
			}
		},
		{
			"name": "octagon",
			"from": [5.51472, 5.53479, 7.52112],
			"to": [10.48528, 6.03479, 9.52112],
			"rotation": {"angle": 45, "axis": "x", "origin": [8, 0.03479, 9.02112]},
			"faces": {
				"north": {"uv": [0.75, 6, 1.25, 6.5], "texture": "#1"},
				"east": {"uv": [0.75, 6, 1.25, 6.5], "texture": "#1"},
				"south": {"uv": [0.75, 6, 1.25, 6.5], "texture": "#1"},
				"west": {"uv": [0.75, 6, 1.25, 6.5], "texture": "#1"},
				"up": {"uv": [0.75, 6, 1.25, 6.5], "texture": "#1"},
				"down": {"uv": [0.75, 6, 1.25, 6.5], "texture": "#1"}
			}
		},
		{
			"name": "octagon",
			"from": [6.47888, 5.53479, 5.51472],
			"to": [8.47888, 6.03479, 10.48528],
			"rotation": {"angle": 45, "axis": "z", "origin": [6.97888, 0.03479, 8]},
			"faces": {
				"north": {"uv": [0.75, 6, 1.25, 6.5], "rotation": 90, "texture": "#1"},
				"east": {"uv": [0.75, 6, 1.25, 6.5], "rotation": 90, "texture": "#1"},
				"south": {"uv": [0.75, 6, 1.25, 6.5], "rotation": 90, "texture": "#1"},
				"west": {"uv": [0.75, 6, 1.25, 6.5], "rotation": 90, "texture": "#1"},
				"up": {"uv": [0.75, 6, 1.25, 6.5], "rotation": 90, "texture": "#1"},
				"down": {"uv": [0.75, 6, 1.25, 6.5], "rotation": 90, "texture": "#1"}
			}
		},
		{
			"name": "octagon",
			"from": [5.51472, 5.53479, 6.47888],
			"to": [10.48528, 6.03479, 8.47888],
			"rotation": {"angle": -45, "axis": "x", "origin": [8, 0.03479, 6.97888]},
			"faces": {
				"north": {"uv": [0.75, 6, 1.25, 6.5], "rotation": 180, "texture": "#1"},
				"east": {"uv": [0.75, 6, 1.25, 6.5], "rotation": 180, "texture": "#1"},
				"south": {"uv": [0.75, 6, 1.25, 6.5], "rotation": 180, "texture": "#1"},
				"west": {"uv": [0.75, 6, 1.25, 6.5], "rotation": 180, "texture": "#1"},
				"up": {"uv": [0.75, 6, 1.25, 6.5], "rotation": 180, "texture": "#1"},
				"down": {"uv": [0.75, 6, 1.25, 6.5], "rotation": 180, "texture": "#1"}
			}
		},
		{
			"name": "octagon",
			"from": [7.52112, 5.53479, 5.51472],
			"to": [9.52112, 6.03479, 10.48528],
			"rotation": {"angle": -45, "axis": "z", "origin": [9.02112, 0.03479, 8]},
			"faces": {
				"north": {"uv": [0.75, 6, 1.25, 6.5], "rotation": 90, "texture": "#1"},
				"east": {"uv": [0.75, 6, 1.25, 6.5], "rotation": 90, "texture": "#1"},
				"south": {"uv": [0.75, 6, 1.25, 6.5], "rotation": 90, "texture": "#1"},
				"west": {"uv": [0.75, 6, 1.25, 6.5], "rotation": 90, "texture": "#1"},
				"up": {"uv": [0.75, 6, 1.25, 6.5], "rotation": 90, "texture": "#1"},
				"down": {"uv": [0.75, 6, 1.25, 6.5], "rotation": 90, "texture": "#1"}
			}
		},
		{
			"name": "octagon",
			"from": [5.51472, 5.48616, 8.08538],
			"to": [10.48528, 5.98695, 9.94506],
			"rotation": {"angle": 22.5, "axis": "x", "origin": [8, -0.01384, 9.44506]},
			"faces": {
				"north": {"uv": [0.75, 6, 1.25, 6.5], "texture": "#1"},
				"east": {"uv": [0.75, 6, 1.25, 6.5], "texture": "#1"},
				"south": {"uv": [0.75, 6, 1.25, 6.5], "texture": "#1"},
				"west": {"uv": [0.75, 6, 1.25, 6.5], "texture": "#1"},
				"up": {"uv": [0.75, 6, 1.25, 6.5], "texture": "#1"},
				"down": {"uv": [0.75, 6, 1.25, 6.5], "texture": "#1"}
			}
		},
		{
			"name": "octagon",
			"from": [6.05494, 5.48616, 5.51472],
			"to": [7.91462, 5.98695, 10.48528],
			"rotation": {"angle": 22.5, "axis": "z", "origin": [6.55494, -0.01384, 8]},
			"faces": {
				"north": {"uv": [0.75, 6, 1.25, 6.5], "rotation": 90, "texture": "#1"},
				"east": {"uv": [0.75, 6, 1.25, 6.5], "rotation": 90, "texture": "#1"},
				"south": {"uv": [0.75, 6, 1.25, 6.5], "rotation": 90, "texture": "#1"},
				"west": {"uv": [0.75, 6, 1.25, 6.5], "rotation": 90, "texture": "#1"},
				"up": {"uv": [0.75, 6, 1.25, 6.5], "rotation": 90, "texture": "#1"},
				"down": {"uv": [0.75, 6, 1.25, 6.5], "rotation": 90, "texture": "#1"}
			}
		},
		{
			"name": "octagon",
			"from": [5.51472, 5.48616, 6.05494],
			"to": [10.48528, 5.98695, 7.91462],
			"rotation": {"angle": -22.5, "axis": "x", "origin": [8, -0.01384, 6.55494]},
			"faces": {
				"north": {"uv": [0.75, 6, 1.25, 6.5], "rotation": 180, "texture": "#1"},
				"east": {"uv": [0.75, 6, 1.25, 6.5], "rotation": 180, "texture": "#1"},
				"south": {"uv": [0.75, 6, 1.25, 6.5], "rotation": 180, "texture": "#1"},
				"west": {"uv": [0.75, 6, 1.25, 6.5], "rotation": 180, "texture": "#1"},
				"up": {"uv": [0.75, 6, 1.25, 6.5], "rotation": 180, "texture": "#1"},
				"down": {"uv": [0.75, 6, 1.25, 6.5], "rotation": 180, "texture": "#1"}
			}
		},
		{
			"name": "octagon",
			"from": [8.08538, 5.48616, 5.51472],
			"to": [9.94506, 5.98695, 10.48528],
			"rotation": {"angle": -22.5, "axis": "z", "origin": [9.44506, -0.01384, 8]},
			"faces": {
				"north": {"uv": [0.75, 6, 1.25, 6.5], "rotation": 90, "texture": "#1"},
				"east": {"uv": [0.75, 6, 1.25, 6.5], "rotation": 90, "texture": "#1"},
				"south": {"uv": [0.75, 6, 1.25, 6.5], "rotation": 90, "texture": "#1"},
				"west": {"uv": [0.75, 6, 1.25, 6.5], "rotation": 90, "texture": "#1"},
				"up": {"uv": [0.75, 6, 1.25, 6.5], "rotation": 90, "texture": "#1"},
				"down": {"uv": [0.75, 6, 1.25, 6.5], "rotation": 90, "texture": "#1"}
			}
		},
		{
			"name": "octagon",
			"from": [5.51472, 5.5505, 5.51472],
			"to": [10.48528, 6.0505, 10.48528],
			"rotation": {"angle": 0, "axis": "y", "origin": [8, 0.0505, 9.72541]},
			"faces": {
				"north": {"uv": [0.75, 6, 1.25, 6.5], "texture": "#1"},
				"east": {"uv": [0.75, 6, 1.25, 6.5], "texture": "#1"},
				"south": {"uv": [0.75, 6, 1.25, 6.5], "texture": "#1"},
				"west": {"uv": [0.75, 6, 1.25, 6.5], "texture": "#1"},
				"up": {"uv": [0.75, 6, 1.25, 6.5], "texture": "#1"},
				"down": {"uv": [0.75, 6, 1.25, 6.5], "texture": "#1"}
			}
		},
		{
			"name": "octagon",
			"from": [2, 0, 5.51472],
			"to": [5.5, 3, 10.48528],
			"rotation": {"angle": 45, "axis": "y", "origin": [8, 0.5, 8]},
			"faces": {
				"north": {"uv": [0.75, 6, 1.25, 6.5], "texture": "#1"},
				"east": {"uv": [0.75, 6, 1.25, 6.5], "texture": "#1"},
				"south": {"uv": [0.75, 6, 1.25, 6.5], "texture": "#1"},
				"west": {"uv": [0.75, 6, 1.25, 6.5], "texture": "#1"},
				"up": {"uv": [0.75, 6, 1.25, 6.5], "texture": "#1"},
				"down": {"uv": [0.75, 6, 1.25, 6.5], "texture": "#1"}
			}
		},
		{
			"name": "octagon",
			"from": [2, 0, 5.51472],
			"to": [13.5, 3, 10.48528],
			"rotation": {"angle": 0, "axis": "y", "origin": [8, 0.5, 8]},
			"faces": {
				"north": {"uv": [0.75, 6, 1.25, 6.5], "texture": "#1"},
				"east": {"uv": [0.75, 6, 1.25, 6.5], "texture": "#1"},
				"south": {"uv": [0.75, 6, 1.25, 6.5], "texture": "#1"},
				"west": {"uv": [0.75, 6, 1.25, 6.5], "texture": "#1"},
				"up": {"uv": [0.75, 6, 1.25, 6.5], "texture": "#1"},
				"down": {"uv": [0.75, 6, 1.25, 6.5], "texture": "#1"}
			}
		},
		{
			"name": "octagon",
			"from": [13.5, 0, 5.51472],
			"to": [14, 3, 10.48528],
			"rotation": {"angle": 45, "axis": "y", "origin": [8, 0.5, 8]},
			"faces": {
				"north": {"uv": [0.75, 6, 1.25, 6.5], "texture": "#1"},
				"east": {"uv": [0.75, 6, 1.25, 6.5], "texture": "#1"},
				"south": {"uv": [0.75, 6, 1.25, 6.5], "texture": "#1"},
				"west": {"uv": [0.75, 6, 1.25, 6.5], "texture": "#1"},
				"up": {"uv": [0.75, 6, 1.25, 6.5], "texture": "#1"},
				"down": {"uv": [10.25, 7.625, 10.75, 8.125], "texture": "#1"}
			}
		},
		{
			"name": "octagon",
			"from": [13.5, 0, 5.51472],
			"to": [14, 3, 10.48528],
			"rotation": {"angle": 0, "axis": "y", "origin": [8, 0.5, 8]},
			"faces": {
				"north": {"uv": [0.75, 6, 1.25, 6.5], "texture": "#1"},
				"east": {"uv": [0.75, 6, 1.25, 6.5], "texture": "#1"},
				"south": {"uv": [0.75, 6, 1.25, 6.5], "texture": "#1"},
				"west": {"uv": [0.75, 6, 1.25, 6.5], "texture": "#1"},
				"up": {"uv": [0.75, 6, 1.25, 6.5], "texture": "#1"},
				"down": {"uv": [0.75, 6, 1.25, 6.5], "texture": "#1"}
			}
		},
		{
			"name": "octagon",
			"from": [5.78532, 3, 2.2706],
			"to": [10.21468, 3.92388, 3],
			"rotation": {"angle": 45, "axis": "y", "origin": [8, 3.5, 8]},
			"faces": {
				"north": {"uv": [0.75, 6, 1.25, 6.5], "texture": "#1"},
				"east": {"uv": [0.75, 6, 1.25, 6.5], "texture": "#1"},
				"south": {"uv": [0.75, 6, 1.25, 6.5], "texture": "#1"},
				"west": {"uv": [0.75, 6, 1.25, 6.5], "texture": "#1"},
				"up": {"uv": [0.75, 6, 1.25, 6.5], "texture": "#1"},
				"down": {"uv": [0.75, 6, 1.25, 6.5], "texture": "#1"}
			}
		},
		{
			"name": "octagon",
			"from": [5.78532, 3, 13],
			"to": [10.21468, 3.92388, 13.7294],
			"rotation": {"angle": 45, "axis": "y", "origin": [8, 3.5, 8]},
			"faces": {
				"north": {"uv": [0.75, 6, 1.25, 6.5], "texture": "#1"},
				"east": {"uv": [0.75, 6, 1.25, 6.5], "texture": "#1"},
				"south": {"uv": [0.75, 6, 1.25, 6.5], "texture": "#1"},
				"west": {"uv": [0.75, 6, 1.25, 6.5], "texture": "#1"},
				"up": {"uv": [0.75, 6, 1.25, 6.5], "texture": "#1"},
				"down": {"uv": [0.75, 6, 1.25, 6.5], "texture": "#1"}
			}
		},
		{
			"name": "octagon",
			"from": [2.2706, 3, 5.78532],
			"to": [3, 3.92388, 10.21468],
			"rotation": {"angle": 45, "axis": "y", "origin": [8, 3.5, 8]},
			"faces": {
				"north": {"uv": [0.75, 6, 1.25, 6.5], "texture": "#1"},
				"east": {"uv": [0.75, 6, 1.25, 6.5], "texture": "#1"},
				"south": {"uv": [0.75, 6, 1.25, 6.5], "texture": "#1"},
				"west": {"uv": [0.75, 6, 1.25, 6.5], "texture": "#1"},
				"up": {"uv": [0.75, 6, 1.25, 6.5], "texture": "#1"},
				"down": {"uv": [0.75, 6, 1.25, 6.5], "texture": "#1"}
			}
		},
		{
			"name": "octagon",
			"from": [13, 3, 5.78532],
			"to": [13.7294, 3.92388, 10.21468],
			"rotation": {"angle": 45, "axis": "y", "origin": [8, 3.5, 8]},
			"faces": {
				"north": {"uv": [0.75, 6, 1.25, 6.5], "texture": "#1"},
				"east": {"uv": [0.75, 6, 1.25, 6.5], "texture": "#1"},
				"south": {"uv": [0.75, 6, 1.25, 6.5], "texture": "#1"},
				"west": {"uv": [0.75, 6, 1.25, 6.5], "texture": "#1"},
				"up": {"uv": [0.75, 6, 1.25, 6.5], "texture": "#1"},
				"down": {"uv": [0.75, 6, 1.25, 6.5], "texture": "#1"}
			}
		},
		{
			"name": "octagon",
			"from": [7.78532, 4.61421, 3.68481],
			"to": [10.21468, 5.33809, 4.41421],
			"rotation": {"angle": 45, "axis": "y", "origin": [8, 4.91421, 9.41421]},
			"faces": {
				"north": {"uv": [0.75, 6, 1.25, 6.5], "texture": "#1"},
				"east": {"uv": [0.75, 6, 1.25, 6.5], "texture": "#1"},
				"south": {"uv": [0.75, 6, 1.25, 6.5], "texture": "#1"},
				"west": {"uv": [0.75, 6, 1.25, 6.5], "texture": "#1"},
				"up": {"uv": [0.75, 6, 1.25, 6.5], "texture": "#1"},
				"down": {"uv": [0.75, 6, 1.25, 6.5], "texture": "#1"}
			}
		},
		{
			"name": "octagon",
			"from": [5.78532, 4.61421, 3.68481],
			"to": [8.21468, 5.33809, 4.41421],
			"rotation": {"angle": -45, "axis": "y", "origin": [8, 4.91421, 9.41421]},
			"faces": {
				"north": {"uv": [0.75, 6, 1.25, 6.5], "texture": "#1"},
				"east": {"uv": [0.75, 6, 1.25, 6.5], "texture": "#1"},
				"south": {"uv": [0.75, 6, 1.25, 6.5], "texture": "#1"},
				"west": {"uv": [0.75, 6, 1.25, 6.5], "texture": "#1"},
				"up": {"uv": [0.75, 6, 1.25, 6.5], "texture": "#1"},
				"down": {"uv": [0.75, 6, 1.25, 6.5], "texture": "#1"}
			}
		},
		{
			"name": "octagon",
			"from": [5.78532, 4.61421, 11.58579],
			"to": [8.21468, 5.33809, 12.31519],
			"rotation": {"angle": 45, "axis": "y", "origin": [8, 4.91421, 6.58579]},
			"faces": {
				"north": {"uv": [0.75, 6, 1.25, 6.5], "texture": "#1"},
				"east": {"uv": [0.75, 6, 1.25, 6.5], "texture": "#1"},
				"south": {"uv": [0.75, 6, 1.25, 6.5], "texture": "#1"},
				"west": {"uv": [0.75, 6, 1.25, 6.5], "texture": "#1"},
				"up": {"uv": [0.75, 6, 1.25, 6.5], "texture": "#1"},
				"down": {"uv": [0.75, 6, 1.25, 6.5], "texture": "#1"}
			}
		},
		{
			"name": "octagon",
			"from": [7.78532, 4.61421, 11.58579],
			"to": [10.21468, 5.33809, 12.31519],
			"rotation": {"angle": -45, "axis": "y", "origin": [8, 4.91421, 6.58579]},
			"faces": {
				"north": {"uv": [0.75, 6, 1.25, 6.5], "texture": "#1"},
				"east": {"uv": [0.75, 6, 1.25, 6.5], "texture": "#1"},
				"south": {"uv": [0.75, 6, 1.25, 6.5], "texture": "#1"},
				"west": {"uv": [0.75, 6, 1.25, 6.5], "texture": "#1"},
				"up": {"uv": [0.75, 6, 1.25, 6.5], "texture": "#1"},
				"down": {"uv": [0.75, 6, 1.25, 6.5], "texture": "#1"}
			}
		},
		{
			"name": "octagon",
			"from": [8.28532, 5.11421, 4.18481],
			"to": [9.71468, 5.58809, 4.91421],
			"rotation": {"angle": 45, "axis": "y", "origin": [8, 4.91421, 9.41421]},
			"faces": {
				"north": {"uv": [0.75, 6, 1.25, 6.5], "texture": "#1"},
				"east": {"uv": [0.75, 6, 1.25, 6.5], "texture": "#1"},
				"south": {"uv": [0.75, 6, 1.25, 6.5], "texture": "#1"},
				"west": {"uv": [0.75, 6, 1.25, 6.5], "texture": "#1"},
				"up": {"uv": [0.75, 6, 1.25, 6.5], "texture": "#1"},
				"down": {"uv": [0.75, 6, 1.25, 6.5], "texture": "#1"}
			}
		},
		{
			"name": "octagon",
			"from": [6.28532, 5.11421, 4.18481],
			"to": [7.71468, 5.58809, 4.91421],
			"rotation": {"angle": -45, "axis": "y", "origin": [8, 4.91421, 9.41421]},
			"faces": {
				"north": {"uv": [0.75, 6, 1.25, 6.5], "texture": "#1"},
				"east": {"uv": [0.75, 6, 1.25, 6.5], "texture": "#1"},
				"south": {"uv": [0.75, 6, 1.25, 6.5], "texture": "#1"},
				"west": {"uv": [0.75, 6, 1.25, 6.5], "texture": "#1"},
				"up": {"uv": [0.75, 6, 1.25, 6.5], "texture": "#1"},
				"down": {"uv": [0.75, 6, 1.25, 6.5], "texture": "#1"}
			}
		},
		{
			"name": "octagon",
			"from": [6.28532, 5.11421, 11.08579],
			"to": [7.71468, 5.58809, 11.81519],
			"rotation": {"angle": 45, "axis": "y", "origin": [8, 4.91421, 6.58579]},
			"faces": {
				"north": {"uv": [0.75, 6, 1.25, 6.5], "texture": "#1"},
				"east": {"uv": [0.75, 6, 1.25, 6.5], "texture": "#1"},
				"south": {"uv": [0.75, 6, 1.25, 6.5], "texture": "#1"},
				"west": {"uv": [0.75, 6, 1.25, 6.5], "texture": "#1"},
				"up": {"uv": [0.75, 6, 1.25, 6.5], "texture": "#1"},
				"down": {"uv": [0.75, 6, 1.25, 6.5], "texture": "#1"}
			}
		},
		{
			"name": "octagon",
			"from": [8.28532, 5.11421, 11.08579],
			"to": [9.71468, 5.58809, 11.81519],
			"rotation": {"angle": -45, "axis": "y", "origin": [8, 4.91421, 6.58579]},
			"faces": {
				"north": {"uv": [0.75, 6, 1.25, 6.5], "texture": "#1"},
				"east": {"uv": [0.75, 6, 1.25, 6.5], "texture": "#1"},
				"south": {"uv": [0.75, 6, 1.25, 6.5], "texture": "#1"},
				"west": {"uv": [0.75, 6, 1.25, 6.5], "texture": "#1"},
				"up": {"uv": [0.75, 6, 1.25, 6.5], "texture": "#1"},
				"down": {"uv": [0.75, 6, 1.25, 6.5], "texture": "#1"}
			}
		},
		{
			"name": "octagon",
			"from": [7.28532, 3.51421, 3.18481],
			"to": [10.71468, 4.63809, 3.91421],
			"rotation": {"angle": 45, "axis": "y", "origin": [8, 4.01421, 9.41421]},
			"faces": {
				"north": {"uv": [0.75, 6, 1.25, 6.5], "texture": "#1"},
				"east": {"uv": [0.75, 6, 1.25, 6.5], "texture": "#1"},
				"south": {"uv": [0.75, 6, 1.25, 6.5], "texture": "#1"},
				"west": {"uv": [0.75, 6, 1.25, 6.5], "texture": "#1"},
				"up": {"uv": [0.75, 6, 1.25, 6.5], "texture": "#1"},
				"down": {"uv": [0.75, 6, 1.25, 6.5], "texture": "#1"}
			}
		},
		{
			"name": "octagon",
			"from": [5.28532, 3.51421, 3.18481],
			"to": [8.71468, 4.63809, 3.91421],
			"rotation": {"angle": -45, "axis": "y", "origin": [8, 4.01421, 9.41421]},
			"faces": {
				"north": {"uv": [0.75, 6, 1.25, 6.5], "texture": "#1"},
				"east": {"uv": [0.75, 6, 1.25, 6.5], "texture": "#1"},
				"south": {"uv": [0.75, 6, 1.25, 6.5], "texture": "#1"},
				"west": {"uv": [0.75, 6, 1.25, 6.5], "texture": "#1"},
				"up": {"uv": [0.75, 6, 1.25, 6.5], "texture": "#1"},
				"down": {"uv": [0.75, 6, 1.25, 6.5], "texture": "#1"}
			}
		},
		{
			"name": "octagon",
			"from": [5.28532, 3.51421, 12.08579],
			"to": [8.71468, 4.63809, 12.81519],
			"rotation": {"angle": 45, "axis": "y", "origin": [8, 4.01421, 6.58579]},
			"faces": {
				"north": {"uv": [0.75, 6, 1.25, 6.5], "texture": "#1"},
				"east": {"uv": [0.75, 6, 1.25, 6.5], "texture": "#1"},
				"south": {"uv": [0.75, 6, 1.25, 6.5], "texture": "#1"},
				"west": {"uv": [0.75, 6, 1.25, 6.5], "texture": "#1"},
				"up": {"uv": [0.75, 6, 1.25, 6.5], "texture": "#1"},
				"down": {"uv": [0.75, 6, 1.25, 6.5], "texture": "#1"}
			}
		},
		{
			"name": "octagon",
			"from": [7.28532, 3.51421, 12.08579],
			"to": [10.71468, 4.63809, 12.81519],
			"rotation": {"angle": -45, "axis": "y", "origin": [8, 4.01421, 6.58579]},
			"faces": {
				"north": {"uv": [0.75, 6, 1.25, 6.5], "texture": "#1"},
				"east": {"uv": [0.75, 6, 1.25, 6.5], "texture": "#1"},
				"south": {"uv": [0.75, 6, 1.25, 6.5], "texture": "#1"},
				"west": {"uv": [0.75, 6, 1.25, 6.5], "texture": "#1"},
				"up": {"uv": [0.75, 6, 1.25, 6.5], "texture": "#1"},
				"down": {"uv": [0.75, 6, 1.25, 6.5], "texture": "#1"}
			}
		},
		{
			"name": "hexadecagon",
			"from": [6.80653, 0, -3.17876],
			"to": [9.19347, 0.5, 1.82124],
			"rotation": {"angle": -45, "axis": "y", "origin": [8, 0.5, 2.82124]},
			"faces": {
				"north": {"uv": [10.25, 7.625, 10.75, 8.125], "texture": "#1"},
				"east": {"uv": [10.25, 7.625, 10.75, 8.125], "texture": "#1"},
				"south": {"uv": [10.25, 7.625, 10.75, 8.125], "texture": "#1"},
				"west": {"uv": [10.25, 7.625, 10.75, 8.125], "texture": "#1"},
				"up": {"uv": [10.25, 7.625, 10.75, 8.125], "texture": "#1"},
				"down": {"uv": [10.25, 7.625, 10.75, 8.125], "texture": "#1"}
			}
		},
		{
			"name": "hexadecagon",
			"from": [6.80653, 0, -3.17876],
			"to": [9.19347, 0.5, 1.82124],
			"rotation": {"angle": -22.5, "axis": "y", "origin": [8, 0.5, 2.82124]},
			"faces": {
				"north": {"uv": [10.25, 7.625, 10.75, 8.125], "texture": "#1"},
				"east": {"uv": [10.25, 7.625, 10.75, 8.125], "texture": "#1"},
				"south": {"uv": [10.25, 7.625, 10.75, 8.125], "texture": "#1"},
				"west": {"uv": [10.25, 7.625, 10.75, 8.125], "texture": "#1"},
				"up": {"uv": [10.25, 7.625, 10.75, 8.125], "texture": "#1"},
				"down": {"uv": [10.25, 7.625, 10.75, 8.125], "texture": "#1"}
			}
		},
		{
			"name": "hexadecagon",
			"from": [6.80653, 0, -3.17876],
			"to": [9.19347, 0.5, 2.82124],
			"rotation": {"angle": 0, "axis": "y", "origin": [8, 0.5, 2.82124]},
			"faces": {
				"north": {"uv": [10.25, 7.625, 10.75, 8.125], "texture": "#1"},
				"east": {"uv": [10.25, 7.625, 10.75, 8.125], "texture": "#1"},
				"south": {"uv": [10.25, 7.625, 10.75, 8.125], "texture": "#1"},
				"west": {"uv": [10.25, 7.625, 10.75, 8.125], "texture": "#1"},
				"up": {"uv": [10.25, 7.625, 10.75, 8.125], "texture": "#1"},
				"down": {"uv": [10.25, 7.625, 10.75, 8.125], "texture": "#1"}
			}
		},
		{
			"name": "hexadecagon",
			"from": [6.80653, 0, -3.17876],
			"to": [9.19347, 0.5, 1.82124],
			"rotation": {"angle": 22.5, "axis": "y", "origin": [8, 0.5, 2.82124]},
			"faces": {
				"north": {"uv": [10.25, 7.625, 10.75, 8.125], "texture": "#1"},
				"east": {"uv": [10.25, 7.625, 10.75, 8.125], "texture": "#1"},
				"south": {"uv": [10.25, 7.625, 10.75, 8.125], "texture": "#1"},
				"west": {"uv": [10.25, 7.625, 10.75, 8.125], "texture": "#1"},
				"up": {"uv": [10.25, 7.625, 10.75, 8.125], "texture": "#1"},
				"down": {"uv": [10.25, 7.625, 10.75, 8.125], "texture": "#1"}
			}
		},
		{
			"name": "hexadecagon",
			"from": [6.80653, 0, -3.17876],
			"to": [9.19347, 0.5, 1.82124],
			"rotation": {"angle": 45, "axis": "y", "origin": [8, 0.5, 2.82124]},
			"faces": {
				"north": {"uv": [10.25, 7.625, 10.75, 8.125], "texture": "#1"},
				"east": {"uv": [10.25, 7.625, 10.75, 8.125], "texture": "#1"},
				"south": {"uv": [10.25, 7.625, 10.75, 8.125], "texture": "#1"},
				"west": {"uv": [10.25, 7.625, 10.75, 8.125], "texture": "#1"},
				"up": {"uv": [10.25, 7.625, 10.75, 8.125], "texture": "#1"},
				"down": {"uv": [10.25, 7.625, 10.75, 8.125], "texture": "#1"}
			}
		},
		{
			"name": "hexadecagon",
			"from": [2, 0, 1.62777],
			"to": [7, 0.5, 4.01472],
			"rotation": {"angle": -22.5, "axis": "y", "origin": [8, 0.5, 2.82124]},
			"faces": {
				"north": {"uv": [10.25, 7.625, 10.75, 8.125], "texture": "#1"},
				"east": {"uv": [10.25, 7.625, 10.75, 8.125], "texture": "#1"},
				"south": {"uv": [10.25, 7.625, 10.75, 8.125], "texture": "#1"},
				"west": {"uv": [10.25, 7.625, 10.75, 8.125], "texture": "#1"},
				"up": {"uv": [10.25, 7.625, 10.75, 8.125], "texture": "#1"},
				"down": {"uv": [10.25, 7.625, 10.75, 8.125], "texture": "#1"}
			}
		},
		{
			"name": "hexadecagon",
			"from": [2, 0, 1.62777],
			"to": [14, 0.5, 5.51472],
			"rotation": {"angle": 0, "axis": "y", "origin": [8, 0.5, 2.82124]},
			"faces": {
				"north": {"uv": [10.25, 7.625, 10.75, 8.125], "texture": "#1"},
				"east": {"uv": [10.25, 7.625, 10.75, 8.125], "texture": "#1"},
				"south": {"uv": [10.25, 7.625, 10.75, 8.125], "texture": "#1"},
				"west": {"uv": [10.25, 7.625, 10.75, 8.125], "texture": "#1"},
				"up": {"uv": [10.25, 7.625, 10.75, 8.125], "texture": "#1"},
				"down": {"uv": [10.25, 7.625, 10.75, 8.125], "texture": "#1"}
			}
		},
		{
			"name": "hexadecagon",
			"from": [9, 0, 1.62777],
			"to": [14, 0.5, 4.01472],
			"rotation": {"angle": 22.5, "axis": "y", "origin": [8, 0.5, 2.82124]},
			"faces": {
				"north": {"uv": [10.25, 7.625, 10.75, 8.125], "texture": "#1"},
				"east": {"uv": [10.25, 7.625, 10.75, 8.125], "texture": "#1"},
				"south": {"uv": [10.25, 7.625, 10.75, 8.125], "texture": "#1"},
				"west": {"uv": [10.25, 7.625, 10.75, 8.125], "texture": "#1"},
				"up": {"uv": [10.25, 7.625, 10.75, 8.125], "texture": "#1"},
				"down": {"uv": [10.25, 7.625, 10.75, 8.125], "texture": "#1"}
			}
		},
		{
			"name": "octagon",
			"from": [6, 2, 1.9],
			"to": [10, 3, 2.4],
			"rotation": {"angle": 0, "axis": "y", "origin": [7.51472, 0.5, 7.9]},
			"faces": {
				"north": {"uv": [3, 9.25, 13, 11.75], "texture": "#1"},
				"east": {"uv": [0, 0, 0, 0], "texture": "#1"},
				"south": {"uv": [0, 0, 0, 0], "texture": "#1"},
				"west": {"uv": [0, 0, 0, 0], "texture": "#1"},
				"up": {"uv": [0, 0, 0, 0], "texture": "#1"},
				"down": {"uv": [0, 0, 0, 0], "texture": "#1"}
			}
		},
		{
			"name": "octagon",
			"from": [6, 0.66584, 1.63462],
			"to": [10, 1.66584, 2.13462],
			"rotation": {"angle": 22.5, "axis": "x", "origin": [7.51472, 1.16584, 7.63462]},
			"faces": {
				"north": {"uv": [3, 6.375, 13, 9.125], "texture": "#1"},
				"east": {"uv": [0, 0, 0, 0], "texture": "#1"},
				"south": {"uv": [0, 0, 0, 0], "texture": "#1"},
				"west": {"uv": [0, 0, 0, 0], "texture": "#1"},
				"up": {"uv": [0, 0, 0, 0], "texture": "#1"},
				"down": {"uv": [0, 0, 0, 0], "texture": "#1"}
			}
		},
		{
			"name": "octagon",
			"from": [6, 5.53479, 6.37888],
			"to": [10, 6.03479, 8.37888],
			"rotation": {"angle": -45, "axis": "x", "origin": [7.51472, 0.03479, 6.87888]},
			"faces": {
				"north": {"uv": [0, 0.75, 16, 5.75], "rotation": 180, "texture": "#1"},
				"east": {"uv": [13.75, 0, 14.875, 1.625], "rotation": 180, "texture": "#1"},
				"south": {"uv": [0, 0.75, 16, 2], "rotation": 180, "texture": "#1"},
				"west": {"uv": [8.875, 0.875, 9.375, 1.375], "rotation": 180, "texture": "#1"},
				"up": {"uv": [3.25, 3.75, 12.75, 6.25], "rotation": 180, "texture": "#1"},
				"down": {"uv": [0, 0.75, 16, 5.75], "rotation": 180, "texture": "#1"}
			}
		}
	],
	"gui_light": "front",
	"display": {
		"thirdperson_righthand": {
			"translation": [1, -0.5, 0],
			"scale": [0.5, 0.5, 0.5]
		},
		"thirdperson_lefthand": {
			"translation": [1, -0.5, 0],
			"scale": [0.5, 0.5, 0.5]
		},
		"firstperson_righthand": {
			"translation": [-0.5, 4.75, 1],
			"scale": [0.5, 0.5, 0.5]
		},
		"firstperson_lefthand": {
			"translation": [-0.5, 4.75, 1],
			"scale": [0.5, 0.5, 0.5]
		},
		"ground": {
			"translation": [0, 2, 0],
			"scale": [0.7, 0.7, 0.7]
		},
		"gui": {
			"rotation": [23, 150, 0],
			"translation": [1.25, 4.5, 0],
			"scale": [0.86, 0.86, 0.86]
		},
		"head": {
			"translation": [0, 15.75, 0],
			"scale": [1.07, 1.14, 1.18]
		},
		"fixed": {
			"translation": [0, 0, -0.75]
		}
	},
	"groups": [
		{
			"name": "incredibles_cap",
			"origin": [8, 8, 8],
			"children": [
				{
					"name": "hat_body",
					"origin": [8, 8, 8],
					"children": [0, 1, 2, 3, 4, 5, 6, 7, 8, 9, 10, 11, 12, 13, 14, 15, 16, 17, 18, 19, 20, 21, 22, 23, 24, 25, 26, 27, 28, 29, 30, 31, 32, 33, 34, 35, 36]
				},
				{
					"name": "hat_rim",
					"origin": [8, 8, 8],
					"children": [37, 38, 39, 40, 41, 42, 43, 44]
				},
				{
					"name": "group",
					"origin": [8, 0.5, 8],
					"children": [45, 46, 47]
				}
			]
		}
	]
}