{
	"credit": "Made with Blockbench",
	"textures": {
		"1": "custom/roses",
		"2": "block/potatoes_stage1",
		"4": "block/oak_log",
		"particle": "block/potatoes_stage1"
	},
	"elements": [
		{
			"name": "yellow",
			"from": [1.71374, -1.2056, 1.82578],
			"to": [1.84306, 2.7361, 5.76748],
			"rotation": {"angle": 0, "axis": "y", "origin": [1.7784, 0.76525, 3.79663]},
			"faces": {
				"north": {"uv": [5.984, 5.12, 10.624, 9.76], "texture": "#1"},
				"east": {"uv": [6.016, 5.024, 10.656, 9.664], "texture": "#1"},
				"south": {"uv": [5.984, 4.704, 10.624, 9.344], "texture": "#1"},
				"west": {"uv": [5.184, 10.24, 10.944, 16], "texture": "#1"},
				"up": {"uv": [6.112, 5.312, 10.752, 9.952], "rotation": 270, "texture": "#1"},
				"down": {"uv": [6.016, 5.216, 10.656, 9.856], "rotation": 90, "texture": "#1"}
			}
		},
		{
			"from": [1.7139, 2.1004, 3.56173],
			"to": [1.73736, 4.1004, 4.56173],
			"rotation": {"angle": 22.5, "axis": "x", "origin": [1.72553, 2.3504, 2.56173]},
			"faces": {
				"north": {"uv": [10.624, 4.704, 5.984, 9.344], "texture": "#2"},
				"east": {"uv": [10.656, 5.088, 6.016, 9.728], "texture": "#1"},
				"south": {"uv": [10.624, 5.12, 5.984, 9.76], "texture": "#1"},
				"west": {"uv": [1, 12, 4, 16], "texture": "#2"},
				"up": {"uv": [10.752, 5.312, 6.112, 9.952], "rotation": 270, "texture": "#1"},
				"down": {"uv": [10.656, 5.216, 6.016, 9.856], "rotation": 90, "texture": "#1"}
			}
		},
		{
			"from": [1.7139, -0.62526, 1.22574],
			"to": [1.73894, 0.25474, 2.54574],
			"rotation": {"angle": -22.5, "axis": "x", "origin": [1.72632, 0.31474, 2.38574]},
			"faces": {
				"north": {"uv": [6.112, 5.312, 10.752, 9.952], "rotation": 90, "texture": "#2"},
				"east": {"uv": [6.144, 5.12, 10.784, 9.76], "rotation": 90, "texture": "#1"},
				"south": {"uv": [6.016, 5.216, 10.656, 9.856], "rotation": 90, "texture": "#1"},
				"west": {"uv": [6, 11, 10, 16], "rotation": 270, "texture": "#2"},
				"up": {"uv": [5.984, 4.704, 10.624, 9.344], "texture": "#1"},
				"down": {"uv": [5.984, 5.12, 10.624, 9.76], "rotation": 180, "texture": "#1"}
			}
		},
		{
			"from": [1.7139, 0.23058, 5.37459],
			"to": [1.73666, 1.28658, 6.43059],
			"rotation": {"angle": 0, "axis": "y", "origin": [1.72518, -3.99142, 5.65259]},
			"faces": {
				"north": {"uv": [6.016, 5.216, 10.656, 9.856], "rotation": 270, "texture": "#2"},
				"east": {"uv": [6.016, 5.024, 10.656, 9.664], "rotation": 270, "texture": "#1"},
				"south": {"uv": [6.112, 5.312, 10.752, 9.952], "rotation": 270, "texture": "#1"},
				"west": {"uv": [11, 13, 14, 16], "rotation": 90, "texture": "#2"},
				"up": {"uv": [5.984, 5.12, 10.624, 9.76], "rotation": 180, "texture": "#1"},
				"down": {"uv": [5.984, 4.704, 10.624, 9.344], "texture": "#1"}
			}
		},
		{
			"name": "green",
			"from": [1.7136, -1.2056, 4.82578],
			"to": [1.84292, 2.7361, 8.76748],
			"rotation": {"angle": 0, "axis": "y", "origin": [1.77836, 0.76525, 8.04663]},
			"faces": {
				"north": {"uv": [5.984, 5.12, 10.624, 9.76], "texture": "#1"},
				"east": {"uv": [6.016, 5.024, 10.656, 9.664], "texture": "#1"},
				"south": {"uv": [5.984, 4.704, 10.624, 9.344], "texture": "#1"},
				"west": {"uv": [0.096, 4.768, 5.824, 10.496], "texture": "#1"},
				"up": {"uv": [6.112, 5.312, 10.752, 9.952], "rotation": 270, "texture": "#1"},
				"down": {"uv": [6.016, 5.216, 10.656, 9.856], "rotation": 90, "texture": "#1"}
			}
		},
		{
			"from": [1.7139, -2.28072, 6.23456],
			"to": [1.73736, -0.28072, 7.23456],
			"rotation": {"angle": 0, "axis": "y", "origin": [1.72553, 2.46928, 6.73456]},
			"faces": {
				"north": {"uv": [10.624, 5.12, 5.984, 9.76], "rotation": 180, "texture": "#1"},
				"east": {"uv": [10.656, 5.088, 6.016, 9.728], "rotation": 180, "texture": "#1"},
				"south": {"uv": [10.624, 4.704, 5.984, 9.344], "rotation": 180, "texture": "#2"},
				"west": {"uv": [1, 12, 4, 16], "rotation": 180, "texture": "#2"},
				"up": {"uv": [10.656, 5.216, 6.016, 9.856], "rotation": 90, "texture": "#1"},
				"down": {"uv": [10.752, 5.312, 6.112, 9.952], "rotation": 270, "texture": "#1"}
			}
		},
		{
			"from": [1.7137, 3.05639, 8.90805],
			"to": [1.73874, 4.37639, 9.78805],
			"rotation": {"angle": 45, "axis": "x", "origin": [1.72632, 2.96639, 6.09805]},
			"faces": {
				"north": {"uv": [5.984, 5.12, 10.624, 9.76], "texture": "#1"},
				"east": {"uv": [6.144, 5.12, 10.784, 9.76], "texture": "#1"},
				"south": {"uv": [5.984, 4.704, 10.624, 9.344], "texture": "#1"},
				"west": {"uv": [6, 11, 10, 16], "texture": "#2"},
				"up": {"uv": [6.112, 5.312, 10.752, 9.952], "rotation": 270, "texture": "#2"},
				"down": {"uv": [6.016, 5.216, 10.656, 9.856], "rotation": 90, "texture": "#1"}
			}
		},
		{
			"from": [1.7138, 2.23058, 5.37459],
			"to": [1.73656, 3.28658, 6.43059],
			"rotation": {"angle": -22.5, "axis": "x", "origin": [1.72518, 2.75858, 5.90259]},
			"faces": {
				"north": {"uv": [5.984, 5.12, 10.624, 9.76], "texture": "#1"},
				"east": {"uv": [6.016, 5.024, 10.656, 9.664], "texture": "#1"},
				"south": {"uv": [5.984, 4.704, 10.624, 9.344], "texture": "#1"},
				"west": {"uv": [11, 13, 14, 16], "texture": "#2"},
				"up": {"uv": [6.112, 5.312, 10.752, 9.952], "rotation": 270, "texture": "#1"},
				"down": {"uv": [6.016, 5.216, 10.656, 9.856], "rotation": 90, "texture": "#2"}
			}
		},
		{
			"name": "blue",
			"from": [1.71375, -1.2056, 7.82578],
			"to": [1.84307, 2.7361, 11.76748],
			"rotation": {"angle": 0, "axis": "y", "origin": [4.97234, 2.05304, 9.33442]},
			"faces": {
				"north": {"uv": [5.984, 5.12, 10.624, 9.76], "texture": "#1"},
				"east": {"uv": [6.016, 5.024, 10.656, 9.664], "texture": "#1"},
				"south": {"uv": [5.984, 4.704, 10.624, 9.344], "texture": "#1"},
				"west": {"uv": [10.816, 5.088, 16.032, 10.304], "texture": "#1"},
				"up": {"uv": [6.112, 5.312, 10.752, 9.952], "rotation": 270, "texture": "#1"},
				"down": {"uv": [6.016, 5.216, 10.656, 9.856], "rotation": 90, "texture": "#1"}
			}
		},
		{
			"from": [1.7139, 0.21928, 5.48456],
			"to": [1.73736, 1.21928, 7.48456],
			"rotation": {"angle": 45, "axis": "x", "origin": [1.72563, -1.28072, 9.73456]},
			"faces": {
				"north": {"uv": [10.752, 5.312, 6.112, 9.952], "rotation": 90, "texture": "#1"},
				"east": {"uv": [10.656, 5.088, 6.016, 9.728], "rotation": 90, "texture": "#1"},
				"south": {"uv": [10.656, 5.216, 6.016, 9.856], "rotation": 90, "texture": "#1"},
				"west": {"uv": [1, 12, 4, 16], "rotation": 270, "texture": "#2"},
				"up": {"uv": [10.624, 5.12, 5.984, 9.76], "texture": "#1"},
				"down": {"uv": [10.624, 4.704, 5.984, 9.344], "rotation": 180, "texture": "#2"}
			}
		},
		{
			"from": [1.7139, -0.79716, 9.40069],
			"to": [1.73894, 0.52284, 10.28069],
			"rotation": {"angle": -22.5, "axis": "x", "origin": [1.72642, 2.61284, 10.34069]},
			"faces": {
				"north": {"uv": [5.984, 4.704, 10.624, 9.344], "rotation": 180, "texture": "#1"},
				"east": {"uv": [6.144, 5.12, 10.784, 9.76], "rotation": 180, "texture": "#1"},
				"south": {"uv": [5.984, 5.12, 10.624, 9.76], "rotation": 180, "texture": "#1"},
				"west": {"uv": [6, 11, 10, 16], "rotation": 180, "texture": "#2"},
				"up": {"uv": [6.016, 5.216, 10.656, 9.856], "rotation": 90, "texture": "#1"},
				"down": {"uv": [6.112, 5.312, 10.752, 9.952], "rotation": 270, "texture": "#2"}
			}
		},
		{
			"from": [1.7139, -1.90875, 7.92781],
			"to": [1.73666, -0.85275, 8.98381],
			"rotation": {"angle": 45, "axis": "x", "origin": [1.72528, -1.23075, 9.20581]},
			"faces": {
				"north": {"uv": [5.984, 4.704, 10.624, 9.344], "rotation": 180, "texture": "#1"},
				"east": {"uv": [6.016, 5.024, 10.656, 9.664], "rotation": 180, "texture": "#1"},
				"south": {"uv": [5.984, 5.12, 10.624, 9.76], "rotation": 180, "texture": "#1"},
				"west": {"uv": [11, 13, 14, 16], "rotation": 180, "texture": "#2"},
				"up": {"uv": [6.016, 5.216, 10.656, 9.856], "rotation": 90, "texture": "#2"},
				"down": {"uv": [6.112, 5.312, 10.752, 9.952], "rotation": 270, "texture": "#1"}
			}
		},
		{
			"name": "purple",
			"from": [1.7137, -1.2056, 10.57578],
			"to": [1.84302, 2.7361, 14.51748],
			"rotation": {"angle": 0, "axis": "y", "origin": [4.97234, 2.05304, 1.33442]},
			"faces": {
				"north": {"uv": [5.984, 5.12, 10.624, 9.76], "texture": "#1"},
				"east": {"uv": [6.016, 5.024, 10.656, 9.664], "texture": "#1"},
				"south": {"uv": [5.984, 4.704, 10.624, 9.344], "texture": "#1"},
				"west": {"uv": [0.192, 0, 4.832, 4.64], "texture": "#1"},
				"up": {"uv": [6.112, 5.312, 10.752, 9.952], "rotation": 270, "texture": "#1"},
				"down": {"uv": [6.016, 5.216, 10.656, 9.856], "rotation": 90, "texture": "#1"}
			}
		},
		{
			"from": [1.7138, -0.0716, 13.18062],
			"to": [1.73656, 0.9844, 14.23662],
			"rotation": {"angle": -22.5, "axis": "x", "origin": [1.72518, 1.9564, 12.45862]},
			"faces": {
				"north": {"uv": [6.016, 5.216, 10.656, 9.856], "rotation": 270, "texture": "#2"},
				"east": {"uv": [6.016, 5.024, 10.656, 9.664], "rotation": 270, "texture": "#1"},
				"south": {"uv": [6.112, 5.312, 10.752, 9.952], "rotation": 270, "texture": "#1"},
				"west": {"uv": [11, 13, 14, 16], "rotation": 90, "texture": "#2"},
				"up": {"uv": [5.984, 5.12, 10.624, 9.76], "rotation": 180, "texture": "#1"},
				"down": {"uv": [5.984, 4.704, 10.624, 9.344], "texture": "#1"}
			}
		},
		{
			"from": [1.7138, -3.28072, 12.73456],
			"to": [1.73726, -1.28072, 13.73456],
			"rotation": {"angle": -45, "axis": "x", "origin": [1.72553, -1.28072, 12.23456]},
			"faces": {
				"north": {"uv": [10.624, 5.12, 5.984, 9.76], "rotation": 180, "texture": "#1"},
				"east": {"uv": [10.656, 5.088, 6.016, 9.728], "rotation": 180, "texture": "#1"},
				"south": {"uv": [10.624, 4.704, 5.984, 9.344], "rotation": 180, "texture": "#2"},
				"west": {"uv": [1, 12, 4, 16], "rotation": 180, "texture": "#2"},
				"up": {"uv": [10.656, 5.216, 6.016, 9.856], "rotation": 90, "texture": "#1"},
				"down": {"uv": [10.752, 5.312, 6.112, 9.952], "rotation": 270, "texture": "#1"}
			}
		},
		{
			"from": [1.7138, 2.0135, 11.96135],
			"to": [1.73884, 3.3335, 12.84135],
			"rotation": {"angle": 0, "axis": "y", "origin": [1.72632, 3.6735, 11.40135]},
			"faces": {
				"north": {"uv": [5.984, 5.12, 10.624, 9.76], "texture": "#1"},
				"east": {"uv": [6.144, 5.12, 10.784, 9.76], "texture": "#1"},
				"south": {"uv": [5.984, 4.704, 10.624, 9.344], "texture": "#1"},
				"west": {"uv": [6, 11, 10, 16], "texture": "#2"},
				"up": {"uv": [6.112, 5.312, 10.752, 9.952], "rotation": 270, "texture": "#2"},
				"down": {"uv": [6.016, 5.216, 10.656, 9.856], "rotation": 90, "texture": "#1"}
			}
		},
		{
			"name": "red",
			"from": [4.74135, -2.25, 1.76976],
			"to": [11.25865, 3.18108, 1.89908],
			"rotation": {"angle": 0, "axis": "y", "origin": [-11.53001, 3.25864, -11.44558]},
			"faces": {
				"north": {"uv": [9.888, 0.256, 15.264, 4.736], "texture": "#1"},
				"east": {"uv": [5.984, 5.12, 10.624, 9.76], "texture": "#1"},
				"south": {"uv": [6.016, 5.024, 10.656, 9.664], "texture": "#1"},
				"west": {"uv": [9.888, 0, 9.888, 4.768], "texture": "#1"},
				"up": {"uv": [6.112, 5.312, 10.752, 9.952], "texture": "#1"},
				"down": {"uv": [6.016, 5.216, 10.656, 9.856], "texture": "#1"}
			}
		},
		{
			"from": [7.5662, 3.18, 1.79],
			"to": [8.8862, 4.5, 1.8469],
			"rotation": {"angle": -45, "axis": "z", "origin": [7.2262, -0.66, -0.03286]},
			"faces": {
				"north": {"uv": [11, 13, 14, 16], "texture": "#2"},
				"east": {"uv": [5.984, 5.12, 10.624, 9.76], "texture": "#1"},
				"south": {"uv": [6.016, 5.024, 10.656, 9.664], "texture": "#1"},
				"west": {"uv": [5.984, 4.704, 10.624, 9.344], "texture": "#1"},
				"up": {"uv": [6.112, 5.312, 10.752, 9.952], "texture": "#1"},
				"down": {"uv": [6.016, 5.216, 10.656, 9.856], "texture": "#1"}
			}
		},
		{
			"from": [4.23875, -3.36068, 1.79],
			"to": [6.87875, -0.72068, 1.8469],
			"rotation": {"angle": 45, "axis": "z", "origin": [5.30875, -2.04068, 1.79825]},
			"faces": {
				"north": {"uv": [11, 13, 14, 16], "rotation": 90, "texture": "#2"},
				"east": {"uv": [6.016, 5.216, 10.656, 9.856], "rotation": 270, "texture": "#1"},
				"south": {"uv": [6.016, 5.024, 10.656, 9.664], "rotation": 270, "texture": "#1"},
				"west": {"uv": [6.112, 5.312, 10.752, 9.952], "rotation": 270, "texture": "#1"},
				"up": {"uv": [5.984, 5.12, 10.624, 9.76], "rotation": 270, "texture": "#1"},
				"down": {"uv": [5.984, 4.704, 10.624, 9.344], "rotation": 270, "texture": "#1"}
			}
		},
		{
			"from": [5.79375, 2.25277, 1.79],
			"to": [7.79375, 5.25277, 1.8469],
			"rotation": {"angle": 22.5, "axis": "z", "origin": [6.79375, 3.75277, 1.79825]},
			"faces": {
				"north": {"uv": [6, 11, 10, 16], "texture": "#2"},
				"east": {"uv": [5.984, 5.12, 10.624, 9.76], "texture": "#1"},
				"south": {"uv": [6.016, 5.024, 10.656, 9.664], "texture": "#1"},
				"west": {"uv": [5.984, 4.704, 10.624, 9.344], "texture": "#1"},
				"up": {"uv": [6.112, 5.312, 10.752, 9.952], "texture": "#1"},
				"down": {"uv": [6.016, 5.216, 10.656, 9.856], "texture": "#1"}
			}
		},
		{
			"name": "red",
			"from": [4.74135, -2.25, 14.10092],
			"to": [11.25865, 3.18108, 14.23024],
			"rotation": {"angle": 0, "axis": "y", "origin": [-11.53001, 3.25864, 27.44558]},
			"faces": {
				"north": {"uv": [10.656, 5.024, 6.016, 9.664], "texture": "#1"},
				"east": {"uv": [10.624, 5.12, 5.984, 9.76], "texture": "#1"},
				"south": {"uv": [15.264, 0.256, 9.888, 4.736], "texture": "#1"},
				"west": {"uv": [9.888, 0, 9.888, 4.768], "texture": "#1"},
				"up": {"uv": [6.112, 9.952, 10.752, 5.312], "texture": "#1"},
				"down": {"uv": [6.016, 9.856, 10.656, 5.216], "texture": "#1"}
			}
		},
		{
			"from": [7.5662, 3.18, 14.1531],
			"to": [8.8862, 4.5, 14.21],
			"rotation": {"angle": -45, "axis": "z", "origin": [7.2262, -0.66, 16.03286]},
			"faces": {
				"north": {"uv": [10.656, 5.024, 6.016, 9.664], "texture": "#1"},
				"east": {"uv": [10.624, 5.12, 5.984, 9.76], "texture": "#1"},
				"south": {"uv": [14, 13, 11, 16], "texture": "#2"},
				"west": {"uv": [10.624, 4.704, 5.984, 9.344], "texture": "#1"},
				"up": {"uv": [6.112, 9.952, 10.752, 5.312], "texture": "#1"},
				"down": {"uv": [6.016, 9.856, 10.656, 5.216], "texture": "#1"}
			}
		},
		{
			"from": [4.23875, -3.36068, 14.1531],
			"to": [6.87875, -0.72068, 14.21],
			"rotation": {"angle": 45, "axis": "z", "origin": [5.30875, -2.04068, 14.20175]},
			"faces": {
				"north": {"uv": [6.016, 9.664, 10.656, 5.024], "rotation": 270, "texture": "#1"},
				"east": {"uv": [6.016, 9.856, 10.656, 5.216], "rotation": 270, "texture": "#1"},
				"south": {"uv": [11, 16, 14, 13], "rotation": 90, "texture": "#2"},
				"west": {"uv": [6.112, 9.952, 10.752, 5.312], "rotation": 270, "texture": "#1"},
				"up": {"uv": [10.624, 5.12, 5.984, 9.76], "rotation": 270, "texture": "#1"},
				"down": {"uv": [10.624, 4.704, 5.984, 9.344], "rotation": 270, "texture": "#1"}
			}
		},
		{
			"from": [5.79375, 2.25277, 14.1531],
			"to": [7.79375, 5.25277, 14.21],
			"rotation": {"angle": 22.5, "axis": "z", "origin": [6.79375, 3.75277, 14.20175]},
			"faces": {
				"north": {"uv": [10.656, 5.024, 6.016, 9.664], "texture": "#1"},
				"east": {"uv": [10.624, 5.12, 5.984, 9.76], "texture": "#1"},
				"south": {"uv": [10, 11, 6, 16], "texture": "#2"},
				"west": {"uv": [10.624, 4.704, 5.984, 9.344], "texture": "#1"},
				"up": {"uv": [6.112, 9.952, 10.752, 5.312], "texture": "#1"},
				"down": {"uv": [6.016, 9.856, 10.656, 5.216], "texture": "#1"}
			}
		},
		{
			"name": "orange",
			"from": [10.69195, -1.2056, 1.7698],
			"to": [14.6336, 2.73605, 1.84801],
			"rotation": {"angle": 0, "axis": "y", "origin": [8.5, 0.92715, 1.81113]},
			"faces": {
				"north": {"uv": [5.024, 0, 9.664, 4.64], "rotation": 90, "texture": "#1"},
				"east": {"uv": [5.984, 5.12, 10.624, 9.76], "texture": "#1"},
				"south": {"uv": [5.92, 5.024, 10.56, 9.664], "texture": "#1"},
				"west": {"uv": [5.984, 4.704, 10.624, 9.344], "texture": "#1"},
				"up": {"uv": [6.112, 5.312, 10.752, 9.952], "texture": "#1"},
				"down": {"uv": [6.016, 5.216, 10.656, 9.856], "texture": "#1"}
			}
		},
		{
			"from": [10.29729, 3.12634, 1.8],
			"to": [12.29729, 4.12634, 1.82346],
			"rotation": {"angle": -22.5, "axis": "z", "origin": [8.5, 0.92715, 1.81113]},
			"faces": {
				"north": {"uv": [1, 16, 4, 12], "rotation": 270, "texture": "#2"},
				"east": {"uv": [10.656, 9.856, 6.016, 5.216], "rotation": 90, "texture": "#1"},
				"south": {"uv": [10.624, 9.824, 5.984, 5.184], "rotation": 90, "texture": "#1"},
				"west": {"uv": [10.752, 9.952, 6.112, 5.312], "rotation": 90, "texture": "#1"},
				"up": {"uv": [10.624, 9.76, 5.984, 5.12], "rotation": 90, "texture": "#1"},
				"down": {"uv": [10.624, 9.344, 5.984, 4.704], "rotation": 90, "texture": "#1"}
			}
		},
		{
			"from": [11.85502, 4.53188, 1.8],
			"to": [12.73502, 5.85188, 1.82504],
			"rotation": {"angle": -45, "axis": "z", "origin": [8.5, 0.92715, 1.81113]},
			"faces": {
				"north": {"uv": [10, 11, 6, 16], "texture": "#2"},
				"east": {"uv": [10.624, 4.704, 5.984, 9.344], "texture": "#1"},
				"south": {"uv": [10.656, 5.088, 6.016, 9.728], "texture": "#1"},
				"west": {"uv": [10.624, 5.12, 5.984, 9.76], "texture": "#1"},
				"up": {"uv": [10.752, 5.312, 6.112, 9.952], "texture": "#1"},
				"down": {"uv": [10.656, 5.216, 6.016, 9.856], "texture": "#1"}
			}
		},
		{
			"from": [10.85416, -2.51942, 1.8],
			"to": [11.91016, -1.46342, 1.82276],
			"rotation": {"angle": 22.5, "axis": "z", "origin": [8.5, 0.92715, 1.81113]},
			"faces": {
				"north": {"uv": [14, 13, 11, 16], "rotation": 180, "texture": "#2"},
				"east": {"uv": [10.624, 5.12, 5.984, 9.76], "rotation": 180, "texture": "#1"},
				"south": {"uv": [10.656, 5.088, 6.016, 9.728], "rotation": 180, "texture": "#1"},
				"west": {"uv": [10.624, 4.704, 5.984, 9.344], "rotation": 180, "texture": "#1"},
				"up": {"uv": [10.656, 5.216, 6.016, 9.856], "rotation": 180, "texture": "#1"},
				"down": {"uv": [10.752, 5.312, 6.112, 9.952], "rotation": 180, "texture": "#1"}
			}
		},
		{
			"name": "orange",
			"from": [1.3664, -1.2056, 1.7698],
			"to": [5.30805, 2.73605, 1.84801],
			"rotation": {"angle": 0, "axis": "y", "origin": [7.5, 0.92715, 1.81113]},
			"faces": {
				"north": {"uv": [5.024, 4.64, 9.664, 0], "rotation": 90, "texture": "#1"},
				"east": {"uv": [10.624, 4.704, 5.984, 9.344], "texture": "#1"},
				"south": {"uv": [10.656, 5.088, 6.016, 9.728], "texture": "#1"},
				"west": {"uv": [10.624, 5.12, 5.984, 9.76], "texture": "#1"},
				"up": {"uv": [10.752, 5.312, 6.112, 9.952], "texture": "#1"},
				"down": {"uv": [10.656, 5.216, 6.016, 9.856], "texture": "#1"}
			}
		},
		{
			"from": [2.8827, 1.8504, 1.8],
			"to": [4.8827, 2.8504, 1.82346],
			"rotation": {"angle": 22.5, "axis": "z", "origin": [3.8827, 2.3504, 1.81173]},
			"faces": {
				"north": {"uv": [1, 12, 4, 16], "rotation": 270, "texture": "#2"},
				"east": {"uv": [10.752, 5.312, 6.112, 9.952], "rotation": 90, "texture": "#1"},
				"south": {"uv": [10.656, 5.088, 6.016, 9.728], "rotation": 90, "texture": "#1"},
				"west": {"uv": [10.656, 5.216, 6.016, 9.856], "rotation": 90, "texture": "#1"},
				"up": {"uv": [10.624, 5.12, 5.984, 9.76], "rotation": 90, "texture": "#1"},
				"down": {"uv": [10.624, 4.704, 5.984, 9.344], "rotation": 90, "texture": "#1"}
			}
		},
		{
			"from": [3.26498, 4.53188, 1.8],
			"to": [4.14498, 5.85188, 1.82504],
			"rotation": {"angle": 45, "axis": "z", "origin": [7.5, 0.92715, 1.81113]},
			"faces": {
				"north": {"uv": [6, 11, 10, 16], "texture": "#2"},
				"east": {"uv": [5.984, 5.12, 10.624, 9.76], "texture": "#1"},
				"south": {"uv": [6.144, 5.12, 10.784, 9.76], "texture": "#1"},
				"west": {"uv": [5.984, 4.704, 10.624, 9.344], "texture": "#1"},
				"up": {"uv": [6.112, 5.312, 10.752, 9.952], "texture": "#1"},
				"down": {"uv": [6.016, 5.216, 10.656, 9.856], "texture": "#1"}
			}
		},
		{
			"from": [4.08984, -2.51942, 1.8],
			"to": [5.14584, -1.46342, 1.82276],
			"rotation": {"angle": -22.5, "axis": "z", "origin": [7.5, 0.92715, 1.81113]},
			"faces": {
				"north": {"uv": [11, 13, 14, 16], "rotation": 180, "texture": "#2"},
				"east": {"uv": [5.984, 4.704, 10.624, 9.344], "rotation": 180, "texture": "#1"},
				"south": {"uv": [6.016, 5.024, 10.656, 9.664], "rotation": 180, "texture": "#1"},
				"west": {"uv": [5.984, 5.12, 10.624, 9.76], "rotation": 180, "texture": "#1"},
				"up": {"uv": [6.016, 5.216, 10.656, 9.856], "rotation": 180, "texture": "#1"},
				"down": {"uv": [6.112, 5.312, 10.752, 9.952], "rotation": 180, "texture": "#1"}
			}
		},
		{
			"name": "orange",
			"from": [10.69195, -1.2056, 14.15199],
			"to": [14.6336, 2.73605, 14.2302],
			"rotation": {"angle": 0, "axis": "y", "origin": [8.5, 0.92715, 14.18887]},
			"faces": {
				"north": {"uv": [10.56, 5.024, 5.92, 9.664], "texture": "#1"},
				"east": {"uv": [10.624, 5.12, 5.984, 9.76], "texture": "#1"},
				"south": {"uv": [5.024, 4.64, 9.664, 0], "rotation": 90, "texture": "#1"},
				"west": {"uv": [10.624, 4.704, 5.984, 9.344], "texture": "#1"},
				"up": {"uv": [6.112, 9.952, 10.752, 5.312], "texture": "#1"},
				"down": {"uv": [6.016, 9.856, 10.656, 5.216], "texture": "#1"}
			}
		},
		{
			"from": [10.29729, 3.12634, 14.17654],
			"to": [12.29729, 4.12634, 14.2],
			"rotation": {"angle": -22.5, "axis": "z", "origin": [8.5, 0.92715, 14.18887]},
			"faces": {
				"north": {"uv": [10.624, 5.184, 5.984, 9.824], "rotation": 90, "texture": "#1"},
				"east": {"uv": [10.656, 5.216, 6.016, 9.856], "rotation": 90, "texture": "#1"},
				"south": {"uv": [1, 12, 4, 16], "rotation": 270, "texture": "#2"},
				"west": {"uv": [10.752, 5.312, 6.112, 9.952], "rotation": 90, "texture": "#1"},
				"up": {"uv": [5.984, 9.76, 10.624, 5.12], "rotation": 90, "texture": "#1"},
				"down": {"uv": [5.984, 9.344, 10.624, 4.704], "rotation": 90, "texture": "#1"}
			}
		},
		{
			"from": [11.85502, 4.53188, 14.17496],
			"to": [12.73502, 5.85188, 14.2],
			"rotation": {"angle": -45, "axis": "z", "origin": [8.5, 0.92715, 14.18887]},
			"faces": {
				"north": {"uv": [6.016, 5.088, 10.656, 9.728], "texture": "#1"},
				"east": {"uv": [5.984, 4.704, 10.624, 9.344], "texture": "#1"},
				"south": {"uv": [6, 11, 10, 16], "texture": "#2"},
				"west": {"uv": [5.984, 5.12, 10.624, 9.76], "texture": "#1"},
				"up": {"uv": [10.752, 9.952, 6.112, 5.312], "texture": "#1"},
				"down": {"uv": [10.656, 9.856, 6.016, 5.216], "texture": "#1"}
			}
		},
		{
			"from": [10.85416, -2.51942, 14.17724],
			"to": [11.91016, -1.46342, 14.2],
			"rotation": {"angle": 22.5, "axis": "z", "origin": [8.5, 0.92715, 14.18887]},
			"faces": {
				"north": {"uv": [6.016, 5.088, 10.656, 9.728], "rotation": 180, "texture": "#1"},
				"east": {"uv": [5.984, 5.12, 10.624, 9.76], "rotation": 180, "texture": "#1"},
				"south": {"uv": [11, 13, 14, 16], "rotation": 180, "texture": "#2"},
				"west": {"uv": [5.984, 4.704, 10.624, 9.344], "rotation": 180, "texture": "#1"},
				"up": {"uv": [10.656, 9.856, 6.016, 5.216], "rotation": 180, "texture": "#1"},
				"down": {"uv": [10.752, 9.952, 6.112, 5.312], "rotation": 180, "texture": "#1"}
			}
		},
		{
			"name": "orange",
			"from": [1.3664, -1.2056, 14.15199],
			"to": [5.30805, 2.73605, 14.2302],
			"rotation": {"angle": 0, "axis": "y", "origin": [7.5, 0.92715, 14.18887]},
			"faces": {
				"north": {"uv": [6.016, 5.088, 10.656, 9.728], "texture": "#1"},
				"east": {"uv": [5.984, 4.704, 10.624, 9.344], "texture": "#1"},
				"south": {"uv": [5.024, 0, 9.664, 4.64], "rotation": 90, "texture": "#1"},
				"west": {"uv": [5.984, 5.12, 10.624, 9.76], "texture": "#1"},
				"up": {"uv": [10.752, 9.952, 6.112, 5.312], "texture": "#1"},
				"down": {"uv": [10.656, 9.856, 6.016, 5.216], "texture": "#1"}
			}
		},
		{
			"from": [2.8827, 1.8504, 14.17654],
			"to": [4.8827, 2.8504, 14.2],
			"rotation": {"angle": 22.5, "axis": "z", "origin": [3.8827, 2.3504, 14.18827]},
			"faces": {
				"north": {"uv": [10.656, 9.728, 6.016, 5.088], "rotation": 90, "texture": "#1"},
				"east": {"uv": [10.752, 9.952, 6.112, 5.312], "rotation": 90, "texture": "#1"},
				"south": {"uv": [1, 16, 4, 12], "rotation": 270, "texture": "#2"},
				"west": {"uv": [10.656, 9.856, 6.016, 5.216], "rotation": 90, "texture": "#1"},
				"up": {"uv": [5.984, 5.12, 10.624, 9.76], "rotation": 90, "texture": "#1"},
				"down": {"uv": [5.984, 4.704, 10.624, 9.344], "rotation": 90, "texture": "#1"}
			}
		},
		{
			"from": [3.26498, 4.53188, 14.17496],
			"to": [4.14498, 5.85188, 14.2],
			"rotation": {"angle": 45, "axis": "z", "origin": [7.5, 0.92715, 14.18887]},
			"faces": {
				"north": {"uv": [10.784, 5.12, 6.144, 9.76], "texture": "#1"},
				"east": {"uv": [10.624, 5.12, 5.984, 9.76], "texture": "#1"},
				"south": {"uv": [10, 11, 6, 16], "texture": "#2"},
				"west": {"uv": [10.624, 4.704, 5.984, 9.344], "texture": "#1"},
				"up": {"uv": [6.112, 9.952, 10.752, 5.312], "texture": "#1"},
				"down": {"uv": [6.016, 9.856, 10.656, 5.216], "texture": "#1"}
			}
		},
		{
			"from": [4.08984, -2.51942, 14.17724],
			"to": [5.14584, -1.46342, 14.2],
			"rotation": {"angle": -22.5, "axis": "z", "origin": [7.5, 0.92715, 14.18887]},
			"faces": {
				"north": {"uv": [10.656, 5.024, 6.016, 9.664], "rotation": 180, "texture": "#1"},
				"east": {"uv": [10.624, 4.704, 5.984, 9.344], "rotation": 180, "texture": "#1"},
				"south": {"uv": [14, 13, 11, 16], "rotation": 180, "texture": "#2"},
				"west": {"uv": [10.624, 5.12, 5.984, 9.76], "rotation": 180, "texture": "#1"},
				"up": {"uv": [6.016, 9.856, 10.656, 5.216], "rotation": 180, "texture": "#1"},
				"down": {"uv": [6.112, 9.952, 10.752, 5.312], "rotation": 180, "texture": "#1"}
			}
		},
		{
			"name": "yellow",
			"from": [14.15694, -1.2056, 1.82578],
			"to": [14.28626, 2.7361, 5.76748],
			"rotation": {"angle": 0, "axis": "y", "origin": [14.2216, 0.76525, 3.79663]},
			"faces": {
				"north": {"uv": [10.624, 5.12, 5.984, 9.76], "texture": "#1"},
				"east": {"uv": [10.944, 10.24, 5.184, 16], "texture": "#1"},
				"south": {"uv": [10.624, 4.704, 5.984, 9.344], "texture": "#1"},
				"west": {"uv": [10.656, 5.024, 6.016, 9.664], "texture": "#1"},
				"up": {"uv": [6.112, 9.952, 10.752, 5.312], "rotation": 270, "texture": "#1"},
				"down": {"uv": [6.016, 9.856, 10.656, 5.216], "rotation": 90, "texture": "#1"}
			}
		},
		{
			"from": [14.2626, 2.1004, 3.56173],
			"to": [14.28606, 4.1004, 4.56173],
			"rotation": {"angle": 22.5, "axis": "x", "origin": [14.27447, 2.3504, 2.56173]},
			"faces": {
				"north": {"uv": [5.984, 4.704, 10.624, 9.344], "texture": "#2"},
				"east": {"uv": [4, 12, 1, 16], "texture": "#2"},
				"south": {"uv": [5.984, 5.12, 10.624, 9.76], "texture": "#1"},
				"west": {"uv": [6.016, 5.088, 10.656, 9.728], "texture": "#1"},
				"up": {"uv": [10.752, 9.952, 6.112, 5.312], "rotation": 270, "texture": "#1"},
				"down": {"uv": [10.656, 9.856, 6.016, 5.216], "rotation": 90, "texture": "#1"}
			}
		},
		{
			"from": [14.26116, -0.62526, 1.22574],
			"to": [14.2862, 0.25474, 2.54574],
			"rotation": {"angle": -22.5, "axis": "x", "origin": [14.27368, 0.31474, 2.38574]},
			"faces": {
				"north": {"uv": [6.112, 9.952, 10.752, 5.312], "rotation": 90, "texture": "#2"},
				"east": {"uv": [6, 16, 10, 11], "rotation": 270, "texture": "#2"},
				"south": {"uv": [6.016, 9.856, 10.656, 5.216], "rotation": 90, "texture": "#1"},
				"west": {"uv": [6.144, 9.76, 10.784, 5.12], "rotation": 90, "texture": "#1"},
				"up": {"uv": [10.624, 4.704, 5.984, 9.344], "texture": "#1"},
				"down": {"uv": [10.624, 5.12, 5.984, 9.76], "rotation": 180, "texture": "#1"}
			}
		},
		{
			"from": [14.26344, 0.23058, 5.37459],
			"to": [14.2862, 1.28658, 6.43059],
			"rotation": {"angle": 0, "axis": "y", "origin": [14.27482, -3.99142, 5.65259]},
			"faces": {
				"north": {"uv": [6.016, 9.856, 10.656, 5.216], "rotation": 270, "texture": "#2"},
				"east": {"uv": [11, 16, 14, 13], "rotation": 90, "texture": "#2"},
				"south": {"uv": [6.112, 9.952, 10.752, 5.312], "rotation": 270, "texture": "#1"},
				"west": {"uv": [6.016, 9.664, 10.656, 5.024], "rotation": 270, "texture": "#1"},
				"up": {"uv": [10.624, 5.12, 5.984, 9.76], "rotation": 180, "texture": "#1"},
				"down": {"uv": [10.624, 4.704, 5.984, 9.344], "texture": "#1"}
			}
		},
		{
			"name": "green",
			"from": [14.15708, -1.2056, 4.82578],
			"to": [14.2864, 2.7361, 8.76748],
			"rotation": {"angle": 0, "axis": "y", "origin": [14.22164, 0.76525, 8.04663]},
			"faces": {
				"north": {"uv": [10.624, 5.12, 5.984, 9.76], "texture": "#1"},
				"east": {"uv": [5.824, 4.768, 0.096, 10.496], "texture": "#1"},
				"south": {"uv": [10.624, 4.704, 5.984, 9.344], "texture": "#1"},
				"west": {"uv": [10.656, 5.024, 6.016, 9.664], "texture": "#1"},
				"up": {"uv": [6.112, 9.952, 10.752, 5.312], "rotation": 270, "texture": "#1"},
				"down": {"uv": [6.016, 9.856, 10.656, 5.216], "rotation": 90, "texture": "#1"}
			}
		},
		{
			"from": [14.26274, -2.28072, 6.23456],
			"to": [14.2862, -0.28072, 7.23456],
			"rotation": {"angle": 0, "axis": "y", "origin": [14.27447, 2.46928, 6.73456]},
			"faces": {
				"north": {"uv": [5.984, 5.12, 10.624, 9.76], "rotation": 180, "texture": "#1"},
				"east": {"uv": [4, 12, 1, 16], "rotation": 180, "texture": "#2"},
				"south": {"uv": [5.984, 4.704, 10.624, 9.344], "rotation": 180, "texture": "#2"},
				"west": {"uv": [6.016, 5.088, 10.656, 9.728], "rotation": 180, "texture": "#1"},
				"up": {"uv": [10.656, 9.856, 6.016, 5.216], "rotation": 90, "texture": "#1"},
				"down": {"uv": [10.752, 9.952, 6.112, 5.312], "rotation": 270, "texture": "#1"}
			}
		},
		{
			"from": [14.26126, 3.05639, 8.90805],
			"to": [14.2863, 4.37639, 9.78805],
			"rotation": {"angle": 45, "axis": "x", "origin": [14.27368, 2.96639, 6.09805]},
			"faces": {
				"north": {"uv": [10.624, 5.12, 5.984, 9.76], "texture": "#1"},
				"east": {"uv": [10, 11, 6, 16], "texture": "#2"},
				"south": {"uv": [10.624, 4.704, 5.984, 9.344], "texture": "#1"},
				"west": {"uv": [10.784, 5.12, 6.144, 9.76], "texture": "#1"},
				"up": {"uv": [6.112, 9.952, 10.752, 5.312], "rotation": 270, "texture": "#2"},
				"down": {"uv": [6.016, 9.856, 10.656, 5.216], "rotation": 90, "texture": "#1"}
			}
		},
		{
			"from": [14.26344, 2.23058, 5.37459],
			"to": [14.2862, 3.28658, 6.43059],
			"rotation": {"angle": -22.5, "axis": "x", "origin": [14.27482, 2.75858, 5.90259]},
			"faces": {
				"north": {"uv": [10.624, 5.12, 5.984, 9.76], "texture": "#1"},
				"east": {"uv": [14, 13, 11, 16], "texture": "#2"},
				"south": {"uv": [10.624, 4.704, 5.984, 9.344], "texture": "#1"},
				"west": {"uv": [10.656, 5.024, 6.016, 9.664], "texture": "#1"},
				"up": {"uv": [6.112, 9.952, 10.752, 5.312], "rotation": 270, "texture": "#1"},
				"down": {"uv": [6.016, 9.856, 10.656, 5.216], "rotation": 90, "texture": "#2"}
			}
		},
		{
			"name": "blue",
			"from": [14.15693, -1.2056, 7.82578],
			"to": [14.28625, 2.7361, 11.76748],
			"rotation": {"angle": 0, "axis": "y", "origin": [11.02766, 2.05304, 9.33442]},
			"faces": {
				"north": {"uv": [10.624, 5.12, 5.984, 9.76], "texture": "#1"},
				"east": {"uv": [16.032, 5.088, 10.816, 10.304], "texture": "#1"},
				"south": {"uv": [10.624, 4.704, 5.984, 9.344], "texture": "#1"},
				"west": {"uv": [10.656, 5.024, 6.016, 9.664], "texture": "#1"},
				"up": {"uv": [6.112, 9.952, 10.752, 5.312], "rotation": 270, "texture": "#1"},
				"down": {"uv": [6.016, 9.856, 10.656, 5.216], "rotation": 90, "texture": "#1"}
			}
		},
		{
			"from": [14.26264, 0.21928, 5.48456],
			"to": [14.2861, 1.21928, 7.48456],
			"rotation": {"angle": 45, "axis": "x", "origin": [14.27437, -1.28072, 9.73456]},
			"faces": {
				"north": {"uv": [10.752, 9.952, 6.112, 5.312], "rotation": 90, "texture": "#1"},
				"east": {"uv": [1, 16, 4, 12], "rotation": 270, "texture": "#2"},
				"south": {"uv": [10.656, 9.856, 6.016, 5.216], "rotation": 90, "texture": "#1"},
				"west": {"uv": [10.656, 9.728, 6.016, 5.088], "rotation": 90, "texture": "#1"},
				"up": {"uv": [5.984, 5.12, 10.624, 9.76], "texture": "#1"},
				"down": {"uv": [5.984, 4.704, 10.624, 9.344], "rotation": 180, "texture": "#2"}
			}
		},
		{
			"from": [14.26106, -0.79716, 9.40069],
			"to": [14.2861, 0.52284, 10.28069],
			"rotation": {"angle": -22.5, "axis": "x", "origin": [14.27358, 2.61284, 10.34069]},
			"faces": {
				"north": {"uv": [10.624, 4.704, 5.984, 9.344], "rotation": 180, "texture": "#1"},
				"east": {"uv": [10, 11, 6, 16], "rotation": 180, "texture": "#2"},
				"south": {"uv": [10.624, 5.12, 5.984, 9.76], "rotation": 180, "texture": "#1"},
				"west": {"uv": [10.784, 5.12, 6.144, 9.76], "rotation": 180, "texture": "#1"},
				"up": {"uv": [6.016, 9.856, 10.656, 5.216], "rotation": 90, "texture": "#1"},
				"down": {"uv": [6.112, 9.952, 10.752, 5.312], "rotation": 270, "texture": "#2"}
			}
		},
		{
			"from": [14.26334, -1.90875, 7.92781],
			"to": [14.2861, -0.85275, 8.98381],
			"rotation": {"angle": 45, "axis": "x", "origin": [14.27472, -1.23075, 9.20581]},
			"faces": {
				"north": {"uv": [10.624, 4.704, 5.984, 9.344], "rotation": 180, "texture": "#1"},
				"east": {"uv": [14, 13, 11, 16], "rotation": 180, "texture": "#2"},
				"south": {"uv": [10.624, 5.12, 5.984, 9.76], "rotation": 180, "texture": "#1"},
				"west": {"uv": [10.656, 5.024, 6.016, 9.664], "rotation": 180, "texture": "#1"},
				"up": {"uv": [6.016, 9.856, 10.656, 5.216], "rotation": 90, "texture": "#2"},
				"down": {"uv": [6.112, 9.952, 10.752, 5.312], "rotation": 270, "texture": "#1"}
			}
		},
		{
			"name": "purple",
			"from": [14.15698, -1.2056, 10.57578],
			"to": [14.2863, 2.7361, 14.51748],
			"rotation": {"angle": 0, "axis": "y", "origin": [11.02766, 2.05304, 1.33442]},
			"faces": {
				"north": {"uv": [10.624, 5.12, 5.984, 9.76], "texture": "#1"},
				"east": {"uv": [4.832, 0, 0.192, 4.64], "texture": "#1"},
				"south": {"uv": [10.624, 4.704, 5.984, 9.344], "texture": "#1"},
				"west": {"uv": [10.656, 5.024, 6.016, 9.664], "texture": "#1"},
				"up": {"uv": [6.112, 9.952, 10.752, 5.312], "rotation": 270, "texture": "#1"},
				"down": {"uv": [6.016, 9.856, 10.656, 5.216], "rotation": 90, "texture": "#1"}
			}
		},
		{
			"from": [14.26344, -0.0716, 13.18062],
			"to": [14.2862, 0.9844, 14.23662],
			"rotation": {"angle": -22.5, "axis": "x", "origin": [14.27482, 1.9564, 12.45862]},
			"faces": {
				"north": {"uv": [6.016, 9.856, 10.656, 5.216], "rotation": 270, "texture": "#2"},
				"east": {"uv": [11, 16, 14, 13], "rotation": 90, "texture": "#2"},
				"south": {"uv": [6.112, 9.952, 10.752, 5.312], "rotation": 270, "texture": "#1"},
				"west": {"uv": [6.016, 9.664, 10.656, 5.024], "rotation": 270, "texture": "#1"},
				"up": {"uv": [10.624, 5.12, 5.984, 9.76], "rotation": 180, "texture": "#1"},
				"down": {"uv": [10.624, 4.704, 5.984, 9.344], "texture": "#1"}
			}
		},
		{
			"from": [14.26274, -3.28072, 12.73456],
			"to": [14.2862, -1.28072, 13.73456],
			"rotation": {"angle": -45, "axis": "x", "origin": [14.27447, -1.28072, 12.23456]},
			"faces": {
				"north": {"uv": [5.984, 5.12, 10.624, 9.76], "rotation": 180, "texture": "#1"},
				"east": {"uv": [4, 12, 1, 16], "rotation": 180, "texture": "#2"},
				"south": {"uv": [5.984, 4.704, 10.624, 9.344], "rotation": 180, "texture": "#2"},
				"west": {"uv": [6.016, 5.088, 10.656, 9.728], "rotation": 180, "texture": "#1"},
				"up": {"uv": [10.656, 9.856, 6.016, 5.216], "rotation": 90, "texture": "#1"},
				"down": {"uv": [10.752, 9.952, 6.112, 5.312], "rotation": 270, "texture": "#1"}
			}
		},
		{
			"from": [14.26116, 2.0135, 11.96135],
			"to": [14.2862, 3.3335, 12.84135],
			"rotation": {"angle": 0, "axis": "y", "origin": [14.27368, 3.6735, 11.40135]},
			"faces": {
				"north": {"uv": [10.624, 5.12, 5.984, 9.76], "texture": "#1"},
				"east": {"uv": [10, 11, 6, 16], "texture": "#2"},
				"south": {"uv": [10.624, 4.704, 5.984, 9.344], "texture": "#1"},
				"west": {"uv": [10.784, 5.12, 6.144, 9.76], "texture": "#1"},
				"up": {"uv": [6.112, 9.952, 10.752, 5.312], "rotation": 270, "texture": "#2"},
				"down": {"uv": [6.016, 9.856, 10.656, 5.216], "rotation": 90, "texture": "#1"}
			}
		},
		{
			"from": [1.75, 0, 2],
			"to": [14.25, 1, 2.5],
			"rotation": {"angle": 0, "axis": "y", "origin": [4, 0, 0]},
			"faces": {
				"north": {"uv": [0, 0, 13, 1], "texture": "#4"},
				"east": {"uv": [0, 0, 0.5, 1], "texture": "#4"},
				"south": {"uv": [0, 0, 13, 1], "texture": "#4"},
				"west": {"uv": [0, 0, 0.5, 1], "texture": "#4"},
				"up": {"uv": [0, 0, 13, 1], "texture": "#4"},
				"down": {"uv": [0, 0, 13, 1], "texture": "#4"}
			}
		},
		{
			"from": [1.75, 0, 13.51],
			"to": [14.25, 1, 14.01],
			"rotation": {"angle": 0, "axis": "y", "origin": [4, 0, 16]},
			"faces": {
				"north": {"uv": [13, 0, 0, 1], "texture": "#4"},
				"east": {"uv": [0.5, 0, 0, 1], "texture": "#4"},
				"south": {"uv": [13, 0, 0, 1], "texture": "#4"},
				"west": {"uv": [0.5, 0, 0, 1], "texture": "#4"},
				"up": {"uv": [0, 1, 13, 0], "texture": "#4"},
				"down": {"uv": [0, 1, 13, 0], "texture": "#4"}
			}
		},
		{
			"from": [1.76, 0.1, 2.125],
			"to": [2.26, 0.9, 14],
			"rotation": {"angle": 0, "axis": "y", "origin": [1.75, 0.5, 8.5]},
			"faces": {
				"north": {"uv": [0, 0, 0.5, 1], "texture": "#4"},
				"east": {"uv": [0, 0, 13, 1], "texture": "#4"},
				"south": {"uv": [0, 0, 0.5, 1], "texture": "#4"},
				"west": {"uv": [0, 0, 13, 1], "texture": "#4"},
				"up": {"uv": [0, 0, 13, 1], "rotation": 270, "texture": "#4"},
				"down": {"uv": [0, 0, 13, 1], "rotation": 90, "texture": "#4"}
			}
		},
		{
			"from": [13.74, 0.1, 2.125],
			"to": [14.24, 0.9, 14],
			"rotation": {"angle": 0, "axis": "y", "origin": [14.75, 0.5, 7.5]},
			"faces": {
				"north": {"uv": [0, 0, 0.5, 1], "texture": "#4"},
				"east": {"uv": [0, 0, 13, 1], "texture": "#4"},
				"south": {"uv": [0, 0, 0.5, 1], "texture": "#4"},
				"west": {"uv": [0, 0, 13, 1], "texture": "#4"},
				"up": {"uv": [0, 0, 13, 1], "rotation": 90, "texture": "#4"},
				"down": {"uv": [0, 0, 13, 1], "rotation": 270, "texture": "#4"}
			}
		}
	],
	"display": {
		"thirdperson_righthand": {
			"rotation": [90, 0, 0],
			"translation": [0, -2, 11.75],
			"scale": [0.36, 0.36, 0.36]
		},
		"thirdperson_lefthand": {
			"rotation": [90, 0, 0],
			"translation": [0, -2, 11.75],
			"scale": [0.36, 0.36, 0.36]
		},
		"firstperson_righthand": {
			"rotation": [-11, 13, -11],
			"translation": [-1, 6.75, 0],
			"scale": [0.41, 0.41, 0.41]
		},
		"firstperson_lefthand": {
			"rotation": [-11, 13, -11],
			"translation": [-1, 6.75, 0],
			"scale": [0.41, 0.41, 0.41]
		},
		"ground": {
			"translation": [0, 2.5, 0],
			"scale": [0.59, 0.59, 0.59]
		},
		"gui": {
			"rotation": [0, 150, 0],
			"translation": [0, 7, 2.5],
			"scale": [0.89, 0.89, 0.89]
		},
		"head": {
			"rotation": [2, 0, 0],
			"translation": [0, 10.5, 0],
			"scale": [1.2, 1, 1.24]
		},
		"fixed": {
			"translation": [0, 8, 0]
		}
	},
	"groups": [
		{
			"name": "group",
			"origin": [8, 8, 8],
			"children": [
				{
					"name": "group",
					"origin": [8, 8, 8],
					"children": [
						{
							"name": "yellow",
							"origin": [-9.0016, 3.25864, -11.44558],
							"children": [0, 1, 2, 3]
						},
						{
							"name": "green",
							"origin": [8, 8, 8],
							"children": [4, 5, 6, 7]
						},
						{
							"name": "blue",
							"origin": [8, 8, 8],
							"children": [8, 9, 10, 11]
						},
						{
							"name": "purple",
							"origin": [8, 8, 8],
							"children": [12, 13, 14, 15]
						}
					]
				},
				{
					"name": "group",
					"origin": [8, 8, 8],
					"children": [
						{
							"name": "red",
							"origin": [8, 8, 8],
							"children": [16, 17, 18, 19]
						},
						{
							"name": "red",
							"origin": [8, 8, 8],
							"children": [20, 21, 22, 23]
						},
						{
							"name": "orange",
							"origin": [8, 8, 8],
							"children": [
								{
									"name": "orange",
									"origin": [8, 8, 8],
									"children": [24, 25, 26, 27]
								},
								{
									"name": "group",
									"origin": [8, 8, 8],
									"children": [28, 29, 30, 31]
								}
							]
						},
						{
							"name": "orange",
							"origin": [8, 8, 8],
							"children": [
								{
									"name": "orange",
									"origin": [8, 8, 8],
									"children": [32, 33, 34, 35]
								},
								{
									"name": "group",
									"origin": [8, 8, 8],
									"children": [36, 37, 38, 39]
								}
							]
						},
						{
							"name": "group",
							"origin": [8, 8, 8],
							"children": [
								{
									"name": "yellow",
									"origin": [-9.0016, 3.25864, -11.44558],
									"children": [40, 41, 42, 43]
								},
								{
									"name": "green",
									"origin": [8, 8, 8],
									"children": [44, 45, 46, 47]
								},
								{
									"name": "blue",
									"origin": [8, 8, 8],
									"children": [48, 49, 50, 51]
								},
								{
									"name": "purple",
									"origin": [8, 8, 8],
									"children": [52, 53, 54, 55]
								}
							]
						}
					]
				},
				{
					"name": "group",
					"origin": [8, 8, 8],
					"children": [56, 57, 58, 59]
				}
			]
		}
	]
}
