{
	"credit": "Made with Blockbench",
	"textures": {
		"1": "block/black_wool",
		"6": "block/red_terracotta",
		"8": "block/yellow_terracotta",
		"11": "block/command_block"
	},
	"elements": [
		{
			"name": "Rim 1",
			"from": [6, 0, 1.5],
			"to": [10, 1, 14],
			"faces": {
				"north": {"uv": [2, 2, 10, 5], "texture": "#6"},
				"east": {"uv": [2, 2, 10, 5], "texture": "#6"},
				"south": {"uv": [2, 2, 10, 5], "texture": "#6"},
				"west": {"uv": [2, 2, 10, 5], "texture": "#6"},
				"up": {"uv": [2, 2, 10, 5], "texture": "#6"},
				"down": {"uv": [2, 2, 10, 5], "texture": "#6"}
			}
		},
		{
			"name": "Rim 2",
			"from": [1.5, 0, 6],
			"to": [2, 1, 10],
			"faces": {
				"north": {"uv": [2, 2, 10, 5], "texture": "#6"},
				"east": {"uv": [2, 2, 10, 5], "texture": "#6"},
				"south": {"uv": [2, 2, 10, 5], "texture": "#6"},
				"west": {"uv": [2, 2, 10, 5], "texture": "#6"},
				"up": {"uv": [2, 2, 10, 5], "texture": "#6"},
				"down": {"uv": [2, 2, 10, 5], "texture": "#6"}
			}
		},
		{
			"name": "Rim 3",
			"from": [6, 0, 14],
			"to": [10, 1, 14.5],
			"faces": {
				"north": {"uv": [2, 2, 10, 5], "texture": "#6"},
				"east": {"uv": [2, 2, 10, 5], "texture": "#6"},
				"south": {"uv": [2, 2, 10, 5], "texture": "#6"},
				"west": {"uv": [2, 2, 10, 5], "texture": "#6"},
				"up": {"uv": [2, 2, 10, 5], "texture": "#6"},
				"down": {"uv": [2, 2, 10, 5], "texture": "#6"}
			}
		},
		{
			"name": "Rim 4",
			"from": [14, 0, 6],
			"to": [14.5, 1, 10],
			"faces": {
				"north": {"uv": [2, 2, 10, 5], "texture": "#6"},
				"east": {"uv": [2, 2, 10, 5], "texture": "#6"},
				"south": {"uv": [2, 2, 10, 5], "texture": "#6"},
				"west": {"uv": [2, 2, 10, 5], "texture": "#6"},
				"up": {"uv": [2, 2, 10, 5], "texture": "#6"},
				"down": {"uv": [2, 2, 10, 5], "texture": "#6"}
			}
		},
		{
			"name": "Rim 5",
			"from": [2, 0, 4],
			"to": [3, 1, 6],
			"faces": {
				"north": {"uv": [2, 2, 10, 5], "texture": "#6"},
				"east": {"uv": [2, 2, 10, 5], "texture": "#6"},
				"south": {"uv": [2, 2, 10, 5], "texture": "#6"},
				"west": {"uv": [2, 2, 10, 5], "texture": "#6"},
				"up": {"uv": [2, 2, 10, 5], "texture": "#6"},
				"down": {"uv": [2, 2, 10, 5], "texture": "#6"}
			}
		},
		{
			"name": "Rim 6",
			"from": [2, 0, 6],
			"to": [3, 1, 12],
			"faces": {
				"north": {"uv": [2, 2, 10, 5], "texture": "#6"},
				"east": {"uv": [2, 2, 10, 5], "texture": "#6"},
				"south": {"uv": [2, 2, 10, 5], "texture": "#6"},
				"west": {"uv": [2, 2, 10, 5], "texture": "#6"},
				"up": {"uv": [2, 2, 10, 5], "texture": "#6"},
				"down": {"uv": [2, 2, 10, 5], "texture": "#6"}
			}
		},
		{
			"name": "Rim 7",
			"from": [13, 0, 6],
			"to": [14, 1, 12],
			"faces": {
				"north": {"uv": [2, 2, 10, 5], "texture": "#6"},
				"east": {"uv": [2, 2, 10, 5], "texture": "#6"},
				"south": {"uv": [2, 2, 10, 5], "texture": "#6"},
				"west": {"uv": [2, 2, 10, 5], "texture": "#6"},
				"up": {"uv": [2, 2, 10, 5], "texture": "#6"},
				"down": {"uv": [2, 2, 10, 5], "texture": "#6"}
			}
		},
		{
			"name": "Rim 8",
			"from": [13, 0, 4],
			"to": [14, 1, 6],
			"faces": {
				"north": {"uv": [2, 2, 10, 5], "texture": "#6"},
				"east": {"uv": [2, 2, 10, 5], "texture": "#6"},
				"south": {"uv": [2, 2, 10, 5], "texture": "#6"},
				"west": {"uv": [2, 2, 10, 5], "texture": "#6"},
				"up": {"uv": [2, 2, 10, 5], "texture": "#6"},
				"down": {"uv": [2, 2, 10, 5], "texture": "#6"}
			}
		},
		{
			"name": "Rim 9",
			"from": [10, 0, 2],
			"to": [12, 1, 3],
			"faces": {
				"north": {"uv": [2, 2, 10, 5], "texture": "#6"},
				"east": {"uv": [2, 2, 10, 5], "texture": "#6"},
				"south": {"uv": [2, 2, 10, 5], "texture": "#6"},
				"west": {"uv": [2, 2, 10, 5], "texture": "#6"},
				"up": {"uv": [2, 2, 10, 5], "texture": "#6"},
				"down": {"uv": [2, 2, 10, 5], "texture": "#6"}
			}
		},
		{
			"name": "Rim 10",
			"from": [4, 0, 2],
			"to": [6, 1, 3],
			"faces": {
				"north": {"uv": [2, 2, 10, 5], "texture": "#6"},
				"east": {"uv": [2, 2, 10, 5], "texture": "#6"},
				"south": {"uv": [2, 2, 10, 5], "texture": "#6"},
				"west": {"uv": [2, 2, 10, 5], "texture": "#6"},
				"up": {"uv": [2, 2, 10, 5], "texture": "#6"},
				"down": {"uv": [2, 2, 10, 5], "texture": "#6"}
			}
		},
		{
			"name": "Rim 11",
			"from": [4, 0, 3],
			"to": [6, 1, 14],
			"faces": {
				"north": {"uv": [2, 2, 10, 5], "texture": "#6"},
				"east": {"uv": [2, 2, 10, 5], "texture": "#6"},
				"south": {"uv": [2, 2, 10, 5], "texture": "#6"},
				"west": {"uv": [2, 2, 10, 5], "texture": "#6"},
				"up": {"uv": [2, 2, 10, 5], "texture": "#6"},
				"down": {"uv": [2, 2, 10, 5], "texture": "#6"}
			}
		},
		{
			"name": "Rim 12",
			"from": [10, 0, 3],
			"to": [12, 1, 14],
			"faces": {
				"north": {"uv": [2, 2, 10, 5], "texture": "#6"},
				"east": {"uv": [2, 2, 10, 5], "texture": "#6"},
				"south": {"uv": [2, 2, 10, 5], "texture": "#6"},
				"west": {"uv": [2, 2, 10, 5], "texture": "#6"},
				"up": {"uv": [2, 2, 10, 5], "texture": "#6"},
				"down": {"uv": [2, 2, 10, 5], "texture": "#6"}
			}
		},
		{
			"name": "Rim 13",
			"from": [3, 0, 3],
			"to": [4, 1, 12],
			"faces": {
				"north": {"uv": [2, 2, 10, 5], "texture": "#6"},
				"east": {"uv": [2, 2, 10, 5], "texture": "#6"},
				"south": {"uv": [2, 2, 10, 5], "texture": "#6"},
				"west": {"uv": [2, 2, 10, 5], "texture": "#6"},
				"up": {"uv": [2, 2, 10, 5], "texture": "#6"},
				"down": {"uv": [2, 2, 10, 5], "texture": "#6"}
			}
		},
		{
			"name": "Rim 14",
			"from": [3, 0, 12],
			"to": [4, 1, 13],
			"faces": {
				"north": {"uv": [2, 2, 10, 5], "texture": "#6"},
				"east": {"uv": [2, 2, 10, 5], "texture": "#6"},
				"south": {"uv": [2, 2, 10, 5], "texture": "#6"},
				"west": {"uv": [2, 2, 10, 5], "texture": "#6"},
				"up": {"uv": [2, 2, 10, 5], "texture": "#6"},
				"down": {"uv": [2, 2, 10, 5], "texture": "#6"}
			}
		},
		{
			"name": "Rim 15",
			"from": [12, 0, 12],
			"to": [13, 1, 13],
			"faces": {
				"north": {"uv": [2, 2, 10, 5], "texture": "#6"},
				"east": {"uv": [2, 2, 10, 5], "texture": "#6"},
				"south": {"uv": [2, 2, 10, 5], "texture": "#6"},
				"west": {"uv": [2, 2, 10, 5], "texture": "#6"},
				"up": {"uv": [2, 2, 10, 5], "texture": "#6"},
				"down": {"uv": [2, 2, 10, 5], "texture": "#6"}
			}
		},
		{
			"name": "Rim 16",
			"from": [12, 0, 3],
			"to": [13, 1, 12],
			"faces": {
				"north": {"uv": [2, 2, 10, 5], "texture": "#6"},
				"east": {"uv": [2, 2, 10, 5], "texture": "#6"},
				"south": {"uv": [2, 2, 10, 5], "texture": "#6"},
				"west": {"uv": [2, 2, 10, 5], "texture": "#6"},
				"up": {"uv": [2, 2, 10, 5], "texture": "#6"},
				"down": {"uv": [2, 2, 10, 5], "texture": "#6"}
			}
		},
		{
			"name": "Top 1",
			"from": [2, 1, 5],
			"to": [3, 2, 11],
			"faces": {
				"north": {"uv": [6.75, 3.25, 7, 3.5], "texture": "#11"},
				"east": {"uv": [6.75, 3.25, 7, 3.5], "texture": "#11"},
				"south": {"uv": [6.75, 3.25, 7, 3.5], "texture": "#11"},
				"west": {"uv": [6.75, 3.25, 7, 3.5], "texture": "#11"},
				"up": {"uv": [6.75, 3.25, 7, 3.5], "texture": "#11"},
				"down": {"uv": [6.75, 3.25, 7, 3.5], "texture": "#11"}
			}
		},
		{
			"name": "Top 2",
			"from": [13, 1, 5],
			"to": [14, 2, 11],
			"faces": {
				"north": {"uv": [6.75, 3.25, 7, 3.5], "texture": "#11"},
				"east": {"uv": [6.75, 3.25, 7, 3.5], "texture": "#11"},
				"south": {"uv": [6.75, 3.25, 7, 3.5], "texture": "#11"},
				"west": {"uv": [6.75, 3.25, 7, 3.5], "texture": "#11"},
				"up": {"uv": [6.75, 3.25, 7, 3.5], "texture": "#11"},
				"down": {"uv": [6.75, 3.25, 7, 3.5], "texture": "#11"}
			}
		},
		{
			"name": "Top 3",
			"from": [5, 1, 13],
			"to": [11, 2, 14],
			"faces": {
				"north": {"uv": [6.75, 3.25, 7, 3.5], "texture": "#11"},
				"east": {"uv": [6.75, 3.25, 7, 3.5], "texture": "#11"},
				"south": {"uv": [6.75, 3.25, 7, 3.5], "texture": "#11"},
				"west": {"uv": [6.75, 3.25, 7, 3.5], "texture": "#11"},
				"up": {"uv": [6.75, 3.25, 7, 3.5], "texture": "#11"},
				"down": {"uv": [6.75, 3.25, 7, 3.5], "texture": "#11"}
			}
		},
		{
			"name": "Top 4",
			"from": [5, 1, 2],
			"to": [11, 2, 3],
			"faces": {
				"north": {"uv": [6.75, 3.25, 7, 3.5], "texture": "#11"},
				"east": {"uv": [6.75, 3.25, 7, 3.5], "texture": "#11"},
				"south": {"uv": [6.75, 3.25, 7, 3.5], "texture": "#11"},
				"west": {"uv": [6.75, 3.25, 7, 3.5], "texture": "#11"},
				"up": {"uv": [6.75, 3.25, 7, 3.5], "texture": "#11"},
				"down": {"uv": [6.75, 3.25, 7, 3.5], "texture": "#11"}
			}
		},
		{
			"name": "Cube",
			"from": [7, 2, 2.4],
			"to": [9, 3, 3.4],
			"faces": {
				"north": {"uv": [6.75, 3.25, 7, 3.5], "texture": "#11"},
				"east": {"uv": [6.75, 3.25, 7, 3.5], "texture": "#11"},
				"south": {"uv": [6.75, 3.25, 7, 3.5], "texture": "#11"},
				"west": {"uv": [6.75, 3.25, 7, 3.5], "texture": "#11"},
				"up": {"uv": [6.75, 3.25, 7, 3.5], "texture": "#11"},
				"down": {"uv": [6.75, 3.25, 7, 3.5], "texture": "#11"}
			}
		},
		{
			"name": "Cube",
			"from": [7, 2, 12],
			"to": [9, 3, 13.6],
			"faces": {
				"north": {"uv": [6.75, 3.25, 7, 3.5], "texture": "#11"},
				"east": {"uv": [6.75, 3.25, 7, 3.5], "texture": "#11"},
				"south": {"uv": [6.75, 3.25, 7, 3.5], "texture": "#11"},
				"west": {"uv": [6.75, 3.25, 7, 3.5], "texture": "#11"},
				"up": {"uv": [6.75, 3.25, 7, 3.5], "texture": "#11"},
				"down": {"uv": [6.75, 3.25, 7, 3.5], "texture": "#11"}
			}
		},
		{
			"name": "Cube",
			"from": [2.4, 2, 7],
			"to": [3.4, 3, 9],
			"faces": {
				"north": {"uv": [6.75, 3.25, 7, 3.5], "texture": "#11"},
				"east": {"uv": [6.75, 3.25, 7, 3.5], "texture": "#11"},
				"south": {"uv": [6.75, 3.25, 7, 3.5], "texture": "#11"},
				"west": {"uv": [6.75, 3.25, 7, 3.5], "texture": "#11"},
				"up": {"uv": [6.75, 3.25, 7, 3.5], "texture": "#11"},
				"down": {"uv": [6.75, 3.25, 7, 3.5], "texture": "#11"}
			}
		},
		{
			"name": "Cube",
			"from": [13, 2, 7],
			"to": [13.6, 3, 9],
			"faces": {
				"north": {"uv": [6.75, 3.25, 7, 3.5], "texture": "#11"},
				"east": {"uv": [6.75, 3.25, 7, 3.5], "texture": "#11"},
				"south": {"uv": [6.75, 3.25, 7, 3.5], "texture": "#11"},
				"west": {"uv": [6.75, 3.25, 7, 3.5], "texture": "#11"},
				"up": {"uv": [6.75, 3.25, 7, 3.5], "texture": "#11"},
				"down": {"uv": [6.75, 3.25, 7, 3.5], "texture": "#11"}
			}
		},
		{
			"name": "Cube",
			"from": [4, 1, 3],
			"to": [6, 2, 4],
			"faces": {
				"north": {"uv": [6.75, 3.25, 7, 3.5], "texture": "#11"},
				"east": {"uv": [6.75, 3.25, 7, 3.5], "texture": "#11"},
				"south": {"uv": [6.75, 3.25, 7, 3.5], "texture": "#11"},
				"west": {"uv": [6.75, 3.25, 7, 3.5], "texture": "#11"},
				"up": {"uv": [6.75, 3.25, 7, 3.5], "texture": "#11"},
				"down": {"uv": [6.75, 3.25, 7, 3.5], "texture": "#11"}
			}
		},
		{
			"name": "Cube",
			"from": [4, 1, 12],
			"to": [6, 2, 13],
			"faces": {
				"north": {"uv": [6.75, 3.25, 7, 3.5], "texture": "#11"},
				"east": {"uv": [6.75, 3.25, 7, 3.5], "texture": "#11"},
				"south": {"uv": [6.75, 3.25, 7, 3.5], "texture": "#11"},
				"west": {"uv": [6.75, 3.25, 7, 3.5], "texture": "#11"},
				"up": {"uv": [6.75, 3.25, 7, 3.5], "texture": "#11"},
				"down": {"uv": [6.75, 3.25, 7, 3.5], "texture": "#11"}
			}
		},
		{
			"name": "Cube",
			"from": [10, 1, 12],
			"to": [12, 2, 13],
			"faces": {
				"north": {"uv": [6.75, 3.25, 7, 3.5], "texture": "#11"},
				"east": {"uv": [6.75, 3.25, 7, 3.5], "texture": "#11"},
				"south": {"uv": [6.75, 3.25, 7, 3.5], "texture": "#11"},
				"west": {"uv": [6.75, 3.25, 7, 3.5], "texture": "#11"},
				"up": {"uv": [6.75, 3.25, 7, 3.5], "texture": "#11"},
				"down": {"uv": [6.75, 3.25, 7, 3.5], "texture": "#11"}
			}
		},
		{
			"name": "Cube",
			"from": [10, 1, 3],
			"to": [12, 2, 4],
			"faces": {
				"north": {"uv": [6.75, 3.25, 7, 3.5], "texture": "#11"},
				"east": {"uv": [6.75, 3.25, 7, 3.5], "texture": "#11"},
				"south": {"uv": [6.75, 3.25, 7, 3.5], "texture": "#11"},
				"west": {"uv": [6.75, 3.25, 7, 3.5], "texture": "#11"},
				"up": {"uv": [6.75, 3.25, 7, 3.5], "texture": "#11"},
				"down": {"uv": [6.75, 3.25, 7, 3.5], "texture": "#11"}
			}
		},
		{
			"name": "Cube",
			"from": [12, 1, 4],
			"to": [13, 2, 6],
			"faces": {
				"north": {"uv": [6.75, 3.25, 7, 3.5], "texture": "#11"},
				"east": {"uv": [6.75, 3.25, 7, 3.5], "texture": "#11"},
				"south": {"uv": [6.75, 3.25, 7, 3.5], "texture": "#11"},
				"west": {"uv": [6.75, 3.25, 7, 3.5], "texture": "#11"},
				"up": {"uv": [6.75, 3.25, 7, 3.5], "texture": "#11"},
				"down": {"uv": [6.75, 3.25, 7, 3.5], "texture": "#11"}
			}
		},
		{
			"name": "Cube",
			"from": [12, 1, 10],
			"to": [13, 2, 12],
			"faces": {
				"north": {"uv": [6.75, 3.25, 7, 3.5], "texture": "#11"},
				"east": {"uv": [6.75, 3.25, 7, 3.5], "texture": "#11"},
				"south": {"uv": [6.75, 3.25, 7, 3.5], "texture": "#11"},
				"west": {"uv": [6.75, 3.25, 7, 3.5], "texture": "#11"},
				"up": {"uv": [6.75, 3.25, 7, 3.5], "texture": "#11"},
				"down": {"uv": [6.75, 3.25, 7, 3.5], "texture": "#11"}
			}
		},
		{
			"name": "Cube",
			"from": [3, 1, 4],
			"to": [4, 2, 6],
			"faces": {
				"north": {"uv": [6.75, 3.25, 7, 3.5], "texture": "#11"},
				"east": {"uv": [6.75, 3.25, 7, 3.5], "texture": "#11"},
				"south": {"uv": [6.75, 3.25, 7, 3.5], "texture": "#11"},
				"west": {"uv": [6.75, 3.25, 7, 3.5], "texture": "#11"},
				"up": {"uv": [6.75, 3.25, 7, 3.5], "texture": "#11"},
				"down": {"uv": [6.75, 3.25, 7, 3.5], "texture": "#11"}
			}
		},
		{
			"name": "Cube",
			"from": [3, 2, 6],
			"to": [4, 3, 7],
			"faces": {
				"north": {"uv": [6.75, 3.25, 7, 3.5], "texture": "#11"},
				"east": {"uv": [6.75, 3.25, 7, 3.5], "texture": "#11"},
				"south": {"uv": [6.75, 3.25, 7, 3.5], "texture": "#11"},
				"west": {"uv": [6.75, 3.25, 7, 3.5], "texture": "#11"},
				"up": {"uv": [6.75, 3.25, 7, 3.5], "texture": "#11"},
				"down": {"uv": [6.75, 3.25, 7, 3.5], "texture": "#11"}
			}
		},
		{
			"name": "Cube",
			"from": [12, 2, 6],
			"to": [13, 3, 7],
			"faces": {
				"north": {"uv": [6.75, 3.25, 7, 3.5], "texture": "#11"},
				"east": {"uv": [6.75, 3.25, 7, 3.5], "texture": "#11"},
				"south": {"uv": [6.75, 3.25, 7, 3.5], "texture": "#11"},
				"west": {"uv": [6.75, 3.25, 7, 3.5], "texture": "#11"},
				"up": {"uv": [6.75, 3.25, 7, 3.5], "texture": "#11"},
				"down": {"uv": [6.75, 3.25, 7, 3.5], "texture": "#11"}
			}
		},
		{
			"name": "Cube",
			"from": [12, 2, 9],
			"to": [13, 3, 10],
			"faces": {
				"north": {"uv": [6.75, 3.25, 7, 3.5], "texture": "#11"},
				"east": {"uv": [6.75, 3.25, 7, 3.5], "texture": "#11"},
				"south": {"uv": [6.75, 3.25, 7, 3.5], "texture": "#11"},
				"west": {"uv": [6.75, 3.25, 7, 3.5], "texture": "#11"},
				"up": {"uv": [6.75, 3.25, 7, 3.5], "texture": "#11"},
				"down": {"uv": [6.75, 3.25, 7, 3.5], "texture": "#11"}
			}
		},
		{
			"name": "Cube",
			"from": [3, 2, 9],
			"to": [4, 3, 10],
			"faces": {
				"north": {"uv": [6.75, 3.25, 7, 3.5], "texture": "#11"},
				"east": {"uv": [6.75, 3.25, 7, 3.5], "texture": "#11"},
				"south": {"uv": [6.75, 3.25, 7, 3.5], "texture": "#11"},
				"west": {"uv": [6.75, 3.25, 7, 3.5], "texture": "#11"},
				"up": {"uv": [6.75, 3.25, 7, 3.5], "texture": "#11"},
				"down": {"uv": [6.75, 3.25, 7, 3.5], "texture": "#11"}
			}
		},
		{
			"name": "Cube",
			"from": [6, 2, 12],
			"to": [7, 3, 13],
			"faces": {
				"north": {"uv": [6.75, 3.25, 7, 3.5], "texture": "#11"},
				"east": {"uv": [6.75, 3.25, 7, 3.5], "texture": "#11"},
				"south": {"uv": [6.75, 3.25, 7, 3.5], "texture": "#11"},
				"west": {"uv": [6.75, 3.25, 7, 3.5], "texture": "#11"},
				"up": {"uv": [6.75, 3.25, 7, 3.5], "texture": "#11"},
				"down": {"uv": [6.75, 3.25, 7, 3.5], "texture": "#11"}
			}
		},
		{
			"name": "Cube",
			"from": [9, 2, 12],
			"to": [10, 3, 13],
			"faces": {
				"north": {"uv": [6.75, 3.25, 7, 3.5], "texture": "#11"},
				"east": {"uv": [6.75, 3.25, 7, 3.5], "texture": "#11"},
				"south": {"uv": [6.75, 3.25, 7, 3.5], "texture": "#11"},
				"west": {"uv": [6.75, 3.25, 7, 3.5], "texture": "#11"},
				"up": {"uv": [6.75, 3.25, 7, 3.5], "texture": "#11"},
				"down": {"uv": [6.75, 3.25, 7, 3.5], "texture": "#11"}
			}
		},
		{
			"name": "Cube",
			"from": [9, 2, 3],
			"to": [10, 3, 4],
			"faces": {
				"north": {"uv": [6.75, 3.25, 7, 3.5], "texture": "#11"},
				"east": {"uv": [6.75, 3.25, 7, 3.5], "texture": "#11"},
				"south": {"uv": [6.75, 3.25, 7, 3.5], "texture": "#11"},
				"west": {"uv": [6.75, 3.25, 7, 3.5], "texture": "#11"},
				"up": {"uv": [6.75, 3.25, 7, 3.5], "texture": "#11"},
				"down": {"uv": [6.75, 3.25, 7, 3.5], "texture": "#11"}
			}
		},
		{
			"name": "Cube",
			"from": [6, 2, 3],
			"to": [7, 3, 4],
			"faces": {
				"north": {"uv": [6.75, 3.25, 7, 3.5], "texture": "#11"},
				"east": {"uv": [6.75, 3.25, 7, 3.5], "texture": "#11"},
				"south": {"uv": [6.75, 3.25, 7, 3.5], "texture": "#11"},
				"west": {"uv": [6.75, 3.25, 7, 3.5], "texture": "#11"},
				"up": {"uv": [6.75, 3.25, 7, 3.5], "texture": "#11"},
				"down": {"uv": [6.75, 3.25, 7, 3.5], "texture": "#11"}
			}
		},
		{
			"name": "Cube",
			"from": [4, 2, 4],
			"to": [5, 3, 6],
			"faces": {
				"north": {"uv": [6.75, 3.25, 7, 3.5], "texture": "#11"},
				"east": {"uv": [6.75, 3.25, 7, 3.5], "texture": "#11"},
				"south": {"uv": [6.75, 3.25, 7, 3.5], "texture": "#11"},
				"west": {"uv": [6.75, 3.25, 7, 3.5], "texture": "#11"},
				"up": {"uv": [6.75, 3.25, 7, 3.5], "texture": "#11"},
				"down": {"uv": [6.75, 3.25, 7, 3.5], "texture": "#11"}
			}
		},
		{
			"name": "Cube",
			"from": [4, 2, 10],
			"to": [5, 3, 12],
			"faces": {
				"north": {"uv": [6.75, 3.25, 7, 3.5], "texture": "#11"},
				"east": {"uv": [6.75, 3.25, 7, 3.5], "texture": "#11"},
				"south": {"uv": [6.75, 3.25, 7, 3.5], "texture": "#11"},
				"west": {"uv": [6.75, 3.25, 7, 3.5], "texture": "#11"},
				"up": {"uv": [6.75, 3.25, 7, 3.5], "texture": "#11"},
				"down": {"uv": [6.75, 3.25, 7, 3.5], "texture": "#11"}
			}
		},
		{
			"name": "Cube",
			"from": [11, 2, 10],
			"to": [12, 3, 12],
			"faces": {
				"north": {"uv": [6.75, 3.25, 7, 3.5], "texture": "#11"},
				"east": {"uv": [6.75, 3.25, 7, 3.5], "texture": "#11"},
				"south": {"uv": [6.75, 3.25, 7, 3.5], "texture": "#11"},
				"west": {"uv": [6.75, 3.25, 7, 3.5], "texture": "#11"},
				"up": {"uv": [6.75, 3.25, 7, 3.5], "texture": "#11"},
				"down": {"uv": [6.75, 3.25, 7, 3.5], "texture": "#11"}
			}
		},
		{
			"name": "Cube",
			"from": [11, 2, 4],
			"to": [12, 3, 6],
			"faces": {
				"north": {"uv": [6.75, 3.25, 7, 3.5], "texture": "#11"},
				"east": {"uv": [6.75, 3.25, 7, 3.5], "texture": "#11"},
				"south": {"uv": [6.75, 3.25, 7, 3.5], "texture": "#11"},
				"west": {"uv": [6.75, 3.25, 7, 3.5], "texture": "#11"},
				"up": {"uv": [6.75, 3.25, 7, 3.5], "texture": "#11"},
				"down": {"uv": [6.75, 3.25, 7, 3.5], "texture": "#11"}
			}
		},
		{
			"name": "Cube",
			"from": [10, 2, 4],
			"to": [11, 3, 5],
			"faces": {
				"north": {"uv": [6.75, 3.25, 7, 3.5], "texture": "#11"},
				"east": {"uv": [6.75, 3.25, 7, 3.5], "texture": "#11"},
				"south": {"uv": [6.75, 3.25, 7, 3.5], "texture": "#11"},
				"west": {"uv": [6.75, 3.25, 7, 3.5], "texture": "#11"},
				"up": {"uv": [6.75, 3.25, 7, 3.5], "texture": "#11"},
				"down": {"uv": [6.75, 3.25, 7, 3.5], "texture": "#11"}
			}
		},
		{
			"name": "Cube",
			"from": [5, 2, 4],
			"to": [6, 3, 5],
			"faces": {
				"north": {"uv": [6.75, 3.25, 7, 3.5], "texture": "#11"},
				"east": {"uv": [6.75, 3.25, 7, 3.5], "texture": "#11"},
				"south": {"uv": [6.75, 3.25, 7, 3.5], "texture": "#11"},
				"west": {"uv": [6.75, 3.25, 7, 3.5], "texture": "#11"},
				"up": {"uv": [6.75, 3.25, 7, 3.5], "texture": "#11"},
				"down": {"uv": [6.75, 3.25, 7, 3.5], "texture": "#11"}
			}
		},
		{
			"name": "Cube",
			"from": [5, 2, 11],
			"to": [6, 3, 12],
			"faces": {
				"north": {"uv": [6.75, 3.25, 7, 3.5], "texture": "#11"},
				"east": {"uv": [6.75, 3.25, 7, 3.5], "texture": "#11"},
				"south": {"uv": [6.75, 3.25, 7, 3.5], "texture": "#11"},
				"west": {"uv": [6.75, 3.25, 7, 3.5], "texture": "#11"},
				"up": {"uv": [6.75, 3.25, 7, 3.5], "texture": "#11"},
				"down": {"uv": [6.75, 3.25, 7, 3.5], "texture": "#11"}
			}
		},
		{
			"name": "Cube",
			"from": [10, 2, 11],
			"to": [11, 3, 12],
			"faces": {
				"north": {"uv": [6.75, 3.25, 7, 3.5], "texture": "#11"},
				"east": {"uv": [6.75, 3.25, 7, 3.5], "texture": "#11"},
				"south": {"uv": [6.75, 3.25, 7, 3.5], "texture": "#11"},
				"west": {"uv": [6.75, 3.25, 7, 3.5], "texture": "#11"},
				"up": {"uv": [6.75, 3.25, 7, 3.5], "texture": "#11"},
				"down": {"uv": [6.75, 3.25, 7, 3.5], "texture": "#11"}
			}
		},
		{
			"name": "Cube",
			"from": [3, 3, 7],
			"to": [4, 4.7, 9],
			"faces": {
				"north": {"uv": [6.75, 3.25, 7, 3.5], "texture": "#11"},
				"east": {"uv": [6.75, 3.25, 7, 3.5], "texture": "#11"},
				"south": {"uv": [6.75, 3.25, 7, 3.5], "texture": "#11"},
				"west": {"uv": [6.75, 3.25, 7, 3.5], "texture": "#11"},
				"up": {"uv": [6.75, 3.25, 7, 3.5], "texture": "#11"},
				"down": {"uv": [6.75, 3.25, 7, 3.5], "texture": "#11"}
			}
		},
		{
			"name": "Cube",
			"from": [12, 3, 7],
			"to": [13, 4.7, 9],
			"faces": {
				"north": {"uv": [6.75, 3.25, 7, 3.5], "texture": "#11"},
				"east": {"uv": [6.75, 3.25, 7, 3.5], "texture": "#11"},
				"south": {"uv": [6.75, 3.25, 7, 3.5], "texture": "#11"},
				"west": {"uv": [6.75, 3.25, 7, 3.5], "texture": "#11"},
				"up": {"uv": [6.75, 3.25, 7, 3.5], "texture": "#11"},
				"down": {"uv": [6.75, 3.25, 7, 3.5], "texture": "#11"}
			}
		},
		{
			"name": "Cube",
			"from": [7, 3, 12],
			"to": [9, 4.7, 13],
			"faces": {
				"north": {"uv": [6.75, 3.25, 7, 3.5], "texture": "#11"},
				"east": {"uv": [6.75, 3.25, 7, 3.5], "texture": "#11"},
				"south": {"uv": [6.75, 3.25, 7, 3.5], "texture": "#11"},
				"west": {"uv": [6.75, 3.25, 7, 3.5], "texture": "#11"},
				"up": {"uv": [6.75, 3.25, 7, 3.5], "texture": "#11"},
				"down": {"uv": [6.75, 3.25, 7, 3.5], "texture": "#11"}
			}
		},
		{
			"name": "Cube",
			"from": [7, 3, 3],
			"to": [9, 4.7, 4],
			"faces": {
				"north": {"uv": [6.75, 3.25, 7, 3.5], "texture": "#11"},
				"east": {"uv": [6.75, 3.25, 7, 3.5], "texture": "#11"},
				"south": {"uv": [6.75, 3.25, 7, 3.5], "texture": "#11"},
				"west": {"uv": [6.75, 3.25, 7, 3.5], "texture": "#11"},
				"up": {"uv": [6.75, 3.25, 7, 3.5], "texture": "#11"},
				"down": {"uv": [6.75, 3.25, 7, 3.5], "texture": "#11"}
			}
		},
		{
			"name": "Cube",
			"from": [6, 3, 4],
			"to": [7, 5, 5],
			"faces": {
				"north": {"uv": [6.75, 3.25, 7, 3.5], "texture": "#11"},
				"east": {"uv": [6.75, 3.25, 7, 3.5], "texture": "#11"},
				"south": {"uv": [6.75, 3.25, 7, 3.5], "texture": "#11"},
				"west": {"uv": [6.75, 3.25, 7, 3.5], "texture": "#11"},
				"up": {"uv": [6.75, 3.25, 7, 3.5], "texture": "#11"},
				"down": {"uv": [6.75, 3.25, 7, 3.5], "texture": "#11"}
			}
		},
		{
			"name": "Cube",
			"from": [5, 3, 4],
			"to": [6, 4, 5],
			"faces": {
				"north": {"uv": [6.75, 3.25, 7, 3.5], "texture": "#11"},
				"east": {"uv": [6.75, 3.25, 7, 3.5], "texture": "#11"},
				"south": {"uv": [6.75, 3.25, 7, 3.5], "texture": "#11"},
				"west": {"uv": [6.75, 3.25, 7, 3.5], "texture": "#11"},
				"up": {"uv": [6.75, 3.25, 7, 3.5], "texture": "#11"},
				"down": {"uv": [6.75, 3.25, 7, 3.5], "texture": "#11"}
			}
		},
		{
			"name": "Cube",
			"from": [4, 3, 5],
			"to": [5, 4, 6],
			"faces": {
				"north": {"uv": [6.75, 3.25, 7, 3.5], "texture": "#11"},
				"east": {"uv": [6.75, 3.25, 7, 3.5], "texture": "#11"},
				"south": {"uv": [6.75, 3.25, 7, 3.5], "texture": "#11"},
				"west": {"uv": [6.75, 3.25, 7, 3.5], "texture": "#11"},
				"up": {"uv": [6.75, 3.25, 7, 3.5], "texture": "#11"},
				"down": {"uv": [6.75, 3.25, 7, 3.5], "texture": "#11"}
			}
		},
		{
			"name": "Cube",
			"from": [4, 3, 6],
			"to": [5, 5, 7],
			"faces": {
				"north": {"uv": [6.75, 3.25, 7, 3.5], "texture": "#11"},
				"east": {"uv": [6.75, 3.25, 7, 3.5], "texture": "#11"},
				"south": {"uv": [6.75, 3.25, 7, 3.5], "texture": "#11"},
				"west": {"uv": [6.75, 3.25, 7, 3.5], "texture": "#11"},
				"up": {"uv": [6.75, 3.25, 7, 3.5], "texture": "#11"},
				"down": {"uv": [6.75, 3.25, 7, 3.5], "texture": "#11"}
			}
		},
		{
			"name": "Cube",
			"from": [4, 3, 9],
			"to": [5, 5, 10],
			"faces": {
				"north": {"uv": [6.75, 3.25, 7, 3.5], "texture": "#11"},
				"east": {"uv": [6.75, 3.25, 7, 3.5], "texture": "#11"},
				"south": {"uv": [6.75, 3.25, 7, 3.5], "texture": "#11"},
				"west": {"uv": [6.75, 3.25, 7, 3.5], "texture": "#11"},
				"up": {"uv": [6.75, 3.25, 7, 3.5], "texture": "#11"},
				"down": {"uv": [6.75, 3.25, 7, 3.5], "texture": "#11"}
			}
		},
		{
			"name": "Cube",
			"from": [4, 3, 10],
			"to": [5, 4, 11],
			"faces": {
				"north": {"uv": [6.75, 3.25, 7, 3.5], "texture": "#11"},
				"east": {"uv": [6.75, 3.25, 7, 3.5], "texture": "#11"},
				"south": {"uv": [6.75, 3.25, 7, 3.5], "texture": "#11"},
				"west": {"uv": [6.75, 3.25, 7, 3.5], "texture": "#11"},
				"up": {"uv": [6.75, 3.25, 7, 3.5], "texture": "#11"},
				"down": {"uv": [6.75, 3.25, 7, 3.5], "texture": "#11"}
			}
		},
		{
			"name": "Cube",
			"from": [6, 3, 11],
			"to": [7, 5, 12],
			"faces": {
				"north": {"uv": [6.75, 3.25, 7, 3.5], "texture": "#11"},
				"east": {"uv": [6.75, 3.25, 7, 3.5], "texture": "#11"},
				"south": {"uv": [6.75, 3.25, 7, 3.5], "texture": "#11"},
				"west": {"uv": [6.75, 3.25, 7, 3.5], "texture": "#11"},
				"up": {"uv": [6.75, 3.25, 7, 3.5], "texture": "#11"},
				"down": {"uv": [6.75, 3.25, 7, 3.5], "texture": "#11"}
			}
		},
		{
			"name": "Cube",
			"from": [5, 3, 11],
			"to": [6, 4, 12],
			"faces": {
				"north": {"uv": [6.75, 3.25, 7, 3.5], "texture": "#11"},
				"east": {"uv": [6.75, 3.25, 7, 3.5], "texture": "#11"},
				"south": {"uv": [6.75, 3.25, 7, 3.5], "texture": "#11"},
				"west": {"uv": [6.75, 3.25, 7, 3.5], "texture": "#11"},
				"up": {"uv": [6.75, 3.25, 7, 3.5], "texture": "#11"},
				"down": {"uv": [6.75, 3.25, 7, 3.5], "texture": "#11"}
			}
		},
		{
			"name": "Cube",
			"from": [9, 3, 11],
			"to": [10, 5, 12],
			"faces": {
				"north": {"uv": [6.75, 3.25, 7, 3.5], "texture": "#11"},
				"east": {"uv": [6.75, 3.25, 7, 3.5], "texture": "#11"},
				"south": {"uv": [6.75, 3.25, 7, 3.5], "texture": "#11"},
				"west": {"uv": [6.75, 3.25, 7, 3.5], "texture": "#11"},
				"up": {"uv": [6.75, 3.25, 7, 3.5], "texture": "#11"},
				"down": {"uv": [6.75, 3.25, 7, 3.5], "texture": "#11"}
			}
		},
		{
			"name": "Cube",
			"from": [10, 3, 11],
			"to": [11, 4, 12],
			"faces": {
				"north": {"uv": [6.75, 3.25, 7, 3.5], "texture": "#11"},
				"east": {"uv": [6.75, 3.25, 7, 3.5], "texture": "#11"},
				"south": {"uv": [6.75, 3.25, 7, 3.5], "texture": "#11"},
				"west": {"uv": [6.75, 3.25, 7, 3.5], "texture": "#11"},
				"up": {"uv": [6.75, 3.25, 7, 3.5], "texture": "#11"},
				"down": {"uv": [6.75, 3.25, 7, 3.5], "texture": "#11"}
			}
		},
		{
			"name": "Cube",
			"from": [11, 3, 10],
			"to": [12, 4, 11],
			"faces": {
				"north": {"uv": [6.75, 3.25, 7, 3.5], "texture": "#11"},
				"east": {"uv": [6.75, 3.25, 7, 3.5], "texture": "#11"},
				"south": {"uv": [6.75, 3.25, 7, 3.5], "texture": "#11"},
				"west": {"uv": [6.75, 3.25, 7, 3.5], "texture": "#11"},
				"up": {"uv": [6.75, 3.25, 7, 3.5], "texture": "#11"},
				"down": {"uv": [6.75, 3.25, 7, 3.5], "texture": "#11"}
			}
		},
		{
			"name": "Cube",
			"from": [11, 3, 9],
			"to": [12, 5, 10],
			"faces": {
				"north": {"uv": [6.75, 3.25, 7, 3.5], "texture": "#11"},
				"east": {"uv": [6.75, 3.25, 7, 3.5], "texture": "#11"},
				"south": {"uv": [6.75, 3.25, 7, 3.5], "texture": "#11"},
				"west": {"uv": [6.75, 3.25, 7, 3.5], "texture": "#11"},
				"up": {"uv": [6.75, 3.25, 7, 3.5], "texture": "#11"},
				"down": {"uv": [6.75, 3.25, 7, 3.5], "texture": "#11"}
			}
		},
		{
			"name": "Cube",
			"from": [11, 3, 6],
			"to": [12, 5, 7],
			"faces": {
				"north": {"uv": [6.75, 3.25, 7, 3.5], "texture": "#11"},
				"east": {"uv": [6.75, 3.25, 7, 3.5], "texture": "#11"},
				"south": {"uv": [6.75, 3.25, 7, 3.5], "texture": "#11"},
				"west": {"uv": [6.75, 3.25, 7, 3.5], "texture": "#11"},
				"up": {"uv": [6.75, 3.25, 7, 3.5], "texture": "#11"},
				"down": {"uv": [6.75, 3.25, 7, 3.5], "texture": "#11"}
			}
		},
		{
			"name": "Cube",
			"from": [11, 3, 5],
			"to": [12, 4, 6],
			"faces": {
				"north": {"uv": [6.75, 3.25, 7, 3.5], "texture": "#11"},
				"east": {"uv": [6.75, 3.25, 7, 3.5], "texture": "#11"},
				"south": {"uv": [6.75, 3.25, 7, 3.5], "texture": "#11"},
				"west": {"uv": [6.75, 3.25, 7, 3.5], "texture": "#11"},
				"up": {"uv": [6.75, 3.25, 7, 3.5], "texture": "#11"},
				"down": {"uv": [6.75, 3.25, 7, 3.5], "texture": "#11"}
			}
		},
		{
			"name": "Cube",
			"from": [10, 3, 4],
			"to": [11, 4, 5],
			"faces": {
				"north": {"uv": [6.75, 3.25, 7, 3.5], "texture": "#11"},
				"east": {"uv": [6.75, 3.25, 7, 3.5], "texture": "#11"},
				"south": {"uv": [6.75, 3.25, 7, 3.5], "texture": "#11"},
				"west": {"uv": [6.75, 3.25, 7, 3.5], "texture": "#11"},
				"up": {"uv": [6.75, 3.25, 7, 3.5], "texture": "#11"},
				"down": {"uv": [6.75, 3.25, 7, 3.5], "texture": "#11"}
			}
		},
		{
			"name": "Cube",
			"from": [9, 3, 4],
			"to": [10, 5, 5],
			"faces": {
				"north": {"uv": [6.75, 3.25, 7, 3.5], "texture": "#11"},
				"east": {"uv": [6.75, 3.25, 7, 3.5], "texture": "#11"},
				"south": {"uv": [6.75, 3.25, 7, 3.5], "texture": "#11"},
				"west": {"uv": [6.75, 3.25, 7, 3.5], "texture": "#11"},
				"up": {"uv": [6.75, 3.25, 7, 3.5], "texture": "#11"},
				"down": {"uv": [6.75, 3.25, 7, 3.5], "texture": "#11"}
			}
		},
		{
			"name": "Cube",
			"from": [3, 3, 6],
			"to": [4, 4, 7],
			"faces": {
				"north": {"uv": [6.75, 3.25, 7, 3.5], "texture": "#11"},
				"east": {"uv": [6.75, 3.25, 7, 3.5], "texture": "#11"},
				"south": {"uv": [6.75, 3.25, 7, 3.5], "texture": "#11"},
				"west": {"uv": [6.75, 3.25, 7, 3.5], "texture": "#11"},
				"up": {"uv": [6.75, 3.25, 7, 3.5], "texture": "#11"},
				"down": {"uv": [6.75, 3.25, 7, 3.5], "texture": "#11"}
			}
		},
		{
			"name": "Cube",
			"from": [3, 3, 9],
			"to": [4, 4, 10],
			"faces": {
				"north": {"uv": [6.75, 3.25, 7, 3.5], "texture": "#11"},
				"east": {"uv": [6.75, 3.25, 7, 3.5], "texture": "#11"},
				"south": {"uv": [6.75, 3.25, 7, 3.5], "texture": "#11"},
				"west": {"uv": [6.75, 3.25, 7, 3.5], "texture": "#11"},
				"up": {"uv": [6.75, 3.25, 7, 3.5], "texture": "#11"},
				"down": {"uv": [6.75, 3.25, 7, 3.5], "texture": "#11"}
			}
		},
		{
			"name": "Cube",
			"from": [6, 3, 12],
			"to": [7, 4, 13],
			"faces": {
				"north": {"uv": [6.75, 3.25, 7, 3.5], "texture": "#11"},
				"east": {"uv": [6.75, 3.25, 7, 3.5], "texture": "#11"},
				"south": {"uv": [6.75, 3.25, 7, 3.5], "texture": "#11"},
				"west": {"uv": [6.75, 3.25, 7, 3.5], "texture": "#11"},
				"up": {"uv": [6.75, 3.25, 7, 3.5], "texture": "#11"},
				"down": {"uv": [6.75, 3.25, 7, 3.5], "texture": "#11"}
			}
		},
		{
			"name": "Cube",
			"from": [9, 3, 12],
			"to": [10, 4, 13],
			"faces": {
				"north": {"uv": [6.75, 3.25, 7, 3.5], "texture": "#11"},
				"east": {"uv": [6.75, 3.25, 7, 3.5], "texture": "#11"},
				"south": {"uv": [6.75, 3.25, 7, 3.5], "texture": "#11"},
				"west": {"uv": [6.75, 3.25, 7, 3.5], "texture": "#11"},
				"up": {"uv": [6.75, 3.25, 7, 3.5], "texture": "#11"},
				"down": {"uv": [6.75, 3.25, 7, 3.5], "texture": "#11"}
			}
		},
		{
			"name": "Cube",
			"from": [12, 3, 9],
			"to": [13, 4, 10],
			"faces": {
				"north": {"uv": [6.75, 3.25, 7, 3.5], "texture": "#11"},
				"east": {"uv": [6.75, 3.25, 7, 3.5], "texture": "#11"},
				"south": {"uv": [6.75, 3.25, 7, 3.5], "texture": "#11"},
				"west": {"uv": [6.75, 3.25, 7, 3.5], "texture": "#11"},
				"up": {"uv": [6.75, 3.25, 7, 3.5], "texture": "#11"},
				"down": {"uv": [6.75, 3.25, 7, 3.5], "texture": "#11"}
			}
		},
		{
			"name": "Cube",
			"from": [12, 3, 6],
			"to": [13, 4, 7],
			"faces": {
				"north": {"uv": [6.75, 3.25, 7, 3.5], "texture": "#11"},
				"east": {"uv": [6.75, 3.25, 7, 3.5], "texture": "#11"},
				"south": {"uv": [6.75, 3.25, 7, 3.5], "texture": "#11"},
				"west": {"uv": [6.75, 3.25, 7, 3.5], "texture": "#11"},
				"up": {"uv": [6.75, 3.25, 7, 3.5], "texture": "#11"},
				"down": {"uv": [6.75, 3.25, 7, 3.5], "texture": "#11"}
			}
		},
		{
			"name": "Cube",
			"from": [9, 3, 3],
			"to": [10, 4, 4],
			"faces": {
				"north": {"uv": [6.75, 3.25, 7, 3.5], "texture": "#11"},
				"east": {"uv": [6.75, 3.25, 7, 3.5], "texture": "#11"},
				"south": {"uv": [6.75, 3.25, 7, 3.5], "texture": "#11"},
				"west": {"uv": [6.75, 3.25, 7, 3.5], "texture": "#11"},
				"up": {"uv": [6.75, 3.25, 7, 3.5], "texture": "#11"},
				"down": {"uv": [6.75, 3.25, 7, 3.5], "texture": "#11"}
			}
		},
		{
			"name": "Cube",
			"from": [6, 3, 3],
			"to": [7, 4, 4],
			"faces": {
				"north": {"uv": [6.75, 3.25, 7, 3.5], "texture": "#11"},
				"east": {"uv": [6.75, 3.25, 7, 3.5], "texture": "#11"},
				"south": {"uv": [6.75, 3.25, 7, 3.5], "texture": "#11"},
				"west": {"uv": [6.75, 3.25, 7, 3.5], "texture": "#11"},
				"up": {"uv": [6.75, 3.25, 7, 3.5], "texture": "#11"},
				"down": {"uv": [6.75, 3.25, 7, 3.5], "texture": "#11"}
			}
		},
		{
			"name": "Cube",
			"from": [6, 4, 5],
			"to": [7, 5, 6],
			"faces": {
				"north": {"uv": [6.75, 3.25, 7, 3.5], "texture": "#11"},
				"east": {"uv": [6.75, 3.25, 7, 3.5], "texture": "#11"},
				"south": {"uv": [6.75, 3.25, 7, 3.5], "texture": "#11"},
				"west": {"uv": [6.75, 3.25, 7, 3.5], "texture": "#11"},
				"up": {"uv": [6.75, 3.25, 7, 3.5], "texture": "#11"},
				"down": {"uv": [6.75, 3.25, 7, 3.5], "texture": "#11"}
			}
		},
		{
			"name": "Cube",
			"from": [5, 4, 6],
			"to": [6, 5, 7],
			"faces": {
				"north": {"uv": [6.75, 3.25, 7, 3.5], "texture": "#11"},
				"east": {"uv": [6.75, 3.25, 7, 3.5], "texture": "#11"},
				"south": {"uv": [6.75, 3.25, 7, 3.5], "texture": "#11"},
				"west": {"uv": [6.75, 3.25, 7, 3.5], "texture": "#11"},
				"up": {"uv": [6.75, 3.25, 7, 3.5], "texture": "#11"},
				"down": {"uv": [6.75, 3.25, 7, 3.5], "texture": "#11"}
			}
		},
		{
			"name": "Cube",
			"from": [10, 4, 6],
			"to": [11, 5, 7],
			"faces": {
				"north": {"uv": [6.75, 3.25, 7, 3.5], "texture": "#11"},
				"east": {"uv": [6.75, 3.25, 7, 3.5], "texture": "#11"},
				"south": {"uv": [6.75, 3.25, 7, 3.5], "texture": "#11"},
				"west": {"uv": [6.75, 3.25, 7, 3.5], "texture": "#11"},
				"up": {"uv": [6.75, 3.25, 7, 3.5], "texture": "#11"},
				"down": {"uv": [6.75, 3.25, 7, 3.5], "texture": "#11"}
			}
		},
		{
			"name": "Cube",
			"from": [10, 4, 9],
			"to": [11, 5, 10],
			"faces": {
				"north": {"uv": [6.75, 3.25, 7, 3.5], "texture": "#11"},
				"east": {"uv": [6.75, 3.25, 7, 3.5], "texture": "#11"},
				"south": {"uv": [6.75, 3.25, 7, 3.5], "texture": "#11"},
				"west": {"uv": [6.75, 3.25, 7, 3.5], "texture": "#11"},
				"up": {"uv": [6.75, 3.25, 7, 3.5], "texture": "#11"},
				"down": {"uv": [6.75, 3.25, 7, 3.5], "texture": "#11"}
			}
		},
		{
			"name": "Cube",
			"from": [9, 4, 5],
			"to": [10, 5, 6],
			"faces": {
				"north": {"uv": [6.75, 3.25, 7, 3.5], "texture": "#11"},
				"east": {"uv": [6.75, 3.25, 7, 3.5], "texture": "#11"},
				"south": {"uv": [6.75, 3.25, 7, 3.5], "texture": "#11"},
				"west": {"uv": [6.75, 3.25, 7, 3.5], "texture": "#11"},
				"up": {"uv": [6.75, 3.25, 7, 3.5], "texture": "#11"},
				"down": {"uv": [6.75, 3.25, 7, 3.5], "texture": "#11"}
			}
		},
		{
			"name": "Cube",
			"from": [9, 4, 10],
			"to": [10, 5, 11],
			"faces": {
				"north": {"uv": [6.75, 3.25, 7, 3.5], "texture": "#11"},
				"east": {"uv": [6.75, 3.25, 7, 3.5], "texture": "#11"},
				"south": {"uv": [6.75, 3.25, 7, 3.5], "texture": "#11"},
				"west": {"uv": [6.75, 3.25, 7, 3.5], "texture": "#11"},
				"up": {"uv": [6.75, 3.25, 7, 3.5], "texture": "#11"},
				"down": {"uv": [6.75, 3.25, 7, 3.5], "texture": "#11"}
			}
		},
		{
			"name": "Cube",
			"from": [6, 4, 10],
			"to": [7, 5, 11],
			"faces": {
				"north": {"uv": [6.75, 3.25, 7, 3.5], "texture": "#11"},
				"east": {"uv": [6.75, 3.25, 7, 3.5], "texture": "#11"},
				"south": {"uv": [6.75, 3.25, 7, 3.5], "texture": "#11"},
				"west": {"uv": [6.75, 3.25, 7, 3.5], "texture": "#11"},
				"up": {"uv": [6.75, 3.25, 7, 3.5], "texture": "#11"},
				"down": {"uv": [6.75, 3.25, 7, 3.5], "texture": "#11"}
			}
		},
		{
			"name": "Cube",
			"from": [5, 4, 9],
			"to": [6, 5, 10],
			"faces": {
				"north": {"uv": [6.75, 3.25, 7, 3.5], "texture": "#11"},
				"east": {"uv": [6.75, 3.25, 7, 3.5], "texture": "#11"},
				"south": {"uv": [6.75, 3.25, 7, 3.5], "texture": "#11"},
				"west": {"uv": [6.75, 3.25, 7, 3.5], "texture": "#11"},
				"up": {"uv": [6.75, 3.25, 7, 3.5], "texture": "#11"},
				"down": {"uv": [6.75, 3.25, 7, 3.5], "texture": "#11"}
			}
		},
		{
			"name": "Cube",
			"from": [5, 3, 5],
			"to": [6, 4, 6],
			"faces": {
				"north": {"uv": [6.75, 3.25, 7, 3.5], "texture": "#11"},
				"east": {"uv": [6.75, 3.25, 7, 3.5], "texture": "#11"},
				"south": {"uv": [6.75, 3.25, 7, 3.5], "texture": "#11"},
				"west": {"uv": [6.75, 3.25, 7, 3.5], "texture": "#11"},
				"up": {"uv": [6.75, 3.25, 7, 3.5], "texture": "#11"},
				"down": {"uv": [6.75, 3.25, 7, 3.5], "texture": "#11"}
			}
		},
		{
			"name": "Cube",
			"from": [5, 3, 10],
			"to": [6, 5, 11],
			"faces": {
				"north": {"uv": [6.75, 3.25, 7, 3.5], "texture": "#11"},
				"east": {"uv": [6.75, 3.25, 7, 3.5], "texture": "#11"},
				"south": {"uv": [6.75, 3.25, 7, 3.5], "texture": "#11"},
				"west": {"uv": [6.75, 3.25, 7, 3.5], "texture": "#11"},
				"up": {"uv": [6.75, 3.25, 7, 3.5], "texture": "#11"},
				"down": {"uv": [6.75, 3.25, 7, 3.5], "texture": "#11"}
			}
		},
		{
			"name": "Cube",
			"from": [10, 3, 10],
			"to": [11, 4, 11],
			"faces": {
				"north": {"uv": [6.75, 3.25, 7, 3.5], "texture": "#11"},
				"east": {"uv": [6.75, 3.25, 7, 3.5], "texture": "#11"},
				"south": {"uv": [6.75, 3.25, 7, 3.5], "texture": "#11"},
				"west": {"uv": [6.75, 3.25, 7, 3.5], "texture": "#11"},
				"up": {"uv": [6.75, 3.25, 7, 3.5], "texture": "#11"},
				"down": {"uv": [6.75, 3.25, 7, 3.5], "texture": "#11"}
			}
		},
		{
			"name": "Cube",
			"from": [10, 3, 5],
			"to": [11, 4, 6],
			"faces": {
				"north": {"uv": [6.75, 3.25, 7, 3.5], "texture": "#11"},
				"east": {"uv": [6.75, 3.25, 7, 3.5], "texture": "#11"},
				"south": {"uv": [6.75, 3.25, 7, 3.5], "texture": "#11"},
				"west": {"uv": [6.75, 3.25, 7, 3.5], "texture": "#11"},
				"up": {"uv": [6.75, 3.25, 7, 3.5], "texture": "#11"},
				"down": {"uv": [6.75, 3.25, 7, 3.5], "texture": "#11"}
			}
		},
		{
			"name": "Cube",
			"from": [10, 4, 5],
			"to": [11, 4.7, 6],
			"faces": {
				"north": {"uv": [6.75, 3.25, 7, 3.5], "texture": "#11"},
				"east": {"uv": [6.75, 3.25, 7, 3.5], "texture": "#11"},
				"south": {"uv": [6.75, 3.25, 7, 3.5], "texture": "#11"},
				"west": {"uv": [6.75, 3.25, 7, 3.5], "texture": "#11"},
				"up": {"uv": [6.75, 3.25, 7, 3.5], "texture": "#11"},
				"down": {"uv": [6.75, 3.25, 7, 3.5], "texture": "#11"}
			}
		},
		{
			"name": "Cube",
			"from": [5, 4, 5],
			"to": [6, 4.7, 6],
			"faces": {
				"north": {"uv": [6.75, 3.25, 7, 3.5], "texture": "#11"},
				"east": {"uv": [6.75, 3.25, 7, 3.5], "texture": "#11"},
				"south": {"uv": [6.75, 3.25, 7, 3.5], "texture": "#11"},
				"west": {"uv": [6.75, 3.25, 7, 3.5], "texture": "#11"},
				"up": {"uv": [6.75, 3.25, 7, 3.5], "texture": "#11"},
				"down": {"uv": [6.75, 3.25, 7, 3.5], "texture": "#11"}
			}
		},
		{
			"name": "Cube",
			"from": [5, 4, 10],
			"to": [6, 4.7, 11],
			"faces": {
				"north": {"uv": [6.75, 3.25, 7, 3.5], "texture": "#11"},
				"east": {"uv": [6.75, 3.25, 7, 3.5], "texture": "#11"},
				"south": {"uv": [6.75, 3.25, 7, 3.5], "texture": "#11"},
				"west": {"uv": [6.75, 3.25, 7, 3.5], "texture": "#11"},
				"up": {"uv": [6.75, 3.25, 7, 3.5], "texture": "#11"},
				"down": {"uv": [6.75, 3.25, 7, 3.5], "texture": "#11"}
			}
		},
		{
			"name": "Cube",
			"from": [10.47328, 4, 10],
			"to": [11.47328, 4.7, 11],
			"faces": {
				"north": {"uv": [6.75, 3.25, 7, 3.5], "texture": "#11"},
				"east": {"uv": [6.75, 3.25, 7, 3.5], "texture": "#11"},
				"south": {"uv": [6.75, 3.25, 7, 3.5], "texture": "#11"},
				"west": {"uv": [6.75, 3.25, 7, 3.5], "texture": "#11"},
				"up": {"uv": [6.75, 3.25, 7, 3.5], "texture": "#11"},
				"down": {"uv": [6.75, 3.25, 7, 3.5], "texture": "#11"}
			}
		},
		{
			"name": "Cube",
			"from": [3, 1, 10],
			"to": [4, 2, 12],
			"faces": {
				"north": {"uv": [6.75, 3.25, 7, 3.5], "texture": "#11"},
				"east": {"uv": [6.75, 3.25, 7, 3.5], "texture": "#11"},
				"south": {"uv": [6.75, 3.25, 7, 3.5], "texture": "#11"},
				"west": {"uv": [6.75, 3.25, 7, 3.5], "texture": "#11"},
				"up": {"uv": [6.75, 3.25, 7, 3.5], "texture": "#11"},
				"down": {"uv": [6.75, 3.25, 7, 3.5], "texture": "#11"}
			}
		},
		{
			"name": "Cube",
			"from": [4, 4, 7],
			"to": [5, 5, 9],
			"faces": {
				"north": {"uv": [6.75, 3.25, 7, 3.5], "texture": "#11"},
				"east": {"uv": [6.75, 3.25, 7, 3.5], "texture": "#11"},
				"south": {"uv": [6.75, 3.25, 7, 3.5], "texture": "#11"},
				"west": {"uv": [6.75, 3.25, 7, 3.5], "texture": "#11"},
				"up": {"uv": [6.75, 3.25, 7, 3.5], "texture": "#11"},
				"down": {"uv": [6.75, 3.25, 7, 3.5], "texture": "#11"}
			}
		},
		{
			"name": "Cube",
			"from": [11, 4, 7],
			"to": [12, 5, 9],
			"faces": {
				"north": {"uv": [6.75, 3.25, 7, 3.5], "texture": "#11"},
				"east": {"uv": [6.75, 3.25, 7, 3.5], "texture": "#11"},
				"south": {"uv": [6.75, 3.25, 7, 3.5], "texture": "#11"},
				"west": {"uv": [6.75, 3.25, 7, 3.5], "texture": "#11"},
				"up": {"uv": [6.75, 3.25, 7, 3.5], "texture": "#11"},
				"down": {"uv": [6.75, 3.25, 7, 3.5], "texture": "#11"}
			}
		},
		{
			"name": "Cube",
			"from": [7, 4, 11],
			"to": [9, 5, 12],
			"faces": {
				"north": {"uv": [6.75, 3.25, 7, 3.5], "texture": "#11"},
				"east": {"uv": [6.75, 3.25, 7, 3.5], "texture": "#11"},
				"south": {"uv": [6.75, 3.25, 7, 3.5], "texture": "#11"},
				"west": {"uv": [6.75, 3.25, 7, 3.5], "texture": "#11"},
				"up": {"uv": [6.75, 3.25, 7, 3.5], "texture": "#11"},
				"down": {"uv": [6.75, 3.25, 7, 3.5], "texture": "#11"}
			}
		},
		{
			"name": "Cube",
			"from": [7, 4, 4],
			"to": [9, 5, 5],
			"faces": {
				"north": {"uv": [6.75, 3.25, 7, 3.5], "texture": "#11"},
				"east": {"uv": [6.75, 3.25, 7, 3.5], "texture": "#11"},
				"south": {"uv": [6.75, 3.25, 7, 3.5], "texture": "#11"},
				"west": {"uv": [6.75, 3.25, 7, 3.5], "texture": "#11"},
				"up": {"uv": [6.75, 3.25, 7, 3.5], "texture": "#11"},
				"down": {"uv": [6.75, 3.25, 7, 3.5], "texture": "#11"}
			}
		},
		{
			"name": "Cube",
			"from": [5, 5, 7],
			"to": [6, 6, 9],
			"faces": {
				"north": {"uv": [6.75, 3.25, 7, 3.5], "texture": "#11"},
				"east": {"uv": [6.75, 3.25, 7, 3.5], "texture": "#11"},
				"south": {"uv": [6.75, 3.25, 7, 3.5], "texture": "#11"},
				"west": {"uv": [6.75, 3.25, 7, 3.5], "texture": "#11"},
				"up": {"uv": [6.75, 3.25, 7, 3.5], "texture": "#11"},
				"down": {"uv": [6.75, 3.25, 7, 3.5], "texture": "#11"}
			}
		},
		{
			"name": "Cube",
			"from": [10, 5, 7],
			"to": [11, 6, 9],
			"faces": {
				"north": {"uv": [6.75, 3.25, 7, 3.5], "texture": "#11"},
				"east": {"uv": [6.75, 3.25, 7, 3.5], "texture": "#11"},
				"south": {"uv": [6.75, 3.25, 7, 3.5], "texture": "#11"},
				"west": {"uv": [6.75, 3.25, 7, 3.5], "texture": "#11"},
				"up": {"uv": [6.75, 3.25, 7, 3.5], "texture": "#11"},
				"down": {"uv": [6.75, 3.25, 7, 3.5], "texture": "#11"}
			}
		},
		{
			"name": "Cube",
			"from": [7, 5, 10],
			"to": [9, 6, 11],
			"faces": {
				"north": {"uv": [6.75, 3.25, 7, 3.5], "texture": "#11"},
				"east": {"uv": [6.75, 3.25, 7, 3.5], "texture": "#11"},
				"south": {"uv": [6.75, 3.25, 7, 3.5], "texture": "#11"},
				"west": {"uv": [6.75, 3.25, 7, 3.5], "texture": "#11"},
				"up": {"uv": [6.75, 3.25, 7, 3.5], "texture": "#11"},
				"down": {"uv": [6.75, 3.25, 7, 3.5], "texture": "#11"}
			}
		},
		{
			"name": "Cube",
			"from": [7, 5, 5],
			"to": [9, 6, 6],
			"faces": {
				"north": {"uv": [6.75, 3.25, 7, 3.5], "texture": "#11"},
				"east": {"uv": [6.75, 3.25, 7, 3.5], "texture": "#11"},
				"south": {"uv": [6.75, 3.25, 7, 3.5], "texture": "#11"},
				"west": {"uv": [6.75, 3.25, 7, 3.5], "texture": "#11"},
				"up": {"uv": [6.75, 3.25, 7, 3.5], "texture": "#11"},
				"down": {"uv": [6.75, 3.25, 7, 3.5], "texture": "#11"}
			}
		},
		{
			"name": "Cube",
			"from": [6, 5, 6],
			"to": [10, 6, 10],
			"faces": {
				"north": {"uv": [6.75, 3.25, 7, 3.5], "texture": "#11"},
				"east": {"uv": [6.75, 3.25, 7, 3.5], "texture": "#11"},
				"south": {"uv": [6.75, 3.25, 7, 3.5], "texture": "#11"},
				"west": {"uv": [6.75, 3.25, 7, 3.5], "texture": "#11"},
				"up": {"uv": [6.75, 3.25, 7, 3.5], "texture": "#11"},
				"down": {"uv": [6.75, 3.25, 7, 3.5], "texture": "#11"}
			}
		},
		{
			"name": "Cube",
			"from": [6, 4.7, 5],
			"to": [7, 5.7, 6],
			"faces": {
				"north": {"uv": [6.75, 3.25, 7, 3.5], "texture": "#11"},
				"east": {"uv": [6.75, 3.25, 7, 3.5], "texture": "#11"},
				"south": {"uv": [6.75, 3.25, 7, 3.5], "texture": "#11"},
				"west": {"uv": [6.75, 3.25, 7, 3.5], "texture": "#11"},
				"up": {"uv": [6.75, 3.25, 7, 3.5], "texture": "#11"},
				"down": {"uv": [6.75, 3.25, 7, 3.5], "texture": "#11"}
			}
		},
		{
			"name": "Cube",
			"from": [6, 4.7, 10],
			"to": [7, 5.7, 11],
			"faces": {
				"north": {"uv": [6.75, 3.25, 7, 3.5], "texture": "#11"},
				"east": {"uv": [6.75, 3.25, 7, 3.5], "texture": "#11"},
				"south": {"uv": [6.75, 3.25, 7, 3.5], "texture": "#11"},
				"west": {"uv": [6.75, 3.25, 7, 3.5], "texture": "#11"},
				"up": {"uv": [6.75, 3.25, 7, 3.5], "texture": "#11"},
				"down": {"uv": [6.75, 3.25, 7, 3.5], "texture": "#11"}
			}
		},
		{
			"name": "Cube",
			"from": [5, 4.7, 9],
			"to": [6, 5.7, 10],
			"faces": {
				"north": {"uv": [6.75, 3.25, 7, 3.5], "texture": "#11"},
				"east": {"uv": [6.75, 3.25, 7, 3.5], "texture": "#11"},
				"south": {"uv": [6.75, 3.25, 7, 3.5], "texture": "#11"},
				"west": {"uv": [6.75, 3.25, 7, 3.5], "texture": "#11"},
				"up": {"uv": [6.75, 3.25, 7, 3.5], "texture": "#11"},
				"down": {"uv": [6.75, 3.25, 7, 3.5], "texture": "#11"}
			}
		},
		{
			"name": "Cube",
			"from": [10, 4.7, 9],
			"to": [11, 5.7, 10],
			"faces": {
				"north": {"uv": [6.75, 3.25, 7, 3.5], "texture": "#11"},
				"east": {"uv": [6.75, 3.25, 7, 3.5], "texture": "#11"},
				"south": {"uv": [6.75, 3.25, 7, 3.5], "texture": "#11"},
				"west": {"uv": [6.75, 3.25, 7, 3.5], "texture": "#11"},
				"up": {"uv": [6.75, 3.25, 7, 3.5], "texture": "#11"},
				"down": {"uv": [6.75, 3.25, 7, 3.5], "texture": "#11"}
			}
		},
		{
			"name": "Cube",
			"from": [9, 4.7, 10],
			"to": [10, 5.7, 11],
			"faces": {
				"north": {"uv": [6.75, 3.25, 7, 3.5], "texture": "#11"},
				"east": {"uv": [6.75, 3.25, 7, 3.5], "texture": "#11"},
				"south": {"uv": [6.75, 3.25, 7, 3.5], "texture": "#11"},
				"west": {"uv": [6.75, 3.25, 7, 3.5], "texture": "#11"},
				"up": {"uv": [6.75, 3.25, 7, 3.5], "texture": "#11"},
				"down": {"uv": [6.75, 3.25, 7, 3.5], "texture": "#11"}
			}
		},
		{
			"name": "Cube",
			"from": [9, 4.7, 5],
			"to": [10, 5.7, 6],
			"faces": {
				"north": {"uv": [6.75, 3.25, 7, 3.5], "texture": "#11"},
				"east": {"uv": [6.75, 3.25, 7, 3.5], "texture": "#11"},
				"south": {"uv": [6.75, 3.25, 7, 3.5], "texture": "#11"},
				"west": {"uv": [6.75, 3.25, 7, 3.5], "texture": "#11"},
				"up": {"uv": [6.75, 3.25, 7, 3.5], "texture": "#11"},
				"down": {"uv": [6.75, 3.25, 7, 3.5], "texture": "#11"}
			}
		},
		{
			"name": "Cube",
			"from": [10, 4.7, 6],
			"to": [11, 5.7, 7],
			"faces": {
				"north": {"uv": [6.75, 3.25, 7, 3.5], "texture": "#11"},
				"east": {"uv": [6.75, 3.25, 7, 3.5], "texture": "#11"},
				"south": {"uv": [6.75, 3.25, 7, 3.5], "texture": "#11"},
				"west": {"uv": [6.75, 3.25, 7, 3.5], "texture": "#11"},
				"up": {"uv": [6.75, 3.25, 7, 3.5], "texture": "#11"},
				"down": {"uv": [6.75, 3.25, 7, 3.5], "texture": "#11"}
			}
		},
		{
			"name": "Cube",
			"from": [5, 4.7, 6],
			"to": [6, 5.7, 7],
			"faces": {
				"north": {"uv": [6.75, 3.25, 7, 3.5], "texture": "#11"},
				"east": {"uv": [6.75, 3.25, 7, 3.5], "texture": "#11"},
				"south": {"uv": [6.75, 3.25, 7, 3.5], "texture": "#11"},
				"west": {"uv": [6.75, 3.25, 7, 3.5], "texture": "#11"},
				"up": {"uv": [6.75, 3.25, 7, 3.5], "texture": "#11"},
				"down": {"uv": [6.75, 3.25, 7, 3.5], "texture": "#11"}
			}
		},
		{
			"name": "Cube",
			"from": [4, 5, 7],
			"to": [5, 5.5, 9],
			"faces": {
				"north": {"uv": [6.75, 3.25, 7, 3.5], "texture": "#11"},
				"east": {"uv": [6.75, 3.25, 7, 3.5], "texture": "#11"},
				"south": {"uv": [6.75, 3.25, 7, 3.5], "texture": "#11"},
				"west": {"uv": [6.75, 3.25, 7, 3.5], "texture": "#11"},
				"up": {"uv": [6.75, 3.25, 7, 3.5], "texture": "#11"},
				"down": {"uv": [6.75, 3.25, 7, 3.5], "texture": "#11"}
			}
		},
		{
			"name": "Cube",
			"from": [11, 5, 7],
			"to": [12, 5.5, 9],
			"faces": {
				"north": {"uv": [6.75, 3.25, 7, 3.5], "texture": "#11"},
				"east": {"uv": [6.75, 3.25, 7, 3.5], "texture": "#11"},
				"south": {"uv": [6.75, 3.25, 7, 3.5], "texture": "#11"},
				"west": {"uv": [6.75, 3.25, 7, 3.5], "texture": "#11"},
				"up": {"uv": [6.75, 3.25, 7, 3.5], "texture": "#11"},
				"down": {"uv": [6.75, 3.25, 7, 3.5], "texture": "#11"}
			}
		},
		{
			"name": "Cube",
			"from": [7, 5, 4],
			"to": [9, 5.5, 5],
			"faces": {
				"north": {"uv": [6.75, 3.25, 7, 3.5], "texture": "#11"},
				"east": {"uv": [6.75, 3.25, 7, 3.5], "texture": "#11"},
				"south": {"uv": [6.75, 3.25, 7, 3.5], "texture": "#11"},
				"west": {"uv": [6.75, 3.25, 7, 3.5], "texture": "#11"},
				"up": {"uv": [6.75, 3.25, 7, 3.5], "texture": "#11"},
				"down": {"uv": [6.75, 3.25, 7, 3.5], "texture": "#11"}
			}
		},
		{
			"name": "Cube",
			"from": [7, 5, 11],
			"to": [9, 5.5, 12],
			"faces": {
				"north": {"uv": [6.75, 3.25, 7, 3.5], "texture": "#11"},
				"east": {"uv": [6.75, 3.25, 7, 3.5], "texture": "#11"},
				"south": {"uv": [6.75, 3.25, 7, 3.5], "texture": "#11"},
				"west": {"uv": [6.75, 3.25, 7, 3.5], "texture": "#11"},
				"up": {"uv": [6.75, 3.25, 7, 3.5], "texture": "#11"},
				"down": {"uv": [6.75, 3.25, 7, 3.5], "texture": "#11"}
			}
		},
		{
			"name": "Cube",
			"from": [7.5, 2.6, 12.5],
			"to": [8.5, 3.6, 15.5],
			"faces": {
				"north": {"uv": [2, 3, 7.5, 5.5], "texture": "#8"},
				"east": {"uv": [2, 3, 7.5, 5.5], "texture": "#8"},
				"south": {"uv": [2, 3, 7.5, 5.5], "texture": "#8"},
				"west": {"uv": [2, 3, 7.5, 5.5], "texture": "#8"},
				"up": {"uv": [2, 3, 7.5, 5.5], "texture": "#8"},
				"down": {"uv": [2, 3, 7.5, 5.5], "texture": "#8"}
			}
		},
		{
			"name": "Cube",
			"from": [7.5, 3.5, 10.5],
			"to": [8.5, 7.5, 16.5],
			"faces": {
				"north": {"uv": [2, 3, 7, 8.25], "texture": "#8"},
				"east": {"uv": [2, 3, 7, 8.25], "texture": "#8"},
				"south": {"uv": [2, 3, 7, 8.25], "texture": "#8"},
				"west": {"uv": [2, 3, 7, 8.25], "texture": "#8"},
				"up": {"uv": [2, 3, 7, 8.25], "texture": "#8"},
				"down": {"uv": [2, 3, 7, 8.25], "texture": "#8"}
			}
		},
		{
			"name": "Cube",
			"from": [12, 2, 5],
			"to": [13, 2.5, 6],
			"faces": {
				"north": {"uv": [6.75, 3.25, 7, 3.5], "texture": "#11"},
				"east": {"uv": [6.75, 3.25, 7, 3.5], "texture": "#11"},
				"south": {"uv": [6.75, 3.25, 7, 3.5], "texture": "#11"},
				"west": {"uv": [6.75, 3.25, 7, 3.5], "texture": "#11"},
				"up": {"uv": [6.75, 3.25, 7, 3.5], "texture": "#11"},
				"down": {"uv": [6.75, 3.25, 7, 3.5], "texture": "#11"}
			}
		},
		{
			"name": "Cube",
			"from": [12, 2, 10],
			"to": [13, 2.5, 11],
			"faces": {
				"north": {"uv": [6.75, 3.25, 7, 3.5], "texture": "#11"},
				"east": {"uv": [6.75, 3.25, 7, 3.5], "texture": "#11"},
				"south": {"uv": [6.75, 3.25, 7, 3.5], "texture": "#11"},
				"west": {"uv": [6.75, 3.25, 7, 3.5], "texture": "#11"},
				"up": {"uv": [6.75, 3.25, 7, 3.5], "texture": "#11"},
				"down": {"uv": [6.75, 3.25, 7, 3.5], "texture": "#11"}
			}
		},
		{
			"name": "Cube",
			"from": [3, 2, 10],
			"to": [4, 2.5, 11],
			"faces": {
				"north": {"uv": [6.75, 3.25, 7, 3.5], "texture": "#11"},
				"east": {"uv": [6.75, 3.25, 7, 3.5], "texture": "#11"},
				"south": {"uv": [6.75, 3.25, 7, 3.5], "texture": "#11"},
				"west": {"uv": [6.75, 3.25, 7, 3.5], "texture": "#11"},
				"up": {"uv": [6.75, 3.25, 7, 3.5], "texture": "#11"},
				"down": {"uv": [6.75, 3.25, 7, 3.5], "texture": "#11"}
			}
		},
		{
			"name": "Cube",
			"from": [5, 2, 12],
			"to": [6, 2.5, 13],
			"faces": {
				"north": {"uv": [6.75, 3.25, 7, 3.5], "texture": "#11"},
				"east": {"uv": [6.75, 3.25, 7, 3.5], "texture": "#11"},
				"south": {"uv": [6.75, 3.25, 7, 3.5], "texture": "#11"},
				"west": {"uv": [6.75, 3.25, 7, 3.5], "texture": "#11"},
				"up": {"uv": [6.75, 3.25, 7, 3.5], "texture": "#11"},
				"down": {"uv": [6.75, 3.25, 7, 3.5], "texture": "#11"}
			}
		},
		{
			"name": "Cube",
			"from": [10, 2, 12],
			"to": [11, 2.5, 13],
			"faces": {
				"north": {"uv": [6.75, 3.25, 7, 3.5], "texture": "#11"},
				"east": {"uv": [6.75, 3.25, 7, 3.5], "texture": "#11"},
				"south": {"uv": [6.75, 3.25, 7, 3.5], "texture": "#11"},
				"west": {"uv": [6.75, 3.25, 7, 3.5], "texture": "#11"},
				"up": {"uv": [6.75, 3.25, 7, 3.5], "texture": "#11"},
				"down": {"uv": [6.75, 3.25, 7, 3.5], "texture": "#11"}
			}
		},
		{
			"name": "Cube",
			"from": [10, 2, 3],
			"to": [11, 2.5, 4],
			"faces": {
				"north": {"uv": [6.75, 3.25, 7, 3.5], "texture": "#11"},
				"east": {"uv": [6.75, 3.25, 7, 3.5], "texture": "#11"},
				"south": {"uv": [6.75, 3.25, 7, 3.5], "texture": "#11"},
				"west": {"uv": [6.75, 3.25, 7, 3.5], "texture": "#11"},
				"up": {"uv": [6.75, 3.25, 7, 3.5], "texture": "#11"},
				"down": {"uv": [6.75, 3.25, 7, 3.5], "texture": "#11"}
			}
		},
		{
			"name": "Cube",
			"from": [5, 2, 3],
			"to": [6, 2.5, 4],
			"faces": {
				"north": {"uv": [6.75, 3.25, 7, 3.5], "texture": "#11"},
				"east": {"uv": [6.75, 3.25, 7, 3.5], "texture": "#11"},
				"south": {"uv": [6.75, 3.25, 7, 3.5], "texture": "#11"},
				"west": {"uv": [6.75, 3.25, 7, 3.5], "texture": "#11"},
				"up": {"uv": [6.75, 3.25, 7, 3.5], "texture": "#11"},
				"down": {"uv": [6.75, 3.25, 7, 3.5], "texture": "#11"}
			}
		},
		{
			"name": "Cube",
			"from": [3, 2, 5],
			"to": [4, 2.5, 6],
			"faces": {
				"north": {"uv": [6.75, 3.25, 7, 3.5], "texture": "#11"},
				"east": {"uv": [6.75, 3.25, 7, 3.5], "texture": "#11"},
				"south": {"uv": [6.75, 3.25, 7, 3.5], "texture": "#11"},
				"west": {"uv": [6.75, 3.25, 7, 3.5], "texture": "#11"},
				"up": {"uv": [6.75, 3.25, 7, 3.5], "texture": "#11"},
				"down": {"uv": [6.75, 3.25, 7, 3.5], "texture": "#11"}
			}
		},
		{
			"name": "Cube",
			"from": [9, 2, 2.6],
			"to": [10, 2.7, 3.6],
			"faces": {
				"north": {"uv": [6.75, 3.25, 7, 3.5], "texture": "#11"},
				"east": {"uv": [6.75, 3.25, 7, 3.5], "texture": "#11"},
				"south": {"uv": [6.75, 3.25, 7, 3.5], "texture": "#11"},
				"west": {"uv": [6.75, 3.25, 7, 3.5], "texture": "#11"},
				"up": {"uv": [6.75, 3.25, 7, 3.5], "texture": "#11"},
				"down": {"uv": [6.75, 3.25, 7, 3.5], "texture": "#11"}
			}
		},
		{
			"name": "Cube",
			"from": [6, 2, 2.6],
			"to": [7, 2.7, 3.6],
			"faces": {
				"north": {"uv": [6.75, 3.25, 7, 3.5], "texture": "#11"},
				"east": {"uv": [6.75, 3.25, 7, 3.5], "texture": "#11"},
				"south": {"uv": [6.75, 3.25, 7, 3.5], "texture": "#11"},
				"west": {"uv": [6.75, 3.25, 7, 3.5], "texture": "#11"},
				"up": {"uv": [6.75, 3.25, 7, 3.5], "texture": "#11"},
				"down": {"uv": [6.75, 3.25, 7, 3.5], "texture": "#11"}
			}
		},
		{
			"name": "Cube",
			"from": [9, 2, 12.6],
			"to": [10, 2.7, 13.4],
			"faces": {
				"north": {"uv": [6.75, 3.25, 7, 3.5], "texture": "#11"},
				"east": {"uv": [6.75, 3.25, 7, 3.5], "texture": "#11"},
				"south": {"uv": [6.75, 3.25, 7, 3.5], "texture": "#11"},
				"west": {"uv": [6.75, 3.25, 7, 3.5], "texture": "#11"},
				"up": {"uv": [6.75, 3.25, 7, 3.5], "texture": "#11"},
				"down": {"uv": [6.75, 3.25, 7, 3.5], "texture": "#11"}
			}
		},
		{
			"name": "Cube",
			"from": [2.6, 2, 9],
			"to": [3.6, 2.7, 10],
			"faces": {
				"north": {"uv": [6.75, 3.25, 7, 3.5], "texture": "#11"},
				"east": {"uv": [6.75, 3.25, 7, 3.5], "texture": "#11"},
				"south": {"uv": [6.75, 3.25, 7, 3.5], "texture": "#11"},
				"west": {"uv": [6.75, 3.25, 7, 3.5], "texture": "#11"},
				"up": {"uv": [6.75, 3.25, 7, 3.5], "texture": "#11"},
				"down": {"uv": [6.75, 3.25, 7, 3.5], "texture": "#11"}
			}
		},
		{
			"name": "Cube",
			"from": [6, 2, 12.6],
			"to": [7, 2.7, 13.4],
			"faces": {
				"north": {"uv": [6.75, 3.25, 7, 3.5], "texture": "#11"},
				"east": {"uv": [6.75, 3.25, 7, 3.5], "texture": "#11"},
				"south": {"uv": [6.75, 3.25, 7, 3.5], "texture": "#11"},
				"west": {"uv": [6.75, 3.25, 7, 3.5], "texture": "#11"},
				"up": {"uv": [6.75, 3.25, 7, 3.5], "texture": "#11"},
				"down": {"uv": [6.75, 3.25, 7, 3.5], "texture": "#11"}
			}
		},
		{
			"name": "Cube",
			"from": [2.6, 2, 6],
			"to": [3.6, 2.7, 7],
			"faces": {
				"north": {"uv": [6.75, 3.25, 7, 3.5], "texture": "#11"},
				"east": {"uv": [6.75, 3.25, 7, 3.5], "texture": "#11"},
				"south": {"uv": [6.75, 3.25, 7, 3.5], "texture": "#11"},
				"west": {"uv": [6.75, 3.25, 7, 3.5], "texture": "#11"},
				"up": {"uv": [6.75, 3.25, 7, 3.5], "texture": "#11"},
				"down": {"uv": [6.75, 3.25, 7, 3.5], "texture": "#11"}
			}
		},
		{
			"name": "Cube",
			"from": [7.2, 3, 2.7],
			"to": [8.8, 3.8, 3.7],
			"faces": {
				"north": {"uv": [6.75, 3.25, 7, 3.5], "texture": "#11"},
				"east": {"uv": [6.75, 3.25, 7, 3.5], "texture": "#11"},
				"south": {"uv": [6.75, 3.25, 7, 3.5], "texture": "#11"},
				"west": {"uv": [6.75, 3.25, 7, 3.5], "texture": "#11"},
				"up": {"uv": [6.75, 3.25, 7, 3.5], "texture": "#11"},
				"down": {"uv": [6.75, 3.25, 7, 3.5], "texture": "#11"}
			}
		},
		{
			"name": "Cube",
			"from": [7.2, 3, 12.3],
			"to": [8.8, 3.8, 13.3],
			"faces": {
				"north": {"uv": [6.75, 3.25, 7, 3.5], "texture": "#11"},
				"east": {"uv": [6.75, 3.25, 7, 3.5], "texture": "#11"},
				"south": {"uv": [6.75, 3.25, 7, 3.5], "texture": "#11"},
				"west": {"uv": [6.75, 3.25, 7, 3.5], "texture": "#11"},
				"up": {"uv": [6.75, 3.25, 7, 3.5], "texture": "#11"},
				"down": {"uv": [6.75, 3.25, 7, 3.5], "texture": "#11"}
			}
		},
		{
			"name": "Cube",
			"from": [12.2, 3, 7.2],
			"to": [13.3, 3.8, 8.8],
			"faces": {
				"north": {"uv": [6.75, 3.25, 7, 3.5], "texture": "#11"},
				"east": {"uv": [6.75, 3.25, 7, 3.5], "texture": "#11"},
				"south": {"uv": [6.75, 3.25, 7, 3.5], "texture": "#11"},
				"west": {"uv": [6.75, 3.25, 7, 3.5], "texture": "#11"},
				"up": {"uv": [6.75, 3.25, 7, 3.5], "texture": "#11"},
				"down": {"uv": [6.75, 3.25, 7, 3.5], "texture": "#11"}
			}
		},
		{
			"name": "Cube",
			"from": [2.7, 3, 7.2],
			"to": [3.8, 3.8, 8.8],
			"faces": {
				"north": {"uv": [6.75, 3.25, 7, 3.5], "texture": "#11"},
				"east": {"uv": [6.75, 3.25, 7, 3.5], "texture": "#11"},
				"south": {"uv": [6.75, 3.25, 7, 3.5], "texture": "#11"},
				"west": {"uv": [6.75, 3.25, 7, 3.5], "texture": "#11"},
				"up": {"uv": [6.75, 3.25, 7, 3.5], "texture": "#11"},
				"down": {"uv": [6.75, 3.25, 7, 3.5], "texture": "#11"}
			}
		},
		{
			"name": "Cube",
			"from": [12.4, 2, 9],
			"to": [13.4, 2.7, 10],
			"faces": {
				"north": {"uv": [6.75, 3.25, 7, 3.5], "texture": "#11"},
				"east": {"uv": [6.75, 3.25, 7, 3.5], "texture": "#11"},
				"south": {"uv": [6.75, 3.25, 7, 3.5], "texture": "#11"},
				"west": {"uv": [6.75, 3.25, 7, 3.5], "texture": "#11"},
				"up": {"uv": [6.75, 3.25, 7, 3.5], "texture": "#11"},
				"down": {"uv": [6.75, 3.25, 7, 3.5], "texture": "#11"}
			}
		},
		{
			"name": "Cube",
			"from": [12.4, 2, 6],
			"to": [13.4, 2.7, 7],
			"faces": {
				"north": {"uv": [6.75, 3.25, 7, 3.5], "texture": "#11"},
				"east": {"uv": [6.75, 3.25, 7, 3.5], "texture": "#11"},
				"south": {"uv": [6.75, 3.25, 7, 3.5], "texture": "#11"},
				"west": {"uv": [6.75, 3.25, 7, 3.5], "texture": "#11"},
				"up": {"uv": [6.75, 3.25, 7, 3.5], "texture": "#11"},
				"down": {"uv": [6.75, 3.25, 7, 3.5], "texture": "#11"}
			}
		},
		{
			"name": "Cube",
			"from": [7.5, 7.5, 11.5],
			"to": [8.5, 8.5, 15.5],
			"faces": {
				"north": {"uv": [2, 3, 7.5, 5.5], "texture": "#8"},
				"east": {"uv": [2, 3, 7.5, 5.5], "texture": "#8"},
				"south": {"uv": [2, 3, 7.5, 5.5], "texture": "#8"},
				"west": {"uv": [2, 3, 7.5, 5.5], "texture": "#8"},
				"up": {"uv": [2, 3, 7.5, 5.5], "texture": "#8"},
				"down": {"uv": [2, 3, 7.5, 5.5], "texture": "#8"}
			}
		},
		{
			"name": "Cube",
			"from": [6.5, 1, 1.7],
			"to": [9.5, 1.7, 2.2],
			"faces": {
				"north": {"uv": [6.75, 3.25, 7, 3.5], "texture": "#11"},
				"east": {"uv": [6.75, 3.25, 7, 3.5], "texture": "#11"},
				"south": {"uv": [6.75, 3.25, 7, 3.5], "texture": "#11"},
				"west": {"uv": [6.75, 3.25, 7, 3.5], "texture": "#11"},
				"up": {"uv": [6.75, 3.25, 7, 3.5], "texture": "#11"},
				"down": {"uv": [6.75, 3.25, 7, 3.5], "texture": "#11"}
			}
		},
		{
			"name": "Cube",
			"from": [6.5, 1, 13.8],
			"to": [9.5, 1.7, 14.3],
			"faces": {
				"north": {"uv": [6.75, 3.25, 7, 3.5], "texture": "#11"},
				"east": {"uv": [6.75, 3.25, 7, 3.5], "texture": "#11"},
				"south": {"uv": [6.75, 3.25, 7, 3.5], "texture": "#11"},
				"west": {"uv": [6.75, 3.25, 7, 3.5], "texture": "#11"},
				"up": {"uv": [6.75, 3.25, 7, 3.5], "texture": "#11"},
				"down": {"uv": [6.75, 3.25, 7, 3.5], "texture": "#11"}
			}
		},
		{
			"name": "Cube",
			"from": [1.7, 1, 6.5],
			"to": [2.2, 1.7, 9.5],
			"faces": {
				"north": {"uv": [6.75, 3.25, 7, 3.5], "texture": "#11"},
				"east": {"uv": [6.75, 3.25, 7, 3.5], "texture": "#11"},
				"south": {"uv": [6.75, 3.25, 7, 3.5], "texture": "#11"},
				"west": {"uv": [6.75, 3.25, 7, 3.5], "texture": "#11"},
				"up": {"uv": [6.75, 3.25, 7, 3.5], "texture": "#11"},
				"down": {"uv": [6.75, 3.25, 7, 3.5], "texture": "#11"}
			}
		},
		{
			"name": "Cube",
			"from": [13.8, 1, 6.5],
			"to": [14.3, 1.7, 9.5],
			"faces": {
				"north": {"uv": [6.75, 3.25, 7, 3.5], "texture": "#11"},
				"east": {"uv": [6.75, 3.25, 7, 3.5], "texture": "#11"},
				"south": {"uv": [6.75, 3.25, 7, 3.5], "texture": "#11"},
				"west": {"uv": [6.75, 3.25, 7, 3.5], "texture": "#11"},
				"up": {"uv": [6.75, 3.25, 7, 3.5], "texture": "#11"},
				"down": {"uv": [6.75, 3.25, 7, 3.5], "texture": "#11"}
			}
		},
		{
			"name": "Cube",
			"from": [13, 2, 7.2],
			"to": [14, 2.8, 8.8],
			"faces": {
				"north": {"uv": [6.75, 3.25, 7, 3.5], "texture": "#11"},
				"east": {"uv": [6.75, 3.25, 7, 3.5], "texture": "#11"},
				"south": {"uv": [6.75, 3.25, 7, 3.5], "texture": "#11"},
				"west": {"uv": [6.75, 3.25, 7, 3.5], "texture": "#11"},
				"up": {"uv": [6.75, 3.25, 7, 3.5], "texture": "#11"},
				"down": {"uv": [6.75, 3.25, 7, 3.5], "texture": "#11"}
			}
		},
		{
			"name": "Cube",
			"from": [7.2, 2, 12.5],
			"to": [8.8, 2.8, 14],
			"faces": {
				"north": {"uv": [6.75, 3.25, 7, 3.5], "texture": "#11"},
				"east": {"uv": [6.75, 3.25, 7, 3.5], "texture": "#11"},
				"south": {"uv": [6.75, 3.25, 7, 3.5], "texture": "#11"},
				"west": {"uv": [6.75, 3.25, 7, 3.5], "texture": "#11"},
				"up": {"uv": [6.75, 3.25, 7, 3.5], "texture": "#11"},
				"down": {"uv": [6.75, 3.25, 7, 3.5], "texture": "#11"}
			}
		},
		{
			"name": "Cube",
			"from": [7.2, 2, 2],
			"to": [8.8, 2.8, 3.5],
			"faces": {
				"north": {"uv": [6.75, 3.25, 7, 3.5], "texture": "#11"},
				"east": {"uv": [6.75, 3.25, 7, 3.5], "texture": "#11"},
				"south": {"uv": [6.75, 3.25, 7, 3.5], "texture": "#11"},
				"west": {"uv": [6.75, 3.25, 7, 3.5], "texture": "#11"},
				"up": {"uv": [6.75, 3.25, 7, 3.5], "texture": "#11"},
				"down": {"uv": [6.75, 3.25, 7, 3.5], "texture": "#11"}
			}
		},
		{
			"name": "Cube",
			"from": [7.5, 3.6, -0.5],
			"to": [8.5, 7.6, 5.5],
			"faces": {
				"north": {"uv": [2, 3, 7, 8.25], "texture": "#8"},
				"east": {"uv": [2, 3, 7, 8.25], "texture": "#8"},
				"south": {"uv": [2, 3, 7, 8.25], "texture": "#8"},
				"west": {"uv": [2, 3, 7, 8.25], "texture": "#8"},
				"up": {"uv": [2, 3, 7, 8.25], "texture": "#8"},
				"down": {"uv": [2, 3, 7, 8.25], "texture": "#8"}
			}
		},
		{
			"name": "Cube",
			"from": [7.5, 2.6, 0.5],
			"to": [8.5, 3.6, 3.5],
			"faces": {
				"north": {"uv": [2, 3, 7.5, 5.5], "texture": "#8"},
				"east": {"uv": [2, 3, 7.5, 5.5], "texture": "#8"},
				"south": {"uv": [2, 3, 7.5, 5.5], "texture": "#8"},
				"west": {"uv": [2, 3, 7.5, 5.5], "texture": "#8"},
				"up": {"uv": [2, 3, 7.5, 5.5], "texture": "#8"},
				"down": {"uv": [2, 3, 7.5, 5.5], "texture": "#8"}
			}
		},
		{
			"name": "Cube",
			"from": [7.5, 7.5, 0.5],
			"to": [8.5, 8.5, 4.5],
			"faces": {
				"north": {"uv": [2, 3, 7, 8.25], "texture": "#8"},
				"east": {"uv": [2, 3, 7.5, 5.5], "texture": "#8"},
				"south": {"uv": [2, 3, 7, 8.25], "texture": "#8"},
				"west": {"uv": [2, 3, 7, 8.25], "texture": "#8"},
				"up": {"uv": [2, 3, 7, 8.25], "texture": "#8"},
				"down": {"uv": [2, 3, 7, 8.25], "texture": "#8"}
			}
		},
		{
			"name": "Cube",
			"from": [2, 2, 7.2],
			"to": [3, 2.8, 8.8],
			"faces": {
				"north": {"uv": [6.75, 3.25, 7, 3.5], "texture": "#11"},
				"east": {"uv": [6.75, 3.25, 7, 3.5], "texture": "#11"},
				"south": {"uv": [6.75, 3.25, 7, 3.5], "texture": "#11"},
				"west": {"uv": [6.75, 3.25, 7, 3.5], "texture": "#11"},
				"up": {"uv": [6.75, 3.25, 7, 3.5], "texture": "#11"},
				"down": {"uv": [6.75, 3.25, 7, 3.5], "texture": "#11"}
			}
		},
		{
			"name": "Cube",
			"from": [14.1, 1, 6.6],
			"to": [14.6, 1.8, 9.4],
			"faces": {
				"north": {"uv": [0, 0, 0.5, 0.7], "texture": "#1"},
				"east": {"uv": [0, 0, 0.5, 0.7], "texture": "#1"},
				"south": {"uv": [0, 0, 0.5, 0.7], "texture": "#1"},
				"west": {"uv": [0, 0, 0.5, 0.7], "texture": "#1"},
				"up": {"uv": [0, 0, 0.5, 0.7], "texture": "#1"},
				"down": {"uv": [0, 0, 0.5, 0.7], "texture": "#1"}
			}
		},
		{
			"name": "Cube",
			"from": [14.1, 0.5, 6.75],
			"to": [14.6, 1.1, 9.25],
			"faces": {
				"north": {"uv": [0, 0, 0.5, 0.7], "texture": "#1"},
				"east": {"uv": [0, 0, 0.5, 0.7], "texture": "#1"},
				"south": {"uv": [0, 0, 0.5, 0.7], "texture": "#1"},
				"west": {"uv": [0, 0, 0.5, 0.7], "texture": "#1"},
				"up": {"uv": [0, 0, 0.5, 0.7], "texture": "#1"},
				"down": {"uv": [0, 0, 0.5, 0.7], "texture": "#1"}
			}
		},
		{
			"name": "Cube",
			"from": [14.1, 0, 7.125],
			"to": [14.6, 1, 8.875],
			"faces": {
				"north": {"uv": [0, 0, 0.5, 0.7], "texture": "#1"},
				"east": {"uv": [0, 0, 0.5, 0.7], "texture": "#1"},
				"south": {"uv": [0, 0, 0.5, 0.7], "texture": "#1"},
				"west": {"uv": [0, 0, 0.5, 0.7], "texture": "#1"},
				"up": {"uv": [0, 0, 0.5, 0.7], "texture": "#1"},
				"down": {"uv": [0, 0, 0.5, 0.7], "texture": "#1"}
			}
		},
		{
			"name": "Cube",
			"from": [11.1, 2, 10],
			"to": [12.1, 3.5, 11],
			"faces": {
				"north": {"uv": [6.75, 3.25, 7, 3.5], "texture": "#11"},
				"east": {"uv": [0, 0, 1, 1], "texture": "#1"},
				"south": {"uv": [6.75, 3.25, 7, 3.5], "texture": "#11"},
				"west": {"uv": [6.75, 3.25, 7, 3.5], "texture": "#11"},
				"up": {"uv": [6.75, 3.25, 7, 3.5], "texture": "#11"},
				"down": {"uv": [6.75, 3.25, 7, 3.5], "texture": "#11"}
			}
		},
		{
			"name": "Cube",
			"from": [11.1, 2, 5],
			"to": [12.1, 3.5, 6],
			"faces": {
				"north": {"uv": [6.75, 3.25, 7, 3.5], "texture": "#11"},
				"east": {"uv": [0, 0, 1, 1], "texture": "#1"},
				"south": {"uv": [6.75, 3.25, 7, 3.5], "texture": "#11"},
				"west": {"uv": [6.75, 3.25, 7, 3.5], "texture": "#11"},
				"up": {"uv": [6.75, 3.25, 7, 3.5], "texture": "#11"},
				"down": {"uv": [6.75, 3.25, 7, 3.5], "texture": "#11"}
			}
		},
		{
			"name": "Cube",
			"from": [12, 4, 10],
			"to": [12.1, 4.1, 11],
			"faces": {
				"north": {"uv": [0, 0, 1, 1], "texture": "#1"},
				"east": {"uv": [0, 0, 1, 1], "texture": "#1"},
				"south": {"uv": [0, 0, 1, 1], "texture": "#1"},
				"west": {"uv": [0, 0, 1, 1], "texture": "#1"},
				"up": {"uv": [0, 0, 1, 1], "texture": "#1"},
				"down": {"uv": [0, 0, 1, 1], "texture": "#1"}
			}
		},
		{
			"name": "Cube",
			"from": [12, 4, 5],
			"to": [12.1, 4.1, 6],
			"faces": {
				"north": {"uv": [0, 0, 1, 1], "texture": "#1"},
				"east": {"uv": [0, 0, 1, 1], "texture": "#1"},
				"south": {"uv": [0, 0, 1, 1], "texture": "#1"},
				"west": {"uv": [0, 0, 1, 1], "texture": "#1"},
				"up": {"uv": [0, 0, 1, 1], "texture": "#1"},
				"down": {"uv": [0, 0, 1, 1], "texture": "#1"}
			}
		},
		{
			"name": "Cube",
			"from": [14.1, 1.5, 6.75],
			"to": [14.6, 2, 9.25],
			"faces": {
				"north": {"uv": [0, 0, 0.5, 0.7], "texture": "#1"},
				"east": {"uv": [0, 0, 0.5, 0.7], "texture": "#1"},
				"south": {"uv": [0, 0, 0.5, 0.7], "texture": "#1"},
				"west": {"uv": [0, 0, 0.5, 0.7], "texture": "#1"},
				"up": {"uv": [0, 0, 0.5, 0.7], "texture": "#1"},
				"down": {"uv": [0, 0, 0.5, 0.7], "texture": "#1"}
			}
		},
		{
			"name": "Cube",
			"from": [12.00113, 5.38605, 12.03051],
			"to": [12.10113, 5.48605, 12.78051],
			"rotation": {"angle": 22.5, "axis": "x", "origin": [8.00113, 7.38605, 8.03051]},
			"faces": {
				"north": {"uv": [0, 0, 1, 1], "texture": "#1"},
				"east": {"uv": [0, 0, 1, 1], "texture": "#1"},
				"south": {"uv": [0, 0, 1, 1], "texture": "#1"},
				"west": {"uv": [0, 0, 1, 1], "texture": "#1"},
				"up": {"uv": [0, 0, 1, 1], "texture": "#1"},
				"down": {"uv": [0, 0, 1, 1], "texture": "#1"}
			}
		},
		{
			"name": "Cube",
			"from": [12.00113, 5.38605, 3.21949],
			"to": [12.10113, 5.48605, 3.96949],
			"rotation": {"angle": -22.5, "axis": "x", "origin": [8.00113, 7.38605, 7.96949]},
			"faces": {
				"north": {"uv": [1, 0, 0, 1], "texture": "#1"},
				"east": {"uv": [1, 0, 0, 1], "texture": "#1"},
				"south": {"uv": [1, 0, 0, 1], "texture": "#1"},
				"west": {"uv": [1, 0, 0, 1], "texture": "#1"},
				"up": {"uv": [0, 1, 1, 0], "texture": "#1"},
				"down": {"uv": [0, 1, 1, 0], "texture": "#1"}
			}
		},
		{
			"name": "Cube",
			"from": [8.4, 5.5, 13.5],
			"to": [8.65, 6, 14],
			"faces": {
				"north": {"uv": [10.25, 12, 10.3497, 12.0997], "texture": "#8"},
				"east": {"uv": [10.25, 12, 10.3497, 12.0997], "texture": "#8"},
				"south": {"uv": [10.25, 12, 10.3497, 12.0997], "texture": "#8"},
				"west": {"uv": [10.25, 12, 10.3497, 12.0997], "texture": "#8"},
				"up": {"uv": [10.25, 12, 10.3497, 12.0997], "texture": "#8"},
				"down": {"uv": [10.25, 12, 10.3497, 12.0997], "texture": "#8"}
			}
		},
		{
			"name": "Cube",
			"from": [8.4, 6.5, 14.5],
			"to": [8.65, 7, 15],
			"rotation": {"angle": 22.5, "axis": "x", "origin": [8, 8, 8]},
			"faces": {
				"north": {"uv": [10.25, 12, 10.3497, 12.0997], "texture": "#8"},
				"east": {"uv": [10.25, 12, 10.3497, 12.0997], "texture": "#8"},
				"south": {"uv": [10.25, 12, 10.3497, 12.0997], "texture": "#8"},
				"west": {"uv": [10.25, 12, 10.3497, 12.0997], "texture": "#8"},
				"up": {"uv": [10.25, 12, 10.3497, 12.0997], "texture": "#8"},
				"down": {"uv": [10.25, 12, 10.3497, 12.0997], "texture": "#8"}
			}
		},
		{
			"name": "Cube",
			"from": [8.4, 7.5, 12.5],
			"to": [8.65, 8, 13],
			"rotation": {"angle": 22.5, "axis": "x", "origin": [8, 8, 8]},
			"faces": {
				"north": {"uv": [10.25, 12, 10.3497, 12.0997], "texture": "#8"},
				"east": {"uv": [10.25, 12, 10.3497, 12.0997], "texture": "#8"},
				"south": {"uv": [10.25, 12, 10.3497, 12.0997], "texture": "#8"},
				"west": {"uv": [10.25, 12, 10.3497, 12.0997], "texture": "#8"},
				"up": {"uv": [10.25, 12, 10.3497, 12.0997], "texture": "#8"},
				"down": {"uv": [10.25, 12, 10.3497, 12.0997], "texture": "#8"}
			}
		},
		{
			"name": "Cube",
			"from": [8.4, 8.5, 12.5],
			"to": [8.65, 9, 13],
			"rotation": {"angle": 22.5, "axis": "x", "origin": [8, 8, 8]},
			"faces": {
				"north": {"uv": [10.25, 12, 10.3497, 12.0997], "texture": "#8"},
				"east": {"uv": [10.25, 12, 10.3497, 12.0997], "texture": "#8"},
				"south": {"uv": [10.25, 12, 10.3497, 12.0997], "texture": "#8"},
				"west": {"uv": [10.25, 12, 10.3497, 12.0997], "texture": "#8"},
				"up": {"uv": [10.25, 12, 10.3497, 12.0997], "texture": "#8"},
				"down": {"uv": [10.25, 12, 10.3497, 12.0997], "texture": "#8"}
			}
		},
		{
			"name": "Cube",
			"from": [8.4, 8.5, 15.5],
			"to": [8.65, 9, 16],
			"rotation": {"angle": 22.5, "axis": "x", "origin": [8, 8, 8]},
			"faces": {
				"north": {"uv": [10.25, 12, 10.3497, 12.0997], "texture": "#8"},
				"east": {"uv": [10.25, 12, 10.3497, 12.0997], "texture": "#8"},
				"south": {"uv": [10.25, 12, 10.3497, 12.0997], "texture": "#8"},
				"west": {"uv": [10.25, 12, 10.3497, 12.0997], "texture": "#8"},
				"up": {"uv": [10.25, 12, 10.3497, 12.0997], "texture": "#8"},
				"down": {"uv": [10.25, 12, 10.3497, 12.0997], "texture": "#8"}
			}
		},
		{
			"name": "Cube",
			"from": [8.4, 5.5, 11],
			"to": [8.65, 6, 11.5],
			"rotation": {"angle": -22.5, "axis": "x", "origin": [8, 8, 8]},
			"faces": {
				"north": {"uv": [10.25, 12, 10.3497, 12.0997], "texture": "#8"},
				"east": {"uv": [10.25, 12, 10.3497, 12.0997], "texture": "#8"},
				"south": {"uv": [10.25, 12, 10.3497, 12.0997], "texture": "#8"},
				"west": {"uv": [10.25, 12, 10.3497, 12.0997], "texture": "#8"},
				"up": {"uv": [10.25, 12, 10.3497, 12.0997], "texture": "#8"},
				"down": {"uv": [10.25, 12, 10.3497, 12.0997], "texture": "#8"}
			}
		},
		{
			"name": "Cube",
			"from": [8.4, 10.5, 14.5],
			"to": [8.65, 11, 15],
			"rotation": {"angle": 45, "axis": "x", "origin": [8, 8, 8]},
			"faces": {
				"north": {"uv": [10.25, 12, 10.3497, 12.0997], "texture": "#8"},
				"east": {"uv": [10.25, 12, 10.3497, 12.0997], "texture": "#8"},
				"south": {"uv": [10.25, 12, 10.3497, 12.0997], "texture": "#8"},
				"west": {"uv": [10.25, 12, 10.3497, 12.0997], "texture": "#8"},
				"up": {"uv": [10.25, 12, 10.3497, 12.0997], "texture": "#8"},
				"down": {"uv": [10.25, 12, 10.3497, 12.0997], "texture": "#8"}
			}
		},
		{
			"name": "Cube",
			"from": [8.4, 9.5, 14.5],
			"to": [8.65, 10, 15],
			"rotation": {"angle": 22.5, "axis": "x", "origin": [8, 8, 8]},
			"faces": {
				"north": {"uv": [10.25, 12, 10.3497, 12.0997], "texture": "#8"},
				"east": {"uv": [10.25, 12, 10.3497, 12.0997], "texture": "#8"},
				"south": {"uv": [10.25, 12, 10.3497, 12.0997], "texture": "#8"},
				"west": {"uv": [10.25, 12, 10.3497, 12.0997], "texture": "#8"},
				"up": {"uv": [10.25, 12, 10.3497, 12.0997], "texture": "#8"},
				"down": {"uv": [10.25, 12, 10.3497, 12.0997], "texture": "#8"}
			}
		},
		{
			"name": "Cube",
			"from": [8.4, 11.5, 11.5],
			"to": [8.65, 12, 12],
			"rotation": {"angle": 45, "axis": "x", "origin": [8, 8, 8]},
			"faces": {
				"north": {"uv": [10.25, 12, 10.3497, 12.0997], "texture": "#8"},
				"east": {"uv": [10.25, 12, 10.3497, 12.0997], "texture": "#8"},
				"south": {"uv": [10.25, 12, 10.3497, 12.0997], "texture": "#8"},
				"west": {"uv": [10.25, 12, 10.3497, 12.0997], "texture": "#8"},
				"up": {"uv": [10.25, 12, 10.3497, 12.0997], "texture": "#8"},
				"down": {"uv": [10.25, 12, 10.3497, 12.0997], "texture": "#8"}
			}
		},
		{
			"name": "Cube",
			"from": [8.4, 6.5, 15.5],
			"to": [8.65, 7, 16],
			"rotation": {"angle": 22.5, "axis": "x", "origin": [8, 8, 8]},
			"faces": {
				"north": {"uv": [10.25, 12, 10.3497, 12.0997], "texture": "#8"},
				"east": {"uv": [10.25, 12, 10.3497, 12.0997], "texture": "#8"},
				"south": {"uv": [10.25, 12, 10.3497, 12.0997], "texture": "#8"},
				"west": {"uv": [10.25, 12, 10.3497, 12.0997], "texture": "#8"},
				"up": {"uv": [10.25, 12, 10.3497, 12.0997], "texture": "#8"},
				"down": {"uv": [10.25, 12, 10.3497, 12.0997], "texture": "#8"}
			}
		},
		{
			"name": "Cube",
			"from": [8.4, 5.5, 4.5],
			"to": [8.65, 6, 5],
			"rotation": {"angle": 22.5, "axis": "x", "origin": [8, 8, 8]},
			"faces": {
				"north": {"uv": [10.3497, 12, 10.25, 12.0997], "texture": "#8"},
				"east": {"uv": [10.3497, 12, 10.25, 12.0997], "texture": "#8"},
				"south": {"uv": [10.3497, 12, 10.25, 12.0997], "texture": "#8"},
				"west": {"uv": [10.3497, 12, 10.25, 12.0997], "texture": "#8"},
				"up": {"uv": [10.25, 12.0997, 10.3497, 12], "texture": "#8"},
				"down": {"uv": [10.25, 12.0997, 10.3497, 12], "texture": "#8"}
			}
		},
		{
			"name": "Cube",
			"from": [8.4, 7.5, 3],
			"to": [8.65, 8, 3.5],
			"rotation": {"angle": -22.5, "axis": "x", "origin": [8, 8, 8]},
			"faces": {
				"north": {"uv": [10.3497, 12, 10.25, 12.0997], "texture": "#8"},
				"east": {"uv": [10.3497, 12, 10.25, 12.0997], "texture": "#8"},
				"south": {"uv": [10.3497, 12, 10.25, 12.0997], "texture": "#8"},
				"west": {"uv": [10.3497, 12, 10.25, 12.0997], "texture": "#8"},
				"up": {"uv": [10.25, 12.0997, 10.3497, 12], "texture": "#8"},
				"down": {"uv": [10.25, 12.0997, 10.3497, 12], "texture": "#8"}
			}
		},
		{
			"name": "Cube",
			"from": [8.4, 8.5, 3],
			"to": [8.65, 9, 3.5],
			"rotation": {"angle": -22.5, "axis": "x", "origin": [8, 8, 8]},
			"faces": {
				"north": {"uv": [10.3497, 12, 10.25, 12.0997], "texture": "#8"},
				"east": {"uv": [10.3497, 12, 10.25, 12.0997], "texture": "#8"},
				"south": {"uv": [10.3497, 12, 10.25, 12.0997], "texture": "#8"},
				"west": {"uv": [10.3497, 12, 10.25, 12.0997], "texture": "#8"},
				"up": {"uv": [10.25, 12.0997, 10.3497, 12], "texture": "#8"},
				"down": {"uv": [10.25, 12.0997, 10.3497, 12], "texture": "#8"}
			}
		},
		{
			"name": "Cube",
			"from": [8.4, 11.5, 4],
			"to": [8.65, 12, 4.5],
			"rotation": {"angle": -45, "axis": "x", "origin": [8, 8, 8]},
			"faces": {
				"north": {"uv": [10.3497, 12, 10.25, 12.0997], "texture": "#8"},
				"east": {"uv": [10.3497, 12, 10.25, 12.0997], "texture": "#8"},
				"south": {"uv": [10.3497, 12, 10.25, 12.0997], "texture": "#8"},
				"west": {"uv": [10.3497, 12, 10.25, 12.0997], "texture": "#8"},
				"up": {"uv": [10.25, 12.0997, 10.3497, 12], "texture": "#8"},
				"down": {"uv": [10.25, 12.0997, 10.3497, 12], "texture": "#8"}
			}
		},
		{
			"name": "Cube",
			"from": [8.4, 9.5, 1],
			"to": [8.65, 10, 1.5],
			"rotation": {"angle": -22.5, "axis": "x", "origin": [8, 8, 8]},
			"faces": {
				"north": {"uv": [10.3497, 12, 10.25, 12.0997], "texture": "#8"},
				"east": {"uv": [10.3497, 12, 10.25, 12.0997], "texture": "#8"},
				"south": {"uv": [10.3497, 12, 10.25, 12.0997], "texture": "#8"},
				"west": {"uv": [10.3497, 12, 10.25, 12.0997], "texture": "#8"},
				"up": {"uv": [10.25, 12.0997, 10.3497, 12], "texture": "#8"},
				"down": {"uv": [10.25, 12.0997, 10.3497, 12], "texture": "#8"}
			}
		},
		{
			"name": "Cube",
			"from": [8.4, 8.5, 0],
			"to": [8.65, 9, 0.5],
			"rotation": {"angle": -22.5, "axis": "x", "origin": [8, 8, 8]},
			"faces": {
				"north": {"uv": [10.3497, 12, 10.25, 12.0997], "texture": "#8"},
				"east": {"uv": [10.3497, 12, 10.25, 12.0997], "texture": "#8"},
				"south": {"uv": [10.3497, 12, 10.25, 12.0997], "texture": "#8"},
				"west": {"uv": [10.3497, 12, 10.25, 12.0997], "texture": "#8"},
				"up": {"uv": [10.25, 12.0997, 10.3497, 12], "texture": "#8"},
				"down": {"uv": [10.25, 12.0997, 10.3497, 12], "texture": "#8"}
			}
		},
		{
			"name": "Cube",
			"from": [8.4, 5.5, 2],
			"to": [8.65, 6, 2.5],
			"faces": {
				"north": {"uv": [10.3497, 12, 10.25, 12.0997], "texture": "#8"},
				"east": {"uv": [10.3497, 12, 10.25, 12.0997], "texture": "#8"},
				"south": {"uv": [10.3497, 12, 10.25, 12.0997], "texture": "#8"},
				"west": {"uv": [10.3497, 12, 10.25, 12.0997], "texture": "#8"},
				"up": {"uv": [10.25, 12.0997, 10.3497, 12], "texture": "#8"},
				"down": {"uv": [10.25, 12.0997, 10.3497, 12], "texture": "#8"}
			}
		},
		{
			"name": "Cube",
			"from": [8.4, 10.5, 1],
			"to": [8.65, 11, 1.5],
			"rotation": {"angle": -45, "axis": "x", "origin": [8, 8, 8]},
			"faces": {
				"north": {"uv": [10.3497, 12, 10.25, 12.0997], "texture": "#8"},
				"east": {"uv": [10.3497, 12, 10.25, 12.0997], "texture": "#8"},
				"south": {"uv": [10.3497, 12, 10.25, 12.0997], "texture": "#8"},
				"west": {"uv": [10.3497, 12, 10.25, 12.0997], "texture": "#8"},
				"up": {"uv": [10.25, 12.0997, 10.3497, 12], "texture": "#8"},
				"down": {"uv": [10.25, 12.0997, 10.3497, 12], "texture": "#8"}
			}
		},
		{
			"name": "Cube",
			"from": [8.4, 6.5, 1],
			"to": [8.65, 7, 1.5],
			"rotation": {"angle": -22.5, "axis": "x", "origin": [8, 8, 8]},
			"faces": {
				"north": {"uv": [10.3497, 12, 10.25, 12.0997], "texture": "#8"},
				"east": {"uv": [10.3497, 12, 10.25, 12.0997], "texture": "#8"},
				"south": {"uv": [10.3497, 12, 10.25, 12.0997], "texture": "#8"},
				"west": {"uv": [10.3497, 12, 10.25, 12.0997], "texture": "#8"},
				"up": {"uv": [10.25, 12.0997, 10.3497, 12], "texture": "#8"},
				"down": {"uv": [10.25, 12.0997, 10.3497, 12], "texture": "#8"}
			}
		},
		{
			"name": "Cube",
			"from": [8.4, 6.5, 0],
			"to": [8.65, 7, 0.5],
			"rotation": {"angle": -22.5, "axis": "x", "origin": [8, 8, 8]},
			"faces": {
				"north": {"uv": [10.3497, 12, 10.25, 12.0997], "texture": "#8"},
				"east": {"uv": [10.3497, 12, 10.25, 12.0997], "texture": "#8"},
				"south": {"uv": [10.3497, 12, 10.25, 12.0997], "texture": "#8"},
				"west": {"uv": [10.3497, 12, 10.25, 12.0997], "texture": "#8"},
				"up": {"uv": [10.25, 12.0997, 10.3497, 12], "texture": "#8"},
				"down": {"uv": [10.25, 12.0997, 10.3497, 12], "texture": "#8"}
			}
		}
	],
	"display": {
		"thirdperson_righthand": {
			"rotation": [0, -44, 0],
			"translation": [-2.78, 2.086, 0],
			"scale": [0.547, 0.486, 0.408]
		},
		"thirdperson_lefthand": {
			"rotation": [0, 144, 0],
			"translation": [-2.782, 2.0869, 0],
			"scale": [0.5478, 0.4869, 0.4086]
		},
		"firstperson_righthand": {
			"rotation": [-19, -61, 5],
			"translation": [-1.391, -2.086, -0.695]
		},
		"firstperson_lefthand": {
			"rotation": [-19, 108, -3],
			"translation": [0, -2.086, 0]
		},
		"gui": {
			"rotation": [0, -90, 0],
			"translation": [-0.695, 1.3912, 0],
			"scale": [0.7565, 1, 1]
		},
		"head": {
			"rotation": [0, 90, 0],
			"translation": [0, 15, 0],
			"scale": [1.45, 1.09999, 1.2434]
		},
		"ground": {
			"rotation": [0, 0, -17],
			"translation": [0, 3.4782, 0],
			"scale": [0.7565, 0.7565, 0.7217]
		},
		"fixed": {
			"scale": [0.8608, 1, 1],
			"translation": [0, 3.5, -0.5],
			"rotation": [0, 87, 0]
		}
	},
	"groups": [
		{
			"name": "mickey_ears_hat",
			"isOpen": true,
			"export": true,
			"visibility": true,
			"children": [0, 1, 2, 3, 4, 5, 6, 7, 8, 9, 10, 11, 12, 13, 14, 15, 16, 17, 18, 19, 20, 21, 22, 23, 24, 25, 26, 27, 28, 29, 30, 31, 32, 33, 34, 35, 36, 37, 38, 39, 40, 41, 42, 43, 44, 45, 46, 47, 48, 49, 50, 51, 52, 53, 54, 55, 56, 57, 58, 59, 60, 61, 62, 63, 64, 65, 66, 67, 68, 69, 70, 71, 72, 73, 74, 75, 76, 77, 78, 79, 80, 81, 82, 83, 84, 85, 86, 87, 88, 89, 90, 91, 92, 93, 94, 95, 96, 97, 98, 99, 100, 101, 102, 103, 104, 105, 106, 107, 108, 109, 110, 111, 112, 113, 114, 115, 116, 117, 118, 119, 120, 121, 122, 123, 124, 125, 126, 127, 128, 129, 130, 131, 132, 133, 134, 135, 136, 137, 138, 139, 140, 141, 142, 143, 144, 145, 146, 147, 148, 149, 150, 151, 152, 153, 154, 155, 156, 157, 158, 159, 160, 161, 162, 163, 164, 165, 166, 167, 168, 169, 170, 171, 172, 173, 174, 175, 176]
		}
	]
}