{
	"credit": "Made with Blockbench",
	"textures": {
		"4": "block/lime_wool",
		"6": "block/lily_pad2",
		"particle": "block/lime_wool"
	},
	"elements": [
		{
			"from": [16.37978, 8.92111, 1.01449],
			"to": [18.37978, 9.92111, 1.51449],
			"rotation": {"angle": -22.5, "axis": "z", "origin": [10.37978, 16.92111, 9.01449]},
			"faces": {
				"north": {"uv": [8, 1, 9, 1.5], "texture": "#4"},
				"east": {"uv": [7.5, 1, 8, 1.5], "texture": "#4"},
				"south": {"uv": [9.5, 1, 10.5, 1.5], "texture": "#4"},
				"west": {"uv": [9, 1, 9.5, 1.5], "texture": "#4"},
				"up": {"uv": [9, 1, 8, 0.5], "texture": "#4"},
				"down": {"uv": [10, 0.5, 9, 1], "texture": "#4"}
			}
		},
		{
			"from": [14.70458, 6.47318, 1.00516],
			"to": [15.95458, 7.47318, 1.50516],
			"faces": {
				"north": {"uv": [4.5, 9, 5, 9.5], "texture": "#4"},
				"east": {"uv": [4, 9, 4.5, 9.5], "texture": "#4"},
				"south": {"uv": [5.5, 9, 6, 9.5], "texture": "#4"},
				"west": {"uv": [5, 9, 5.5, 9.5], "texture": "#4"},
				"up": {"uv": [5, 9, 4.5, 8.5], "texture": "#4"},
				"down": {"uv": [5.5, 8.5, 5, 9], "texture": "#4"}
			}
		},
		{
			"from": [13.41713, 3.18341, 0.99835],
			"to": [15.41713, 4.18341, 1.49835],
			"rotation": {"angle": 22.5, "axis": "z", "origin": [6.41713, 11.18341, 7.99835]},
			"faces": {
				"north": {"uv": [6.5, 4.5, 7.5, 5], "texture": "#4"},
				"east": {"uv": [7.5, 8, 8, 8.5], "texture": "#4"},
				"south": {"uv": [9.5, 8, 10.5, 8.5], "texture": "#4"},
				"west": {"uv": [9, 8, 9.5, 8.5], "texture": "#4"},
				"up": {"uv": [9, 8, 8, 7.5], "texture": "#4"},
				"down": {"uv": [10, 7.5, 9, 8], "texture": "#4"}
			}
		},
		{
			"from": [14.45833, 6.96893, 1.00791],
			"to": [17.95833, 7.96893, 1.50791],
			"faces": {
				"north": {"uv": [2.25, 4.5, 3.75, 5], "texture": "#4"},
				"east": {"uv": [0, 6, 0.5, 6.5], "texture": "#4"},
				"south": {"uv": [2.5, 6, 4, 6.5], "texture": "#4"},
				"west": {"uv": [2, 6, 2.5, 6.5], "texture": "#4"},
				"up": {"uv": [2, 6, 0.5, 5.5], "texture": "#4"},
				"down": {"uv": [3.5, 5.5, 2, 6], "texture": "#4"}
			}
		},
		{
			"from": [15.40499, 3.77982, 0.99927],
			"to": [16.65499, 4.77982, 1.49927],
			"rotation": {"angle": 22.5, "axis": "z", "origin": [8.65499, 11.77982, 8.99927]},
			"faces": {
				"north": {"uv": [8, 2, 8.5, 2.5], "texture": "#4"},
				"east": {"uv": [7.5, 2, 8, 2.5], "texture": "#4"},
				"south": {"uv": [9, 2, 9.5, 2.5], "texture": "#4"},
				"west": {"uv": [8.5, 2, 9, 2.5], "texture": "#4"},
				"up": {"uv": [8.5, 2, 8, 1.5], "texture": "#4"},
				"down": {"uv": [9, 1.5, 8.5, 2], "texture": "#4"}
			}
		},
		{
			"from": [18.22074, 7.3734, 0.99593],
			"to": [20.47074, 8.3734, 1.49593],
			"faces": {
				"north": {"uv": [7.5, 7, 8.5, 7.5], "texture": "#4"},
				"east": {"uv": [7, 7, 7.5, 7.5], "texture": "#4"},
				"south": {"uv": [9, 7, 10, 7.5], "texture": "#4"},
				"west": {"uv": [8.5, 7, 9, 7.5], "texture": "#4"},
				"up": {"uv": [8.5, 7, 7.5, 6.5], "texture": "#4"},
				"down": {"uv": [9.5, 6.5, 8.5, 7], "texture": "#4"}
			}
		},
		{
			"from": [17.95401, 4.08685, 1.00663],
			"to": [20.45401, 5.33685, 1.50663],
			"rotation": {"angle": 22.5, "axis": "z", "origin": [10.95401, 12.08685, 8.00663]},
			"faces": {
				"north": {"uv": [3.25, 4, 4.25, 4.5], "texture": "#6"},
				"east": {"uv": [7, 6, 7.5, 6.5], "texture": "#4"},
				"south": {"uv": [9, 6, 10, 6.5], "texture": "#4"},
				"west": {"uv": [8.5, 6, 9, 6.5], "texture": "#4"},
				"up": {"uv": [8.5, 6, 7.5, 5.5], "texture": "#4"},
				"down": {"uv": [9.5, 5.5, 8.5, 6], "texture": "#4"}
			}
		},
		{
			"from": [29.30638, 12.05942, 1.09162],
			"to": [31.30638, 13.05942, 1.59162],
			"rotation": {"angle": -45, "axis": "z", "origin": [22.30638, 20.05942, 9.09162]},
			"faces": {
				"north": {"uv": [7.5, 3, 8.5, 3.5], "texture": "#4"},
				"east": {"uv": [7, 3, 7.5, 3.5], "texture": "#4"},
				"south": {"uv": [9, 3, 10, 3.5], "texture": "#4"},
				"west": {"uv": [8.5, 3, 9, 3.5], "texture": "#4"},
				"up": {"uv": [8.5, 3, 7.5, 2.5], "texture": "#4"},
				"down": {"uv": [9.5, 2.5, 8.5, 3], "texture": "#4"}
			}
		},
		{
			"from": [23.70787, 10.27711, 1.08242],
			"to": [25.70787, 13.02711, 1.58242],
			"rotation": {"angle": -22.5, "axis": "z", "origin": [16.95787, 20.02711, 9.08242]},
			"faces": {
				"north": {"uv": [5.5, 4.5, 6, 5.5], "texture": "#6"},
				"east": {"uv": [8, 4, 8.5, 5], "texture": "#4"},
				"south": {"uv": [9.5, 4, 10, 5], "texture": "#4"},
				"west": {"uv": [9, 4, 9.5, 5], "texture": "#4"},
				"up": {"uv": [9, 4, 8.5, 3.5], "texture": "#4"},
				"down": {"uv": [9.5, 3.5, 9, 4], "texture": "#4"}
			}
		},
		{
			"from": [21.43857, 10.03927, 1.05097],
			"to": [22.43857, 13.03927, 1.55097],
			"rotation": {"angle": -22.5, "axis": "z", "origin": [15.43857, 20.03927, 9.05097]},
			"faces": {
				"north": {"uv": [4, 6.25, 4.5, 7.75], "texture": "#6"},
				"east": {"uv": [2, 8, 2.5, 9.5], "texture": "#4"},
				"south": {"uv": [3.5, 8, 4, 9.5], "texture": "#4"},
				"west": {"uv": [3, 8, 3.5, 9.5], "texture": "#4"},
				"up": {"uv": [3, 8, 2.5, 7.5], "texture": "#4"},
				"down": {"uv": [3.5, 7.5, 3, 8], "texture": "#4"}
			}
		},
		{
			"from": [16.03383, 7.28556, 1.02221],
			"to": [18.28383, 11.28556, 1.52221],
			"faces": {
				"north": {"uv": [4, 3.75, 5.5, 5.5], "texture": "#6"},
				"east": {"uv": [3, 0.5, 3.5, 2.5], "texture": "#4"},
				"south": {"uv": [5, 0.5, 6, 2.5], "texture": "#4"},
				"west": {"uv": [4.5, 0.5, 5, 2.5], "texture": "#4"},
				"up": {"uv": [4.5, 0.5, 3.5, 0], "texture": "#4"},
				"down": {"uv": [5.5, 0, 4.5, 0.5], "texture": "#4"}
			}
		},
		{
			"from": [19.34041, 10.9094, 1.02247],
			"to": [20.59041, 13.9094, 1.52247],
			"rotation": {"angle": -22.5, "axis": "z", "origin": [12.34041, 20.9094, 8.52247]},
			"faces": {
				"north": {"uv": [0.5, 8, 1, 9.5], "texture": "#4"},
				"east": {"uv": [0, 8, 0.5, 9.5], "texture": "#4"},
				"south": {"uv": [1.5, 8, 2, 9.5], "texture": "#4"},
				"west": {"uv": [1, 8, 1.5, 9.5], "texture": "#4"},
				"up": {"uv": [1, 8, 0.5, 7.5], "texture": "#4"},
				"down": {"uv": [1.5, 7.5, 1, 8], "texture": "#4"}
			}
		},
		{
			"from": [14.85711, 8.76667, 0.9976],
			"to": [16.10711, 11.76667, 1.4976],
			"faces": {
				"north": {"uv": [5.25, 3.75, 5.75, 5.5], "texture": "#6"},
				"east": {"uv": [5.5, 7.5, 6, 9], "texture": "#4"},
				"south": {"uv": [7, 7.5, 7.5, 9], "texture": "#4"},
				"west": {"uv": [6.5, 7.5, 7, 9], "texture": "#4"},
				"up": {"uv": [6.5, 7.5, 6, 7], "texture": "#4"},
				"down": {"uv": [7, 7, 6.5, 7.5], "texture": "#4"}
			}
		},
		{
			"from": [13.25, 5.75, 1],
			"to": [16, 10, 1.5],
			"rotation": {"angle": 22.5, "axis": "z", "origin": [11, 8, 8]},
			"faces": {
				"north": {"uv": [3.5, 3.5, 4.5, 5.5], "texture": "#6"},
				"east": {"uv": [0, 3.5, 0.5, 5.5], "texture": "#4"},
				"south": {"uv": [2, 3.5, 3, 5.5], "texture": "#4"},
				"west": {"uv": [1.5, 3.5, 2, 5.5], "texture": "#4"},
				"up": {"uv": [1.5, 3.5, 0.5, 3], "texture": "#4"},
				"down": {"uv": [2.5, 3, 1.5, 3.5], "texture": "#4"}
			}
		},
		{
			"from": [23.68538, 5.22683, -0.00043],
			"to": [26.18538, 6.22683, 0.99957],
			"rotation": {"angle": 22.5, "axis": "z", "origin": [16.68538, -1.77317, 7.99957]},
			"faces": {
				"north": {"uv": [3, 3, 4, 3.5], "texture": "#4"},
				"east": {"uv": [2.5, 3, 3, 3.5], "texture": "#4"},
				"south": {"uv": [4.5, 3, 5.5, 3.5], "texture": "#4"},
				"west": {"uv": [4, 3, 4.5, 3.5], "texture": "#4"},
				"up": {"uv": [4, 3, 3, 2.5], "texture": "#4"},
				"down": {"uv": [5, 2.5, 4, 3], "texture": "#4"}
			}
		},
		{
			"from": [29.28716, 12.08103, 0.05083],
			"to": [31.28716, 13.08103, 1.05083],
			"rotation": {"angle": -45, "axis": "z", "origin": [22.28716, 20.08103, 8.05083]},
			"faces": {
				"north": {"uv": [0.5, 2.5, 1.5, 3], "texture": "#4"},
				"east": {"uv": [0, 2.5, 0.5, 3], "texture": "#4"},
				"south": {"uv": [2, 2.5, 3, 3], "texture": "#4"},
				"west": {"uv": [1.5, 2.5, 2, 3], "texture": "#4"},
				"up": {"uv": [1.5, 2.5, 0.5, 2], "texture": "#4"},
				"down": {"uv": [2.5, 2, 1.5, 2.5], "texture": "#4"}
			}
		},
		{
			"from": [23.86093, 12.01692, 0.01005],
			"to": [25.61093, 13.01692, 1.01005],
			"rotation": {"angle": -22.5, "axis": "z", "origin": [16.86093, 20.01692, 8.01005]},
			"faces": {
				"north": {"uv": [4.5, 7, 5, 7.5], "texture": "#4"},
				"east": {"uv": [4, 7, 4.5, 7.5], "texture": "#4"},
				"south": {"uv": [5.5, 7, 6, 7.5], "texture": "#4"},
				"west": {"uv": [5, 7, 5.5, 7.5], "texture": "#4"},
				"up": {"uv": [5, 7, 4.5, 6.5], "texture": "#4"},
				"down": {"uv": [5.5, 6.5, 5, 7], "texture": "#4"}
			}
		},
		{
			"from": [18.71982, 7.37244, -0.00404],
			"to": [20.46982, 8.37244, 0.99596],
			"faces": {
				"north": {"uv": [2.5, 7, 3, 7.5], "texture": "#4"},
				"east": {"uv": [2, 7, 2.5, 7.5], "texture": "#4"},
				"south": {"uv": [3.5, 7, 4, 7.5], "texture": "#4"},
				"west": {"uv": [3, 7, 3.5, 7.5], "texture": "#4"},
				"up": {"uv": [3, 7, 2.5, 6.5], "texture": "#4"},
				"down": {"uv": [3.5, 6.5, 3, 7], "texture": "#4"}
			}
		},
		{
			"from": [18.89898, 9.87018, 0.01052],
			"to": [20.64898, 10.87018, 1.01052],
			"faces": {
				"north": {"uv": [0.5, 7, 1, 7.5], "texture": "#4"},
				"east": {"uv": [0, 7, 0.5, 7.5], "texture": "#4"},
				"south": {"uv": [1.5, 7, 2, 7.5], "texture": "#4"},
				"west": {"uv": [1, 7, 1.5, 7.5], "texture": "#4"},
				"up": {"uv": [1, 7, 0.5, 6.5], "texture": "#4"},
				"down": {"uv": [1.5, 6.5, 1, 7], "texture": "#4"}
			}
		},
		{
			"from": [21.15941, 4.8236, -0.00324],
			"to": [22.40941, 5.8236, 0.99676],
			"rotation": {"angle": 22.5, "axis": "z", "origin": [14.15941, -2.1764, 7.99676]},
			"faces": {
				"north": {"uv": [6.5, 4.5, 7, 5], "texture": "#4"},
				"east": {"uv": [6, 4.5, 6.5, 5], "texture": "#4"},
				"south": {"uv": [7.5, 4.5, 8, 5], "texture": "#4"},
				"west": {"uv": [7, 4.5, 7.5, 5], "texture": "#4"},
				"up": {"uv": [7, 4.5, 6.5, 4], "texture": "#4"},
				"down": {"uv": [7.5, 4, 7, 4.5], "texture": "#4"}
			}
		},
		{
			"from": [21.33831, 12.41769, 0.01105],
			"to": [22.58831, 13.41769, 1.01105],
			"rotation": {"angle": -22.5, "axis": "z", "origin": [14.33831, 20.41769, 8.01105]},
			"faces": {
				"north": {"uv": [6.5, 1.5, 7, 2], "texture": "#4"},
				"east": {"uv": [6, 1.5, 6.5, 2], "texture": "#4"},
				"south": {"uv": [7.5, 1.5, 8, 2], "texture": "#4"},
				"west": {"uv": [7, 1.5, 7.5, 2], "texture": "#4"},
				"up": {"uv": [7, 1.5, 6.5, 1], "texture": "#4"},
				"down": {"uv": [7.5, 1, 7, 1.5], "texture": "#4"}
			}
		},
		{
			"from": [16.9479, 6.96886, -0.00243],
			"to": [17.9479, 7.96886, 0.99757],
			"faces": {
				"north": {"uv": [6.5, 0.5, 7, 1], "texture": "#4"},
				"east": {"uv": [6, 0.5, 6.5, 1], "texture": "#4"},
				"south": {"uv": [7.5, 0.5, 8, 1], "texture": "#4"},
				"west": {"uv": [7, 0.5, 7.5, 1], "texture": "#4"},
				"up": {"uv": [7, 0.5, 6.5, 0], "texture": "#4"},
				"down": {"uv": [7.5, 0, 7, 0.5], "texture": "#4"}
			}
		},
		{
			"from": [17.12635, 10.27094, 0.01152],
			"to": [18.12635, 11.27094, 1.01152],
			"faces": {
				"north": {"uv": [6, 6.5, 6.5, 7], "texture": "#4"},
				"east": {"uv": [5.5, 6.5, 6, 7], "texture": "#4"},
				"south": {"uv": [7, 6.5, 7.5, 7], "texture": "#4"},
				"west": {"uv": [6.5, 6.5, 7, 7], "texture": "#4"},
				"up": {"uv": [6.5, 6.5, 6, 6], "texture": "#4"},
				"down": {"uv": [7, 6, 6.5, 6.5], "texture": "#4"}
			}
		},
		{
			"from": [19.15653, 4.32434, -0.00164],
			"to": [20.65653, 5.32434, 0.99836],
			"rotation": {"angle": 22.5, "axis": "z", "origin": [12.15653, -2.67566, 7.99836]},
			"faces": {
				"north": {"uv": [6, 5.5, 6.5, 6], "texture": "#4"},
				"east": {"uv": [5.5, 5.5, 6, 6], "texture": "#4"},
				"south": {"uv": [7, 5.5, 7.5, 6], "texture": "#4"},
				"west": {"uv": [6.5, 5.5, 7, 6], "texture": "#4"},
				"up": {"uv": [6.5, 5.5, 6, 5], "texture": "#4"},
				"down": {"uv": [7, 5, 6.5, 5.5], "texture": "#4"}
			}
		},
		{
			"from": [19.3345, 12.91398, 0.01199],
			"to": [20.8345, 13.91398, 1.01199],
			"rotation": {"angle": -22.5, "axis": "z", "origin": [12.3345, 20.91398, 8.01199]},
			"faces": {
				"north": {"uv": [6, 3.5, 6.5, 4], "texture": "#4"},
				"east": {"uv": [5.5, 3.5, 6, 4], "texture": "#4"},
				"south": {"uv": [7, 3.5, 7.5, 4], "texture": "#4"},
				"west": {"uv": [6.5, 3.5, 7, 4], "texture": "#4"},
				"up": {"uv": [6.5, 3.5, 6, 3], "texture": "#4"},
				"down": {"uv": [7, 3, 6.5, 3.5], "texture": "#4"}
			}
		},
		{
			"from": [14.69502, 6.4696, -0.00083],
			"to": [15.94502, 7.4696, 0.99917],
			"faces": {
				"north": {"uv": [6, 2.5, 6.5, 3], "texture": "#4"},
				"east": {"uv": [5.5, 2.5, 6, 3], "texture": "#4"},
				"south": {"uv": [7, 2.5, 7.5, 3], "texture": "#4"},
				"west": {"uv": [6.5, 2.5, 7, 3], "texture": "#4"},
				"up": {"uv": [6.5, 2.5, 6, 2], "texture": "#4"},
				"down": {"uv": [7, 2, 6.5, 2.5], "texture": "#4"}
			}
		},
		{
			"from": [14.87282, 10.76664, 0.01333],
			"to": [16.12282, 11.76664, 1.01333],
			"faces": {
				"north": {"uv": [4.5, 6, 5, 6.5], "texture": "#4"},
				"east": {"uv": [4, 6, 4.5, 6.5], "texture": "#4"},
				"south": {"uv": [5.5, 6, 6, 6.5], "texture": "#4"},
				"west": {"uv": [5, 6, 5.5, 6.5], "texture": "#4"},
				"up": {"uv": [5, 6, 4.5, 5.5], "texture": "#4"},
				"down": {"uv": [5.5, 5.5, 5, 6], "texture": "#4"}
			}
		},
		{
			"from": [13.25, 9, 0],
			"to": [16, 10, 1],
			"rotation": {"angle": 22.5, "axis": "z", "origin": [11, 8, 8]},
			"faces": {
				"north": {"uv": [4, 4.25, 5, 4.75], "texture": "#4"},
				"east": {"uv": [0, 1.5, 0.5, 2], "texture": "#4"},
				"south": {"uv": [2, 1.5, 3, 2], "texture": "#4"},
				"west": {"uv": [1.5, 1.5, 2, 2], "texture": "#4"},
				"up": {"uv": [1.5, 1.5, 0.5, 1], "texture": "#4"},
				"down": {"uv": [2.5, 1, 1.5, 1.5], "texture": "#4"}
			}
		},
		{
			"from": [13, 8, 0],
			"to": [15, 9, 1],
			"rotation": {"angle": -22.5, "axis": "z", "origin": [11, 8, 8]},
			"faces": {
				"north": {"uv": [0.5, 0.5, 1.5, 1], "texture": "#4"},
				"east": {"uv": [0, 0.5, 0.5, 1], "texture": "#4"},
				"south": {"uv": [2, 0.5, 3, 1], "texture": "#4"},
				"west": {"uv": [1.5, 0.5, 2, 1], "texture": "#4"},
				"up": {"uv": [1.5, 0.5, 0.5, 0], "texture": "#4"},
				"down": {"uv": [2.5, 0, 1.5, 0.5], "texture": "#4"}
			}
		},
		{
			"from": [17.97708, 7.89342, 1.05103],
			"to": [20.72708, 10.89342, 1.55103],
			"faces": {
				"north": {"uv": [4.75, 3.5, 5.75, 5], "texture": "#6"},
				"east": {"uv": [3, 4, 3.5, 5.5], "texture": "#4"},
				"south": {"uv": [5, 4, 6, 5.5], "texture": "#4"},
				"west": {"uv": [4.5, 4, 5, 5.5], "texture": "#4"},
				"up": {"uv": [4.5, 4, 3.5, 3.5], "texture": "#4"},
				"down": {"uv": [5.5, 3.5, 4.5, 4], "texture": "#4"}
			}
		},
		{
			"from": [-2.37978, 8.92111, 1.01449],
			"to": [-0.37978, 9.92111, 1.51449],
			"rotation": {"angle": 22.5, "axis": "z", "origin": [5.62022, 16.92111, 9.01449]},
			"faces": {
				"north": {"uv": [9, 1, 8, 1.5], "texture": "#4"},
				"east": {"uv": [9.5, 1, 9, 1.5], "texture": "#4"},
				"south": {"uv": [10.5, 1, 9.5, 1.5], "texture": "#4"},
				"west": {"uv": [8, 1, 7.5, 1.5], "texture": "#4"},
				"up": {"uv": [8, 1, 9, 0.5], "texture": "#4"},
				"down": {"uv": [9, 0.5, 10, 1], "texture": "#4"}
			}
		},
		{
			"from": [0.04542, 6.47318, 1.00516],
			"to": [1.29542, 7.47318, 1.50516],
			"faces": {
				"north": {"uv": [5, 9, 4.5, 9.5], "texture": "#4"},
				"east": {"uv": [5.5, 9, 5, 9.5], "texture": "#4"},
				"south": {"uv": [6, 9, 5.5, 9.5], "texture": "#4"},
				"west": {"uv": [4.5, 9, 4, 9.5], "texture": "#4"},
				"up": {"uv": [4.5, 9, 5, 8.5], "texture": "#4"},
				"down": {"uv": [5, 8.5, 5.5, 9], "texture": "#4"}
			}
		},
		{
			"from": [0.58287, 3.18341, 0.99835],
			"to": [2.58287, 4.18341, 1.49835],
			"rotation": {"angle": -22.5, "axis": "z", "origin": [9.58287, 11.18341, 7.99835]},
			"faces": {
				"north": {"uv": [7.5, 4.5, 6.5, 5], "texture": "#4"},
				"east": {"uv": [9.5, 8, 9, 8.5], "texture": "#4"},
				"south": {"uv": [10.5, 8, 9.5, 8.5], "texture": "#4"},
				"west": {"uv": [8, 8, 7.5, 8.5], "texture": "#4"},
				"up": {"uv": [8, 8, 9, 7.5], "texture": "#4"},
				"down": {"uv": [9, 7.5, 10, 8], "texture": "#4"}
			}
		},
		{
			"from": [-1.95833, 6.96893, 1.00791],
			"to": [1.54167, 7.96893, 1.50791],
			"faces": {
				"north": {"uv": [3.75, 4.5, 2.25, 5], "texture": "#4"},
				"east": {"uv": [2.5, 6, 2, 6.5], "texture": "#4"},
				"south": {"uv": [4, 6, 2.5, 6.5], "texture": "#4"},
				"west": {"uv": [0.5, 6, 0, 6.5], "texture": "#4"},
				"up": {"uv": [0.5, 6, 2, 5.5], "texture": "#4"},
				"down": {"uv": [2, 5.5, 3.5, 6], "texture": "#4"}
			}
		},
		{
			"from": [-0.65499, 3.77982, 0.99927],
			"to": [0.59501, 4.77982, 1.49927],
			"rotation": {"angle": -22.5, "axis": "z", "origin": [7.34501, 11.77982, 8.99927]},
			"faces": {
				"north": {"uv": [8.5, 2, 8, 2.5], "texture": "#4"},
				"east": {"uv": [9, 2, 8.5, 2.5], "texture": "#4"},
				"south": {"uv": [9.5, 2, 9, 2.5], "texture": "#4"},
				"west": {"uv": [8, 2, 7.5, 2.5], "texture": "#4"},
				"up": {"uv": [8, 2, 8.5, 1.5], "texture": "#4"},
				"down": {"uv": [8.5, 1.5, 9, 2], "texture": "#4"}
			}
		},
		{
			"from": [-4.47074, 7.3734, 0.99593],
			"to": [-2.22074, 8.3734, 1.49593],
			"faces": {
				"north": {"uv": [8.5, 7, 7.5, 7.5], "texture": "#4"},
				"east": {"uv": [9, 7, 8.5, 7.5], "texture": "#4"},
				"south": {"uv": [10, 7, 9, 7.5], "texture": "#4"},
				"west": {"uv": [7.5, 7, 7, 7.5], "texture": "#4"},
				"up": {"uv": [7.5, 7, 8.5, 6.5], "texture": "#4"},
				"down": {"uv": [8.5, 6.5, 9.5, 7], "texture": "#4"}
			}
		},
		{
			"from": [-4.45401, 4.08685, 1.00663],
			"to": [-1.95401, 5.33685, 1.50663],
			"rotation": {"angle": -22.5, "axis": "z", "origin": [5.04599, 12.08685, 8.00663]},
			"faces": {
				"north": {"uv": [4.25, 4, 3.25, 4.5], "texture": "#6"},
				"east": {"uv": [9, 6, 8.5, 6.5], "texture": "#4"},
				"south": {"uv": [10, 6, 9, 6.5], "texture": "#4"},
				"west": {"uv": [7.5, 6, 7, 6.5], "texture": "#4"},
				"up": {"uv": [7.5, 6, 8.5, 5.5], "texture": "#4"},
				"down": {"uv": [8.5, 5.5, 9.5, 6], "texture": "#4"}
			}
		},
		{
			"from": [-15.30638, 12.05942, 1.09162],
			"to": [-13.30638, 13.05942, 1.59162],
			"rotation": {"angle": 45, "axis": "z", "origin": [-6.30638, 20.05942, 9.09162]},
			"faces": {
				"north": {"uv": [8.5, 3, 7.5, 3.5], "texture": "#4"},
				"east": {"uv": [9, 3, 8.5, 3.5], "texture": "#4"},
				"south": {"uv": [10, 3, 9, 3.5], "texture": "#4"},
				"west": {"uv": [7.5, 3, 7, 3.5], "texture": "#4"},
				"up": {"uv": [7.5, 3, 8.5, 2.5], "texture": "#4"},
				"down": {"uv": [8.5, 2.5, 9.5, 3], "texture": "#4"}
			}
		},
		{
			"from": [-9.70787, 10.27711, 1.08242],
			"to": [-7.70787, 13.02711, 1.58242],
			"rotation": {"angle": 22.5, "axis": "z", "origin": [-0.95787, 20.02711, 9.08242]},
			"faces": {
				"north": {"uv": [6, 4.5, 5.5, 5.5], "texture": "#6"},
				"east": {"uv": [9.5, 4, 9, 5], "texture": "#4"},
				"south": {"uv": [10, 4, 9.5, 5], "texture": "#4"},
				"west": {"uv": [8.5, 4, 8, 5], "texture": "#4"},
				"up": {"uv": [8.5, 4, 9, 3.5], "texture": "#4"},
				"down": {"uv": [9, 3.5, 9.5, 4], "texture": "#4"}
			}
		},
		{
			"from": [-6.43857, 10.03927, 1.05097],
			"to": [-5.43857, 13.03927, 1.55097],
			"rotation": {"angle": 22.5, "axis": "z", "origin": [0.56143, 20.03927, 9.05097]},
			"faces": {
				"north": {"uv": [4.5, 6.25, 4, 7.75], "texture": "#6"},
				"east": {"uv": [3.5, 8, 3, 9.5], "texture": "#4"},
				"south": {"uv": [4, 8, 3.5, 9.5], "texture": "#4"},
				"west": {"uv": [2.5, 8, 2, 9.5], "texture": "#4"},
				"up": {"uv": [2.5, 8, 3, 7.5], "texture": "#4"},
				"down": {"uv": [3, 7.5, 3.5, 8], "texture": "#4"}
			}
		},
		{
			"from": [-2.28383, 7.28556, 1.02221],
			"to": [-0.03383, 11.28556, 1.52221],
			"faces": {
				"north": {"uv": [5.5, 3.75, 4, 5.5], "texture": "#6"},
				"east": {"uv": [5, 0.5, 4.5, 2.5], "texture": "#4"},
				"south": {"uv": [6, 0.5, 5, 2.5], "texture": "#4"},
				"west": {"uv": [3.5, 0.5, 3, 2.5], "texture": "#4"},
				"up": {"uv": [3.5, 0.5, 4.5, 0], "texture": "#4"},
				"down": {"uv": [4.5, 0, 5.5, 0.5], "texture": "#4"}
			}
		},
		{
			"from": [-4.59041, 10.9094, 1.02247],
			"to": [-3.34041, 13.9094, 1.52247],
			"rotation": {"angle": 22.5, "axis": "z", "origin": [3.65959, 20.9094, 8.52247]},
			"faces": {
				"north": {"uv": [1, 8, 0.5, 9.5], "texture": "#4"},
				"east": {"uv": [1.5, 8, 1, 9.5], "texture": "#4"},
				"south": {"uv": [2, 8, 1.5, 9.5], "texture": "#4"},
				"west": {"uv": [0.5, 8, 0, 9.5], "texture": "#4"},
				"up": {"uv": [0.5, 8, 1, 7.5], "texture": "#4"},
				"down": {"uv": [1, 7.5, 1.5, 8], "texture": "#4"}
			}
		},
		{
			"from": [-0.10711, 8.76667, 0.9976],
			"to": [1.14289, 11.76667, 1.4976],
			"faces": {
				"north": {"uv": [5.75, 3.75, 5.25, 5.5], "texture": "#6"},
				"east": {"uv": [7, 7.5, 6.5, 9], "texture": "#4"},
				"south": {"uv": [7.5, 7.5, 7, 9], "texture": "#4"},
				"west": {"uv": [6, 7.5, 5.5, 9], "texture": "#4"},
				"up": {"uv": [6, 7.5, 6.5, 7], "texture": "#4"},
				"down": {"uv": [6.5, 7, 7, 7.5], "texture": "#4"}
			}
		},
		{
			"from": [0, 5.75, 1],
			"to": [2.75, 10, 1.5],
			"rotation": {"angle": -22.5, "axis": "z", "origin": [5, 8, 8]},
			"faces": {
				"north": {"uv": [4.5, 3.5, 3.5, 5.5], "texture": "#6"},
				"east": {"uv": [2, 3.5, 1.5, 5.5], "texture": "#4"},
				"south": {"uv": [3, 3.5, 2, 5.5], "texture": "#4"},
				"west": {"uv": [0.5, 3.5, 0, 5.5], "texture": "#4"},
				"up": {"uv": [0.5, 3.5, 1.5, 3], "texture": "#4"},
				"down": {"uv": [1.5, 3, 2.5, 3.5], "texture": "#4"}
			}
		},
		{
			"from": [-10.18538, 5.22683, -0.00043],
			"to": [-7.68538, 6.22683, 0.99957],
			"rotation": {"angle": -22.5, "axis": "z", "origin": [-0.68538, -1.77317, 7.99957]},
			"faces": {
				"north": {"uv": [4, 3, 3, 3.5], "texture": "#4"},
				"east": {"uv": [4.5, 3, 4, 3.5], "texture": "#4"},
				"south": {"uv": [5.5, 3, 4.5, 3.5], "texture": "#4"},
				"west": {"uv": [3, 3, 2.5, 3.5], "texture": "#4"},
				"up": {"uv": [3, 3, 4, 2.5], "texture": "#4"},
				"down": {"uv": [4, 2.5, 5, 3], "texture": "#4"}
			}
		},
		{
			"from": [-15.28716, 12.08103, 0.05083],
			"to": [-13.28716, 13.08103, 1.05083],
			"rotation": {"angle": 45, "axis": "z", "origin": [-6.28716, 20.08103, 8.05083]},
			"faces": {
				"north": {"uv": [1.5, 2.5, 0.5, 3], "texture": "#4"},
				"east": {"uv": [2, 2.5, 1.5, 3], "texture": "#4"},
				"south": {"uv": [3, 2.5, 2, 3], "texture": "#4"},
				"west": {"uv": [0.5, 2.5, 0, 3], "texture": "#4"},
				"up": {"uv": [0.5, 2.5, 1.5, 2], "texture": "#4"},
				"down": {"uv": [1.5, 2, 2.5, 2.5], "texture": "#4"}
			}
		},
		{
			"from": [-9.61093, 12.01692, 0.01005],
			"to": [-7.86093, 13.01692, 1.01005],
			"rotation": {"angle": 22.5, "axis": "z", "origin": [-0.86093, 20.01692, 8.01005]},
			"faces": {
				"north": {"uv": [5, 7, 4.5, 7.5], "texture": "#4"},
				"east": {"uv": [5.5, 7, 5, 7.5], "texture": "#4"},
				"south": {"uv": [6, 7, 5.5, 7.5], "texture": "#4"},
				"west": {"uv": [4.5, 7, 4, 7.5], "texture": "#4"},
				"up": {"uv": [4.5, 7, 5, 6.5], "texture": "#4"},
				"down": {"uv": [5, 6.5, 5.5, 7], "texture": "#4"}
			}
		},
		{
			"from": [-4.46982, 7.37244, -0.00404],
			"to": [-2.71982, 8.37244, 0.99596],
			"faces": {
				"north": {"uv": [3, 7, 2.5, 7.5], "texture": "#4"},
				"east": {"uv": [3.5, 7, 3, 7.5], "texture": "#4"},
				"south": {"uv": [4, 7, 3.5, 7.5], "texture": "#4"},
				"west": {"uv": [2.5, 7, 2, 7.5], "texture": "#4"},
				"up": {"uv": [2.5, 7, 3, 6.5], "texture": "#4"},
				"down": {"uv": [3, 6.5, 3.5, 7], "texture": "#4"}
			}
		},
		{
			"from": [-4.64898, 9.87018, 0.01052],
			"to": [-2.89898, 10.87018, 1.01052],
			"faces": {
				"north": {"uv": [1, 7, 0.5, 7.5], "texture": "#4"},
				"east": {"uv": [1.5, 7, 1, 7.5], "texture": "#4"},
				"south": {"uv": [2, 7, 1.5, 7.5], "texture": "#4"},
				"west": {"uv": [0.5, 7, 0, 7.5], "texture": "#4"},
				"up": {"uv": [0.5, 7, 1, 6.5], "texture": "#4"},
				"down": {"uv": [1, 6.5, 1.5, 7], "texture": "#4"}
			}
		},
		{
			"from": [-6.40941, 4.8236, -0.00324],
			"to": [-5.15941, 5.8236, 0.99676],
			"rotation": {"angle": -22.5, "axis": "z", "origin": [1.84059, -2.1764, 7.99676]},
			"faces": {
				"north": {"uv": [7, 4.5, 6.5, 5], "texture": "#4"},
				"east": {"uv": [7.5, 4.5, 7, 5], "texture": "#4"},
				"south": {"uv": [8, 4.5, 7.5, 5], "texture": "#4"},
				"west": {"uv": [6.5, 4.5, 6, 5], "texture": "#4"},
				"up": {"uv": [6.5, 4.5, 7, 4], "texture": "#4"},
				"down": {"uv": [7, 4, 7.5, 4.5], "texture": "#4"}
			}
		},
		{
			"from": [-6.58831, 12.41769, 0.01105],
			"to": [-5.33831, 13.41769, 1.01105],
			"rotation": {"angle": 22.5, "axis": "z", "origin": [1.66169, 20.41769, 8.01105]},
			"faces": {
				"north": {"uv": [7, 1.5, 6.5, 2], "texture": "#4"},
				"east": {"uv": [7.5, 1.5, 7, 2], "texture": "#4"},
				"south": {"uv": [8, 1.5, 7.5, 2], "texture": "#4"},
				"west": {"uv": [6.5, 1.5, 6, 2], "texture": "#4"},
				"up": {"uv": [6.5, 1.5, 7, 1], "texture": "#4"},
				"down": {"uv": [7, 1, 7.5, 1.5], "texture": "#4"}
			}
		},
		{
			"from": [-1.9479, 6.96886, -0.00243],
			"to": [-0.9479, 7.96886, 0.99757],
			"faces": {
				"north": {"uv": [7, 0.5, 6.5, 1], "texture": "#4"},
				"east": {"uv": [7.5, 0.5, 7, 1], "texture": "#4"},
				"south": {"uv": [8, 0.5, 7.5, 1], "texture": "#4"},
				"west": {"uv": [6.5, 0.5, 6, 1], "texture": "#4"},
				"up": {"uv": [6.5, 0.5, 7, 0], "texture": "#4"},
				"down": {"uv": [7, 0, 7.5, 0.5], "texture": "#4"}
			}
		},
		{
			"from": [-2.12635, 10.27094, 0.01152],
			"to": [-1.12635, 11.27094, 1.01152],
			"faces": {
				"north": {"uv": [6.5, 6.5, 6, 7], "texture": "#4"},
				"east": {"uv": [7, 6.5, 6.5, 7], "texture": "#4"},
				"south": {"uv": [7.5, 6.5, 7, 7], "texture": "#4"},
				"west": {"uv": [6, 6.5, 5.5, 7], "texture": "#4"},
				"up": {"uv": [6, 6.5, 6.5, 6], "texture": "#4"},
				"down": {"uv": [6.5, 6, 7, 6.5], "texture": "#4"}
			}
		},
		{
			"from": [-4.65653, 4.32434, -0.00164],
			"to": [-3.15653, 5.32434, 0.99836],
			"rotation": {"angle": -22.5, "axis": "z", "origin": [3.84347, -2.67566, 7.99836]},
			"faces": {
				"north": {"uv": [6.5, 5.5, 6, 6], "texture": "#4"},
				"east": {"uv": [7, 5.5, 6.5, 6], "texture": "#4"},
				"south": {"uv": [7.5, 5.5, 7, 6], "texture": "#4"},
				"west": {"uv": [6, 5.5, 5.5, 6], "texture": "#4"},
				"up": {"uv": [6, 5.5, 6.5, 5], "texture": "#4"},
				"down": {"uv": [6.5, 5, 7, 5.5], "texture": "#4"}
			}
		},
		{
			"from": [-4.8345, 12.91398, 0.01199],
			"to": [-3.3345, 13.91398, 1.01199],
			"rotation": {"angle": 22.5, "axis": "z", "origin": [3.6655, 20.91398, 8.01199]},
			"faces": {
				"north": {"uv": [6.5, 3.5, 6, 4], "texture": "#4"},
				"east": {"uv": [7, 3.5, 6.5, 4], "texture": "#4"},
				"south": {"uv": [7.5, 3.5, 7, 4], "texture": "#4"},
				"west": {"uv": [6, 3.5, 5.5, 4], "texture": "#4"},
				"up": {"uv": [6, 3.5, 6.5, 3], "texture": "#4"},
				"down": {"uv": [6.5, 3, 7, 3.5], "texture": "#4"}
			}
		},
		{
			"from": [0.05498, 6.4696, -0.00083],
			"to": [1.30498, 7.4696, 0.99917],
			"faces": {
				"north": {"uv": [6.5, 2.5, 6, 3], "texture": "#4"},
				"east": {"uv": [7, 2.5, 6.5, 3], "texture": "#4"},
				"south": {"uv": [7.5, 2.5, 7, 3], "texture": "#4"},
				"west": {"uv": [6, 2.5, 5.5, 3], "texture": "#4"},
				"up": {"uv": [6, 2.5, 6.5, 2], "texture": "#4"},
				"down": {"uv": [6.5, 2, 7, 2.5], "texture": "#4"}
			}
		},
		{
			"from": [-0.12282, 10.76664, 0.01333],
			"to": [1.12718, 11.76664, 1.01333],
			"faces": {
				"north": {"uv": [5, 6, 4.5, 6.5], "texture": "#4"},
				"east": {"uv": [5.5, 6, 5, 6.5], "texture": "#4"},
				"south": {"uv": [6, 6, 5.5, 6.5], "texture": "#4"},
				"west": {"uv": [4.5, 6, 4, 6.5], "texture": "#4"},
				"up": {"uv": [4.5, 6, 5, 5.5], "texture": "#4"},
				"down": {"uv": [5, 5.5, 5.5, 6], "texture": "#4"}
			}
		},
		{
			"from": [0, 9, 0],
			"to": [2.75, 10, 1],
			"rotation": {"angle": -22.5, "axis": "z", "origin": [5, 8, 8]},
			"faces": {
				"north": {"uv": [5, 4.25, 4, 4.75], "texture": "#4"},
				"east": {"uv": [2, 1.5, 1.5, 2], "texture": "#4"},
				"south": {"uv": [3, 1.5, 2, 2], "texture": "#4"},
				"west": {"uv": [0.5, 1.5, 0, 2], "texture": "#4"},
				"up": {"uv": [0.5, 1.5, 1.5, 1], "texture": "#4"},
				"down": {"uv": [1.5, 1, 2.5, 1.5], "texture": "#4"}
			}
		},
		{
			"from": [1, 8, 0],
			"to": [3, 9, 1],
			"rotation": {"angle": 22.5, "axis": "z", "origin": [5, 8, 8]},
			"faces": {
				"north": {"uv": [1.5, 0.5, 0.5, 1], "texture": "#4"},
				"east": {"uv": [2, 0.5, 1.5, 1], "texture": "#4"},
				"south": {"uv": [3, 0.5, 2, 1], "texture": "#4"},
				"west": {"uv": [0.5, 0.5, 0, 1], "texture": "#4"},
				"up": {"uv": [0.5, 0.5, 1.5, 0], "texture": "#4"},
				"down": {"uv": [1.5, 0, 2.5, 0.5], "texture": "#4"}
			}
		},
		{
			"from": [-4.72708, 7.89342, 1.05103],
			"to": [-1.97708, 10.89342, 1.55103],
			"faces": {
				"north": {"uv": [5.75, 3.5, 4.75, 5], "texture": "#6"},
				"east": {"uv": [5, 4, 4.5, 5.5], "texture": "#4"},
				"south": {"uv": [6, 4, 5, 5.5], "texture": "#4"},
				"west": {"uv": [3.5, 4, 3, 5.5], "texture": "#4"},
				"up": {"uv": [3.5, 4, 4.5, 3.5], "texture": "#4"},
				"down": {"uv": [4.5, 3.5, 5.5, 4], "texture": "#4"}
			}
		}
	],
	"display": {
		"gui": {
			"rotation": [0, -175, 0],
			"translation": [0, 0, 3.5],
			"scale": [0.54, 0.54, 0.54]
		},
		"head": {
			"translation": [0, 0.25, 6.75]
		},
		"fixed": {
			"translation": [0, 0, 3.5],
			"scale": [0.72, 0.75, 0.71]
		}
	},
	"groups": [
		{
			"name": "group",
			"origin": [8, 8, 8],
			"children": [0, 1, 2, 3, 4, 5, 6, 7, 8, 9, 10, 11, 12, 13, 14, 15, 16, 17, 18, 19, 20, 21, 22, 23, 24, 25, 26, 27, 28, 29]
		},
		{
			"name": "group",
			"origin": [8, 8, 8],
			"children": [30, 31, 32, 33, 34, 35, 36, 37, 38, 39, 40, 41, 42, 43, 44, 45, 46, 47, 48, 49, 50, 51, 52, 53, 54, 55, 56, 57, 58, 59]
		}
	]
}