{
	"credit": "Made with Blockbench",
	"textures": {
		"0": "custom/castle/brown",
		"particle": "custom/castle/brown"
	},
	"elements": [
		{
			"from": [0, -16, 7.7],
			"to": [16, 32, 8.2],
			"rotation": {"angle": 0, "axis": "y", "origin": [15.5, 15.5, 15.5]},
			"faces": {
				"north": {"uv": [0, 0, 16, 16], "texture": "#0"},
				"east": {"uv": [0, 0, 0.1, 16], "texture": "#0"},
				"south": {"uv": [0, 0, 16, 16], "texture": "#0"},
				"west": {"uv": [0, 0, 0.1, 16], "texture": "#0"},
				"up": {"uv": [0, 0, 16, 0.1], "texture": "#0"},
				"down": {"uv": [0, 0, 16, 0.1], "texture": "#0"}
			}
		}
	],
	"display": {
		"head": {
			"translation": [0, -4.83, 12.8],
			"scale": [1.6, 1.6, 1.6]
		}
	}
}