{
	"credit": "Made with Blockbench",
	"textures": {
		"37": "block/iron_block",
		"38": "block/gold_block",
		"39": "block/redstone_block",
		"texture1": "block/purple_wool",
		"7_texture2": "block/crown_rim",
		"7_texture4": "block/emerald_block",
		"texture5": "block/oak_planks"
	},
	"elements": [
		{
			"name": "Cube1",
			"from": [2, 1, 2],
			"to": [3, 2, 3],
			"faces": {
				"north": {"uv": [13, 15, 14, 16], "texture": "#38"},
				"east": {"uv": [13, 15, 14, 16], "texture": "#38"},
				"south": {"uv": [2, 15, 3, 16], "texture": "#38"},
				"west": {"uv": [2, 15, 3, 16], "texture": "#38"},
				"up": {"uv": [2, 2, 3, 3], "texture": "#38"},
				"down": {"uv": [2, 13, 3, 14], "texture": "#38"}
			}
		},
		{
			"name": "Cube1",
			"from": [2.5, 1, 1.5],
			"to": [12.5, 2, 2.5],
			"faces": {
				"north": {"uv": [3.5, 15, 13.5, 16], "texture": "#38"},
				"east": {"uv": [13.5, 15, 14.5, 16], "texture": "#38"},
				"south": {"uv": [2.5, 15, 12.5, 16], "texture": "#38"},
				"west": {"uv": [1.5, 15, 2.5, 16], "texture": "#38"},
				"up": {"uv": [2.5, 1.5, 12.5, 2.5], "texture": "#38"},
				"down": {"uv": [2.5, 13.5, 12.5, 14.5], "texture": "#38"}
			}
		},
		{
			"name": "Cube1",
			"from": [2, -0.5, 1.375],
			"to": [13, 1, 2.375],
			"faces": {
				"north": {"uv": [0, 0, 16, 16], "texture": "#7_texture2"},
				"east": {"uv": [0, 0, 16, 16], "texture": "#7_texture2"},
				"south": {"uv": [0, 0, 16, 16], "texture": "#7_texture2"},
				"west": {"uv": [0, 0, 16, 16], "texture": "#7_texture2"},
				"up": {"uv": [0, 0, 16, 16], "texture": "#7_texture2"},
				"down": {"uv": [0, 0, 16, 16], "texture": "#7_texture2"}
			}
		},
		{
			"name": "Cube1",
			"from": [12.625, -0.5, 2],
			"to": [13.625, 1, 13],
			"faces": {
				"north": {"uv": [0, 0, 16, 16], "texture": "#7_texture2"},
				"east": {"uv": [0, 0, 16, 16], "texture": "#7_texture2"},
				"south": {"uv": [0, 0, 16, 16], "texture": "#7_texture2"},
				"west": {"uv": [0, 0, 16, 16], "texture": "#7_texture2"},
				"up": {"uv": [0, 0, 16, 16], "texture": "#7_texture2"},
				"down": {"uv": [0, 0, 16, 16], "texture": "#7_texture2"}
			}
		},
		{
			"name": "Cube1",
			"from": [12.5, 1, 2.5],
			"to": [13.5, 2, 12.5],
			"faces": {
				"north": {"uv": [2.5, 15, 3.5, 16], "texture": "#38"},
				"east": {"uv": [3.5, 15, 13.5, 16], "texture": "#38"},
				"south": {"uv": [12.5, 15, 13.5, 16], "texture": "#38"},
				"west": {"uv": [2.5, 15, 12.5, 16], "texture": "#38"},
				"up": {"uv": [12.5, 2.5, 13.5, 12.5], "texture": "#38"},
				"down": {"uv": [12.5, 3.5, 13.5, 13.5], "texture": "#38"}
			}
		},
		{
			"name": "Cube1",
			"from": [2, 1, 12],
			"to": [3, 2, 13],
			"faces": {
				"north": {"uv": [13, 15, 14, 16], "texture": "#38"},
				"east": {"uv": [3, 15, 4, 16], "texture": "#38"},
				"south": {"uv": [2, 15, 3, 16], "texture": "#38"},
				"west": {"uv": [12, 15, 13, 16], "texture": "#38"},
				"up": {"uv": [2, 12, 3, 13], "texture": "#38"},
				"down": {"uv": [2, 3, 3, 4], "texture": "#38"}
			}
		},
		{
			"name": "Cube1",
			"from": [12, 1, 2],
			"to": [13, 2, 3],
			"faces": {
				"north": {"uv": [3, 15, 4, 16], "texture": "#38"},
				"east": {"uv": [13, 15, 14, 16], "texture": "#38"},
				"south": {"uv": [12, 15, 13, 16], "texture": "#38"},
				"west": {"uv": [2, 15, 3, 16], "texture": "#38"},
				"up": {"uv": [12, 2, 13, 3], "texture": "#38"},
				"down": {"uv": [12, 13, 13, 14], "texture": "#38"}
			}
		},
		{
			"name": "Cube1",
			"from": [12, 1, 12],
			"to": [13, 2, 13],
			"faces": {
				"north": {"uv": [3, 15, 4, 16], "texture": "#38"},
				"east": {"uv": [3, 15, 4, 16], "texture": "#38"},
				"south": {"uv": [12, 15, 13, 16], "texture": "#38"},
				"west": {"uv": [12, 15, 13, 16], "texture": "#38"},
				"up": {"uv": [12, 12, 13, 13], "texture": "#38"},
				"down": {"uv": [12, 3, 13, 4], "texture": "#38"}
			}
		},
		{
			"name": "Box32",
			"from": [7, 2, 2.125],
			"to": [8, 3, 2.625],
			"faces": {
				"north": {"uv": [8, 14, 9, 15], "texture": "#38"},
				"east": {"uv": [13.375, 14, 13.875, 15], "texture": "#38"},
				"south": {"uv": [7, 14, 8, 15], "texture": "#38"},
				"west": {"uv": [2.125, 14, 2.625, 15], "texture": "#38"},
				"up": {"uv": [7, 2.125, 8, 2.625], "texture": "#38"},
				"down": {"uv": [7, 13.375, 8, 13.875], "texture": "#38"}
			}
		},
		{
			"name": "Box32",
			"from": [12.375, 2, 7],
			"to": [12.875, 3, 8],
			"faces": {
				"north": {"uv": [3.125, 14, 3.625, 15], "texture": "#38"},
				"east": {"uv": [8, 14, 9, 15], "texture": "#38"},
				"south": {"uv": [12.375, 14, 12.875, 15], "texture": "#38"},
				"west": {"uv": [7, 14, 8, 15], "texture": "#38"},
				"up": {"uv": [12.375, 7, 12.875, 8], "texture": "#38"},
				"down": {"uv": [12.375, 8, 12.875, 9], "texture": "#38"}
			}
		},
		{
			"name": "Box32",
			"from": [7, 2, 12.375],
			"to": [8, 3, 12.875],
			"faces": {
				"north": {"uv": [8, 14, 9, 15], "texture": "#38"},
				"east": {"uv": [3.125, 14, 3.625, 15], "texture": "#38"},
				"south": {"uv": [7, 14, 8, 15], "texture": "#38"},
				"west": {"uv": [12.375, 14, 12.875, 15], "texture": "#38"},
				"up": {"uv": [7, 12.375, 8, 12.875], "texture": "#38"},
				"down": {"uv": [7, 3.125, 8, 3.625], "texture": "#38"}
			}
		},
		{
			"name": "Box32",
			"from": [7, 2.875, 12.5],
			"to": [8, 3.875, 13],
			"rotation": {"angle": 22.5, "axis": "x", "origin": [7, 2.875, 12.5]},
			"faces": {
				"north": {"uv": [11, 14, 12, 15], "texture": "#38"},
				"east": {"uv": [3, 14, 3.5, 15], "texture": "#38"},
				"south": {"uv": [4, 14, 5, 15], "texture": "#38"},
				"west": {"uv": [12.5, 14, 13, 15], "texture": "#38"},
				"up": {"uv": [4, 12.5, 5, 13], "texture": "#38"},
				"down": {"uv": [4, 3, 5, 3.5], "texture": "#38"}
			}
		},
		{
			"name": "Box32",
			"from": [2.125, 2, 7],
			"to": [2.625, 3, 8],
			"faces": {
				"north": {"uv": [13.375, 14, 13.875, 15], "texture": "#38"},
				"east": {"uv": [8, 14, 9, 15], "texture": "#38"},
				"south": {"uv": [2.125, 14, 2.625, 15], "texture": "#38"},
				"west": {"uv": [7, 14, 8, 15], "texture": "#38"},
				"up": {"uv": [2.125, 7, 2.625, 8], "texture": "#38"},
				"down": {"uv": [2.125, 8, 2.625, 9], "texture": "#38"}
			}
		},
		{
			"name": "Box32",
			"from": [7, 2.75, 2],
			"to": [8, 3.75, 2.5],
			"rotation": {"angle": -22.5, "axis": "x", "origin": [7, 2.75, 2]},
			"faces": {
				"north": {"uv": [11, 14, 12, 15], "texture": "#38"},
				"east": {"uv": [3, 14, 3.5, 15], "texture": "#38"},
				"south": {"uv": [4, 14, 5, 15], "texture": "#38"},
				"west": {"uv": [12.5, 14, 13, 15], "texture": "#38"},
				"up": {"uv": [4, 12.5, 5, 13], "texture": "#38"},
				"down": {"uv": [4, 3, 5, 3.5], "texture": "#38"}
			}
		},
		{
			"name": "Box32",
			"from": [12.5, 2.875, 7],
			"to": [13, 3.875, 8],
			"rotation": {"angle": -22.5, "axis": "z", "origin": [12.5, 2.875, 7]},
			"faces": {
				"north": {"uv": [13.5, 14, 14, 15], "texture": "#38"},
				"east": {"uv": [11, 14, 12, 15], "texture": "#38"},
				"south": {"uv": [2, 14, 2.5, 15], "texture": "#38"},
				"west": {"uv": [4, 14, 5, 15], "texture": "#38"},
				"up": {"uv": [2, 4, 2.5, 5], "texture": "#38"},
				"down": {"uv": [2, 11, 2.5, 12], "texture": "#38"}
			}
		},
		{
			"name": "Box32",
			"from": [2, 2.75, 7],
			"to": [2.5, 3.75, 8],
			"rotation": {"angle": 22.5, "axis": "z", "origin": [2, 2.75, 7]},
			"faces": {
				"north": {"uv": [13.5, 14, 14, 15], "texture": "#38"},
				"east": {"uv": [11, 14, 12, 15], "texture": "#38"},
				"south": {"uv": [2, 14, 2.5, 15], "texture": "#38"},
				"west": {"uv": [4, 14, 5, 15], "texture": "#38"},
				"up": {"uv": [2, 4, 2.5, 5], "texture": "#38"},
				"down": {"uv": [2, 11, 2.5, 12], "texture": "#38"}
			}
		},
		{
			"name": "Box32",
			"from": [7, 3.5, 12.875],
			"to": [8, 5, 13.375],
			"faces": {
				"north": {"uv": [8, 12, 9, 13.5], "texture": "#38"},
				"east": {"uv": [2.625, 12, 3.125, 13.5], "texture": "#38"},
				"south": {"uv": [7, 12, 8, 13.5], "texture": "#38"},
				"west": {"uv": [12.875, 12, 13.375, 13.5], "texture": "#38"},
				"up": {"uv": [7, 12.875, 8, 13.375], "texture": "#38"},
				"down": {"uv": [7, 2.625, 8, 3.125], "texture": "#38"}
			}
		},
		{
			"name": "Box32",
			"from": [12.875, 3.5, 7],
			"to": [13.375, 5, 8],
			"faces": {
				"north": {"uv": [2.625, 12, 3.125, 13.5], "texture": "#38"},
				"east": {"uv": [8, 12, 9, 13.5], "texture": "#38"},
				"south": {"uv": [12.875, 12, 13.375, 13.5], "texture": "#38"},
				"west": {"uv": [7, 12, 8, 13.5], "texture": "#38"},
				"up": {"uv": [12.875, 7, 13.375, 8], "texture": "#38"},
				"down": {"uv": [12.875, 8, 13.375, 9], "texture": "#38"}
			}
		},
		{
			"name": "Box32",
			"from": [1.625, 3.5, 7],
			"to": [2.125, 5, 8],
			"faces": {
				"north": {"uv": [13.875, 12, 14.375, 13.5], "texture": "#38"},
				"east": {"uv": [8, 12, 9, 13.5], "texture": "#38"},
				"south": {"uv": [1.625, 12, 2.125, 13.5], "texture": "#38"},
				"west": {"uv": [7, 12, 8, 13.5], "texture": "#38"},
				"up": {"uv": [1.625, 7, 2.125, 8], "texture": "#38"},
				"down": {"uv": [1.625, 8, 2.125, 9], "texture": "#38"}
			}
		},
		{
			"name": "Box32",
			"from": [7, 4.625, 12.875],
			"to": [8, 6.125, 13.375],
			"rotation": {"angle": -22.5, "axis": "x", "origin": [7, 4.625, 12.875]},
			"faces": {
				"north": {"uv": [8, 12, 9, 13.5], "texture": "#38"},
				"east": {"uv": [13.875, 12, 14.375, 13.5], "texture": "#38"},
				"south": {"uv": [7, 12, 8, 13.5], "texture": "#38"},
				"west": {"uv": [1.625, 12, 2.125, 13.5], "texture": "#38"},
				"up": {"uv": [7, 1.625, 8, 2.125], "texture": "#38"},
				"down": {"uv": [7, 13.875, 8, 14.375], "texture": "#38"}
			}
		},
		{
			"name": "Box31",
			"from": [3.25, 4, 3],
			"to": [11.75, 5.5, 12],
			"faces": {
				"north": {"uv": [4.25, 11.5, 12.75, 13], "texture": "#texture1"},
				"east": {"uv": [4, 11.5, 13, 13], "texture": "#texture1"},
				"south": {"uv": [3.25, 11.5, 11.75, 13], "texture": "#texture1"},
				"west": {"uv": [3, 11.5, 12, 13], "texture": "#texture1"},
				"up": {"uv": [3.25, 3, 11.75, 12], "texture": "#texture1"},
				"down": {"uv": [3.25, 4, 11.75, 13], "texture": "#texture1"}
			}
		},
		{
			"name": "Box32",
			"from": [7, 3.5, 1.625],
			"to": [8, 5, 2.125],
			"faces": {
				"north": {"uv": [8, 12, 9, 13.5], "texture": "#38"},
				"east": {"uv": [13.875, 12, 14.375, 13.5], "texture": "#38"},
				"south": {"uv": [7, 12, 8, 13.5], "texture": "#38"},
				"west": {"uv": [1.625, 12, 2.125, 13.5], "texture": "#38"},
				"up": {"uv": [7, 1.625, 8, 2.125], "texture": "#38"},
				"down": {"uv": [7, 13.875, 8, 14.375], "texture": "#38"}
			}
		},
		{
			"name": "Box32",
			"from": [7, 5.75, 11.125],
			"to": [8, 6.25, 12.625],
			"faces": {
				"north": {"uv": [8, 12, 9, 13.5], "texture": "#38"},
				"east": {"uv": [13.875, 12, 14.375, 13.5], "texture": "#38"},
				"south": {"uv": [7, 12, 8, 13.5], "texture": "#38"},
				"west": {"uv": [1.625, 12, 2.125, 13.5], "texture": "#38"},
				"up": {"uv": [7, 1.625, 8, 2.125], "texture": "#38"},
				"down": {"uv": [7, 13.875, 8, 14.375], "texture": "#38"}
			}
		},
		{
			"name": "Box32",
			"from": [12.875, 4.625, 7],
			"to": [13.375, 6.125, 8],
			"rotation": {"angle": 22.5, "axis": "z", "origin": [12.875, 4.625, 7]},
			"faces": {
				"north": {"uv": [13.875, 11.5, 14.375, 12.5], "texture": "#38"},
				"east": {"uv": [8, 11.5, 9, 12.5], "texture": "#38"},
				"south": {"uv": [1.625, 11.5, 2.125, 12.5], "texture": "#38"},
				"west": {"uv": [7, 11.5, 8, 12.5], "texture": "#38"},
				"up": {"uv": [1.625, 7, 2.125, 8], "texture": "#38"},
				"down": {"uv": [1.625, 8, 2.125, 9], "texture": "#38"}
			}
		},
		{
			"name": "Box32",
			"from": [7, 4.875, 1.625],
			"to": [8, 6.375, 2.125],
			"rotation": {"angle": 22.5, "axis": "x", "origin": [7, 4.875, 1.625]},
			"faces": {
				"north": {"uv": [8, 12, 9, 13.5], "texture": "#38"},
				"east": {"uv": [13.875, 12, 14.375, 13.5], "texture": "#38"},
				"south": {"uv": [7, 12, 8, 13.5], "texture": "#38"},
				"west": {"uv": [1.625, 12, 2.125, 13.5], "texture": "#38"},
				"up": {"uv": [7, 1.625, 8, 2.125], "texture": "#38"},
				"down": {"uv": [7, 13.875, 8, 14.375], "texture": "#38"}
			}
		},
		{
			"name": "Box32",
			"from": [1.625, 4.875, 7],
			"to": [2.125, 6.375, 8],
			"rotation": {"angle": -22.5, "axis": "z", "origin": [1.625, 4.875, 7]},
			"faces": {
				"north": {"uv": [13.875, 11.5, 14.375, 12.5], "texture": "#38"},
				"east": {"uv": [8, 11.5, 9, 12.5], "texture": "#38"},
				"south": {"uv": [1.625, 11.5, 2.125, 12.5], "texture": "#38"},
				"west": {"uv": [7, 11.5, 8, 12.5], "texture": "#38"},
				"up": {"uv": [1.625, 7, 2.125, 8], "texture": "#38"},
				"down": {"uv": [1.625, 8, 2.125, 9], "texture": "#38"}
			}
		},
		{
			"name": "Box32",
			"from": [7, 5.25, 9.875],
			"to": [8, 5.75, 11.375],
			"rotation": {"angle": -22.5, "axis": "x", "origin": [7, 5.25, 9.875]},
			"faces": {
				"north": {"uv": [8, 12, 9, 13.5], "texture": "#38"},
				"east": {"uv": [13.875, 12, 14.375, 13.5], "texture": "#38"},
				"south": {"uv": [7, 12, 8, 13.5], "texture": "#38"},
				"west": {"uv": [1.625, 12, 2.125, 13.5], "texture": "#38"},
				"up": {"uv": [7, 1.625, 8, 2.125], "texture": "#38"},
				"down": {"uv": [7, 13.875, 8, 14.375], "texture": "#38"}
			}
		},
		{
			"name": "Box32",
			"from": [3.625, 5.75, 7],
			"to": [5.125, 6.25, 8],
			"rotation": {"angle": -22.5, "axis": "z", "origin": [3.625, 5.75, 7]},
			"faces": {
				"north": {"uv": [8, 12, 9, 13.5], "texture": "#38"},
				"east": {"uv": [13.875, 12, 14.375, 13.5], "texture": "#38"},
				"south": {"uv": [7, 12, 8, 13.5], "texture": "#38"},
				"west": {"uv": [1.625, 12, 2.125, 13.5], "texture": "#38"},
				"up": {"uv": [7, 1.625, 8, 2.125], "texture": "#38"},
				"down": {"uv": [7, 13.875, 8, 14.375], "texture": "#38"}
			}
		},
		{
			"name": "Box32",
			"from": [7, 5.875, 3.625],
			"to": [8, 6.375, 5.125],
			"rotation": {"angle": 22.5, "axis": "x", "origin": [7, 5.875, 3.625]},
			"faces": {
				"north": {"uv": [8, 12, 9, 13.5], "texture": "#38"},
				"east": {"uv": [13.875, 12, 14.375, 13.5], "texture": "#38"},
				"south": {"uv": [7, 12, 8, 13.5], "texture": "#38"},
				"west": {"uv": [1.625, 12, 2.125, 13.5], "texture": "#38"},
				"up": {"uv": [7, 1.625, 8, 2.125], "texture": "#38"},
				"down": {"uv": [7, 13.875, 8, 14.375], "texture": "#38"}
			}
		},
		{
			"name": "Box32",
			"from": [7, 5.75, 2.375],
			"to": [8, 6.25, 3.875],
			"faces": {
				"north": {"uv": [8, 12, 9, 13.5], "texture": "#38"},
				"east": {"uv": [13.875, 12, 14.375, 13.5], "texture": "#38"},
				"south": {"uv": [7, 12, 8, 13.5], "texture": "#38"},
				"west": {"uv": [1.625, 12, 2.125, 13.5], "texture": "#38"},
				"up": {"uv": [7, 1.625, 8, 2.125], "texture": "#38"},
				"down": {"uv": [7, 13.875, 8, 14.375], "texture": "#38"}
			}
		},
		{
			"name": "Box32",
			"from": [10, 5.125, 7],
			"to": [11.5, 5.625, 8],
			"rotation": {"angle": 22.5, "axis": "z", "origin": [10, 5.125, 7]},
			"faces": {
				"north": {"uv": [8, 12, 9, 13.5], "texture": "#38"},
				"east": {"uv": [13.875, 12, 14.375, 13.5], "texture": "#38"},
				"south": {"uv": [7, 12, 8, 13.5], "texture": "#38"},
				"west": {"uv": [1.625, 12, 2.125, 13.5], "texture": "#38"},
				"up": {"uv": [7, 1.625, 8, 2.125], "texture": "#38"},
				"down": {"uv": [7, 13.875, 8, 14.375], "texture": "#38"}
			}
		},
		{
			"name": "Box32",
			"from": [4.5, 5.25, 7],
			"to": [10.5, 5.75, 8],
			"faces": {
				"north": {"uv": [8, 12, 9, 13.5], "texture": "#38"},
				"east": {"uv": [13.875, 12, 14.375, 13.5], "texture": "#38"},
				"south": {"uv": [7, 12, 8, 13.5], "texture": "#38"},
				"west": {"uv": [1.625, 12, 2.125, 13.5], "texture": "#38"},
				"up": {"uv": [7, 1.625, 8, 2.125], "texture": "#38"},
				"down": {"uv": [7, 13.875, 8, 14.375], "texture": "#38"}
			}
		},
		{
			"name": "Box32",
			"from": [11.125, 5.75, 7],
			"to": [12.625, 6.25, 8],
			"faces": {
				"north": {"uv": [8, 12, 9, 13.5], "texture": "#38"},
				"east": {"uv": [13.875, 12, 14.375, 13.5], "texture": "#38"},
				"south": {"uv": [7, 12, 8, 13.5], "texture": "#38"},
				"west": {"uv": [1.625, 12, 2.125, 13.5], "texture": "#38"},
				"up": {"uv": [7, 1.625, 8, 2.125], "texture": "#38"},
				"down": {"uv": [7, 13.875, 8, 14.375], "texture": "#38"}
			}
		},
		{
			"name": "Box32",
			"from": [7, 5.25, 4.625],
			"to": [8, 5.75, 10.125],
			"faces": {
				"north": {"uv": [8, 12, 9, 13.5], "texture": "#38"},
				"east": {"uv": [13.875, 12, 14.375, 13.5], "texture": "#38"},
				"south": {"uv": [7, 12, 8, 13.5], "texture": "#38"},
				"west": {"uv": [1.625, 12, 2.125, 13.5], "texture": "#38"},
				"up": {"uv": [7, 1.625, 8, 2.125], "texture": "#38"},
				"down": {"uv": [7, 13.875, 8, 14.375], "texture": "#38"}
			}
		},
		{
			"name": "Box32",
			"from": [2.375, 5.75, 7],
			"to": [3.875, 6.25, 8],
			"faces": {
				"north": {"uv": [8, 12, 9, 13.5], "texture": "#38"},
				"east": {"uv": [13.875, 12, 14.375, 13.5], "texture": "#38"},
				"south": {"uv": [7, 12, 8, 13.5], "texture": "#38"},
				"west": {"uv": [1.625, 12, 2.125, 13.5], "texture": "#38"},
				"up": {"uv": [7, 1.625, 8, 2.125], "texture": "#38"},
				"down": {"uv": [7, 13.875, 8, 14.375], "texture": "#38"}
			}
		},
		{
			"name": "Box52",
			"from": [3.5, 1.375, 10.375],
			"to": [11.5, 5.375, 11.375],
			"rotation": {"angle": 22.5, "axis": "x", "origin": [3.5, 1.375, 10.375]},
			"faces": {
				"north": {"uv": [4.5, 12, 12.5, 16], "texture": "#texture1"},
				"east": {"uv": [12, 12, 13, 16], "texture": "#texture1"},
				"south": {"uv": [3.5, 12, 11.5, 16], "texture": "#texture1"},
				"west": {"uv": [3, 12, 4, 16], "texture": "#texture1"},
				"up": {"uv": [3.5, 3, 11.5, 4], "texture": "#texture1"},
				"down": {"uv": [3.5, 12, 11.5, 13], "texture": "#texture1"}
			}
		},
		{
			"name": "Box52",
			"from": [3.5, 1, 3.75],
			"to": [11.5, 5, 4.75],
			"rotation": {"angle": -22.5, "axis": "x", "origin": [3.5, 1, 3.75]},
			"faces": {
				"north": {"uv": [4.5, 12, 12.5, 16], "texture": "#texture1"},
				"east": {"uv": [12, 12, 13, 16], "texture": "#texture1"},
				"south": {"uv": [3.5, 12, 11.5, 16], "texture": "#texture1"},
				"west": {"uv": [3, 12, 4, 16], "texture": "#texture1"},
				"up": {"uv": [3.5, 3, 11.5, 4], "texture": "#texture1"},
				"down": {"uv": [3.5, 12, 11.5, 13], "texture": "#texture1"}
			}
		},
		{
			"name": "Box31",
			"from": [6.5, 4.75, 6.5],
			"to": [8.5, 6.25, 8.5],
			"faces": {
				"north": {"uv": [7.5, 10.75, 9.5, 12.25], "texture": "#38"},
				"east": {"uv": [7.5, 10.75, 9.5, 12.25], "texture": "#38"},
				"south": {"uv": [6.5, 10.75, 8.5, 12.25], "texture": "#38"},
				"west": {"uv": [6.5, 10.75, 8.5, 12.25], "texture": "#38"},
				"up": {"uv": [6.5, 6.5, 8.5, 8.5], "texture": "#38"},
				"down": {"uv": [6.5, 7.5, 8.5, 9.5], "texture": "#38"}
			}
		},
		{
			"name": "Box31",
			"from": [7, 5.25, 7],
			"to": [8, 6.75, 8],
			"faces": {
				"north": {"uv": [8, 10.25, 9, 11.75], "texture": "#38"},
				"east": {"uv": [8, 10.25, 9, 11.75], "texture": "#38"},
				"south": {"uv": [7, 10.25, 8, 11.75], "texture": "#38"},
				"west": {"uv": [7, 10.25, 8, 11.75], "texture": "#38"},
				"up": {"uv": [7, 7, 8, 8], "texture": "#38"},
				"down": {"uv": [7, 8, 8, 9], "texture": "#38"}
			}
		},
		{
			"name": "Box56",
			"from": [10.5, 1.875, 3],
			"to": [11.5, 5.375, 12],
			"rotation": {"angle": -22.5, "axis": "z", "origin": [10.5, 1.875, 3]},
			"faces": {
				"north": {"uv": [12.5, 12, 13.5, 15.5], "texture": "#texture1"},
				"east": {"uv": [4, 12, 13, 15.5], "texture": "#texture1"},
				"south": {"uv": [2.5, 12, 3.5, 15.5], "texture": "#texture1"},
				"west": {"uv": [3, 12, 12, 15.5], "texture": "#texture1"},
				"up": {"uv": [2.5, 3, 3.5, 12], "texture": "#texture1"},
				"down": {"uv": [2.5, 4, 3.5, 13], "texture": "#texture1"}
			}
		},
		{
			"name": "Box56",
			"from": [3.625, 1.5, 3],
			"to": [4.625, 5, 12],
			"rotation": {"angle": 22.5, "axis": "z", "origin": [3.625, 1.5, 3]},
			"faces": {
				"north": {"uv": [12.5, 12, 13.5, 15.5], "texture": "#texture1"},
				"east": {"uv": [4, 12, 13, 15.5], "texture": "#texture1"},
				"south": {"uv": [2.5, 12, 3.5, 15.5], "texture": "#texture1"},
				"west": {"uv": [3, 12, 12, 15.5], "texture": "#texture1"},
				"up": {"uv": [2.5, 3, 3.5, 12], "texture": "#texture1"},
				"down": {"uv": [2.5, 4, 3.5, 13], "texture": "#texture1"}
			}
		},
		{
			"name": "Box31",
			"from": [7.25, 6.25, 7.25],
			"to": [7.75, 8.25, 7.75],
			"faces": {
				"north": {"uv": [8.25, 8.75, 8.75, 10.75], "texture": "#37"},
				"east": {"uv": [8.25, 8.75, 8.75, 10.75], "texture": "#37"},
				"south": {"uv": [7.25, 8.75, 7.75, 10.75], "texture": "#37"},
				"west": {"uv": [7.25, 8.75, 7.75, 10.75], "texture": "#37"},
				"up": {"uv": [7.25, 7.25, 7.75, 7.75], "texture": "#37"},
				"down": {"uv": [7.25, 8.25, 7.75, 8.75], "texture": "#37"}
			}
		},
		{
			"name": "Box62",
			"from": [6.75, 1.625, 1.5],
			"to": [8.25, 2.625, 2.5],
			"faces": {
				"north": {"uv": [7.75, 14.375, 9.25, 15.375], "texture": "#38"},
				"east": {"uv": [13.5, 14.375, 14.5, 15.375], "texture": "#38"},
				"south": {"uv": [6.75, 14.375, 8.25, 15.375], "texture": "#38"},
				"west": {"uv": [1.5, 14.375, 2.5, 15.375], "texture": "#38"},
				"up": {"uv": [6.75, 1.5, 8.25, 2.5], "texture": "#38"},
				"down": {"uv": [6.75, 13.5, 8.25, 14.5], "texture": "#38"}
			}
		},
		{
			"name": "Box62",
			"from": [10.875, 1.125, 13],
			"to": [11.575, 2.125, 13.7],
			"faces": {
				"north": {"uv": [4.425, 14.875, 5.125, 15.875], "texture": "#39"},
				"east": {"uv": [2.3, 14.875, 3, 15.875], "texture": "#39"},
				"south": {"uv": [10.875, 14.875, 11.575, 15.875], "texture": "#39"},
				"west": {"uv": [13, 14.875, 13.7, 15.875], "texture": "#39"},
				"up": {"uv": [10.875, 13, 11.575, 13.7], "texture": "#39"},
				"down": {"uv": [10.875, 2.3, 11.575, 3], "texture": "#39"}
			}
		},
		{
			"name": "Box62",
			"from": [10.5, 1.625, 1.5],
			"to": [12, 2.625, 2.5],
			"faces": {
				"north": {"uv": [4, 14.375, 5.5, 15.375], "texture": "#38"},
				"east": {"uv": [13.5, 14.375, 14.5, 15.375], "texture": "#38"},
				"south": {"uv": [10.5, 14.375, 12, 15.375], "texture": "#38"},
				"west": {"uv": [1.5, 14.375, 2.5, 15.375], "texture": "#38"},
				"up": {"uv": [10.5, 1.5, 12, 2.5], "texture": "#38"},
				"down": {"uv": [10.5, 13.5, 12, 14.5], "texture": "#38"}
			}
		},
		{
			"name": "Box62",
			"from": [3, 1.625, 1.5],
			"to": [4.5, 2.625, 2.5],
			"faces": {
				"north": {"uv": [11.5, 14.375, 13, 15.375], "texture": "#38"},
				"east": {"uv": [13.5, 14.375, 14.5, 15.375], "texture": "#38"},
				"south": {"uv": [3, 14.375, 4.5, 15.375], "texture": "#38"},
				"west": {"uv": [1.5, 14.375, 2.5, 15.375], "texture": "#38"},
				"up": {"uv": [3, 1.5, 4.5, 2.5], "texture": "#38"},
				"down": {"uv": [3, 13.5, 4.5, 14.5], "texture": "#38"}
			}
		},
		{
			"name": "Box62",
			"from": [3, 1.625, 12.5],
			"to": [4.5, 2.625, 13.5],
			"faces": {
				"north": {"uv": [11.5, 14.375, 13, 15.375], "texture": "#38"},
				"east": {"uv": [2.5, 14.375, 3.5, 15.375], "texture": "#38"},
				"south": {"uv": [3, 14.375, 4.5, 15.375], "texture": "#38"},
				"west": {"uv": [12.5, 14.375, 13.5, 15.375], "texture": "#38"},
				"up": {"uv": [3, 12.5, 4.5, 13.5], "texture": "#38"},
				"down": {"uv": [3, 2.5, 4.5, 3.5], "texture": "#38"}
			}
		},
		{
			"name": "Box62",
			"from": [10.5, 1.625, 12.5],
			"to": [12, 2.625, 13.5],
			"faces": {
				"north": {"uv": [4, 14.375, 5.5, 15.375], "texture": "#38"},
				"east": {"uv": [2.5, 14.375, 3.5, 15.375], "texture": "#38"},
				"south": {"uv": [10.5, 14.375, 12, 15.375], "texture": "#38"},
				"west": {"uv": [12.5, 14.375, 13.5, 15.375], "texture": "#38"},
				"up": {"uv": [10.5, 12.5, 12, 13.5], "texture": "#38"},
				"down": {"uv": [10.5, 2.5, 12, 3.5], "texture": "#38"}
			}
		},
		{
			"name": "Box68",
			"from": [12.5, 1.625, 6.75],
			"to": [13.5, 2.625, 8.25],
			"faces": {
				"north": {"uv": [2.5, 14.375, 3.5, 15.375], "texture": "#38"},
				"east": {"uv": [7.75, 14.375, 9.25, 15.375], "texture": "#38"},
				"south": {"uv": [12.5, 14.375, 13.5, 15.375], "texture": "#38"},
				"west": {"uv": [6.75, 14.375, 8.25, 15.375], "texture": "#38"},
				"up": {"uv": [12.5, 6.75, 13.5, 8.25], "texture": "#38"},
				"down": {"uv": [12.5, 7.75, 13.5, 9.25], "texture": "#38"}
			}
		},
		{
			"name": "Box68",
			"from": [12.5, 1.625, 10.5],
			"to": [13.5, 2.625, 12],
			"faces": {
				"north": {"uv": [2.5, 14.375, 3.5, 15.375], "texture": "#38"},
				"east": {"uv": [4, 14.375, 5.5, 15.375], "texture": "#38"},
				"south": {"uv": [12.5, 14.375, 13.5, 15.375], "texture": "#38"},
				"west": {"uv": [10.5, 14.375, 12, 15.375], "texture": "#38"},
				"up": {"uv": [12.5, 10.5, 13.5, 12], "texture": "#38"},
				"down": {"uv": [12.5, 4, 13.5, 5.5], "texture": "#38"}
			}
		},
		{
			"name": "Box68",
			"from": [12.5, 1.625, 3],
			"to": [13.5, 2.625, 4.5],
			"faces": {
				"north": {"uv": [2.5, 14.375, 3.5, 15.375], "texture": "#38"},
				"east": {"uv": [11.5, 14.375, 13, 15.375], "texture": "#38"},
				"south": {"uv": [12.5, 14.375, 13.5, 15.375], "texture": "#38"},
				"west": {"uv": [3, 14.375, 4.5, 15.375], "texture": "#38"},
				"up": {"uv": [12.5, 3, 13.5, 4.5], "texture": "#38"},
				"down": {"uv": [12.5, 11.5, 13.5, 13], "texture": "#38"}
			}
		},
		{
			"name": "Box68",
			"from": [1.5, 1.625, 10.5],
			"to": [2.5, 2.625, 12],
			"faces": {
				"north": {"uv": [13.5, 14.375, 14.5, 15.375], "texture": "#38"},
				"east": {"uv": [4, 14.375, 5.5, 15.375], "texture": "#38"},
				"south": {"uv": [1.5, 14.375, 2.5, 15.375], "texture": "#38"},
				"west": {"uv": [10.5, 14.375, 12, 15.375], "texture": "#38"},
				"up": {"uv": [1.5, 10.5, 2.5, 12], "texture": "#38"},
				"down": {"uv": [1.5, 4, 2.5, 5.5], "texture": "#38"}
			}
		},
		{
			"name": "Box68",
			"from": [1.5, 1.625, 6.75],
			"to": [2.5, 2.625, 8.25],
			"faces": {
				"north": {"uv": [13.5, 14.375, 14.5, 15.375], "texture": "#38"},
				"east": {"uv": [7.75, 14.375, 9.25, 15.375], "texture": "#38"},
				"south": {"uv": [1.5, 14.375, 2.5, 15.375], "texture": "#38"},
				"west": {"uv": [6.75, 14.375, 8.25, 15.375], "texture": "#38"},
				"up": {"uv": [1.5, 6.75, 2.5, 8.25], "texture": "#38"},
				"down": {"uv": [1.5, 7.75, 2.5, 9.25], "texture": "#38"}
			}
		},
		{
			"name": "Box68",
			"from": [1.5, 1.625, 3],
			"to": [2.5, 2.625, 4.5],
			"faces": {
				"north": {"uv": [13.5, 14.375, 14.5, 15.375], "texture": "#38"},
				"east": {"uv": [11.5, 14.375, 13, 15.375], "texture": "#38"},
				"south": {"uv": [1.5, 14.375, 2.5, 15.375], "texture": "#38"},
				"west": {"uv": [3, 14.375, 4.5, 15.375], "texture": "#38"},
				"up": {"uv": [1.5, 3, 2.5, 4.5], "texture": "#38"},
				"down": {"uv": [1.5, 11.5, 2.5, 13], "texture": "#38"}
			}
		},
		{
			"name": "Cube1",
			"from": [1.5, 1, 2.5],
			"to": [2.5, 2, 12.5],
			"faces": {
				"north": {"uv": [13.5, 15, 14.5, 16], "texture": "#38"},
				"east": {"uv": [3.5, 15, 13.5, 16], "texture": "#38"},
				"south": {"uv": [1.5, 15, 2.5, 16], "texture": "#38"},
				"west": {"uv": [2.5, 15, 12.5, 16], "texture": "#38"},
				"up": {"uv": [1.5, 2.5, 2.5, 12.5], "texture": "#38"},
				"down": {"uv": [1.5, 3.5, 2.5, 13.5], "texture": "#38"}
			}
		},
		{
			"name": "Cube1",
			"from": [2.5, 1, 12.5],
			"to": [12.5, 2, 13.5],
			"faces": {
				"north": {"uv": [3.5, 15, 13.5, 16], "texture": "#38"},
				"east": {"uv": [2.5, 15, 3.5, 16], "texture": "#38"},
				"south": {"uv": [2.5, 15, 12.5, 16], "texture": "#38"},
				"west": {"uv": [12.5, 15, 13.5, 16], "texture": "#38"},
				"up": {"uv": [2.5, 12.5, 12.5, 13.5], "texture": "#38"},
				"down": {"uv": [2.5, 2.5, 12.5, 3.5], "texture": "#38"}
			}
		},
		{
			"name": "Cube1",
			"from": [2, -0.5, 12.625],
			"to": [13, 1, 13.625],
			"faces": {
				"north": {"uv": [0, 0, 16, 16], "texture": "#7_texture2"},
				"east": {"uv": [0, 0, 16, 16], "texture": "#7_texture2"},
				"south": {"uv": [0, 0, 16, 16], "texture": "#7_texture2"},
				"west": {"uv": [0, 0, 16, 16], "texture": "#7_texture2"},
				"up": {"uv": [0, 0, 16, 16], "texture": "#7_texture2"},
				"down": {"uv": [0, 0, 16, 16], "texture": "#7_texture2"}
			}
		},
		{
			"name": "Cube1",
			"from": [1.375, -0.5, 2],
			"to": [2.375, 1, 13],
			"faces": {
				"north": {"uv": [0, 0, 16, 16], "texture": "#7_texture2"},
				"east": {"uv": [0, 0, 16, 16], "texture": "#7_texture2"},
				"south": {"uv": [0, 0, 16, 16], "texture": "#7_texture2"},
				"west": {"uv": [0, 0, 16, 16], "texture": "#7_texture2"},
				"up": {"uv": [0, 0, 16, 16], "texture": "#7_texture2"},
				"down": {"uv": [0, 0, 16, 16], "texture": "#7_texture2"}
			}
		},
		{
			"name": "Box62",
			"from": [6.75, 1.625, 12.5],
			"to": [8.25, 2.625, 13.5],
			"faces": {
				"north": {"uv": [7.75, 14.375, 9.25, 15.375], "texture": "#38"},
				"east": {"uv": [2.5, 14.375, 3.5, 15.375], "texture": "#38"},
				"south": {"uv": [6.75, 14.375, 8.25, 15.375], "texture": "#38"},
				"west": {"uv": [12.5, 14.375, 13.5, 15.375], "texture": "#38"},
				"up": {"uv": [6.75, 12.5, 8.25, 13.5], "texture": "#38"},
				"down": {"uv": [6.75, 2.5, 8.25, 3.5], "texture": "#38"}
			}
		},
		{
			"name": "Box62",
			"from": [10.875, 1.125, 1.375],
			"to": [11.575, 2.125, 2.075],
			"faces": {
				"north": {"uv": [4.425, 14.875, 5.125, 15.875], "texture": "#39"},
				"east": {"uv": [13.925, 14.875, 14.625, 15.875], "texture": "#39"},
				"south": {"uv": [10.875, 14.875, 11.575, 15.875], "texture": "#39"},
				"west": {"uv": [1.375, 14.875, 2.075, 15.875], "texture": "#39"},
				"up": {"uv": [10.875, 1.375, 11.575, 2.075], "texture": "#39"},
				"down": {"uv": [10.875, 13.925, 11.575, 14.625], "texture": "#39"}
			}
		},
		{
			"name": "Box62",
			"from": [12.92, 1.125, 3.375],
			"to": [13.62, 2.125, 4.075],
			"faces": {
				"north": {"uv": [2.425, 14.875, 3.125, 15.875], "texture": "#39"},
				"east": {"uv": [11.925, 14.875, 12.625, 15.875], "texture": "#39"},
				"south": {"uv": [12.875, 14.875, 13.575, 15.875], "texture": "#39"},
				"west": {"uv": [3.375, 14.875, 4.075, 15.875], "texture": "#39"},
				"up": {"uv": [12.875, 3.375, 13.575, 4.075], "texture": "#39"},
				"down": {"uv": [12.875, 11.925, 13.575, 12.625], "texture": "#39"}
			}
		},
		{
			"name": "Box62",
			"from": [7.125, 1.125, 13],
			"to": [7.825, 2.125, 13.7],
			"faces": {
				"north": {"uv": [8.175, 14.875, 8.875, 15.875], "texture": "#39"},
				"east": {"uv": [2.3, 14.875, 3, 15.875], "texture": "#39"},
				"south": {"uv": [7.125, 14.875, 7.825, 15.875], "texture": "#39"},
				"west": {"uv": [13, 14.875, 13.7, 15.875], "texture": "#39"},
				"up": {"uv": [7.125, 13, 7.825, 13.7], "texture": "#39"},
				"down": {"uv": [7.125, 2.3, 7.825, 3], "texture": "#39"}
			}
		},
		{
			"name": "Box62",
			"from": [7.125, 1.125, 1.375],
			"to": [7.825, 2.125, 2.075],
			"faces": {
				"north": {"uv": [8.175, 14.875, 8.875, 15.875], "texture": "#39"},
				"east": {"uv": [13.925, 14.875, 14.625, 15.875], "texture": "#39"},
				"south": {"uv": [7.125, 14.875, 7.825, 15.875], "texture": "#39"},
				"west": {"uv": [1.375, 14.875, 2.075, 15.875], "texture": "#39"},
				"up": {"uv": [7.125, 1.375, 7.825, 2.075], "texture": "#39"},
				"down": {"uv": [7.125, 13.925, 7.825, 14.625], "texture": "#39"}
			}
		},
		{
			"name": "Box62",
			"from": [3.375, 1.125, 1.375],
			"to": [4.075, 2.125, 2.075],
			"faces": {
				"north": {"uv": [11.925, 14.875, 12.625, 15.875], "texture": "#39"},
				"east": {"uv": [13.925, 14.875, 14.625, 15.875], "texture": "#39"},
				"south": {"uv": [3.375, 14.875, 4.075, 15.875], "texture": "#39"},
				"west": {"uv": [1.375, 14.875, 2.075, 15.875], "texture": "#39"},
				"up": {"uv": [3.375, 1.375, 4.075, 2.075], "texture": "#39"},
				"down": {"uv": [3.375, 13.925, 4.075, 14.625], "texture": "#39"}
			}
		},
		{
			"name": "Box62",
			"from": [3.375, 1.125, 13],
			"to": [4.075, 2.125, 13.7],
			"faces": {
				"north": {"uv": [11.925, 14.875, 12.625, 15.875], "texture": "#39"},
				"east": {"uv": [2.3, 14.875, 3, 15.875], "texture": "#39"},
				"south": {"uv": [3.375, 14.875, 4.075, 15.875], "texture": "#39"},
				"west": {"uv": [13, 14.875, 13.7, 15.875], "texture": "#39"},
				"up": {"uv": [3.375, 13, 4.075, 13.7], "texture": "#39"},
				"down": {"uv": [3.375, 2.3, 4.075, 3], "texture": "#39"}
			}
		},
		{
			"name": "Box62",
			"from": [1.375, 1.125, 10.875],
			"to": [2.075, 2.125, 11.575],
			"faces": {
				"north": {"uv": [13.925, 14.875, 14.625, 15.875], "texture": "#39"},
				"east": {"uv": [4.425, 14.875, 5.125, 15.875], "texture": "#39"},
				"south": {"uv": [1.375, 14.875, 2.075, 15.875], "texture": "#39"},
				"west": {"uv": [10.875, 14.875, 11.575, 15.875], "texture": "#39"},
				"up": {"uv": [1.375, 10.875, 2.075, 11.575], "texture": "#39"},
				"down": {"uv": [1.375, 4.425, 2.075, 5.125], "texture": "#39"}
			}
		},
		{
			"name": "Box62",
			"from": [12.875, 1.125, 10.875],
			"to": [13.575, 2.125, 11.575],
			"faces": {
				"north": {"uv": [2.425, 14.875, 3.125, 15.875], "texture": "#39"},
				"east": {"uv": [4.425, 14.875, 5.125, 15.875], "texture": "#39"},
				"south": {"uv": [12.875, 14.875, 13.575, 15.875], "texture": "#39"},
				"west": {"uv": [10.875, 14.875, 11.575, 15.875], "texture": "#39"},
				"up": {"uv": [12.875, 10.875, 13.575, 11.575], "texture": "#39"},
				"down": {"uv": [12.875, 4.425, 13.575, 5.125], "texture": "#39"}
			}
		},
		{
			"name": "Box62",
			"from": [12.79, 1.25, 12.78],
			"to": [13.09, 1.55, 13.08],
			"faces": {
				"north": {"uv": [2.91, 15.45, 3.21, 15.75], "texture": "#7_texture4"},
				"east": {"uv": [2.92, 15.45, 3.22, 15.75], "texture": "#7_texture4"},
				"south": {"uv": [12.79, 15.45, 13.09, 15.75], "texture": "#7_texture4"},
				"west": {"uv": [12.78, 15.45, 13.08, 15.75], "texture": "#7_texture4"},
				"up": {"uv": [12.79, 12.78, 13.09, 13.08], "texture": "#7_texture4"},
				"down": {"uv": [12.79, 2.92, 13.09, 3.22], "texture": "#7_texture4"}
			}
		},
		{
			"name": "Box62",
			"from": [1.375, 1.125, 7.125],
			"to": [2.075, 2.125, 7.825],
			"faces": {
				"north": {"uv": [13.925, 14.875, 14.625, 15.875], "texture": "#39"},
				"east": {"uv": [8.175, 14.875, 8.875, 15.875], "texture": "#39"},
				"south": {"uv": [1.375, 14.875, 2.075, 15.875], "texture": "#39"},
				"west": {"uv": [7.125, 14.875, 7.825, 15.875], "texture": "#39"},
				"up": {"uv": [1.375, 7.125, 2.075, 7.825], "texture": "#39"},
				"down": {"uv": [1.375, 8.175, 2.075, 8.875], "texture": "#39"}
			}
		},
		{
			"name": "Box62",
			"from": [12.92, 1.125, 7.125],
			"to": [13.62, 2.125, 7.825],
			"faces": {
				"north": {"uv": [2.425, 14.875, 3.125, 15.875], "texture": "#39"},
				"east": {"uv": [8.175, 14.875, 8.875, 15.875], "texture": "#39"},
				"south": {"uv": [12.875, 14.875, 13.575, 15.875], "texture": "#39"},
				"west": {"uv": [7.125, 14.875, 7.825, 15.875], "texture": "#39"},
				"up": {"uv": [12.875, 7.125, 13.575, 7.825], "texture": "#39"},
				"down": {"uv": [12.875, 8.175, 13.575, 8.875], "texture": "#39"}
			}
		},
		{
			"name": "Box62",
			"from": [1.375, 1.125, 3.375],
			"to": [2.075, 2.125, 4.075],
			"faces": {
				"north": {"uv": [13.925, 14.875, 14.625, 15.875], "texture": "#39"},
				"east": {"uv": [11.925, 14.875, 12.625, 15.875], "texture": "#39"},
				"south": {"uv": [1.375, 14.875, 2.075, 15.875], "texture": "#39"},
				"west": {"uv": [3.375, 14.875, 4.075, 15.875], "texture": "#39"},
				"up": {"uv": [1.375, 3.375, 2.075, 4.075], "texture": "#39"},
				"down": {"uv": [1.375, 11.925, 2.075, 12.625], "texture": "#39"}
			}
		},
		{
			"name": "Box62",
			"from": [13.32, 1.25, 10.125],
			"to": [13.62, 1.55, 10.425],
			"faces": {
				"north": {"uv": [2.38, 15.45, 2.68, 15.75], "texture": "#7_texture4"},
				"east": {"uv": [5.575, 15.45, 5.875, 15.75], "texture": "#7_texture4"},
				"south": {"uv": [13.32, 15.45, 13.62, 15.75], "texture": "#7_texture4"},
				"west": {"uv": [10.125, 15.45, 10.425, 15.75], "texture": "#7_texture4"},
				"up": {"uv": [13.32, 10.125, 13.62, 10.425], "texture": "#7_texture4"},
				"down": {"uv": [13.32, 5.575, 13.62, 5.875], "texture": "#7_texture4"}
			}
		},
		{
			"name": "Box62",
			"from": [1.375, 1.25, 6.125],
			"to": [1.675, 1.55, 6.425],
			"faces": {
				"north": {"uv": [14.325, 15.45, 14.625, 15.75], "texture": "#7_texture4"},
				"east": {"uv": [9.575, 15.45, 9.875, 15.75], "texture": "#7_texture4"},
				"south": {"uv": [1.375, 15.45, 1.675, 15.75], "texture": "#7_texture4"},
				"west": {"uv": [6.125, 15.45, 6.425, 15.75], "texture": "#7_texture4"},
				"up": {"uv": [1.375, 6.125, 1.675, 6.425], "texture": "#7_texture4"},
				"down": {"uv": [1.375, 9.575, 1.675, 9.875], "texture": "#7_texture4"}
			}
		},
		{
			"name": "Box62",
			"from": [1.375, 1.25, 8.625],
			"to": [1.675, 1.55, 8.925],
			"faces": {
				"north": {"uv": [14.325, 15.45, 14.625, 15.75], "texture": "#7_texture4"},
				"east": {"uv": [7.075, 15.45, 7.375, 15.75], "texture": "#7_texture4"},
				"south": {"uv": [1.375, 15.45, 1.675, 15.75], "texture": "#7_texture4"},
				"west": {"uv": [8.625, 15.45, 8.925, 15.75], "texture": "#7_texture4"},
				"up": {"uv": [1.375, 8.625, 1.675, 8.925], "texture": "#7_texture4"},
				"down": {"uv": [1.375, 7.075, 1.675, 7.375], "texture": "#7_texture4"}
			}
		},
		{
			"name": "Box62",
			"from": [10.125, 1.25, 1.375],
			"to": [10.425, 1.55, 1.675],
			"faces": {
				"north": {"uv": [5.575, 15.45, 5.875, 15.75], "texture": "#7_texture4"},
				"east": {"uv": [14.325, 15.45, 14.625, 15.75], "texture": "#7_texture4"},
				"south": {"uv": [10.125, 15.45, 10.425, 15.75], "texture": "#7_texture4"},
				"west": {"uv": [1.375, 15.45, 1.675, 15.75], "texture": "#7_texture4"},
				"up": {"uv": [10.125, 1.375, 10.425, 1.675], "texture": "#7_texture4"},
				"down": {"uv": [10.125, 14.325, 10.425, 14.625], "texture": "#7_texture4"}
			}
		},
		{
			"name": "Box62",
			"from": [1.875, 1.25, 12.78],
			"to": [2.175, 1.55, 13.08],
			"faces": {
				"north": {"uv": [13.825, 15.45, 14.125, 15.75], "texture": "#7_texture4"},
				"east": {"uv": [2.92, 15.45, 3.22, 15.75], "texture": "#7_texture4"},
				"south": {"uv": [1.875, 15.45, 2.175, 15.75], "texture": "#7_texture4"},
				"west": {"uv": [12.78, 15.45, 13.08, 15.75], "texture": "#7_texture4"},
				"up": {"uv": [1.875, 12.78, 2.175, 13.08], "texture": "#7_texture4"},
				"down": {"uv": [1.875, 2.92, 2.175, 3.22], "texture": "#7_texture4"}
			}
		},
		{
			"name": "Box62",
			"from": [1.375, 1.25, 10.125],
			"to": [1.675, 1.55, 10.425],
			"faces": {
				"north": {"uv": [14.325, 15.45, 14.625, 15.75], "texture": "#7_texture4"},
				"east": {"uv": [5.575, 15.45, 5.875, 15.75], "texture": "#7_texture4"},
				"south": {"uv": [1.375, 15.45, 1.675, 15.75], "texture": "#7_texture4"},
				"west": {"uv": [10.125, 15.45, 10.425, 15.75], "texture": "#7_texture4"},
				"up": {"uv": [1.375, 10.125, 1.675, 10.425], "texture": "#7_texture4"},
				"down": {"uv": [1.375, 5.575, 1.675, 5.875], "texture": "#7_texture4"}
			}
		},
		{
			"name": "Box62",
			"from": [4.625, 1.25, 13.375],
			"to": [4.925, 1.55, 13.675],
			"faces": {
				"north": {"uv": [11.075, 15.45, 11.375, 15.75], "texture": "#7_texture4"},
				"east": {"uv": [2.325, 15.45, 2.625, 15.75], "texture": "#7_texture4"},
				"south": {"uv": [4.625, 15.45, 4.925, 15.75], "texture": "#7_texture4"},
				"west": {"uv": [13.375, 15.45, 13.675, 15.75], "texture": "#7_texture4"},
				"up": {"uv": [4.625, 13.375, 4.925, 13.675], "texture": "#7_texture4"},
				"down": {"uv": [4.625, 2.325, 4.925, 2.625], "texture": "#7_texture4"}
			}
		},
		{
			"name": "Box62",
			"from": [6.125, 1.25, 13.375],
			"to": [6.425, 1.55, 13.675],
			"faces": {
				"north": {"uv": [9.575, 15.45, 9.875, 15.75], "texture": "#7_texture4"},
				"east": {"uv": [2.325, 15.45, 2.625, 15.75], "texture": "#7_texture4"},
				"south": {"uv": [6.125, 15.45, 6.425, 15.75], "texture": "#7_texture4"},
				"west": {"uv": [13.375, 15.45, 13.675, 15.75], "texture": "#7_texture4"},
				"up": {"uv": [6.125, 13.375, 6.425, 13.675], "texture": "#7_texture4"},
				"down": {"uv": [6.125, 2.325, 6.425, 2.625], "texture": "#7_texture4"}
			}
		},
		{
			"name": "Box62",
			"from": [4.625, 1.25, 1.375],
			"to": [4.925, 1.55, 1.675],
			"faces": {
				"north": {"uv": [11.075, 15.45, 11.375, 15.75], "texture": "#7_texture4"},
				"east": {"uv": [14.325, 15.45, 14.625, 15.75], "texture": "#7_texture4"},
				"south": {"uv": [4.625, 15.45, 4.925, 15.75], "texture": "#7_texture4"},
				"west": {"uv": [1.375, 15.45, 1.675, 15.75], "texture": "#7_texture4"},
				"up": {"uv": [4.625, 1.375, 4.925, 1.675], "texture": "#7_texture4"},
				"down": {"uv": [4.625, 14.325, 4.925, 14.625], "texture": "#7_texture4"}
			}
		},
		{
			"name": "Box62",
			"from": [1.375, 1.25, 4.625],
			"to": [1.675, 1.55, 4.925],
			"faces": {
				"north": {"uv": [14.325, 15.45, 14.625, 15.75], "texture": "#7_texture4"},
				"east": {"uv": [11.075, 15.45, 11.375, 15.75], "texture": "#7_texture4"},
				"south": {"uv": [1.375, 15.45, 1.675, 15.75], "texture": "#7_texture4"},
				"west": {"uv": [4.625, 15.45, 4.925, 15.75], "texture": "#7_texture4"},
				"up": {"uv": [1.375, 4.625, 1.675, 4.925], "texture": "#7_texture4"},
				"down": {"uv": [1.375, 11.075, 1.675, 11.375], "texture": "#7_texture4"}
			}
		},
		{
			"name": "Box62",
			"from": [13.32, 1.25, 4.625],
			"to": [13.62, 1.55, 4.925],
			"faces": {
				"north": {"uv": [2.38, 15.45, 2.68, 15.75], "texture": "#7_texture4"},
				"east": {"uv": [11.075, 15.45, 11.375, 15.75], "texture": "#7_texture4"},
				"south": {"uv": [13.32, 15.45, 13.62, 15.75], "texture": "#7_texture4"},
				"west": {"uv": [4.625, 15.45, 4.925, 15.75], "texture": "#7_texture4"},
				"up": {"uv": [13.32, 4.625, 13.62, 4.925], "texture": "#7_texture4"},
				"down": {"uv": [13.32, 11.075, 13.62, 11.375], "texture": "#7_texture4"}
			}
		},
		{
			"name": "Box62",
			"from": [13.32, 1.25, 6.125],
			"to": [13.62, 1.55, 6.425],
			"faces": {
				"north": {"uv": [2.38, 15.45, 2.68, 15.75], "texture": "#7_texture4"},
				"east": {"uv": [9.575, 15.45, 9.875, 15.75], "texture": "#7_texture4"},
				"south": {"uv": [13.32, 15.45, 13.62, 15.75], "texture": "#7_texture4"},
				"west": {"uv": [6.125, 15.45, 6.425, 15.75], "texture": "#7_texture4"},
				"up": {"uv": [13.32, 6.125, 13.62, 6.425], "texture": "#7_texture4"},
				"down": {"uv": [13.32, 9.575, 13.62, 9.875], "texture": "#7_texture4"}
			}
		},
		{
			"name": "Box62",
			"from": [13.32, 1.25, 8.625],
			"to": [13.62, 1.55, 8.925],
			"faces": {
				"north": {"uv": [2.38, 15.45, 2.68, 15.75], "texture": "#7_texture4"},
				"east": {"uv": [7.075, 15.45, 7.375, 15.75], "texture": "#7_texture4"},
				"south": {"uv": [13.32, 15.45, 13.62, 15.75], "texture": "#7_texture4"},
				"west": {"uv": [8.625, 15.45, 8.925, 15.75], "texture": "#7_texture4"},
				"up": {"uv": [13.32, 8.625, 13.62, 8.925], "texture": "#7_texture4"},
				"down": {"uv": [13.32, 7.075, 13.62, 7.375], "texture": "#7_texture4"}
			}
		},
		{
			"name": "Box62",
			"from": [10.125, 1.25, 13.375],
			"to": [10.425, 1.55, 13.675],
			"faces": {
				"north": {"uv": [5.575, 15.45, 5.875, 15.75], "texture": "#7_texture4"},
				"east": {"uv": [2.325, 15.45, 2.625, 15.75], "texture": "#7_texture4"},
				"south": {"uv": [10.125, 15.45, 10.425, 15.75], "texture": "#7_texture4"},
				"west": {"uv": [13.375, 15.45, 13.675, 15.75], "texture": "#7_texture4"},
				"up": {"uv": [10.125, 13.375, 10.425, 13.675], "texture": "#7_texture4"},
				"down": {"uv": [10.125, 2.325, 10.425, 2.625], "texture": "#7_texture4"}
			}
		},
		{
			"name": "Box62",
			"from": [8.625, 1.25, 13.375],
			"to": [8.925, 1.55, 13.675],
			"faces": {
				"north": {"uv": [7.075, 15.45, 7.375, 15.75], "texture": "#7_texture4"},
				"east": {"uv": [2.325, 15.45, 2.625, 15.75], "texture": "#7_texture4"},
				"south": {"uv": [8.625, 15.45, 8.925, 15.75], "texture": "#7_texture4"},
				"west": {"uv": [13.375, 15.45, 13.675, 15.75], "texture": "#7_texture4"},
				"up": {"uv": [8.625, 13.375, 8.925, 13.675], "texture": "#7_texture4"},
				"down": {"uv": [8.625, 2.325, 8.925, 2.625], "texture": "#7_texture4"}
			}
		},
		{
			"name": "Box62",
			"from": [8.625, 1.25, 1.375],
			"to": [8.925, 1.55, 1.675],
			"faces": {
				"north": {"uv": [7.075, 15.45, 7.375, 15.75], "texture": "#7_texture4"},
				"east": {"uv": [14.325, 15.45, 14.625, 15.75], "texture": "#7_texture4"},
				"south": {"uv": [8.625, 15.45, 8.925, 15.75], "texture": "#7_texture4"},
				"west": {"uv": [1.375, 15.45, 1.675, 15.75], "texture": "#7_texture4"},
				"up": {"uv": [8.625, 1.375, 8.925, 1.675], "texture": "#7_texture4"},
				"down": {"uv": [8.625, 14.325, 8.925, 14.625], "texture": "#7_texture4"}
			}
		},
		{
			"name": "Box62",
			"from": [6.125, 1.25, 1.375],
			"to": [6.425, 1.55, 1.675],
			"faces": {
				"north": {"uv": [9.575, 15.45, 9.875, 15.75], "texture": "#7_texture4"},
				"east": {"uv": [14.325, 15.45, 14.625, 15.75], "texture": "#7_texture4"},
				"south": {"uv": [6.125, 15.45, 6.425, 15.75], "texture": "#7_texture4"},
				"west": {"uv": [1.375, 15.45, 1.675, 15.75], "texture": "#7_texture4"},
				"up": {"uv": [6.125, 1.375, 6.425, 1.675], "texture": "#7_texture4"},
				"down": {"uv": [6.125, 14.325, 6.425, 14.625], "texture": "#7_texture4"}
			}
		},
		{
			"name": "Box62",
			"from": [1.875, 1.25, 1.905],
			"to": [2.175, 1.55, 2.205],
			"faces": {
				"north": {"uv": [13.825, 15.45, 14.125, 15.75], "texture": "#7_texture4"},
				"east": {"uv": [13.795, 15.45, 14.095, 15.75], "texture": "#7_texture4"},
				"south": {"uv": [1.875, 15.45, 2.175, 15.75], "texture": "#7_texture4"},
				"west": {"uv": [1.905, 15.45, 2.205, 15.75], "texture": "#7_texture4"},
				"up": {"uv": [1.875, 1.905, 2.175, 2.205], "texture": "#7_texture4"},
				"down": {"uv": [1.875, 13.795, 2.175, 14.095], "texture": "#7_texture4"}
			}
		},
		{
			"name": "Box62",
			"from": [12.79, 1.25, 1.905],
			"to": [13.09, 1.55, 2.205],
			"faces": {
				"north": {"uv": [2.91, 15.45, 3.21, 15.75], "texture": "#7_texture4"},
				"east": {"uv": [13.795, 15.45, 14.095, 15.75], "texture": "#7_texture4"},
				"south": {"uv": [12.79, 15.45, 13.09, 15.75], "texture": "#7_texture4"},
				"west": {"uv": [1.905, 15.45, 2.205, 15.75], "texture": "#7_texture4"},
				"up": {"uv": [12.79, 1.905, 13.09, 2.205], "texture": "#7_texture4"},
				"down": {"uv": [12.79, 13.795, 13.09, 14.095], "texture": "#7_texture4"}
			}
		},
		{
			"name": "Box110",
			"from": [2.125, 2.5, 3.25],
			"to": [2.825, 3.2, 3.95],
			"rotation": {"angle": -45, "axis": "y", "origin": [2.125, 2.5, 3.25]},
			"faces": {
				"north": {"uv": [13.55, 13.8, 14.25, 14.5], "texture": "#texture5"},
				"east": {"uv": [11.925, 13.8, 12.625, 14.5], "texture": "#texture5"},
				"south": {"uv": [1.75, 13.8, 2.45, 14.5], "texture": "#texture5"},
				"west": {"uv": [3.375, 13.8, 4.075, 14.5], "texture": "#texture5"},
				"up": {"uv": [1.75, 3.375, 2.45, 4.075], "texture": "#texture5"},
				"down": {"uv": [1.75, 11.925, 2.45, 12.625], "texture": "#texture5"}
			}
		},
		{
			"name": "Box110",
			"from": [3.75, 2.5, 1.625],
			"to": [4.45, 3.2, 2.325],
			"rotation": {"angle": -45, "axis": "y", "origin": [3.75, 2.5, 1.625]},
			"faces": {
				"north": {"uv": [11.925, 13.8, 12.625, 14.5], "texture": "#texture5"},
				"east": {"uv": [13.55, 13.8, 14.25, 14.5], "texture": "#texture5"},
				"south": {"uv": [3.375, 13.8, 4.075, 14.5], "texture": "#texture5"},
				"west": {"uv": [1.75, 13.8, 2.45, 14.5], "texture": "#texture5"},
				"up": {"uv": [3.375, 1.75, 4.075, 2.45], "texture": "#texture5"},
				"down": {"uv": [3.375, 13.55, 4.075, 14.25], "texture": "#texture5"}
			}
		},
		{
			"name": "Box110",
			"from": [7.125, 2.5, 1.75],
			"to": [7.825, 3.2, 2.45],
			"faces": {
				"north": {"uv": [8.175, 13.8, 8.875, 14.5], "texture": "#38"},
				"east": {"uv": [13.55, 13.8, 14.25, 14.5], "texture": "#38"},
				"south": {"uv": [7.125, 13.8, 7.825, 14.5], "texture": "#38"},
				"west": {"uv": [1.75, 13.8, 2.45, 14.5], "texture": "#38"},
				"up": {"uv": [7.125, 1.75, 7.825, 2.45], "texture": "#38"},
				"down": {"uv": [7.125, 13.55, 7.825, 14.25], "texture": "#38"}
			}
		},
		{
			"name": "Box110",
			"from": [11.25, 2.5, 1.625],
			"to": [11.95, 3.2, 2.325],
			"rotation": {"angle": -45, "axis": "y", "origin": [11.25, 2.5, 1.625]},
			"faces": {
				"north": {"uv": [4.425, 13.8, 5.125, 14.5], "texture": "#texture5"},
				"east": {"uv": [13.55, 13.8, 14.25, 14.5], "texture": "#texture5"},
				"south": {"uv": [10.875, 13.8, 11.575, 14.5], "texture": "#texture5"},
				"west": {"uv": [1.75, 13.8, 2.45, 14.5], "texture": "#texture5"},
				"up": {"uv": [10.875, 1.75, 11.575, 2.45], "texture": "#texture5"},
				"down": {"uv": [10.875, 13.55, 11.575, 14.25], "texture": "#texture5"}
			}
		},
		{
			"name": "Box110",
			"from": [12.875, 2.5, 3.25],
			"to": [13.575, 3.2, 3.95],
			"rotation": {"angle": -45, "axis": "y", "origin": [12.875, 2.5, 3.25]},
			"faces": {
				"north": {"uv": [2.8, 13.8, 3.5, 14.5], "texture": "#texture5"},
				"east": {"uv": [11.925, 13.8, 12.625, 14.5], "texture": "#texture5"},
				"south": {"uv": [12.5, 13.8, 13.2, 14.5], "texture": "#texture5"},
				"west": {"uv": [3.375, 13.8, 4.075, 14.5], "texture": "#texture5"},
				"up": {"uv": [12.5, 3.375, 13.2, 4.075], "texture": "#texture5"},
				"down": {"uv": [12.5, 11.925, 13.2, 12.625], "texture": "#texture5"}
			}
		},
		{
			"name": "Box110",
			"from": [12.875, 2.5, 7],
			"to": [13.575, 3.2, 7.7],
			"rotation": {"angle": -45, "axis": "y", "origin": [12.875, 2.5, 7]},
			"faces": {
				"north": {"uv": [2.8, 13.8, 3.5, 14.5], "texture": "#38"},
				"east": {"uv": [8.175, 13.8, 8.875, 14.5], "texture": "#38"},
				"south": {"uv": [12.5, 13.8, 13.2, 14.5], "texture": "#38"},
				"west": {"uv": [7.125, 13.8, 7.825, 14.5], "texture": "#38"},
				"up": {"uv": [12.5, 7.125, 13.2, 7.825], "texture": "#38"},
				"down": {"uv": [12.5, 8.175, 13.2, 8.875], "texture": "#38"}
			}
		},
		{
			"name": "Box110",
			"from": [12.875, 2.5, 10.75],
			"to": [13.575, 3.2, 11.45],
			"rotation": {"angle": -45, "axis": "y", "origin": [12.875, 2.5, 10.75]},
			"faces": {
				"north": {"uv": [2.8, 13.8, 3.5, 14.5], "texture": "#texture5"},
				"east": {"uv": [4.425, 13.8, 5.125, 14.5], "texture": "#texture5"},
				"south": {"uv": [12.5, 13.8, 13.2, 14.5], "texture": "#texture5"},
				"west": {"uv": [10.875, 13.8, 11.575, 14.5], "texture": "#texture5"},
				"up": {"uv": [12.5, 10.875, 13.2, 11.575], "texture": "#texture5"},
				"down": {"uv": [12.5, 4.425, 13.2, 5.125], "texture": "#texture5"}
			}
		},
		{
			"name": "Box110",
			"from": [11.25, 2.5, 12.375],
			"to": [11.95, 3.2, 13.075],
			"rotation": {"angle": -45, "axis": "y", "origin": [11.25, 2.5, 12.375]},
			"faces": {
				"north": {"uv": [4.425, 13.8, 5.125, 14.5], "texture": "#texture5"},
				"east": {"uv": [2.8, 13.8, 3.5, 14.5], "texture": "#texture5"},
				"south": {"uv": [10.875, 13.8, 11.575, 14.5], "texture": "#texture5"},
				"west": {"uv": [12.5, 13.8, 13.2, 14.5], "texture": "#texture5"},
				"up": {"uv": [10.875, 12.5, 11.575, 13.2], "texture": "#texture5"},
				"down": {"uv": [10.875, 2.8, 11.575, 3.5], "texture": "#texture5"}
			}
		},
		{
			"name": "Box110",
			"from": [7.5, 2.5, 12.375],
			"to": [8.2, 3.2, 13.075],
			"rotation": {"angle": -45, "axis": "y", "origin": [7.5, 2.5, 12.375]},
			"faces": {
				"north": {"uv": [8.175, 13.8, 8.875, 14.5], "texture": "#38"},
				"east": {"uv": [2.8, 13.8, 3.5, 14.5], "texture": "#38"},
				"south": {"uv": [7.125, 13.8, 7.825, 14.5], "texture": "#38"},
				"west": {"uv": [12.5, 13.8, 13.2, 14.5], "texture": "#38"},
				"up": {"uv": [7.125, 12.5, 7.825, 13.2], "texture": "#38"},
				"down": {"uv": [7.125, 2.8, 7.825, 3.5], "texture": "#38"}
			}
		},
		{
			"name": "Box110",
			"from": [3.75, 2.5, 12.375],
			"to": [4.45, 3.2, 13.075],
			"rotation": {"angle": -45, "axis": "y", "origin": [3.75, 2.5, 12.375]},
			"faces": {
				"north": {"uv": [11.925, 13.8, 12.625, 14.5], "texture": "#texture5"},
				"east": {"uv": [2.8, 13.8, 3.5, 14.5], "texture": "#texture5"},
				"south": {"uv": [3.375, 13.8, 4.075, 14.5], "texture": "#texture5"},
				"west": {"uv": [12.5, 13.8, 13.2, 14.5], "texture": "#texture5"},
				"up": {"uv": [3.375, 12.5, 4.075, 13.2], "texture": "#texture5"},
				"down": {"uv": [3.375, 2.8, 4.075, 3.5], "texture": "#texture5"}
			}
		},
		{
			"name": "Box110",
			"from": [2.125, 2.5, 10.75],
			"to": [2.825, 3.2, 11.45],
			"rotation": {"angle": -45, "axis": "y", "origin": [2.125, 2.5, 10.75]},
			"faces": {
				"north": {"uv": [13.55, 13.8, 14.25, 14.5], "texture": "#texture5"},
				"east": {"uv": [4.425, 13.8, 5.125, 14.5], "texture": "#texture5"},
				"south": {"uv": [1.75, 13.8, 2.45, 14.5], "texture": "#texture5"},
				"west": {"uv": [10.875, 13.8, 11.575, 14.5], "texture": "#texture5"},
				"up": {"uv": [1.75, 10.875, 2.45, 11.575], "texture": "#texture5"},
				"down": {"uv": [1.75, 4.425, 2.45, 5.125], "texture": "#texture5"}
			}
		},
		{
			"name": "Box110",
			"from": [2.125, 2.5, 7],
			"to": [2.825, 3.2, 7.7],
			"rotation": {"angle": -45, "axis": "y", "origin": [2.125, 2.5, 7]},
			"faces": {
				"north": {"uv": [13.55, 13.8, 14.25, 14.5], "texture": "#38"},
				"east": {"uv": [8.175, 13.8, 8.875, 14.5], "texture": "#38"},
				"south": {"uv": [1.75, 13.8, 2.45, 14.5], "texture": "#38"},
				"west": {"uv": [7.125, 13.8, 7.825, 14.5], "texture": "#38"},
				"up": {"uv": [1.75, 7.125, 2.45, 7.825], "texture": "#38"},
				"down": {"uv": [1.75, 8.175, 2.45, 8.875], "texture": "#38"}
			}
		}
	],
	"display": {
		"thirdperson_righthand": {
			"rotation": [55, 166, 11],
			"translation": [-1.391, 5.5652, 4.1739],
			"scale": [0.7565, 0.9304, 0.6521]
		},
		"thirdperson_lefthand": {
			"rotation": [55, -33, 11],
			"translation": [-1.391, 5.5652, 4.1739],
			"scale": [0.7565, 0.9304, 0.6521]
		},
		"firstperson_righthand": {
			"rotation": [-3, 180, 0],
			"translation": [0, 7.6521, 0],
			"scale": [0.7913, 0.9304, 0.7217]
		},
		"firstperson_lefthand": {
			"rotation": [-3, 16, 0],
			"translation": [0, 7.6521, 0],
			"scale": [0.7913, 0.9304, 0.7217]
		},
		"ground": {
			"translation": [0, 7.6521, 0],
			"scale": [0.7217, 0.9651, 0.7565]
		},
		"gui": {
			"rotation": [0, -90, 0],
			"translation": [-0.695, 4.8695, 0],
			"scale": [1, 1.2782, 1]
		},
		"head": {
			"rotation": [0, 90, 0],
			"translation": [0.6956, 18.779, -0.695],
			"scale": [1.4173, 1.5214, 1.4173]
		},
		"fixed": {
			"rotation": [0, 90, 0],
			"translation": [0, 3.4782, 0]
		}
	},
	"groups": [
		{
			"name": "crown",
			"children": [0, 1, 2, 3, 4, 5, 6, 7, 8, 9, 10, 11, 12, 13, 14, 15, 16, 17, 18, 19, 20, 21, 22, 23, 24, 25, 26, 27, 28, 29, 30, 31, 32, 33, 34, 35, 36, 37, 38, 39, 40, 41, 42, 43, 44, 45, 46, 47, 48, 49, 50, 51, 52, 53, 54, 55, 56, 57, 58, 59, 60, 61, 62, 63, 64, 65, 66, 67, 68, 69, 70, 71, 72, 73, 74, 75, 76, 77, 78, 79, 80, 81, 82, 83, 84, 85, 86, 87, 88, 89, 90, 91, 92, 93, 94, 95, 96, 97, 98, 99, 100, 101]
		}
	]
}