{
	"credit": "Made with Blockbench",
	"textures": {
		"0": "block/red_terracotta",
		"1": "block/iron_block",
		"2": "block/blue_wool",
		"3": "block/terracota",
		"particle": "block/red_terracotta"
	},
	"elements": [
		{
			"name": "hexadecagon",
			"from": [6.01088, -2, 7.9],
			"to": [9.98912, 1, 9.1],
			"rotation": {"angle": -45, "axis": "z", "origin": [8, 8, 8]},
			"faces": {
				"north": {"uv": [0, 0, 3.97825, 3], "texture": "#0"},
				"east": {"uv": [0, 0, 3.97825, 3], "texture": "#0"},
				"south": {"uv": [0, 0, 3.97825, 3], "texture": "#0"},
				"west": {"uv": [0, 0, 3.97825, 3], "texture": "#0"},
				"up": {"uv": [0, 0, 3.97825, 3], "texture": "#0"},
				"down": {"uv": [0, 0, 3.97825, 3], "texture": "#0"}
			}
		},
		{
			"name": "hexadecagon",
			"from": [6.01088, -2, 7.9],
			"to": [9.98912, 1, 9.1],
			"rotation": {"angle": -22.5, "axis": "z", "origin": [8, 8, 8]},
			"faces": {
				"north": {"uv": [0, 0, 3.97825, 3], "texture": "#0"},
				"east": {"uv": [0, 0, 3.97825, 3], "texture": "#0"},
				"south": {"uv": [0, 0, 3.97825, 3], "texture": "#0"},
				"west": {"uv": [0, 0, 3.97825, 3], "texture": "#0"},
				"up": {"uv": [0, 0, 3.97825, 3], "texture": "#0"},
				"down": {"uv": [0, 0, 3.97825, 3], "texture": "#0"}
			}
		},
		{
			"name": "hexadecagon",
			"from": [6.01088, -2, 7.9],
			"to": [9.98912, 1, 9.1],
			"faces": {
				"north": {"uv": [0, 0, 3.97825, 3], "texture": "#0"},
				"east": {"uv": [0, 0, 3.97825, 3], "texture": "#0"},
				"south": {"uv": [0, 0, 3.97825, 3], "texture": "#0"},
				"west": {"uv": [0, 0, 3.97825, 3], "texture": "#0"},
				"up": {"uv": [0, 0, 3.97825, 3], "texture": "#0"},
				"down": {"uv": [0, 0, 3.97825, 3], "texture": "#0"}
			}
		},
		{
			"name": "hexadecagon",
			"from": [6.01088, -2, 7.9],
			"to": [9.98912, 1, 9.1],
			"rotation": {"angle": 22.5, "axis": "z", "origin": [8, 8, 8]},
			"faces": {
				"north": {"uv": [0, 0, 3.97825, 3], "texture": "#0"},
				"east": {"uv": [0, 0, 3.97825, 3], "texture": "#0"},
				"south": {"uv": [0, 0, 3.97825, 3], "texture": "#0"},
				"west": {"uv": [0, 0, 3.97825, 3], "texture": "#0"},
				"up": {"uv": [0, 0, 3.97825, 3], "texture": "#0"},
				"down": {"uv": [0, 0, 3.97825, 3], "texture": "#0"}
			}
		},
		{
			"name": "hexadecagon",
			"from": [6.01088, -2, 7.9],
			"to": [9.98912, 1, 9.1],
			"rotation": {"angle": 45, "axis": "z", "origin": [8, 8, 8]},
			"faces": {
				"north": {"uv": [0, 0, 3.97825, 3], "texture": "#0"},
				"east": {"uv": [0, 0, 3.97825, 3], "texture": "#0"},
				"south": {"uv": [0, 0, 3.97825, 3], "texture": "#0"},
				"west": {"uv": [0, 0, 3.97825, 3], "texture": "#0"},
				"up": {"uv": [0, 0, 3.97825, 3], "texture": "#0"},
				"down": {"uv": [0, 0, 3.97825, 3], "texture": "#0"}
			}
		},
		{
			"name": "hexadecagon",
			"from": [6.01088, 15, 7.9],
			"to": [9.98912, 18, 9.1],
			"rotation": {"angle": -45, "axis": "z", "origin": [8, 8, 8]},
			"faces": {
				"north": {"uv": [0, 0, 3.97825, 3], "texture": "#0"},
				"east": {"uv": [0, 0, 3.97825, 3], "texture": "#0"},
				"south": {"uv": [0, 0, 3.97825, 3], "texture": "#0"},
				"west": {"uv": [0, 0, 3.97825, 3], "texture": "#0"},
				"up": {"uv": [0, 0, 3.97825, 3], "texture": "#0"},
				"down": {"uv": [0, 0, 3.97825, 3], "texture": "#0"}
			}
		},
		{
			"name": "hexadecagon",
			"from": [6.01088, 15, 7.9],
			"to": [9.98912, 18, 9.1],
			"rotation": {"angle": -22.5, "axis": "z", "origin": [8, 8, 8]},
			"faces": {
				"north": {"uv": [0, 0, 3.97825, 3], "texture": "#0"},
				"east": {"uv": [0, 0, 3.97825, 3], "texture": "#0"},
				"south": {"uv": [0, 0, 3.97825, 3], "texture": "#0"},
				"west": {"uv": [0, 0, 3.97825, 3], "texture": "#0"},
				"up": {"uv": [0, 0, 3.97825, 3], "texture": "#0"},
				"down": {"uv": [0, 0, 3.97825, 3], "texture": "#0"}
			}
		},
		{
			"name": "hexadecagon",
			"from": [6.01088, 15, 7.9],
			"to": [9.98912, 18, 9.1],
			"faces": {
				"north": {"uv": [0, 0, 3.97825, 3], "texture": "#0"},
				"east": {"uv": [0, 0, 3.97825, 3], "texture": "#0"},
				"south": {"uv": [0, 0, 3.97825, 3], "texture": "#0"},
				"west": {"uv": [0, 0, 3.97825, 3], "texture": "#0"},
				"up": {"uv": [0, 0, 3.97825, 3], "texture": "#0"},
				"down": {"uv": [0, 0, 3.97825, 3], "texture": "#0"}
			}
		},
		{
			"name": "hexadecagon",
			"from": [6.01088, 15, 7.9],
			"to": [9.98912, 18, 9.1],
			"rotation": {"angle": 22.5, "axis": "z", "origin": [8, 8, 8]},
			"faces": {
				"north": {"uv": [0, 0, 3.97825, 3], "texture": "#0"},
				"east": {"uv": [0, 0, 3.97825, 3], "texture": "#0"},
				"south": {"uv": [0, 0, 3.97825, 3], "texture": "#0"},
				"west": {"uv": [0, 0, 3.97825, 3], "texture": "#0"},
				"up": {"uv": [0, 0, 3.97825, 3], "texture": "#0"},
				"down": {"uv": [0, 0, 3.97825, 3], "texture": "#0"}
			}
		},
		{
			"name": "hexadecagon",
			"from": [6.01088, 15, 7.9],
			"to": [9.98912, 18, 9.1],
			"rotation": {"angle": 45, "axis": "z", "origin": [8, 8, 8]},
			"faces": {
				"north": {"uv": [0, 0, 3.97825, 3], "texture": "#0"},
				"east": {"uv": [0, 0, 3.97825, 3], "texture": "#0"},
				"south": {"uv": [0, 0, 3.97825, 3], "texture": "#0"},
				"west": {"uv": [0, 0, 3.97825, 3], "texture": "#0"},
				"up": {"uv": [0, 0, 3.97825, 3], "texture": "#0"},
				"down": {"uv": [0, 0, 3.97825, 3], "texture": "#0"}
			}
		},
		{
			"name": "hexadecagon",
			"from": [-2, 6.01088, 7.9],
			"to": [1, 9.98912, 9.1],
			"rotation": {"angle": -22.5, "axis": "z", "origin": [8, 8, 8]},
			"faces": {
				"north": {"uv": [0, 0, 3, 3.97825], "texture": "#0"},
				"east": {"uv": [0, 0, 3, 3.97825], "texture": "#0"},
				"south": {"uv": [0, 0, 3, 3.97825], "texture": "#0"},
				"west": {"uv": [0, 0, 3, 3.97825], "texture": "#0"},
				"up": {"uv": [0, 0, 3, 3.97825], "texture": "#0"},
				"down": {"uv": [0, 0, 3, 3.97825], "texture": "#0"}
			}
		},
		{
			"name": "hexadecagon",
			"from": [-2, 6.01088, 7.9],
			"to": [1, 9.98912, 9.1],
			"faces": {
				"north": {"uv": [0, 0, 3, 3.97825], "texture": "#0"},
				"east": {"uv": [0, 0, 3, 3.97825], "texture": "#0"},
				"south": {"uv": [0, 0, 3, 3.97825], "texture": "#0"},
				"west": {"uv": [0, 0, 3, 3.97825], "texture": "#0"},
				"up": {"uv": [0, 0, 3, 3.97825], "texture": "#0"},
				"down": {"uv": [0, 0, 3, 3.97825], "texture": "#0"}
			}
		},
		{
			"name": "hexadecagon",
			"from": [-2, 6.01088, 7.9],
			"to": [1, 9.98912, 9.1],
			"rotation": {"angle": 22.5, "axis": "z", "origin": [8, 8, 8]},
			"faces": {
				"north": {"uv": [0, 0, 3, 3.97825], "texture": "#0"},
				"east": {"uv": [0, 0, 3, 3.97825], "texture": "#0"},
				"south": {"uv": [0, 0, 3, 3.97825], "texture": "#0"},
				"west": {"uv": [0, 0, 3, 3.97825], "texture": "#0"},
				"up": {"uv": [0, 0, 3, 3.97825], "texture": "#0"},
				"down": {"uv": [0, 0, 3, 3.97825], "texture": "#0"}
			}
		},
		{
			"name": "hexadecagon",
			"from": [15, 6.01088, 7.9],
			"to": [18, 9.98912, 9.1],
			"rotation": {"angle": -22.5, "axis": "z", "origin": [8, 8, 8]},
			"faces": {
				"north": {"uv": [0, 0, 3, 3.97825], "texture": "#0"},
				"east": {"uv": [0, 0, 3, 3.97825], "texture": "#0"},
				"south": {"uv": [0, 0, 3, 3.97825], "texture": "#0"},
				"west": {"uv": [0, 0, 3, 3.97825], "texture": "#0"},
				"up": {"uv": [0, 0, 3, 3.97825], "texture": "#0"},
				"down": {"uv": [0, 0, 3, 3.97825], "texture": "#0"}
			}
		},
		{
			"name": "hexadecagon",
			"from": [15, 6.01088, 7.9],
			"to": [18, 9.98912, 9.1],
			"faces": {
				"north": {"uv": [0, 0, 3, 3.97825], "texture": "#0"},
				"east": {"uv": [0, 0, 3, 3.97825], "texture": "#0"},
				"south": {"uv": [0, 0, 3, 3.97825], "texture": "#0"},
				"west": {"uv": [0, 0, 3, 3.97825], "texture": "#0"},
				"up": {"uv": [0, 0, 3, 3.97825], "texture": "#0"},
				"down": {"uv": [0, 0, 3, 3.97825], "texture": "#0"}
			}
		},
		{
			"name": "hexadecagon",
			"from": [15, 6.01088, 7.9],
			"to": [18, 9.98912, 9.1],
			"rotation": {"angle": 22.5, "axis": "z", "origin": [8, 8, 8]},
			"faces": {
				"north": {"uv": [0, 0, 3, 3.97825], "texture": "#0"},
				"east": {"uv": [0, 0, 3, 3.97825], "texture": "#0"},
				"south": {"uv": [0, 0, 3, 3.97825], "texture": "#0"},
				"west": {"uv": [0, 0, 3, 3.97825], "texture": "#0"},
				"up": {"uv": [0, 0, 3, 3.97825], "texture": "#0"},
				"down": {"uv": [0, 0, 3, 3.97825], "texture": "#0"}
			}
		},
		{
			"name": "hexadecagon",
			"from": [6.4087, 0, 7.5],
			"to": [9.5913, 3, 8.9],
			"rotation": {"angle": -45, "axis": "z", "origin": [8, 8, 8]},
			"faces": {
				"north": {"uv": [1.25, 1, 4.433, 4], "texture": "#1"},
				"east": {"uv": [1.25, 1, 4.433, 4], "texture": "#1"},
				"south": {"uv": [1.25, 1, 4.433, 4], "texture": "#1"},
				"west": {"uv": [1.25, 1, 4.433, 4], "texture": "#1"},
				"up": {"uv": [1.25, 1, 4.433, 4], "texture": "#1"},
				"down": {"uv": [1.25, 1, 4.433, 4], "texture": "#1"}
			}
		},
		{
			"name": "hexadecagon",
			"from": [6.4087, 0, 7.5],
			"to": [9.5913, 3, 8.9],
			"rotation": {"angle": -22.5, "axis": "z", "origin": [8, 8, 8]},
			"faces": {
				"north": {"uv": [1.25, 1, 4.433, 4], "texture": "#1"},
				"east": {"uv": [1.25, 1, 4.433, 4], "texture": "#1"},
				"south": {"uv": [1.25, 1, 4.433, 4], "texture": "#1"},
				"west": {"uv": [1.25, 1, 4.433, 4], "texture": "#1"},
				"up": {"uv": [1.25, 1, 4.433, 4], "texture": "#1"},
				"down": {"uv": [1.25, 1, 4.433, 4], "texture": "#1"}
			}
		},
		{
			"name": "hexadecagon",
			"from": [6.4087, 0, 7.5],
			"to": [9.5913, 3, 8.9],
			"faces": {
				"north": {"uv": [1.25, 1, 4.433, 4], "texture": "#1"},
				"east": {"uv": [1.25, 1, 4.433, 4], "texture": "#1"},
				"south": {"uv": [1.25, 1, 4.433, 4], "texture": "#1"},
				"west": {"uv": [1.25, 1, 4.433, 4], "texture": "#1"},
				"up": {"uv": [1.25, 1, 4.433, 4], "texture": "#1"},
				"down": {"uv": [1.25, 1, 4.433, 4], "texture": "#1"}
			}
		},
		{
			"name": "hexadecagon",
			"from": [6.4087, 0, 7.5],
			"to": [9.5913, 3, 8.9],
			"rotation": {"angle": 22.5, "axis": "z", "origin": [8, 8, 8]},
			"faces": {
				"north": {"uv": [1.25, 1, 4.433, 4], "texture": "#1"},
				"east": {"uv": [1.25, 1, 4.433, 4], "texture": "#1"},
				"south": {"uv": [1.25, 1, 4.433, 4], "texture": "#1"},
				"west": {"uv": [1.25, 1, 4.433, 4], "texture": "#1"},
				"up": {"uv": [1.25, 1, 4.433, 4], "texture": "#1"},
				"down": {"uv": [1.25, 1, 4.433, 4], "texture": "#1"}
			}
		},
		{
			"name": "hexadecagon",
			"from": [6.4087, 0, 7.5],
			"to": [9.5913, 3, 8.9],
			"rotation": {"angle": 45, "axis": "z", "origin": [8, 8, 8]},
			"faces": {
				"north": {"uv": [1.25, 1, 4.433, 4], "texture": "#1"},
				"east": {"uv": [1.25, 1, 4.433, 4], "texture": "#1"},
				"south": {"uv": [1.25, 1, 4.433, 4], "texture": "#1"},
				"west": {"uv": [1.25, 1, 4.433, 4], "texture": "#1"},
				"up": {"uv": [1.25, 1, 4.433, 4], "texture": "#1"},
				"down": {"uv": [1.25, 1, 4.433, 4], "texture": "#1"}
			}
		},
		{
			"name": "hexadecagon",
			"from": [6.4087, 13, 7.5],
			"to": [9.5913, 16, 8.9],
			"rotation": {"angle": -45, "axis": "z", "origin": [8, 8, 8]},
			"faces": {
				"north": {"uv": [1.25, 1, 4.433, 4], "texture": "#1"},
				"east": {"uv": [1.25, 1, 4.433, 4], "texture": "#1"},
				"south": {"uv": [1.25, 1, 4.433, 4], "texture": "#1"},
				"west": {"uv": [1.25, 1, 4.433, 4], "texture": "#1"},
				"up": {"uv": [1.25, 1, 4.433, 4], "texture": "#1"},
				"down": {"uv": [1.25, 1, 4.433, 4], "texture": "#1"}
			}
		},
		{
			"name": "hexadecagon",
			"from": [6.4087, 13, 7.5],
			"to": [9.5913, 16, 8.9],
			"rotation": {"angle": -22.5, "axis": "z", "origin": [8, 8, 8]},
			"faces": {
				"north": {"uv": [1.25, 1, 4.433, 4], "texture": "#1"},
				"east": {"uv": [1.25, 1, 4.433, 4], "texture": "#1"},
				"south": {"uv": [1.25, 1, 4.433, 4], "texture": "#1"},
				"west": {"uv": [1.25, 1, 4.433, 4], "texture": "#1"},
				"up": {"uv": [1.25, 1, 4.433, 4], "texture": "#1"},
				"down": {"uv": [1.25, 1, 4.433, 4], "texture": "#1"}
			}
		},
		{
			"name": "hexadecagon",
			"from": [6.4087, 13, 7.5],
			"to": [9.5913, 16, 8.9],
			"faces": {
				"north": {"uv": [1.25, 1, 4.433, 4], "texture": "#1"},
				"east": {"uv": [1.25, 1, 4.433, 4], "texture": "#1"},
				"south": {"uv": [1.25, 1, 4.433, 4], "texture": "#1"},
				"west": {"uv": [1.25, 1, 4.433, 4], "texture": "#1"},
				"up": {"uv": [1.25, 1, 4.433, 4], "texture": "#1"},
				"down": {"uv": [1.25, 1, 4.433, 4], "texture": "#1"}
			}
		},
		{
			"name": "hexadecagon",
			"from": [6.4087, 13, 7.5],
			"to": [9.5913, 16, 8.9],
			"rotation": {"angle": 22.5, "axis": "z", "origin": [8, 8, 8]},
			"faces": {
				"north": {"uv": [1.25, 1, 4.433, 4], "texture": "#1"},
				"east": {"uv": [1.25, 1, 4.433, 4], "texture": "#1"},
				"south": {"uv": [1.25, 1, 4.433, 4], "texture": "#1"},
				"west": {"uv": [1.25, 1, 4.433, 4], "texture": "#1"},
				"up": {"uv": [1.25, 1, 4.433, 4], "texture": "#1"},
				"down": {"uv": [1.25, 1, 4.433, 4], "texture": "#1"}
			}
		},
		{
			"name": "hexadecagon",
			"from": [6.4087, 13, 7.5],
			"to": [9.5913, 16, 8.9],
			"rotation": {"angle": 45, "axis": "z", "origin": [8, 8, 8]},
			"faces": {
				"north": {"uv": [1.25, 1, 4.433, 4], "texture": "#1"},
				"east": {"uv": [1.25, 1, 4.433, 4], "texture": "#1"},
				"south": {"uv": [1.25, 1, 4.433, 4], "texture": "#1"},
				"west": {"uv": [1.25, 1, 4.433, 4], "texture": "#1"},
				"up": {"uv": [1.25, 1, 4.433, 4], "texture": "#1"},
				"down": {"uv": [1.25, 1, 4.433, 4], "texture": "#1"}
			}
		},
		{
			"name": "hexadecagon",
			"from": [0, 6.4087, 7.5],
			"to": [3, 9.5913, 8.9],
			"rotation": {"angle": -22.5, "axis": "z", "origin": [8, 8, 8]},
			"faces": {
				"north": {"uv": [1.25, 1, 4.433, 4], "texture": "#1"},
				"east": {"uv": [1.25, 1, 4.433, 4], "texture": "#1"},
				"south": {"uv": [1.25, 1, 4.433, 4], "texture": "#1"},
				"west": {"uv": [1.25, 1, 4.433, 4], "texture": "#1"},
				"up": {"uv": [1.25, 1, 4.433, 4], "texture": "#1"},
				"down": {"uv": [1.25, 1, 4.433, 4], "texture": "#1"}
			}
		},
		{
			"name": "hexadecagon",
			"from": [0, 6.4087, 7.5],
			"to": [3, 9.5913, 8.9],
			"faces": {
				"north": {"uv": [1.25, 1, 4.433, 4], "texture": "#1"},
				"east": {"uv": [1.25, 1, 4.433, 4], "texture": "#1"},
				"south": {"uv": [1.25, 1, 4.433, 4], "texture": "#1"},
				"west": {"uv": [1.25, 1, 4.433, 4], "texture": "#1"},
				"up": {"uv": [1.25, 1, 4.433, 4], "texture": "#1"},
				"down": {"uv": [1.25, 1, 4.433, 4], "texture": "#1"}
			}
		},
		{
			"name": "hexadecagon",
			"from": [0, 6.4087, 7.5],
			"to": [3, 9.5913, 8.9],
			"rotation": {"angle": 22.5, "axis": "z", "origin": [8, 8, 8]},
			"faces": {
				"north": {"uv": [1.25, 1, 4.433, 4], "texture": "#1"},
				"east": {"uv": [1.25, 1, 4.433, 4], "texture": "#1"},
				"south": {"uv": [1.25, 1, 4.433, 4], "texture": "#1"},
				"west": {"uv": [1.25, 1, 4.433, 4], "texture": "#1"},
				"up": {"uv": [1.25, 1, 4.433, 4], "texture": "#1"},
				"down": {"uv": [1.25, 1, 4.433, 4], "texture": "#1"}
			}
		},
		{
			"name": "hexadecagon",
			"from": [13, 6.4087, 7.5],
			"to": [16, 9.5913, 8.9],
			"rotation": {"angle": -22.5, "axis": "z", "origin": [8, 8, 8]},
			"faces": {
				"north": {"uv": [1.25, 1, 4.433, 4], "texture": "#1"},
				"east": {"uv": [1.25, 1, 4.433, 4], "texture": "#1"},
				"south": {"uv": [1.25, 1, 4.433, 4], "texture": "#1"},
				"west": {"uv": [1.25, 1, 4.433, 4], "texture": "#1"},
				"up": {"uv": [1.25, 1, 4.433, 4], "texture": "#1"},
				"down": {"uv": [1.25, 1, 4.433, 4], "texture": "#1"}
			}
		},
		{
			"name": "hexadecagon",
			"from": [13, 6.4087, 7.5],
			"to": [16, 9.5913, 8.9],
			"faces": {
				"north": {"uv": [1.25, 1, 4.433, 4], "texture": "#1"},
				"east": {"uv": [1.25, 1, 4.433, 4], "texture": "#1"},
				"south": {"uv": [1.25, 1, 4.433, 4], "texture": "#1"},
				"west": {"uv": [1.25, 1, 4.433, 4], "texture": "#1"},
				"up": {"uv": [1.25, 1, 4.433, 4], "texture": "#1"},
				"down": {"uv": [1.25, 1, 4.433, 4], "texture": "#1"}
			}
		},
		{
			"name": "hexadecagon",
			"from": [13, 6.4087, 7.5],
			"to": [16, 9.5913, 8.9],
			"rotation": {"angle": 22.5, "axis": "z", "origin": [8, 8, 8]},
			"faces": {
				"north": {"uv": [1.25, 1, 4.433, 4], "texture": "#1"},
				"east": {"uv": [1.25, 1, 4.433, 4], "texture": "#1"},
				"south": {"uv": [1.25, 1, 4.433, 4], "texture": "#1"},
				"west": {"uv": [1.25, 1, 4.433, 4], "texture": "#1"},
				"up": {"uv": [1.25, 1, 4.433, 4], "texture": "#1"},
				"down": {"uv": [1.25, 1, 4.433, 4], "texture": "#1"}
			}
		},
		{
			"name": "hexadecagon",
			"from": [6.80653, 2, 7.1],
			"to": [9.19347, 4, 8.8],
			"rotation": {"angle": -45, "axis": "z", "origin": [8, 8, 7]},
			"faces": {
				"north": {"uv": [0, 0, 2.38695, 2], "texture": "#0"},
				"east": {"uv": [0, 0, 2.38695, 2], "texture": "#0"},
				"south": {"uv": [0, 0, 2.38695, 2], "texture": "#0"},
				"west": {"uv": [0, 0, 2.38695, 2], "texture": "#0"},
				"up": {"uv": [0, 0, 2.38695, 2], "texture": "#0"},
				"down": {"uv": [0, 0, 2.38695, 2], "texture": "#0"}
			}
		},
		{
			"name": "hexadecagon",
			"from": [6.80653, 2, 7.1],
			"to": [9.19347, 4, 8.8],
			"rotation": {"angle": -22.5, "axis": "z", "origin": [8, 8, 7]},
			"faces": {
				"north": {"uv": [0, 0, 2.38695, 2], "texture": "#0"},
				"east": {"uv": [0, 0, 2.38695, 2], "texture": "#0"},
				"south": {"uv": [0, 0, 2.38695, 2], "texture": "#0"},
				"west": {"uv": [0, 0, 2.38695, 2], "texture": "#0"},
				"up": {"uv": [0, 0, 2.38695, 2], "texture": "#0"},
				"down": {"uv": [0, 0, 2.38695, 2], "texture": "#0"}
			}
		},
		{
			"name": "hexadecagon",
			"from": [6.80653, 2, 7.1],
			"to": [9.19347, 4, 8.8],
			"faces": {
				"north": {"uv": [0, 0, 2.38695, 2], "texture": "#0"},
				"east": {"uv": [0, 0, 2.38695, 2], "texture": "#0"},
				"south": {"uv": [0, 0, 2.38695, 2], "texture": "#0"},
				"west": {"uv": [0, 0, 2.38695, 2], "texture": "#0"},
				"up": {"uv": [0, 0, 2.38695, 2], "texture": "#0"},
				"down": {"uv": [0, 0, 2.38695, 2], "texture": "#0"}
			}
		},
		{
			"name": "hexadecagon",
			"from": [6.80653, 2, 7.1],
			"to": [9.19347, 4, 8.8],
			"rotation": {"angle": 22.5, "axis": "z", "origin": [8, 8, 7]},
			"faces": {
				"north": {"uv": [0, 0, 2.38695, 2], "texture": "#0"},
				"east": {"uv": [0, 0, 2.38695, 2], "texture": "#0"},
				"south": {"uv": [0, 0, 2.38695, 2], "texture": "#0"},
				"west": {"uv": [0, 0, 2.38695, 2], "texture": "#0"},
				"up": {"uv": [0, 0, 2.38695, 2], "texture": "#0"},
				"down": {"uv": [0, 0, 2.38695, 2], "texture": "#0"}
			}
		},
		{
			"name": "hexadecagon",
			"from": [6.80653, 2, 7.1],
			"to": [9.19347, 4, 8.8],
			"rotation": {"angle": 45, "axis": "z", "origin": [8, 8, 7]},
			"faces": {
				"north": {"uv": [0, 0, 2.38695, 2], "texture": "#0"},
				"east": {"uv": [0, 0, 2.38695, 2], "texture": "#0"},
				"south": {"uv": [0, 0, 2.38695, 2], "texture": "#0"},
				"west": {"uv": [0, 0, 2.38695, 2], "texture": "#0"},
				"up": {"uv": [0, 0, 2.38695, 2], "texture": "#0"},
				"down": {"uv": [0, 0, 2.38695, 2], "texture": "#0"}
			}
		},
		{
			"name": "hexadecagon",
			"from": [6.80653, 12, 7.1],
			"to": [9.19347, 14, 8.8],
			"rotation": {"angle": -45, "axis": "z", "origin": [8, 8, 7]},
			"faces": {
				"north": {"uv": [0, 0, 2.38695, 2], "texture": "#0"},
				"east": {"uv": [0, 0, 2.38695, 2], "texture": "#0"},
				"south": {"uv": [0, 0, 2.38695, 2], "texture": "#0"},
				"west": {"uv": [0, 0, 2.38695, 2], "texture": "#0"},
				"up": {"uv": [0, 0, 2.38695, 2], "texture": "#0"},
				"down": {"uv": [0, 0, 2.38695, 2], "texture": "#0"}
			}
		},
		{
			"name": "hexadecagon",
			"from": [6.80653, 12, 7.1],
			"to": [9.19347, 14, 8.8],
			"rotation": {"angle": -22.5, "axis": "z", "origin": [8, 8, 7]},
			"faces": {
				"north": {"uv": [0, 0, 2.38695, 2], "texture": "#0"},
				"east": {"uv": [0, 0, 2.38695, 2], "texture": "#0"},
				"south": {"uv": [0, 0, 2.38695, 2], "texture": "#0"},
				"west": {"uv": [0, 0, 2.38695, 2], "texture": "#0"},
				"up": {"uv": [0, 0, 2.38695, 2], "texture": "#0"},
				"down": {"uv": [0, 0, 2.38695, 2], "texture": "#0"}
			}
		},
		{
			"name": "hexadecagon",
			"from": [6.80653, 12, 7.1],
			"to": [9.19347, 14, 8.8],
			"faces": {
				"north": {"uv": [0, 0, 2.38695, 2], "texture": "#0"},
				"east": {"uv": [0, 0, 2.38695, 2], "texture": "#0"},
				"south": {"uv": [0, 0, 2.38695, 2], "texture": "#0"},
				"west": {"uv": [0, 0, 2.38695, 2], "texture": "#0"},
				"up": {"uv": [0, 0, 2.38695, 2], "texture": "#0"},
				"down": {"uv": [0, 0, 2.38695, 2], "texture": "#0"}
			}
		},
		{
			"name": "hexadecagon",
			"from": [6.80653, 12, 7.1],
			"to": [9.19347, 14, 8.8],
			"rotation": {"angle": 22.5, "axis": "z", "origin": [8, 8, 7]},
			"faces": {
				"north": {"uv": [0, 0, 2.38695, 2], "texture": "#0"},
				"east": {"uv": [0, 0, 2.38695, 2], "texture": "#0"},
				"south": {"uv": [0, 0, 2.38695, 2], "texture": "#0"},
				"west": {"uv": [0, 0, 2.38695, 2], "texture": "#0"},
				"up": {"uv": [0, 0, 2.38695, 2], "texture": "#0"},
				"down": {"uv": [0, 0, 2.38695, 2], "texture": "#0"}
			}
		},
		{
			"name": "hexadecagon",
			"from": [6.80653, 12, 7.1],
			"to": [9.19347, 14, 8.8],
			"rotation": {"angle": 45, "axis": "z", "origin": [8, 8, 7]},
			"faces": {
				"north": {"uv": [0, 0, 2.38695, 2], "texture": "#0"},
				"east": {"uv": [0, 0, 2.38695, 2], "texture": "#0"},
				"south": {"uv": [0, 0, 2.38695, 2], "texture": "#0"},
				"west": {"uv": [0, 0, 2.38695, 2], "texture": "#0"},
				"up": {"uv": [0, 0, 2.38695, 2], "texture": "#0"},
				"down": {"uv": [0, 0, 2.38695, 2], "texture": "#0"}
			}
		},
		{
			"name": "hexadecagon",
			"from": [2, 6.80653, 7.1],
			"to": [4, 9.19347, 8.8],
			"rotation": {"angle": -22.5, "axis": "z", "origin": [8, 8, 7]},
			"faces": {
				"north": {"uv": [0, 0, 2, 2.38695], "texture": "#0"},
				"east": {"uv": [0, 0, 2, 2.38695], "texture": "#0"},
				"south": {"uv": [0, 0, 2, 2.38695], "texture": "#0"},
				"west": {"uv": [0, 0, 2, 2.38695], "texture": "#0"},
				"up": {"uv": [0, 0, 2, 2.38695], "texture": "#0"},
				"down": {"uv": [0, 0, 2, 2.38695], "texture": "#0"}
			}
		},
		{
			"name": "hexadecagon",
			"from": [2, 6.80653, 7.1],
			"to": [4, 9.19347, 8.8],
			"faces": {
				"north": {"uv": [0, 0, 2, 2.38695], "texture": "#0"},
				"east": {"uv": [0, 0, 2, 2.38695], "texture": "#0"},
				"south": {"uv": [0, 0, 2, 2.38695], "texture": "#0"},
				"west": {"uv": [0, 0, 2, 2.38695], "texture": "#0"},
				"up": {"uv": [0, 0, 2, 2.38695], "texture": "#0"},
				"down": {"uv": [0, 0, 2, 2.38695], "texture": "#0"}
			}
		},
		{
			"name": "hexadecagon",
			"from": [2, 6.80653, 7.1],
			"to": [4, 9.19347, 8.8],
			"rotation": {"angle": 22.5, "axis": "z", "origin": [8, 8, 7]},
			"faces": {
				"north": {"uv": [0, 0, 2, 2.38695], "texture": "#0"},
				"east": {"uv": [0, 0, 2, 2.38695], "texture": "#0"},
				"south": {"uv": [0, 0, 2, 2.38695], "texture": "#0"},
				"west": {"uv": [0, 0, 2, 2.38695], "texture": "#0"},
				"up": {"uv": [0, 0, 2, 2.38695], "texture": "#0"},
				"down": {"uv": [0, 0, 2, 2.38695], "texture": "#0"}
			}
		},
		{
			"name": "hexadecagon",
			"from": [12, 6.80653, 7.1],
			"to": [14, 9.19347, 8.8],
			"rotation": {"angle": -22.5, "axis": "z", "origin": [8, 8, 7]},
			"faces": {
				"north": {"uv": [0, 0, 2, 2.38695], "texture": "#0"},
				"east": {"uv": [0, 0, 2, 2.38695], "texture": "#0"},
				"south": {"uv": [0, 0, 2, 2.38695], "texture": "#0"},
				"west": {"uv": [0, 0, 2, 2.38695], "texture": "#0"},
				"up": {"uv": [0, 0, 2, 2.38695], "texture": "#0"},
				"down": {"uv": [0, 0, 2, 2.38695], "texture": "#0"}
			}
		},
		{
			"name": "hexadecagon",
			"from": [12, 6.80653, 7.1],
			"to": [14, 9.19347, 8.8],
			"faces": {
				"north": {"uv": [0, 0, 2, 2.38695], "texture": "#0"},
				"east": {"uv": [0, 0, 2, 2.38695], "texture": "#0"},
				"south": {"uv": [0, 0, 2, 2.38695], "texture": "#0"},
				"west": {"uv": [0, 0, 2, 2.38695], "texture": "#0"},
				"up": {"uv": [0, 0, 2, 2.38695], "texture": "#0"},
				"down": {"uv": [0, 0, 2, 2.38695], "texture": "#0"}
			}
		},
		{
			"name": "hexadecagon",
			"from": [12, 6.80653, 7.1],
			"to": [14, 9.19347, 8.8],
			"rotation": {"angle": 22.5, "axis": "z", "origin": [8, 8, 7]},
			"faces": {
				"north": {"uv": [0, 0, 2, 2.38695], "texture": "#0"},
				"east": {"uv": [0, 0, 2, 2.38695], "texture": "#0"},
				"south": {"uv": [0, 0, 2, 2.38695], "texture": "#0"},
				"west": {"uv": [0, 0, 2, 2.38695], "texture": "#0"},
				"up": {"uv": [0, 0, 2, 2.38695], "texture": "#0"},
				"down": {"uv": [0, 0, 2, 2.38695], "texture": "#0"}
			}
		},
		{
			"name": "hexadecagon",
			"from": [7.20435, 4, 6.8],
			"to": [8.79565, 12, 8.7],
			"rotation": {"angle": -45, "axis": "z", "origin": [8, 8, 8]},
			"faces": {
				"north": {"uv": [0, 0, 1, 1], "texture": "#2"},
				"east": {"uv": [0, 0, 1, 1], "texture": "#2"},
				"south": {"uv": [0, 0, 1, 1], "texture": "#2"},
				"west": {"uv": [0, 0, 1, 1], "texture": "#2"},
				"up": {"uv": [0, 0, 1, 1], "texture": "#2"},
				"down": {"uv": [0, 0, 1, 1], "texture": "#2"}
			}
		},
		{
			"name": "hexadecagon",
			"from": [7.20435, 4, 6.8],
			"to": [8.79565, 12, 8.7],
			"rotation": {"angle": -22.5, "axis": "z", "origin": [8, 8, 8]},
			"faces": {
				"north": {"uv": [0, 0, 1, 1], "texture": "#2"},
				"east": {"uv": [0, 0, 1, 1], "texture": "#2"},
				"south": {"uv": [0, 0, 1, 1], "texture": "#2"},
				"west": {"uv": [0, 0, 1, 1], "texture": "#2"},
				"up": {"uv": [0, 0, 1, 1], "texture": "#2"},
				"down": {"uv": [0, 0, 1, 1], "texture": "#2"}
			}
		},
		{
			"name": "hexadecagon",
			"from": [7.20435, 4, 6.8],
			"to": [8.79565, 12, 8.7],
			"faces": {
				"north": {"uv": [0, 0, 1, 1], "texture": "#2"},
				"east": {"uv": [0, 0, 1, 1], "texture": "#2"},
				"south": {"uv": [0, 0, 1, 1], "texture": "#2"},
				"west": {"uv": [0, 0, 1, 1], "texture": "#2"},
				"up": {"uv": [0, 0, 1, 1], "texture": "#2"},
				"down": {"uv": [0, 0, 1, 1], "texture": "#2"}
			}
		},
		{
			"name": "hexadecagon",
			"from": [7.20435, 4, 6.8],
			"to": [8.79565, 12, 8.7],
			"rotation": {"angle": 22.5, "axis": "z", "origin": [8, 8, 8]},
			"faces": {
				"north": {"uv": [0, 0, 1, 1], "texture": "#2"},
				"east": {"uv": [0, 0, 1, 1], "texture": "#2"},
				"south": {"uv": [0, 0, 1, 1], "texture": "#2"},
				"west": {"uv": [0, 0, 1, 1], "texture": "#2"},
				"up": {"uv": [0, 0, 1, 1], "texture": "#2"},
				"down": {"uv": [0, 0, 1, 1], "texture": "#2"}
			}
		},
		{
			"name": "hexadecagon",
			"from": [7.20435, 4, 6.8],
			"to": [8.79565, 12, 8.7],
			"rotation": {"angle": 45, "axis": "z", "origin": [8, 8, 8]},
			"faces": {
				"north": {"uv": [0, 0, 1, 1], "texture": "#2"},
				"east": {"uv": [0, 0, 1, 1], "texture": "#2"},
				"south": {"uv": [0, 0, 1, 1], "texture": "#2"},
				"west": {"uv": [0, 0, 1, 1], "texture": "#2"},
				"up": {"uv": [0, 0, 1, 1], "texture": "#2"},
				"down": {"uv": [0, 0, 1, 1], "texture": "#2"}
			}
		},
		{
			"name": "hexadecagon",
			"from": [4, 7.20435, 6.8],
			"to": [12, 8.79565, 8.7],
			"rotation": {"angle": -22.5, "axis": "z", "origin": [8, 8, 8]},
			"faces": {
				"north": {"uv": [0, 0, 1, 1], "texture": "#2"},
				"east": {"uv": [0, 0, 1, 1], "texture": "#2"},
				"south": {"uv": [0, 0, 1, 1], "texture": "#2"},
				"west": {"uv": [0, 0, 1, 1], "texture": "#2"},
				"up": {"uv": [0, 0, 1, 1], "texture": "#2"},
				"down": {"uv": [0, 0, 1, 1], "texture": "#2"}
			}
		},
		{
			"name": "hexadecagon",
			"from": [4, 7.20435, 6.8],
			"to": [12, 8.79565, 8.7],
			"faces": {
				"north": {"uv": [0, 0, 1, 1], "texture": "#2"},
				"east": {"uv": [0, 0, 1, 1], "texture": "#2"},
				"south": {"uv": [0, 0, 1, 1], "texture": "#2"},
				"west": {"uv": [0, 0, 1, 1], "texture": "#2"},
				"up": {"uv": [0, 0, 1, 1], "texture": "#2"},
				"down": {"uv": [0, 0, 1, 1], "texture": "#2"}
			}
		},
		{
			"name": "hexadecagon",
			"from": [4, 7.20435, 6.8],
			"to": [12, 8.79565, 8.7],
			"rotation": {"angle": 22.5, "axis": "z", "origin": [8, 8, 8]},
			"faces": {
				"north": {"uv": [0, 0, 1, 1], "texture": "#2"},
				"east": {"uv": [0, 0, 1, 1], "texture": "#2"},
				"south": {"uv": [0, 0, 1, 1], "texture": "#2"},
				"west": {"uv": [0, 0, 1, 1], "texture": "#2"},
				"up": {"uv": [0, 0, 1, 1], "texture": "#2"},
				"down": {"uv": [0, 0, 1, 1], "texture": "#2"}
			}
		},
		{
			"from": [6, 5.5, 6.65],
			"to": [10, 9.5, 8.75],
			"rotation": {"angle": 45, "axis": "z", "origin": [7.25, 7.5, 7.25]},
			"faces": {
				"north": {"uv": [1.25, 1, 4.433, 4], "texture": "#1"},
				"east": {"uv": [1.25, 1, 4.433, 4], "texture": "#1"},
				"south": {"uv": [1.25, 1, 4.433, 4], "texture": "#1"},
				"west": {"uv": [1.25, 1, 4.433, 4], "texture": "#1"},
				"up": {"uv": [1.25, 1, 4.433, 4], "texture": "#1"},
				"down": {"uv": [1.25, 1, 4.433, 4], "texture": "#1"}
			}
		},
		{
			"from": [5.75, 6, 6.65],
			"to": [9.75, 10, 8.75],
			"faces": {
				"north": {"uv": [1.25, 1, 4.433, 4], "texture": "#1"},
				"east": {"uv": [1.25, 1, 4.433, 4], "texture": "#1"},
				"south": {"uv": [1.25, 1, 4.433, 4], "texture": "#1"},
				"west": {"uv": [1.25, 1, 4.433, 4], "texture": "#1"},
				"up": {"uv": [1.25, 1, 4.433, 4], "texture": "#1"},
				"down": {"uv": [1.25, 1, 4.433, 4], "texture": "#1"}
			}
		},
		{
			"from": [5, 9.7, 8],
			"to": [6, 10.2, 14],
			"faces": {
				"north": {"uv": [0, 0, 6, 1], "rotation": 270, "texture": "#3"},
				"east": {"uv": [0, 0, 6, 1], "rotation": 270, "texture": "#3"},
				"south": {"uv": [0, 0, 6, 1], "rotation": 270, "texture": "#3"},
				"west": {"uv": [0, 0, 6, 1], "rotation": 270, "texture": "#3"},
				"up": {"uv": [0, 0, 6, 1], "rotation": 270, "texture": "#3"},
				"down": {"uv": [0, 0, 6, 1], "rotation": 270, "texture": "#3"}
			}
		},
		{
			"from": [5.00105, 4.6977, 13.50122],
			"to": [6.00105, 10.1977, 14.00122],
			"faces": {
				"north": {"uv": [0, 0, 0.5, 1], "rotation": 270, "texture": "#3"},
				"east": {"uv": [0, 0, 0.5, 1], "rotation": 270, "texture": "#3"},
				"south": {"uv": [0, 0, 0.5, 1], "rotation": 270, "texture": "#3"},
				"west": {"uv": [0, 0, 0.5, 1], "rotation": 270, "texture": "#3"},
				"up": {"uv": [0, 0, 0.5, 1], "rotation": 270, "texture": "#3"},
				"down": {"uv": [0, 0, 0.5, 1], "rotation": 270, "texture": "#3"}
			}
		},
		{
			"from": [5, 4.7, 8],
			"to": [6, 5.2, 14],
			"faces": {
				"north": {"uv": [0, 0, 6, 1], "rotation": 270, "texture": "#3"},
				"east": {"uv": [0, 0, 6, 1], "rotation": 270, "texture": "#3"},
				"south": {"uv": [0, 0, 6, 1], "rotation": 270, "texture": "#3"},
				"west": {"uv": [0, 0, 6, 1], "rotation": 270, "texture": "#3"},
				"up": {"uv": [0, 0, 6, 1], "rotation": 270, "texture": "#3"},
				"down": {"uv": [0, 0, 6, 1], "rotation": 270, "texture": "#3"}
			}
		},
		{
			"from": [10, 9.7, 8],
			"to": [11, 10.2, 14],
			"faces": {
				"north": {"uv": [0, 0, 6, 1], "rotation": 270, "texture": "#3"},
				"east": {"uv": [0, 0, 6, 1], "rotation": 270, "texture": "#3"},
				"south": {"uv": [0, 0, 6, 1], "rotation": 270, "texture": "#3"},
				"west": {"uv": [0, 0, 6, 1], "rotation": 270, "texture": "#3"},
				"up": {"uv": [0, 0, 6, 1], "rotation": 270, "texture": "#3"},
				"down": {"uv": [0, 0, 6, 1], "rotation": 270, "texture": "#3"}
			}
		},
		{
			"from": [10.00105, 4.6977, 13.50122],
			"to": [11.00105, 10.1977, 14.00122],
			"faces": {
				"north": {"uv": [0, 0, 0.5, 1], "rotation": 270, "texture": "#3"},
				"east": {"uv": [0, 0, 0.5, 1], "rotation": 270, "texture": "#3"},
				"south": {"uv": [0, 0, 0.5, 1], "rotation": 270, "texture": "#3"},
				"west": {"uv": [0, 0, 0.5, 1], "rotation": 270, "texture": "#3"},
				"up": {"uv": [0, 0, 0.5, 1], "rotation": 270, "texture": "#3"},
				"down": {"uv": [0, 0, 0.5, 1], "rotation": 270, "texture": "#3"}
			}
		},
		{
			"from": [10, 4.7, 8],
			"to": [11, 5.2, 14],
			"faces": {
				"north": {"uv": [0, 0, 6, 1], "rotation": 270, "texture": "#3"},
				"east": {"uv": [0, 0, 6, 1], "rotation": 270, "texture": "#3"},
				"south": {"uv": [0, 0, 6, 1], "rotation": 270, "texture": "#3"},
				"west": {"uv": [0, 0, 6, 1], "rotation": 270, "texture": "#3"},
				"up": {"uv": [0, 0, 6, 1], "rotation": 270, "texture": "#3"},
				"down": {"uv": [0, 0, 6, 1], "rotation": 270, "texture": "#3"}
			}
		}
	],
	"display": {
		"thirdperson_righthand": {
			"rotation": [0, -90, 0],
			"translation": [3, -1.5, 3.5],
			"scale": [0.87, 0.87, 0.87]
		},
		"thirdperson_lefthand": {
			"rotation": [0, -90, 0],
			"translation": [3, -1.5, 3.5],
			"scale": [0.87, 0.87, 0.87]
		},
		"firstperson_righthand": {
			"rotation": [61, 38, 0],
			"translation": [0, 2.25, 0]
		},
		"firstperson_lefthand": {
			"rotation": [61, 38, 0],
			"translation": [0, 2.25, 0]
		},
		"gui": {
			"rotation": [159, 32, 10],
			"scale": [0.75, 0.75, 0.75]
		},
		"head": {
			"rotation": [0, 180, 0],
			"translation": [0, -17, 5],
			"scale": [1.08, 1.08, 1.08]
		},
		"fixed": {
			"scale": [0.75, 0.75, 0.75]
		}
	},
	"groups": [
		{
			"name": "hexadecagon",
			"children": [0, 1, 2, 3, 4, 5, 6, 7, 8, 9, 10, 11, 12, 13, 14, 15]
		},
		{
			"name": "hexadecagon",
			"children": [16, 17, 18, 19, 20, 21, 22, 23, 24, 25, 26, 27, 28, 29, 30, 31]
		},
		{
			"name": "hexadecagon",
			"children": [32, 33, 34, 35, 36, 37, 38, 39, 40, 41, 42, 43, 44, 45, 46, 47]
		},
		{
			"name": "hexadecagon",
			"children": [48, 49, 50, 51, 52, 53, 54, 55]
		}, 56, 57, 58, 59, 60, 61, 62, 63]
}
