{
	"credit": "Made with Blockbench",
	"texture_size": [64, 64],
	"textures": {
		"0": "ohben/BigWheel",
		"particle": "ohben/BigWheel"
	},
	"elements": [
		{
			"from": [7, 0, -16],
			"to": [9, 2, 12.25],
			"rotation": {"angle": 0, "axis": "y", "origin": [8, 0.5, 3.5]},
			"faces": {
				"north": {"uv": [8, 7.5, 8.5, 8], "texture": "#0"},
				"east": {"uv": [1, 3, 8, 3.5], "texture": "#0"},
				"south": {"uv": [4.5, 8.5, 5, 9], "texture": "#0"},
				"west": {"uv": [1, 3.5, 8, 4], "texture": "#0"},
				"up": {"uv": [1.5, 11, 1, 4], "texture": "#0"},
				"down": {"uv": [2, 4, 1.5, 11], "texture": "#0"}
			}
		},
		{
			"from": [10.20131, 0, -12.67397],
			"to": [12.20131, 2, 31.32603],
			"rotation": {"angle": -45, "axis": "y", "origin": [11.20131, 0.5, 4.82603]},
			"faces": {
				"north": {"uv": [8, 3, 8.5, 3.5], "texture": "#0"},
				"east": {"uv": [0, 0, 11, 0.5], "texture": "#0"},
				"south": {"uv": [8, 3.5, 8.5, 4], "texture": "#0"},
				"west": {"uv": [0, 0.5, 11, 1], "texture": "#0"},
				"up": {"uv": [0.5, 12, 0, 1], "texture": "#0"},
				"down": {"uv": [1, 1, 0.5, 12], "texture": "#0"}
			}
		},
		{
			"from": [2.68272, 0, 5.2948],
			"to": [12.68272, 2, 7.2948],
			"rotation": {"angle": 22.5, "axis": "y", "origin": [12.18272, 0.5, 6.2948]},
			"faces": {
				"north": {"uv": [3, 5, 5.5, 5.5], "texture": "#0"},
				"east": {"uv": [5, 8.5, 5.5, 9], "texture": "#0"},
				"south": {"uv": [3, 5.5, 5.5, 6], "texture": "#0"},
				"west": {"uv": [5.5, 8.5, 6, 9], "texture": "#0"},
				"up": {"uv": [8, 6, 5.5, 5.5], "texture": "#0"},
				"down": {"uv": [8, 5, 5.5, 5.5], "texture": "#0"}
			}
		},
		{
			"from": [3.02734, 0, 7.02734],
			"to": [13.02734, 2, 9.02734],
			"rotation": {"angle": 0, "axis": "y", "origin": [12.52734, 0.5, 8.02734]},
			"faces": {
				"north": {"uv": [3, 6, 5.5, 6.5], "texture": "#0"},
				"east": {"uv": [6, 8.5, 6.5, 9], "texture": "#0"},
				"south": {"uv": [5.5, 6, 8, 6.5], "texture": "#0"},
				"west": {"uv": [6.5, 8.5, 7, 9], "texture": "#0"},
				"up": {"uv": [5.5, 7, 3, 6.5], "texture": "#0"},
				"down": {"uv": [8, 6.5, 5.5, 7], "texture": "#0"}
			}
		},
		{
			"from": [2.68272, 0, 8.75988],
			"to": [12.68272, 2, 10.75988],
			"rotation": {"angle": -22.5, "axis": "y", "origin": [12.18272, 0.5, 9.75988]},
			"faces": {
				"north": {"uv": [6.75, 4, 9.25, 4.5], "texture": "#0"},
				"east": {"uv": [7, 8.5, 7.5, 9], "texture": "#0"},
				"south": {"uv": [6.75, 4.5, 9.25, 5], "texture": "#0"},
				"west": {"uv": [7.5, 8.5, 8, 9], "texture": "#0"},
				"up": {"uv": [5.5, 7.5, 3, 7], "texture": "#0"},
				"down": {"uv": [8, 7, 5.5, 7.5], "texture": "#0"}
			}
		},
		{
			"from": [-15.29869, 0, 10.22865],
			"to": [28.70131, 2, 12.22865],
			"rotation": {"angle": -45, "axis": "y", "origin": [11.20131, 0.5, 11.22865]},
			"faces": {
				"north": {"uv": [1, 1, 12, 1.5], "texture": "#0"},
				"east": {"uv": [8, 8.5, 8.5, 9], "texture": "#0"},
				"south": {"uv": [1, 1.5, 12, 2], "texture": "#0"},
				"west": {"uv": [8.5, 8.5, 9, 9], "texture": "#0"},
				"up": {"uv": [12, 2.5, 1, 2], "texture": "#0"},
				"down": {"uv": [12, 2.5, 1, 3], "texture": "#0"}
			}
		},
		{
			"from": [8.73254, 0, 2.71006],
			"to": [10.73254, 2, 12.71006],
			"rotation": {"angle": 22.5, "axis": "y", "origin": [9.73254, 0.5, 12.21006]},
			"faces": {
				"north": {"uv": [8.5, 3, 9, 3.5], "texture": "#0"},
				"east": {"uv": [3, 7.5, 5.5, 8], "texture": "#0"},
				"south": {"uv": [8.5, 3.5, 9, 4], "texture": "#0"},
				"west": {"uv": [5.5, 7.5, 8, 8], "texture": "#0"},
				"up": {"uv": [3.5, 10.5, 3, 8], "texture": "#0"},
				"down": {"uv": [4, 8, 3.5, 10.5], "texture": "#0"}
			}
		},
		{
			"from": [7, 0, 12.05468],
			"to": [9, 2, 31.05468],
			"rotation": {"angle": 0, "axis": "y", "origin": [8, 0.5, 12.55468]},
			"faces": {
				"north": {"uv": [8.5, 5, 9, 5.5], "texture": "#0"},
				"east": {"uv": [2, 4, 6.75, 4.5], "texture": "#0"},
				"south": {"uv": [8.5, 5.5, 9, 6], "texture": "#0"},
				"west": {"uv": [2, 4.5, 6.75, 5], "texture": "#0"},
				"up": {"uv": [2.5, 9.75, 2, 5], "texture": "#0"},
				"down": {"uv": [3, 5, 2.5, 9.75], "texture": "#0"}
			}
		},
		{
			"from": [8.73254, 0, 3.34462],
			"to": [10.73254, 2, 13.34462],
			"rotation": {"angle": -22.5, "axis": "y", "origin": [9.73254, 0.5, 3.84462]},
			"faces": {
				"north": {"uv": [8.5, 6, 9, 6.5], "texture": "#0"},
				"east": {"uv": [4, 8, 6.5, 8.5], "texture": "#0"},
				"south": {"uv": [8.5, 6.5, 9, 7], "texture": "#0"},
				"west": {"uv": [6.5, 8, 9, 8.5], "texture": "#0"},
				"up": {"uv": [8.5, 7.5, 8, 5], "texture": "#0"},
				"down": {"uv": [4.5, 8.5, 4, 11], "texture": "#0"}
			}
		}
	],
	"display": {
		"thirdperson_righthand": {
			"translation": [0, 1.5, 1],
			"scale": [0.2, 0.2, 0.2]
		},
		"thirdperson_lefthand": {
			"translation": [0, 1.5, 1],
			"scale": [0.2, 0.2, 0.2]
		},
		"firstperson_righthand": {
			"rotation": [90, -90, 25],
			"translation": [1.13, 1.5, 1.13],
			"scale": [0.2, 0.2, 0.2]
		},
		"firstperson_lefthand": {
			"rotation": [90, -90, 25],
			"translation": [1.13, 1.5, 1.13],
			"scale": [0.2, 0.2, 0.2]
		},
		"ground": {
			"scale": [0.2, 0.2, 0.2]
		},
		"gui": {
			"rotation": [90, 0, 0],
			"scale": [0.2, 0.2, 0.2]
		},
		"head": {
			"rotation": [90, 0, 0],
			"scale": [3, 3, 3]
		},
		"fixed": {
			"rotation": [90, 180, 0],
			"scale": [0.2, 0.2, 0.2]
		}
	}
}