{
	"credit": "Made with Blockbench",
	"texture_size": [128, 128],
	"textures": {
		"0": "ohben/BigBlueWheel",
		"particle": "ohben/BigBlueWheel"
	},
	"elements": [
		{
			"from": [5.95706, 0, 14.92893],
			"to": [9.95706, 6, 17.92893],
			"rotation": {"angle": 0, "axis": "y", "origin": [7.95706, 0.5, 8.44456]},
			"faces": {
				"north": {"uv": [1.25, 0, 1.75, 0.75], "texture": "#0"},
				"east": {"uv": [1.25, 9.75, 1.625, 10.5], "texture": "#0"},
				"south": {"uv": [6.5, 3.125, 7, 3.875], "texture": "#0"},
				"west": {"uv": [1.625, 9.75, 2, 10.5], "texture": "#0"},
				"up": {"uv": [6.5, 4, 6, 3.625], "texture": "#0"},
				"down": {"uv": [7, 6, 6.5, 6.375], "texture": "#0"}
			}
		},
		{
			"from": [5.70706, 0, 17.92893],
			"to": [10.20706, 21, 18.92893],
			"rotation": {"angle": 0, "axis": "y", "origin": [7.95706, 0.5, 11.44456]},
			"faces": {
				"north": {"uv": [0, 0, 0.625, 2.625], "texture": "#0"},
				"east": {"uv": [3.875, 9.5, 4, 12.125], "texture": "#0"},
				"south": {"uv": [0.625, 0.625, 1.25, 3.25], "texture": "#0"},
				"west": {"uv": [4, 9.5, 4.125, 12.125], "texture": "#0"},
				"up": {"uv": [1.875, 1.25, 1.25, 1.125], "texture": "#0"},
				"down": {"uv": [7.125, 6.375, 6.5, 6.5], "texture": "#0"}
			}
		},
		{
			"from": [2.06967, 0, 17.10595],
			"to": [6.06967, 19, 18.10595],
			"rotation": {"angle": -22.5, "axis": "y", "origin": [3.81967, 2, 17.60595]},
			"faces": {
				"north": {"uv": [3.5, 4, 4, 6.375], "texture": "#0"},
				"east": {"uv": [8.875, 9.5, 9, 11.875], "texture": "#0"},
				"south": {"uv": [4, 4, 4.5, 6.375], "texture": "#0"},
				"west": {"uv": [4.5, 9.625, 4.625, 12], "texture": "#0"},
				"up": {"uv": [7.625, 4.875, 7.125, 4.75], "texture": "#0"},
				"down": {"uv": [7.625, 4.875, 7.125, 5], "texture": "#0"}
			}
		},
		{
			"from": [-1.4759, 0, 14.95365],
			"to": [3.0241, 16, 15.95365],
			"rotation": {"angle": -45, "axis": "y", "origin": [0.7741, 2, 15.45365]},
			"faces": {
				"north": {"uv": [1.25, 1.25, 1.875, 3.25], "texture": "#0"},
				"east": {"uv": [5.75, 9.875, 5.875, 11.875], "texture": "#0"},
				"south": {"uv": [1.875, 1.875, 2.5, 3.875], "texture": "#0"},
				"west": {"uv": [7.25, 10.125, 7.375, 12.125], "texture": "#0"},
				"up": {"uv": [9.25, 6.875, 8.625, 6.75], "texture": "#0"},
				"down": {"uv": [9.25, 6.875, 8.625, 7], "texture": "#0"}
			}
		},
		{
			"from": [-2.06954, 0, 9.44614],
			"to": [-1.06954, 13, 14.19614],
			"rotation": {"angle": 22.5, "axis": "y", "origin": [-1.56954, 2, 11.94614]},
			"faces": {
				"north": {"uv": [0.375, 10.375, 0.5, 12], "texture": "#0"},
				"east": {"uv": [1.875, 0, 2.5, 1.625], "texture": "#0"},
				"south": {"uv": [1.25, 10.5, 1.375, 12.125], "texture": "#0"},
				"west": {"uv": [1.5, 6.375, 2.125, 8], "texture": "#0"},
				"up": {"uv": [1.875, 0.625, 1.75, 0], "texture": "#0"},
				"down": {"uv": [0.625, 2.625, 0.5, 3.25], "texture": "#0"}
			}
		},
		{
			"from": [-2.98819, 0, 5.82779],
			"to": [-1.98819, 13, 9.82779],
			"rotation": {"angle": 0, "axis": "y", "origin": [-2.48819, 2, 7.57779]},
			"faces": {
				"north": {"uv": [1.375, 10.5, 1.5, 12.125], "texture": "#0"},
				"east": {"uv": [7, 7, 7.5, 8.625], "texture": "#0"},
				"south": {"uv": [1.5, 10.5, 1.625, 12.125], "texture": "#0"},
				"west": {"uv": [4.625, 7.125, 5.125, 8.75], "texture": "#0"},
				"up": {"uv": [7.625, 6.5, 7.5, 6], "texture": "#0"},
				"down": {"uv": [7.5, 8.625, 7.375, 9.125], "texture": "#0"}
			}
		},
		{
			"from": [-2.0217, 0, 1.84394],
			"to": [-1.0217, 13, 6.21894],
			"rotation": {"angle": -22.5, "axis": "y", "origin": [-1.5217, 2, 3.59394]},
			"faces": {
				"north": {"uv": [1.625, 10.5, 1.75, 12.125], "texture": "#0"},
				"east": {"uv": [7.125, 1.5, 7.625, 3.125], "texture": "#0"},
				"south": {"uv": [1.75, 10.5, 1.875, 12.125], "texture": "#0"},
				"west": {"uv": [7.125, 3.125, 7.625, 4.75], "texture": "#0"},
				"up": {"uv": [9.5, 10.25, 9.375, 9.75], "texture": "#0"},
				"down": {"uv": [1.125, 10.625, 1, 11.125], "texture": "#0"}
			}
		},
		{
			"from": [0.39576, 0, -1.46679],
			"to": [1.39576, 13, 2.90821],
			"rotation": {"angle": -45, "axis": "y", "origin": [0.89576, 2, 0.28321]},
			"faces": {
				"north": {"uv": [1.875, 10.5, 2, 12.125], "texture": "#0"},
				"east": {"uv": [0, 7.25, 0.5, 8.875], "texture": "#0"},
				"south": {"uv": [2, 10.5, 2.125, 12.125], "texture": "#0"},
				"west": {"uv": [2.125, 7.375, 2.625, 9], "texture": "#0"},
				"up": {"uv": [1.25, 11.125, 1.125, 10.625], "texture": "#0"},
				"down": {"uv": [11.125, 3, 11, 3.5], "texture": "#0"}
			}
		},
		{
			"from": [1.77117, 0, -2.35038],
			"to": [5.14617, 13, -1.35038],
			"rotation": {"angle": 22.5, "axis": "y", "origin": [4.39617, 2, -1.85038]},
			"faces": {
				"north": {"uv": [5.875, 8.125, 6.25, 9.75], "texture": "#0"},
				"east": {"uv": [2.125, 10.5, 2.25, 12.125], "texture": "#0"},
				"south": {"uv": [8.125, 1.125, 8.5, 2.75], "texture": "#0"},
				"west": {"uv": [2.25, 10.5, 2.375, 12.125], "texture": "#0"},
				"up": {"uv": [1.875, 3.875, 1.5, 3.75], "texture": "#0"},
				"down": {"uv": [7.5, 6.375, 7.125, 6.5], "texture": "#0"}
			}
		},
		{
			"from": [9.86347, 0, 17.20162],
			"to": [13.86347, 19, 18.20162],
			"rotation": {"angle": 22.5, "axis": "y", "origin": [11.86347, 2, 17.70162]},
			"faces": {
				"north": {"uv": [4.5, 4.5, 5, 6.875], "texture": "#0"},
				"east": {"uv": [6.25, 9.625, 6.375, 12], "texture": "#0"},
				"south": {"uv": [2.5, 5, 3, 7.375], "texture": "#0"},
				"west": {"uv": [6.375, 9.625, 6.5, 12], "texture": "#0"},
				"up": {"uv": [8, 7.5, 7.5, 7.375], "texture": "#0"},
				"down": {"uv": [8.625, 6.375, 8.125, 6.5], "texture": "#0"}
			}
		},
		{
			"from": [12.96324, 0, 15.13043],
			"to": [17.46324, 16, 16.13043],
			"rotation": {"angle": 45, "axis": "y", "origin": [14.96324, 2, 15.63043]},
			"faces": {
				"north": {"uv": [4.125, 6.875, 4.625, 8.875], "texture": "#0"},
				"east": {"uv": [9.75, 10.25, 9.875, 12.25], "texture": "#0"},
				"south": {"uv": [6.5, 7, 7, 9], "texture": "#0"},
				"west": {"uv": [9.875, 10.25, 10, 12.25], "texture": "#0"},
				"up": {"uv": [9.5, 8.875, 9, 8.75], "texture": "#0"},
				"down": {"uv": [9.5, 8.875, 9, 9], "texture": "#0"}
			}
		},
		{
			"from": [17.18876, 0, 9.51164],
			"to": [18.18876, 13, 14.26164],
			"rotation": {"angle": -22.5, "axis": "y", "origin": [17.68876, 2, 11.76164]},
			"faces": {
				"north": {"uv": [3.5, 10.5, 3.625, 12.125], "texture": "#0"},
				"east": {"uv": [3.5, 6.375, 4.125, 8], "texture": "#0"},
				"south": {"uv": [3.625, 10.5, 3.75, 12.125], "texture": "#0"},
				"west": {"uv": [6.5, 1.5, 7.125, 3.125], "texture": "#0"},
				"up": {"uv": [6, 3, 5.875, 2.375], "texture": "#0"},
				"down": {"uv": [7.125, 3.125, 7, 3.75], "texture": "#0"}
			}
		},
		{
			"from": [5.95706, -1, -2.09167],
			"to": [9.95706, 0, 17.90833],
			"rotation": {"angle": 0, "axis": "y", "origin": [7.95706, -6.50867, 10.17396]},
			"faces": {
				"north": {"uv": [10.625, 3.625, 11.125, 3.75], "texture": "#0"},
				"east": {"uv": [8, 7.75, 10.5, 7.875], "texture": "#0"},
				"south": {"uv": [10.625, 6.875, 11.125, 7], "texture": "#0"},
				"west": {"uv": [8, 7.875, 10.5, 8], "texture": "#0"},
				"up": {"uv": [3, 5, 2.5, 2.5], "texture": "#0"},
				"down": {"uv": [3, 0, 2.5, 2.5], "texture": "#0"}
			}
		},
		{
			"from": [6.20706, -2, -1.09167],
			"to": [9.70706, -1, -0.09167],
			"rotation": {"angle": 0, "axis": "y", "origin": [8.20706, -7.50867, 11.17396]},
			"faces": {
				"north": {"uv": [10.625, 7, 11.125, 7.125], "texture": "#0"},
				"east": {"uv": [1.75, 0.625, 1.875, 0.75], "texture": "#0"},
				"south": {"uv": [11, 3.5, 11.5, 3.625], "texture": "#0"},
				"west": {"uv": [6.5, 3.875, 6.625, 4], "texture": "#0"},
				"up": {"uv": [11.5, 5.75, 11, 5.625], "texture": "#0"},
				"down": {"uv": [11.5, 5.75, 11, 5.875], "texture": "#0"}
			}
		},
		{
			"from": [6.45706, -3, -0.09167],
			"to": [9.45706, -2, 0.90833],
			"rotation": {"angle": 0, "axis": "y", "origin": [8.45706, -8.50867, 12.17396]},
			"faces": {
				"north": {"uv": [2.125, 7.25, 2.5, 7.375], "texture": "#0"},
				"east": {"uv": [7, 3.75, 7.125, 3.875], "texture": "#0"},
				"south": {"uv": [2.625, 7.375, 3, 7.5], "texture": "#0"},
				"west": {"uv": [7, 4.25, 7.125, 4.375], "texture": "#0"},
				"up": {"uv": [3, 7.625, 2.625, 7.5], "texture": "#0"},
				"down": {"uv": [7.75, 11.125, 7.375, 11.25], "texture": "#0"}
			}
		},
		{
			"from": [6.70706, -4, 0.90833],
			"to": [9.20706, -3, 3.90833],
			"rotation": {"angle": 0, "axis": "y", "origin": [8.95706, -9.50867, 13.17396]},
			"faces": {
				"north": {"uv": [2.375, 11.25, 2.75, 11.375], "texture": "#0"},
				"east": {"uv": [7.375, 11.25, 7.75, 11.375], "texture": "#0"},
				"south": {"uv": [10, 11.25, 10.375, 11.375], "texture": "#0"},
				"west": {"uv": [2.375, 11.375, 2.75, 11.5], "texture": "#0"},
				"up": {"uv": [5, 11.375, 4.625, 11], "texture": "#0"},
				"down": {"uv": [6.875, 11, 6.5, 11.375], "texture": "#0"}
			}
		},
		{
			"from": [8.92057, -4, 1.34862],
			"to": [11.42057, -3, 2.34862],
			"rotation": {"angle": -22.5, "axis": "y", "origin": [10.17057, -3.5, 1.84862]},
			"faces": {
				"north": {"uv": [2.875, 11.5, 3.25, 11.625], "texture": "#0"},
				"east": {"uv": [7, 4.375, 7.125, 4.5], "texture": "#0"},
				"south": {"uv": [6.5, 11.5, 6.875, 11.625], "texture": "#0"},
				"west": {"uv": [5, 8.75, 5.125, 8.875], "texture": "#0"},
				"up": {"uv": [7.75, 11.625, 7.375, 11.5], "texture": "#0"},
				"down": {"uv": [8.125, 11.5, 7.75, 11.625], "texture": "#0"}
			}
		},
		{
			"from": [10.79709, -4, 2.60247],
			"to": [13.29709, -3, 3.60247],
			"rotation": {"angle": -45, "axis": "y", "origin": [12.04709, -3.5, 3.10247]},
			"faces": {
				"north": {"uv": [8.125, 11.5, 8.5, 11.625], "texture": "#0"},
				"east": {"uv": [2, 8.875, 2.125, 9], "texture": "#0"},
				"south": {"uv": [8.5, 11.5, 8.875, 11.625], "texture": "#0"},
				"west": {"uv": [5, 8.875, 5.125, 9], "texture": "#0"},
				"up": {"uv": [9.375, 11.625, 9, 11.5], "texture": "#0"},
				"down": {"uv": [9.75, 11.5, 9.375, 11.625], "texture": "#0"}
			}
		},
		{
			"from": [1.80094, -4, 3.729],
			"to": [13.80094, -3, 6.229],
			"rotation": {"angle": 22.5, "axis": "y", "origin": [13.30094, -3.5, 4.979]},
			"faces": {
				"north": {"uv": [10.375, 5, 11.875, 5.125], "texture": "#0"},
				"east": {"uv": [10, 11.5, 10.375, 11.625], "texture": "#0"},
				"south": {"uv": [10.375, 5.125, 11.875, 5.25], "texture": "#0"},
				"west": {"uv": [10.375, 11.5, 10.75, 11.625], "texture": "#0"},
				"up": {"uv": [9.625, 6.375, 8.125, 6], "texture": "#0"},
				"down": {"uv": [9.5, 8.375, 8, 8.75], "texture": "#0"}
			}
		},
		{
			"from": [2.24123, -4, 5.9425],
			"to": [14.24123, -3, 8.4425],
			"rotation": {"angle": 0, "axis": "y", "origin": [13.74123, -3.5, 7.1925]},
			"faces": {
				"north": {"uv": [10.375, 5.25, 11.875, 5.375], "texture": "#0"},
				"east": {"uv": [10.75, 11.5, 11.125, 11.625], "texture": "#0"},
				"south": {"uv": [10.375, 5.375, 11.875, 5.5], "texture": "#0"},
				"west": {"uv": [11.125, 11.5, 11.5, 11.625], "texture": "#0"},
				"up": {"uv": [10, 1.5, 8.5, 1.125], "texture": "#0"},
				"down": {"uv": [10, 1.5, 8.5, 1.875], "texture": "#0"}
			}
		},
		{
			"from": [1.80094, -4, 8.15601],
			"to": [13.80094, -3, 10.65601],
			"rotation": {"angle": -22.5, "axis": "y", "origin": [13.30094, -3.5, 9.40601]},
			"faces": {
				"north": {"uv": [10.375, 5.5, 11.875, 5.625], "texture": "#0"},
				"east": {"uv": [11.5, 11.5, 11.875, 11.625], "texture": "#0"},
				"south": {"uv": [10.375, 8, 11.875, 8.125], "texture": "#0"},
				"west": {"uv": [11.5, 3.5, 11.875, 3.625], "texture": "#0"},
				"up": {"uv": [10, 2.25, 8.5, 1.875], "texture": "#0"},
				"down": {"uv": [10, 2.25, 8.5, 2.625], "texture": "#0"}
			}
		},
		{
			"from": [11.54709, -4, 10.03253],
			"to": [12.54709, -3, 12.53253],
			"rotation": {"angle": -45, "axis": "y", "origin": [12.04709, -3.5, 11.28253]},
			"faces": {
				"north": {"uv": [2.5, 9, 2.625, 9.125], "texture": "#0"},
				"east": {"uv": [11.5, 5.625, 11.875, 5.75], "texture": "#0"},
				"south": {"uv": [2.5, 9.125, 2.625, 9.25], "texture": "#0"},
				"west": {"uv": [11.5, 5.75, 11.875, 5.875], "texture": "#0"},
				"up": {"uv": [8, 9.5, 7.875, 9.125], "texture": "#0"},
				"down": {"uv": [7, 9.75, 6.875, 10.125], "texture": "#0"}
			}
		},
		{
			"from": [8.92057, -4, 12.03638],
			"to": [11.42057, -3, 13.03638],
			"rotation": {"angle": 22.5, "axis": "y", "origin": [10.17057, -3.5, 12.53638]},
			"faces": {
				"north": {"uv": [11.5, 5.875, 11.875, 6], "texture": "#0"},
				"east": {"uv": [3, 9.25, 3.125, 9.375], "texture": "#0"},
				"south": {"uv": [11.5, 6.375, 11.875, 6.5], "texture": "#0"},
				"west": {"uv": [9.25, 6.75, 9.375, 6.875], "texture": "#0"},
				"up": {"uv": [11.875, 6.625, 11.5, 6.5], "texture": "#0"},
				"down": {"uv": [11.875, 6.625, 11.5, 6.75], "texture": "#0"}
			}
		},
		{
			"from": [6.70706, -4, 10.47668],
			"to": [9.20706, -3, 13.47668],
			"rotation": {"angle": 0, "axis": "y", "origin": [7.95706, -3.5, 12.97668]},
			"faces": {
				"north": {"uv": [11.5, 6.75, 11.875, 6.875], "texture": "#0"},
				"east": {"uv": [11.5, 11.375, 11.875, 11.5], "texture": "#0"},
				"south": {"uv": [0, 11.625, 0.375, 11.75], "texture": "#0"},
				"west": {"uv": [0.5, 11.625, 0.875, 11.75], "texture": "#0"},
				"up": {"uv": [8.125, 11.375, 7.75, 11], "texture": "#0"},
				"down": {"uv": [8.5, 11, 8.125, 11.375], "texture": "#0"}
			}
		},
		{
			"from": [4.49355, -4, 1.03638],
			"to": [6.99355, -3, 13.03638],
			"rotation": {"angle": -22.5, "axis": "y", "origin": [5.74355, -3.5, 12.53638]},
			"faces": {
				"north": {"uv": [0.875, 11.625, 1.25, 11.75], "texture": "#0"},
				"east": {"uv": [10.375, 8.125, 11.875, 8.25], "texture": "#0"},
				"south": {"uv": [2.375, 11.625, 2.75, 11.75], "texture": "#0"},
				"west": {"uv": [10.375, 8.25, 11.875, 8.375], "texture": "#0"},
				"up": {"uv": [5.875, 3, 5.5, 1.5], "texture": "#0"},
				"down": {"uv": [8.875, 2.625, 8.5, 4.125], "texture": "#0"}
			}
		},
		{
			"from": [2.61703, -4, -0.21747],
			"to": [5.11703, -3, 11.78253],
			"rotation": {"angle": -45, "axis": "y", "origin": [3.86703, -3.5, 11.28253]},
			"faces": {
				"north": {"uv": [1, 0.375, 1.25, 0.5], "texture": "#0"},
				"east": {"uv": [10.375, 8.375, 11.875, 8.5], "texture": "#0"},
				"south": {"uv": [1, 0.5, 1.25, 0.625], "texture": "#0"},
				"west": {"uv": [10.375, 8.5, 11.875, 8.625], "texture": "#0"},
				"up": {"uv": [4.125, 9.5, 3.875, 8], "texture": "#0"},
				"down": {"uv": [6.5, 8.125, 6.25, 9.625], "texture": "#0"}
			}
		},
		{
			"from": [2.11318, -4, 8.15601],
			"to": [3.11318, -3, 10.65601],
			"rotation": {"angle": 22.5, "axis": "y", "origin": [2.61318, -3.5, 9.40601]},
			"faces": {
				"north": {"uv": [9.25, 6.875, 9.375, 7], "texture": "#0"},
				"east": {"uv": [2.75, 11.625, 3.125, 11.75], "texture": "#0"},
				"south": {"uv": [3, 9.375, 3.125, 9.5], "texture": "#0"},
				"west": {"uv": [3.125, 11.625, 3.5, 11.75], "texture": "#0"},
				"up": {"uv": [7.875, 10.25, 7.75, 9.875], "texture": "#0"},
				"down": {"uv": [10, 0.75, 9.875, 1.125], "texture": "#0"}
			}
		},
		{
			"from": [1.67288, -4, 5.9425],
			"to": [2.67288, -3, 8.4425],
			"rotation": {"angle": 0, "axis": "y", "origin": [2.17288, -3.5, 7.1925]},
			"faces": {
				"north": {"uv": [2.375, 9.75, 2.5, 9.875], "texture": "#0"},
				"east": {"uv": [5.375, 11.625, 5.75, 11.75], "texture": "#0"},
				"south": {"uv": [5.375, 9.75, 5.5, 9.875], "texture": "#0"},
				"west": {"uv": [6.5, 11.625, 6.875, 11.75], "texture": "#0"},
				"up": {"uv": [10, 8.375, 9.875, 8], "texture": "#0"},
				"down": {"uv": [7.25, 11.375, 7.125, 11.75], "texture": "#0"}
			}
		},
		{
			"from": [2.11318, -4, 3.729],
			"to": [3.11318, -3, 6.229],
			"rotation": {"angle": -22.5, "axis": "y", "origin": [2.61318, -2.5, 4.979]},
			"faces": {
				"north": {"uv": [2.375, 9.875, 2.5, 10], "texture": "#0"},
				"east": {"uv": [7.375, 11.625, 7.75, 11.75], "texture": "#0"},
				"south": {"uv": [3.25, 11.5, 3.375, 11.625], "texture": "#0"},
				"west": {"uv": [7.75, 11.625, 8.125, 11.75], "texture": "#0"},
				"up": {"uv": [7, 11.875, 6.875, 11.5], "texture": "#0"},
				"down": {"uv": [8.25, 11.625, 8.125, 12], "texture": "#0"}
			}
		},
		{
			"from": [3.36703, -4, 1.85247],
			"to": [15.36703, -3, 4.35247],
			"rotation": {"angle": -45, "axis": "y", "origin": [3.86703, -2.5, 3.10247]},
			"faces": {
				"north": {"uv": [10.375, 8.625, 11.875, 8.75], "texture": "#0"},
				"east": {"uv": [8.25, 11.625, 8.625, 11.75], "texture": "#0"},
				"south": {"uv": [10.375, 10, 11.875, 10.125], "texture": "#0"},
				"west": {"uv": [9, 11.625, 9.375, 11.75], "texture": "#0"},
				"up": {"uv": [10, 4.5, 8.5, 4.125], "texture": "#0"},
				"down": {"uv": [10, 4.5, 8.5, 4.875], "texture": "#0"}
			}
		},
		{
			"from": [4.49355, -4, 1.34862],
			"to": [6.99355, -3, 13.34862],
			"rotation": {"angle": 22.5, "axis": "y", "origin": [5.74355, -2.5, 1.84862]},
			"faces": {
				"north": {"uv": [9.375, 11.625, 9.75, 11.75], "texture": "#0"},
				"east": {"uv": [10.375, 10.125, 11.875, 10.25], "texture": "#0"},
				"south": {"uv": [10, 11.625, 10.375, 11.75], "texture": "#0"},
				"west": {"uv": [10.375, 10.25, 11.875, 10.375], "texture": "#0"},
				"up": {"uv": [7.375, 10.125, 7, 8.625], "texture": "#0"},
				"down": {"uv": [5, 8.75, 4.625, 10.25], "texture": "#0"}
			}
		},
		{
			"from": [3.76258, -3, 0.44429],
			"to": [6.76258, -2, 2.44429],
			"rotation": {"angle": 22.5, "axis": "y", "origin": [5.26258, -2.5, 0.94429]},
			"faces": {
				"north": {"uv": [10.375, 11.625, 10.75, 11.75], "texture": "#0"},
				"east": {"uv": [2.25, 1.625, 2.5, 1.75], "texture": "#0"},
				"south": {"uv": [10.75, 11.625, 11.125, 11.75], "texture": "#0"},
				"west": {"uv": [2.25, 1.75, 2.5, 1.875], "texture": "#0"},
				"up": {"uv": [1, 0.625, 0.625, 0.375], "texture": "#0"},
				"down": {"uv": [2.25, 1.625, 1.875, 1.875], "texture": "#0"}
			}
		},
		{
			"from": [1.47831, -3, 1.97059],
			"to": [4.47831, -2, 3.97059],
			"rotation": {"angle": 45, "axis": "y", "origin": [2.97831, -2.5, 2.47059]},
			"faces": {
				"north": {"uv": [11.125, 11.625, 11.5, 11.75], "texture": "#0"},
				"east": {"uv": [1.25, 7.875, 1.5, 8], "texture": "#0"},
				"south": {"uv": [11.5, 11.625, 11.875, 11.75], "texture": "#0"},
				"west": {"uv": [2.75, 10, 3, 10.125], "texture": "#0"},
				"up": {"uv": [7, 4.5, 6.625, 4.25], "texture": "#0"},
				"down": {"uv": [5, 6.875, 4.625, 7.125], "texture": "#0"}
			}
		},
		{
			"from": [0.95201, -3, 3.25486],
			"to": [14.95201, -2, 6.25486],
			"rotation": {"angle": -22.5, "axis": "y", "origin": [1.45201, -2.5, 4.75486]},
			"faces": {
				"north": {"uv": [10.375, 2.125, 12.125, 2.25], "texture": "#0"},
				"east": {"uv": [11.625, 0, 12, 0.125], "texture": "#0"},
				"south": {"uv": [10.375, 4.125, 12.125, 4.25], "texture": "#0"},
				"west": {"uv": [11.625, 0.125, 12, 0.25], "texture": "#0"},
				"up": {"uv": [9.75, 7.75, 8, 7.375], "texture": "#0"},
				"down": {"uv": [9.875, 0, 8.125, 0.375], "texture": "#0"}
			}
		},
		{
			"from": [9.15154, -3, 0.44429],
			"to": [12.15154, -2, 15.44429],
			"rotation": {"angle": -22.5, "axis": "y", "origin": [10.65154, -2.5, 0.94429]},
			"faces": {
				"north": {"uv": [11.625, 0.25, 12, 0.375], "texture": "#0"},
				"east": {"uv": [10.375, 1.375, 12.25, 1.5], "texture": "#0"},
				"south": {"uv": [11.625, 0.375, 12, 0.5], "texture": "#0"},
				"west": {"uv": [10.375, 1.5, 12.25, 1.625], "texture": "#0"},
				"up": {"uv": [5.5, 9, 5.125, 7.125], "texture": "#0"},
				"down": {"uv": [3.5, 7.625, 3.125, 9.5], "texture": "#0"}
			}
		},
		{
			"from": [11.4358, -3, 1.97059],
			"to": [14.4358, -2, 16.97059],
			"rotation": {"angle": -45, "axis": "y", "origin": [12.9358, -2.5, 2.47059]},
			"faces": {
				"north": {"uv": [11.625, 0.5, 12, 0.625], "texture": "#0"},
				"east": {"uv": [10.375, 1.625, 12.25, 1.75], "texture": "#0"},
				"south": {"uv": [11.625, 0.625, 12, 0.75], "texture": "#0"},
				"west": {"uv": [10.375, 1.75, 12.25, 1.875], "texture": "#0"},
				"up": {"uv": [0.875, 9.75, 0.5, 7.875], "texture": "#0"},
				"down": {"uv": [1.25, 7.875, 0.875, 9.75], "texture": "#0"}
			}
		},
		{
			"from": [13.9621, -3, 3.25486],
			"to": [14.9621, -2, 6.25486],
			"rotation": {"angle": 22.5, "axis": "y", "origin": [14.4621, -2.5, 4.75486]},
			"faces": {
				"north": {"uv": [3.375, 11.5, 3.5, 11.625], "texture": "#0"},
				"east": {"uv": [11.625, 2.25, 12, 2.375], "texture": "#0"},
				"south": {"uv": [0.5, 11.875, 0.625, 12], "texture": "#0"},
				"west": {"uv": [11.625, 2.375, 12, 2.5], "texture": "#0"},
				"up": {"uv": [8.75, 12, 8.625, 11.625], "texture": "#0"},
				"down": {"uv": [8.875, 11.625, 8.75, 12], "texture": "#0"}
			}
		},
		{
			"from": [10.49807, -3, 5.94934],
			"to": [15.49807, -2, 8.94934],
			"rotation": {"angle": 0, "axis": "y", "origin": [14.99807, -2.5, 7.44934]},
			"faces": {
				"north": {"uv": [10.5, 7.75, 11.125, 7.875], "texture": "#0"},
				"east": {"uv": [11.625, 2.5, 12, 2.625], "texture": "#0"},
				"south": {"uv": [10.5, 7.875, 11.125, 8], "texture": "#0"},
				"west": {"uv": [11.625, 3, 12, 3.125], "texture": "#0"},
				"up": {"uv": [1.25, 0.375, 0.625, 0], "texture": "#0"},
				"down": {"uv": [1.875, 0.75, 1.25, 1.125], "texture": "#0"}
			}
		},
		{
			"from": [12.9621, -3, 8.64382],
			"to": [14.9621, -2, 11.64382],
			"rotation": {"angle": -22.5, "axis": "y", "origin": [14.4621, -2.5, 10.14382]},
			"faces": {
				"north": {"uv": [2.75, 10.125, 3, 10.25], "texture": "#0"},
				"east": {"uv": [11.625, 3.125, 12, 3.25], "texture": "#0"},
				"south": {"uv": [9.5, 11.375, 9.75, 11.5], "texture": "#0"},
				"west": {"uv": [11.625, 3.25, 12, 3.375], "texture": "#0"},
				"up": {"uv": [9.375, 6.75, 9.125, 6.375], "texture": "#0"},
				"down": {"uv": [10.25, 2.25, 10, 2.625], "texture": "#0"}
			}
		},
		{
			"from": [-0.5642, -3, 10.92808],
			"to": [13.4358, -2, 13.92808],
			"rotation": {"angle": -45, "axis": "y", "origin": [12.9358, -2.5, 12.42808]},
			"faces": {
				"north": {"uv": [10.375, 4.25, 12.125, 4.375], "texture": "#0"},
				"east": {"uv": [11.625, 3.375, 12, 3.5], "texture": "#0"},
				"south": {"uv": [10.375, 4.375, 12.125, 4.5], "texture": "#0"},
				"west": {"uv": [11.625, 3.625, 12, 3.75], "texture": "#0"},
				"up": {"uv": [9.875, 0.75, 8.125, 0.375], "texture": "#0"},
				"down": {"uv": [9.875, 0.75, 8.125, 1.125], "texture": "#0"}
			}
		},
		{
			"from": [9.15154, -3, 0.45438],
			"to": [12.15154, -2, 14.45438],
			"rotation": {"angle": 22.5, "axis": "y", "origin": [10.65154, -2.5, 13.95438]},
			"faces": {
				"north": {"uv": [11.625, 6.875, 12, 7], "texture": "#0"},
				"east": {"uv": [10.375, 4.5, 12.125, 4.625], "texture": "#0"},
				"south": {"uv": [11.625, 7, 12, 7.125], "texture": "#0"},
				"west": {"uv": [10.375, 4.625, 12.125, 4.75], "texture": "#0"},
				"up": {"uv": [1.625, 9.75, 1.25, 8], "texture": "#0"},
				"down": {"uv": [2, 8, 1.625, 9.75], "texture": "#0"}
			}
		},
		{
			"from": [6.45706, -3, 0.99035],
			"to": [9.45706, -2, 14.99035],
			"rotation": {"angle": 0, "axis": "y", "origin": [7.95706, -2.5, 14.49035]},
			"faces": {
				"north": {"uv": [11.625, 7.75, 12, 7.875], "texture": "#0"},
				"east": {"uv": [10.375, 4.75, 12.125, 4.875], "texture": "#0"},
				"south": {"uv": [11.625, 7.875, 12, 8], "texture": "#0"},
				"west": {"uv": [10.375, 4.875, 12.125, 5], "texture": "#0"},
				"up": {"uv": [3.875, 9.75, 3.5, 8], "texture": "#0"},
				"down": {"uv": [5.875, 8.125, 5.5, 9.875], "texture": "#0"}
			}
		},
		{
			"from": [3.76258, -3, 13.45438],
			"to": [6.76258, -2, 14.45438],
			"rotation": {"angle": -22.5, "axis": "y", "origin": [5.26258, -2.5, 13.95438]},
			"faces": {
				"north": {"uv": [11.625, 10.875, 12, 11], "texture": "#0"},
				"east": {"uv": [0.625, 11.875, 0.75, 12], "texture": "#0"},
				"south": {"uv": [11.625, 11, 12, 11.125], "texture": "#0"},
				"west": {"uv": [0.75, 11.875, 0.875, 12], "texture": "#0"},
				"up": {"uv": [12, 11.25, 11.625, 11.125], "texture": "#0"},
				"down": {"uv": [12, 11.25, 11.625, 11.375], "texture": "#0"}
			}
		},
		{
			"from": [1.47831, -3, 11.92808],
			"to": [4.47831, -2, 12.92808],
			"rotation": {"angle": -45, "axis": "y", "origin": [2.97831, -2.5, 12.42808]},
			"faces": {
				"north": {"uv": [0, 11.75, 0.375, 11.875], "texture": "#0"},
				"east": {"uv": [0.875, 11.875, 1, 12], "texture": "#0"},
				"south": {"uv": [0.5, 11.75, 0.875, 11.875], "texture": "#0"},
				"west": {"uv": [1, 11.875, 1.125, 12], "texture": "#0"},
				"up": {"uv": [1.25, 11.875, 0.875, 11.75], "texture": "#0"},
				"down": {"uv": [2.75, 11.75, 2.375, 11.875], "texture": "#0"}
			}
		},
		{
			"from": [0.95201, -3, 8.64382],
			"to": [15.95201, -2, 11.64382],
			"rotation": {"angle": 22.5, "axis": "y", "origin": [1.45201, -2.5, 10.14382]},
			"faces": {
				"north": {"uv": [10.375, 1.875, 12.25, 2], "texture": "#0"},
				"east": {"uv": [2.75, 11.75, 3.125, 11.875], "texture": "#0"},
				"south": {"uv": [10.375, 2, 12.25, 2.125], "texture": "#0"},
				"west": {"uv": [3.125, 11.75, 3.5, 11.875], "texture": "#0"},
				"up": {"uv": [9.375, 7.375, 7.5, 7], "texture": "#0"},
				"down": {"uv": [9.875, 8, 8, 8.375], "texture": "#0"}
			}
		},
		{
			"from": [0.41605, -3, 5.94934],
			"to": [4.41605, -2, 8.94934],
			"rotation": {"angle": 0, "axis": "y", "origin": [0.91605, -2.5, 7.44934]},
			"faces": {
				"north": {"uv": [11, 5.875, 11.5, 6], "texture": "#0"},
				"east": {"uv": [5.375, 11.75, 5.75, 11.875], "texture": "#0"},
				"south": {"uv": [11, 6.375, 11.5, 6.5], "texture": "#0"},
				"west": {"uv": [6.5, 11.75, 6.875, 11.875], "texture": "#0"},
				"up": {"uv": [7.125, 4.25, 6.625, 3.875], "texture": "#0"},
				"down": {"uv": [7.5, 6, 7, 6.375], "texture": "#0"}
			}
		},
		{
			"from": [9.3825, -2, -0.46003],
			"to": [12.8825, -1, 16.53997],
			"rotation": {"angle": -22.5, "axis": "y", "origin": [11.1325, -1.5, 0.03997]},
			"faces": {
				"north": {"uv": [11, 6.5, 11.5, 6.625], "texture": "#0"},
				"east": {"uv": [10, 8.75, 12.125, 8.875], "texture": "#0"},
				"south": {"uv": [11, 6.625, 11.5, 6.75], "texture": "#0"},
				"west": {"uv": [10, 8.875, 12.125, 9], "texture": "#0"},
				"up": {"uv": [5.5, 7.125, 5, 5], "texture": "#0"},
				"down": {"uv": [0.5, 5.125, 0, 7.25], "texture": "#0"}
			}
		},
		{
			"from": [12.07452, -2, 1.33871],
			"to": [15.57452, -1, 2.33871],
			"rotation": {"angle": -45, "axis": "y", "origin": [13.82452, -1.5, 1.83871]},
			"faces": {
				"north": {"uv": [11, 6.75, 11.5, 6.875], "texture": "#0"},
				"east": {"uv": [1.125, 11.875, 1.25, 12], "texture": "#0"},
				"south": {"uv": [11.125, 11.125, 11.625, 11.25], "texture": "#0"},
				"west": {"uv": [2.375, 11.875, 2.5, 12], "texture": "#0"},
				"up": {"uv": [11.625, 0.125, 11.125, 0], "texture": "#0"},
				"down": {"uv": [11.625, 0.125, 11.125, 0.25], "texture": "#0"}
			}
		},
		{
			"from": [-0.87673, -2, 2.78073],
			"to": [16.12327, -1, 6.28073],
			"rotation": {"angle": 22.5, "axis": "y", "origin": [15.62327, -1.5, 4.53073]},
			"faces": {
				"north": {"uv": [10, 9, 12.125, 9.125], "texture": "#0"},
				"east": {"uv": [11.125, 0.25, 11.625, 0.375], "texture": "#0"},
				"south": {"uv": [10, 9.5, 12.125, 9.625], "texture": "#0"},
				"west": {"uv": [11.125, 0.375, 11.625, 0.5], "texture": "#0"},
				"up": {"uv": [6.625, 4.5, 4.5, 4], "texture": "#0"},
				"down": {"uv": [7.125, 4.5, 5, 5], "texture": "#0"}
			}
		},
		{
			"from": [15.7549, -2, 5.95617],
			"to": [16.7549, -1, 9.45617],
			"rotation": {"angle": 0, "axis": "y", "origin": [16.2549, -1.5, 7.70617]},
			"faces": {
				"north": {"uv": [2.5, 11.875, 2.625, 12], "texture": "#0"},
				"east": {"uv": [11.125, 0.5, 11.625, 0.625], "texture": "#0"},
				"south": {"uv": [2.625, 11.875, 2.75, 12], "texture": "#0"},
				"west": {"uv": [11.125, 0.625, 11.625, 0.75], "texture": "#0"},
				"up": {"uv": [0.125, 11.625, 0, 11.125], "texture": "#0"},
				"down": {"uv": [0.25, 11.125, 0.125, 11.625], "texture": "#0"}
			}
		},
		{
			"from": [-0.87673, -2, 9.13162],
			"to": [16.12327, -1, 12.63162],
			"rotation": {"angle": -22.5, "axis": "y", "origin": [15.62327, -1.5, 10.88162]},
			"faces": {
				"north": {"uv": [10, 9.625, 12.125, 9.75], "texture": "#0"},
				"east": {"uv": [11.125, 2.25, 11.625, 2.375], "texture": "#0"},
				"south": {"uv": [10, 9.75, 12.125, 9.875], "texture": "#0"},
				"west": {"uv": [11.125, 2.375, 11.625, 2.5], "texture": "#0"},
				"up": {"uv": [7.625, 6, 5.5, 5.5], "texture": "#0"},
				"down": {"uv": [7.625, 0, 5.5, 0.5], "texture": "#0"}
			}
		},
		{
			"from": [-2.67548, -2, 11.82364],
			"to": [14.32452, -1, 15.32364],
			"rotation": {"angle": -45, "axis": "y", "origin": [13.82452, -1.5, 13.57364]},
			"faces": {
				"north": {"uv": [10, 9.875, 12.125, 10], "texture": "#0"},
				"east": {"uv": [11.125, 2.5, 11.625, 2.625], "texture": "#0"},
				"south": {"uv": [10.25, 3.75, 12.375, 3.875], "texture": "#0"},
				"west": {"uv": [11.125, 3, 11.625, 3.125], "texture": "#0"},
				"up": {"uv": [7.625, 1, 5.5, 0.5], "texture": "#0"},
				"down": {"uv": [7.625, 1, 5.5, 1.5], "texture": "#0"}
			}
		},
		{
			"from": [9.3825, -2, -1.12762],
			"to": [12.8825, -1, 15.87238],
			"rotation": {"angle": 22.5, "axis": "y", "origin": [11.1325, -1.5, 15.37238]},
			"faces": {
				"north": {"uv": [11.125, 3.125, 11.625, 3.25], "texture": "#0"},
				"east": {"uv": [10.25, 3.875, 12.375, 4], "texture": "#0"},
				"south": {"uv": [11.125, 3.25, 11.625, 3.375], "texture": "#0"},
				"west": {"uv": [10.25, 4, 12.375, 4.125], "texture": "#0"},
				"up": {"uv": [3.5, 7.625, 3, 5.5], "texture": "#0"},
				"down": {"uv": [1, 5.75, 0.5, 7.875], "texture": "#0"}
			}
		},
		{
			"from": [6.20706, -2, -0.49598],
			"to": [9.70706, -1, 16.50402],
			"rotation": {"angle": 0, "axis": "y", "origin": [7.95706, -1.5, 16.00402]},
			"faces": {
				"north": {"uv": [11.125, 3.375, 11.625, 3.5], "texture": "#0"},
				"east": {"uv": [10.375, 10.375, 12.5, 10.5], "texture": "#0"},
				"south": {"uv": [11.125, 3.625, 11.625, 3.75], "texture": "#0"},
				"west": {"uv": [10.375, 0.75, 12.5, 0.875], "texture": "#0"},
				"up": {"uv": [1.5, 7.875, 1, 5.75], "texture": "#0"},
				"down": {"uv": [6, 6, 5.5, 8.125], "texture": "#0"}
			}
		},
		{
			"from": [3.03161, -2, 14.87238],
			"to": [6.53161, -1, 15.87238],
			"rotation": {"angle": -22.5, "axis": "y", "origin": [4.78161, -1.5, 15.37238]},
			"faces": {
				"north": {"uv": [7.375, 11.75, 7.75, 11.875], "texture": "#0"},
				"east": {"uv": [2.75, 11.875, 2.875, 12], "texture": "#0"},
				"south": {"uv": [7.75, 11.75, 8.125, 11.875], "texture": "#0"},
				"west": {"uv": [2.875, 11.875, 3, 12], "texture": "#0"},
				"up": {"uv": [8.625, 11.875, 8.25, 11.75], "texture": "#0"},
				"down": {"uv": [9.375, 11.75, 9, 11.875], "texture": "#0"}
			}
		},
		{
			"from": [0.3396, -2, -2.92636],
			"to": [3.8396, -1, 14.07364],
			"rotation": {"angle": -45, "axis": "y", "origin": [2.0896, -1.5, 13.57364]},
			"faces": {
				"north": {"uv": [11.125, 6.875, 11.625, 7], "texture": "#0"},
				"east": {"uv": [10.375, 0.875, 12.5, 1], "texture": "#0"},
				"south": {"uv": [11.125, 7, 11.625, 7.125], "texture": "#0"},
				"west": {"uv": [10.375, 1, 12.5, 1.125], "texture": "#0"},
				"up": {"uv": [6.5, 8.125, 6, 6], "texture": "#0"},
				"down": {"uv": [6.5, 1.5, 6, 3.625], "texture": "#0"}
			}
		},
		{
			"from": [-0.20915, -2, 9.13162],
			"to": [0.79085, -1, 12.63162],
			"rotation": {"angle": 22.5, "axis": "y", "origin": [0.29085, -1.5, 10.88162]},
			"faces": {
				"north": {"uv": [3, 11.875, 3.125, 12], "texture": "#0"},
				"east": {"uv": [11.125, 7.75, 11.625, 7.875], "texture": "#0"},
				"south": {"uv": [3.125, 11.875, 3.25, 12], "texture": "#0"},
				"west": {"uv": [11.125, 7.875, 11.625, 8], "texture": "#0"},
				"up": {"uv": [0.375, 11.625, 0.25, 11.125], "texture": "#0"},
				"down": {"uv": [1.125, 11.125, 1, 11.625], "texture": "#0"}
			}
		},
		{
			"from": [-0.84079, -2, 5.95617],
			"to": [16.15921, -1, 9.45617],
			"rotation": {"angle": 0, "axis": "y", "origin": [-0.34079, -1.5, 7.70617]},
			"faces": {
				"north": {"uv": [10.375, 1.125, 12.5, 1.25], "texture": "#0"},
				"east": {"uv": [11.125, 10.875, 11.625, 11], "texture": "#0"},
				"south": {"uv": [10.375, 1.25, 12.5, 1.375], "texture": "#0"},
				"west": {"uv": [11.125, 11, 11.625, 11.125], "texture": "#0"},
				"up": {"uv": [7.625, 5.5, 5.5, 5], "texture": "#0"},
				"down": {"uv": [8.625, 6.5, 6.5, 7], "texture": "#0"}
			}
		},
		{
			"from": [-0.20915, -2, 2.78073],
			"to": [0.79085, -1, 6.28073],
			"rotation": {"angle": -22.5, "axis": "y", "origin": [0.29085, -1.5, 4.53073]},
			"faces": {
				"north": {"uv": [3.25, 11.875, 3.375, 12], "texture": "#0"},
				"east": {"uv": [11.125, 11.25, 11.625, 11.375], "texture": "#0"},
				"south": {"uv": [3.375, 11.875, 3.5, 12], "texture": "#0"},
				"west": {"uv": [0.5, 11.375, 1, 11.5], "texture": "#0"},
				"up": {"uv": [1.25, 11.625, 1.125, 11.125], "texture": "#0"},
				"down": {"uv": [5.5, 11.125, 5.375, 11.625], "texture": "#0"}
			}
		},
		{
			"from": [1.5896, -2, 0.08871],
			"to": [2.5896, -1, 3.58871],
			"rotation": {"angle": -45, "axis": "y", "origin": [2.0896, -1.5, 1.83871]},
			"faces": {
				"north": {"uv": [4.625, 11.875, 4.75, 12], "texture": "#0"},
				"east": {"uv": [6.5, 11.375, 7, 11.5], "texture": "#0"},
				"south": {"uv": [4.75, 11.875, 4.875, 12], "texture": "#0"},
				"west": {"uv": [7.375, 11.375, 7.875, 11.5], "texture": "#0"},
				"up": {"uv": [5.625, 11.625, 5.5, 11.125], "texture": "#0"},
				"down": {"uv": [5.75, 11.125, 5.625, 11.625], "texture": "#0"}
			}
		},
		{
			"from": [3.03161, -2, -0.46003],
			"to": [6.53161, -1, 0.53997],
			"rotation": {"angle": 22.5, "axis": "y", "origin": [4.78161, -1.5, 0.03997]},
			"faces": {
				"north": {"uv": [9.375, 11.75, 9.75, 11.875], "texture": "#0"},
				"east": {"uv": [4.875, 11.875, 5, 12], "texture": "#0"},
				"south": {"uv": [10, 11.75, 10.375, 11.875], "texture": "#0"},
				"west": {"uv": [5.375, 11.875, 5.5, 12], "texture": "#0"},
				"up": {"uv": [10.75, 11.875, 10.375, 11.75], "texture": "#0"},
				"down": {"uv": [11.125, 11.75, 10.75, 11.875], "texture": "#0"}
			}
		},
		{
			"from": [5.95706, -1, -2.07107],
			"to": [9.95706, 0, 17.92893],
			"rotation": {"angle": 22.5, "axis": "y", "origin": [7.95706, -0.5, 7.92893]},
			"faces": {
				"north": {"uv": [7.875, 11.375, 8.375, 11.5], "texture": "#0"},
				"east": {"uv": [8.5, 5.625, 11, 5.75], "texture": "#0"},
				"south": {"uv": [8.375, 11.375, 8.875, 11.5], "texture": "#0"},
				"west": {"uv": [8.5, 5.75, 11, 5.875], "texture": "#0"},
				"up": {"uv": [0.5, 5.125, 0, 2.625], "texture": "#0"},
				"down": {"uv": [3.5, 3, 3, 5.5], "texture": "#0"}
			}
		},
		{
			"from": [-2.04294, -1, 5.92893],
			"to": [17.95706, 0, 9.92893],
			"rotation": {"angle": -22.5, "axis": "y", "origin": [7.95706, -0.5, 7.92893]},
			"faces": {
				"north": {"uv": [8.5, 5.875, 11, 6], "texture": "#0"},
				"east": {"uv": [9, 11.375, 9.5, 11.5], "texture": "#0"},
				"south": {"uv": [9.375, 7.125, 11.875, 7.25], "texture": "#0"},
				"west": {"uv": [10, 11.375, 10.5, 11.5], "texture": "#0"},
				"up": {"uv": [5.5, 0.5, 3, 0], "texture": "#0"},
				"down": {"uv": [5.5, 0.5, 3, 1], "texture": "#0"}
			}
		},
		{
			"from": [-2.04294, -1, 5.92893],
			"to": [17.95706, 0, 9.92893],
			"rotation": {"angle": 0, "axis": "y", "origin": [7.95706, -0.5, 7.92893]},
			"faces": {
				"north": {"uv": [9.375, 7.25, 11.875, 7.375], "texture": "#0"},
				"east": {"uv": [10.5, 11.375, 11, 11.5], "texture": "#0"},
				"south": {"uv": [9.5, 9.125, 12, 9.25], "texture": "#0"},
				"west": {"uv": [11, 11.375, 11.5, 11.5], "texture": "#0"},
				"up": {"uv": [5.5, 1.5, 3, 1], "texture": "#0"},
				"down": {"uv": [5.5, 1.5, 3, 2], "texture": "#0"}
			}
		},
		{
			"from": [-2.04294, -1, 5.92893],
			"to": [17.95706, 0, 9.92893],
			"rotation": {"angle": 45, "axis": "y", "origin": [7.95706, -0.5, 7.92893]},
			"faces": {
				"north": {"uv": [9.5, 9.25, 12, 9.375], "texture": "#0"},
				"east": {"uv": [11.375, 2.625, 11.875, 2.75], "texture": "#0"},
				"south": {"uv": [9.5, 9.375, 12, 9.5], "texture": "#0"},
				"west": {"uv": [11.375, 2.75, 11.875, 2.875], "texture": "#0"},
				"up": {"uv": [5.5, 2.5, 3, 2], "texture": "#0"},
				"down": {"uv": [5.5, 2.5, 3, 3], "texture": "#0"}
			}
		},
		{
			"from": [5.95706, -1, -2.07107],
			"to": [9.95706, 0, 17.92893],
			"rotation": {"angle": -22.5, "axis": "y", "origin": [7.95706, -0.5, 7.92893]},
			"faces": {
				"north": {"uv": [11.375, 2.875, 11.875, 3], "texture": "#0"},
				"east": {"uv": [9.625, 6, 12.125, 6.125], "texture": "#0"},
				"south": {"uv": [11.375, 10.5, 11.875, 10.625], "texture": "#0"},
				"west": {"uv": [9.625, 6.125, 12.125, 6.25], "texture": "#0"},
				"up": {"uv": [1, 5.75, 0.5, 3.25], "texture": "#0"},
				"down": {"uv": [1.5, 3.25, 1, 5.75], "texture": "#0"}
			}
		},
		{
			"from": [-2.04294, -1, 5.92893],
			"to": [17.95706, 0, 9.92893],
			"rotation": {"angle": 22.5, "axis": "y", "origin": [7.95706, -0.5, 7.92893]},
			"faces": {
				"north": {"uv": [9.625, 6.25, 12.125, 6.375], "texture": "#0"},
				"east": {"uv": [11.375, 10.625, 11.875, 10.75], "texture": "#0"},
				"south": {"uv": [9.75, 7.375, 12.25, 7.5], "texture": "#0"},
				"west": {"uv": [11.375, 10.75, 11.875, 10.875], "texture": "#0"},
				"up": {"uv": [6, 4, 3.5, 3.5], "texture": "#0"},
				"down": {"uv": [6, 3, 3.5, 3.5], "texture": "#0"}
			}
		},
		{
			"from": [5.95706, -1, -2.07107],
			"to": [9.95706, 0, 17.92893],
			"rotation": {"angle": 45, "axis": "y", "origin": [7.95706, -0.5, 7.92893]},
			"faces": {
				"north": {"uv": [0.5, 11.5, 1, 11.625], "texture": "#0"},
				"east": {"uv": [9.75, 7.5, 12.25, 7.625], "texture": "#0"},
				"south": {"uv": [2.375, 11.5, 2.875, 11.625], "texture": "#0"},
				"west": {"uv": [9.75, 7.625, 12.25, 7.75], "texture": "#0"},
				"up": {"uv": [2, 6.375, 1.5, 3.875], "texture": "#0"},
				"down": {"uv": [2.5, 3.875, 2, 6.375], "texture": "#0"}
			}
		},
		{
			"from": [-2.09762, 0, 5.87425],
			"to": [0.90238, 6, 9.87425],
			"rotation": {"angle": 0, "axis": "y", "origin": [7.95706, 0.5, 8.44456]},
			"faces": {
				"north": {"uv": [2, 9.75, 2.375, 10.5], "texture": "#0"},
				"east": {"uv": [8.5, 4.875, 9, 5.625], "texture": "#0"},
				"south": {"uv": [3.5, 9.75, 3.875, 10.5], "texture": "#0"},
				"west": {"uv": [8, 8.75, 8.5, 9.5], "texture": "#0"},
				"up": {"uv": [1.875, 3.75, 1.5, 3.25], "texture": "#0"},
				"down": {"uv": [4.5, 6.375, 4.125, 6.875], "texture": "#0"}
			}
		},
		{
			"from": [6.17531, 0, -2.13702],
			"to": [9.17531, 6, 0.86298],
			"rotation": {"angle": 22.5, "axis": "y", "origin": [7.95706, 0.5, 8.44456]},
			"faces": {
				"north": {"uv": [5, 9.75, 5.375, 10.5], "texture": "#0"},
				"east": {"uv": [5.875, 9.75, 6.25, 10.5], "texture": "#0"},
				"south": {"uv": [6.5, 9.75, 6.875, 10.5], "texture": "#0"},
				"west": {"uv": [9, 9.75, 9.375, 10.5], "texture": "#0"},
				"up": {"uv": [8.875, 11.375, 8.5, 11], "texture": "#0"},
				"down": {"uv": [9.375, 11, 9, 11.375], "texture": "#0"}
			}
		},
		{
			"from": [8.17531, 6, -2.13702],
			"to": [9.17531, 13, 0.86298],
			"rotation": {"angle": 22.5, "axis": "y", "origin": [7.95706, 6.5, 8.44456]},
			"faces": {
				"north": {"uv": [5.875, 1.5, 6, 2.375], "texture": "#0"},
				"east": {"uv": [2.125, 6.375, 2.5, 7.25], "texture": "#0"},
				"south": {"uv": [2, 8, 2.125, 8.875], "texture": "#0"},
				"west": {"uv": [4.125, 9.625, 4.5, 10.5], "texture": "#0"},
				"up": {"uv": [7.25, 12.125, 7.125, 11.75], "texture": "#0"},
				"down": {"uv": [11.25, 11.75, 11.125, 12.125], "texture": "#0"}
			}
		},
		{
			"from": [6.17531, 0, 14.97234],
			"to": [10.17531, 6, 17.97234],
			"rotation": {"angle": 22.5, "axis": "y", "origin": [7.95706, 0.5, 8.44456]},
			"faces": {
				"north": {"uv": [8.5, 8.75, 9, 9.5], "texture": "#0"},
				"east": {"uv": [5.375, 9.875, 5.75, 10.625], "texture": "#0"},
				"south": {"uv": [0, 8.875, 0.5, 9.625], "texture": "#0"},
				"west": {"uv": [7.375, 9.875, 7.75, 10.625], "texture": "#0"},
				"up": {"uv": [9.125, 6.75, 8.625, 6.375], "texture": "#0"},
				"down": {"uv": [10.875, 10.5, 10.375, 10.875], "texture": "#0"}
			}
		},
		{
			"from": [-1.87937, 0, 5.91766],
			"to": [1.12063, 6, 9.91766],
			"rotation": {"angle": 22.5, "axis": "y", "origin": [7.95706, 0.5, 8.44456]},
			"faces": {
				"north": {"uv": [9.875, 0, 10.25, 0.75], "texture": "#0"},
				"east": {"uv": [4.125, 8.875, 4.625, 9.625], "texture": "#0"},
				"south": {"uv": [9.875, 2.625, 10.25, 3.375], "texture": "#0"},
				"west": {"uv": [8.875, 2.625, 9.375, 3.375], "texture": "#0"},
				"up": {"uv": [6.875, 11, 6.5, 10.5], "texture": "#0"},
				"down": {"uv": [9.375, 10.5, 9, 11], "texture": "#0"}
			}
		},
		{
			"from": [6.36033, 0, -2.01339],
			"to": [10.36033, 6, 0.98661],
			"rotation": {"angle": 45, "axis": "y", "origin": [7.95706, 0.5, 8.44456]},
			"faces": {
				"north": {"uv": [8.875, 3.375, 9.375, 4.125], "texture": "#0"},
				"east": {"uv": [9.875, 3.375, 10.25, 4.125], "texture": "#0"},
				"south": {"uv": [2, 9, 2.5, 9.75], "texture": "#0"},
				"west": {"uv": [9.875, 6.375, 10.25, 7.125], "texture": "#0"},
				"up": {"uv": [1, 11, 0.5, 10.625], "texture": "#0"},
				"down": {"uv": [11.125, 0, 10.625, 0.375], "texture": "#0"}
			}
		},
		{
			"from": [15.22999, 0, 5.91766],
			"to": [18.22999, 6, 9.91766],
			"rotation": {"angle": 22.5, "axis": "y", "origin": [7.95706, 0.5, 8.44456]},
			"faces": {
				"north": {"uv": [2.375, 10, 2.75, 10.75], "texture": "#0"},
				"east": {"uv": [5, 9, 5.5, 9.75], "texture": "#0"},
				"south": {"uv": [10, 10, 10.375, 10.75], "texture": "#0"},
				"west": {"uv": [6.5, 9, 7, 9.75], "texture": "#0"},
				"up": {"uv": [5.75, 11.125, 5.375, 10.625], "texture": "#0"},
				"down": {"uv": [7.75, 10.625, 7.375, 11.125], "texture": "#0"}
			}
		},
		{
			"from": [6.36033, 0, 15.09597],
			"to": [10.36033, 6, 18.09597],
			"rotation": {"angle": 45, "axis": "y", "origin": [7.95706, 0.5, 8.44456]},
			"faces": {
				"north": {"uv": [9, 9, 9.5, 9.75], "texture": "#0"},
				"east": {"uv": [10, 0.75, 10.375, 1.5], "texture": "#0"},
				"south": {"uv": [9, 4.875, 9.5, 5.625], "texture": "#0"},
				"west": {"uv": [10, 1.5, 10.375, 2.25], "texture": "#0"},
				"up": {"uv": [11.125, 0.75, 10.625, 0.375], "texture": "#0"},
				"down": {"uv": [11.125, 2.25, 10.625, 2.625], "texture": "#0"}
			}
		},
		{
			"from": [-1.69435, 0, 6.04129],
			"to": [1.30565, 6, 10.04129],
			"rotation": {"angle": 45, "axis": "y", "origin": [7.95706, 0.5, 8.44456]},
			"faces": {
				"north": {"uv": [10, 4.125, 10.375, 4.875], "texture": "#0"},
				"east": {"uv": [7.375, 9.125, 7.875, 9.875], "texture": "#0"},
				"south": {"uv": [10, 4.875, 10.375, 5.625], "texture": "#0"},
				"west": {"uv": [2.5, 9.25, 3, 10], "texture": "#0"},
				"up": {"uv": [11, 3.125, 10.625, 2.625], "texture": "#0"},
				"down": {"uv": [11, 3.125, 10.625, 3.625], "texture": "#0"}
			}
		},
		{
			"from": [-2.31587, 0, 5.91766],
			"to": [0.68413, 6, 9.91766],
			"rotation": {"angle": -22.5, "axis": "y", "origin": [7.95706, 0.5, 8.44456]},
			"faces": {
				"north": {"uv": [10, 8, 10.375, 8.75], "texture": "#0"},
				"east": {"uv": [9.375, 2.625, 9.875, 3.375], "texture": "#0"},
				"south": {"uv": [6.875, 10.125, 7.25, 10.875], "texture": "#0"},
				"west": {"uv": [9.375, 3.375, 9.875, 4.125], "texture": "#0"},
				"up": {"uv": [11, 6.875, 10.625, 6.375], "texture": "#0"},
				"down": {"uv": [2.75, 10.75, 2.375, 11.25], "texture": "#0"}
			}
		},
		{
			"from": [15.41501, 0, 6.04129],
			"to": [18.41501, 6, 10.04129],
			"rotation": {"angle": 45, "axis": "y", "origin": [7.95706, 0.5, 8.44456]},
			"faces": {
				"north": {"uv": [2.75, 10.25, 3.125, 11], "texture": "#0"},
				"east": {"uv": [9.375, 6.375, 9.875, 7.125], "texture": "#0"},
				"south": {"uv": [3.125, 10.25, 3.5, 11], "texture": "#0"},
				"west": {"uv": [3, 9.5, 3.5, 10.25], "texture": "#0"},
				"up": {"uv": [10.375, 11.25, 10, 10.75], "texture": "#0"},
				"down": {"uv": [7.25, 10.875, 6.875, 11.375], "texture": "#0"}
			}
		},
		{
			"from": [14.79349, 0, 5.91766],
			"to": [17.79349, 6, 9.91766],
			"rotation": {"angle": -22.5, "axis": "y", "origin": [7.95706, 0.5, 8.44456]},
			"faces": {
				"north": {"uv": [4.625, 10.25, 5, 11], "texture": "#0"},
				"east": {"uv": [7.875, 9.5, 8.375, 10.25], "texture": "#0"},
				"south": {"uv": [7.75, 10.25, 8.125, 11], "texture": "#0"},
				"west": {"uv": [8.375, 9.5, 8.875, 10.25], "texture": "#0"},
				"up": {"uv": [10.75, 11.375, 10.375, 10.875], "texture": "#0"},
				"down": {"uv": [11.125, 10.875, 10.75, 11.375], "texture": "#0"}
			}
		},
		{
			"from": [5.73881, 0, 14.97234],
			"to": [9.73881, 6, 17.97234],
			"rotation": {"angle": -22.5, "axis": "y", "origin": [7.95706, 0.5, 8.44456]},
			"faces": {
				"north": {"uv": [9.5, 9.5, 10, 10.25], "texture": "#0"},
				"east": {"uv": [8.125, 10.25, 8.5, 11], "texture": "#0"},
				"south": {"uv": [9.5, 4.875, 10, 5.625], "texture": "#0"},
				"west": {"uv": [8.5, 10.25, 8.875, 11], "texture": "#0"},
				"up": {"uv": [11.375, 10.875, 10.875, 10.5], "texture": "#0"},
				"down": {"uv": [1, 11, 0.5, 11.375], "texture": "#0"}
			}
		},
		{
			"from": [6.73881, 0, -2.13702],
			"to": [9.73881, 6, 0.86298],
			"rotation": {"angle": -22.5, "axis": "y", "origin": [7.95706, 0.5, 8.44456]},
			"faces": {
				"north": {"uv": [9.375, 10.25, 9.75, 11], "texture": "#0"},
				"east": {"uv": [10.25, 0, 10.625, 0.75], "texture": "#0"},
				"south": {"uv": [10.25, 2.25, 10.625, 3], "texture": "#0"},
				"west": {"uv": [10.25, 3, 10.625, 3.75], "texture": "#0"},
				"up": {"uv": [9.75, 11.375, 9.375, 11], "texture": "#0"},
				"down": {"uv": [11.375, 2.625, 11, 3], "texture": "#0"}
			}
		},
		{
			"from": [6.73881, 6, -2.13702],
			"to": [7.73881, 13, 0.86298],
			"rotation": {"angle": -22.5, "axis": "y", "origin": [7.95706, 6.5, 8.44456]},
			"faces": {
				"north": {"uv": [6, 10.5, 6.125, 11.375], "texture": "#0"},
				"east": {"uv": [0.5, 9.75, 0.875, 10.625], "texture": "#0"},
				"south": {"uv": [6.125, 10.5, 6.25, 11.375], "texture": "#0"},
				"west": {"uv": [0.875, 9.75, 1.25, 10.625], "texture": "#0"},
				"up": {"uv": [11.375, 12.125, 11.25, 11.75], "texture": "#0"},
				"down": {"uv": [11.5, 11.75, 11.375, 12.125], "texture": "#0"}
			}
		},
		{
			"from": [15.01174, 0, 5.87425],
			"to": [18.01174, 6, 9.87425],
			"rotation": {"angle": 0, "axis": "y", "origin": [7.95706, 0.5, 8.44456]},
			"faces": {
				"north": {"uv": [10.25, 6.375, 10.625, 7.125], "texture": "#0"},
				"east": {"uv": [9.5, 8.375, 10, 9.125], "texture": "#0"},
				"south": {"uv": [0, 10.375, 0.375, 11.125], "texture": "#0"},
				"west": {"uv": [0, 9.625, 0.5, 10.375], "texture": "#0"},
				"up": {"uv": [3.125, 11.5, 2.75, 11], "texture": "#0"},
				"down": {"uv": [3.5, 11, 3.125, 11.5], "texture": "#0"}
			}
		},
		{
			"from": [18.01174, 0, 5.87425],
			"to": [19.01174, 13, 9.87425],
			"rotation": {"angle": 0, "axis": "y", "origin": [10.95706, 0.5, 8.44456]},
			"faces": {
				"north": {"uv": [3.75, 10.5, 3.875, 12.125], "texture": "#0"},
				"east": {"uv": [7.5, 7.5, 8, 9.125], "texture": "#0"},
				"south": {"uv": [4.125, 10.5, 4.25, 12.125], "texture": "#0"},
				"west": {"uv": [2.625, 7.625, 3.125, 9.25], "texture": "#0"},
				"up": {"uv": [4.75, 11.875, 4.625, 11.375], "texture": "#0"},
				"down": {"uv": [4.875, 11.375, 4.75, 11.875], "texture": "#0"}
			}
		},
		{
			"from": [18.07774, 0, 4.69047],
			"to": [19.07774, 13, 9.06547],
			"rotation": {"angle": 22.5, "axis": "y", "origin": [11.02307, 0.5, 7.63578]},
			"faces": {
				"north": {"uv": [4.25, 10.5, 4.375, 12.125], "texture": "#0"},
				"east": {"uv": [7.625, 0, 8.125, 1.625], "texture": "#0"},
				"south": {"uv": [4.375, 10.5, 4.5, 12.125], "texture": "#0"},
				"west": {"uv": [7.625, 1.625, 8.125, 3.25], "texture": "#0"},
				"up": {"uv": [5, 11.875, 4.875, 11.375], "texture": "#0"},
				"down": {"uv": [6.125, 11.375, 6, 11.875], "texture": "#0"}
			}
		},
		{
			"from": [14.93715, 0, -1.54847],
			"to": [15.93715, 13, 2.82653],
			"rotation": {"angle": 45, "axis": "y", "origin": [15.43715, 2, 0.63903]},
			"faces": {
				"north": {"uv": [5, 10.5, 5.125, 12.125], "texture": "#0"},
				"east": {"uv": [7.625, 3.25, 8.125, 4.875], "texture": "#0"},
				"south": {"uv": [5.125, 10.5, 5.25, 12.125], "texture": "#0"},
				"west": {"uv": [7.625, 4.875, 8.125, 6.5], "texture": "#0"},
				"up": {"uv": [6.25, 11.875, 6.125, 11.375], "texture": "#0"},
				"down": {"uv": [7.125, 11.375, 7, 11.875], "texture": "#0"}
			}
		},
		{
			"from": [10.76796, 0, -1.75381],
			"to": [14.14296, 13, -0.75381],
			"rotation": {"angle": -22.5, "axis": "y", "origin": [12.95546, 2, -1.25381]},
			"faces": {
				"north": {"uv": [8.125, 2.75, 8.5, 4.375], "texture": "#0"},
				"east": {"uv": [5.25, 10.5, 5.375, 12.125], "texture": "#0"},
				"south": {"uv": [8.125, 4.375, 8.5, 6], "texture": "#0"},
				"west": {"uv": [5.875, 10.5, 6, 12.125], "texture": "#0"},
				"up": {"uv": [11.875, 11.875, 11.5, 11.75], "texture": "#0"},
				"down": {"uv": [0.375, 11.875, 0, 12], "texture": "#0"}
			}
		}
	],
	"display": {
		"thirdperson_righthand": {
			"translation": [0, 3, 1],
			"scale": [0.55, 0.55, 0.55]
		},
		"thirdperson_lefthand": {
			"translation": [0, 3, 1],
			"scale": [0.55, 0.55, 0.55]
		},
		"firstperson_righthand": {
			"rotation": [0, -90, 25],
			"translation": [1.13, 3.2, 1.13],
			"scale": [0.68, 0.68, 0.68]
		},
		"firstperson_lefthand": {
			"rotation": [0, -90, 25],
			"translation": [1.13, 3.2, 1.13],
			"scale": [0.68, 0.68, 0.68]
		},
		"ground": {
			"translation": [0, 2, 0],
			"scale": [0.5, 0.5, 0.5]
		},
		"head": {
			"translation": [0, -20, 0],
			"scale": [2, 2, 2]
		},
		"fixed": {
			"rotation": [0, 180, 0]
		}
	}
}