{
	"credit": "Made with Blockbench",
	"texture_size": [64, 64],
	"textures": {
		"0": "ohben/CarouselPole",
		"particle": "ohben/CarouselPole"
	},
	"elements": [
		{
			"from": [6, 0, 6],
			"to": [10, 3, 10],
			"rotation": {"angle": 0, "axis": "y", "origin": [16, 8, 15]},
			"faces": {
				"north": {"uv": [2, 0, 3, 0.75], "texture": "#0"},
				"east": {"uv": [2, 0.75, 3, 1.5], "texture": "#0"},
				"south": {"uv": [2, 3, 3, 3.75], "texture": "#0"},
				"west": {"uv": [3, 3, 4, 3.75], "texture": "#0"},
				"up": {"uv": [2, 1, 1, 0], "texture": "#0"},
				"down": {"uv": [3, 2, 2, 3], "texture": "#0"}
			}
		},
		{
			"from": [7, 3, 7],
			"to": [9, 32, 9],
			"rotation": {"angle": 0, "axis": "y", "origin": [15, 13, 15]},
			"faces": {
				"north": {"uv": [0, 0, 0.5, 7.25], "texture": "#0"},
				"east": {"uv": [0.5, 0.5, 1, 7.75], "texture": "#0"},
				"south": {"uv": [1, 1, 1.5, 8.25], "texture": "#0"},
				"west": {"uv": [1.5, 1.5, 2, 8.75], "texture": "#0"},
				"up": {"uv": [1, 0.5, 0.5, 0], "texture": "#0"},
				"down": {"uv": [2, 1, 1.5, 1.5], "texture": "#0"}
			}
		}
	],
	"display": {
		"thirdperson_righthand": {
			"translation": [0, 3, 1],
			"scale": [0.55, 0.55, 0.55]
		},
		"thirdperson_lefthand": {
			"translation": [0, 3, 1],
			"scale": [0.55, 0.55, 0.55]
		},
		"firstperson_righthand": {
			"rotation": [0, -90, 25],
			"translation": [1.13, 3.2, 1.13],
			"scale": [0.5, 0.5, 0.5]
		},
		"firstperson_lefthand": {
			"rotation": [0, -90, 25],
			"translation": [1.13, 3.2, 1.13],
			"scale": [0.5, 0.5, 0.5]
		},
		"ground": {
			"translation": [0, 2, 0],
			"scale": [0.5, 0.5, 0.5]
		},
		"gui": {
			"translation": [0, -2.75, 0],
			"scale": [0.25, 0.25, 0.25]
		},
		"head": {
			"scale": [2.5, 2.5, 2.5]
		},
		"fixed": {
			"rotation": [0, 180, 0],
			"translation": [0, -3, 0],
			"scale": [0.25, 0.25, 0.25]
		}
	}
}