{
	"credit": "Made with Blockbench",
	"texture_size": [128, 128],
	"textures": {
		"0": "ohben/YellowPokeHorseCar",
		"particle": "ohben/YellowPokeHorseCar"
	},
	"elements": [
		{
			"from": [1.75, 0, -8.5],
			"to": [14.25, 8, 19],
			"rotation": {"angle": 0, "axis": "y", "origin": [8, 9, 8]},
			"faces": {
				"north": {"uv": [3.25, 1, 4.875, 2], "texture": "#0"},
				"east": {"uv": [1.625, 0, 5.125, 1], "texture": "#0"},
				"south": {"uv": [3.25, 2, 4.875, 3], "texture": "#0"},
				"west": {"uv": [3.25, 3.25, 6.75, 4.25], "texture": "#0"},
				"up": {"uv": [1.625, 3.5, 0, 0], "texture": "#0"},
				"down": {"uv": [3.25, 1.625, 1.625, 5.125], "texture": "#0"}
			}
		},
		{
			"from": [4.75, 8, -10],
			"to": [11.25, 17, -4],
			"rotation": {"angle": 0, "axis": "y", "origin": [8, 17, 8]},
			"faces": {
				"north": {"uv": [4.5, 4.5, 5.375, 5.625], "texture": "#0"},
				"east": {"uv": [0.875, 5, 1.625, 6.125], "texture": "#0"},
				"south": {"uv": [4.875, 1, 5.75, 2.125], "texture": "#0"},
				"west": {"uv": [1.625, 5.125, 2.375, 6.25], "texture": "#0"},
				"up": {"uv": [6, 0.75, 5.125, 0], "texture": "#0"},
				"down": {"uv": [6.25, 4.25, 5.375, 5], "texture": "#0"}
			}
		},
		{
			"from": [4.75, 4.36261, -9.17702],
			"to": [11.25, 8.36261, -7.67702],
			"rotation": {"angle": -22.5, "axis": "x", "origin": [8, 6.11261, -8.67702]},
			"faces": {
				"north": {"uv": [6, 6, 6.875, 6.5], "texture": "#0"},
				"east": {"uv": [3.875, 7.25, 4.125, 7.75], "texture": "#0"},
				"south": {"uv": [6, 0, 6.875, 0.5], "texture": "#0"},
				"west": {"uv": [7.25, 1.5, 7.5, 2], "texture": "#0"},
				"up": {"uv": [4.125, 3.25, 3.25, 3], "texture": "#0"},
				"down": {"uv": [5.375, 4.25, 4.5, 4.5], "texture": "#0"}
			}
		},
		{
			"from": [5.5, 6.78859, -4.31284],
			"to": [10.5, 19.78859, -3.06284],
			"rotation": {"angle": -22.5, "axis": "x", "origin": [7.25, 17.53859, -4.06284]},
			"faces": {
				"north": {"uv": [3.25, 4.25, 3.875, 5.875], "texture": "#0"},
				"east": {"uv": [4.375, 5.875, 4.5, 7.5], "texture": "#0"},
				"south": {"uv": [3.875, 4.25, 4.5, 5.875], "texture": "#0"},
				"west": {"uv": [0.5, 6.5, 0.625, 8.125], "texture": "#0"},
				"up": {"uv": [8.375, 2.75, 7.75, 2.625], "texture": "#0"},
				"down": {"uv": [8.375, 2.75, 7.75, 2.875], "texture": "#0"}
			}
		},
		{
			"from": [7, 6.78859, -3.06284],
			"to": [9, 23.78859, -2.56284],
			"rotation": {"angle": -22.5, "axis": "x", "origin": [7.25, 17.53859, -3.56284]},
			"faces": {
				"north": {"uv": [3, 5.125, 3.25, 7.25], "texture": "#0"},
				"east": {"uv": [4.125, 5.875, 4.25, 8], "texture": "#0"},
				"south": {"uv": [5.125, 5.625, 5.375, 7.75], "texture": "#0"},
				"west": {"uv": [4.25, 5.875, 4.375, 8], "texture": "#0"},
				"up": {"uv": [8.625, 2.125, 8.375, 2], "texture": "#0"},
				"down": {"uv": [8.625, 4.375, 8.375, 4.5], "texture": "#0"}
			}
		},
		{
			"from": [4.75, 17, -13],
			"to": [11.25, 21, -5],
			"rotation": {"angle": 0, "axis": "y", "origin": [8, 27, 7]},
			"faces": {
				"north": {"uv": [5.75, 2.125, 6.625, 2.625], "texture": "#0"},
				"east": {"uv": [1.625, 1, 2.625, 1.5], "texture": "#0"},
				"south": {"uv": [5.75, 2.625, 6.625, 3.125], "texture": "#0"},
				"west": {"uv": [5.75, 1.625, 6.75, 2.125], "texture": "#0"},
				"up": {"uv": [5.75, 3.125, 4.875, 2.125], "texture": "#0"},
				"down": {"uv": [0.875, 5, 0, 6], "texture": "#0"}
			}
		},
		{
			"from": [5.5, 17, -14.25],
			"to": [10.5, 21, -13],
			"rotation": {"angle": 0, "axis": "y", "origin": [8, 27, -1]},
			"faces": {
				"north": {"uv": [2.625, 1, 3.25, 1.5], "texture": "#0"},
				"east": {"uv": [6.875, 6, 7, 6.5], "texture": "#0"},
				"south": {"uv": [0.875, 6.125, 1.5, 6.625], "texture": "#0"},
				"west": {"uv": [3.75, 7.875, 3.875, 8.375], "texture": "#0"},
				"up": {"uv": [8.375, 1.75, 7.75, 1.625], "texture": "#0"},
				"down": {"uv": [8.375, 1.75, 7.75, 1.875], "texture": "#0"}
			}
		},
		{
			"from": [6.5, 17.5, -15.5],
			"to": [9.5, 20.25, -14.25],
			"rotation": {"angle": 0, "axis": "y", "origin": [8, 27, -2.25]},
			"faces": {
				"north": {"uv": [2.125, 7.125, 2.5, 7.5], "texture": "#0"},
				"east": {"uv": [2.625, 6.75, 2.75, 7.125], "texture": "#0"},
				"south": {"uv": [2.5, 7.125, 2.875, 7.5], "texture": "#0"},
				"west": {"uv": [5.375, 8.125, 5.5, 8.5], "texture": "#0"},
				"up": {"uv": [1.5, 6.75, 1.125, 6.625], "texture": "#0"},
				"down": {"uv": [7.625, 5.625, 7.25, 5.75], "texture": "#0"}
			}
		},
		{
			"from": [4.75, 21, -9],
			"to": [11.25, 24, -5],
			"rotation": {"angle": 0, "axis": "y", "origin": [8, 22, -5]},
			"faces": {
				"north": {"uv": [5.375, 5, 6.25, 5.375], "texture": "#0"},
				"east": {"uv": [1.125, 6.75, 1.625, 7.125], "texture": "#0"},
				"south": {"uv": [6, 5.375, 6.875, 5.75], "texture": "#0"},
				"west": {"uv": [1.625, 6.75, 2.125, 7.125], "texture": "#0"},
				"up": {"uv": [4.125, 6.375, 3.25, 5.875], "texture": "#0"},
				"down": {"uv": [0.875, 6, 0, 6.5], "texture": "#0"}
			}
		},
		{
			"from": [5.75, 21, -10],
			"to": [10.25, 23, -9],
			"rotation": {"angle": 0, "axis": "y", "origin": [8, 31, 4]},
			"faces": {
				"north": {"uv": [5.125, 0.75, 5.75, 1], "texture": "#0"},
				"east": {"uv": [3.625, 8, 3.75, 8.25], "texture": "#0"},
				"south": {"uv": [6.75, 5, 7.375, 5.25], "texture": "#0"},
				"west": {"uv": [4, 8.375, 4.125, 8.625], "texture": "#0"},
				"up": {"uv": [6.25, 7.875, 5.625, 7.75], "texture": "#0"},
				"down": {"uv": [6.875, 7.75, 6.25, 7.875], "texture": "#0"}
			}
		},
		{
			"from": [8.75, 21.5, -10.25],
			"to": [9.75, 22.5, -10],
			"rotation": {"angle": 0, "axis": "y", "origin": [8, 31, 3]},
			"faces": {
				"north": {"uv": [2.75, 8.5, 2.875, 8.625], "texture": "#0"},
				"east": {"uv": [2.875, 8.5, 3, 8.625], "texture": "#0"},
				"south": {"uv": [3, 8.5, 3.125, 8.625], "texture": "#0"},
				"west": {"uv": [3.25, 8.5, 3.375, 8.625], "texture": "#0"},
				"up": {"uv": [3.5, 8.625, 3.375, 8.5], "texture": "#0"},
				"down": {"uv": [3.625, 8.5, 3.5, 8.625], "texture": "#0"}
			}
		},
		{
			"from": [6.25, 21.5, -10.25],
			"to": [7.25, 22.5, -10],
			"rotation": {"angle": 0, "axis": "y", "origin": [5.5, 31, 3]},
			"faces": {
				"north": {"uv": [3.625, 8.5, 3.75, 8.625], "texture": "#0"},
				"east": {"uv": [4.125, 8.5, 4.25, 8.625], "texture": "#0"},
				"south": {"uv": [4.25, 8.5, 4.375, 8.625], "texture": "#0"},
				"west": {"uv": [5.375, 8.5, 5.5, 8.625], "texture": "#0"},
				"up": {"uv": [5.625, 8.625, 5.5, 8.5], "texture": "#0"},
				"down": {"uv": [7, 8.5, 6.875, 8.625], "texture": "#0"}
			}
		},
		{
			"from": [6.5, 21, -12.5],
			"to": [9.5, 21.25, -10],
			"rotation": {"angle": 0, "axis": "y", "origin": [8, 31, 1.5]},
			"faces": {
				"north": {"uv": [7.75, 6.625, 8.125, 6.75], "texture": "#0"},
				"east": {"uv": [7.875, 0.75, 8.25, 0.875], "texture": "#0"},
				"south": {"uv": [7.875, 5.25, 8.25, 5.375], "texture": "#0"},
				"west": {"uv": [7.875, 5.875, 8.25, 6], "texture": "#0"},
				"up": {"uv": [3.625, 7.5, 3.25, 7.125], "texture": "#0"},
				"down": {"uv": [5.75, 7.125, 5.375, 7.5], "texture": "#0"}
			}
		},
		{
			"from": [5.5, 16.25, -13],
			"to": [10.5, 17, -10],
			"rotation": {"angle": 0, "axis": "y", "origin": [8, 26.75, 1.5]},
			"faces": {
				"north": {"uv": [7.75, 1.875, 8.375, 2], "texture": "#0"},
				"east": {"uv": [7.875, 7.375, 8.25, 7.5], "texture": "#0"},
				"south": {"uv": [7.75, 2, 8.375, 2.125], "texture": "#0"},
				"west": {"uv": [8.25, 5.25, 8.625, 5.375], "texture": "#0"},
				"up": {"uv": [3.875, 6.75, 3.25, 6.375], "texture": "#0"},
				"down": {"uv": [7, 0.5, 6.375, 0.875], "texture": "#0"}
			}
		},
		{
			"from": [5.5, 17, -5.25],
			"to": [10.5, 20, -4],
			"rotation": {"angle": 0, "axis": "y", "origin": [8, 27.5, 7.5]},
			"faces": {
				"north": {"uv": [6.375, 0.875, 7, 1.25], "texture": "#0"},
				"east": {"uv": [2, 8.375, 2.125, 8.75], "texture": "#0"},
				"south": {"uv": [6.375, 1.25, 7, 1.625], "texture": "#0"},
				"west": {"uv": [3.125, 8.375, 3.25, 8.75], "texture": "#0"},
				"up": {"uv": [8.375, 2.5, 7.75, 2.375], "texture": "#0"},
				"down": {"uv": [8.375, 2.5, 7.75, 2.625], "texture": "#0"}
			}
		},
		{
			"from": [5.5, 20, -5.25],
			"to": [10.5, 20.75, -4],
			"rotation": {"angle": 0, "axis": "y", "origin": [8, 30.5, 7.5]},
			"faces": {
				"north": {"uv": [7.75, 4.125, 8.375, 4.25], "texture": "#0"},
				"east": {"uv": [8.375, 7.75, 8.5, 7.875], "texture": "#0"},
				"south": {"uv": [7.75, 4.25, 8.375, 4.375], "texture": "#0"},
				"west": {"uv": [8.375, 7.875, 8.5, 8], "texture": "#0"},
				"up": {"uv": [8.375, 4.5, 7.75, 4.375], "texture": "#0"},
				"down": {"uv": [8.375, 4.5, 7.75, 4.625], "texture": "#0"}
			}
		},
		{
			"from": [5.5, 20.75, -5.25],
			"to": [10.5, 21.5, -4.25],
			"rotation": {"angle": 0, "axis": "y", "origin": [8, 31.25, 7.5]},
			"faces": {
				"north": {"uv": [7.75, 4.625, 8.375, 4.75], "texture": "#0"},
				"east": {"uv": [8.375, 8, 8.5, 8.125], "texture": "#0"},
				"south": {"uv": [7.75, 5.375, 8.375, 5.5], "texture": "#0"},
				"west": {"uv": [8.375, 8.125, 8.5, 8.25], "texture": "#0"},
				"up": {"uv": [8.375, 5.625, 7.75, 5.5], "texture": "#0"},
				"down": {"uv": [8.375, 6, 7.75, 6.125], "texture": "#0"}
			}
		},
		{
			"from": [5.5, 21.5, -5.25],
			"to": [10.5, 22.25, -4.5],
			"rotation": {"angle": 0, "axis": "y", "origin": [8, 32, 7.5]},
			"faces": {
				"north": {"uv": [7.75, 6.125, 8.375, 6.25], "texture": "#0"},
				"east": {"uv": [8.375, 8.25, 8.5, 8.375], "texture": "#0"},
				"south": {"uv": [7.75, 6.25, 8.375, 6.375], "texture": "#0"},
				"west": {"uv": [0.5, 8.5, 0.625, 8.625], "texture": "#0"},
				"up": {"uv": [8.375, 6.5, 7.75, 6.375], "texture": "#0"},
				"down": {"uv": [8.375, 6.5, 7.75, 6.625], "texture": "#0"}
			}
		},
		{
			"from": [5.5, 8, -4],
			"to": [10.5, 17, -3],
			"rotation": {"angle": 0, "axis": "y", "origin": [8, 18.5, 8.5]},
			"faces": {
				"north": {"uv": [2.375, 5.125, 3, 6.25], "texture": "#0"},
				"east": {"uv": [5, 6.5, 5.125, 7.625], "texture": "#0"},
				"south": {"uv": [5.375, 5.375, 6, 6.5], "texture": "#0"},
				"west": {"uv": [3.75, 6.75, 3.875, 7.875], "texture": "#0"},
				"up": {"uv": [8.375, 3, 7.75, 2.875], "texture": "#0"},
				"down": {"uv": [8.375, 3, 7.75, 3.125], "texture": "#0"}
			}
		},
		{
			"from": [5.5, 8, -3],
			"to": [10.5, 15, -2],
			"rotation": {"angle": 0, "axis": "y", "origin": [8, 18.5, 9.5]},
			"faces": {
				"north": {"uv": [4.5, 5.625, 5.125, 6.5], "texture": "#0"},
				"east": {"uv": [3.625, 7.125, 3.75, 8], "texture": "#0"},
				"south": {"uv": [5.75, 0.75, 6.375, 1.625], "texture": "#0"},
				"west": {"uv": [4.875, 7.25, 5, 8.125], "texture": "#0"},
				"up": {"uv": [8.375, 3.25, 7.75, 3.125], "texture": "#0"},
				"down": {"uv": [8.375, 3.25, 7.75, 3.375], "texture": "#0"}
			}
		},
		{
			"from": [5.5, 8, -2],
			"to": [10.5, 12, -1],
			"rotation": {"angle": 0, "axis": "y", "origin": [8, 18.5, 10.5]},
			"faces": {
				"north": {"uv": [1.5, 6.25, 2.125, 6.75], "texture": "#0"},
				"east": {"uv": [4.625, 7.875, 4.75, 8.375], "texture": "#0"},
				"south": {"uv": [2.125, 6.25, 2.75, 6.75], "texture": "#0"},
				"west": {"uv": [7.875, 6.875, 8, 7.375], "texture": "#0"},
				"up": {"uv": [8.375, 3.5, 7.75, 3.375], "texture": "#0"},
				"down": {"uv": [8.375, 3.75, 7.75, 3.875], "texture": "#0"}
			}
		},
		{
			"from": [5.5, 8, -1],
			"to": [10.5, 10, 0],
			"rotation": {"angle": 0, "axis": "y", "origin": [8, 18.5, 11.5]},
			"faces": {
				"north": {"uv": [6.875, 0, 7.5, 0.25], "texture": "#0"},
				"east": {"uv": [8.375, 3.875, 8.5, 4.125], "texture": "#0"},
				"south": {"uv": [6.875, 0.25, 7.5, 0.5], "texture": "#0"},
				"west": {"uv": [8.375, 4.125, 8.5, 4.375], "texture": "#0"},
				"up": {"uv": [8.375, 4, 7.75, 3.875], "texture": "#0"},
				"down": {"uv": [8.375, 4, 7.75, 4.125], "texture": "#0"}
			}
		},
		{
			"from": [7, 21, -13.75],
			"to": [9, 21.25, -12.5],
			"rotation": {"angle": 0, "axis": "y", "origin": [8, 31, -1]},
			"faces": {
				"north": {"uv": [0.625, 6.5, 0.875, 6.625], "texture": "#0"},
				"east": {"uv": [8.375, 6.375, 8.5, 6.5], "texture": "#0"},
				"south": {"uv": [7, 1.5, 7.25, 1.625], "texture": "#0"},
				"west": {"uv": [8.375, 6.5, 8.5, 6.625], "texture": "#0"},
				"up": {"uv": [7.5, 6.625, 7.25, 6.5], "texture": "#0"},
				"down": {"uv": [7.625, 7.125, 7.375, 7.25], "texture": "#0"}
			}
		},
		{
			"from": [6.5, 16.25, -13.75],
			"to": [9.5, 17, -13],
			"rotation": {"angle": 0, "axis": "y", "origin": [8, 26.75, -1]},
			"faces": {
				"north": {"uv": [8.25, 5.875, 8.625, 6], "texture": "#0"},
				"east": {"uv": [8.375, 7.5, 8.5, 7.625], "texture": "#0"},
				"south": {"uv": [8.25, 7.375, 8.625, 7.5], "texture": "#0"},
				"west": {"uv": [8.375, 7.625, 8.5, 7.75], "texture": "#0"},
				"up": {"uv": [8.75, 1.125, 8.375, 1], "texture": "#0"},
				"down": {"uv": [8.75, 1.125, 8.375, 1.25], "texture": "#0"}
			}
		},
		{
			"from": [5.75, 23, -9.5],
			"to": [10.25, 23.5, -9],
			"rotation": {"angle": 0, "axis": "y", "origin": [8, 32, 4]},
			"faces": {
				"north": {"uv": [7.75, 0.875, 8.375, 1], "texture": "#0"},
				"east": {"uv": [2.875, 7.125, 3, 7.25], "texture": "#0"},
				"south": {"uv": [7.75, 1, 8.375, 1.125], "texture": "#0"},
				"west": {"uv": [7.375, 1.375, 7.5, 1.5], "texture": "#0"},
				"up": {"uv": [8.375, 1.5, 7.75, 1.375], "texture": "#0"},
				"down": {"uv": [8.375, 1.5, 7.75, 1.625], "texture": "#0"}
			}
		},
		{
			"from": [7.75, 23, -10],
			"to": [8.25, 23.5, -9.5],
			"rotation": {"angle": 0, "axis": "y", "origin": [8, 32, 3.5]},
			"faces": {
				"north": {"uv": [7, 8.5, 7.125, 8.625], "texture": "#0"},
				"east": {"uv": [7.125, 8.5, 7.25, 8.625], "texture": "#0"},
				"south": {"uv": [7.25, 8.5, 7.375, 8.625], "texture": "#0"},
				"west": {"uv": [7.375, 8.5, 7.5, 8.625], "texture": "#0"},
				"up": {"uv": [7.625, 8.625, 7.5, 8.5], "texture": "#0"},
				"down": {"uv": [7.75, 8.5, 7.625, 8.625], "texture": "#0"}
			}
		},
		{
			"from": [5.25, 21, -9.5],
			"to": [5.75, 23, -9],
			"rotation": {"angle": 0, "axis": "y", "origin": [3.5, 31, 4]},
			"faces": {
				"north": {"uv": [8.375, 1.5, 8.5, 1.75], "texture": "#0"},
				"east": {"uv": [8.375, 1.75, 8.5, 2], "texture": "#0"},
				"south": {"uv": [8.375, 2.375, 8.5, 2.625], "texture": "#0"},
				"west": {"uv": [8.375, 2.625, 8.5, 2.875], "texture": "#0"},
				"up": {"uv": [1.625, 6.25, 1.5, 6.125], "texture": "#0"},
				"down": {"uv": [7, 6.75, 6.875, 6.875], "texture": "#0"}
			}
		},
		{
			"from": [10.25, 21, -9.5],
			"to": [10.75, 23, -9],
			"rotation": {"angle": 0, "axis": "y", "origin": [8.5, 31, 4]},
			"faces": {
				"north": {"uv": [8.375, 2.875, 8.5, 3.125], "texture": "#0"},
				"east": {"uv": [8.375, 3.125, 8.5, 3.375], "texture": "#0"},
				"south": {"uv": [8.375, 3.375, 8.5, 3.625], "texture": "#0"},
				"west": {"uv": [8.375, 3.625, 8.5, 3.875], "texture": "#0"},
				"up": {"uv": [7.5, 3.25, 7.375, 3.125], "texture": "#0"},
				"down": {"uv": [4.5, 7.5, 4.375, 7.625], "texture": "#0"}
			}
		},
		{
			"from": [9.92678, 22.71967, -9.5],
			"to": [10.64553, 23.21967, -9],
			"rotation": {"angle": -45, "axis": "z", "origin": [10.42678, 22.96967, -9.25]},
			"faces": {
				"north": {"uv": [5, 7.625, 5.125, 7.75], "texture": "#0"},
				"east": {"uv": [0.5, 8.125, 0.625, 8.25], "texture": "#0"},
				"south": {"uv": [8.125, 6.625, 8.25, 6.75], "texture": "#0"},
				"west": {"uv": [1, 8.25, 1.125, 8.375], "texture": "#0"},
				"up": {"uv": [8.375, 0.875, 8.25, 0.75], "texture": "#0"},
				"down": {"uv": [8.5, 5.375, 8.375, 5.5], "texture": "#0"}
			}
		},
		{
			"from": [5.2721, 22.91854, -9.5],
			"to": [5.99085, 23.41854, -9],
			"rotation": {"angle": 45, "axis": "z", "origin": [5.7721, 23.16854, -9.25]},
			"faces": {
				"north": {"uv": [8.375, 5.5, 8.5, 5.625], "texture": "#0"},
				"east": {"uv": [8.375, 5.625, 8.5, 5.75], "texture": "#0"},
				"south": {"uv": [8.375, 5.75, 8.5, 5.875], "texture": "#0"},
				"west": {"uv": [8.375, 6, 8.5, 6.125], "texture": "#0"},
				"up": {"uv": [8.5, 6.25, 8.375, 6.125], "texture": "#0"},
				"down": {"uv": [8.5, 6.25, 8.375, 6.375], "texture": "#0"}
			}
		},
		{
			"from": [4.75, 24, -7],
			"to": [7, 25.5, -5],
			"rotation": {"angle": 0, "axis": "y", "origin": [12.75, 32, 1]},
			"faces": {
				"north": {"uv": [0, 7.875, 0.25, 8.125], "texture": "#0"},
				"east": {"uv": [0.25, 7.875, 0.5, 8.125], "texture": "#0"},
				"south": {"uv": [4.375, 7.875, 4.625, 8.125], "texture": "#0"},
				"west": {"uv": [5.625, 7.875, 5.875, 8.125], "texture": "#0"},
				"up": {"uv": [6.125, 8.125, 5.875, 7.875], "texture": "#0"},
				"down": {"uv": [6.375, 7.875, 6.125, 8.125], "texture": "#0"}
			}
		},
		{
			"from": [9, 24, -7],
			"to": [11.25, 25.5, -5],
			"rotation": {"angle": 0, "axis": "y", "origin": [17, 32, 1]},
			"faces": {
				"north": {"uv": [6.375, 7.875, 6.625, 8.125], "texture": "#0"},
				"east": {"uv": [6.625, 7.875, 6.875, 8.125], "texture": "#0"},
				"south": {"uv": [7.875, 7.875, 8.125, 8.125], "texture": "#0"},
				"west": {"uv": [7.875, 0.25, 8.125, 0.5], "texture": "#0"},
				"up": {"uv": [8.125, 0.75, 7.875, 0.5], "texture": "#0"},
				"down": {"uv": [8.125, 1.125, 7.875, 1.375], "texture": "#0"}
			}
		},
		{
			"from": [7, 24, -8.25],
			"to": [9, 24.5, -5],
			"rotation": {"angle": 0, "axis": "y", "origin": [15, 32, 1]},
			"faces": {
				"north": {"uv": [8.375, 4.5, 8.625, 4.625], "texture": "#0"},
				"east": {"uv": [8.375, 1.25, 8.75, 1.375], "texture": "#0"},
				"south": {"uv": [8.375, 4.625, 8.625, 4.75], "texture": "#0"},
				"west": {"uv": [8.375, 1.375, 8.75, 1.5], "texture": "#0"},
				"up": {"uv": [7.75, 1.75, 7.5, 1.375], "texture": "#0"},
				"down": {"uv": [7.75, 1.75, 7.5, 2.125], "texture": "#0"}
			}
		},
		{
			"from": [13, -1.5, -6.5],
			"to": [15, 1.5, -3.5],
			"rotation": {"angle": 0, "axis": "y", "origin": [22, 8.5, 1.5]},
			"faces": {
				"north": {"uv": [7.5, 2.375, 7.75, 2.75], "texture": "#0"},
				"east": {"uv": [5.75, 7.125, 6.125, 7.5], "texture": "#0"},
				"south": {"uv": [7.5, 2.75, 7.75, 3.125], "texture": "#0"},
				"west": {"uv": [6.125, 7.125, 6.5, 7.5], "texture": "#0"},
				"up": {"uv": [7.75, 3.5, 7.5, 3.125], "texture": "#0"},
				"down": {"uv": [7.75, 4, 7.5, 4.375], "texture": "#0"}
			}
		},
		{
			"from": [13, -1.5, 14.5],
			"to": [15, 1.5, 17.5],
			"rotation": {"angle": 0, "axis": "y", "origin": [22, 8.5, 22.5]},
			"faces": {
				"north": {"uv": [7.375, 7.625, 7.625, 8], "texture": "#0"},
				"east": {"uv": [7.125, 2.75, 7.5, 3.125], "texture": "#0"},
				"south": {"uv": [7.625, 7.625, 7.875, 8], "texture": "#0"},
				"west": {"uv": [7.125, 4, 7.5, 4.375], "texture": "#0"},
				"up": {"uv": [7.875, 0.875, 7.625, 0.5], "texture": "#0"},
				"down": {"uv": [7.875, 5.625, 7.625, 6], "texture": "#0"}
			}
		},
		{
			"from": [1, -1.5, 14.5],
			"to": [3, 1.5, 17.5],
			"rotation": {"angle": 0, "axis": "y", "origin": [10, 8.5, 22.5]},
			"faces": {
				"north": {"uv": [1.875, 7.75, 2.125, 8.125], "texture": "#0"},
				"east": {"uv": [7.125, 4.375, 7.5, 4.75], "texture": "#0"},
				"south": {"uv": [3.875, 7.75, 4.125, 8.125], "texture": "#0"},
				"west": {"uv": [2.875, 7.25, 3.25, 7.625], "texture": "#0"},
				"up": {"uv": [5.25, 8.125, 5, 7.75], "texture": "#0"},
				"down": {"uv": [5.5, 7.75, 5.25, 8.125], "texture": "#0"}
			}
		},
		{
			"from": [1, -7.5, 15.08579],
			"to": [3, -0.5, 17.08579],
			"rotation": {"angle": 45, "axis": "x", "origin": [2, -1.5, 16.08579]},
			"faces": {
				"north": {"uv": [2.75, 6.25, 3, 7.125], "texture": "#0"},
				"east": {"uv": [3.875, 6.375, 4.125, 7.25], "texture": "#0"},
				"south": {"uv": [0, 6.5, 0.25, 7.375], "texture": "#0"},
				"west": {"uv": [0.25, 6.5, 0.5, 7.375], "texture": "#0"},
				"up": {"uv": [1.75, 8.625, 1.5, 8.375], "texture": "#0"},
				"down": {"uv": [2, 8.375, 1.75, 8.625], "texture": "#0"}
			}
		},
		{
			"from": [13, -4.5, 14.91421],
			"to": [15, -0.5, 16.91421],
			"rotation": {"angle": -45, "axis": "x", "origin": [14, -1.5, 15.91421]},
			"faces": {
				"north": {"uv": [2.125, 7.5, 2.375, 8], "texture": "#0"},
				"east": {"uv": [2.375, 7.5, 2.625, 8], "texture": "#0"},
				"south": {"uv": [2.625, 7.5, 2.875, 8], "texture": "#0"},
				"west": {"uv": [3.25, 7.5, 3.5, 8], "texture": "#0"},
				"up": {"uv": [8.375, 0.5, 8.125, 0.25], "texture": "#0"},
				"down": {"uv": [8.375, 0.5, 8.125, 0.75], "texture": "#0"}
			}
		},
		{
			"from": [1, -1.5, -6.5],
			"to": [3, 1.5, -3.5],
			"rotation": {"angle": 0, "axis": "y", "origin": [10, 8.5, 1.5]},
			"faces": {
				"north": {"uv": [7.5, 6.375, 7.75, 6.75], "texture": "#0"},
				"east": {"uv": [6.5, 7.125, 6.875, 7.5], "texture": "#0"},
				"south": {"uv": [0.625, 7.625, 0.875, 8], "texture": "#0"},
				"west": {"uv": [7.125, 2.375, 7.5, 2.75], "texture": "#0"},
				"up": {"uv": [1.125, 8, 0.875, 7.625], "texture": "#0"},
				"down": {"uv": [3.125, 7.625, 2.875, 8], "texture": "#0"}
			}
		},
		{
			"from": [13, -4.64866, -8.04686],
			"to": [15, -2.64866, -5.04686],
			"rotation": {"angle": 0, "axis": "y", "origin": [22, 4.35134, -0.04686]},
			"faces": {
				"north": {"uv": [3.25, 8, 3.5, 8.25], "texture": "#0"},
				"east": {"uv": [6, 0.5, 6.375, 0.75], "texture": "#0"},
				"south": {"uv": [4.125, 8, 4.375, 8.25], "texture": "#0"},
				"west": {"uv": [7.5, 0.25, 7.875, 0.5], "texture": "#0"},
				"up": {"uv": [7.75, 4.75, 7.5, 4.375], "texture": "#0"},
				"down": {"uv": [7.75, 6, 7.5, 6.375], "texture": "#0"}
			}
		},
		{
			"from": [1, -4.64866, -8.04686],
			"to": [3, -2.64866, -5.04686],
			"rotation": {"angle": 0, "axis": "y", "origin": [10, 4.35134, -0.04686]},
			"faces": {
				"north": {"uv": [5.125, 8.125, 5.375, 8.375], "texture": "#0"},
				"east": {"uv": [7.5, 3.5, 7.875, 3.75], "texture": "#0"},
				"south": {"uv": [5.625, 8.125, 5.875, 8.375], "texture": "#0"},
				"west": {"uv": [4.375, 7.625, 4.75, 7.875], "texture": "#0"},
				"up": {"uv": [7.125, 8, 6.875, 7.625], "texture": "#0"},
				"down": {"uv": [7.375, 7.625, 7.125, 8], "texture": "#0"}
			}
		},
		{
			"from": [13, -4.64866, -5.04686],
			"to": [15, -2.64866, -3.04686],
			"rotation": {"angle": 0, "axis": "y", "origin": [22, 4.35134, 2.95314]},
			"faces": {
				"north": {"uv": [6.875, 8, 7.125, 8.25], "texture": "#0"},
				"east": {"uv": [7.125, 8, 7.375, 8.25], "texture": "#0"},
				"south": {"uv": [7.375, 8, 7.625, 8.25], "texture": "#0"},
				"west": {"uv": [7.625, 8, 7.875, 8.25], "texture": "#0"},
				"up": {"uv": [8.25, 0.25, 8, 0], "texture": "#0"},
				"down": {"uv": [8.25, 6.875, 8, 7.125], "texture": "#0"}
			}
		},
		{
			"from": [13, -4.32843, 17.32843],
			"to": [15, -2.32843, 19.32843],
			"rotation": {"angle": 0, "axis": "y", "origin": [22, 4.67157, 25.32843]},
			"faces": {
				"north": {"uv": [8.125, 1.125, 8.375, 1.375], "texture": "#0"},
				"east": {"uv": [8.125, 3.5, 8.375, 3.75], "texture": "#0"},
				"south": {"uv": [8.125, 5, 8.375, 5.25], "texture": "#0"},
				"west": {"uv": [8.125, 5.625, 8.375, 5.875], "texture": "#0"},
				"up": {"uv": [8.375, 7.875, 8.125, 7.625], "texture": "#0"},
				"down": {"uv": [8.375, 7.875, 8.125, 8.125], "texture": "#0"}
			}
		},
		{
			"from": [13, -7.74264, 17.91421],
			"to": [15, -6.74264, 19.91421],
			"rotation": {"angle": 0, "axis": "y", "origin": [22, 0.25736, 25.91421]},
			"faces": {
				"north": {"uv": [8.375, 4.75, 8.625, 4.875], "texture": "#0"},
				"east": {"uv": [8.375, 4.875, 8.625, 5], "texture": "#0"},
				"south": {"uv": [8.375, 5, 8.625, 5.125], "texture": "#0"},
				"west": {"uv": [8.375, 5.125, 8.625, 5.25], "texture": "#0"},
				"up": {"uv": [8.5, 2.375, 8.25, 2.125], "texture": "#0"},
				"down": {"uv": [8.5, 6.625, 8.25, 6.875], "texture": "#0"}
			}
		},
		{
			"from": [13, -9.74264, 17.91421],
			"to": [15, -7.74264, 19.91421],
			"rotation": {"angle": 0, "axis": "y", "origin": [22, -0.74264, 25.91421]},
			"faces": {
				"north": {"uv": [8.25, 6.875, 8.5, 7.125], "texture": "#0"},
				"east": {"uv": [8.25, 7.125, 8.5, 7.375], "texture": "#0"},
				"south": {"uv": [0, 8.375, 0.25, 8.625], "texture": "#0"},
				"west": {"uv": [0.25, 8.375, 0.5, 8.625], "texture": "#0"},
				"up": {"uv": [1.25, 8.625, 1, 8.375], "texture": "#0"},
				"down": {"uv": [1.5, 8.375, 1.25, 8.625], "texture": "#0"}
			}
		},
		{
			"from": [1, -9.03553, 11.13604],
			"to": [3, -7.03553, 13.13604],
			"rotation": {"angle": 0, "axis": "y", "origin": [10, -0.03553, 19.13604]},
			"faces": {
				"north": {"uv": [3.75, 8.375, 4, 8.625], "texture": "#0"},
				"east": {"uv": [4.375, 8.375, 4.625, 8.625], "texture": "#0"},
				"south": {"uv": [4.625, 8.375, 4.875, 8.625], "texture": "#0"},
				"west": {"uv": [4.875, 8.375, 5.125, 8.625], "texture": "#0"},
				"up": {"uv": [5.375, 8.625, 5.125, 8.375], "texture": "#0"},
				"down": {"uv": [5.875, 8.375, 5.625, 8.625], "texture": "#0"}
			}
		},
		{
			"from": [1, -7.03553, 11.13604],
			"to": [3, -5.03553, 13.13604],
			"rotation": {"angle": 0, "axis": "y", "origin": [10, 1.96447, 19.13604]},
			"faces": {
				"north": {"uv": [5.875, 8.375, 6.125, 8.625], "texture": "#0"},
				"east": {"uv": [6.125, 8.375, 6.375, 8.625], "texture": "#0"},
				"south": {"uv": [6.375, 8.375, 6.625, 8.625], "texture": "#0"},
				"west": {"uv": [6.625, 8.375, 6.875, 8.625], "texture": "#0"},
				"up": {"uv": [8.125, 8.625, 7.875, 8.375], "texture": "#0"},
				"down": {"uv": [8.375, 8.375, 8.125, 8.625], "texture": "#0"}
			}
		},
		{
			"from": [13, -6.74264, 18.74264],
			"to": [15, -3.74264, 20.74264],
			"rotation": {"angle": 0, "axis": "y", "origin": [22, 3.25736, 26.74264]},
			"faces": {
				"north": {"uv": [7.625, 7.125, 7.875, 7.5], "texture": "#0"},
				"east": {"uv": [1.125, 7.75, 1.375, 8.125], "texture": "#0"},
				"south": {"uv": [1.375, 7.75, 1.625, 8.125], "texture": "#0"},
				"west": {"uv": [1.625, 7.75, 1.875, 8.125], "texture": "#0"},
				"up": {"uv": [3.5, 8.5, 3.25, 8.25], "texture": "#0"},
				"down": {"uv": [3.75, 8.25, 3.5, 8.5], "texture": "#0"}
			}
		},
		{
			"from": [13, -4.74264, 18.32843],
			"to": [15, -2.74264, 20.32843],
			"rotation": {"angle": 45, "axis": "x", "origin": [14, -3.74264, 19.32843]},
			"faces": {
				"north": {"uv": [0.5, 8.25, 0.75, 8.5], "texture": "#0"},
				"east": {"uv": [0.75, 8.25, 1, 8.5], "texture": "#0"},
				"south": {"uv": [2.125, 8.25, 2.375, 8.5], "texture": "#0"},
				"west": {"uv": [2.375, 8.25, 2.625, 8.5], "texture": "#0"},
				"up": {"uv": [2.875, 8.5, 2.625, 8.25], "texture": "#0"},
				"down": {"uv": [3.125, 8.25, 2.875, 8.5], "texture": "#0"}
			}
		},
		{
			"from": [13, -7.74264, 18.32843],
			"to": [15, -5.74264, 20.32843],
			"rotation": {"angle": 45, "axis": "x", "origin": [14, -6.74264, 19.32843]},
			"faces": {
				"north": {"uv": [4.125, 8.25, 4.375, 8.5], "texture": "#0"},
				"east": {"uv": [6.875, 8.25, 7.125, 8.5], "texture": "#0"},
				"south": {"uv": [7.125, 8.25, 7.375, 8.5], "texture": "#0"},
				"west": {"uv": [7.375, 8.25, 7.625, 8.5], "texture": "#0"},
				"up": {"uv": [7.875, 8.5, 7.625, 8.25], "texture": "#0"},
				"down": {"uv": [8.5, 0, 8.25, 0.25], "texture": "#0"}
			}
		},
		{
			"from": [1, -4.64866, -5.04686],
			"to": [3, -2.64866, -3.04686],
			"rotation": {"angle": 0, "axis": "y", "origin": [10, 4.35134, 2.95314]},
			"faces": {
				"north": {"uv": [5.875, 8.125, 6.125, 8.375], "texture": "#0"},
				"east": {"uv": [6.125, 8.125, 6.375, 8.375], "texture": "#0"},
				"south": {"uv": [6.375, 8.125, 6.625, 8.375], "texture": "#0"},
				"west": {"uv": [6.625, 8.125, 6.875, 8.375], "texture": "#0"},
				"up": {"uv": [8.125, 8.375, 7.875, 8.125], "texture": "#0"},
				"down": {"uv": [8.375, 8.125, 8.125, 8.375], "texture": "#0"}
			}
		},
		{
			"from": [13, -0.5, -10.5],
			"to": [15, 1.5, -6.5],
			"rotation": {"angle": 0, "axis": "y", "origin": [22, 8.5, -2.5]},
			"faces": {
				"north": {"uv": [7.875, 3.5, 8.125, 3.75], "texture": "#0"},
				"east": {"uv": [7, 6.625, 7.5, 6.875], "texture": "#0"},
				"south": {"uv": [7.875, 5, 8.125, 5.25], "texture": "#0"},
				"west": {"uv": [7.125, 4.75, 7.625, 5], "texture": "#0"},
				"up": {"uv": [7.5, 3.75, 7.25, 3.25], "texture": "#0"},
				"down": {"uv": [7.5, 6, 7.25, 6.5], "texture": "#0"}
			}
		},
		{
			"from": [1, -0.5, -10.5],
			"to": [3, 1.5, -6.5],
			"rotation": {"angle": 0, "axis": "y", "origin": [10, 8.5, -2.5]},
			"faces": {
				"north": {"uv": [8, 7.125, 8.25, 7.375], "texture": "#0"},
				"east": {"uv": [7.25, 0.875, 7.75, 1.125], "texture": "#0"},
				"south": {"uv": [0, 8.125, 0.25, 8.375], "texture": "#0"},
				"west": {"uv": [7.25, 3.75, 7.75, 4], "texture": "#0"},
				"up": {"uv": [0.25, 7.875, 0, 7.375], "texture": "#0"},
				"down": {"uv": [0.5, 7.375, 0.25, 7.875], "texture": "#0"}
			}
		},
		{
			"from": [13, -0.80656, -12.0412],
			"to": [15, 1.19344, -10.0412],
			"rotation": {"angle": -22.5, "axis": "x", "origin": [14, 0.19344, -11.0412]},
			"faces": {
				"north": {"uv": [7.875, 5.625, 8.125, 5.875], "texture": "#0"},
				"east": {"uv": [7.875, 7.625, 8.125, 7.875], "texture": "#0"},
				"south": {"uv": [0.625, 8, 0.875, 8.25], "texture": "#0"},
				"west": {"uv": [0.875, 8, 1.125, 8.25], "texture": "#0"},
				"up": {"uv": [2.375, 8.25, 2.125, 8], "texture": "#0"},
				"down": {"uv": [2.625, 8, 2.375, 8.25], "texture": "#0"}
			}
		},
		{
			"from": [1, -0.80656, -12.0412],
			"to": [3, 1.19344, -10.0412],
			"rotation": {"angle": -22.5, "axis": "x", "origin": [2, 0.19344, -11.0412]},
			"faces": {
				"north": {"uv": [0.25, 8.125, 0.5, 8.375], "texture": "#0"},
				"east": {"uv": [1.125, 8.125, 1.375, 8.375], "texture": "#0"},
				"south": {"uv": [1.375, 8.125, 1.625, 8.375], "texture": "#0"},
				"west": {"uv": [1.625, 8.125, 1.875, 8.375], "texture": "#0"},
				"up": {"uv": [2.125, 8.375, 1.875, 8.125], "texture": "#0"},
				"down": {"uv": [4.125, 8.125, 3.875, 8.375], "texture": "#0"}
			}
		},
		{
			"from": [13, -5.11313, -11.16818],
			"to": [15, -0.11313, -9.16818],
			"rotation": {"angle": -45, "axis": "x", "origin": [14, -1.11313, -10.16818]},
			"faces": {
				"north": {"uv": [0.625, 7, 0.875, 7.625], "texture": "#0"},
				"east": {"uv": [0.875, 7, 1.125, 7.625], "texture": "#0"},
				"south": {"uv": [7, 0.5, 7.25, 1.125], "texture": "#0"},
				"west": {"uv": [7, 6, 7.25, 6.625], "texture": "#0"},
				"up": {"uv": [2.875, 8.25, 2.625, 8], "texture": "#0"},
				"down": {"uv": [3.125, 8, 2.875, 8.25], "texture": "#0"}
			}
		},
		{
			"from": [1, -5.11313, -11.16818],
			"to": [3, -0.11313, -9.16818],
			"rotation": {"angle": -45, "axis": "x", "origin": [2, -1.11313, -10.16818]},
			"faces": {
				"north": {"uv": [1.125, 7.125, 1.375, 7.75], "texture": "#0"},
				"east": {"uv": [1.375, 7.125, 1.625, 7.75], "texture": "#0"},
				"south": {"uv": [1.625, 7.125, 1.875, 7.75], "texture": "#0"},
				"west": {"uv": [1.875, 7.125, 2.125, 7.75], "texture": "#0"},
				"up": {"uv": [4.625, 8.375, 4.375, 8.125], "texture": "#0"},
				"down": {"uv": [5.125, 8.125, 4.875, 8.375], "texture": "#0"}
			}
		},
		{
			"from": [6, 7, 19],
			"to": [10, 10, 22],
			"rotation": {"angle": 0, "axis": "y", "origin": [13.5, 15, 30]},
			"faces": {
				"north": {"uv": [2.125, 6.75, 2.625, 7.125], "texture": "#0"},
				"east": {"uv": [4.5, 7.25, 4.875, 7.625], "texture": "#0"},
				"south": {"uv": [3.25, 6.75, 3.75, 7.125], "texture": "#0"},
				"west": {"uv": [6.875, 7.25, 7.25, 7.625], "texture": "#0"},
				"up": {"uv": [5.875, 7.125, 5.375, 6.75], "texture": "#0"},
				"down": {"uv": [6.375, 6.75, 5.875, 7.125], "texture": "#0"}
			}
		},
		{
			"from": [6, 4, 20],
			"to": [10, 7, 23],
			"rotation": {"angle": 0, "axis": "y", "origin": [13.5, 12, 31]},
			"faces": {
				"north": {"uv": [6.375, 6.75, 6.875, 7.125], "texture": "#0"},
				"east": {"uv": [7.25, 7.25, 7.625, 7.625], "texture": "#0"},
				"south": {"uv": [6.75, 1.625, 7.25, 2], "texture": "#0"},
				"west": {"uv": [7.25, 0.5, 7.625, 0.875], "texture": "#0"},
				"up": {"uv": [7.25, 3.625, 6.75, 3.25], "texture": "#0"},
				"down": {"uv": [7.25, 3.625, 6.75, 4], "texture": "#0"}
			}
		},
		{
			"from": [6, 0, 20],
			"to": [10, 4, 23],
			"rotation": {"angle": 0, "axis": "y", "origin": [13.5, 9, 31]},
			"faces": {
				"north": {"uv": [6.25, 4.25, 6.75, 4.75], "texture": "#0"},
				"east": {"uv": [6.75, 4, 7.125, 4.5], "texture": "#0"},
				"south": {"uv": [6.25, 4.75, 6.75, 5.25], "texture": "#0"},
				"west": {"uv": [6.75, 4.5, 7.125, 5], "texture": "#0"},
				"up": {"uv": [5, 7.25, 4.5, 6.875], "texture": "#0"},
				"down": {"uv": [7.375, 6.875, 6.875, 7.25], "texture": "#0"}
			}
		},
		{
			"from": [6, -2, 22],
			"to": [10, 0, 24],
			"rotation": {"angle": 0, "axis": "y", "origin": [13.5, 5, 33]},
			"faces": {
				"north": {"uv": [7.25, 5.375, 7.75, 5.625], "texture": "#0"},
				"east": {"uv": [8.375, 8.375, 8.625, 8.625], "texture": "#0"},
				"south": {"uv": [7.375, 1.125, 7.875, 1.375], "texture": "#0"},
				"west": {"uv": [8.375, 0.25, 8.625, 0.5], "texture": "#0"},
				"up": {"uv": [7.875, 5.25, 7.375, 5], "texture": "#0"},
				"down": {"uv": [7.875, 6.875, 7.375, 7.125], "texture": "#0"}
			}
		},
		{
			"from": [6, 0, 24],
			"to": [10, 2, 26],
			"rotation": {"angle": 0, "axis": "y", "origin": [13.5, 7, 35]},
			"faces": {
				"north": {"uv": [5.375, 7.5, 5.875, 7.75], "texture": "#0"},
				"east": {"uv": [8.375, 0.5, 8.625, 0.75], "texture": "#0"},
				"south": {"uv": [5.875, 7.5, 6.375, 7.75], "texture": "#0"},
				"west": {"uv": [8.375, 0.75, 8.625, 1], "texture": "#0"},
				"up": {"uv": [6.875, 7.75, 6.375, 7.5], "texture": "#0"},
				"down": {"uv": [8, 0, 7.5, 0.25], "texture": "#0"}
			}
		},
		{
			"from": [6, 8, 16],
			"to": [10, 11, 19],
			"rotation": {"angle": 0, "axis": "y", "origin": [13.5, 16, 26]},
			"faces": {
				"north": {"uv": [4.5, 6.5, 5, 6.875], "texture": "#0"},
				"east": {"uv": [6.875, 5.375, 7.25, 5.75], "texture": "#0"},
				"south": {"uv": [0.625, 6.625, 1.125, 7], "texture": "#0"},
				"west": {"uv": [7, 1.125, 7.375, 1.5], "texture": "#0"},
				"up": {"uv": [7.125, 2.75, 6.625, 2.375], "texture": "#0"},
				"down": {"uv": [7.125, 2.75, 6.625, 3.125], "texture": "#0"}
			}
		},
		{
			"from": [0.75, 7.25, 4.5],
			"to": [1.75, 8.5, 10.5],
			"rotation": {"angle": 0, "axis": "y", "origin": [8.75, 16, 12.5]},
			"faces": {
				"north": {"uv": [0.625, 8.5, 0.75, 8.625], "texture": "#0"},
				"east": {"uv": [4.125, 3, 4.875, 3.125], "texture": "#0"},
				"south": {"uv": [0.75, 8.5, 0.875, 8.625], "texture": "#0"},
				"west": {"uv": [6.75, 2, 7.5, 2.125], "texture": "#0"},
				"up": {"uv": [3.625, 8.25, 3.5, 7.5], "texture": "#0"},
				"down": {"uv": [3.25, 7.625, 3.125, 8.375], "texture": "#0"}
			}
		},
		{
			"from": [14.25, 7.25, 4.5],
			"to": [15.25, 8.5, 10.5],
			"rotation": {"angle": 0, "axis": "y", "origin": [22.25, 16, 12.5]},
			"faces": {
				"north": {"uv": [0.875, 8.5, 1, 8.625], "texture": "#0"},
				"east": {"uv": [7.5, 6.75, 8.25, 6.875], "texture": "#0"},
				"south": {"uv": [2.125, 8.5, 2.25, 8.625], "texture": "#0"},
				"west": {"uv": [7.625, 4.75, 8.375, 4.875], "texture": "#0"},
				"up": {"uv": [4.875, 8.375, 4.75, 7.625], "texture": "#0"},
				"down": {"uv": [5.625, 7.75, 5.5, 8.5], "texture": "#0"}
			}
		},
		{
			"from": [1.75, 8, 3.5],
			"to": [14.25, 8.5, 4.5],
			"rotation": {"angle": 0, "axis": "y", "origin": [20.25, 16, 6.5]},
			"faces": {
				"north": {"uv": [1.625, 1.5, 3.25, 1.625], "texture": "#0"},
				"east": {"uv": [2.25, 8.5, 2.375, 8.625], "texture": "#0"},
				"south": {"uv": [4.125, 3.125, 5.75, 3.25], "texture": "#0"},
				"west": {"uv": [2.375, 8.5, 2.5, 8.625], "texture": "#0"},
				"up": {"uv": [7.375, 3.25, 5.75, 3.125], "texture": "#0"},
				"down": {"uv": [7.625, 5.75, 6, 5.875], "texture": "#0"}
			}
		},
		{
			"from": [1.75, 8, 10.5],
			"to": [14.25, 8.5, 11.5],
			"rotation": {"angle": 0, "axis": "y", "origin": [20.25, 16, 13.5]},
			"faces": {
				"north": {"uv": [6, 5.875, 7.625, 6], "texture": "#0"},
				"east": {"uv": [2.5, 8.5, 2.625, 8.625], "texture": "#0"},
				"south": {"uv": [6.25, 5.25, 7.875, 5.375], "texture": "#0"},
				"west": {"uv": [2.625, 8.5, 2.75, 8.625], "texture": "#0"},
				"up": {"uv": [7, 6.625, 5.375, 6.5], "texture": "#0"},
				"down": {"uv": [7, 6.625, 5.375, 6.75], "texture": "#0"}
			}
		},
		{
			"from": [1.75, 8, 4.5],
			"to": [14.25, 9, 10.5],
			"rotation": {"angle": 0, "axis": "y", "origin": [20.25, 16, 12.5]},
			"faces": {
				"north": {"uv": [6.625, 2.125, 8.25, 2.25], "texture": "#0"},
				"east": {"uv": [7.625, 4.875, 8.375, 5], "texture": "#0"},
				"south": {"uv": [6.625, 2.25, 8.25, 2.375], "texture": "#0"},
				"west": {"uv": [7.625, 7.5, 8.375, 7.625], "texture": "#0"},
				"up": {"uv": [1.625, 4.25, 0, 3.5], "texture": "#0"},
				"down": {"uv": [1.625, 4.25, 0, 5], "texture": "#0"}
			}
		}
	],
	"display": {
		"thirdperson_righthand": {
			"rotation": [0, 45, 0],
			"translation": [0, -0.5, 1],
			"scale": [0.3, 0.3, 0.3]
		},
		"thirdperson_lefthand": {
			"rotation": [0, 45, 0],
			"translation": [0, -0.5, 1],
			"scale": [0.3, 0.3, 0.3]
		},
		"firstperson_righthand": {
			"rotation": [0, 10, 0],
			"translation": [1.13, 3.2, 4.13],
			"scale": [0.3, 0.3, 0.3]
		},
		"firstperson_lefthand": {
			"rotation": [0, 10, 0],
			"translation": [1.13, 3.2, 4.13],
			"scale": [0.3, 0.3, 0.3]
		},
		"ground": {
			"translation": [0, 2, 0],
			"scale": [0.3, 0.3, 0.3]
		},
		"gui": {
			"rotation": [0, 90, 0],
			"translation": [0.75, 0, 0],
			"scale": [0.35, 0.35, 0.35]
		},
		"fixed": {
			"rotation": [0, 90, 0],
			"translation": [1.25, 0, 0],
			"scale": [0.45, 0.45, 0.45]
		}
	}
}