{
	"credit": "Made with Blockbench",
	"texture_size": [256, 256],
	"textures": {
		"0": "ohben/JourneyToAtlantis",
		"particle": "ohben/JourneyToAtlantis"
	},
	"elements": [
		{
			"from": [-11, 1, 2],
			"to": [27, 4, 31],
			"rotation": {"angle": 0, "axis": "y", "origin": [15, 9, 34]},
			"faces": {
				"north": {"uv": [2.375, 2.0625, 4.75, 2.25], "texture": "#0"},
				"east": {"uv": [9.375, 9.1875, 12.8125, 9.375], "texture": "#0"},
				"south": {"uv": [4.75, 4.5625, 7.125, 4.75], "texture": "#0"},
				"west": {"uv": [9.5, 7.3125, 12.9375, 7.5], "texture": "#0"},
				"up": {"uv": [2.375, 3.4375, 0, 0], "texture": "#0"},
				"down": {"uv": [4.75, 2.375, 2.375, 5.8125], "texture": "#0"}
			}
		},
		{
			"from": [-14, 1, -2],
			"to": [30, 17, 2],
			"rotation": {"angle": 0, "axis": "y", "origin": [53.5, 9, 3]},
			"faces": {
				"north": {"uv": [4.75, 1.375, 7.5, 2.75], "texture": "#0"},
				"east": {"uv": [2.125, 4.125, 2.375, 5.5], "texture": "#0"},
				"south": {"uv": [4.75, 2.75, 7.5, 4.125], "texture": "#0"},
				"west": {"uv": [8.3125, 9.875, 8.5625, 11.25], "texture": "#0"},
				"up": {"uv": [9.125, 8.5, 6.375, 8.25], "texture": "#0"},
				"down": {"uv": [11, 7.5625, 8.25, 7.8125], "texture": "#0"}
			}
		},
		{
			"from": [9, 4, 21],
			"to": [17, 9, 28],
			"rotation": {"angle": 0, "axis": "y", "origin": [22.5, 12, 29]},
			"faces": {
				"north": {"uv": [11.3125, 11, 11.8125, 11.3125], "texture": "#0"},
				"east": {"uv": [12, 4.8125, 12.4375, 5.125], "texture": "#0"},
				"south": {"uv": [3, 11.375, 3.5, 11.6875], "texture": "#0"},
				"west": {"uv": [12, 5.125, 12.4375, 5.4375], "texture": "#0"},
				"up": {"uv": [10.625, 5, 10.125, 4.5625], "texture": "#0"},
				"down": {"uv": [10.625, 5, 10.125, 5.4375], "texture": "#0"}
			}
		},
		{
			"from": [9, 4, 7],
			"to": [17, 9, 14],
			"rotation": {"angle": 0, "axis": "y", "origin": [22.5, 12, 12]},
			"faces": {
				"north": {"uv": [11.5, 0.625, 12, 0.9375], "texture": "#0"},
				"east": {"uv": [0.875, 12.125, 1.3125, 12.4375], "texture": "#0"},
				"south": {"uv": [11.5, 0.9375, 12, 1.25], "texture": "#0"},
				"west": {"uv": [1.3125, 12.125, 1.75, 12.4375], "texture": "#0"},
				"up": {"uv": [4.5, 10.9375, 4, 10.5], "texture": "#0"},
				"down": {"uv": [11, 6.6875, 10.5, 7.125], "texture": "#0"}
			}
		},
		{
			"from": [-1, 4, 7],
			"to": [7, 9, 14],
			"rotation": {"angle": 0, "axis": "y", "origin": [12.5, 12, 12]},
			"faces": {
				"north": {"uv": [11.625, 7, 12.125, 7.3125], "texture": "#0"},
				"east": {"uv": [12.1875, 0, 12.625, 0.3125], "texture": "#0"},
				"south": {"uv": [3, 11.6875, 3.5, 12], "texture": "#0"},
				"west": {"uv": [12.1875, 0.3125, 12.625, 0.625], "texture": "#0"},
				"up": {"uv": [11.0625, 1.3125, 10.5625, 0.875], "texture": "#0"},
				"down": {"uv": [11.125, 2.625, 10.625, 3.0625], "texture": "#0"}
			}
		},
		{
			"from": [-11, 4, 7],
			"to": [-3, 9, 14],
			"rotation": {"angle": 0, "axis": "y", "origin": [2.5, 12, 12]},
			"faces": {
				"north": {"uv": [3.5, 11.6875, 4, 12], "texture": "#0"},
				"east": {"uv": [12.1875, 11.1875, 12.625, 11.5], "texture": "#0"},
				"south": {"uv": [4, 11.6875, 4.5, 12], "texture": "#0"},
				"west": {"uv": [12.1875, 11.5, 12.625, 11.8125], "texture": "#0"},
				"up": {"uv": [11.125, 3.5, 10.625, 3.0625], "texture": "#0"},
				"down": {"uv": [11.125, 4.5625, 10.625, 5], "texture": "#0"}
			}
		},
		{
			"from": [19, 4, 7],
			"to": [27, 9, 14],
			"rotation": {"angle": 0, "axis": "y", "origin": [32.5, 12, 12]},
			"faces": {
				"north": {"uv": [0, 11.5625, 0.5, 11.875], "texture": "#0"},
				"east": {"uv": [1.75, 12.125, 2.1875, 12.4375], "texture": "#0"},
				"south": {"uv": [5.3125, 11.5625, 5.8125, 11.875], "texture": "#0"},
				"west": {"uv": [12.125, 7, 12.5625, 7.3125], "texture": "#0"},
				"up": {"uv": [11.0625, 0.4375, 10.5625, 0], "texture": "#0"},
				"down": {"uv": [11.0625, 0.4375, 10.5625, 0.875], "texture": "#0"}
			}
		},
		{
			"from": [19, 4, 21],
			"to": [27, 9, 28],
			"rotation": {"angle": 0, "axis": "y", "origin": [32.5, 12, 29]},
			"faces": {
				"north": {"uv": [11.5, 0, 12, 0.3125], "texture": "#0"},
				"east": {"uv": [12.0625, 7.5, 12.5, 7.8125], "texture": "#0"},
				"south": {"uv": [11.5, 0.3125, 12, 0.625], "texture": "#0"},
				"west": {"uv": [12.0625, 7.8125, 12.5, 8.125], "texture": "#0"},
				"up": {"uv": [3.5, 10.9375, 3, 10.5], "texture": "#0"},
				"down": {"uv": [4, 10.5, 3.5, 10.9375], "texture": "#0"}
			}
		},
		{
			"from": [-1, 4, 21],
			"to": [7, 9, 28],
			"rotation": {"angle": 0, "axis": "y", "origin": [12.5, 12, 29]},
			"faces": {
				"north": {"uv": [6.9375, 11.4375, 7.4375, 11.75], "texture": "#0"},
				"east": {"uv": [8.5625, 12.0625, 9, 12.375], "texture": "#0"},
				"south": {"uv": [8.5625, 11.4375, 9.0625, 11.75], "texture": "#0"},
				"west": {"uv": [12.0625, 12.0625, 12.5, 12.375], "texture": "#0"},
				"up": {"uv": [10.75, 1.75, 10.25, 1.3125], "texture": "#0"},
				"down": {"uv": [10.75, 1.75, 10.25, 2.1875], "texture": "#0"}
			}
		},
		{
			"from": [-11, 4, 21],
			"to": [-3, 9, 28],
			"rotation": {"angle": 0, "axis": "y", "origin": [2.5, 12, 29]},
			"faces": {
				"north": {"uv": [1.375, 11.5, 1.875, 11.8125], "texture": "#0"},
				"east": {"uv": [12.0625, 5.9375, 12.5, 6.25], "texture": "#0"},
				"south": {"uv": [1.875, 11.5, 2.375, 11.8125], "texture": "#0"},
				"west": {"uv": [12.0625, 6.25, 12.5, 6.5625], "texture": "#0"},
				"up": {"uv": [10.375, 10.75, 9.875, 10.3125], "texture": "#0"},
				"down": {"uv": [10.875, 10.375, 10.375, 10.8125], "texture": "#0"}
			}
		},
		{
			"from": [27, 1, 2],
			"to": [30, 6, 31],
			"rotation": {"angle": 0, "axis": "y", "origin": [35, 14, 82]},
			"faces": {
				"north": {"uv": [12.75, 9.625, 12.9375, 10.0625], "texture": "#0"},
				"east": {"uv": [4.75, 4.125, 8.1875, 4.5625], "texture": "#0"},
				"south": {"uv": [12.8125, 1.0625, 13, 1.5], "texture": "#0"},
				"west": {"uv": [5.125, 0.9375, 8.5625, 1.375], "texture": "#0"},
				"up": {"uv": [0.6875, 13.1875, 0.5, 9.75], "texture": "#0"},
				"down": {"uv": [0.875, 9.75, 0.6875, 13.1875], "texture": "#0"}
			}
		},
		{
			"from": [-14, 1, 2],
			"to": [-11, 6, 31],
			"rotation": {"angle": 0, "axis": "y", "origin": [-6, 14, 72]},
			"faces": {
				"north": {"uv": [12.875, 7.5, 13.0625, 7.9375], "texture": "#0"},
				"east": {"uv": [3.4375, 7.0625, 6.875, 7.5], "texture": "#0"},
				"south": {"uv": [12.875, 11.6875, 13.0625, 12.125], "texture": "#0"},
				"west": {"uv": [3.4375, 7.5, 6.875, 7.9375], "texture": "#0"},
				"up": {"uv": [5.3125, 13.1875, 5.125, 9.75], "texture": "#0"},
				"down": {"uv": [6.5625, 9.875, 6.375, 13.3125], "texture": "#0"}
			}
		},
		{
			"from": [27, 6, 2],
			"to": [30, 17, 31],
			"rotation": {"angle": 0, "axis": "y", "origin": [35, 19, 82]},
			"faces": {
				"north": {"uv": [1, 8.375, 1.1875, 9.3125], "texture": "#0"},
				"east": {"uv": [5.125, 0, 8.5625, 0.9375], "texture": "#0"},
				"south": {"uv": [1.1875, 8.375, 1.375, 9.3125], "texture": "#0"},
				"west": {"uv": [0, 5.8125, 3.4375, 6.75], "texture": "#0"},
				"up": {"uv": [4.9375, 13.1875, 4.75, 9.75], "texture": "#0"},
				"down": {"uv": [5.125, 9.75, 4.9375, 13.1875], "texture": "#0"}
			}
		},
		{
			"from": [-14, 6, 2],
			"to": [-11, 17, 31],
			"rotation": {"angle": 0, "axis": "y", "origin": [-6, 19, 72]},
			"faces": {
				"north": {"uv": [2.625, 11.0625, 2.8125, 12], "texture": "#0"},
				"east": {"uv": [3.4375, 6.125, 6.875, 7.0625], "texture": "#0"},
				"south": {"uv": [2.8125, 11.0625, 3, 12], "texture": "#0"},
				"west": {"uv": [0, 6.75, 3.4375, 7.6875], "texture": "#0"},
				"up": {"uv": [6.75, 13.3125, 6.5625, 9.875], "texture": "#0"},
				"down": {"uv": [6.9375, 9.875, 6.75, 13.3125], "texture": "#0"}
			}
		},
		{
			"from": [-14, 17, 27],
			"to": [-11, 23, 31],
			"rotation": {"angle": 0, "axis": "y", "origin": [-6, 30, 37]},
			"faces": {
				"north": {"uv": [12.9375, 4.6875, 13.125, 5.0625], "texture": "#0"},
				"east": {"uv": [1, 9.3125, 1.25, 9.6875], "texture": "#0"},
				"south": {"uv": [12.9375, 5.0625, 13.125, 5.4375], "texture": "#0"},
				"west": {"uv": [8.5625, 9.875, 8.8125, 10.25], "texture": "#0"},
				"up": {"uv": [13.375, 2.875, 13.1875, 2.625], "texture": "#0"},
				"down": {"uv": [13.375, 8.625, 13.1875, 8.875], "texture": "#0"}
			}
		},
		{
			"from": [27, 17, 27],
			"to": [30, 23, 31],
			"rotation": {"angle": 0, "axis": "y", "origin": [35, 30, 37]},
			"faces": {
				"north": {"uv": [13, 1.4375, 13.1875, 1.8125], "texture": "#0"},
				"east": {"uv": [2.3125, 12.6875, 2.5625, 13.0625], "texture": "#0"},
				"south": {"uv": [13, 2.1875, 13.1875, 2.5625], "texture": "#0"},
				"west": {"uv": [6.9375, 12.6875, 7.1875, 13.0625], "texture": "#0"},
				"up": {"uv": [10.9375, 13.8125, 10.75, 13.5625], "texture": "#0"},
				"down": {"uv": [11.125, 13.5625, 10.9375, 13.8125], "texture": "#0"}
			}
		},
		{
			"from": [-14, 17, 12],
			"to": [-11, 23, 16],
			"rotation": {"angle": 0, "axis": "y", "origin": [-6, 30, 22]},
			"faces": {
				"north": {"uv": [12.9375, 9.625, 13.125, 10], "texture": "#0"},
				"east": {"uv": [9.0625, 10.25, 9.3125, 10.625], "texture": "#0"},
				"south": {"uv": [12.9375, 10, 13.125, 10.375], "texture": "#0"},
				"west": {"uv": [4.5, 10.5, 4.75, 10.875], "texture": "#0"},
				"up": {"uv": [9.1875, 13.625, 9, 13.375], "texture": "#0"},
				"down": {"uv": [13.1875, 13.375, 13, 13.625], "texture": "#0"}
			}
		},
		{
			"from": [27, 17, 12],
			"to": [30, 23, 16],
			"rotation": {"angle": 0, "axis": "y", "origin": [35, 30, 22]},
			"faces": {
				"north": {"uv": [13, 2.5625, 13.1875, 2.9375], "texture": "#0"},
				"east": {"uv": [8.4375, 12.6875, 8.6875, 13.0625], "texture": "#0"},
				"south": {"uv": [13, 3.5, 13.1875, 3.875], "texture": "#0"},
				"west": {"uv": [8.6875, 12.6875, 8.9375, 13.0625], "texture": "#0"},
				"up": {"uv": [13.75, 3.0625, 13.5625, 2.8125], "texture": "#0"},
				"down": {"uv": [13.75, 3.1875, 13.5625, 3.4375], "texture": "#0"}
			}
		},
		{
			"from": [-14, 17, 9],
			"to": [-11, 21, 12],
			"rotation": {"angle": 0, "axis": "y", "origin": [-6, 30, 18]},
			"faces": {
				"north": {"uv": [13.375, 2.625, 13.5625, 2.875], "texture": "#0"},
				"east": {"uv": [13.375, 3.3125, 13.5625, 3.5625], "texture": "#0"},
				"south": {"uv": [13.375, 3.5625, 13.5625, 3.8125], "texture": "#0"},
				"west": {"uv": [13.375, 8.5, 13.5625, 8.75], "texture": "#0"},
				"up": {"uv": [13, 1.6875, 12.8125, 1.5], "texture": "#0"},
				"down": {"uv": [13.8125, 2, 13.625, 2.1875], "texture": "#0"}
			}
		},
		{
			"from": [27, 17, 9],
			"to": [30, 21, 12],
			"rotation": {"angle": 0, "axis": "y", "origin": [35, 30, 18]},
			"faces": {
				"north": {"uv": [13.5625, 3.4375, 13.75, 3.6875], "texture": "#0"},
				"east": {"uv": [13.5625, 4.375, 13.75, 4.625], "texture": "#0"},
				"south": {"uv": [13.5625, 6.5625, 13.75, 6.8125], "texture": "#0"},
				"west": {"uv": [13.5625, 7.5, 13.75, 7.75], "texture": "#0"},
				"up": {"uv": [13.875, 0.6875, 13.6875, 0.5], "texture": "#0"},
				"down": {"uv": [13.875, 0.875, 13.6875, 1.0625], "texture": "#0"}
			}
		},
		{
			"from": [-14, 17, 24],
			"to": [-11, 21, 27],
			"rotation": {"angle": 0, "axis": "y", "origin": [-6, 30, 33]},
			"faces": {
				"north": {"uv": [5.8125, 13.4375, 6, 13.6875], "texture": "#0"},
				"east": {"uv": [13.5, 1.75, 13.6875, 2], "texture": "#0"},
				"south": {"uv": [13.5, 5.8125, 13.6875, 6.0625], "texture": "#0"},
				"west": {"uv": [13.5, 6.0625, 13.6875, 6.3125], "texture": "#0"},
				"up": {"uv": [13.8125, 9.0625, 13.625, 8.875], "texture": "#0"},
				"down": {"uv": [13.8125, 9.5, 13.625, 9.6875], "texture": "#0"}
			}
		},
		{
			"from": [27, 17, 24],
			"to": [30, 21, 27],
			"rotation": {"angle": 0, "axis": "y", "origin": [35, 30, 33]},
			"faces": {
				"north": {"uv": [12.625, 13.5625, 12.8125, 13.8125], "texture": "#0"},
				"east": {"uv": [12.8125, 13.5625, 13, 13.8125], "texture": "#0"},
				"south": {"uv": [13.4375, 13.5625, 13.625, 13.8125], "texture": "#0"},
				"west": {"uv": [13.5625, 2.5625, 13.75, 2.8125], "texture": "#0"},
				"up": {"uv": [13.875, 0.1875, 13.6875, 0], "texture": "#0"},
				"down": {"uv": [13.875, 0.1875, 13.6875, 0.375], "texture": "#0"}
			}
		},
		{
			"from": [-14, 17, 6],
			"to": [-11, 19, 9],
			"rotation": {"angle": 0, "axis": "y", "origin": [-6, 30, 15]},
			"faces": {
				"north": {"uv": [11.4375, 7, 11.625, 7.125], "texture": "#0"},
				"east": {"uv": [12.375, 6.875, 12.5625, 7], "texture": "#0"},
				"south": {"uv": [13.1875, 3.75, 13.375, 3.875], "texture": "#0"},
				"west": {"uv": [13.6875, 5.125, 13.875, 5.25], "texture": "#0"},
				"up": {"uv": [13.8125, 5.4375, 13.625, 5.25], "texture": "#0"},
				"down": {"uv": [13.8125, 8.25, 13.625, 8.4375], "texture": "#0"}
			}
		},
		{
			"from": [27, 17, 6],
			"to": [30, 19, 9],
			"rotation": {"angle": 0, "axis": "y", "origin": [35, 30, 15]},
			"faces": {
				"north": {"uv": [6.375, 13.75, 6.5625, 13.875], "texture": "#0"},
				"east": {"uv": [6.5625, 13.75, 6.75, 13.875], "texture": "#0"},
				"south": {"uv": [7.8125, 13.75, 8, 13.875], "texture": "#0"},
				"west": {"uv": [8.4375, 13.75, 8.625, 13.875], "texture": "#0"},
				"up": {"uv": [13.875, 1.25, 13.6875, 1.0625], "texture": "#0"},
				"down": {"uv": [13.875, 1.25, 13.6875, 1.4375], "texture": "#0"}
			}
		},
		{
			"from": [27, 17, 21],
			"to": [30, 19, 24],
			"rotation": {"angle": 0, "axis": "y", "origin": [35, 30, 30]},
			"faces": {
				"north": {"uv": [6.375, 13.75, 6.5625, 13.875], "texture": "#0"},
				"east": {"uv": [6.5625, 13.75, 6.75, 13.875], "texture": "#0"},
				"south": {"uv": [7.8125, 13.75, 8, 13.875], "texture": "#0"},
				"west": {"uv": [8.4375, 13.75, 8.625, 13.875], "texture": "#0"},
				"up": {"uv": [13.875, 1.25, 13.6875, 1.0625], "texture": "#0"},
				"down": {"uv": [13.875, 1.25, 13.6875, 1.4375], "texture": "#0"}
			}
		},
		{
			"from": [-14, 17, 21],
			"to": [-11, 19, 24],
			"rotation": {"angle": 0, "axis": "y", "origin": [-6, 30, 30]},
			"faces": {
				"north": {"uv": [13.6875, 9.3125, 13.875, 9.4375], "texture": "#0"},
				"east": {"uv": [13.6875, 13.125, 13.875, 13.25], "texture": "#0"},
				"south": {"uv": [13.6875, 13.5625, 13.875, 13.6875], "texture": "#0"},
				"west": {"uv": [3.375, 13.75, 3.5625, 13.875], "texture": "#0"},
				"up": {"uv": [13.8125, 9.875, 13.625, 9.6875], "texture": "#0"},
				"down": {"uv": [13.8125, 9.875, 13.625, 10.0625], "texture": "#0"}
			}
		},
		{
			"from": [19, 4, 28],
			"to": [27, 21, 30],
			"rotation": {"angle": 0, "axis": "y", "origin": [39, 12, 36]},
			"faces": {
				"north": {"uv": [1.375, 8.3125, 1.875, 9.6875], "texture": "#0"},
				"east": {"uv": [6.1875, 11.125, 6.3125, 12.5], "texture": "#0"},
				"south": {"uv": [1.875, 8.3125, 2.375, 9.6875], "texture": "#0"},
				"west": {"uv": [7.6875, 11.1875, 7.8125, 12.5625], "texture": "#0"},
				"up": {"uv": [2.375, 5.625, 1.875, 5.5], "texture": "#0"},
				"down": {"uv": [13.125, 12.5, 12.625, 12.625], "texture": "#0"}
			}
		},
		{
			"from": [9, 4, 28],
			"to": [17, 21, 30],
			"rotation": {"angle": 0, "axis": "y", "origin": [29, 12, 36]},
			"faces": {
				"north": {"uv": [2.375, 8.3125, 2.875, 9.6875], "texture": "#0"},
				"east": {"uv": [7.8125, 11.1875, 7.9375, 12.5625], "texture": "#0"},
				"south": {"uv": [2.875, 8.3125, 3.375, 9.6875], "texture": "#0"},
				"west": {"uv": [7.9375, 11.1875, 8.0625, 12.5625], "texture": "#0"},
				"up": {"uv": [13.1875, 8.75, 12.6875, 8.625], "texture": "#0"},
				"down": {"uv": [13.1875, 8.75, 12.6875, 8.875], "texture": "#0"}
			}
		},
		{
			"from": [9, 4, 14],
			"to": [17, 21, 16],
			"rotation": {"angle": 0, "axis": "y", "origin": [29, 12, 22]},
			"faces": {
				"north": {"uv": [6.375, 8.5, 6.875, 9.875], "texture": "#0"},
				"east": {"uv": [9.5625, 11.1875, 9.6875, 12.5625], "texture": "#0"},
				"south": {"uv": [6.875, 8.5, 7.375, 9.875], "texture": "#0"},
				"west": {"uv": [9.6875, 11.1875, 9.8125, 12.5625], "texture": "#0"},
				"up": {"uv": [13.5, 1.9375, 13, 1.8125], "texture": "#0"},
				"down": {"uv": [13.5, 1.9375, 13, 2.0625], "texture": "#0"}
			}
		},
		{
			"from": [-1, 4, 14],
			"to": [7, 21, 16],
			"rotation": {"angle": 0, "axis": "y", "origin": [19, 12, 22]},
			"faces": {
				"north": {"uv": [8.375, 8.5, 8.875, 9.875], "texture": "#0"},
				"east": {"uv": [10.0625, 11.1875, 10.1875, 12.5625], "texture": "#0"},
				"south": {"uv": [8.5625, 0, 9.0625, 1.375], "texture": "#0"},
				"west": {"uv": [10.1875, 11.1875, 10.3125, 12.5625], "texture": "#0"},
				"up": {"uv": [13.5, 6.0625, 13, 5.9375], "texture": "#0"},
				"down": {"uv": [13.5, 6.0625, 13, 6.1875], "texture": "#0"}
			}
		},
		{
			"from": [-11, 4, 14],
			"to": [-3, 21, 16],
			"rotation": {"angle": 0, "axis": "y", "origin": [9, 12, 22]},
			"faces": {
				"north": {"uv": [8.875, 8.875, 9.375, 10.25], "texture": "#0"},
				"east": {"uv": [8.3125, 11.25, 8.4375, 12.625], "texture": "#0"},
				"south": {"uv": [9.0625, 0, 9.5625, 1.375], "texture": "#0"},
				"west": {"uv": [8.4375, 11.25, 8.5625, 12.625], "texture": "#0"},
				"up": {"uv": [13.5, 6.3125, 13, 6.1875], "texture": "#0"},
				"down": {"uv": [13.5, 6.3125, 13, 6.4375], "texture": "#0"}
			}
		},
		{
			"from": [19, 4, 14],
			"to": [27, 21, 16],
			"rotation": {"angle": 0, "axis": "y", "origin": [39, 12, 22]},
			"faces": {
				"north": {"uv": [7.375, 8.5, 7.875, 9.875], "texture": "#0"},
				"east": {"uv": [9.8125, 11.1875, 9.9375, 12.5625], "texture": "#0"},
				"south": {"uv": [7.875, 8.5, 8.375, 9.875], "texture": "#0"},
				"west": {"uv": [9.9375, 11.1875, 10.0625, 12.5625], "texture": "#0"},
				"up": {"uv": [13.5, 3.0625, 13, 2.9375], "texture": "#0"},
				"down": {"uv": [13.5, 5.8125, 13, 5.9375], "texture": "#0"}
			}
		},
		{
			"from": [-1, 4, 28],
			"to": [7, 21, 30],
			"rotation": {"angle": 0, "axis": "y", "origin": [19, 12, 36]},
			"faces": {
				"north": {"uv": [3.375, 8.375, 3.875, 9.75], "texture": "#0"},
				"east": {"uv": [8.0625, 11.1875, 8.1875, 12.5625], "texture": "#0"},
				"south": {"uv": [3.875, 8.375, 4.375, 9.75], "texture": "#0"},
				"west": {"uv": [8.1875, 11.1875, 8.3125, 12.5625], "texture": "#0"},
				"up": {"uv": [13.3125, 9.3125, 12.8125, 9.1875], "texture": "#0"},
				"down": {"uv": [13.4375, 5.4375, 12.9375, 5.5625], "texture": "#0"}
			}
		},
		{
			"from": [-11, 4, 28],
			"to": [-3, 21, 30],
			"rotation": {"angle": 0, "axis": "y", "origin": [9, 12, 36]},
			"faces": {
				"north": {"uv": [4.375, 8.375, 4.875, 9.75], "texture": "#0"},
				"east": {"uv": [9.3125, 11.1875, 9.4375, 12.5625], "texture": "#0"},
				"south": {"uv": [4.875, 8.375, 5.375, 9.75], "texture": "#0"},
				"west": {"uv": [9.4375, 11.1875, 9.5625, 12.5625], "texture": "#0"},
				"up": {"uv": [13.4375, 5.6875, 12.9375, 5.5625], "texture": "#0"},
				"down": {"uv": [13.4375, 6.875, 12.9375, 7], "texture": "#0"}
			}
		},
		{
			"from": [-10, 21, 28],
			"to": [-4, 24, 30],
			"rotation": {"angle": 0, "axis": "y", "origin": [9, 29, 36]},
			"faces": {
				"north": {"uv": [12, 1.0625, 12.375, 1.3125], "texture": "#0"},
				"east": {"uv": [9.125, 8.25, 9.25, 8.5], "texture": "#0"},
				"south": {"uv": [12.5, 5.8125, 12.875, 6.0625], "texture": "#0"},
				"west": {"uv": [11.75, 7.5, 11.875, 7.75], "texture": "#0"},
				"up": {"uv": [7.5, 4.6875, 7.125, 4.5625], "texture": "#0"},
				"down": {"uv": [12.1875, 11.1875, 11.8125, 11.3125], "texture": "#0"}
			}
		},
		{
			"from": [10, 21, 28],
			"to": [16, 24, 30],
			"rotation": {"angle": 0, "axis": "y", "origin": [29, 29, 36]},
			"faces": {
				"north": {"uv": [12.5, 7.5, 12.875, 7.75], "texture": "#0"},
				"east": {"uv": [13.6875, 1.75, 13.8125, 2], "texture": "#0"},
				"south": {"uv": [12.5, 7.75, 12.875, 8], "texture": "#0"},
				"west": {"uv": [13.6875, 4.125, 13.8125, 4.375], "texture": "#0"},
				"up": {"uv": [13.5625, 13.125, 13.1875, 13], "texture": "#0"},
				"down": {"uv": [13.625, 0.5, 13.25, 0.625], "texture": "#0"}
			}
		},
		{
			"from": [10, 21, 14],
			"to": [16, 24, 16],
			"rotation": {"angle": 0, "axis": "y", "origin": [29, 29, 22]},
			"faces": {
				"north": {"uv": [9.3125, 12.5625, 9.6875, 12.8125], "texture": "#0"},
				"east": {"uv": [13.6875, 5.8125, 13.8125, 6.0625], "texture": "#0"},
				"south": {"uv": [9.6875, 12.5625, 10.0625, 12.8125], "texture": "#0"},
				"west": {"uv": [13.6875, 6.0625, 13.8125, 6.3125], "texture": "#0"},
				"up": {"uv": [13.625, 8.375, 13.25, 8.25], "texture": "#0"},
				"down": {"uv": [13.6875, 4.25, 13.3125, 4.375], "texture": "#0"}
			}
		},
		{
			"from": [0, 21, 14],
			"to": [6, 24, 16],
			"rotation": {"angle": 0, "axis": "y", "origin": [19, 29, 22]},
			"faces": {
				"north": {"uv": [12.5625, 4.0625, 12.9375, 4.3125], "texture": "#0"},
				"east": {"uv": [13.6875, 6.3125, 13.8125, 6.5625], "texture": "#0"},
				"south": {"uv": [12.5625, 4.6875, 12.9375, 4.9375], "texture": "#0"},
				"west": {"uv": [13.6875, 9.0625, 13.8125, 9.3125], "texture": "#0"},
				"up": {"uv": [13.6875, 9.25, 13.3125, 9.125], "texture": "#0"},
				"down": {"uv": [13.75, 8.75, 13.375, 8.875], "texture": "#0"}
			}
		},
		{
			"from": [-10, 21, 14],
			"to": [-4, 24, 16],
			"rotation": {"angle": 0, "axis": "y", "origin": [9, 29, 22]},
			"faces": {
				"north": {"uv": [12.5625, 4.9375, 12.9375, 5.1875], "texture": "#0"},
				"east": {"uv": [13.6875, 10.625, 13.8125, 10.875], "texture": "#0"},
				"south": {"uv": [12.5625, 5.1875, 12.9375, 5.4375], "texture": "#0"},
				"west": {"uv": [13.6875, 10.875, 13.8125, 11.125], "texture": "#0"},
				"up": {"uv": [13.8125, 13.5625, 13.4375, 13.4375], "texture": "#0"},
				"down": {"uv": [13.8125, 2.1875, 13.4375, 2.3125], "texture": "#0"}
			}
		},
		{
			"from": [20, 21, 14],
			"to": [26, 24, 16],
			"rotation": {"angle": 0, "axis": "y", "origin": [39, 29, 22]},
			"faces": {
				"north": {"uv": [12.5625, 5.4375, 12.9375, 5.6875], "texture": "#0"},
				"east": {"uv": [13.6875, 11.125, 13.8125, 11.375], "texture": "#0"},
				"south": {"uv": [12.5625, 6.875, 12.9375, 7.125], "texture": "#0"},
				"west": {"uv": [13.6875, 12.625, 13.8125, 12.875], "texture": "#0"},
				"up": {"uv": [13.8125, 2.4375, 13.4375, 2.3125], "texture": "#0"},
				"down": {"uv": [13.8125, 2.4375, 13.4375, 2.5625], "texture": "#0"}
			}
		},
		{
			"from": [20, 21, 28],
			"to": [26, 24, 30],
			"rotation": {"angle": 0, "axis": "y", "origin": [39, 29, 36]},
			"faces": {
				"north": {"uv": [12.5, 12, 12.875, 12.25], "texture": "#0"},
				"east": {"uv": [13.6875, 4.625, 13.8125, 4.875], "texture": "#0"},
				"south": {"uv": [12.5, 12.25, 12.875, 12.5], "texture": "#0"},
				"west": {"uv": [13.6875, 4.875, 13.8125, 5.125], "texture": "#0"},
				"up": {"uv": [13.625, 3.1875, 13.25, 3.0625], "texture": "#0"},
				"down": {"uv": [13.625, 8, 13.25, 8.125], "texture": "#0"}
			}
		},
		{
			"from": [0, 21, 28],
			"to": [6, 24, 30],
			"rotation": {"angle": 0, "axis": "y", "origin": [19, 29, 36]},
			"faces": {
				"north": {"uv": [12.5, 6.0625, 12.875, 6.3125], "texture": "#0"},
				"east": {"uv": [12.125, 3.875, 12.25, 4.125], "texture": "#0"},
				"south": {"uv": [12.5, 6.3125, 12.875, 6.5625], "texture": "#0"},
				"west": {"uv": [2.375, 13.6875, 2.5, 13.9375], "texture": "#0"},
				"up": {"uv": [13.5625, 1.75, 13.1875, 1.625], "texture": "#0"},
				"down": {"uv": [13.5625, 7.125, 13.1875, 7.25], "texture": "#0"}
			}
		},
		{
			"from": [17, 4, 28],
			"to": [19, 21, 30],
			"rotation": {"angle": 0, "axis": "y", "origin": [25, 15, 36]},
			"faces": {
				"north": {"uv": [0.875, 9.75, 1, 10.9375], "texture": "#0"},
				"east": {"uv": [4.5, 11.375, 4.625, 12.5625], "texture": "#0"},
				"south": {"uv": [4.625, 11.375, 4.75, 12.5625], "texture": "#0"},
				"west": {"uv": [7.4375, 11.4375, 7.5625, 12.625], "texture": "#0"},
				"up": {"uv": [9.5, 6.0625, 9.375, 5.9375], "texture": "#0"},
				"down": {"uv": [1, 10.9375, 0.875, 11.0625], "texture": "#0"}
			}
		},
		{
			"from": [7, 4, 28],
			"to": [9, 21, 30],
			"rotation": {"angle": 0, "axis": "y", "origin": [15, 15, 36]},
			"faces": {
				"north": {"uv": [7.5625, 11.4375, 7.6875, 12.625], "texture": "#0"},
				"east": {"uv": [9.0625, 11.4375, 9.1875, 12.625], "texture": "#0"},
				"south": {"uv": [9.1875, 11.4375, 9.3125, 12.625], "texture": "#0"},
				"west": {"uv": [2.375, 11.5, 2.5, 12.6875], "texture": "#0"},
				"up": {"uv": [12.5625, 5.6875, 12.4375, 5.5625], "texture": "#0"},
				"down": {"uv": [12.75, 9.625, 12.625, 9.75], "texture": "#0"}
			}
		},
		{
			"from": [-3, 4, 28],
			"to": [-1, 21, 30],
			"rotation": {"angle": 0, "axis": "y", "origin": [5, 15, 36]},
			"faces": {
				"north": {"uv": [2.5, 11.5, 2.625, 12.6875], "texture": "#0"},
				"east": {"uv": [5.8125, 11.5625, 5.9375, 12.75], "texture": "#0"},
				"south": {"uv": [5.9375, 11.5625, 6.0625, 12.75], "texture": "#0"},
				"west": {"uv": [6.0625, 11.5625, 6.1875, 12.75], "texture": "#0"},
				"up": {"uv": [12.9375, 10.5, 12.8125, 10.375], "texture": "#0"},
				"down": {"uv": [13, 2.1875, 12.875, 2.3125], "texture": "#0"}
			}
		},
		{
			"from": [7, 4, 14],
			"to": [9, 21, 16],
			"rotation": {"angle": 0, "axis": "y", "origin": [15, 15, 22]},
			"faces": {
				"north": {"uv": [2.875, 12, 3, 13.1875], "texture": "#0"},
				"east": {"uv": [3, 12, 3.125, 13.1875], "texture": "#0"},
				"south": {"uv": [3.125, 12, 3.25, 13.1875], "texture": "#0"},
				"west": {"uv": [3.25, 12, 3.375, 13.1875], "texture": "#0"},
				"up": {"uv": [13.875, 2.8125, 13.75, 2.6875], "texture": "#0"},
				"down": {"uv": [13.875, 2.8125, 13.75, 2.9375], "texture": "#0"}
			}
		},
		{
			"from": [17, 4, 14],
			"to": [19, 21, 16],
			"rotation": {"angle": 0, "axis": "y", "origin": [25, 15, 22]},
			"faces": {
				"north": {"uv": [4.375, 12, 4.5, 13.1875], "texture": "#0"},
				"east": {"uv": [11.6875, 12, 11.8125, 13.1875], "texture": "#0"},
				"south": {"uv": [11.8125, 12, 11.9375, 13.1875], "texture": "#0"},
				"west": {"uv": [11.9375, 12, 12.0625, 13.1875], "texture": "#0"},
				"up": {"uv": [13.875, 3.6875, 13.75, 3.5625], "texture": "#0"},
				"down": {"uv": [13.875, 3.8125, 13.75, 3.9375], "texture": "#0"}
			}
		},
		{
			"from": [-3, 4, 14],
			"to": [-1, 21, 16],
			"rotation": {"angle": 0, "axis": "y", "origin": [5, 15, 22]},
			"faces": {
				"north": {"uv": [3.375, 12, 3.5, 13.1875], "texture": "#0"},
				"east": {"uv": [3.5, 12, 3.625, 13.1875], "texture": "#0"},
				"south": {"uv": [3.625, 12, 3.75, 13.1875], "texture": "#0"},
				"west": {"uv": [3.75, 12, 3.875, 13.1875], "texture": "#0"},
				"up": {"uv": [13.875, 3.0625, 13.75, 2.9375], "texture": "#0"},
				"down": {"uv": [13.875, 3.1875, 13.75, 3.3125], "texture": "#0"}
			}
		},
		{
			"from": [-3, 4, 21],
			"to": [-1, 11, 28],
			"rotation": {"angle": 0, "axis": "y", "origin": [5, 15, 29]},
			"faces": {
				"north": {"uv": [13.25, 3.3125, 13.375, 3.75], "texture": "#0"},
				"east": {"uv": [10.8125, 10.8125, 11.25, 11.25], "texture": "#0"},
				"south": {"uv": [0, 13.3125, 0.125, 13.75], "texture": "#0"},
				"west": {"uv": [10.875, 9.875, 11.3125, 10.3125], "texture": "#0"},
				"up": {"uv": [0.25, 13.75, 0.125, 13.3125], "texture": "#0"},
				"down": {"uv": [0.375, 13.3125, 0.25, 13.75], "texture": "#0"}
			}
		},
		{
			"from": [7, 4, 21],
			"to": [9, 11, 28],
			"rotation": {"angle": 0, "axis": "y", "origin": [15, 15, 29]},
			"faces": {
				"north": {"uv": [0.375, 13.3125, 0.5, 13.75], "texture": "#0"},
				"east": {"uv": [10.875, 10.3125, 11.3125, 10.75], "texture": "#0"},
				"south": {"uv": [2.625, 13.3125, 2.75, 13.75], "texture": "#0"},
				"west": {"uv": [3, 10.9375, 3.4375, 11.375], "texture": "#0"},
				"up": {"uv": [2.875, 13.75, 2.75, 13.3125], "texture": "#0"},
				"down": {"uv": [3, 13.3125, 2.875, 13.75], "texture": "#0"}
			}
		},
		{
			"from": [17, 4, 21],
			"to": [19, 11, 28],
			"rotation": {"angle": 0, "axis": "y", "origin": [25, 15, 29]},
			"faces": {
				"north": {"uv": [3, 13.3125, 3.125, 13.75], "texture": "#0"},
				"east": {"uv": [3.4375, 10.9375, 3.875, 11.375], "texture": "#0"},
				"south": {"uv": [3.125, 13.3125, 3.25, 13.75], "texture": "#0"},
				"west": {"uv": [3.875, 10.9375, 4.3125, 11.375], "texture": "#0"},
				"up": {"uv": [3.375, 13.75, 3.25, 13.3125], "texture": "#0"},
				"down": {"uv": [3.5, 13.3125, 3.375, 13.75], "texture": "#0"}
			}
		},
		{
			"from": [17, 4, 7],
			"to": [19, 11, 14],
			"rotation": {"angle": 0, "axis": "y", "origin": [25, 15, 15]},
			"faces": {
				"north": {"uv": [3.5, 13.3125, 3.625, 13.75], "texture": "#0"},
				"east": {"uv": [4.3125, 10.9375, 4.75, 11.375], "texture": "#0"},
				"south": {"uv": [3.625, 13.3125, 3.75, 13.75], "texture": "#0"},
				"west": {"uv": [11, 6.6875, 11.4375, 7.125], "texture": "#0"},
				"up": {"uv": [3.875, 13.75, 3.75, 13.3125], "texture": "#0"},
				"down": {"uv": [4, 13.3125, 3.875, 13.75], "texture": "#0"}
			}
		},
		{
			"from": [7, 4, 7],
			"to": [9, 11, 14],
			"rotation": {"angle": 0, "axis": "y", "origin": [15, 15, 15]},
			"faces": {
				"north": {"uv": [4, 13.3125, 4.125, 13.75], "texture": "#0"},
				"east": {"uv": [0.875, 11.0625, 1.3125, 11.5], "texture": "#0"},
				"south": {"uv": [4.75, 13.3125, 4.875, 13.75], "texture": "#0"},
				"west": {"uv": [1.3125, 11.0625, 1.75, 11.5], "texture": "#0"},
				"up": {"uv": [5, 13.75, 4.875, 13.3125], "texture": "#0"},
				"down": {"uv": [5.125, 13.3125, 5, 13.75], "texture": "#0"}
			}
		},
		{
			"from": [-3, 4, 7],
			"to": [-1, 11, 14],
			"rotation": {"angle": 0, "axis": "y", "origin": [5, 15, 15]},
			"faces": {
				"north": {"uv": [5.125, 13.3125, 5.25, 13.75], "texture": "#0"},
				"east": {"uv": [1.75, 11.0625, 2.1875, 11.5], "texture": "#0"},
				"south": {"uv": [5.25, 13.3125, 5.375, 13.75], "texture": "#0"},
				"west": {"uv": [2.1875, 11.0625, 2.625, 11.5], "texture": "#0"},
				"up": {"uv": [5.5, 13.75, 5.375, 13.3125], "texture": "#0"},
				"down": {"uv": [5.625, 13.3125, 5.5, 13.75], "texture": "#0"}
			}
		},
		{
			"from": [-11, 13, 18],
			"to": [-3, 15, 20],
			"rotation": {"angle": 22.5, "axis": "x", "origin": [-8, 16, 21]},
			"faces": {
				"north": {"uv": [13.125, 12.5, 13.625, 12.625], "texture": "#0"},
				"east": {"uv": [13.8125, 4.1875, 13.9375, 4.3125], "texture": "#0"},
				"south": {"uv": [0, 13.1875, 0.5, 13.3125], "texture": "#0"},
				"west": {"uv": [13.8125, 4.625, 13.9375, 4.75], "texture": "#0"},
				"up": {"uv": [3.125, 13.3125, 2.625, 13.1875], "texture": "#0"},
				"down": {"uv": [3.625, 13.1875, 3.125, 13.3125], "texture": "#0"}
			}
		},
		{
			"from": [-11, 13, 4],
			"to": [-3, 15, 6],
			"rotation": {"angle": 22.5, "axis": "x", "origin": [-8, 16, 7]},
			"faces": {
				"north": {"uv": [13.125, 12.5, 13.625, 12.625], "texture": "#0"},
				"east": {"uv": [13.8125, 4.1875, 13.9375, 4.3125], "texture": "#0"},
				"south": {"uv": [0, 13.1875, 0.5, 13.3125], "texture": "#0"},
				"west": {"uv": [13.8125, 4.625, 13.9375, 4.75], "texture": "#0"},
				"up": {"uv": [3.125, 13.3125, 2.625, 13.1875], "texture": "#0"},
				"down": {"uv": [3.625, 13.1875, 3.125, 13.3125], "texture": "#0"}
			}
		},
		{
			"from": [-1, 13, 4],
			"to": [7, 15, 6],
			"rotation": {"angle": 22.5, "axis": "x", "origin": [2, 16, 7]},
			"faces": {
				"north": {"uv": [13.125, 12.5, 13.625, 12.625], "texture": "#0"},
				"east": {"uv": [13.8125, 4.1875, 13.9375, 4.3125], "texture": "#0"},
				"south": {"uv": [0, 13.1875, 0.5, 13.3125], "texture": "#0"},
				"west": {"uv": [13.8125, 4.625, 13.9375, 4.75], "texture": "#0"},
				"up": {"uv": [3.125, 13.3125, 2.625, 13.1875], "texture": "#0"},
				"down": {"uv": [3.625, 13.1875, 3.125, 13.3125], "texture": "#0"}
			}
		},
		{
			"from": [9, 13, 4],
			"to": [17, 15, 6],
			"rotation": {"angle": 22.5, "axis": "x", "origin": [12, 16, 7]},
			"faces": {
				"north": {"uv": [13.125, 12.5, 13.625, 12.625], "texture": "#0"},
				"east": {"uv": [13.8125, 4.1875, 13.9375, 4.3125], "texture": "#0"},
				"south": {"uv": [0, 13.1875, 0.5, 13.3125], "texture": "#0"},
				"west": {"uv": [13.8125, 4.625, 13.9375, 4.75], "texture": "#0"},
				"up": {"uv": [3.125, 13.3125, 2.625, 13.1875], "texture": "#0"},
				"down": {"uv": [3.625, 13.1875, 3.125, 13.3125], "texture": "#0"}
			}
		},
		{
			"from": [19, 13, 4],
			"to": [27, 15, 6],
			"rotation": {"angle": 22.5, "axis": "x", "origin": [22, 16, 7]},
			"faces": {
				"north": {"uv": [13.125, 12.5, 13.625, 12.625], "texture": "#0"},
				"east": {"uv": [13.8125, 4.1875, 13.9375, 4.3125], "texture": "#0"},
				"south": {"uv": [0, 13.1875, 0.5, 13.3125], "texture": "#0"},
				"west": {"uv": [13.8125, 4.625, 13.9375, 4.75], "texture": "#0"},
				"up": {"uv": [3.125, 13.3125, 2.625, 13.1875], "texture": "#0"},
				"down": {"uv": [3.625, 13.1875, 3.125, 13.3125], "texture": "#0"}
			}
		},
		{
			"from": [-1, 13, 18],
			"to": [7, 15, 20],
			"rotation": {"angle": 22.5, "axis": "x", "origin": [2, 16, 21]},
			"faces": {
				"north": {"uv": [13.125, 12.5, 13.625, 12.625], "texture": "#0"},
				"east": {"uv": [13.8125, 4.1875, 13.9375, 4.3125], "texture": "#0"},
				"south": {"uv": [0, 13.1875, 0.5, 13.3125], "texture": "#0"},
				"west": {"uv": [13.8125, 4.625, 13.9375, 4.75], "texture": "#0"},
				"up": {"uv": [3.125, 13.3125, 2.625, 13.1875], "texture": "#0"},
				"down": {"uv": [3.625, 13.1875, 3.125, 13.3125], "texture": "#0"}
			}
		},
		{
			"from": [9, 13, 18],
			"to": [17, 15, 20],
			"rotation": {"angle": 22.5, "axis": "x", "origin": [12, 16, 21]},
			"faces": {
				"north": {"uv": [13.125, 12.5, 13.625, 12.625], "texture": "#0"},
				"east": {"uv": [13.8125, 4.1875, 13.9375, 4.3125], "texture": "#0"},
				"south": {"uv": [0, 13.1875, 0.5, 13.3125], "texture": "#0"},
				"west": {"uv": [13.8125, 4.625, 13.9375, 4.75], "texture": "#0"},
				"up": {"uv": [3.125, 13.3125, 2.625, 13.1875], "texture": "#0"},
				"down": {"uv": [3.625, 13.1875, 3.125, 13.3125], "texture": "#0"}
			}
		},
		{
			"from": [19, 13, 18],
			"to": [27, 15, 20],
			"rotation": {"angle": 22.5, "axis": "x", "origin": [22, 16, 21]},
			"faces": {
				"north": {"uv": [13.125, 12.5, 13.625, 12.625], "texture": "#0"},
				"east": {"uv": [13.8125, 4.1875, 13.9375, 4.3125], "texture": "#0"},
				"south": {"uv": [0, 13.1875, 0.5, 13.3125], "texture": "#0"},
				"west": {"uv": [13.8125, 4.625, 13.9375, 4.75], "texture": "#0"},
				"up": {"uv": [3.125, 13.3125, 2.625, 13.1875], "texture": "#0"},
				"down": {"uv": [3.625, 13.1875, 3.125, 13.3125], "texture": "#0"}
			}
		},
		{
			"from": [22, 8, 16],
			"to": [24, 14, 17],
			"rotation": {"angle": 22.5, "axis": "x", "origin": [23, 10, 18]},
			"faces": {
				"north": {"uv": [1.125, 12.875, 1.25, 13.625], "texture": "#0"},
				"east": {"uv": [8.1875, 13.625, 8.25, 14.375], "texture": "#0"},
				"south": {"uv": [1.25, 12.875, 1.375, 13.625], "texture": "#0"},
				"west": {"uv": [8.25, 13.625, 8.3125, 14.375], "texture": "#0"},
				"up": {"uv": [13.9375, 1.625, 13.8125, 1.5625], "texture": "#0"},
				"down": {"uv": [13.9375, 2.5, 13.8125, 2.5625], "texture": "#0"}
			}
		},
		{
			"from": [12, 8, 16],
			"to": [14, 14, 17],
			"rotation": {"angle": 22.5, "axis": "x", "origin": [13, 10, 18]},
			"faces": {
				"north": {"uv": [1.375, 12.875, 1.5, 13.625], "texture": "#0"},
				"east": {"uv": [8.3125, 13.625, 8.375, 14.375], "texture": "#0"},
				"south": {"uv": [1.5, 12.875, 1.625, 13.625], "texture": "#0"},
				"west": {"uv": [8.375, 13.625, 8.4375, 14.375], "texture": "#0"},
				"up": {"uv": [13.9375, 4.375, 13.8125, 4.3125], "texture": "#0"},
				"down": {"uv": [13.9375, 5.625, 13.8125, 5.6875], "texture": "#0"}
			}
		},
		{
			"from": [2, 8, 16],
			"to": [4, 14, 17],
			"rotation": {"angle": 22.5, "axis": "x", "origin": [3, 10, 18]},
			"faces": {
				"north": {"uv": [12.5, 2.375, 12.625, 3.1875], "texture": "#0"},
				"east": {"uv": [5.75, 13.1875, 5.8125, 14], "texture": "#0"},
				"south": {"uv": [4.5, 12.5625, 4.625, 13.375], "texture": "#0"},
				"west": {"uv": [12.375, 13.1875, 12.4375, 14], "texture": "#0"},
				"up": {"uv": [13.9375, 7.0625, 13.8125, 7], "texture": "#0"},
				"down": {"uv": [13.9375, 11.375, 13.8125, 11.4375], "texture": "#0"}
			}
		},
		{
			"from": [-8, 8, 16],
			"to": [-6, 14, 17],
			"rotation": {"angle": 22.5, "axis": "x", "origin": [-7, 10, 18]},
			"faces": {
				"north": {"uv": [4.625, 12.5625, 4.75, 13.375], "texture": "#0"},
				"east": {"uv": [7.6875, 13.375, 7.75, 14.1875], "texture": "#0"},
				"south": {"uv": [7.6875, 12.5625, 7.8125, 13.375], "texture": "#0"},
				"west": {"uv": [7.75, 13.375, 7.8125, 14.1875], "texture": "#0"},
				"up": {"uv": [13.9375, 12.75, 13.8125, 12.6875], "texture": "#0"},
				"down": {"uv": [13.9375, 12.75, 13.8125, 12.8125], "texture": "#0"}
			}
		},
		{
			"from": [-8, 8, 2],
			"to": [-6, 14, 3],
			"rotation": {"angle": 22.5, "axis": "x", "origin": [-7, 10, 4]},
			"faces": {
				"north": {"uv": [1.625, 12.875, 1.75, 13.625], "texture": "#0"},
				"east": {"uv": [9, 13.625, 9.0625, 14.375], "texture": "#0"},
				"south": {"uv": [1.75, 12.875, 1.875, 13.625], "texture": "#0"},
				"west": {"uv": [9.0625, 13.625, 9.125, 14.375], "texture": "#0"},
				"up": {"uv": [13.9375, 12.875, 13.8125, 12.8125], "texture": "#0"},
				"down": {"uv": [13.9375, 13.25, 13.8125, 13.3125], "texture": "#0"}
			}
		},
		{
			"from": [2, 8, 2],
			"to": [4, 14, 3],
			"rotation": {"angle": 22.5, "axis": "x", "origin": [3, 10, 4]},
			"faces": {
				"north": {"uv": [1.875, 12.875, 2, 13.625], "texture": "#0"},
				"east": {"uv": [9.125, 13.625, 9.1875, 14.375], "texture": "#0"},
				"south": {"uv": [8.0625, 12.875, 8.1875, 13.625], "texture": "#0"},
				"west": {"uv": [10, 13.625, 10.0625, 14.375], "texture": "#0"},
				"up": {"uv": [13.9375, 13.375, 13.8125, 13.3125], "texture": "#0"},
				"down": {"uv": [13.9375, 13.375, 13.8125, 13.4375], "texture": "#0"}
			}
		},
		{
			"from": [12, 8, 2],
			"to": [14, 14, 3],
			"rotation": {"angle": 22.5, "axis": "x", "origin": [13, 10, 4]},
			"faces": {
				"north": {"uv": [8.1875, 12.875, 8.3125, 13.625], "texture": "#0"},
				"east": {"uv": [10.0625, 13.625, 10.125, 14.375], "texture": "#0"},
				"south": {"uv": [8.3125, 12.875, 8.4375, 13.625], "texture": "#0"},
				"west": {"uv": [10.125, 13.625, 10.1875, 14.375], "texture": "#0"},
				"up": {"uv": [13.9375, 13.5, 13.8125, 13.4375], "texture": "#0"},
				"down": {"uv": [13.9375, 13.5, 13.8125, 13.5625], "texture": "#0"}
			}
		},
		{
			"from": [22, 8, 2],
			"to": [24, 14, 3],
			"rotation": {"angle": 22.5, "axis": "x", "origin": [23, 10, 4]},
			"faces": {
				"north": {"uv": [10, 12.875, 10.125, 13.625], "texture": "#0"},
				"east": {"uv": [10.1875, 13.625, 10.25, 14.375], "texture": "#0"},
				"south": {"uv": [10.125, 12.875, 10.25, 13.625], "texture": "#0"},
				"west": {"uv": [12.125, 13.625, 12.1875, 14.375], "texture": "#0"},
				"up": {"uv": [0.625, 13.9375, 0.5, 13.875], "texture": "#0"},
				"down": {"uv": [0.75, 13.875, 0.625, 13.9375], "texture": "#0"}
			}
		},
		{
			"from": [-13, 9, -4],
			"to": [29, 17, -2],
			"rotation": {"angle": 0, "axis": "y", "origin": [-5, 14, 5]},
			"faces": {
				"north": {"uv": [6.875, 6.875, 9.5, 7.5625], "texture": "#0"},
				"east": {"uv": [9.25, 7.8125, 9.375, 8.5], "texture": "#0"},
				"south": {"uv": [6.875, 6.125, 9.5, 6.8125], "texture": "#0"},
				"west": {"uv": [10.375, 12.875, 10.5, 13.5625], "texture": "#0"},
				"up": {"uv": [12.5, 2.5, 9.875, 2.375], "texture": "#0"},
				"down": {"uv": [12.5, 2.5, 9.875, 2.625], "texture": "#0"}
			}
		},
		{
			"from": [-11, 9, -6],
			"to": [27, 17, -4],
			"rotation": {"angle": 0, "axis": "y", "origin": [-3, 17, 3]},
			"faces": {
				"north": {"uv": [2.375, 1.375, 4.75, 2.0625], "texture": "#0"},
				"east": {"uv": [10.5, 12.875, 10.625, 13.5625], "texture": "#0"},
				"south": {"uv": [0, 3.4375, 2.375, 4.125], "texture": "#0"},
				"west": {"uv": [10.625, 12.875, 10.75, 13.5625], "texture": "#0"},
				"up": {"uv": [4.75, 2.375, 2.375, 2.25], "texture": "#0"},
				"down": {"uv": [2.375, 5.6875, 0, 5.8125], "texture": "#0"}
			}
		},
		{
			"from": [-9, 9, -8],
			"to": [25, 17, -6],
			"rotation": {"angle": 0, "axis": "y", "origin": [-3, 17, 1]},
			"faces": {
				"north": {"uv": [0, 4.125, 2.125, 4.8125], "texture": "#0"},
				"east": {"uv": [10.75, 12.875, 10.875, 13.5625], "texture": "#0"},
				"south": {"uv": [0, 4.8125, 2.125, 5.5], "texture": "#0"},
				"west": {"uv": [10.875, 12.875, 11, 13.5625], "texture": "#0"},
				"up": {"uv": [12, 9.5, 9.875, 9.375], "texture": "#0"},
				"down": {"uv": [12, 9.5, 9.875, 9.625], "texture": "#0"}
			}
		},
		{
			"from": [-7, 9, -10],
			"to": [23, 17, -8],
			"rotation": {"angle": 0, "axis": "y", "origin": [-3, 17, -1]},
			"faces": {
				"north": {"uv": [7.5, 2.375, 9.375, 3.0625], "texture": "#0"},
				"east": {"uv": [11, 12.875, 11.125, 13.5625], "texture": "#0"},
				"south": {"uv": [7.5, 3.0625, 9.375, 3.75], "texture": "#0"},
				"west": {"uv": [12.625, 12.875, 12.75, 13.5625], "texture": "#0"},
				"up": {"uv": [11.875, 6.0625, 10, 5.9375], "texture": "#0"},
				"down": {"uv": [11.875, 6.0625, 10, 6.1875], "texture": "#0"}
			}
		},
		{
			"from": [-5, 9, -12],
			"to": [21, 17, -10],
			"rotation": {"angle": 0, "axis": "y", "origin": [-3, 17, -3]},
			"faces": {
				"north": {"uv": [7.5, 4.5625, 9.125, 5.25], "texture": "#0"},
				"east": {"uv": [12.75, 12.875, 12.875, 13.5625], "texture": "#0"},
				"south": {"uv": [7.5, 5.25, 9.125, 5.9375], "texture": "#0"},
				"west": {"uv": [12.875, 12.875, 13, 13.5625], "texture": "#0"},
				"up": {"uv": [11.625, 7.25, 10, 7.125], "texture": "#0"},
				"down": {"uv": [11.875, 2.1875, 10.25, 2.3125], "texture": "#0"}
			}
		},
		{
			"from": [-3, 9, -14],
			"to": [19, 17, -12],
			"rotation": {"angle": 0, "axis": "y", "origin": [-3, 17, -5]},
			"faces": {
				"north": {"uv": [6.875, 7.5625, 8.25, 8.25], "texture": "#0"},
				"east": {"uv": [12.875, 5.8125, 13, 6.5], "texture": "#0"},
				"south": {"uv": [0, 7.6875, 1.375, 8.375], "texture": "#0"},
				"west": {"uv": [12.875, 11, 13, 11.6875], "texture": "#0"},
				"up": {"uv": [12.5, 3.5, 11.125, 3.375], "texture": "#0"},
				"down": {"uv": [12.5, 5.8125, 11.125, 5.9375], "texture": "#0"}
			}
		},
		{
			"from": [7, 1, -14],
			"to": [9, 6, -12],
			"rotation": {"angle": 0, "axis": "y", "origin": [7, 9, -5]},
			"faces": {
				"north": {"uv": [11.625, 13.3125, 11.75, 13.75], "texture": "#0"},
				"east": {"uv": [11.75, 13.3125, 11.875, 13.75], "texture": "#0"},
				"south": {"uv": [11.875, 13.3125, 12, 13.75], "texture": "#0"},
				"west": {"uv": [12, 13.3125, 12.125, 13.75], "texture": "#0"},
				"up": {"uv": [13.875, 4.0625, 13.75, 3.9375], "texture": "#0"},
				"down": {"uv": [13.875, 4.375, 13.75, 4.5], "texture": "#0"}
			}
		},
		{
			"from": [5, 6, -14],
			"to": [11, 8, -12],
			"rotation": {"angle": 0, "axis": "y", "origin": [7, 9, -5]},
			"faces": {
				"north": {"uv": [13.5, 12.875, 13.875, 13], "texture": "#0"},
				"east": {"uv": [13.75, 4.5, 13.875, 4.625], "texture": "#0"},
				"south": {"uv": [13.5625, 0.75, 13.9375, 0.875], "texture": "#0"},
				"west": {"uv": [13.75, 5.6875, 13.875, 5.8125], "texture": "#0"},
				"up": {"uv": [13.9375, 1.75, 13.5625, 1.625], "texture": "#0"},
				"down": {"uv": [13.9375, 3.6875, 13.5625, 3.8125], "texture": "#0"}
			}
		},
		{
			"from": [2, 8, -14],
			"to": [14, 9, -12],
			"rotation": {"angle": 0, "axis": "y", "origin": [7, 11, -5]},
			"faces": {
				"north": {"uv": [12.5, 3.375, 13.25, 3.5], "texture": "#0"},
				"east": {"uv": [13.75, 11.6875, 13.875, 11.8125], "texture": "#0"},
				"south": {"uv": [12.5, 8, 13.25, 8.125], "texture": "#0"},
				"west": {"uv": [13.75, 11.8125, 13.875, 11.9375], "texture": "#0"},
				"up": {"uv": [13.25, 8.625, 12.5, 8.5], "texture": "#0"},
				"down": {"uv": [13.3125, 4.3125, 12.5625, 4.4375], "texture": "#0"}
			}
		},
		{
			"from": [5, 1, -12],
			"to": [11, 6, -10],
			"rotation": {"angle": 0, "axis": "y", "origin": [7, 9, -3]},
			"faces": {
				"north": {"uv": [7.9375, 10.3125, 8.3125, 10.75], "texture": "#0"},
				"east": {"uv": [12.5, 13.3125, 12.625, 13.75], "texture": "#0"},
				"south": {"uv": [11.3125, 11.3125, 11.6875, 11.75], "texture": "#0"},
				"west": {"uv": [13.1875, 13.3125, 13.3125, 13.75], "texture": "#0"},
				"up": {"uv": [13.875, 0.5, 13.5, 0.375], "texture": "#0"},
				"down": {"uv": [13.875, 11.4375, 13.5, 11.5625], "texture": "#0"}
			}
		},
		{
			"from": [3, 6, -12],
			"to": [13, 8, -10],
			"rotation": {"angle": 0, "axis": "y", "origin": [7, 9, -3]},
			"faces": {
				"north": {"uv": [12.5625, 7.125, 13.1875, 7.25], "texture": "#0"},
				"east": {"uv": [13.75, 6.5625, 13.875, 6.6875], "texture": "#0"},
				"south": {"uv": [12.625, 0.5, 13.25, 0.625], "texture": "#0"},
				"west": {"uv": [13.75, 6.6875, 13.875, 6.8125], "texture": "#0"},
				"up": {"uv": [13.25, 3.1875, 12.625, 3.0625], "texture": "#0"},
				"down": {"uv": [13.25, 8.25, 12.625, 8.375], "texture": "#0"}
			}
		},
		{
			"from": [0, 8, -12],
			"to": [16, 9, -10],
			"rotation": {"angle": 0, "axis": "y", "origin": [7, 11, -3]},
			"faces": {
				"north": {"uv": [12.0625, 8.125, 13.0625, 8.25], "texture": "#0"},
				"east": {"uv": [13.75, 11.9375, 13.875, 12.0625], "texture": "#0"},
				"south": {"uv": [12.125, 8.9375, 13.125, 9.0625], "texture": "#0"},
				"west": {"uv": [13.75, 12.0625, 13.875, 12.1875], "texture": "#0"},
				"up": {"uv": [13.125, 9.1875, 12.125, 9.0625], "texture": "#0"},
				"down": {"uv": [13.1875, 0.625, 12.1875, 0.75], "texture": "#0"}
			}
		},
		{
			"from": [2, 1, -10],
			"to": [14, 6, -8],
			"rotation": {"angle": 0, "axis": "y", "origin": [7, 9, -1]},
			"faces": {
				"north": {"uv": [9.875, 2.625, 10.625, 3.0625], "texture": "#0"},
				"east": {"uv": [13.3125, 13.3125, 13.4375, 13.75], "texture": "#0"},
				"south": {"uv": [9.875, 3.0625, 10.625, 3.5], "texture": "#0"},
				"west": {"uv": [13.3125, 2.1875, 13.4375, 2.625], "texture": "#0"},
				"up": {"uv": [13.125, 2.1875, 12.375, 2.0625], "texture": "#0"},
				"down": {"uv": [13.1875, 0.9375, 12.4375, 1.0625], "texture": "#0"}
			}
		},
		{
			"from": [0, 6, -10],
			"to": [16, 8, -8],
			"rotation": {"angle": 0, "axis": "y", "origin": [7, 9, -1]},
			"faces": {
				"north": {"uv": [12, 9.375, 13, 9.5], "texture": "#0"},
				"east": {"uv": [13.75, 7.5, 13.875, 7.625], "texture": "#0"},
				"south": {"uv": [12, 9.5, 13, 9.625], "texture": "#0"},
				"west": {"uv": [13.75, 7.625, 13.875, 7.75], "texture": "#0"},
				"up": {"uv": [13.0625, 3.375, 12.0625, 3.25], "texture": "#0"},
				"down": {"uv": [13.0625, 6.5625, 12.0625, 6.6875], "texture": "#0"}
			}
		},
		{
			"from": [-3, 8, -10],
			"to": [19, 9, -8],
			"rotation": {"angle": 0, "axis": "y", "origin": [7, 11, -1]},
			"faces": {
				"north": {"uv": [11.1875, 4.25, 12.5625, 4.375], "texture": "#0"},
				"east": {"uv": [13.75, 12.1875, 13.875, 12.3125], "texture": "#0"},
				"south": {"uv": [11.1875, 4.375, 12.5625, 4.5], "texture": "#0"},
				"west": {"uv": [4.125, 13.8125, 4.25, 13.9375], "texture": "#0"},
				"up": {"uv": [12.625, 10.875, 11.25, 10.75], "texture": "#0"},
				"down": {"uv": [12.625, 10.875, 11.25, 11], "texture": "#0"}
			}
		},
		{
			"from": [0, 1, -8],
			"to": [16, 6, -6],
			"rotation": {"angle": 0, "axis": "y", "origin": [7, 9, 1]},
			"faces": {
				"north": {"uv": [8.25, 7.8125, 9.25, 8.25], "texture": "#0"},
				"east": {"uv": [4.5, 13.375, 4.625, 13.8125], "texture": "#0"},
				"south": {"uv": [9.875, 9.875, 10.875, 10.3125], "texture": "#0"},
				"west": {"uv": [4.625, 13.375, 4.75, 13.8125], "texture": "#0"},
				"up": {"uv": [12.8125, 10.5, 11.8125, 10.375], "texture": "#0"},
				"down": {"uv": [12.875, 2.1875, 11.875, 2.3125], "texture": "#0"}
			}
		},
		{
			"from": [-2, 6, -8],
			"to": [18, 8, -6],
			"rotation": {"angle": 0, "axis": "y", "origin": [7, 9, 1]},
			"faces": {
				"north": {"uv": [11.3125, 10.5, 12.5625, 10.625], "texture": "#0"},
				"east": {"uv": [13.75, 7.75, 13.875, 7.875], "texture": "#0"},
				"south": {"uv": [11.3125, 10.625, 12.5625, 10.75], "texture": "#0"},
				"west": {"uv": [13.75, 7.875, 13.875, 8], "texture": "#0"},
				"up": {"uv": [12.75, 3.625, 11.5, 3.5], "texture": "#0"},
				"down": {"uv": [12.75, 3.625, 11.5, 3.75], "texture": "#0"}
			}
		},
		{
			"from": [-5, 8, -8],
			"to": [21, 9, -6],
			"rotation": {"angle": 0, "axis": "y", "origin": [7, 11, 1]},
			"faces": {
				"north": {"uv": [10.75, 1.6875, 12.375, 1.8125], "texture": "#0"},
				"east": {"uv": [4.25, 13.8125, 4.375, 13.9375], "texture": "#0"},
				"south": {"uv": [10.75, 1.8125, 12.375, 1.9375], "texture": "#0"},
				"west": {"uv": [4.5, 13.8125, 4.625, 13.9375], "texture": "#0"},
				"up": {"uv": [12.375, 2.0625, 10.75, 1.9375], "texture": "#0"},
				"down": {"uv": [12.375, 2.0625, 10.75, 2.1875], "texture": "#0"}
			}
		},
		{
			"from": [-3, 1, -6],
			"to": [19, 6, -4],
			"rotation": {"angle": 0, "axis": "y", "origin": [7, 9, 3]},
			"faces": {
				"north": {"uv": [9.8125, 4.125, 11.1875, 4.5625], "texture": "#0"},
				"east": {"uv": [6.875, 13.375, 7, 13.8125], "texture": "#0"},
				"south": {"uv": [6.9375, 9.875, 8.3125, 10.3125], "texture": "#0"},
				"west": {"uv": [7, 13.375, 7.125, 13.8125], "texture": "#0"},
				"up": {"uv": [12.5, 8.625, 11.125, 8.5], "texture": "#0"},
				"down": {"uv": [12.5625, 4.125, 11.1875, 4.25], "texture": "#0"}
			}
		},
		{
			"from": [-5, 6, -6],
			"to": [21, 8, -4],
			"rotation": {"angle": 0, "axis": "y", "origin": [7, 9, 3]},
			"faces": {
				"north": {"uv": [10.625, 8.8125, 12.25, 8.9375], "texture": "#0"},
				"east": {"uv": [13.75, 8.4375, 13.875, 8.5625], "texture": "#0"},
				"south": {"uv": [10.75, 1.3125, 12.375, 1.4375], "texture": "#0"},
				"west": {"uv": [13.75, 8.5625, 13.875, 8.6875], "texture": "#0"},
				"up": {"uv": [12.375, 1.5625, 10.75, 1.4375], "texture": "#0"},
				"down": {"uv": [12.375, 1.5625, 10.75, 1.6875], "texture": "#0"}
			}
		},
		{
			"from": [-8, 8, -6],
			"to": [24, 9, -4],
			"rotation": {"angle": 0, "axis": "y", "origin": [7, 11, 3]},
			"faces": {
				"north": {"uv": [1.375, 7.6875, 3.375, 7.8125], "texture": "#0"},
				"east": {"uv": [4.625, 13.8125, 4.75, 13.9375], "texture": "#0"},
				"south": {"uv": [1.375, 7.8125, 3.375, 7.9375], "texture": "#0"},
				"west": {"uv": [6.875, 13.8125, 7, 13.9375], "texture": "#0"},
				"up": {"uv": [11.875, 9.75, 9.875, 9.625], "texture": "#0"},
				"down": {"uv": [11.875, 9.75, 9.875, 9.875], "texture": "#0"}
			}
		},
		{
			"from": [-5, 1, -4],
			"to": [21, 6, -2],
			"rotation": {"angle": 0, "axis": "y", "origin": [7, 9, 5]},
			"faces": {
				"north": {"uv": [3.75, 7.9375, 5.375, 8.375], "texture": "#0"},
				"east": {"uv": [7.375, 13.375, 7.5, 13.8125], "texture": "#0"},
				"south": {"uv": [8.1875, 4.125, 9.8125, 4.5625], "texture": "#0"},
				"west": {"uv": [7.5, 13.375, 7.625, 13.8125], "texture": "#0"},
				"up": {"uv": [12.25, 3.875, 10.625, 3.75], "texture": "#0"},
				"down": {"uv": [12.25, 8.6875, 10.625, 8.8125], "texture": "#0"}
			}
		},
		{
			"from": [-7, 6, -4],
			"to": [23, 8, -2],
			"rotation": {"angle": 0, "axis": "y", "origin": [7, 9, 5]},
			"faces": {
				"north": {"uv": [10, 6.1875, 11.875, 6.3125], "texture": "#0"},
				"east": {"uv": [13.75, 8.6875, 13.875, 8.8125], "texture": "#0"},
				"south": {"uv": [10, 6.3125, 11.875, 6.4375], "texture": "#0"},
				"west": {"uv": [13.75, 11.5625, 13.875, 11.6875], "texture": "#0"},
				"up": {"uv": [11.875, 6.5625, 10, 6.4375], "texture": "#0"},
				"down": {"uv": [11.875, 6.5625, 10, 6.6875], "texture": "#0"}
			}
		},
		{
			"from": [-10, 8, -4],
			"to": [26, 9, -2],
			"rotation": {"angle": 0, "axis": "y", "origin": [7, 11, 5]},
			"faces": {
				"north": {"uv": [9.875, 3.875, 12.125, 4], "texture": "#0"},
				"east": {"uv": [7, 13.8125, 7.125, 13.9375], "texture": "#0"},
				"south": {"uv": [9.875, 4, 12.125, 4.125], "texture": "#0"},
				"west": {"uv": [7.375, 13.8125, 7.5, 13.9375], "texture": "#0"},
				"up": {"uv": [12.125, 9.0625, 9.875, 8.9375], "texture": "#0"},
				"down": {"uv": [12.125, 9.0625, 9.875, 9.1875], "texture": "#0"}
			}
		},
		{
			"from": [-14, 17, 16],
			"to": [-11, 17.25, 21],
			"rotation": {"angle": 0, "axis": "y", "origin": [-6, 25, 28]},
			"faces": {
				"north": {"uv": [10.0625, 1.3125, 10.25, 1.375], "texture": "#0"},
				"east": {"uv": [11.5625, 4.5, 11.875, 4.5625], "texture": "#0"},
				"south": {"uv": [12.625, 11.75, 12.8125, 11.8125], "texture": "#0"},
				"west": {"uv": [12.25, 4.0625, 12.5625, 4.125], "texture": "#0"},
				"up": {"uv": [7.125, 13.375, 6.9375, 13.0625], "texture": "#0"},
				"down": {"uv": [6, 13.125, 5.8125, 13.4375], "texture": "#0"}
			}
		},
		{
			"from": [27, 17, 16],
			"to": [30, 17.25, 21],
			"rotation": {"angle": 0, "axis": "y", "origin": [35, 25, 28]},
			"faces": {
				"north": {"uv": [2.3125, 13.0625, 2.5, 13.125], "texture": "#0"},
				"east": {"uv": [12.5625, 7.25, 12.875, 7.3125], "texture": "#0"},
				"south": {"uv": [13.0625, 3.3125, 13.25, 3.375], "texture": "#0"},
				"west": {"uv": [12.625, 8.375, 12.9375, 8.4375], "texture": "#0"},
				"up": {"uv": [0.6875, 13.5, 0.5, 13.1875], "texture": "#0"},
				"down": {"uv": [0.875, 13.1875, 0.6875, 13.5], "texture": "#0"}
			}
		},
		{
			"from": [27, 17, 2],
			"to": [30, 17.25, 6],
			"rotation": {"angle": 0, "axis": "y", "origin": [35, 25, 13]},
			"faces": {
				"north": {"uv": [13.125, 9.125, 13.3125, 9.1875], "texture": "#0"},
				"east": {"uv": [8.0625, 12.5625, 8.3125, 12.625], "texture": "#0"},
				"south": {"uv": [13.1875, 2.875, 13.375, 2.9375], "texture": "#0"},
				"west": {"uv": [10.0625, 12.5625, 10.3125, 12.625], "texture": "#0"},
				"up": {"uv": [13.75, 12.3125, 13.5625, 12.0625], "texture": "#0"},
				"down": {"uv": [0.6875, 13.625, 0.5, 13.875], "texture": "#0"}
			}
		},
		{
			"from": [-14, 17, 2],
			"to": [-11, 17.25, 6],
			"rotation": {"angle": 0, "axis": "y", "origin": [-6, 25, 13]},
			"faces": {
				"north": {"uv": [13.1875, 8.375, 13.375, 8.4375], "texture": "#0"},
				"east": {"uv": [12.9375, 4.25, 13.1875, 4.3125], "texture": "#0"},
				"south": {"uv": [13.1875, 13.125, 13.375, 13.1875], "texture": "#0"},
				"west": {"uv": [12.9375, 8.375, 13.1875, 8.4375], "texture": "#0"},
				"up": {"uv": [0.875, 13.875, 0.6875, 13.625], "texture": "#0"},
				"down": {"uv": [1.0625, 13.625, 0.875, 13.875], "texture": "#0"}
			}
		},
		{
			"from": [-11, 17, -6],
			"to": [-10, 18, -4],
			"rotation": {"angle": 0, "axis": "y", "origin": [-3, 25, 2]},
			"faces": {
				"north": {"uv": [5.3125, 10.625, 5.375, 10.6875], "texture": "#0"},
				"east": {"uv": [12.625, 9.75, 12.75, 9.8125], "texture": "#0"},
				"south": {"uv": [10.3125, 11.1875, 10.375, 11.25], "texture": "#0"},
				"west": {"uv": [12.875, 6.5, 13, 6.5625], "texture": "#0"},
				"up": {"uv": [12.75, 3.875, 12.6875, 3.75], "texture": "#0"},
				"down": {"uv": [7.1875, 13.0625, 7.125, 13.1875], "texture": "#0"}
			}
		},
		{
			"from": [26, 17, -6],
			"to": [27, 18, -4],
			"rotation": {"angle": 0, "axis": "y", "origin": [34, 25, 2]},
			"faces": {
				"north": {"uv": [9, 12.5625, 9.0625, 12.625], "texture": "#0"},
				"east": {"uv": [12.9375, 4.4375, 13.0625, 4.5], "texture": "#0"},
				"south": {"uv": [2.3125, 12.625, 2.375, 12.6875], "texture": "#0"},
				"west": {"uv": [13, 8.875, 13.125, 8.9375], "texture": "#0"},
				"up": {"uv": [13.6875, 0.625, 13.625, 0.5], "texture": "#0"},
				"down": {"uv": [13.6875, 4.125, 13.625, 4.25], "texture": "#0"}
			}
		},
		{
			"from": [-10, 17, -6],
			"to": [-9, 18, -3],
			"rotation": {"angle": 0, "axis": "y", "origin": [-2, 25, 2]},
			"faces": {
				"north": {"uv": [0.4375, 11.5, 0.5, 11.5625], "texture": "#0"},
				"east": {"uv": [13.375, 3.8125, 13.5625, 3.875], "texture": "#0"},
				"south": {"uv": [12.25, 9.8125, 12.3125, 9.875], "texture": "#0"},
				"west": {"uv": [13.375, 5.6875, 13.5625, 5.75], "texture": "#0"},
				"up": {"uv": [9.3125, 12.8125, 9.25, 12.625], "texture": "#0"},
				"down": {"uv": [13.625, 13.8125, 13.5625, 14], "texture": "#0"}
			}
		},
		{
			"from": [25, 17, -6],
			"to": [26, 18, -3],
			"rotation": {"angle": 0, "axis": "y", "origin": [33, 25, 2]},
			"faces": {
				"north": {"uv": [10, 12.8125, 10.0625, 12.875], "texture": "#0"},
				"east": {"uv": [13.375, 8.375, 13.5625, 8.4375], "texture": "#0"},
				"south": {"uv": [12.875, 7.25, 12.9375, 7.3125], "texture": "#0"},
				"west": {"uv": [13.375, 13.125, 13.5625, 13.1875], "texture": "#0"},
				"up": {"uv": [13.875, 6.25, 13.8125, 6.0625], "texture": "#0"},
				"down": {"uv": [13.875, 6.25, 13.8125, 6.4375], "texture": "#0"}
			}
		},
		{
			"from": [-9, 17, -8],
			"to": [-8, 18, -2],
			"rotation": {"angle": 0, "axis": "y", "origin": [-1, 25, 2]},
			"faces": {
				"north": {"uv": [12.4375, 12, 12.5, 12.0625], "texture": "#0"},
				"east": {"uv": [11.6875, 11.625, 12.0625, 11.6875], "texture": "#0"},
				"south": {"uv": [7.375, 12.5625, 7.4375, 12.625], "texture": "#0"},
				"west": {"uv": [11.875, 9.8125, 12.25, 9.875], "texture": "#0"},
				"up": {"uv": [7.625, 13.375, 7.5625, 13], "texture": "#0"},
				"down": {"uv": [5.75, 13.75, 5.6875, 14.125], "texture": "#0"}
			}
		},
		{
			"from": [24, 17, -8],
			"to": [25, 18, -2],
			"rotation": {"angle": 0, "axis": "y", "origin": [32, 25, 2]},
			"faces": {
				"north": {"uv": [13, 11.625, 13.0625, 11.6875], "texture": "#0"},
				"east": {"uv": [12.0625, 12, 12.4375, 12.0625], "texture": "#0"},
				"south": {"uv": [6.875, 13.3125, 6.9375, 13.375], "texture": "#0"},
				"west": {"uv": [12.4375, 5.6875, 12.8125, 5.75], "texture": "#0"},
				"up": {"uv": [6.8125, 14.125, 6.75, 13.75], "texture": "#0"},
				"down": {"uv": [6.875, 13.75, 6.8125, 14.125], "texture": "#0"}
			}
		},
		{
			"from": [-8, 17, -8],
			"to": [-7, 19, -2],
			"rotation": {"angle": 0, "axis": "y", "origin": [0, 25, 2]},
			"faces": {
				"north": {"uv": [13.5, 2.9375, 13.5625, 3.0625], "texture": "#0"},
				"east": {"uv": [13.5625, 7.0625, 13.9375, 7.1875], "texture": "#0"},
				"south": {"uv": [13.5, 6.6875, 13.5625, 6.8125], "texture": "#0"},
				"west": {"uv": [13.5625, 8.125, 13.9375, 8.25], "texture": "#0"},
				"up": {"uv": [6.25, 14.125, 6.1875, 13.75], "texture": "#0"},
				"down": {"uv": [6.3125, 13.75, 6.25, 14.125], "texture": "#0"}
			}
		},
		{
			"from": [23, 17, -8],
			"to": [24, 19, -2],
			"rotation": {"angle": 0, "axis": "y", "origin": [31, 25, 2]},
			"faces": {
				"north": {"uv": [13.8125, 6.4375, 13.875, 6.5625], "texture": "#0"},
				"east": {"uv": [13.5625, 12.3125, 13.9375, 12.4375], "texture": "#0"},
				"south": {"uv": [13.8125, 7.375, 13.875, 7.5], "texture": "#0"},
				"west": {"uv": [13.5625, 13, 13.9375, 13.125], "texture": "#0"},
				"up": {"uv": [8.0625, 14.125, 8, 13.75], "texture": "#0"},
				"down": {"uv": [8.6875, 13.75, 8.625, 14.125], "texture": "#0"}
			}
		},
		{
			"from": [22, 17, -10],
			"to": [23, 19, -2],
			"rotation": {"angle": 0, "axis": "y", "origin": [30, 25, 2]},
			"faces": {
				"north": {"uv": [13.8125, 9.1875, 13.875, 9.3125], "texture": "#0"},
				"east": {"uv": [13, 11.25, 13.5, 11.375], "texture": "#0"},
				"south": {"uv": [13.8125, 10.75, 13.875, 10.875], "texture": "#0"},
				"west": {"uv": [13, 11.375, 13.5, 11.5], "texture": "#0"},
				"up": {"uv": [9.375, 10.75, 9.3125, 10.25], "texture": "#0"},
				"down": {"uv": [7.4375, 12.0625, 7.375, 12.5625], "texture": "#0"}
			}
		},
		{
			"from": [21, 17, -10],
			"to": [22, 19, -2],
			"rotation": {"angle": 0, "axis": "y", "origin": [29, 25, 2]},
			"faces": {
				"north": {"uv": [13.8125, 11.125, 13.875, 11.25], "texture": "#0"},
				"east": {"uv": [13, 12.75, 13.5, 12.875], "texture": "#0"},
				"south": {"uv": [13.8125, 11.25, 13.875, 11.375], "texture": "#0"},
				"west": {"uv": [13, 12.875, 13.5, 13], "texture": "#0"},
				"up": {"uv": [3.1875, 14.25, 3.125, 13.75], "texture": "#0"},
				"down": {"uv": [3.25, 13.75, 3.1875, 14.25], "texture": "#0"}
			}
		},
		{
			"from": [-7, 17, -10],
			"to": [-6, 19, -2],
			"rotation": {"angle": 0, "axis": "y", "origin": [1, 25, 2]},
			"faces": {
				"north": {"uv": [13.8125, 10.875, 13.875, 11], "texture": "#0"},
				"east": {"uv": [13, 11.5, 13.5, 11.625], "texture": "#0"},
				"south": {"uv": [13.8125, 11, 13.875, 11.125], "texture": "#0"},
				"west": {"uv": [13, 12.625, 13.5, 12.75], "texture": "#0"},
				"up": {"uv": [9.0625, 12.5625, 9, 12.0625], "texture": "#0"},
				"down": {"uv": [2.375, 12.125, 2.3125, 12.625], "texture": "#0"}
			}
		},
		{
			"from": [-6, 17, -10],
			"to": [-5, 19, -2],
			"rotation": {"angle": 0, "axis": "y", "origin": [2, 25, 2]},
			"faces": {
				"north": {"uv": [13.8125, 12.4375, 13.875, 12.5625], "texture": "#0"},
				"east": {"uv": [0, 13.0625, 0.5, 13.1875], "texture": "#0"},
				"south": {"uv": [13.8125, 12.5625, 13.875, 12.6875], "texture": "#0"},
				"west": {"uv": [5.3125, 13.0625, 5.8125, 13.1875], "texture": "#0"},
				"up": {"uv": [3.3125, 14.25, 3.25, 13.75], "texture": "#0"},
				"down": {"uv": [3.375, 13.75, 3.3125, 14.25], "texture": "#0"}
			}
		},
		{
			"from": [-5, 17, -12],
			"to": [-4, 20, -2],
			"rotation": {"angle": 0, "axis": "y", "origin": [3, 25, 2]},
			"faces": {
				"north": {"uv": [13.8125, 6.8125, 13.875, 7], "texture": "#0"},
				"east": {"uv": [12.1875, 11.8125, 12.8125, 12], "texture": "#0"},
				"south": {"uv": [13.8125, 7.1875, 13.875, 7.375], "texture": "#0"},
				"west": {"uv": [12.375, 1.6875, 13, 1.875], "texture": "#0"},
				"up": {"uv": [12.25, 14.25, 12.1875, 13.625], "texture": "#0"},
				"down": {"uv": [12.3125, 13.625, 12.25, 14.25], "texture": "#0"}
			}
		},
		{
			"from": [20, 17, -12],
			"to": [21, 20, -2],
			"rotation": {"angle": 0, "axis": "y", "origin": [28, 25, 2]},
			"faces": {
				"north": {"uv": [13.8125, 8.25, 13.875, 8.4375], "texture": "#0"},
				"east": {"uv": [12.375, 1.875, 13, 2.0625], "texture": "#0"},
				"south": {"uv": [13.8125, 8.8125, 13.875, 9], "texture": "#0"},
				"west": {"uv": [12.375, 6.6875, 13, 6.875], "texture": "#0"},
				"up": {"uv": [12.375, 14.25, 12.3125, 13.625], "texture": "#0"},
				"down": {"uv": [13.0625, 13.625, 13, 14.25], "texture": "#0"}
			}
		},
		{
			"from": [19, 17, -12],
			"to": [20, 20, -2],
			"rotation": {"angle": 0, "axis": "y", "origin": [27, 25, 2]},
			"faces": {
				"north": {"uv": [13.8125, 9, 13.875, 9.1875], "texture": "#0"},
				"east": {"uv": [0.875, 12.4375, 1.5, 12.625], "texture": "#0"},
				"south": {"uv": [13.8125, 9.4375, 13.875, 9.625], "texture": "#0"},
				"west": {"uv": [1.5, 12.4375, 2.125, 12.625], "texture": "#0"},
				"up": {"uv": [13.125, 14.25, 13.0625, 13.625], "texture": "#0"},
				"down": {"uv": [13.1875, 13.625, 13.125, 14.25], "texture": "#0"}
			}
		},
		{
			"from": [-4, 17, -12],
			"to": [-3, 20, -2],
			"rotation": {"angle": 0, "axis": "y", "origin": [4, 25, 2]},
			"faces": {
				"north": {"uv": [13.8125, 10.375, 13.875, 10.5625], "texture": "#0"},
				"east": {"uv": [12.4375, 0.75, 13.0625, 0.9375], "texture": "#0"},
				"south": {"uv": [13.8125, 10.5625, 13.875, 10.75], "texture": "#0"},
				"west": {"uv": [12.4375, 4.5, 13.0625, 4.6875], "texture": "#0"},
				"up": {"uv": [13.6875, 14.25, 13.625, 13.625], "texture": "#0"},
				"down": {"uv": [13.6875, 4.625, 13.625, 5.25], "texture": "#0"}
			}
		},
		{
			"from": [18, 17, -14],
			"to": [19, 20, -2],
			"rotation": {"angle": 0, "axis": "y", "origin": [26, 25, 2]},
			"faces": {
				"north": {"uv": [13.8125, 9.625, 13.875, 9.8125], "texture": "#0"},
				"east": {"uv": [11.8125, 10.1875, 12.5625, 10.375], "texture": "#0"},
				"south": {"uv": [13.8125, 9.8125, 13.875, 10], "texture": "#0"},
				"west": {"uv": [11.8125, 11, 12.5625, 11.1875], "texture": "#0"},
				"up": {"uv": [6.375, 14.1875, 6.3125, 13.4375], "texture": "#0"},
				"down": {"uv": [6.125, 13.5, 6.0625, 14.25], "texture": "#0"}
			}
		},
		{
			"from": [-3, 17, -14],
			"to": [-2, 20, -2],
			"rotation": {"angle": 0, "axis": "y", "origin": [5, 25, 2]},
			"faces": {
				"north": {"uv": [13.8125, 10, 13.875, 10.1875], "texture": "#0"},
				"east": {"uv": [11.875, 8.25, 12.625, 8.4375], "texture": "#0"},
				"south": {"uv": [13.8125, 10.1875, 13.875, 10.375], "texture": "#0"},
				"west": {"uv": [11.875, 9.625, 12.625, 9.8125], "texture": "#0"},
				"up": {"uv": [6.1875, 14.25, 6.125, 13.5], "texture": "#0"},
				"down": {"uv": [1.125, 13.625, 1.0625, 14.375], "texture": "#0"}
			}
		},
		{
			"from": [-2, 17, -14],
			"to": [-1, 21, -2],
			"rotation": {"angle": 0, "axis": "y", "origin": [6, 25, 2]},
			"faces": {
				"north": {"uv": [7.5, 13.8125, 7.5625, 14.0625], "texture": "#0"},
				"east": {"uv": [11, 7.5, 11.75, 7.75], "texture": "#0"},
				"south": {"uv": [7.5625, 13.8125, 7.625, 14.0625], "texture": "#0"},
				"west": {"uv": [11.125, 2.625, 11.875, 2.875], "texture": "#0"},
				"up": {"uv": [1.1875, 14.375, 1.125, 13.625], "texture": "#0"},
				"down": {"uv": [1.25, 13.625, 1.1875, 14.375], "texture": "#0"}
			}
		},
		{
			"from": [-1, 17, -14],
			"to": [0, 21, -2],
			"rotation": {"angle": 0, "axis": "y", "origin": [7, 25, 2]},
			"faces": {
				"north": {"uv": [9.625, 13.8125, 9.6875, 14.0625], "texture": "#0"},
				"east": {"uv": [11.125, 5.5625, 11.875, 5.8125], "texture": "#0"},
				"south": {"uv": [9.6875, 13.8125, 9.75, 14.0625], "texture": "#0"},
				"west": {"uv": [11.125, 7.75, 11.875, 8], "texture": "#0"},
				"up": {"uv": [1.6875, 14.375, 1.625, 13.625], "texture": "#0"},
				"down": {"uv": [1.75, 13.625, 1.6875, 14.375], "texture": "#0"}
			}
		},
		{
			"from": [0, 17, -14],
			"to": [1, 21, -2],
			"rotation": {"angle": 0, "axis": "y", "origin": [8, 25, 2]},
			"faces": {
				"north": {"uv": [9.75, 13.8125, 9.8125, 14.0625], "texture": "#0"},
				"east": {"uv": [11.125, 8, 11.875, 8.25], "texture": "#0"},
				"south": {"uv": [9.8125, 13.8125, 9.875, 14.0625], "texture": "#0"},
				"west": {"uv": [11.125, 8.25, 11.875, 8.5], "texture": "#0"},
				"up": {"uv": [1.8125, 14.375, 1.75, 13.625], "texture": "#0"},
				"down": {"uv": [1.875, 13.625, 1.8125, 14.375], "texture": "#0"}
			}
		},
		{
			"from": [1, 17, -14],
			"to": [15, 21, -2],
			"rotation": {"angle": 0, "axis": "y", "origin": [15, 25, 2]},
			"faces": {
				"north": {"uv": [3.4375, 5.8125, 4.3125, 6.0625], "texture": "#0"},
				"east": {"uv": [6.9375, 11.1875, 7.6875, 11.4375], "texture": "#0"},
				"south": {"uv": [10.625, 3.5, 11.5, 3.75], "texture": "#0"},
				"west": {"uv": [8.5625, 11.1875, 9.3125, 11.4375], "texture": "#0"},
				"up": {"uv": [3.875, 10.5, 3, 9.75], "texture": "#0"},
				"down": {"uv": [4.75, 9.75, 3.875, 10.5], "texture": "#0"}
			}
		},
		{
			"from": [6, 21, -14],
			"to": [10, 22, -8],
			"rotation": {"angle": 0, "axis": "y", "origin": [15, 29, 2]},
			"faces": {
				"north": {"uv": [13, 6.8125, 13.25, 6.875], "texture": "#0"},
				"east": {"uv": [12.5, 3.1875, 12.875, 3.25], "texture": "#0"},
				"south": {"uv": [13.125, 5.6875, 13.375, 5.75], "texture": "#0"},
				"west": {"uv": [12.5625, 4.4375, 12.9375, 4.5], "texture": "#0"},
				"up": {"uv": [6.0625, 13.125, 5.8125, 12.75], "texture": "#0"},
				"down": {"uv": [13, 3.5, 12.75, 3.875], "texture": "#0"}
			}
		},
		{
			"from": [6, 22, -14],
			"to": [10, 24, -11],
			"rotation": {"angle": 0, "axis": "y", "origin": [15, 30, 2]},
			"faces": {
				"north": {"uv": [9.0625, 10.625, 9.3125, 10.75], "texture": "#0"},
				"east": {"uv": [8.6875, 13.75, 8.875, 13.875], "texture": "#0"},
				"south": {"uv": [13.625, 3.0625, 13.875, 3.1875], "texture": "#0"},
				"west": {"uv": [11.625, 13.75, 11.8125, 13.875], "texture": "#0"},
				"up": {"uv": [12.9375, 4.0625, 12.6875, 3.875], "texture": "#0"},
				"down": {"uv": [4.375, 13.625, 4.125, 13.8125], "texture": "#0"}
			}
		},
		{
			"from": [6, 22, -11],
			"to": [10, 23, -9],
			"rotation": {"angle": 0, "axis": "y", "origin": [15, 30, 3]},
			"faces": {
				"north": {"uv": [13.125, 10.6875, 13.375, 10.75], "texture": "#0"},
				"east": {"uv": [13.1875, 4.25, 13.3125, 4.3125], "texture": "#0"},
				"south": {"uv": [13.1875, 1.75, 13.4375, 1.8125], "texture": "#0"},
				"west": {"uv": [13.375, 10.6875, 13.5, 10.75], "texture": "#0"},
				"up": {"uv": [13.875, 8.125, 13.625, 8], "texture": "#0"},
				"down": {"uv": [13.9375, 1.4375, 13.6875, 1.5625], "texture": "#0"}
			}
		},
		{
			"from": [7, 24, -16],
			"to": [9, 25, -11],
			"rotation": {"angle": 0, "axis": "y", "origin": [15, 32, 2]},
			"faces": {
				"north": {"uv": [13, 9.5625, 13.125, 9.625], "texture": "#0"},
				"east": {"uv": [12.6875, 8.875, 13, 8.9375], "texture": "#0"},
				"south": {"uv": [13.0625, 0.875, 13.1875, 0.9375], "texture": "#0"},
				"west": {"uv": [12.8125, 5.6875, 13.125, 5.75], "texture": "#0"},
				"up": {"uv": [1.375, 9.625, 1.25, 9.3125], "texture": "#0"},
				"down": {"uv": [13.75, 3.8125, 13.625, 4.125], "texture": "#0"}
			}
		},
		{
			"from": [17, 17, -14],
			"to": [18, 21, -2],
			"rotation": {"angle": 0, "axis": "y", "origin": [25, 25, 2]},
			"faces": {
				"north": {"uv": [9.25, 13.8125, 9.3125, 14.0625], "texture": "#0"},
				"east": {"uv": [11.125, 2.875, 11.875, 3.125], "texture": "#0"},
				"south": {"uv": [9.3125, 13.8125, 9.375, 14.0625], "texture": "#0"},
				"west": {"uv": [11.125, 3.125, 11.875, 3.375], "texture": "#0"},
				"up": {"uv": [1.3125, 14.375, 1.25, 13.625], "texture": "#0"},
				"down": {"uv": [1.375, 13.625, 1.3125, 14.375], "texture": "#0"}
			}
		},
		{
			"from": [16, 17, -14],
			"to": [17, 21, -2],
			"rotation": {"angle": 0, "axis": "y", "origin": [24, 25, 2]},
			"faces": {
				"north": {"uv": [9.375, 13.8125, 9.4375, 14.0625], "texture": "#0"},
				"east": {"uv": [11.125, 4.5625, 11.875, 4.8125], "texture": "#0"},
				"south": {"uv": [9.4375, 13.8125, 9.5, 14.0625], "texture": "#0"},
				"west": {"uv": [11.125, 4.8125, 11.875, 5.0625], "texture": "#0"},
				"up": {"uv": [1.4375, 14.375, 1.375, 13.625], "texture": "#0"},
				"down": {"uv": [1.5, 13.625, 1.4375, 14.375], "texture": "#0"}
			}
		},
		{
			"from": [15, 17, -14],
			"to": [16, 21, -2],
			"rotation": {"angle": 0, "axis": "y", "origin": [23, 25, 2]},
			"faces": {
				"north": {"uv": [9.5, 13.8125, 9.5625, 14.0625], "texture": "#0"},
				"east": {"uv": [11.125, 5.0625, 11.875, 5.3125], "texture": "#0"},
				"south": {"uv": [9.5625, 13.8125, 9.625, 14.0625], "texture": "#0"},
				"west": {"uv": [11.125, 5.3125, 11.875, 5.5625], "texture": "#0"},
				"up": {"uv": [1.5625, 14.375, 1.5, 13.625], "texture": "#0"},
				"down": {"uv": [1.625, 13.625, 1.5625, 14.375], "texture": "#0"}
			}
		}
	],
	"display": {
		"thirdperson_righthand": {
			"translation": [0, 3, 1],
			"scale": [0.1, 0.1, 0.1]
		},
		"thirdperson_lefthand": {
			"translation": [0, 3, 1],
			"scale": [0.1, 0.1, 0.1]
		},
		"firstperson_righthand": {
			"translation": [1.13, 3.2, 1.13],
			"scale": [0.1, 0.1, 0.1]
		},
		"firstperson_lefthand": {
			"translation": [1.13, 3.2, 1.13],
			"scale": [0.1, 0.1, 0.1]
		},
		"ground": {
			"translation": [0, 2, 0],
			"scale": [0.1, 0.1, 0.1]
		},
		"gui": {
			"rotation": [0, 90, 0],
			"scale": [0.1, 0.1, 0.1]
		},
		"head": {
			"translation": [0, -40.75, -46.25],
			"scale": [2, 2, 2]
		},
		"fixed": {
			"rotation": [0, 90, 0],
			"scale": [0.1, 0.1, 0.1]
		}
	}
}