{
	"__comment": "Designed by OhBen with Cubik Studio - https://cubik.studio",
	"textures": {
		"RipTideMain": "ohben/RipTideMain"
	},
	"elements": [ 	 
		{
			"__comment": "Voxels",
			"from": [ -2, 0, 7 ],
			"to": [ 18, 16, 9 ],
			"faces": {
				"down": { "uv": [ 12.25, 13.75, 14.75, 14 ], "texture": "#RipTideMain" },
				"up": { "uv": [ 0, 8.375, 2.5, 8.125 ], "texture": "#RipTideMain" },
				"north": { "uv": [ 2.5, 14, 0, 16 ], "texture": "#RipTideMain" },
				"south": { "uv": [ 0, 12, 2.5, 14 ], "texture": "#RipTideMain" },
				"west": { "uv": [ 6.75, 10, 7, 12 ], "texture": "#RipTideMain" },
				"east": { "uv": [ 7, 8, 6.75, 10 ], "texture": "#RipTideMain" }
			}
		},
		{
			"__comment": "Voxels",
			"from": [ -1, 0, 3 ],
			"to": [ 17, 16, 7 ],
			"faces": {
				"down": { "uv": [ 0, 9.375, 2.25, 9.875 ], "texture": "#RipTideMain" },
				"up": { "uv": [ 2.5, 9.875, 4.75, 9.375 ], "texture": "#RipTideMain" },
				"north": { "uv": [ 7, 14, 4.75, 16 ], "texture": "#RipTideMain" },
				"south": { "uv": [ 4.75, 12, 7, 14 ], "texture": "#RipTideMain" },
				"west": { "uv": [ 15.5, 14, 16, 16 ], "texture": "#RipTideMain" },
				"east": { "uv": [ 12.25, 12, 11.75, 14 ], "texture": "#RipTideMain" }
			}
		},
		{
			"__comment": "Voxels",
			"from": [ -1, 0, 9 ],
			"to": [ 17, 17, 11 ],
			"faces": {
				"down": { "uv": [ 2.5, 9.125, 4.75, 9.375 ], "texture": "#RipTideMain" },
				"up": { "uv": [ 2.5, 9.125, 4.75, 8.875 ], "texture": "#RipTideMain" },
				"north": { "uv": [ 2.25, 9.875, 0, 12 ], "texture": "#RipTideMain" },
				"south": { "uv": [ 2.5, 13.875, 4.75, 16 ], "texture": "#RipTideMain" },
				"west": { "uv": [ 2.25, 9.875, 2.5, 12 ], "texture": "#RipTideMain" },
				"east": { "uv": [ 12, 9.875, 11.75, 12 ], "texture": "#RipTideMain" }
			}
		},
		{
			"__comment": "Voxels",
			"from": [ -1, 0, 11 ],
			"to": [ 17, 16, 13 ],
			"faces": {
				"down": { "uv": [ 2.5, 8.375, 4.75, 8.625 ], "texture": "#RipTideMain" },
				"up": { "uv": [ 2.5, 8.875, 4.75, 8.625 ], "texture": "#RipTideMain" },
				"north": { "uv": [ 4.75, 11.875, 2.5, 13.875 ], "texture": "#RipTideMain" },
				"south": { "uv": [ 2.5, 9.875, 4.75, 11.875 ], "texture": "#RipTideMain" },
				"west": { "uv": [ 8.75, 8, 9, 10 ], "texture": "#RipTideMain" },
				"east": { "uv": [ 10.5, 8, 10.25, 10 ], "texture": "#RipTideMain" }
			}
		},
		{
			"__comment": "Voxels",
			"from": [ -1, 16, 5 ],
			"to": [ 17, 17, 9 ],
			"faces": {
				"down": { "uv": [ 0, 8.875, 2.25, 9.375 ], "texture": "#RipTideMain" },
				"up": { "uv": [ 0, 8.875, 2.25, 8.375 ], "texture": "#RipTideMain" },
				"north": { "uv": [ 2.25, 8, 0, 8.125 ], "texture": "#RipTideMain" },
				"south": { "uv": [ 12.5, 11.875, 14.75, 12 ], "texture": "#RipTideMain" },
				"west": { "uv": [ 15.5, 10.5, 16, 10.625 ], "texture": "#RipTideMain" },
				"east": { "uv": [ 16, 10.625, 15.5, 10.75 ], "texture": "#RipTideMain" }
			}
		},
		{
			"__comment": "Voxels",
			"from": [ 0, 0, 2 ],
			"to": [ 16, 16, 3 ],
			"faces": {
				"down": { "uv": [ 2.5, 8, 4.5, 8.125 ], "texture": "#RipTideMain" },
				"up": { "uv": [ 12.25, 13, 14.25, 12.875 ], "texture": "#RipTideMain" },
				"north": { "uv": [ 6.75, 8, 4.75, 10 ], "texture": "#RipTideMain" },
				"south": { "uv": [ 7, 14, 9, 16 ], "texture": "#RipTideMain" },
				"west": { "uv": [ 12.5, 9.875, 12.625, 11.875 ], "texture": "#RipTideMain" },
				"east": { "uv": [ 12.75, 9.875, 12.625, 11.875 ], "texture": "#RipTideMain" }
			}
		},
		{
			"__comment": "Voxels",
			"from": [ 0, 0, 13 ],
			"to": [ 16, 16, 14 ],
			"faces": {
				"down": { "uv": [ 12.25, 12.75, 14.25, 12.875 ], "texture": "#RipTideMain" },
				"up": { "uv": [ 12.25, 12.75, 14.25, 12.625 ], "texture": "#RipTideMain" },
				"north": { "uv": [ 6.75, 10, 4.75, 12 ], "texture": "#RipTideMain" },
				"south": { "uv": [ 7, 12, 9, 14 ], "texture": "#RipTideMain" },
				"west": { "uv": [ 12.75, 9.875, 12.875, 11.875 ], "texture": "#RipTideMain" },
				"east": { "uv": [ 13, 9.875, 12.875, 11.875 ], "texture": "#RipTideMain" }
			}
		},
		{
			"__comment": "Voxels",
			"from": [ 0, 16, 3 ],
			"to": [ 16, 17, 5 ],
			"faces": {
				"down": { "uv": [ 2.5, 8.125, 4.5, 8.375 ], "texture": "#RipTideMain" },
				"up": { "uv": [ 12.25, 13.75, 14.25, 13.5 ], "texture": "#RipTideMain" },
				"north": { "uv": [ 14.25, 12.5, 12.25, 12.625 ], "texture": "#RipTideMain" },
				"south": { "uv": [ 12.25, 12.375, 14.25, 12.5 ], "texture": "#RipTideMain" },
				"west": { "uv": [ 2.25, 9.75, 2.5, 9.875 ], "texture": "#RipTideMain" },
				"east": { "uv": [ 2.5, 9.625, 2.25, 9.75 ], "texture": "#RipTideMain" }
			}
		},
		{
			"__comment": "Voxels",
			"from": [ 0, 16, 11 ],
			"to": [ 16, 17, 13 ],
			"faces": {
				"down": { "uv": [ 12.25, 13.25, 14.25, 13.5 ], "texture": "#RipTideMain" },
				"up": { "uv": [ 12.25, 13.25, 14.25, 13 ], "texture": "#RipTideMain" },
				"north": { "uv": [ 14.25, 12.25, 12.25, 12.375 ], "texture": "#RipTideMain" },
				"south": { "uv": [ 12.25, 12.125, 14.25, 12.25 ], "texture": "#RipTideMain" },
				"west": { "uv": [ 2.25, 9.5, 2.5, 9.625 ], "texture": "#RipTideMain" },
				"east": { "uv": [ 2.5, 9.375, 2.25, 9.5 ], "texture": "#RipTideMain" }
			}
		},
		{
			"__comment": "Voxels",
			"from": [ 1, 0, 1 ],
			"to": [ 15, 16, 2 ],
			"faces": {
				"down": { "uv": [ 14.25, 13.125, 16, 13.25 ], "texture": "#RipTideMain" },
				"up": { "uv": [ 14.25, 12.875, 16, 12.75 ], "texture": "#RipTideMain" },
				"north": { "uv": [ 12.5, 14, 10.75, 16 ], "texture": "#RipTideMain" },
				"south": { "uv": [ 7, 10, 8.75, 12 ], "texture": "#RipTideMain" },
				"west": { "uv": [ 13.625, 9.875, 13.75, 11.875 ], "texture": "#RipTideMain" },
				"east": { "uv": [ 13.875, 9.875, 13.75, 11.875 ], "texture": "#RipTideMain" }
			}
		},
		{
			"__comment": "Voxels",
			"from": [ 1, 0, 14 ],
			"to": [ 15, 16, 15 ],
			"faces": {
				"down": { "uv": [ 14.25, 12.625, 16, 12.75 ], "texture": "#RipTideMain" },
				"up": { "uv": [ 14.25, 13.375, 16, 13.25 ], "texture": "#RipTideMain" },
				"north": { "uv": [ 8.75, 8, 7, 10 ], "texture": "#RipTideMain" },
				"south": { "uv": [ 9, 14, 10.75, 16 ], "texture": "#RipTideMain" },
				"west": { "uv": [ 13.875, 9.875, 14, 11.875 ], "texture": "#RipTideMain" },
				"east": { "uv": [ 14.125, 9.875, 14, 11.875 ], "texture": "#RipTideMain" }
			}
		},
		{
			"__comment": "Voxels",
			"from": [ 1, 16, 2 ],
			"to": [ 15, 17, 3 ],
			"faces": {
				"down": { "uv": [ 12.25, 12, 14, 12.125 ], "texture": "#RipTideMain" },
				"up": { "uv": [ 14.25, 12.5, 16, 12.375 ], "texture": "#RipTideMain" },
				"north": { "uv": [ 16, 12.5, 14.25, 12.625 ], "texture": "#RipTideMain" },
				"south": { "uv": [ 14.25, 13.625, 16, 13.75 ], "texture": "#RipTideMain" },
				"west": { "uv": [ 2.25, 8.375, 2.375, 8.5 ], "texture": "#RipTideMain" },
				"east": { "uv": [ 2.375, 8.75, 2.25, 8.875 ], "texture": "#RipTideMain" }
			}
		},
		{
			"__comment": "Voxels",
			"from": [ 1, 16, 13 ],
			"to": [ 15, 17, 14 ],
			"faces": {
				"down": { "uv": [ 14.25, 12.875, 16, 13 ], "texture": "#RipTideMain" },
				"up": { "uv": [ 14.25, 13.5, 16, 13.375 ], "texture": "#RipTideMain" },
				"north": { "uv": [ 16, 13.5, 14.25, 13.625 ], "texture": "#RipTideMain" },
				"south": { "uv": [ 14.25, 13, 16, 13.125 ], "texture": "#RipTideMain" },
				"west": { "uv": [ 4.5, 8.125, 4.625, 8.25 ], "texture": "#RipTideMain" },
				"east": { "uv": [ 4.75, 8.25, 4.625, 8.375 ], "texture": "#RipTideMain" }
			}
		},
		{
			"__comment": "Voxels",
			"from": [ 2, 0, 0 ],
			"to": [ 14, 16, 1 ],
			"faces": {
				"down": { "uv": [ 14.25, 12.25, 15.75, 12.375 ], "texture": "#RipTideMain" },
				"up": { "uv": [ 14.25, 12.125, 15.75, 12 ], "texture": "#RipTideMain" },
				"north": { "uv": [ 15.5, 14, 14, 16 ], "texture": "#RipTideMain" },
				"south": { "uv": [ 9, 12, 10.5, 14 ], "texture": "#RipTideMain" },
				"west": { "uv": [ 14.25, 9.875, 14.375, 11.875 ], "texture": "#RipTideMain" },
				"east": { "uv": [ 14.5, 9.875, 14.375, 11.875 ], "texture": "#RipTideMain" }
			}
		},
		{
			"__comment": "Voxels",
			"from": [ 2, 0, 15 ],
			"to": [ 14, 16, 16 ],
			"faces": {
				"down": { "uv": [ 14, 8.75, 15.5, 8.875 ], "texture": "#RipTideMain" },
				"up": { "uv": [ 14, 9, 15.5, 8.875 ], "texture": "#RipTideMain" },
				"north": { "uv": [ 10.5, 10, 9, 12 ], "texture": "#RipTideMain" },
				"south": { "uv": [ 12.5, 14, 14, 16 ], "texture": "#RipTideMain" },
				"west": { "uv": [ 14.5, 9.875, 14.625, 11.875 ], "texture": "#RipTideMain" },
				"east": { "uv": [ 14.75, 9.875, 14.625, 11.875 ], "texture": "#RipTideMain" }
			}
		},
		{
			"__comment": "Voxels",
			"from": [ 2, 16, 1 ],
			"to": [ 14, 17, 2 ],
			"faces": {
				"down": { "uv": [ 14, 9.75, 15.5, 9.875 ], "texture": "#RipTideMain" },
				"up": { "uv": [ 14, 9.75, 15.5, 9.625 ], "texture": "#RipTideMain" },
				"north": { "uv": [ 15.5, 9.5, 14, 9.625 ], "texture": "#RipTideMain" },
				"south": { "uv": [ 14, 9.375, 15.5, 9.5 ], "texture": "#RipTideMain" },
				"west": { "uv": [ 4.5, 8, 4.625, 8.125 ], "texture": "#RipTideMain" },
				"east": { "uv": [ 4.75, 8.125, 4.625, 8.25 ], "texture": "#RipTideMain" }
			}
		},
		{
			"__comment": "Voxels",
			"from": [ 2, 16, 14 ],
			"to": [ 14, 17, 15 ],
			"faces": {
				"down": { "uv": [ 14.25, 12.125, 15.75, 12.25 ], "texture": "#RipTideMain" },
				"up": { "uv": [ 14, 9.375, 15.5, 9.25 ], "texture": "#RipTideMain" },
				"north": { "uv": [ 15.5, 9.125, 14, 9.25 ], "texture": "#RipTideMain" },
				"south": { "uv": [ 14, 9, 15.5, 9.125 ], "texture": "#RipTideMain" },
				"west": { "uv": [ 2.375, 8, 2.5, 8.125 ], "texture": "#RipTideMain" },
				"east": { "uv": [ 2.375, 8, 2.25, 8.125 ], "texture": "#RipTideMain" }
			}
		},
		{
			"__comment": "Voxels",
			"from": [ 3, 0, -1 ],
			"to": [ 13, 16, 0 ],
			"faces": {
				"down": { "uv": [ 14.75, 11.375, 16, 11.5 ], "texture": "#RipTideMain" },
				"up": { "uv": [ 14.75, 11.375, 16, 11.25 ], "texture": "#RipTideMain" },
				"north": { "uv": [ 11.75, 8, 10.5, 10 ], "texture": "#RipTideMain" },
				"south": { "uv": [ 10.5, 10, 11.75, 12 ], "texture": "#RipTideMain" },
				"west": { "uv": [ 12.25, 8, 12.375, 10 ], "texture": "#RipTideMain" },
				"east": { "uv": [ 12.5, 8, 12.375, 10 ], "texture": "#RipTideMain" }
			}
		},
		{
			"__comment": "Voxels",
			"from": [ 3, 0, 16 ],
			"to": [ 13, 16, 17 ],
			"faces": {
				"down": { "uv": [ 14.75, 11.125, 16, 11.25 ], "texture": "#RipTideMain" },
				"up": { "uv": [ 14.75, 11.125, 16, 11 ], "texture": "#RipTideMain" },
				"north": { "uv": [ 11.75, 12, 10.5, 14 ], "texture": "#RipTideMain" },
				"south": { "uv": [ 9, 8, 10.25, 10 ], "texture": "#RipTideMain" },
				"west": { "uv": [ 13, 9.875, 13.125, 11.875 ], "texture": "#RipTideMain" },
				"east": { "uv": [ 13.25, 9.875, 13.125, 11.875 ], "texture": "#RipTideMain" }
			}
		},
		{
			"__comment": "Voxels",
			"from": [ 3, 16, 0 ],
			"to": [ 13, 17, 1 ],
			"faces": {
				"down": { "uv": [ 14.75, 10.875, 16, 11 ], "texture": "#RipTideMain" },
				"up": { "uv": [ 14.75, 10.875, 16, 10.75 ], "texture": "#RipTideMain" },
				"north": { "uv": [ 16, 13.875, 14.75, 14 ], "texture": "#RipTideMain" },
				"south": { "uv": [ 14.75, 13.75, 16, 13.875 ], "texture": "#RipTideMain" },
				"west": { "uv": [ 2.375, 8.75, 2.5, 8.875 ], "texture": "#RipTideMain" },
				"east": { "uv": [ 2.375, 8.5, 2.25, 8.625 ], "texture": "#RipTideMain" }
			}
		},
		{
			"__comment": "Voxels",
			"from": [ 3, 16, 15 ],
			"to": [ 13, 17, 16 ],
			"faces": {
				"down": { "uv": [ 14.75, 11.875, 16, 12 ], "texture": "#RipTideMain" },
				"up": { "uv": [ 14.75, 11.875, 16, 11.75 ], "texture": "#RipTideMain" },
				"north": { "uv": [ 16, 11.625, 14.75, 11.75 ], "texture": "#RipTideMain" },
				"south": { "uv": [ 14.75, 11.5, 16, 11.625 ], "texture": "#RipTideMain" },
				"west": { "uv": [ 2.375, 8.5, 2.5, 8.625 ], "texture": "#RipTideMain" },
				"east": { "uv": [ 2.5, 8.375, 2.375, 8.5 ], "texture": "#RipTideMain" }
			}
		},
		{
			"__comment": "Voxels",
			"from": [ 5, 16, -1 ],
			"to": [ 11, 17, 0 ],
			"faces": {
				"down": { "uv": [ 14.75, 10.625, 15.5, 10.75 ], "texture": "#RipTideMain" },
				"up": { "uv": [ 14.75, 10.625, 15.5, 10.5 ], "texture": "#RipTideMain" },
				"north": { "uv": [ 15.5, 10.375, 14.75, 10.5 ], "texture": "#RipTideMain" },
				"south": { "uv": [ 14.75, 10.25, 15.5, 10.375 ], "texture": "#RipTideMain" },
				"west": { "uv": [ 4.5, 8.25, 4.625, 8.375 ], "texture": "#RipTideMain" },
				"east": { "uv": [ 4.75, 8, 4.625, 8.125 ], "texture": "#RipTideMain" }
			}
		},
		{
			"__comment": "Voxels",
			"from": [ 5, 16, 16 ],
			"to": [ 11, 17, 17 ],
			"faces": {
				"down": { "uv": [ 14.75, 10.125, 15.5, 10.25 ], "texture": "#RipTideMain" },
				"up": { "uv": [ 14, 8.75, 14.75, 8.625 ], "texture": "#RipTideMain" },
				"north": { "uv": [ 15.5, 10, 14.75, 10.125 ], "texture": "#RipTideMain" },
				"south": { "uv": [ 14.75, 9.875, 15.5, 10 ], "texture": "#RipTideMain" },
				"west": { "uv": [ 2.25, 8.625, 2.375, 8.75 ], "texture": "#RipTideMain" },
				"east": { "uv": [ 2.5, 8.625, 2.375, 8.75 ], "texture": "#RipTideMain" }
			}
		},
		{
			"__comment": "Voxels",
			"from": [ 7, 0, -2 ],
			"to": [ 9, 16, -1 ],
			"faces": {
				"down": { "uv": [ 2.25, 9.25, 2.5, 9.375 ], "texture": "#RipTideMain" },
				"up": { "uv": [ 2.25, 9.25, 2.5, 9.125 ], "texture": "#RipTideMain" },
				"north": { "uv": [ 12.5, 10, 12.25, 12 ], "texture": "#RipTideMain" },
				"south": { "uv": [ 12, 8, 12.25, 10 ], "texture": "#RipTideMain" },
				"west": { "uv": [ 13.25, 9.875, 13.375, 11.875 ], "texture": "#RipTideMain" },
				"east": { "uv": [ 13.5, 9.875, 13.375, 11.875 ], "texture": "#RipTideMain" }
			}
		},
		{
			"__comment": "Voxels",
			"from": [ 7, 0, 17 ],
			"to": [ 9, 16, 18 ],
			"faces": {
				"down": { "uv": [ 2.25, 9, 2.5, 9.125 ], "texture": "#RipTideMain" },
				"up": { "uv": [ 2.25, 9, 2.5, 8.875 ], "texture": "#RipTideMain" },
				"north": { "uv": [ 12.25, 10, 12, 12 ], "texture": "#RipTideMain" },
				"south": { "uv": [ 8.75, 10, 9, 12 ], "texture": "#RipTideMain" },
				"west": { "uv": [ 13.5, 9.875, 13.625, 11.875 ], "texture": "#RipTideMain" },
				"east": { "uv": [ 14.25, 9.875, 14.125, 11.875 ], "texture": "#RipTideMain" }
			}
		}
	],
	"display": {
		"thirdperson_righthand": {
			"rotation":  [ 45, 0, 0 ],
			"scale":  [ 0.3, 0.3, 0.3 ]
		},
		"thirdperson_lefthand": {
			"rotation":  [ 45, 0, 0 ],
			"scale":  [ 0.3, 0.3, 0.3 ]
		},
		"firstperson_righthand": {
			"scale":  [ 0.33, 0.3, 0.3 ]
		},
		"firstperson_lefthand": {
			"scale":  [ 0.3, 0.3, 0.3 ]
		},
		"gui": {
			"scale":  [ 0.5, 0.5, 0.5 ]
		},
		"head": {
			"scale":  [ 2, 2, 2 ]
		},
		"ground": {
			"scale":  [ 0.5, 0.5, 0.5 ]
		},
		"fixed": {
			"scale":  [ 0.5, 0.5, 0.5 ]
		}
	}
}