{
	"credit": "Made with Blockbench",
	"texture_size": [128, 128],
	"textures": {
		"0": "ohben/SGBXCFR",
		"particle": "ohben/SGBXCFR"
	},
	"elements": [
		{
			"from": [-2, -1, -12],
			"to": [18, 1, 17],
			"faces": {
				"north": {"uv": [8.625, 8.25, 11.125, 8.5], "texture": "#0"},
				"east": {"uv": [7.75, 7.25, 11.375, 7.5], "texture": "#0"},
				"south": {"uv": [8.75, 5.25, 11.25, 5.5], "texture": "#0"},
				"west": {"uv": [7.75, 7.5, 11.375, 7.75], "texture": "#0"},
				"up": {"uv": [2.5, 3.625, 0, 0], "texture": "#0"},
				"down": {"uv": [5, 2.5, 2.5, 6.125], "texture": "#0"}
			}
		},
		{
			"from": [-2, 1, 15],
			"to": [-1, 11, 17],
			"rotation": {"angle": 0, "axis": "y", "origin": [6, 9, 23]},
			"faces": {
				"north": {"uv": [6.5, 10.125, 6.625, 11.375], "texture": "#0"},
				"east": {"uv": [2.25, 3.625, 2.5, 4.875], "texture": "#0"},
				"south": {"uv": [8.5, 10.125, 8.625, 11.375], "texture": "#0"},
				"west": {"uv": [2.25, 4.875, 2.5, 6.125], "texture": "#0"},
				"up": {"uv": [6.125, 12, 6, 11.75], "texture": "#0"},
				"down": {"uv": [8.875, 11.75, 8.75, 12], "texture": "#0"}
			}
		},
		{
			"from": [17, 1, 15],
			"to": [18, 11, 17],
			"rotation": {"angle": 0, "axis": "y", "origin": [25, 9, 23]},
			"faces": {
				"north": {"uv": [0.5, 10.25, 0.625, 11.5], "texture": "#0"},
				"east": {"uv": [5.25, 7.375, 5.5, 8.625], "texture": "#0"},
				"south": {"uv": [3.625, 10.25, 3.75, 11.5], "texture": "#0"},
				"west": {"uv": [7.5, 8.75, 7.75, 10], "texture": "#0"},
				"up": {"uv": [9, 12, 8.875, 11.75], "texture": "#0"},
				"down": {"uv": [9.125, 11.75, 9, 12], "texture": "#0"}
			}
		},
		{
			"from": [-1, 1, 15],
			"to": [17, 11, 17],
			"rotation": {"angle": 0, "axis": "y", "origin": [24, 9, 23]},
			"faces": {
				"north": {"uv": [0, 3.625, 2.25, 4.875], "texture": "#0"},
				"east": {"uv": [4.875, 9, 5.125, 10.25], "texture": "#0"},
				"south": {"uv": [0, 4.875, 2.25, 6.125], "texture": "#0"},
				"west": {"uv": [3.875, 9.25, 4.125, 10.5], "texture": "#0"},
				"up": {"uv": [5, 6.375, 2.75, 6.125], "texture": "#0"},
				"down": {"uv": [5, 6.375, 2.75, 6.625], "texture": "#0"}
			}
		},
		{
			"from": [18, -1, 8],
			"to": [19, 11, 17],
			"rotation": {"angle": 0, "axis": "y", "origin": [26, 8, 23]},
			"faces": {
				"north": {"uv": [8.625, 9.875, 8.75, 11.375], "texture": "#0"},
				"east": {"uv": [0, 7.125, 1.125, 8.625], "texture": "#0"},
				"south": {"uv": [1.375, 10, 1.5, 11.5], "texture": "#0"},
				"west": {"uv": [1.125, 7.125, 2.25, 8.625], "texture": "#0"},
				"up": {"uv": [8.25, 11.5, 8.125, 10.375], "texture": "#0"},
				"down": {"uv": [9.5, 10.375, 9.375, 11.5], "texture": "#0"}
			}
		},
		{
			"from": [-3, -1, 8],
			"to": [-2, 11, 17],
			"rotation": {"angle": 0, "axis": "y", "origin": [5, 8, 23]},
			"faces": {
				"north": {"uv": [1.5, 10, 1.625, 11.5], "texture": "#0"},
				"east": {"uv": [5.5, 7.25, 6.625, 8.75], "texture": "#0"},
				"south": {"uv": [5.125, 10, 5.25, 11.5], "texture": "#0"},
				"west": {"uv": [6.625, 7.25, 7.75, 8.75], "texture": "#0"},
				"up": {"uv": [3.25, 11.625, 3.125, 10.5], "texture": "#0"},
				"down": {"uv": [3.375, 10.5, 3.25, 11.625], "texture": "#0"}
			}
		},
		{
			"from": [-3.25, 6, 8],
			"to": [-3, 11, 17],
			"rotation": {"angle": 0, "axis": "y", "origin": [4, 15, 23]},
			"faces": {
				"north": {"uv": [2.625, 11.25, 2.75, 11.875], "texture": "#0"},
				"east": {"uv": [5.25, 8.75, 6.375, 9.375], "texture": "#0"},
				"south": {"uv": [11.25, 11.25, 11.375, 11.875], "texture": "#0"},
				"west": {"uv": [6.375, 8.75, 7.5, 9.375], "texture": "#0"},
				"up": {"uv": [4.875, 11.625, 4.75, 10.5], "texture": "#0"},
				"down": {"uv": [9.625, 10.5, 9.5, 11.625], "texture": "#0"}
			}
		},
		{
			"from": [19, 6, 8],
			"to": [19.25, 11, 17],
			"rotation": {"angle": 0, "axis": "y", "origin": [26.25, 15, 23]},
			"faces": {
				"north": {"uv": [1.625, 11.375, 1.75, 12], "texture": "#0"},
				"east": {"uv": [8.75, 4.625, 9.875, 5.25], "texture": "#0"},
				"south": {"uv": [1.75, 11.375, 1.875, 12], "texture": "#0"},
				"west": {"uv": [8.875, 0, 10, 0.625], "texture": "#0"},
				"up": {"uv": [9.75, 11.625, 9.625, 10.5], "texture": "#0"},
				"down": {"uv": [9.875, 10.5, 9.75, 11.625], "texture": "#0"}
			}
		},
		{
			"from": [19, 11, 8],
			"to": [19.25, 12, 16],
			"rotation": {"angle": 0, "axis": "y", "origin": [26.25, 20, 23]},
			"faces": {
				"north": {"uv": [8.875, 12.375, 9, 12.5], "texture": "#0"},
				"east": {"uv": [10.625, 9.25, 11.625, 9.375], "texture": "#0"},
				"south": {"uv": [9, 12.375, 9.125, 12.5], "texture": "#0"},
				"west": {"uv": [10.625, 9.375, 11.625, 9.5], "texture": "#0"},
				"up": {"uv": [2.875, 11.75, 2.75, 10.75], "texture": "#0"},
				"down": {"uv": [3, 10.75, 2.875, 11.75], "texture": "#0"}
			}
		},
		{
			"from": [-3.25, 11, 8],
			"to": [-3, 12, 16],
			"rotation": {"angle": 0, "axis": "y", "origin": [4, 20, 23]},
			"faces": {
				"north": {"uv": [10.875, 12.375, 11, 12.5], "texture": "#0"},
				"east": {"uv": [10.625, 9.5, 11.625, 9.625], "texture": "#0"},
				"south": {"uv": [11, 12.375, 11.125, 12.5], "texture": "#0"},
				"west": {"uv": [10.625, 10.5, 11.625, 10.625], "texture": "#0"},
				"up": {"uv": [3.125, 11.75, 3, 10.75], "texture": "#0"},
				"down": {"uv": [10.875, 10.75, 10.75, 11.75], "texture": "#0"}
			}
		},
		{
			"from": [19, 11.41789, 8.5],
			"to": [19.25, 17.04289, 9.5],
			"rotation": {"angle": 45, "axis": "x", "origin": [19.125, 12.29289, 9]},
			"faces": {
				"north": {"uv": [0.375, 11, 0.5, 11.75], "texture": "#0"},
				"east": {"uv": [3.375, 11, 3.5, 11.75], "texture": "#0"},
				"south": {"uv": [3.5, 11, 3.625, 11.75], "texture": "#0"},
				"west": {"uv": [9.875, 11, 10, 11.75], "texture": "#0"},
				"up": {"uv": [10.75, 12.5, 10.625, 12.375], "texture": "#0"},
				"down": {"uv": [10.875, 12.375, 10.75, 12.5], "texture": "#0"}
			}
		},
		{
			"from": [-3.25, 11.41789, 8.5],
			"to": [-3, 17.04289, 9.5],
			"rotation": {"angle": 45, "axis": "x", "origin": [-3.125, 12.29289, 9]},
			"faces": {
				"north": {"uv": [10.5, 11, 10.625, 11.75], "texture": "#0"},
				"east": {"uv": [11, 1.625, 11.125, 2.375], "texture": "#0"},
				"south": {"uv": [0.875, 11.125, 1, 11.875], "texture": "#0"},
				"west": {"uv": [1, 11.125, 1.125, 11.875], "texture": "#0"},
				"up": {"uv": [12.25, 12.5, 12.125, 12.375], "texture": "#0"},
				"down": {"uv": [12.375, 12.375, 12.25, 12.5], "texture": "#0"}
			}
		},
		{
			"from": [19, 12, 9],
			"to": [19.25, 13, 16],
			"rotation": {"angle": 0, "axis": "y", "origin": [26.25, 21, 24]},
			"faces": {
				"north": {"uv": [9.125, 12.375, 9.25, 12.5], "texture": "#0"},
				"east": {"uv": [7.75, 9.5, 8.625, 9.625], "texture": "#0"},
				"south": {"uv": [9.25, 12.375, 9.375, 12.5], "texture": "#0"},
				"west": {"uv": [10.75, 0, 11.625, 0.125], "texture": "#0"},
				"up": {"uv": [4.5, 11.75, 4.375, 10.875], "texture": "#0"},
				"down": {"uv": [4.625, 10.875, 4.5, 11.75], "texture": "#0"}
			}
		},
		{
			"from": [-3.25, 12, 9],
			"to": [-3, 13, 16],
			"rotation": {"angle": 0, "axis": "y", "origin": [4, 21, 24]},
			"faces": {
				"north": {"uv": [11.125, 12.375, 11.25, 12.5], "texture": "#0"},
				"east": {"uv": [10.75, 0.125, 11.625, 0.25], "texture": "#0"},
				"south": {"uv": [11.25, 12.375, 11.375, 12.5], "texture": "#0"},
				"west": {"uv": [10.75, 0.25, 11.625, 0.375], "texture": "#0"},
				"up": {"uv": [4.75, 11.75, 4.625, 10.875], "texture": "#0"},
				"down": {"uv": [6.125, 10.875, 6, 11.75], "texture": "#0"}
			}
		},
		{
			"from": [19, 13, 10],
			"to": [19.25, 14, 16],
			"rotation": {"angle": 0, "axis": "y", "origin": [26.25, 22, 25]},
			"faces": {
				"north": {"uv": [9.375, 12.375, 9.5, 12.5], "texture": "#0"},
				"east": {"uv": [10.875, 5.125, 11.625, 5.25], "texture": "#0"},
				"south": {"uv": [9.5, 12.375, 9.625, 12.5], "texture": "#0"},
				"west": {"uv": [10.875, 8.625, 11.625, 8.75], "texture": "#0"},
				"up": {"uv": [6.5, 11.625, 6.375, 10.875], "texture": "#0"},
				"down": {"uv": [0.125, 11, 0, 11.75], "texture": "#0"}
			}
		},
		{
			"from": [-3.25, 13, 10],
			"to": [-3, 14, 16],
			"rotation": {"angle": 0, "axis": "y", "origin": [4, 22, 25]},
			"faces": {
				"north": {"uv": [11.375, 12.375, 11.5, 12.5], "texture": "#0"},
				"east": {"uv": [10.875, 9, 11.625, 9.125], "texture": "#0"},
				"south": {"uv": [11.5, 12.375, 11.625, 12.5], "texture": "#0"},
				"west": {"uv": [10.875, 10.75, 11.625, 10.875], "texture": "#0"},
				"up": {"uv": [10.125, 11.75, 10, 11], "texture": "#0"},
				"down": {"uv": [10.25, 11, 10.125, 11.75], "texture": "#0"}
			}
		},
		{
			"from": [19, 14, 11],
			"to": [19.25, 15, 16],
			"rotation": {"angle": 0, "axis": "y", "origin": [26.25, 23, 26]},
			"faces": {
				"north": {"uv": [9.625, 12.375, 9.75, 12.5], "texture": "#0"},
				"east": {"uv": [11.25, 5.25, 11.875, 5.375], "texture": "#0"},
				"south": {"uv": [9.75, 12.375, 9.875, 12.5], "texture": "#0"},
				"west": {"uv": [11.25, 5.375, 11.875, 5.5], "texture": "#0"},
				"up": {"uv": [6.625, 12, 6.5, 11.375], "texture": "#0"},
				"down": {"uv": [6.75, 11.375, 6.625, 12], "texture": "#0"}
			}
		},
		{
			"from": [-3.25, 14, 11],
			"to": [-3, 15, 16],
			"rotation": {"angle": 0, "axis": "y", "origin": [4, 23, 26]},
			"faces": {
				"north": {"uv": [11.625, 12.375, 11.75, 12.5], "texture": "#0"},
				"east": {"uv": [11.25, 11.125, 11.875, 11.25], "texture": "#0"},
				"south": {"uv": [11.75, 12.375, 11.875, 12.5], "texture": "#0"},
				"west": {"uv": [11.375, 11.375, 12, 11.5], "texture": "#0"},
				"up": {"uv": [6.875, 12, 6.75, 11.375], "texture": "#0"},
				"down": {"uv": [8.625, 11.375, 8.5, 12], "texture": "#0"}
			}
		},
		{
			"from": [19, 15, 12],
			"to": [19.25, 16, 17.5],
			"rotation": {"angle": 0, "axis": "y", "origin": [26.25, 24, 27]},
			"faces": {
				"north": {"uv": [9.875, 12.375, 10, 12.5], "texture": "#0"},
				"east": {"uv": [10.875, 8.75, 11.625, 8.875], "texture": "#0"},
				"south": {"uv": [10, 12.375, 10.125, 12.5], "texture": "#0"},
				"west": {"uv": [10.875, 8.875, 11.625, 9], "texture": "#0"},
				"up": {"uv": [0.25, 11.75, 0.125, 11], "texture": "#0"},
				"down": {"uv": [0.375, 11, 0.25, 11.75], "texture": "#0"}
			}
		},
		{
			"from": [-3.25, 15, 12],
			"to": [-3, 16, 17.5],
			"rotation": {"angle": 0, "axis": "y", "origin": [4, 24, 27]},
			"faces": {
				"north": {"uv": [11.875, 12.375, 12, 12.5], "texture": "#0"},
				"east": {"uv": [10.875, 11, 11.625, 11.125], "texture": "#0"},
				"south": {"uv": [12, 12.375, 12.125, 12.5], "texture": "#0"},
				"west": {"uv": [11, 0.5, 11.75, 0.625], "texture": "#0"},
				"up": {"uv": [10.375, 11.75, 10.25, 11], "texture": "#0"},
				"down": {"uv": [10.5, 11, 10.375, 11.75], "texture": "#0"}
			}
		},
		{
			"from": [19, 13, 16],
			"to": [19.25, 15, 17.25],
			"rotation": {"angle": 0, "axis": "y", "origin": [26.25, 23, 26.75]},
			"faces": {
				"north": {"uv": [3.125, 12.125, 3.25, 12.375], "texture": "#0"},
				"east": {"uv": [3.25, 12.125, 3.375, 12.375], "texture": "#0"},
				"south": {"uv": [3.375, 12.125, 3.5, 12.375], "texture": "#0"},
				"west": {"uv": [3.5, 12.125, 3.625, 12.375], "texture": "#0"},
				"up": {"uv": [10.25, 12.5, 10.125, 12.375], "texture": "#0"},
				"down": {"uv": [10.375, 12.375, 10.25, 12.5], "texture": "#0"}
			}
		},
		{
			"from": [-3.25, 13, 16],
			"to": [-3, 15, 17.25],
			"rotation": {"angle": 0, "axis": "y", "origin": [4, 23, 26.75]},
			"faces": {
				"north": {"uv": [4.125, 12.125, 4.25, 12.375], "texture": "#0"},
				"east": {"uv": [4.25, 12.125, 4.375, 12.375], "texture": "#0"},
				"south": {"uv": [4.375, 12.125, 4.5, 12.375], "texture": "#0"},
				"west": {"uv": [4.5, 12.125, 4.625, 12.375], "texture": "#0"},
				"up": {"uv": [12.5, 12.5, 12.375, 12.375], "texture": "#0"},
				"down": {"uv": [12.5, 0, 12.375, 0.125], "texture": "#0"}
			}
		},
		{
			"from": [19, 11, 16],
			"to": [19.25, 13, 17],
			"rotation": {"angle": 0, "axis": "y", "origin": [26.25, 21, 26.5]},
			"faces": {
				"north": {"uv": [3.625, 12.125, 3.75, 12.375], "texture": "#0"},
				"east": {"uv": [3.75, 12.125, 3.875, 12.375], "texture": "#0"},
				"south": {"uv": [3.875, 12.125, 4, 12.375], "texture": "#0"},
				"west": {"uv": [4, 12.125, 4.125, 12.375], "texture": "#0"},
				"up": {"uv": [10.5, 12.5, 10.375, 12.375], "texture": "#0"},
				"down": {"uv": [10.625, 12.375, 10.5, 12.5], "texture": "#0"}
			}
		},
		{
			"from": [-3.25, 11, 16],
			"to": [-3, 13, 17],
			"rotation": {"angle": 0, "axis": "y", "origin": [4, 21, 26.5]},
			"faces": {
				"north": {"uv": [4.625, 12.125, 4.75, 12.375], "texture": "#0"},
				"east": {"uv": [4.75, 12.125, 4.875, 12.375], "texture": "#0"},
				"south": {"uv": [4.875, 12.125, 5, 12.375], "texture": "#0"},
				"west": {"uv": [5, 12.125, 5.125, 12.375], "texture": "#0"},
				"up": {"uv": [12.5, 0.25, 12.375, 0.125], "texture": "#0"},
				"down": {"uv": [12.5, 0.25, 12.375, 0.375], "texture": "#0"}
			}
		},
		{
			"from": [-2, 1, 8],
			"to": [-1, 11, 15],
			"rotation": {"angle": 0, "axis": "y", "origin": [6, 9, 22]},
			"faces": {
				"north": {"uv": [3.75, 10.25, 3.875, 11.5], "texture": "#0"},
				"east": {"uv": [8, 0, 8.875, 1.25], "texture": "#0"},
				"south": {"uv": [4.875, 10.25, 5, 11.5], "texture": "#0"},
				"west": {"uv": [7.75, 8.25, 8.625, 9.5], "texture": "#0"},
				"up": {"uv": [10.875, 3.25, 10.75, 2.375], "texture": "#0"},
				"down": {"uv": [10.875, 3.25, 10.75, 4.125], "texture": "#0"}
			}
		},
		{
			"from": [17, 1, 8],
			"to": [18, 11, 15],
			"rotation": {"angle": 0, "axis": "y", "origin": [25, 9, 22]},
			"faces": {
				"north": {"uv": [5, 10.25, 5.125, 11.5], "texture": "#0"},
				"east": {"uv": [8.25, 5.75, 9.125, 7], "texture": "#0"},
				"south": {"uv": [6.875, 10.25, 7, 11.5], "texture": "#0"},
				"west": {"uv": [0, 8.625, 0.875, 9.875], "texture": "#0"},
				"up": {"uv": [1.25, 11.75, 1.125, 10.875], "texture": "#0"},
				"down": {"uv": [1.375, 10.875, 1.25, 11.75], "texture": "#0"}
			}
		},
		{
			"from": [-1, 1, 9],
			"to": [7, 3, 15],
			"rotation": {"angle": 0, "axis": "y", "origin": [7, 9, 17]},
			"faces": {
				"north": {"uv": [5.625, 9.375, 6.625, 9.625], "texture": "#0"},
				"east": {"uv": [9.875, 4.875, 10.625, 5.125], "texture": "#0"},
				"south": {"uv": [8.625, 9.375, 9.625, 9.625], "texture": "#0"},
				"west": {"uv": [9.75, 10, 10.5, 10.25], "texture": "#0"},
				"up": {"uv": [3.5, 2.375, 2.5, 1.625], "texture": "#0"},
				"down": {"uv": [4.5, 1.625, 3.5, 2.375], "texture": "#0"}
			}
		},
		{
			"from": [-1, 2, 14],
			"to": [7, 11, 15],
			"rotation": {"angle": 0, "axis": "y", "origin": [7, 10, 17]},
			"faces": {
				"north": {"uv": [7.75, 4.625, 8.75, 5.75], "texture": "#0"},
				"east": {"uv": [3.875, 10.5, 4, 11.625], "texture": "#0"},
				"south": {"uv": [2.25, 7.875, 3.25, 9], "texture": "#0"},
				"west": {"uv": [4, 10.5, 4.125, 11.625], "texture": "#0"},
				"up": {"uv": [10.125, 7, 9.125, 6.875], "texture": "#0"},
				"down": {"uv": [10.75, 9.625, 9.75, 9.75], "texture": "#0"}
			}
		},
		{
			"from": [9, 2, 14],
			"to": [17, 11, 15],
			"rotation": {"angle": 0, "axis": "y", "origin": [17, 10, 17]},
			"faces": {
				"north": {"uv": [3.25, 7.875, 4.25, 9], "texture": "#0"},
				"east": {"uv": [4.125, 10.5, 4.25, 11.625], "texture": "#0"},
				"south": {"uv": [4.25, 7.875, 5.25, 9], "texture": "#0"},
				"west": {"uv": [4.25, 10.5, 4.375, 11.625], "texture": "#0"},
				"up": {"uv": [10.875, 5.25, 9.875, 5.125], "texture": "#0"},
				"down": {"uv": [11, 0.5, 10, 0.625], "texture": "#0"}
			}
		},
		{
			"from": [9, 1, 9],
			"to": [17, 3, 15],
			"rotation": {"angle": 0, "axis": "y", "origin": [17, 9, 17]},
			"faces": {
				"north": {"uv": [5.625, 9.625, 6.625, 9.875], "texture": "#0"},
				"east": {"uv": [10, 0, 10.75, 0.25], "texture": "#0"},
				"south": {"uv": [7.75, 9.625, 8.75, 9.875], "texture": "#0"},
				"west": {"uv": [10, 0.25, 10.75, 0.5], "texture": "#0"},
				"up": {"uv": [1.875, 9.375, 0.875, 8.625], "texture": "#0"},
				"down": {"uv": [9.625, 8.625, 8.625, 9.375], "texture": "#0"}
			}
		},
		{
			"from": [7, 1, 9],
			"to": [9, 4, 14],
			"rotation": {"angle": 0, "axis": "y", "origin": [15, 9, 17]},
			"faces": {
				"north": {"uv": [10.75, 6.25, 11, 6.625], "texture": "#0"},
				"east": {"uv": [0, 9.875, 0.625, 10.25], "texture": "#0"},
				"south": {"uv": [10.75, 7.75, 11, 8.125], "texture": "#0"},
				"west": {"uv": [6.875, 9.875, 7.5, 10.25], "texture": "#0"},
				"up": {"uv": [7.25, 10.875, 7, 10.25], "texture": "#0"},
				"down": {"uv": [7.5, 10.25, 7.25, 10.875], "texture": "#0"}
			}
		},
		{
			"from": [7, 1, 13],
			"to": [9, 11, 15],
			"rotation": {"angle": 0, "axis": "y", "origin": [15, 9, 18]},
			"faces": {
				"north": {"uv": [4.125, 9.25, 4.375, 10.5], "texture": "#0"},
				"east": {"uv": [4.375, 9.25, 4.625, 10.5], "texture": "#0"},
				"south": {"uv": [4.625, 9.25, 4.875, 10.5], "texture": "#0"},
				"west": {"uv": [0.875, 9.375, 1.125, 10.625], "texture": "#0"},
				"up": {"uv": [11.125, 11.625, 10.875, 11.375], "texture": "#0"},
				"down": {"uv": [11.625, 5.5, 11.375, 5.75], "texture": "#0"}
			}
		},
		{
			"from": [-3, -1, 4],
			"to": [-2, 1, 8],
			"rotation": {"angle": 0, "axis": "y", "origin": [5, 8, 15]},
			"faces": {
				"north": {"uv": [9.5, 11.75, 9.625, 12], "texture": "#0"},
				"east": {"uv": [2.25, 7.125, 2.75, 7.375], "texture": "#0"},
				"south": {"uv": [9.625, 11.75, 9.75, 12], "texture": "#0"},
				"west": {"uv": [10.5, 1.625, 11, 1.875], "texture": "#0"},
				"up": {"uv": [7.5, 9.875, 7.375, 9.375], "texture": "#0"},
				"down": {"uv": [8.75, 11.375, 8.625, 11.875], "texture": "#0"}
			}
		},
		{
			"from": [18, -1, 4],
			"to": [19, 1, 8],
			"rotation": {"angle": 0, "axis": "y", "origin": [26, 8, 15]},
			"faces": {
				"north": {"uv": [9.75, 11.75, 9.875, 12], "texture": "#0"},
				"east": {"uv": [10.5, 1.875, 11, 2.125], "texture": "#0"},
				"south": {"uv": [9.875, 11.75, 10, 12], "texture": "#0"},
				"west": {"uv": [10.5, 2.125, 11, 2.375], "texture": "#0"},
				"up": {"uv": [11.25, 11.875, 11.125, 11.375], "texture": "#0"},
				"down": {"uv": [11.5, 7, 11.375, 7.5], "texture": "#0"}
			}
		},
		{
			"from": [18, 1, 4],
			"to": [19, 2, 8],
			"rotation": {"angle": 0, "axis": "y", "origin": [26, 10, 15]},
			"faces": {
				"north": {"uv": [12, 11, 12.125, 11.125], "texture": "#0"},
				"east": {"uv": [7.25, 4.875, 7.75, 5], "texture": "#0"},
				"south": {"uv": [12, 11.875, 12.125, 12], "texture": "#0"},
				"west": {"uv": [7.75, 6.5, 8.25, 6.625], "texture": "#0"},
				"up": {"uv": [11.5, 8, 11.375, 7.5], "texture": "#0"},
				"down": {"uv": [0.625, 11.5, 0.5, 12], "texture": "#0"}
			}
		},
		{
			"from": [-3, 1, 4],
			"to": [-2, 2, 8],
			"rotation": {"angle": 0, "axis": "y", "origin": [5, 10, 15]},
			"faces": {
				"north": {"uv": [5.125, 12.125, 5.25, 12.25], "texture": "#0"},
				"east": {"uv": [11.375, 5.75, 11.875, 5.875], "texture": "#0"},
				"south": {"uv": [5.5, 12.125, 5.625, 12.25], "texture": "#0"},
				"west": {"uv": [11.375, 5.875, 11.875, 6], "texture": "#0"},
				"up": {"uv": [1.5, 12, 1.375, 11.5], "texture": "#0"},
				"down": {"uv": [1.625, 11.5, 1.5, 12], "texture": "#0"}
			}
		},
		{
			"from": [18, -1, -12],
			"to": [19, 1, 4],
			"rotation": {"angle": 0, "axis": "y", "origin": [26, 8, 11]},
			"faces": {
				"north": {"uv": [10, 11.75, 10.125, 12], "texture": "#0"},
				"east": {"uv": [8.875, 0.875, 10.875, 1.125], "texture": "#0"},
				"south": {"uv": [10.125, 11.75, 10.25, 12], "texture": "#0"},
				"west": {"uv": [2.875, 9, 4.875, 9.25], "texture": "#0"},
				"up": {"uv": [1.75, 11.375, 1.625, 9.375], "texture": "#0"},
				"down": {"uv": [1.875, 9.375, 1.75, 11.375], "texture": "#0"}
			}
		},
		{
			"from": [-3, -1, -12],
			"to": [-2, 1, 4],
			"rotation": {"angle": 0, "axis": "y", "origin": [5, 8, 11]},
			"faces": {
				"north": {"uv": [10.25, 11.75, 10.375, 12], "texture": "#0"},
				"east": {"uv": [9.125, 5.75, 11.125, 6], "texture": "#0"},
				"south": {"uv": [10.375, 11.75, 10.5, 12], "texture": "#0"},
				"west": {"uv": [9.125, 6, 11.125, 6.25], "texture": "#0"},
				"up": {"uv": [6.75, 11.375, 6.625, 9.375], "texture": "#0"},
				"down": {"uv": [6.875, 9.375, 6.75, 11.375], "texture": "#0"}
			}
		},
		{
			"from": [-3, 1, 0],
			"to": [19, 11, 4],
			"rotation": {"angle": 0, "axis": "y", "origin": [5, 9, 8]},
			"faces": {
				"north": {"uv": [5, 1.625, 7.75, 2.875], "texture": "#0"},
				"east": {"uv": [1.875, 9, 2.375, 10.25], "texture": "#0"},
				"south": {"uv": [5, 2.875, 7.75, 4.125], "texture": "#0"},
				"west": {"uv": [2.375, 9, 2.875, 10.25], "texture": "#0"},
				"up": {"uv": [5, 7.875, 2.25, 7.375], "texture": "#0"},
				"down": {"uv": [10.5, 7.75, 7.75, 8.25], "texture": "#0"}
			}
		},
		{
			"from": [-3, 1, -12],
			"to": [19, 6, -8],
			"rotation": {"angle": 0, "axis": "y", "origin": [5, 9, -4]},
			"faces": {
				"north": {"uv": [5.25, 1, 8, 1.625], "texture": "#0"},
				"east": {"uv": [1.125, 9.375, 1.625, 10], "texture": "#0"},
				"south": {"uv": [5.5, 6.625, 8.25, 7.25], "texture": "#0"},
				"west": {"uv": [5.125, 9.375, 5.625, 10], "texture": "#0"},
				"up": {"uv": [10.5, 2.125, 7.75, 1.625], "texture": "#0"},
				"down": {"uv": [10.5, 2.125, 7.75, 2.625], "texture": "#0"}
			}
		},
		{
			"from": [-3, 1, -8],
			"to": [19, 7, -4],
			"rotation": {"angle": 0, "axis": "y", "origin": [5, 9, 0]},
			"faces": {
				"north": {"uv": [5, 4.125, 7.75, 4.875], "texture": "#0"},
				"east": {"uv": [4.5, 1.625, 5, 2.375], "texture": "#0"},
				"south": {"uv": [2.75, 6.625, 5.5, 7.375], "texture": "#0"},
				"west": {"uv": [7.75, 5.75, 8.25, 6.5], "texture": "#0"},
				"up": {"uv": [10.5, 3.125, 7.75, 2.625], "texture": "#0"},
				"down": {"uv": [10.5, 3.125, 7.75, 3.625], "texture": "#0"}
			}
		},
		{
			"from": [-3, 1, -4.75],
			"to": [19, 9, 0],
			"rotation": {"angle": 0, "axis": "y", "origin": [5, 9, 4]},
			"faces": {
				"north": {"uv": [5.25, 0, 8, 1], "texture": "#0"},
				"east": {"uv": [2.875, 9.25, 3.375, 10.25], "texture": "#0"},
				"south": {"uv": [0, 6.125, 2.75, 7.125], "texture": "#0"},
				"west": {"uv": [3.375, 9.25, 3.875, 10.25], "texture": "#0"},
				"up": {"uv": [10.5, 4.125, 7.75, 3.625], "texture": "#0"},
				"down": {"uv": [10.5, 4.125, 7.75, 4.625], "texture": "#0"}
			}
		},
		{
			"from": [-3, 8.84672, -12.7706],
			"to": [19, 10.84672, 0.2294],
			"rotation": {"angle": -22.5, "axis": "x", "origin": [-2.5, 10.34672, -0.2706]},
			"faces": {
				"north": {"uv": [8, 1.25, 10.75, 1.5], "texture": "#0"},
				"east": {"uv": [9.125, 6.25, 10.75, 6.5], "texture": "#0"},
				"south": {"uv": [8.25, 7, 11, 7.25], "texture": "#0"},
				"west": {"uv": [9.125, 6.5, 10.75, 6.75], "texture": "#0"},
				"up": {"uv": [5.25, 1.625, 2.5, 0], "texture": "#0"},
				"down": {"uv": [7.75, 5, 5, 6.625], "texture": "#0"}
			}
		},
		{
			"from": [-3.5, 1, -4],
			"to": [-3, 2, -1],
			"rotation": {"angle": 0, "axis": "y", "origin": [4, 9, 6]},
			"faces": {
				"north": {"uv": [5.625, 12.125, 5.75, 12.25], "texture": "#0"},
				"east": {"uv": [5.25, 10, 5.625, 10.125], "texture": "#0"},
				"south": {"uv": [5.75, 12.125, 5.875, 12.25], "texture": "#0"},
				"west": {"uv": [11.375, 6, 11.75, 6.125], "texture": "#0"},
				"up": {"uv": [5.25, 9.375, 5.125, 9], "texture": "#0"},
				"down": {"uv": [4.875, 11.625, 4.75, 12], "texture": "#0"}
			}
		},
		{
			"from": [19, 1, -5],
			"to": [19.5, 2, -2],
			"rotation": {"angle": 0, "axis": "y", "origin": [27, 9, 5]},
			"faces": {
				"north": {"uv": [5.875, 12.125, 6, 12.25], "texture": "#0"},
				"east": {"uv": [11.375, 11.25, 11.75, 11.375], "texture": "#0"},
				"south": {"uv": [6, 12.125, 6.125, 12.25], "texture": "#0"},
				"west": {"uv": [11.5, 0.375, 11.875, 0.5], "texture": "#0"},
				"up": {"uv": [6.5, 12, 6.375, 11.625], "texture": "#0"},
				"down": {"uv": [7.625, 11.625, 7.5, 12], "texture": "#0"}
			}
		},
		{
			"from": [-3.5, 3, -4],
			"to": [-3, 4, -1],
			"rotation": {"angle": 0, "axis": "y", "origin": [4, 11, 6]},
			"faces": {
				"north": {"uv": [6.125, 12.125, 6.25, 12.25], "texture": "#0"},
				"east": {"uv": [11.5, 6.625, 11.875, 6.75], "texture": "#0"},
				"south": {"uv": [6.25, 12.125, 6.375, 12.25], "texture": "#0"},
				"west": {"uv": [11.5, 10.125, 11.875, 10.25], "texture": "#0"},
				"up": {"uv": [7.75, 12, 7.625, 11.625], "texture": "#0"},
				"down": {"uv": [7.875, 11.625, 7.75, 12], "texture": "#0"}
			}
		},
		{
			"from": [-3.5, 1, 11],
			"to": [-3, 5, 15],
			"rotation": {"angle": 0, "axis": "y", "origin": [4, 11, 22]},
			"faces": {
				"north": {"uv": [2.25, 11.5, 2.375, 12], "texture": "#0"},
				"east": {"uv": [6.875, 9.375, 7.375, 9.875], "texture": "#0"},
				"south": {"uv": [2.375, 11.5, 2.5, 12], "texture": "#0"},
				"west": {"uv": [8.75, 9.625, 9.25, 10.125], "texture": "#0"},
				"up": {"uv": [2.625, 12, 2.5, 11.5], "texture": "#0"},
				"down": {"uv": [3.75, 11.5, 3.625, 12], "texture": "#0"}
			}
		},
		{
			"from": [19, 1, 11],
			"to": [19.5, 5, 15],
			"rotation": {"angle": 0, "axis": "y", "origin": [26.5, 11, 22]},
			"faces": {
				"north": {"uv": [3.75, 11.5, 3.875, 12], "texture": "#0"},
				"east": {"uv": [9.25, 9.625, 9.75, 10.125], "texture": "#0"},
				"south": {"uv": [4.875, 11.5, 5, 12], "texture": "#0"},
				"west": {"uv": [9.625, 8.625, 10.125, 9.125], "texture": "#0"},
				"up": {"uv": [5.125, 12, 5, 11.5], "texture": "#0"},
				"down": {"uv": [5.25, 11.5, 5.125, 12], "texture": "#0"}
			}
		},
		{
			"from": [19, 3, -5],
			"to": [19.5, 4, -2],
			"rotation": {"angle": 0, "axis": "y", "origin": [27, 11, 5]},
			"faces": {
				"north": {"uv": [6.375, 12.125, 6.5, 12.25], "texture": "#0"},
				"east": {"uv": [11.5, 10.625, 11.875, 10.75], "texture": "#0"},
				"south": {"uv": [6.5, 12.125, 6.625, 12.25], "texture": "#0"},
				"west": {"uv": [8.75, 11.625, 9.125, 11.75], "texture": "#0"},
				"up": {"uv": [8, 12, 7.875, 11.625], "texture": "#0"},
				"down": {"uv": [8.125, 11.625, 8, 12], "texture": "#0"}
			}
		},
		{
			"from": [-3.5, 2, -4],
			"to": [-3, 3, -3],
			"rotation": {"angle": 0, "axis": "y", "origin": [4, 10, 6]},
			"faces": {
				"north": {"uv": [6.625, 12.125, 6.75, 12.25], "texture": "#0"},
				"east": {"uv": [7, 12.125, 7.125, 12.25], "texture": "#0"},
				"south": {"uv": [7.125, 12.125, 7.25, 12.25], "texture": "#0"},
				"west": {"uv": [7.25, 12.125, 7.375, 12.25], "texture": "#0"},
				"up": {"uv": [7.5, 12.25, 7.375, 12.125], "texture": "#0"},
				"down": {"uv": [7.625, 12.125, 7.5, 12.25], "texture": "#0"}
			}
		},
		{
			"from": [19, 2, -5],
			"to": [19.5, 3, -4],
			"rotation": {"angle": 0, "axis": "y", "origin": [27, 10, 5]},
			"faces": {
				"north": {"uv": [7.625, 12.125, 7.75, 12.25], "texture": "#0"},
				"east": {"uv": [8, 12.125, 8.125, 12.25], "texture": "#0"},
				"south": {"uv": [8.125, 12.125, 8.25, 12.25], "texture": "#0"},
				"west": {"uv": [8.25, 12.125, 8.375, 12.25], "texture": "#0"},
				"up": {"uv": [8.5, 12.25, 8.375, 12.125], "texture": "#0"},
				"down": {"uv": [8.75, 12.125, 8.625, 12.25], "texture": "#0"}
			}
		},
		{
			"from": [-3.5, 2, -3],
			"to": [-3, 3, -2],
			"rotation": {"angle": 0, "axis": "y", "origin": [4, 10, 7]},
			"faces": {
				"north": {"uv": [8.875, 12.125, 9, 12.25], "texture": "#0"},
				"east": {"uv": [9, 12.125, 9.125, 12.25], "texture": "#0"},
				"south": {"uv": [9.125, 12.125, 9.25, 12.25], "texture": "#0"},
				"west": {"uv": [9.25, 12.125, 9.375, 12.25], "texture": "#0"},
				"up": {"uv": [9.5, 12.25, 9.375, 12.125], "texture": "#0"},
				"down": {"uv": [9.625, 12.125, 9.5, 12.25], "texture": "#0"}
			}
		},
		{
			"from": [19, 2, -4],
			"to": [19.5, 3, -3],
			"rotation": {"angle": 0, "axis": "y", "origin": [27, 10, 6]},
			"faces": {
				"north": {"uv": [9.625, 12.125, 9.75, 12.25], "texture": "#0"},
				"east": {"uv": [9.75, 12.125, 9.875, 12.25], "texture": "#0"},
				"south": {"uv": [10.125, 12.125, 10.25, 12.25], "texture": "#0"},
				"west": {"uv": [10.25, 12.125, 10.375, 12.25], "texture": "#0"},
				"up": {"uv": [10.5, 12.25, 10.375, 12.125], "texture": "#0"},
				"down": {"uv": [10.625, 12.125, 10.5, 12.25], "texture": "#0"}
			}
		},
		{
			"from": [-3.5, 2, -2],
			"to": [-3, 3, -1],
			"rotation": {"angle": 0, "axis": "y", "origin": [4, 10, 8]},
			"faces": {
				"north": {"uv": [10.875, 12.125, 11, 12.25], "texture": "#0"},
				"east": {"uv": [11, 12.125, 11.125, 12.25], "texture": "#0"},
				"south": {"uv": [11.125, 12.125, 11.25, 12.25], "texture": "#0"},
				"west": {"uv": [11.25, 12.125, 11.375, 12.25], "texture": "#0"},
				"up": {"uv": [11.5, 12.25, 11.375, 12.125], "texture": "#0"},
				"down": {"uv": [11.625, 12.125, 11.5, 12.25], "texture": "#0"}
			}
		},
		{
			"from": [19, 2, -3],
			"to": [19.5, 3, -2],
			"rotation": {"angle": 0, "axis": "y", "origin": [27, 10, 7]},
			"faces": {
				"north": {"uv": [11.875, 12.125, 12, 12.25], "texture": "#0"},
				"east": {"uv": [12.125, 12.125, 12.25, 12.25], "texture": "#0"},
				"south": {"uv": [12.125, 0, 12.25, 0.125], "texture": "#0"},
				"west": {"uv": [12.125, 0.125, 12.25, 0.25], "texture": "#0"},
				"up": {"uv": [12.25, 0.375, 12.125, 0.25], "texture": "#0"},
				"down": {"uv": [12.25, 0.375, 12.125, 0.5], "texture": "#0"}
			}
		},
		{
			"from": [-3.5, 0, -4],
			"to": [-3, 1, -1],
			"rotation": {"angle": 0, "axis": "y", "origin": [4, 8, 6]},
			"faces": {
				"north": {"uv": [12.125, 0.625, 12.25, 0.75], "texture": "#0"},
				"east": {"uv": [9.5, 11.625, 9.875, 11.75], "texture": "#0"},
				"south": {"uv": [12.125, 0.75, 12.25, 0.875], "texture": "#0"},
				"west": {"uv": [11.625, 11.625, 12, 11.75], "texture": "#0"},
				"up": {"uv": [8.375, 12, 8.25, 11.625], "texture": "#0"},
				"down": {"uv": [8.5, 11.625, 8.375, 12], "texture": "#0"}
			}
		},
		{
			"from": [-3.5, 0, 12],
			"to": [-3, 1, 14],
			"rotation": {"angle": 0, "axis": "y", "origin": [4, 8, 21]},
			"faces": {
				"north": {"uv": [12.125, 0.875, 12.25, 1], "texture": "#0"},
				"east": {"uv": [4.75, 2.375, 5, 2.5], "texture": "#0"},
				"south": {"uv": [12.125, 1, 12.25, 1.125], "texture": "#0"},
				"west": {"uv": [5.25, 8.625, 5.5, 8.75], "texture": "#0"},
				"up": {"uv": [10.625, 12, 10.5, 11.75], "texture": "#0"},
				"down": {"uv": [10.875, 11.75, 10.75, 12], "texture": "#0"}
			}
		},
		{
			"from": [19, 0, 12],
			"to": [19.5, 1, 14],
			"rotation": {"angle": 0, "axis": "y", "origin": [26.5, 8, 21]},
			"faces": {
				"north": {"uv": [12.125, 1.125, 12.25, 1.25], "texture": "#0"},
				"east": {"uv": [7.5, 10, 7.75, 10.125], "texture": "#0"},
				"south": {"uv": [12.125, 1.25, 12.25, 1.375], "texture": "#0"},
				"west": {"uv": [9.5, 10.125, 9.75, 10.25], "texture": "#0"},
				"up": {"uv": [11.75, 12, 11.625, 11.75], "texture": "#0"},
				"down": {"uv": [11.875, 11.75, 11.75, 12], "texture": "#0"}
			}
		},
		{
			"from": [-3.5, 0.58979, 14.42388],
			"to": [-3, 1.58979, 15.42388],
			"rotation": {"angle": -45, "axis": "x", "origin": [-3.25, 1.08979, 14.92388]},
			"faces": {
				"north": {"uv": [12.125, 1.375, 12.25, 1.5], "texture": "#0"},
				"east": {"uv": [12.125, 1.625, 12.25, 1.75], "texture": "#0"},
				"south": {"uv": [12.125, 1.75, 12.25, 1.875], "texture": "#0"},
				"west": {"uv": [12.125, 2.875, 12.25, 3], "texture": "#0"},
				"up": {"uv": [12.25, 3.625, 12.125, 3.5], "texture": "#0"},
				"down": {"uv": [12.25, 3.625, 12.125, 3.75], "texture": "#0"}
			}
		},
		{
			"from": [19, 0.58979, 14.42388],
			"to": [19.5, 1.58979, 15.42388],
			"rotation": {"angle": -45, "axis": "x", "origin": [19.25, 1.08979, 14.92388]},
			"faces": {
				"north": {"uv": [12.125, 4, 12.25, 4.125], "texture": "#0"},
				"east": {"uv": [12.125, 4.5, 12.25, 4.625], "texture": "#0"},
				"south": {"uv": [12.125, 4.875, 12.25, 5], "texture": "#0"},
				"west": {"uv": [12.125, 5, 12.25, 5.125], "texture": "#0"},
				"up": {"uv": [12.25, 5.25, 12.125, 5.125], "texture": "#0"},
				"down": {"uv": [12.25, 5.25, 12.125, 5.375], "texture": "#0"}
			}
		},
		{
			"from": [-3.5, 1.24307, 14.86039],
			"to": [-3, 2.24307, 15.86039],
			"rotation": {"angle": 22.5, "axis": "x", "origin": [-3.25, 1.74307, 15.36039]},
			"faces": {
				"north": {"uv": [12.125, 5.375, 12.25, 5.5], "texture": "#0"},
				"east": {"uv": [12.125, 5.5, 12.25, 5.625], "texture": "#0"},
				"south": {"uv": [12.125, 5.625, 12.25, 5.75], "texture": "#0"},
				"west": {"uv": [12.125, 5.75, 12.25, 5.875], "texture": "#0"},
				"up": {"uv": [12.25, 6, 12.125, 5.875], "texture": "#0"},
				"down": {"uv": [12.25, 6, 12.125, 6.125], "texture": "#0"}
			}
		},
		{
			"from": [19, 1.24307, 14.86039],
			"to": [19.5, 2.24307, 15.86039],
			"rotation": {"angle": 22.5, "axis": "x", "origin": [19.25, 1.74307, 15.36039]},
			"faces": {
				"north": {"uv": [12.125, 6.125, 12.25, 6.25], "texture": "#0"},
				"east": {"uv": [12.125, 6.25, 12.25, 6.375], "texture": "#0"},
				"south": {"uv": [12.125, 6.375, 12.25, 6.5], "texture": "#0"},
				"west": {"uv": [12.125, 6.625, 12.25, 6.75], "texture": "#0"},
				"up": {"uv": [12.25, 7, 12.125, 6.875], "texture": "#0"},
				"down": {"uv": [12.25, 7, 12.125, 7.125], "texture": "#0"}
			}
		},
		{
			"from": [-3.5, 2.01367, 15.01367],
			"to": [-3, 4.01367, 16.01367],
			"rotation": {"angle": 0, "axis": "y", "origin": [-3.25, 2.51367, 15.51367]},
			"faces": {
				"north": {"uv": [11.75, 0.5, 11.875, 0.75], "texture": "#0"},
				"east": {"uv": [11.75, 1.125, 11.875, 1.375], "texture": "#0"},
				"south": {"uv": [11.75, 1.625, 11.875, 1.875], "texture": "#0"},
				"west": {"uv": [11.75, 2.125, 11.875, 2.375], "texture": "#0"},
				"up": {"uv": [12.25, 7.25, 12.125, 7.125], "texture": "#0"},
				"down": {"uv": [12.25, 7.25, 12.125, 7.375], "texture": "#0"}
			}
		},
		{
			"from": [19, 2.01367, 15.01367],
			"to": [19.5, 4.01367, 16.01367],
			"rotation": {"angle": 0, "axis": "y", "origin": [19.25, 2.51367, 15.51367]},
			"faces": {
				"north": {"uv": [11.75, 2.625, 11.875, 2.875], "texture": "#0"},
				"east": {"uv": [11.75, 2.875, 11.875, 3.125], "texture": "#0"},
				"south": {"uv": [11.75, 3.125, 11.875, 3.375], "texture": "#0"},
				"west": {"uv": [11.75, 3.375, 11.875, 3.625], "texture": "#0"},
				"up": {"uv": [12.25, 7.5, 12.125, 7.375], "texture": "#0"},
				"down": {"uv": [12.25, 7.5, 12.125, 7.625], "texture": "#0"}
			}
		},
		{
			"from": [-3.5, 3.78427, 14.86039],
			"to": [-3, 4.78427, 15.86039],
			"rotation": {"angle": -22.5, "axis": "x", "origin": [-3.25, 4.28427, 15.36039]},
			"faces": {
				"north": {"uv": [12.125, 7.625, 12.25, 7.75], "texture": "#0"},
				"east": {"uv": [12.125, 7.75, 12.25, 7.875], "texture": "#0"},
				"south": {"uv": [12.125, 7.875, 12.25, 8], "texture": "#0"},
				"west": {"uv": [12.125, 8, 12.25, 8.125], "texture": "#0"},
				"up": {"uv": [12.25, 8.25, 12.125, 8.125], "texture": "#0"},
				"down": {"uv": [12.25, 8.25, 12.125, 8.375], "texture": "#0"}
			}
		},
		{
			"from": [19, 3.78427, 14.86039],
			"to": [19.5, 4.78427, 15.86039],
			"rotation": {"angle": -22.5, "axis": "x", "origin": [19.25, 4.28427, 15.36039]},
			"faces": {
				"north": {"uv": [12.125, 8.375, 12.25, 8.5], "texture": "#0"},
				"east": {"uv": [12.125, 8.5, 12.25, 8.625], "texture": "#0"},
				"south": {"uv": [12.125, 8.625, 12.25, 8.75], "texture": "#0"},
				"west": {"uv": [12.125, 8.75, 12.25, 8.875], "texture": "#0"},
				"up": {"uv": [12.25, 9, 12.125, 8.875], "texture": "#0"},
				"down": {"uv": [12.25, 9, 12.125, 9.125], "texture": "#0"}
			}
		},
		{
			"from": [-3.5, 4.43755, 14.42388],
			"to": [-3, 5.43755, 15.42388],
			"rotation": {"angle": -45, "axis": "x", "origin": [-3.25, 4.93755, 14.92388]},
			"faces": {
				"north": {"uv": [12.125, 9.875, 12.25, 10], "texture": "#0"},
				"east": {"uv": [12.125, 10, 12.25, 10.125], "texture": "#0"},
				"south": {"uv": [12.125, 10.375, 12.25, 10.5], "texture": "#0"},
				"west": {"uv": [12.125, 10.625, 12.25, 10.75], "texture": "#0"},
				"up": {"uv": [12.25, 10.875, 12.125, 10.75], "texture": "#0"},
				"down": {"uv": [12.25, 10.875, 12.125, 11], "texture": "#0"}
			}
		},
		{
			"from": [19, 4.43755, 14.42388],
			"to": [19.5, 5.43755, 15.42388],
			"rotation": {"angle": -45, "axis": "x", "origin": [19.25, 4.93755, 14.92388]},
			"faces": {
				"north": {"uv": [12.125, 11, 12.25, 11.125], "texture": "#0"},
				"east": {"uv": [12.125, 11.125, 12.25, 11.25], "texture": "#0"},
				"south": {"uv": [12.125, 11.25, 12.25, 11.375], "texture": "#0"},
				"west": {"uv": [12.125, 11.375, 12.25, 11.5], "texture": "#0"},
				"up": {"uv": [12.25, 11.625, 12.125, 11.5], "texture": "#0"},
				"down": {"uv": [12.25, 11.625, 12.125, 11.75], "texture": "#0"}
			}
		},
		{
			"from": [-3.5, 4.87406, 13.7706],
			"to": [-3, 5.87406, 14.7706],
			"rotation": {"angle": 22.5, "axis": "x", "origin": [-3.25, 5.37406, 14.2706]},
			"faces": {
				"north": {"uv": [12.125, 11.75, 12.25, 11.875], "texture": "#0"},
				"east": {"uv": [12.125, 11.875, 12.25, 12], "texture": "#0"},
				"south": {"uv": [12.125, 12, 12.25, 12.125], "texture": "#0"},
				"west": {"uv": [0.5, 12.25, 0.625, 12.375], "texture": "#0"},
				"up": {"uv": [1.5, 12.375, 1.375, 12.25], "texture": "#0"},
				"down": {"uv": [1.625, 12.25, 1.5, 12.375], "texture": "#0"}
			}
		},
		{
			"from": [19, 4.87406, 13.7706],
			"to": [19.5, 5.87406, 14.7706],
			"rotation": {"angle": 22.5, "axis": "x", "origin": [19.25, 5.37406, 14.2706]},
			"faces": {
				"north": {"uv": [1.625, 12.25, 1.75, 12.375], "texture": "#0"},
				"east": {"uv": [1.75, 12.25, 1.875, 12.375], "texture": "#0"},
				"south": {"uv": [2.5, 12.25, 2.625, 12.375], "texture": "#0"},
				"west": {"uv": [5.125, 12.25, 5.25, 12.375], "texture": "#0"},
				"up": {"uv": [5.375, 12.375, 5.25, 12.25], "texture": "#0"},
				"down": {"uv": [5.5, 12.25, 5.375, 12.375], "texture": "#0"}
			}
		},
		{
			"from": [-3.5, 5.02734, 12],
			"to": [-3, 6.02734, 14],
			"rotation": {"angle": 0, "axis": "y", "origin": [-3.25, 5.52734, 13.5]},
			"faces": {
				"north": {"uv": [5.5, 12.25, 5.625, 12.375], "texture": "#0"},
				"east": {"uv": [11.75, 0.75, 12, 0.875], "texture": "#0"},
				"south": {"uv": [5.625, 12.25, 5.75, 12.375], "texture": "#0"},
				"west": {"uv": [11.75, 1.375, 12, 1.5], "texture": "#0"},
				"up": {"uv": [11.875, 3.875, 11.75, 3.625], "texture": "#0"},
				"down": {"uv": [11.875, 3.875, 11.75, 4.125], "texture": "#0"}
			}
		},
		{
			"from": [19, 5.02734, 12],
			"to": [19.5, 6.02734, 14],
			"rotation": {"angle": 0, "axis": "y", "origin": [19.25, 5.52734, 13.5]},
			"faces": {
				"north": {"uv": [5.75, 12.25, 5.875, 12.375], "texture": "#0"},
				"east": {"uv": [11.75, 1.875, 12, 2], "texture": "#0"},
				"south": {"uv": [5.875, 12.25, 6, 12.375], "texture": "#0"},
				"west": {"uv": [11.75, 4.125, 12, 4.25], "texture": "#0"},
				"up": {"uv": [11.875, 4.5, 11.75, 4.25], "texture": "#0"},
				"down": {"uv": [11.875, 4.5, 11.75, 4.75], "texture": "#0"}
			}
		},
		{
			"from": [-3.5, 4.87406, 11.2294],
			"to": [-3, 5.87406, 12.2294],
			"rotation": {"angle": -22.5, "axis": "x", "origin": [-3.25, 5.37406, 11.7294]},
			"faces": {
				"north": {"uv": [6, 12.25, 6.125, 12.375], "texture": "#0"},
				"east": {"uv": [6.125, 12.25, 6.25, 12.375], "texture": "#0"},
				"south": {"uv": [6.25, 12.25, 6.375, 12.375], "texture": "#0"},
				"west": {"uv": [6.375, 12.25, 6.5, 12.375], "texture": "#0"},
				"up": {"uv": [6.625, 12.375, 6.5, 12.25], "texture": "#0"},
				"down": {"uv": [6.75, 12.25, 6.625, 12.375], "texture": "#0"}
			}
		},
		{
			"from": [19, 4.87406, 11.2294],
			"to": [19.5, 5.87406, 12.2294],
			"rotation": {"angle": -22.5, "axis": "x", "origin": [19.25, 5.37406, 11.7294]},
			"faces": {
				"north": {"uv": [6.75, 12.25, 6.875, 12.375], "texture": "#0"},
				"east": {"uv": [6.875, 12.25, 7, 12.375], "texture": "#0"},
				"south": {"uv": [7, 12.25, 7.125, 12.375], "texture": "#0"},
				"west": {"uv": [7.125, 12.25, 7.25, 12.375], "texture": "#0"},
				"up": {"uv": [7.375, 12.375, 7.25, 12.25], "texture": "#0"},
				"down": {"uv": [7.5, 12.25, 7.375, 12.375], "texture": "#0"}
			}
		},
		{
			"from": [-3.5, 4.43755, 10.57612],
			"to": [-3, 5.43755, 11.57612],
			"rotation": {"angle": -45, "axis": "x", "origin": [-3.25, 4.93755, 11.07612]},
			"faces": {
				"north": {"uv": [7.5, 12.25, 7.625, 12.375], "texture": "#0"},
				"east": {"uv": [7.625, 12.25, 7.75, 12.375], "texture": "#0"},
				"south": {"uv": [7.75, 12.25, 7.875, 12.375], "texture": "#0"},
				"west": {"uv": [7.875, 12.25, 8, 12.375], "texture": "#0"},
				"up": {"uv": [8.125, 12.375, 8, 12.25], "texture": "#0"},
				"down": {"uv": [8.25, 12.25, 8.125, 12.375], "texture": "#0"}
			}
		},
		{
			"from": [19, 4.43755, 10.57612],
			"to": [19.5, 5.43755, 11.57612],
			"rotation": {"angle": -45, "axis": "x", "origin": [19.25, 4.93755, 11.07612]},
			"faces": {
				"north": {"uv": [8.25, 12.25, 8.375, 12.375], "texture": "#0"},
				"east": {"uv": [8.375, 12.25, 8.5, 12.375], "texture": "#0"},
				"south": {"uv": [8.5, 12.25, 8.625, 12.375], "texture": "#0"},
				"west": {"uv": [8.625, 12.25, 8.75, 12.375], "texture": "#0"},
				"up": {"uv": [8.875, 12.375, 8.75, 12.25], "texture": "#0"},
				"down": {"uv": [9, 12.25, 8.875, 12.375], "texture": "#0"}
			}
		},
		{
			"from": [-3.5, 3.78427, 10.13961],
			"to": [-3, 4.78427, 11.13961],
			"rotation": {"angle": 22.5, "axis": "x", "origin": [-3.25, 4.28427, 10.63961]},
			"faces": {
				"north": {"uv": [9, 12.25, 9.125, 12.375], "texture": "#0"},
				"east": {"uv": [9.125, 12.25, 9.25, 12.375], "texture": "#0"},
				"south": {"uv": [9.25, 12.25, 9.375, 12.375], "texture": "#0"},
				"west": {"uv": [9.375, 12.25, 9.5, 12.375], "texture": "#0"},
				"up": {"uv": [9.625, 12.375, 9.5, 12.25], "texture": "#0"},
				"down": {"uv": [9.75, 12.25, 9.625, 12.375], "texture": "#0"}
			}
		},
		{
			"from": [19, 3.78427, 10.13961],
			"to": [19.5, 4.78427, 11.13961],
			"rotation": {"angle": 22.5, "axis": "x", "origin": [19.25, 4.28427, 10.63961]},
			"faces": {
				"north": {"uv": [9.75, 12.25, 9.875, 12.375], "texture": "#0"},
				"east": {"uv": [9.875, 12.25, 10, 12.375], "texture": "#0"},
				"south": {"uv": [10, 12.25, 10.125, 12.375], "texture": "#0"},
				"west": {"uv": [10.125, 12.25, 10.25, 12.375], "texture": "#0"},
				"up": {"uv": [10.375, 12.375, 10.25, 12.25], "texture": "#0"},
				"down": {"uv": [10.5, 12.25, 10.375, 12.375], "texture": "#0"}
			}
		},
		{
			"from": [-3.5, 2.01367, 9.98633],
			"to": [-3, 4.01367, 10.98633],
			"rotation": {"angle": 0, "axis": "y", "origin": [-3.25, 3.51367, 10.48633]},
			"faces": {
				"north": {"uv": [11.75, 4.75, 11.875, 5], "texture": "#0"},
				"east": {"uv": [11.75, 6, 11.875, 6.25], "texture": "#0"},
				"south": {"uv": [11.75, 6.25, 11.875, 6.5], "texture": "#0"},
				"west": {"uv": [11.75, 6.875, 11.875, 7.125], "texture": "#0"},
				"up": {"uv": [10.625, 12.375, 10.5, 12.25], "texture": "#0"},
				"down": {"uv": [10.75, 12.25, 10.625, 12.375], "texture": "#0"}
			}
		},
		{
			"from": [19, 2.01367, 9.98633],
			"to": [19.5, 4.01367, 10.98633],
			"rotation": {"angle": 0, "axis": "y", "origin": [19.25, 3.51367, 10.48633]},
			"faces": {
				"north": {"uv": [11.75, 7.125, 11.875, 7.375], "texture": "#0"},
				"east": {"uv": [11.75, 7.5, 11.875, 7.75], "texture": "#0"},
				"south": {"uv": [11.75, 7.75, 11.875, 8], "texture": "#0"},
				"west": {"uv": [11.75, 8.125, 11.875, 8.375], "texture": "#0"},
				"up": {"uv": [10.875, 12.375, 10.75, 12.25], "texture": "#0"},
				"down": {"uv": [11, 12.25, 10.875, 12.375], "texture": "#0"}
			}
		},
		{
			"from": [-3.5, 0.58979, 10.57612],
			"to": [-3, 1.58979, 11.57612],
			"rotation": {"angle": -45, "axis": "x", "origin": [-3.25, 1.08979, 11.07612]},
			"faces": {
				"north": {"uv": [11, 12.25, 11.125, 12.375], "texture": "#0"},
				"east": {"uv": [11.125, 12.25, 11.25, 12.375], "texture": "#0"},
				"south": {"uv": [11.25, 12.25, 11.375, 12.375], "texture": "#0"},
				"west": {"uv": [11.375, 12.25, 11.5, 12.375], "texture": "#0"},
				"up": {"uv": [11.625, 12.375, 11.5, 12.25], "texture": "#0"},
				"down": {"uv": [11.75, 12.25, 11.625, 12.375], "texture": "#0"}
			}
		},
		{
			"from": [19, 0.58979, 10.57612],
			"to": [19.5, 1.58979, 11.57612],
			"rotation": {"angle": -45, "axis": "x", "origin": [19.25, 1.08979, 11.07612]},
			"faces": {
				"north": {"uv": [11.75, 12.25, 11.875, 12.375], "texture": "#0"},
				"east": {"uv": [11.875, 12.25, 12, 12.375], "texture": "#0"},
				"south": {"uv": [12, 12.25, 12.125, 12.375], "texture": "#0"},
				"west": {"uv": [12.125, 12.25, 12.25, 12.375], "texture": "#0"},
				"up": {"uv": [12.375, 12.375, 12.25, 12.25], "texture": "#0"},
				"down": {"uv": [12.375, 0, 12.25, 0.125], "texture": "#0"}
			}
		},
		{
			"from": [-3.5, 0.15328, 11.2294],
			"to": [-3, 1.15328, 12.2294],
			"rotation": {"angle": 22.5, "axis": "x", "origin": [-3.25, 0.65328, 11.7294]},
			"faces": {
				"north": {"uv": [12.25, 0.125, 12.375, 0.25], "texture": "#0"},
				"east": {"uv": [12.25, 0.25, 12.375, 0.375], "texture": "#0"},
				"south": {"uv": [12.25, 0.375, 12.375, 0.5], "texture": "#0"},
				"west": {"uv": [12.25, 0.5, 12.375, 0.625], "texture": "#0"},
				"up": {"uv": [12.375, 0.75, 12.25, 0.625], "texture": "#0"},
				"down": {"uv": [12.375, 0.75, 12.25, 0.875], "texture": "#0"}
			}
		},
		{
			"from": [19, 0.15328, 11.2294],
			"to": [19.5, 1.15328, 12.2294],
			"rotation": {"angle": 22.5, "axis": "x", "origin": [19.25, 0.65328, 11.7294]},
			"faces": {
				"north": {"uv": [12.25, 0.875, 12.375, 1], "texture": "#0"},
				"east": {"uv": [12.25, 1, 12.375, 1.125], "texture": "#0"},
				"south": {"uv": [12.25, 1.125, 12.375, 1.25], "texture": "#0"},
				"west": {"uv": [12.25, 1.25, 12.375, 1.375], "texture": "#0"},
				"up": {"uv": [12.375, 1.5, 12.25, 1.375], "texture": "#0"},
				"down": {"uv": [12.375, 1.5, 12.25, 1.625], "texture": "#0"}
			}
		},
		{
			"from": [-3.5, 1.24307, 10.13961],
			"to": [-3, 2.24307, 11.13961],
			"rotation": {"angle": -22.5, "axis": "x", "origin": [-3.25, 1.74307, 10.63961]},
			"faces": {
				"north": {"uv": [12.25, 1.625, 12.375, 1.75], "texture": "#0"},
				"east": {"uv": [12.25, 1.75, 12.375, 1.875], "texture": "#0"},
				"south": {"uv": [12.25, 1.875, 12.375, 2], "texture": "#0"},
				"west": {"uv": [12.25, 2, 12.375, 2.125], "texture": "#0"},
				"up": {"uv": [12.375, 2.25, 12.25, 2.125], "texture": "#0"},
				"down": {"uv": [12.375, 2.25, 12.25, 2.375], "texture": "#0"}
			}
		},
		{
			"from": [19, 1.24307, 10.13961],
			"to": [19.5, 2.24307, 11.13961],
			"rotation": {"angle": -22.5, "axis": "x", "origin": [19.25, 1.74307, 10.63961]},
			"faces": {
				"north": {"uv": [12.25, 2.375, 12.375, 2.5], "texture": "#0"},
				"east": {"uv": [12.25, 2.5, 12.375, 2.625], "texture": "#0"},
				"south": {"uv": [12.25, 2.625, 12.375, 2.75], "texture": "#0"},
				"west": {"uv": [12.25, 2.75, 12.375, 2.875], "texture": "#0"},
				"up": {"uv": [12.375, 3, 12.25, 2.875], "texture": "#0"},
				"down": {"uv": [12.375, 3, 12.25, 3.125], "texture": "#0"}
			}
		},
		{
			"from": [-3.5, 0.15328, 13.7706],
			"to": [-3, 1.15328, 14.7706],
			"rotation": {"angle": -22.5, "axis": "x", "origin": [-3.25, 0.65328, 14.2706]},
			"faces": {
				"north": {"uv": [12.25, 3.125, 12.375, 3.25], "texture": "#0"},
				"east": {"uv": [12.25, 3.25, 12.375, 3.375], "texture": "#0"},
				"south": {"uv": [12.25, 3.375, 12.375, 3.5], "texture": "#0"},
				"west": {"uv": [12.25, 3.5, 12.375, 3.625], "texture": "#0"},
				"up": {"uv": [12.375, 3.75, 12.25, 3.625], "texture": "#0"},
				"down": {"uv": [12.375, 3.75, 12.25, 3.875], "texture": "#0"}
			}
		},
		{
			"from": [19, 0.15328, 13.7706],
			"to": [19.5, 1.15328, 14.7706],
			"rotation": {"angle": -22.5, "axis": "x", "origin": [19.25, 0.65328, 14.2706]},
			"faces": {
				"north": {"uv": [12.25, 3.875, 12.375, 4], "texture": "#0"},
				"east": {"uv": [12.25, 4, 12.375, 4.125], "texture": "#0"},
				"south": {"uv": [12.25, 4.125, 12.375, 4.25], "texture": "#0"},
				"west": {"uv": [12.25, 4.25, 12.375, 4.375], "texture": "#0"},
				"up": {"uv": [12.375, 4.5, 12.25, 4.375], "texture": "#0"},
				"down": {"uv": [12.375, 4.5, 12.25, 4.625], "texture": "#0"}
			}
		},
		{
			"from": [19, 0, -5],
			"to": [19.5, 1, -2],
			"rotation": {"angle": 0, "axis": "y", "origin": [27, 8, 5]},
			"faces": {
				"north": {"uv": [12.25, 4.625, 12.375, 4.75], "texture": "#0"},
				"east": {"uv": [11.625, 0, 12, 0.125], "texture": "#0"},
				"south": {"uv": [12.25, 4.75, 12.375, 4.875], "texture": "#0"},
				"west": {"uv": [11.625, 0.125, 12, 0.25], "texture": "#0"},
				"up": {"uv": [9.25, 12, 9.125, 11.625], "texture": "#0"},
				"down": {"uv": [9.375, 11.625, 9.25, 12], "texture": "#0"}
			}
		},
		{
			"from": [-3.5, 4, -4],
			"to": [-3, 5, -1],
			"rotation": {"angle": 0, "axis": "y", "origin": [4, 12, 6]},
			"faces": {
				"north": {"uv": [12.25, 4.875, 12.375, 5], "texture": "#0"},
				"east": {"uv": [11.625, 0.25, 12, 0.375], "texture": "#0"},
				"south": {"uv": [12.25, 5, 12.375, 5.125], "texture": "#0"},
				"west": {"uv": [11.625, 0.875, 12, 1], "texture": "#0"},
				"up": {"uv": [10.75, 12, 10.625, 11.625], "texture": "#0"},
				"down": {"uv": [11, 11.625, 10.875, 12], "texture": "#0"}
			}
		},
		{
			"from": [19, 4, -5],
			"to": [19.5, 5, -2],
			"rotation": {"angle": 0, "axis": "y", "origin": [27, 12, 5]},
			"faces": {
				"north": {"uv": [12.25, 5.125, 12.375, 5.25], "texture": "#0"},
				"east": {"uv": [11.625, 1, 12, 1.125], "texture": "#0"},
				"south": {"uv": [12.25, 5.25, 12.375, 5.375], "texture": "#0"},
				"west": {"uv": [11.625, 1.5, 12, 1.625], "texture": "#0"},
				"up": {"uv": [11.125, 12, 11, 11.625], "texture": "#0"},
				"down": {"uv": [11.75, 1.625, 11.625, 2], "texture": "#0"}
			}
		},
		{
			"from": [-3.5, 1, -1],
			"to": [-3, 4, 0],
			"rotation": {"angle": 0, "axis": "y", "origin": [-3.5, 2.5, -0.5]},
			"faces": {
				"north": {"uv": [11.625, 4.375, 11.75, 4.75], "texture": "#0"},
				"east": {"uv": [11.625, 4.75, 11.75, 5.125], "texture": "#0"},
				"south": {"uv": [11.625, 6.25, 11.75, 6.625], "texture": "#0"},
				"west": {"uv": [11.625, 7, 11.75, 7.375], "texture": "#0"},
				"up": {"uv": [12.375, 5.5, 12.25, 5.375], "texture": "#0"},
				"down": {"uv": [12.375, 5.5, 12.25, 5.625], "texture": "#0"}
			}
		},
		{
			"from": [19, 1, -2],
			"to": [19.5, 4, -1],
			"rotation": {"angle": 0, "axis": "y", "origin": [19.5, 2.5, -1.5]},
			"faces": {
				"north": {"uv": [11.625, 8.625, 11.75, 9], "texture": "#0"},
				"east": {"uv": [11.625, 9, 11.75, 9.375], "texture": "#0"},
				"south": {"uv": [11.625, 10.25, 11.75, 10.625], "texture": "#0"},
				"west": {"uv": [11.625, 10.75, 11.75, 11.125], "texture": "#0"},
				"up": {"uv": [12.375, 5.75, 12.25, 5.625], "texture": "#0"},
				"down": {"uv": [12.375, 5.75, 12.25, 5.875], "texture": "#0"}
			}
		},
		{
			"from": [-3.5, 1, -5],
			"to": [-3, 4, -4],
			"rotation": {"angle": 0, "axis": "y", "origin": [-3.5, 2.5, -4.5]},
			"faces": {
				"north": {"uv": [0, 11.75, 0.125, 12.125], "texture": "#0"},
				"east": {"uv": [0.125, 11.75, 0.25, 12.125], "texture": "#0"},
				"south": {"uv": [0.25, 11.75, 0.375, 12.125], "texture": "#0"},
				"west": {"uv": [0.375, 11.75, 0.5, 12.125], "texture": "#0"},
				"up": {"uv": [12.375, 6, 12.25, 5.875], "texture": "#0"},
				"down": {"uv": [12.375, 6, 12.25, 6.125], "texture": "#0"}
			}
		},
		{
			"from": [19, 1, -6],
			"to": [19.5, 4, -5],
			"rotation": {"angle": 0, "axis": "y", "origin": [19.5, 2.5, -5.5]},
			"faces": {
				"north": {"uv": [0.625, 11.75, 0.75, 12.125], "texture": "#0"},
				"east": {"uv": [0.75, 11.75, 0.875, 12.125], "texture": "#0"},
				"south": {"uv": [1.125, 11.75, 1.25, 12.125], "texture": "#0"},
				"west": {"uv": [1.25, 11.75, 1.375, 12.125], "texture": "#0"},
				"up": {"uv": [12.375, 6.25, 12.25, 6.125], "texture": "#0"},
				"down": {"uv": [12.375, 6.25, 12.25, 6.375], "texture": "#0"}
			}
		},
		{
			"from": [-3.5, 3.20711, -4.08579],
			"to": [-3, 4.70711, -3.08579],
			"rotation": {"angle": 45, "axis": "x", "origin": [-3.5, 4.70711, -3.58579]},
			"faces": {
				"north": {"uv": [11.75, 8.375, 11.875, 8.625], "texture": "#0"},
				"east": {"uv": [11.75, 8.625, 11.875, 8.875], "texture": "#0"},
				"south": {"uv": [11.75, 8.875, 11.875, 9.125], "texture": "#0"},
				"west": {"uv": [11.75, 9.125, 11.875, 9.375], "texture": "#0"},
				"up": {"uv": [12.375, 6.5, 12.25, 6.375], "texture": "#0"},
				"down": {"uv": [12.375, 6.5, 12.25, 6.625], "texture": "#0"}
			}
		},
		{
			"from": [19, 3.20711, -5.08579],
			"to": [19.5, 4.70711, -4.08579],
			"rotation": {"angle": 45, "axis": "x", "origin": [19.5, 4.70711, -4.58579]},
			"faces": {
				"north": {"uv": [11.75, 9.625, 11.875, 9.875], "texture": "#0"},
				"east": {"uv": [11.75, 9.875, 11.875, 10.125], "texture": "#0"},
				"south": {"uv": [11.75, 10.25, 11.875, 10.5], "texture": "#0"},
				"west": {"uv": [11.75, 10.75, 11.875, 11], "texture": "#0"},
				"up": {"uv": [12.375, 6.75, 12.25, 6.625], "texture": "#0"},
				"down": {"uv": [12.375, 6.75, 12.25, 6.875], "texture": "#0"}
			}
		},
		{
			"from": [-3.5, -0.08579, -0.79289],
			"to": [-3, 1.41421, 0.20711],
			"rotation": {"angle": 45, "axis": "x", "origin": [-3.5, 1.41421, -0.29289]},
			"faces": {
				"north": {"uv": [0.875, 11.875, 1, 12.125], "texture": "#0"},
				"east": {"uv": [1, 11.875, 1.125, 12.125], "texture": "#0"},
				"south": {"uv": [2.625, 11.875, 2.75, 12.125], "texture": "#0"},
				"west": {"uv": [3.125, 11.875, 3.25, 12.125], "texture": "#0"},
				"up": {"uv": [12.375, 7, 12.25, 6.875], "texture": "#0"},
				"down": {"uv": [12.375, 7, 12.25, 7.125], "texture": "#0"}
			}
		},
		{
			"from": [19, -0.08579, -1.79289],
			"to": [19.5, 1.41421, -0.79289],
			"rotation": {"angle": 45, "axis": "x", "origin": [19.5, 1.41421, -1.29289]},
			"faces": {
				"north": {"uv": [3.25, 11.875, 3.375, 12.125], "texture": "#0"},
				"east": {"uv": [3.875, 11.875, 4, 12.125], "texture": "#0"},
				"south": {"uv": [4, 11.875, 4.125, 12.125], "texture": "#0"},
				"west": {"uv": [4.125, 11.875, 4.25, 12.125], "texture": "#0"},
				"up": {"uv": [12.375, 7.25, 12.25, 7.125], "texture": "#0"},
				"down": {"uv": [12.375, 7.25, 12.25, 7.375], "texture": "#0"}
			}
		},
		{
			"from": [-3.5, 3.5, -1.70711],
			"to": [-3, 4.5, -0.20711],
			"rotation": {"angle": 45, "axis": "x", "origin": [-3.5, 4, -0.70711]},
			"faces": {
				"north": {"uv": [12.25, 7.375, 12.375, 7.5], "texture": "#0"},
				"east": {"uv": [11.75, 5, 12, 5.125], "texture": "#0"},
				"south": {"uv": [12.25, 7.5, 12.375, 7.625], "texture": "#0"},
				"west": {"uv": [11.75, 6.5, 12, 6.625], "texture": "#0"},
				"up": {"uv": [4.375, 12.125, 4.25, 11.875], "texture": "#0"},
				"down": {"uv": [4.5, 11.875, 4.375, 12.125], "texture": "#0"}
			}
		},
		{
			"from": [19, 3.5, -2.70711],
			"to": [19.5, 4.5, -1.20711],
			"rotation": {"angle": 45, "axis": "x", "origin": [19.5, 4, -1.70711]},
			"faces": {
				"north": {"uv": [12.25, 7.625, 12.375, 7.75], "texture": "#0"},
				"east": {"uv": [11.75, 10.5, 12, 10.625], "texture": "#0"},
				"south": {"uv": [12.25, 7.75, 12.375, 7.875], "texture": "#0"},
				"west": {"uv": [11.75, 11, 12, 11.125], "texture": "#0"},
				"up": {"uv": [4.625, 12.125, 4.5, 11.875], "texture": "#0"},
				"down": {"uv": [4.75, 11.875, 4.625, 12.125], "texture": "#0"}
			}
		},
		{
			"from": [-3.5, 0.20711, -5],
			"to": [-3, 1.20711, -3.5],
			"rotation": {"angle": 45, "axis": "x", "origin": [-3.5, 0.70711, -4]},
			"faces": {
				"north": {"uv": [12.25, 7.875, 12.375, 8], "texture": "#0"},
				"east": {"uv": [11.75, 11.25, 12, 11.375], "texture": "#0"},
				"south": {"uv": [12.25, 8, 12.375, 8.125], "texture": "#0"},
				"west": {"uv": [5.5, 11.875, 5.75, 12], "texture": "#0"},
				"up": {"uv": [5.875, 12.125, 5.75, 11.875], "texture": "#0"},
				"down": {"uv": [6, 11.875, 5.875, 12.125], "texture": "#0"}
			}
		},
		{
			"from": [19, 0.20711, -6],
			"to": [19.5, 1.20711, -4.5],
			"rotation": {"angle": 45, "axis": "x", "origin": [19.5, 0.70711, -5]},
			"faces": {
				"north": {"uv": [12.25, 8.125, 12.375, 8.25], "texture": "#0"},
				"east": {"uv": [6.125, 11.875, 6.375, 12], "texture": "#0"},
				"south": {"uv": [12.25, 8.25, 12.375, 8.375], "texture": "#0"},
				"west": {"uv": [7, 11.875, 7.25, 12], "texture": "#0"},
				"up": {"uv": [7.375, 12.125, 7.25, 11.875], "texture": "#0"},
				"down": {"uv": [7.5, 11.875, 7.375, 12.125], "texture": "#0"}
			}
		},
		{
			"from": [-1, 11, 14],
			"to": [0, 15, 16],
			"rotation": {"angle": 0, "axis": "y", "origin": [7, 19, 23]},
			"faces": {
				"north": {"uv": [5.25, 11.5, 5.375, 12], "texture": "#0"},
				"east": {"uv": [5, 7.375, 5.25, 7.875], "texture": "#0"},
				"south": {"uv": [5.375, 11.5, 5.5, 12], "texture": "#0"},
				"west": {"uv": [10.5, 2.375, 10.75, 2.875], "texture": "#0"},
				"up": {"uv": [8.75, 12.125, 8.625, 11.875], "texture": "#0"},
				"down": {"uv": [11.25, 11.875, 11.125, 12.125], "texture": "#0"}
			}
		},
		{
			"from": [6, 11, 14],
			"to": [7, 15, 16],
			"rotation": {"angle": 0, "axis": "y", "origin": [14, 19, 23]},
			"faces": {
				"north": {"uv": [6.875, 11.5, 7, 12], "texture": "#0"},
				"east": {"uv": [10.5, 2.875, 10.75, 3.375], "texture": "#0"},
				"south": {"uv": [8.125, 11.5, 8.25, 12], "texture": "#0"},
				"west": {"uv": [10.5, 3.375, 10.75, 3.875], "texture": "#0"},
				"up": {"uv": [11.375, 12.125, 11.25, 11.875], "texture": "#0"},
				"down": {"uv": [12, 11.875, 11.875, 12.125], "texture": "#0"}
			}
		},
		{
			"from": [9, 11, 14],
			"to": [10, 15, 16],
			"rotation": {"angle": 0, "axis": "y", "origin": [17, 19, 23]},
			"faces": {
				"north": {"uv": [9.375, 11.5, 9.5, 12], "texture": "#0"},
				"east": {"uv": [10.5, 3.875, 10.75, 4.375], "texture": "#0"},
				"south": {"uv": [11.375, 11.5, 11.5, 12], "texture": "#0"},
				"west": {"uv": [10.5, 7.75, 10.75, 8.25], "texture": "#0"},
				"up": {"uv": [12, 0.625, 11.875, 0.375], "texture": "#0"},
				"down": {"uv": [12, 1.125, 11.875, 1.375], "texture": "#0"}
			}
		},
		{
			"from": [9.20711, 14.5, 14],
			"to": [10.20711, 15.5, 16],
			"rotation": {"angle": -45, "axis": "z", "origin": [9.70711, 15, 15]},
			"faces": {
				"north": {"uv": [12.25, 8.375, 12.375, 8.5], "texture": "#0"},
				"east": {"uv": [11.875, 0.625, 12.125, 0.75], "texture": "#0"},
				"south": {"uv": [12.25, 8.5, 12.375, 8.625], "texture": "#0"},
				"west": {"uv": [11.875, 1.625, 12.125, 1.75], "texture": "#0"},
				"up": {"uv": [12, 2.375, 11.875, 2.125], "texture": "#0"},
				"down": {"uv": [12, 2.625, 11.875, 2.875], "texture": "#0"}
			}
		},
		{
			"from": [-0.79289, 14.5, 14],
			"to": [0.20711, 15.5, 16],
			"rotation": {"angle": -45, "axis": "z", "origin": [-0.29289, 15, 15]},
			"faces": {
				"north": {"uv": [12.25, 8.625, 12.375, 8.75], "texture": "#0"},
				"east": {"uv": [11.875, 1.75, 12.125, 1.875], "texture": "#0"},
				"south": {"uv": [12.25, 8.75, 12.375, 8.875], "texture": "#0"},
				"west": {"uv": [11.875, 2.875, 12.125, 3], "texture": "#0"},
				"up": {"uv": [12, 3.25, 11.875, 3], "texture": "#0"},
				"down": {"uv": [12, 3.25, 11.875, 3.5], "texture": "#0"}
			}
		},
		{
			"from": [9.86039, 14.93651, 14],
			"to": [10.86039, 15.93651, 16],
			"rotation": {"angle": 22.5, "axis": "z", "origin": [10.36039, 15.43651, 15]},
			"faces": {
				"north": {"uv": [12.25, 8.875, 12.375, 9], "texture": "#0"},
				"east": {"uv": [11.875, 3.5, 12.125, 3.625], "texture": "#0"},
				"south": {"uv": [12.25, 9, 12.375, 9.125], "texture": "#0"},
				"west": {"uv": [11.875, 3.625, 12.125, 3.75], "texture": "#0"},
				"up": {"uv": [12, 4, 11.875, 3.75], "texture": "#0"},
				"down": {"uv": [12, 4.25, 11.875, 4.5], "texture": "#0"}
			}
		},
		{
			"from": [-0.13961, 14.93651, 14],
			"to": [0.86039, 15.93651, 16],
			"rotation": {"angle": 22.5, "axis": "z", "origin": [0.36039, 15.43651, 15]},
			"faces": {
				"north": {"uv": [12.25, 9.125, 12.375, 9.25], "texture": "#0"},
				"east": {"uv": [11.875, 4, 12.125, 4.125], "texture": "#0"},
				"south": {"uv": [12.25, 9.25, 12.375, 9.375], "texture": "#0"},
				"west": {"uv": [11.875, 4.5, 12.125, 4.625], "texture": "#0"},
				"up": {"uv": [12, 4.875, 11.875, 4.625], "texture": "#0"},
				"down": {"uv": [12, 5.25, 11.875, 5.5], "texture": "#0"}
			}
		},
		{
			"from": [0.63099, 15.08979, 14],
			"to": [5.38099, 16.08979, 16],
			"rotation": {"angle": 0, "axis": "y", "origin": [1.13099, 15.58979, 15]},
			"faces": {
				"north": {"uv": [11, 6.5, 11.625, 6.625], "texture": "#0"},
				"east": {"uv": [11.875, 4.875, 12.125, 5], "texture": "#0"},
				"south": {"uv": [11, 8, 11.625, 8.125], "texture": "#0"},
				"west": {"uv": [11.875, 5.75, 12.125, 5.875], "texture": "#0"},
				"up": {"uv": [8.125, 10.625, 7.5, 10.375], "texture": "#0"},
				"down": {"uv": [9.375, 10.375, 8.75, 10.625], "texture": "#0"}
			}
		},
		{
			"from": [10.63099, 15.08979, 14],
			"to": [15.38099, 16.08979, 16],
			"rotation": {"angle": 0, "axis": "y", "origin": [11.13099, 15.58979, 15]},
			"faces": {
				"north": {"uv": [11.125, 6.125, 11.75, 6.25], "texture": "#0"},
				"east": {"uv": [11.875, 5.875, 12.125, 6], "texture": "#0"},
				"south": {"uv": [11.125, 6.875, 11.75, 7], "texture": "#0"},
				"west": {"uv": [11.875, 6, 12.125, 6.125], "texture": "#0"},
				"up": {"uv": [2.5, 10.75, 1.875, 10.5], "texture": "#0"},
				"down": {"uv": [3.125, 10.5, 2.5, 10.75], "texture": "#0"}
			}
		},
		{
			"from": [9.88099, 13.58979, 14],
			"to": [16.13099, 14.08979, 16],
			"rotation": {"angle": 0, "axis": "y", "origin": [11.13099, 14.08979, 15]},
			"faces": {
				"north": {"uv": [10.75, 0.375, 11.5, 0.5], "texture": "#0"},
				"east": {"uv": [11.875, 6.125, 12.125, 6.25], "texture": "#0"},
				"south": {"uv": [10.75, 1.25, 11.5, 1.375], "texture": "#0"},
				"west": {"uv": [11.875, 6.25, 12.125, 6.375], "texture": "#0"},
				"up": {"uv": [6, 10.375, 5.25, 10.125], "texture": "#0"},
				"down": {"uv": [8.25, 10.125, 7.5, 10.375], "texture": "#0"}
			}
		},
		{
			"from": [-0.11901, 13.58979, 14],
			"to": [6.13099, 14.08979, 16],
			"rotation": {"angle": 0, "axis": "y", "origin": [1.13099, 14.08979, 15]},
			"faces": {
				"north": {"uv": [10.75, 1.375, 11.5, 1.5], "texture": "#0"},
				"east": {"uv": [11.875, 6.375, 12.125, 6.5], "texture": "#0"},
				"south": {"uv": [10.75, 4.125, 11.5, 4.25], "texture": "#0"},
				"west": {"uv": [11.875, 6.625, 12.125, 6.75], "texture": "#0"},
				"up": {"uv": [9.5, 10.375, 8.75, 10.125], "texture": "#0"},
				"down": {"uv": [10.875, 8.625, 10.125, 8.875], "texture": "#0"}
			}
		},
		{
			"from": [9.88099, 12.08979, 14],
			"to": [16.13099, 12.58979, 16],
			"rotation": {"angle": 0, "axis": "y", "origin": [11.13099, 12.58979, 15]},
			"faces": {
				"north": {"uv": [10.75, 4.25, 11.5, 4.375], "texture": "#0"},
				"east": {"uv": [11.875, 6.875, 12.125, 7], "texture": "#0"},
				"south": {"uv": [10.75, 4.625, 11.5, 4.75], "texture": "#0"},
				"west": {"uv": [11.875, 7, 12.125, 7.125], "texture": "#0"},
				"up": {"uv": [10.875, 9.125, 10.125, 8.875], "texture": "#0"},
				"down": {"uv": [2.625, 10.25, 1.875, 10.5], "texture": "#0"}
			}
		},
		{
			"from": [-0.11901, 12.08979, 14],
			"to": [6.13099, 12.58979, 16],
			"rotation": {"angle": 0, "axis": "y", "origin": [1.13099, 12.58979, 15]},
			"faces": {
				"north": {"uv": [10.75, 4.75, 11.5, 4.875], "texture": "#0"},
				"east": {"uv": [11.875, 7.125, 12.125, 7.25], "texture": "#0"},
				"south": {"uv": [10.75, 6.625, 11.5, 6.75], "texture": "#0"},
				"west": {"uv": [11.875, 7.25, 12.125, 7.375], "texture": "#0"},
				"up": {"uv": [3.375, 10.5, 2.625, 10.25], "texture": "#0"},
				"down": {"uv": [10.25, 10.25, 9.5, 10.5], "texture": "#0"}
			}
		},
		{
			"from": [16, 11, 14],
			"to": [17, 15, 16],
			"rotation": {"angle": 0, "axis": "y", "origin": [24, 19, 23]},
			"faces": {
				"north": {"uv": [11.5, 11.5, 11.625, 12], "texture": "#0"},
				"east": {"uv": [0.875, 10.625, 1.125, 11.125], "texture": "#0"},
				"south": {"uv": [11.5, 1.625, 11.625, 2.125], "texture": "#0"},
				"west": {"uv": [5.25, 10.625, 5.5, 11.125], "texture": "#0"},
				"up": {"uv": [12, 7.75, 11.875, 7.5], "texture": "#0"},
				"down": {"uv": [12, 7.75, 11.875, 8], "texture": "#0"}
			}
		},
		{
			"from": [15.79289, 14.5, 14],
			"to": [16.79289, 15.5, 16],
			"rotation": {"angle": 45, "axis": "z", "origin": [16.29289, 15, 15]},
			"faces": {
				"north": {"uv": [12.25, 9.375, 12.375, 9.5], "texture": "#0"},
				"east": {"uv": [11.875, 8.125, 12.125, 8.25], "texture": "#0"},
				"south": {"uv": [12.25, 9.5, 12.375, 9.625], "texture": "#0"},
				"west": {"uv": [11.875, 8.25, 12.125, 8.375], "texture": "#0"},
				"up": {"uv": [12, 8.625, 11.875, 8.375], "texture": "#0"},
				"down": {"uv": [12, 8.625, 11.875, 8.875], "texture": "#0"}
			}
		},
		{
			"from": [5.79289, 14.5, 14],
			"to": [6.79289, 15.5, 16],
			"rotation": {"angle": 45, "axis": "z", "origin": [6.29289, 15, 15]},
			"faces": {
				"north": {"uv": [12.25, 9.625, 12.375, 9.75], "texture": "#0"},
				"east": {"uv": [11.875, 8.875, 12.125, 9], "texture": "#0"},
				"south": {"uv": [12.25, 9.75, 12.375, 9.875], "texture": "#0"},
				"west": {"uv": [11.875, 9, 12.125, 9.125], "texture": "#0"},
				"up": {"uv": [12, 9.375, 11.875, 9.125], "texture": "#0"},
				"down": {"uv": [12, 9.625, 11.875, 9.875], "texture": "#0"}
			}
		},
		{
			"from": [15.13961, 14.93651, 14],
			"to": [16.13961, 15.93651, 16],
			"rotation": {"angle": -22.5, "axis": "z", "origin": [15.63961, 15.43651, 15]},
			"faces": {
				"north": {"uv": [12.25, 9.875, 12.375, 10], "texture": "#0"},
				"east": {"uv": [11.875, 9.875, 12.125, 10], "texture": "#0"},
				"south": {"uv": [12.25, 10, 12.375, 10.125], "texture": "#0"},
				"west": {"uv": [11.875, 10, 12.125, 10.125], "texture": "#0"},
				"up": {"uv": [12, 10.375, 11.875, 10.125], "texture": "#0"},
				"down": {"uv": [12, 10.625, 11.875, 10.875], "texture": "#0"}
			}
		},
		{
			"from": [5.13961, 14.93651, 14],
			"to": [6.13961, 15.93651, 16],
			"rotation": {"angle": -22.5, "axis": "z", "origin": [5.63961, 15.43651, 15]},
			"faces": {
				"north": {"uv": [12.25, 10.125, 12.375, 10.25], "texture": "#0"},
				"east": {"uv": [11.875, 10.375, 12.125, 10.5], "texture": "#0"},
				"south": {"uv": [12.25, 10.25, 12.375, 10.375], "texture": "#0"},
				"west": {"uv": [11.875, 10.875, 12.125, 11], "texture": "#0"},
				"up": {"uv": [0.625, 12.25, 0.5, 12], "texture": "#0"},
				"down": {"uv": [1.5, 12, 1.375, 12.25], "texture": "#0"}
			}
		},
		{
			"from": [-2, 11, 1],
			"to": [-1, 12, 3],
			"rotation": {"angle": 0, "axis": "y", "origin": [6, 19, 9]},
			"faces": {
				"north": {"uv": [12.25, 10.375, 12.375, 10.5], "texture": "#0"},
				"east": {"uv": [11.875, 11.125, 12.125, 11.25], "texture": "#0"},
				"south": {"uv": [12.25, 10.5, 12.375, 10.625], "texture": "#0"},
				"west": {"uv": [11.875, 11.75, 12.125, 11.875], "texture": "#0"},
				"up": {"uv": [1.625, 12.25, 1.5, 12], "texture": "#0"},
				"down": {"uv": [1.75, 12, 1.625, 12.25], "texture": "#0"}
			}
		},
		{
			"from": [-1.84672, 11.7706, 1],
			"to": [-0.84672, 12.7706, 3],
			"rotation": {"angle": -22.5, "axis": "z", "origin": [-1.34672, 12.2706, 2]},
			"faces": {
				"north": {"uv": [12.25, 10.625, 12.375, 10.75], "texture": "#0"},
				"east": {"uv": [2.25, 12, 2.5, 12.125], "texture": "#0"},
				"south": {"uv": [12.25, 10.75, 12.375, 10.875], "texture": "#0"},
				"west": {"uv": [3.625, 12, 3.875, 12.125], "texture": "#0"},
				"up": {"uv": [1.875, 12.25, 1.75, 12], "texture": "#0"},
				"down": {"uv": [2.625, 12, 2.5, 12.25], "texture": "#0"}
			}
		},
		{
			"from": [-1.41021, 12.42388, 1],
			"to": [-0.41021, 13.42388, 3],
			"rotation": {"angle": -45, "axis": "z", "origin": [-0.91021, 12.92388, 2]},
			"faces": {
				"north": {"uv": [12.25, 10.875, 12.375, 11], "texture": "#0"},
				"east": {"uv": [4.75, 12, 5, 12.125], "texture": "#0"},
				"south": {"uv": [12.25, 11, 12.375, 11.125], "texture": "#0"},
				"west": {"uv": [5, 12, 5.25, 12.125], "texture": "#0"},
				"up": {"uv": [5.375, 12.25, 5.25, 12], "texture": "#0"},
				"down": {"uv": [5.5, 12, 5.375, 12.25], "texture": "#0"}
			}
		},
		{
			"from": [-0.91021, 12.63099, 1],
			"to": [16.83979, 13.63099, 3],
			"rotation": {"angle": 0, "axis": "y", "origin": [-0.41021, 13.13099, 2]},
			"faces": {
				"north": {"uv": [2.5, 2.375, 4.75, 2.5], "texture": "#0"},
				"east": {"uv": [5.5, 12, 5.75, 12.125], "texture": "#0"},
				"south": {"uv": [5, 4.875, 7.25, 5], "texture": "#0"},
				"west": {"uv": [6, 12, 6.25, 12.125], "texture": "#0"},
				"up": {"uv": [11, 5.75, 8.75, 5.5], "texture": "#0"},
				"down": {"uv": [11.125, 0.625, 8.875, 0.875], "texture": "#0"}
			}
		},
		{
			"from": [17, 11, 1],
			"to": [18, 12, 3],
			"rotation": {"angle": 0, "axis": "y", "origin": [25, 19, 9]},
			"faces": {
				"north": {"uv": [12.25, 11.125, 12.375, 11.25], "texture": "#0"},
				"east": {"uv": [6.25, 12, 6.5, 12.125], "texture": "#0"},
				"south": {"uv": [12.25, 11.25, 12.375, 11.375], "texture": "#0"},
				"west": {"uv": [6.5, 12, 6.75, 12.125], "texture": "#0"},
				"up": {"uv": [6.875, 12.25, 6.75, 12], "texture": "#0"},
				"down": {"uv": [7, 12, 6.875, 12.25], "texture": "#0"}
			}
		},
		{
			"from": [16.84672, 11.7706, 1],
			"to": [17.84672, 12.7706, 3],
			"rotation": {"angle": 22.5, "axis": "z", "origin": [17.34672, 12.2706, 2]},
			"faces": {
				"north": {"uv": [12.25, 11.375, 12.375, 11.5], "texture": "#0"},
				"east": {"uv": [7, 12, 7.25, 12.125], "texture": "#0"},
				"south": {"uv": [12.25, 11.5, 12.375, 11.625], "texture": "#0"},
				"west": {"uv": [7.5, 12, 7.75, 12.125], "texture": "#0"},
				"up": {"uv": [7.875, 12.25, 7.75, 12], "texture": "#0"},
				"down": {"uv": [8, 12, 7.875, 12.25], "texture": "#0"}
			}
		},
		{
			"from": [16.41021, 12.42388, 1],
			"to": [17.41021, 13.42388, 3],
			"rotation": {"angle": 45, "axis": "z", "origin": [16.91021, 12.92388, 2]},
			"faces": {
				"north": {"uv": [12.25, 11.625, 12.375, 11.75], "texture": "#0"},
				"east": {"uv": [8, 12, 8.25, 12.125], "texture": "#0"},
				"south": {"uv": [12.25, 11.75, 12.375, 11.875], "texture": "#0"},
				"west": {"uv": [8.25, 12, 8.5, 12.125], "texture": "#0"},
				"up": {"uv": [8.625, 12.25, 8.5, 12], "texture": "#0"},
				"down": {"uv": [8.875, 12, 8.75, 12.25], "texture": "#0"}
			}
		},
		{
			"from": [-1, 2, 3],
			"to": [0, 10, 4],
			"rotation": {"angle": 22.5, "axis": "x", "origin": [-0.5, 2.5, 3.5]},
			"faces": {
				"north": {"uv": [5.5, 10.625, 5.625, 11.625], "texture": "#0"},
				"east": {"uv": [5.625, 10.625, 5.75, 11.625], "texture": "#0"},
				"south": {"uv": [5.75, 10.625, 5.875, 11.625], "texture": "#0"},
				"west": {"uv": [5.875, 10.625, 6, 11.625], "texture": "#0"},
				"up": {"uv": [12.375, 12, 12.25, 11.875], "texture": "#0"},
				"down": {"uv": [12.375, 12, 12.25, 12.125], "texture": "#0"}
			}
		},
		{
			"from": [6, 2, 3],
			"to": [7, 10, 4],
			"rotation": {"angle": 22.5, "axis": "x", "origin": [6.5, 2.5, 3.5]},
			"faces": {
				"north": {"uv": [7.5, 10.625, 7.625, 11.625], "texture": "#0"},
				"east": {"uv": [7.625, 10.625, 7.75, 11.625], "texture": "#0"},
				"south": {"uv": [7.75, 10.625, 7.875, 11.625], "texture": "#0"},
				"west": {"uv": [7.875, 10.625, 8, 11.625], "texture": "#0"},
				"up": {"uv": [12.375, 12.25, 12.25, 12.125], "texture": "#0"},
				"down": {"uv": [0.125, 12.375, 0, 12.5], "texture": "#0"}
			}
		},
		{
			"from": [9, 2, 3],
			"to": [10, 10, 4],
			"rotation": {"angle": 22.5, "axis": "x", "origin": [9.5, 2.5, 3.5]},
			"faces": {
				"north": {"uv": [8, 10.625, 8.125, 11.625], "texture": "#0"},
				"east": {"uv": [8.75, 10.625, 8.875, 11.625], "texture": "#0"},
				"south": {"uv": [8.875, 10.625, 9, 11.625], "texture": "#0"},
				"west": {"uv": [9, 10.625, 9.125, 11.625], "texture": "#0"},
				"up": {"uv": [0.25, 12.5, 0.125, 12.375], "texture": "#0"},
				"down": {"uv": [0.375, 12.375, 0.25, 12.5], "texture": "#0"}
			}
		},
		{
			"from": [16, 2, 3],
			"to": [17, 10, 4],
			"rotation": {"angle": 22.5, "axis": "x", "origin": [16.5, 2.5, 3.5]},
			"faces": {
				"north": {"uv": [9.125, 10.625, 9.25, 11.625], "texture": "#0"},
				"east": {"uv": [9.25, 10.625, 9.375, 11.625], "texture": "#0"},
				"south": {"uv": [10.625, 10.625, 10.75, 11.625], "texture": "#0"},
				"west": {"uv": [0.625, 10.75, 0.75, 11.75], "texture": "#0"},
				"up": {"uv": [0.5, 12.5, 0.375, 12.375], "texture": "#0"},
				"down": {"uv": [0.625, 12.375, 0.5, 12.5], "texture": "#0"}
			}
		},
		{
			"from": [10, 9, 3],
			"to": [16, 10, 4],
			"rotation": {"angle": 22.5, "axis": "x", "origin": [15.5, 2.5, 3.5]},
			"faces": {
				"north": {"uv": [10.75, 8.125, 11.5, 8.25], "texture": "#0"},
				"east": {"uv": [0.625, 12.375, 0.75, 12.5], "texture": "#0"},
				"south": {"uv": [10.75, 9.625, 11.5, 9.75], "texture": "#0"},
				"west": {"uv": [0.75, 12.375, 0.875, 12.5], "texture": "#0"},
				"up": {"uv": [11.5, 9.875, 10.75, 9.75], "texture": "#0"},
				"down": {"uv": [11.5, 9.875, 10.75, 10], "texture": "#0"}
			}
		},
		{
			"from": [0, 9, 3],
			"to": [6, 10, 4],
			"rotation": {"angle": 22.5, "axis": "x", "origin": [5.5, 2.5, 3.5]},
			"faces": {
				"north": {"uv": [10.75, 10.625, 11.5, 10.75], "texture": "#0"},
				"east": {"uv": [0.875, 12.375, 1, 12.5], "texture": "#0"},
				"south": {"uv": [9.875, 10.875, 10.625, 11], "texture": "#0"},
				"west": {"uv": [1, 12.375, 1.125, 12.5], "texture": "#0"},
				"up": {"uv": [11.625, 11, 10.875, 10.875], "texture": "#0"},
				"down": {"uv": [11.625, 0.875, 10.875, 1], "texture": "#0"}
			}
		},
		{
			"from": [19, 0, 2],
			"to": [20, 1, 10],
			"rotation": {"angle": 0, "axis": "y", "origin": [27, 8, 12]},
			"faces": {
				"north": {"uv": [1.125, 12.375, 1.25, 12.5], "texture": "#0"},
				"east": {"uv": [10.125, 6.875, 11.125, 7], "texture": "#0"},
				"south": {"uv": [1.25, 12.375, 1.375, 12.5], "texture": "#0"},
				"west": {"uv": [10.5, 4.375, 11.5, 4.5], "texture": "#0"},
				"up": {"uv": [0.875, 11.75, 0.75, 10.75], "texture": "#0"},
				"down": {"uv": [2, 10.75, 1.875, 11.75], "texture": "#0"}
			}
		},
		{
			"from": [-4, 0, 2],
			"to": [-3, 1, 10],
			"rotation": {"angle": 0, "axis": "y", "origin": [4, 8, 12]},
			"faces": {
				"north": {"uv": [1.375, 12.375, 1.5, 12.5], "texture": "#0"},
				"east": {"uv": [10.5, 4.5, 11.5, 4.625], "texture": "#0"},
				"south": {"uv": [1.5, 12.375, 1.625, 12.5], "texture": "#0"},
				"west": {"uv": [10.5, 10, 11.5, 10.125], "texture": "#0"},
				"up": {"uv": [2.125, 11.75, 2, 10.75], "texture": "#0"},
				"down": {"uv": [2.25, 10.75, 2.125, 11.75], "texture": "#0"}
			}
		},
		{
			"from": [-3, 11, 8],
			"to": [-1, 11.25, 14],
			"rotation": {"angle": 0, "axis": "y", "origin": [5, 19, 17]},
			"faces": {
				"north": {"uv": [8.875, 12, 9.125, 12.125], "texture": "#0"},
				"east": {"uv": [10.875, 1, 11.625, 1.125], "texture": "#0"},
				"south": {"uv": [9.125, 12, 9.375, 12.125], "texture": "#0"},
				"west": {"uv": [10.875, 1.5, 11.625, 1.625], "texture": "#0"},
				"up": {"uv": [6.25, 10.875, 6, 10.125], "texture": "#0"},
				"down": {"uv": [6.5, 10.125, 6.25, 10.875], "texture": "#0"}
			}
		},
		{
			"from": [17, 11, 8],
			"to": [19, 11.25, 14],
			"rotation": {"angle": 0, "axis": "y", "origin": [25, 19, 17]},
			"faces": {
				"north": {"uv": [9.375, 12, 9.625, 12.125], "texture": "#0"},
				"east": {"uv": [10.875, 2.375, 11.625, 2.5], "texture": "#0"},
				"south": {"uv": [9.625, 12, 9.875, 12.125], "texture": "#0"},
				"west": {"uv": [10.875, 2.5, 11.625, 2.625], "texture": "#0"},
				"up": {"uv": [8.5, 10.875, 8.25, 10.125], "texture": "#0"},
				"down": {"uv": [0.25, 10.25, 0, 11], "texture": "#0"}
			}
		},
		{
			"from": [-3.25, 2, -13],
			"to": [-1.25, 4, -6],
			"rotation": {"angle": 0, "axis": "y", "origin": [4.75, 10, -5]},
			"faces": {
				"north": {"uv": [11.375, 6.25, 11.625, 6.5], "texture": "#0"},
				"east": {"uv": [7.75, 9.875, 8.625, 10.125], "texture": "#0"},
				"south": {"uv": [11.375, 10.25, 11.625, 10.5], "texture": "#0"},
				"west": {"uv": [9.875, 4.625, 10.75, 4.875], "texture": "#0"},
				"up": {"uv": [0.875, 10.75, 0.625, 9.875], "texture": "#0"},
				"down": {"uv": [1.375, 10, 1.125, 10.875], "texture": "#0"}
			}
		},
		{
			"from": [17.25, 2, -13],
			"to": [19.25, 4, -7],
			"rotation": {"angle": 0, "axis": "y", "origin": [25.25, 10, -5]},
			"faces": {
				"north": {"uv": [11.5, 0.625, 11.75, 0.875], "texture": "#0"},
				"east": {"uv": [10.25, 10.25, 11, 10.5], "texture": "#0"},
				"south": {"uv": [11.5, 1.25, 11.75, 1.5], "texture": "#0"},
				"west": {"uv": [5.25, 10.375, 6, 10.625], "texture": "#0"},
				"up": {"uv": [0.5, 11, 0.25, 10.25], "texture": "#0"},
				"down": {"uv": [3.625, 10.25, 3.375, 11], "texture": "#0"}
			}
		},
		{
			"from": [-3.25, 2, -14],
			"to": [-1.25, 4, -13],
			"rotation": {"angle": 0, "axis": "y", "origin": [5.75, 11, -6]},
			"faces": {
				"north": {"uv": [11.5, 2.125, 11.75, 2.375], "texture": "#0"},
				"east": {"uv": [9.875, 12, 10, 12.25], "texture": "#0"},
				"south": {"uv": [11.5, 2.625, 11.75, 2.875], "texture": "#0"},
				"west": {"uv": [10, 12, 10.125, 12.25], "texture": "#0"},
				"up": {"uv": [10.375, 12.125, 10.125, 12], "texture": "#0"},
				"down": {"uv": [10.625, 12, 10.375, 12.125], "texture": "#0"}
			}
		},
		{
			"from": [17.25, 2, -14],
			"to": [19.25, 4, -13],
			"rotation": {"angle": 0, "axis": "y", "origin": [26.25, 11, -6]},
			"faces": {
				"north": {"uv": [11.5, 2.875, 11.75, 3.125], "texture": "#0"},
				"east": {"uv": [10.625, 12, 10.75, 12.25], "texture": "#0"},
				"south": {"uv": [11.5, 3.125, 11.75, 3.375], "texture": "#0"},
				"west": {"uv": [10.75, 12, 10.875, 12.25], "texture": "#0"},
				"up": {"uv": [11.125, 12.125, 10.875, 12], "texture": "#0"},
				"down": {"uv": [11.625, 12, 11.375, 12.125], "texture": "#0"}
			}
		},
		{
			"from": [-1.75, 3.79289, -14],
			"to": [-0.375, 4.79289, -13],
			"rotation": {"angle": -45, "axis": "z", "origin": [-1.25, 4.29289, -13.5]},
			"faces": {
				"north": {"uv": [1.625, 12.375, 1.75, 12.5], "texture": "#0"},
				"east": {"uv": [1.75, 12.375, 1.875, 12.5], "texture": "#0"},
				"south": {"uv": [1.875, 12.375, 2, 12.5], "texture": "#0"},
				"west": {"uv": [2, 12.375, 2.125, 12.5], "texture": "#0"},
				"up": {"uv": [2.25, 12.5, 2.125, 12.375], "texture": "#0"},
				"down": {"uv": [2.375, 12.375, 2.25, 12.5], "texture": "#0"}
			}
		},
		{
			"from": [18.75, 3.79289, -14],
			"to": [20.125, 4.79289, -13],
			"rotation": {"angle": -45, "axis": "z", "origin": [19.25, 4.29289, -13.5]},
			"faces": {
				"north": {"uv": [6.125, 12.375, 6.25, 12.5], "texture": "#0"},
				"east": {"uv": [6.25, 12.375, 6.375, 12.5], "texture": "#0"},
				"south": {"uv": [6.375, 12.375, 6.5, 12.5], "texture": "#0"},
				"west": {"uv": [6.5, 12.375, 6.625, 12.5], "texture": "#0"},
				"up": {"uv": [6.75, 12.5, 6.625, 12.375], "texture": "#0"},
				"down": {"uv": [6.875, 12.375, 6.75, 12.5], "texture": "#0"}
			}
		},
		{
			"from": [-3.25, 4, -14],
			"to": [-1.25, 5, -13],
			"rotation": {"angle": 0, "axis": "y", "origin": [5.75, 12, -6]},
			"faces": {
				"north": {"uv": [12, 2.125, 12.25, 2.25], "texture": "#0"},
				"east": {"uv": [3.875, 12.375, 4, 12.5], "texture": "#0"},
				"south": {"uv": [12, 2.25, 12.25, 2.375], "texture": "#0"},
				"west": {"uv": [4, 12.375, 4.125, 12.5], "texture": "#0"},
				"up": {"uv": [12.25, 2.5, 12, 2.375], "texture": "#0"},
				"down": {"uv": [12.25, 2.5, 12, 2.625], "texture": "#0"}
			}
		},
		{
			"from": [17.25, 4, -14],
			"to": [19.25, 5, -13],
			"rotation": {"angle": 0, "axis": "y", "origin": [26.25, 12, -6]},
			"faces": {
				"north": {"uv": [12, 4.125, 12.25, 4.25], "texture": "#0"},
				"east": {"uv": [5.375, 12.375, 5.5, 12.5], "texture": "#0"},
				"south": {"uv": [12, 4.25, 12.25, 4.375], "texture": "#0"},
				"west": {"uv": [5.5, 12.375, 5.625, 12.5], "texture": "#0"},
				"up": {"uv": [12.25, 4.5, 12, 4.375], "texture": "#0"},
				"down": {"uv": [12.25, 4.625, 12, 4.75], "texture": "#0"}
			}
		},
		{
			"from": [-3.25, 1, -14],
			"to": [-1.25, 2, -13],
			"rotation": {"angle": 0, "axis": "y", "origin": [5.75, 9, -6]},
			"faces": {
				"north": {"uv": [12, 0.5, 12.25, 0.625], "texture": "#0"},
				"east": {"uv": [3.625, 12.375, 3.75, 12.5], "texture": "#0"},
				"south": {"uv": [12, 1.5, 12.25, 1.625], "texture": "#0"},
				"west": {"uv": [3.75, 12.375, 3.875, 12.5], "texture": "#0"},
				"up": {"uv": [12.25, 2, 12, 1.875], "texture": "#0"},
				"down": {"uv": [12.25, 2, 12, 2.125], "texture": "#0"}
			}
		},
		{
			"from": [17.25, 1, -14],
			"to": [19.25, 2, -13],
			"rotation": {"angle": 0, "axis": "y", "origin": [26.25, 9, -6]},
			"faces": {
				"north": {"uv": [12, 3.25, 12.25, 3.375], "texture": "#0"},
				"east": {"uv": [5.125, 12.375, 5.25, 12.5], "texture": "#0"},
				"south": {"uv": [12, 3.375, 12.25, 3.5], "texture": "#0"},
				"west": {"uv": [5.25, 12.375, 5.375, 12.5], "texture": "#0"},
				"up": {"uv": [12.25, 3.875, 12, 3.75], "texture": "#0"},
				"down": {"uv": [12.25, 3.875, 12, 4], "texture": "#0"}
			}
		},
		{
			"from": [-1.75, 1.20711, -14],
			"to": [-0.75, 2.64461, -13],
			"rotation": {"angle": -45, "axis": "z", "origin": [-1.25, 1.70711, -13.5]},
			"faces": {
				"north": {"uv": [4.375, 12.375, 4.5, 12.5], "texture": "#0"},
				"east": {"uv": [4.5, 12.375, 4.625, 12.5], "texture": "#0"},
				"south": {"uv": [4.625, 12.375, 4.75, 12.5], "texture": "#0"},
				"west": {"uv": [4.75, 12.375, 4.875, 12.5], "texture": "#0"},
				"up": {"uv": [5, 12.5, 4.875, 12.375], "texture": "#0"},
				"down": {"uv": [5.125, 12.375, 5, 12.5], "texture": "#0"}
			}
		},
		{
			"from": [18.73353, 1.23353, -14],
			"to": [19.73353, 2.67103, -13],
			"rotation": {"angle": -45, "axis": "z", "origin": [19.23353, 1.73353, -13.5]},
			"faces": {
				"north": {"uv": [7.625, 12.375, 7.75, 12.5], "texture": "#0"},
				"east": {"uv": [7.75, 12.375, 7.875, 12.5], "texture": "#0"},
				"south": {"uv": [7.875, 12.375, 8, 12.5], "texture": "#0"},
				"west": {"uv": [8, 12.375, 8.125, 12.5], "texture": "#0"},
				"up": {"uv": [8.25, 12.5, 8.125, 12.375], "texture": "#0"},
				"down": {"uv": [8.375, 12.375, 8.25, 12.5], "texture": "#0"}
			}
		},
		{
			"from": [-4.04289, 1.54289, -14],
			"to": [-2.54289, 2.54289, -13],
			"rotation": {"angle": -45, "axis": "z", "origin": [-3.54289, 2.04289, -13.5]},
			"faces": {
				"north": {"uv": [12, 2.625, 12.25, 2.75], "texture": "#0"},
				"east": {"uv": [4.125, 12.375, 4.25, 12.5], "texture": "#0"},
				"south": {"uv": [12, 2.75, 12.25, 2.875], "texture": "#0"},
				"west": {"uv": [4.25, 12.375, 4.375, 12.5], "texture": "#0"},
				"up": {"uv": [12.25, 3.125, 12, 3], "texture": "#0"},
				"down": {"uv": [12.25, 3.125, 12, 3.25], "texture": "#0"}
			}
		},
		{
			"from": [16.45711, 1.54289, -14],
			"to": [17.95711, 2.54289, -13],
			"rotation": {"angle": -45, "axis": "z", "origin": [16.95711, 2.04289, -13.5]},
			"faces": {
				"north": {"uv": [12, 4.75, 12.25, 4.875], "texture": "#0"},
				"east": {"uv": [8.375, 12.375, 8.5, 12.5], "texture": "#0"},
				"south": {"uv": [12, 6.5, 12.25, 6.625], "texture": "#0"},
				"west": {"uv": [8.5, 12.375, 8.625, 12.5], "texture": "#0"},
				"up": {"uv": [12.25, 6.875, 12, 6.75], "texture": "#0"},
				"down": {"uv": [12.25, 9.125, 12, 9.25], "texture": "#0"}
			}
		},
		{
			"from": [-4.1875, 3.79289, -14],
			"to": [-2.75, 4.79289, -13],
			"rotation": {"angle": 45, "axis": "z", "origin": [-3.25, 4.29289, -13.5]},
			"faces": {
				"north": {"uv": [2.375, 12.375, 2.5, 12.5], "texture": "#0"},
				"east": {"uv": [2.5, 12.375, 2.625, 12.5], "texture": "#0"},
				"south": {"uv": [2.625, 12.375, 2.75, 12.5], "texture": "#0"},
				"west": {"uv": [2.75, 12.375, 2.875, 12.5], "texture": "#0"},
				"up": {"uv": [3, 12.5, 2.875, 12.375], "texture": "#0"},
				"down": {"uv": [3.125, 12.375, 3, 12.5], "texture": "#0"}
			}
		},
		{
			"from": [16.3125, 3.79289, -14],
			"to": [17.75, 4.79289, -13],
			"rotation": {"angle": 45, "axis": "z", "origin": [17.25, 4.29289, -13.5]},
			"faces": {
				"north": {"uv": [6.875, 12.375, 7, 12.5], "texture": "#0"},
				"east": {"uv": [7, 12.375, 7.125, 12.5], "texture": "#0"},
				"south": {"uv": [7.125, 12.375, 7.25, 12.5], "texture": "#0"},
				"west": {"uv": [7.25, 12.375, 7.375, 12.5], "texture": "#0"},
				"up": {"uv": [7.5, 12.5, 7.375, 12.375], "texture": "#0"},
				"down": {"uv": [7.625, 12.375, 7.5, 12.5], "texture": "#0"}
			}
		},
		{
			"from": [-4.25, 2.04289, -14],
			"to": [-3.25, 4.04289, -13],
			"rotation": {"angle": 0, "axis": "z", "origin": [-3.75, 3.54289, -13.5]},
			"faces": {
				"north": {"uv": [11.625, 12, 11.75, 12.25], "texture": "#0"},
				"east": {"uv": [11.75, 12, 11.875, 12.25], "texture": "#0"},
				"south": {"uv": [12, 12, 12.125, 12.25], "texture": "#0"},
				"west": {"uv": [12, 0, 12.125, 0.25], "texture": "#0"},
				"up": {"uv": [3.25, 12.5, 3.125, 12.375], "texture": "#0"},
				"down": {"uv": [3.375, 12.375, 3.25, 12.5], "texture": "#0"}
			}
		},
		{
			"from": [16.25, 2.04289, -14],
			"to": [17.25, 4.04289, -13],
			"rotation": {"angle": 0, "axis": "z", "origin": [16.75, 3.54289, -13.5]},
			"faces": {
				"north": {"uv": [12, 7.625, 12.125, 7.875], "texture": "#0"},
				"east": {"uv": [12, 7.875, 12.125, 8.125], "texture": "#0"},
				"south": {"uv": [12, 8.375, 12.125, 8.625], "texture": "#0"},
				"west": {"uv": [12, 8.625, 12.125, 8.875], "texture": "#0"},
				"up": {"uv": [6, 12.5, 5.875, 12.375], "texture": "#0"},
				"down": {"uv": [6.125, 12.375, 6, 12.5], "texture": "#0"}
			}
		},
		{
			"from": [-1.25, 2.04289, -14],
			"to": [-0.25, 4.04289, -13],
			"rotation": {"angle": 0, "axis": "z", "origin": [-0.75, 3.54289, -13.5]},
			"faces": {
				"north": {"uv": [12, 0.25, 12.125, 0.5], "texture": "#0"},
				"east": {"uv": [12, 0.75, 12.125, 1], "texture": "#0"},
				"south": {"uv": [12, 1, 12.125, 1.25], "texture": "#0"},
				"west": {"uv": [12, 1.25, 12.125, 1.5], "texture": "#0"},
				"up": {"uv": [3.5, 12.5, 3.375, 12.375], "texture": "#0"},
				"down": {"uv": [3.625, 12.375, 3.5, 12.5], "texture": "#0"}
			}
		},
		{
			"from": [19.25, 2.04289, -14],
			"to": [20.25, 4.04289, -13],
			"rotation": {"angle": 0, "axis": "z", "origin": [19.75, 3.54289, -13.5]},
			"faces": {
				"north": {"uv": [12, 5, 12.125, 5.25], "texture": "#0"},
				"east": {"uv": [12, 5.25, 12.125, 5.5], "texture": "#0"},
				"south": {"uv": [12, 5.5, 12.125, 5.75], "texture": "#0"},
				"west": {"uv": [12, 7.375, 12.125, 7.625], "texture": "#0"},
				"up": {"uv": [5.75, 12.5, 5.625, 12.375], "texture": "#0"},
				"down": {"uv": [5.875, 12.375, 5.75, 12.5], "texture": "#0"}
			}
		},
		{
			"from": [-3.5, 4.5, -12.5],
			"to": [19.5, 5.5, -11.5],
			"rotation": {"angle": 22.5, "axis": "x", "origin": [8, 5, -12]},
			"faces": {
				"north": {"uv": [8, 1.5, 10.875, 1.625], "texture": "#0"},
				"east": {"uv": [8.625, 12.375, 8.75, 12.5], "texture": "#0"},
				"south": {"uv": [8.625, 8.5, 11.5, 8.625], "texture": "#0"},
				"west": {"uv": [8.75, 12.375, 8.875, 12.5], "texture": "#0"},
				"up": {"uv": [11.75, 1.25, 8.875, 1.125], "texture": "#0"},
				"down": {"uv": [12, 6.75, 9.125, 6.875], "texture": "#0"}
			}
		},
		{
			"from": [18.5, 5.375, -12.0625],
			"to": [19.5, 7.125, -10.5625],
			"rotation": {"angle": 22.5, "axis": "x", "origin": [8, 5.875, -11.5625]},
			"faces": {
				"north": {"uv": [12, 10.625, 12.125, 10.875], "texture": "#0"},
				"east": {"uv": [11.5, 3.375, 11.75, 3.625], "texture": "#0"},
				"south": {"uv": [12, 11.25, 12.125, 11.5], "texture": "#0"},
				"west": {"uv": [11.5, 3.625, 11.75, 3.875], "texture": "#0"},
				"up": {"uv": [12.125, 11.75, 12, 11.5], "texture": "#0"},
				"down": {"uv": [0.125, 12.125, 0, 12.375], "texture": "#0"}
			}
		},
		{
			"from": [14.5, 5.375, -12.0625],
			"to": [15.5, 7.125, -10.5625],
			"rotation": {"angle": 22.5, "axis": "x", "origin": [4, 5.875, -11.5625]},
			"faces": {
				"north": {"uv": [2, 12.125, 2.125, 12.375], "texture": "#0"},
				"east": {"uv": [11.5, 7.5, 11.75, 7.75], "texture": "#0"},
				"south": {"uv": [2.125, 12.125, 2.25, 12.375], "texture": "#0"},
				"west": {"uv": [11.5, 7.75, 11.75, 8], "texture": "#0"},
				"up": {"uv": [2.375, 12.375, 2.25, 12.125], "texture": "#0"},
				"down": {"uv": [2.5, 12.125, 2.375, 12.375], "texture": "#0"}
			}
		},
		{
			"from": [15.5, 5.375, -12.0625],
			"to": [18.5, 7.125, -10.5625],
			"rotation": {"angle": 22.5, "axis": "x", "origin": [5, 5.875, -11.5625]},
			"faces": {
				"north": {"uv": [11, 5.5, 11.375, 5.75], "texture": "#0"},
				"east": {"uv": [11.5, 9.625, 11.75, 9.875], "texture": "#0"},
				"south": {"uv": [11, 6.25, 11.375, 6.5], "texture": "#0"},
				"west": {"uv": [11.5, 9.875, 11.75, 10.125], "texture": "#0"},
				"up": {"uv": [11.375, 7.25, 11, 7], "texture": "#0"},
				"down": {"uv": [11.375, 7.75, 11, 8], "texture": "#0"}
			}
		},
		{
			"from": [11.75, 5.375, -12.0625],
			"to": [14.5, 7.125, -10.5625],
			"rotation": {"angle": 22.5, "axis": "x", "origin": [1, 5.875, -11.5625]},
			"faces": {
				"north": {"uv": [11, 10.25, 11.375, 10.5], "texture": "#0"},
				"east": {"uv": [3.125, 11.625, 3.375, 11.875], "texture": "#0"},
				"south": {"uv": [10.875, 11.125, 11.25, 11.375], "texture": "#0"},
				"west": {"uv": [3.875, 11.625, 4.125, 11.875], "texture": "#0"},
				"up": {"uv": [11.5, 0.875, 11.125, 0.625], "texture": "#0"},
				"down": {"uv": [11.5, 1.625, 11.125, 1.875], "texture": "#0"}
			}
		},
		{
			"from": [-2.5, 5.375, -12.0625],
			"to": [0.25, 7.125, -10.5625],
			"rotation": {"angle": 22.5, "axis": "x", "origin": [-13.25, 5.875, -11.5625]},
			"faces": {
				"north": {"uv": [11.125, 1.875, 11.5, 2.125], "texture": "#0"},
				"east": {"uv": [4.125, 11.625, 4.375, 11.875], "texture": "#0"},
				"south": {"uv": [11.125, 2.125, 11.5, 2.375], "texture": "#0"},
				"west": {"uv": [5.5, 11.625, 5.75, 11.875], "texture": "#0"},
				"up": {"uv": [11.5, 2.875, 11.125, 2.625], "texture": "#0"},
				"down": {"uv": [11.5, 2.875, 11.125, 3.125], "texture": "#0"}
			}
		},
		{
			"from": [1.25, 5.375, -12.0625],
			"to": [4, 7.125, -10.5625],
			"rotation": {"angle": 22.5, "axis": "x", "origin": [-9.5, 5.875, -11.5625]},
			"faces": {
				"north": {"uv": [11.125, 3.125, 11.5, 3.375], "texture": "#0"},
				"east": {"uv": [5.75, 11.625, 6, 11.875], "texture": "#0"},
				"south": {"uv": [11.125, 3.375, 11.5, 3.625], "texture": "#0"},
				"west": {"uv": [6.125, 11.625, 6.375, 11.875], "texture": "#0"},
				"up": {"uv": [11.5, 3.875, 11.125, 3.625], "texture": "#0"},
				"down": {"uv": [11.5, 3.875, 11.125, 4.125], "texture": "#0"}
			}
		},
		{
			"from": [5, 5.375, -12.0625],
			"to": [7.5, 8.125, -10.5625],
			"rotation": {"angle": 22.5, "axis": "x", "origin": [-6, 5.875, -11.5625]},
			"faces": {
				"north": {"uv": [9.875, 10.5, 10.25, 10.875], "texture": "#0"},
				"east": {"uv": [5.25, 11.125, 5.5, 11.5], "texture": "#0"},
				"south": {"uv": [10.25, 10.5, 10.625, 10.875], "texture": "#0"},
				"west": {"uv": [11.125, 5.75, 11.375, 6.125], "texture": "#0"},
				"up": {"uv": [11.5, 8.5, 11.125, 8.25], "texture": "#0"},
				"down": {"uv": [2.625, 11.25, 2.25, 11.5], "texture": "#0"}
			}
		},
		{
			"from": [8.5, 5.375, -12.0625],
			"to": [10.75, 8.125, -10.5625],
			"rotation": {"angle": 22.5, "axis": "x", "origin": [-2.75, 5.875, -11.5625]},
			"faces": {
				"north": {"uv": [6.125, 11.25, 6.375, 11.625], "texture": "#0"},
				"east": {"uv": [7, 11.25, 7.25, 11.625], "texture": "#0"},
				"south": {"uv": [7.25, 11.25, 7.5, 11.625], "texture": "#0"},
				"west": {"uv": [8.25, 11.25, 8.5, 11.625], "texture": "#0"},
				"up": {"uv": [7.25, 11.875, 7, 11.625], "texture": "#0"},
				"down": {"uv": [7.5, 11.625, 7.25, 11.875], "texture": "#0"}
			}
		},
		{
			"from": [0.25, 5.375, -12.0625],
			"to": [1.25, 7.125, -10.5625],
			"rotation": {"angle": 22.5, "axis": "x", "origin": [-10.25, 5.875, -11.5625]},
			"faces": {
				"north": {"uv": [2.625, 12.125, 2.75, 12.375], "texture": "#0"},
				"east": {"uv": [11.5, 8.125, 11.75, 8.375], "texture": "#0"},
				"south": {"uv": [2.75, 12.125, 2.875, 12.375], "texture": "#0"},
				"west": {"uv": [11.5, 8.375, 11.75, 8.625], "texture": "#0"},
				"up": {"uv": [3, 12.375, 2.875, 12.125], "texture": "#0"},
				"down": {"uv": [3.125, 12.125, 3, 12.375], "texture": "#0"}
			}
		},
		{
			"from": [10.75, 5.375, -12.0625],
			"to": [11.75, 8.125, -10.5625],
			"rotation": {"angle": 22.5, "axis": "x", "origin": [0.25, 5.875, -11.5625]},
			"faces": {
				"north": {"uv": [1.875, 11.75, 2, 12.125], "texture": "#0"},
				"east": {"uv": [10.875, 2.625, 11.125, 3], "texture": "#0"},
				"south": {"uv": [2, 11.75, 2.125, 12.125], "texture": "#0"},
				"west": {"uv": [10.875, 3, 11.125, 3.375], "texture": "#0"},
				"up": {"uv": [1.125, 12.375, 1, 12.125], "texture": "#0"},
				"down": {"uv": [1.25, 12.125, 1.125, 12.375], "texture": "#0"}
			}
		},
		{
			"from": [4, 5.375, -12.0625],
			"to": [5, 8.125, -10.5625],
			"rotation": {"angle": 22.5, "axis": "x", "origin": [-6.5, 5.875, -11.5625]},
			"faces": {
				"north": {"uv": [2.125, 11.75, 2.25, 12.125], "texture": "#0"},
				"east": {"uv": [10.875, 3.375, 11.125, 3.75], "texture": "#0"},
				"south": {"uv": [2.75, 11.75, 2.875, 12.125], "texture": "#0"},
				"west": {"uv": [10.875, 3.75, 11.125, 4.125], "texture": "#0"},
				"up": {"uv": [1.375, 12.375, 1.25, 12.125], "texture": "#0"},
				"down": {"uv": [2, 12.125, 1.875, 12.375], "texture": "#0"}
			}
		},
		{
			"from": [7.5, 5.375, -12.0625],
			"to": [8.5, 9.125, -10.0625],
			"rotation": {"angle": 22.5, "axis": "x", "origin": [-3, 5.875, -11.5625]},
			"faces": {
				"north": {"uv": [11.5, 4.375, 11.625, 4.875], "texture": "#0"},
				"east": {"uv": [2.25, 10.75, 2.5, 11.25], "texture": "#0"},
				"south": {"uv": [11.5, 7, 11.625, 7.5], "texture": "#0"},
				"west": {"uv": [2.5, 10.75, 2.75, 11.25], "texture": "#0"},
				"up": {"uv": [0.875, 12.375, 0.75, 12.125], "texture": "#0"},
				"down": {"uv": [1, 12.125, 0.875, 12.375], "texture": "#0"}
			}
		},
		{
			"from": [-3.5, 5.375, -12.0625],
			"to": [-2.5, 7.125, -10.3125],
			"rotation": {"angle": 22.5, "axis": "x", "origin": [-14, 5.875, -11.5625]},
			"faces": {
				"north": {"uv": [0.125, 12.125, 0.25, 12.375], "texture": "#0"},
				"east": {"uv": [11.5, 3.875, 11.75, 4.125], "texture": "#0"},
				"south": {"uv": [0.25, 12.125, 0.375, 12.375], "texture": "#0"},
				"west": {"uv": [11.5, 4.125, 11.75, 4.375], "texture": "#0"},
				"up": {"uv": [0.5, 12.375, 0.375, 12.125], "texture": "#0"},
				"down": {"uv": [0.75, 12.125, 0.625, 12.375], "texture": "#0"}
			}
		},
		{
			"from": [11.75, 7, -11.25],
			"to": [19.5, 8, -8.8125],
			"rotation": {"angle": 22.5, "axis": "x", "origin": [8, 8, -10.75]},
			"faces": {
				"north": {"uv": [10.5, 10.125, 11.5, 10.25], "texture": "#0"},
				"east": {"uv": [12, 9.25, 12.25, 9.375], "texture": "#0"},
				"south": {"uv": [10.625, 4.875, 11.625, 5], "texture": "#0"},
				"west": {"uv": [12, 9.375, 12.25, 9.5], "texture": "#0"},
				"up": {"uv": [10.625, 9.375, 9.625, 9.125], "texture": "#0"},
				"down": {"uv": [10.625, 9.375, 9.625, 9.625], "texture": "#0"}
			}
		},
		{
			"from": [-3.5, 7, -11.25],
			"to": [4, 8, -8.8125],
			"rotation": {"angle": 22.5, "axis": "x", "origin": [-6.5, 8, -10.75]},
			"faces": {
				"north": {"uv": [10.625, 5, 11.625, 5.125], "texture": "#0"},
				"east": {"uv": [12, 10.25, 12.25, 10.375], "texture": "#0"},
				"south": {"uv": [10.625, 9.125, 11.625, 9.25], "texture": "#0"},
				"west": {"uv": [12, 10.5, 12.25, 10.625], "texture": "#0"},
				"up": {"uv": [10.75, 10, 9.75, 9.75], "texture": "#0"},
				"down": {"uv": [6.625, 9.875, 5.625, 10.125], "texture": "#0"}
			}
		},
		{
			"from": [4, 7.625, -10.875],
			"to": [6.25, 8.625, -7.4375],
			"rotation": {"angle": 22.5, "axis": "x", "origin": [8, 8.75, -9.75]},
			"faces": {
				"north": {"uv": [12, 9.5, 12.25, 9.625], "texture": "#0"},
				"east": {"uv": [11.625, 2, 12, 2.125], "texture": "#0"},
				"south": {"uv": [12, 9.625, 12.25, 9.75], "texture": "#0"},
				"west": {"uv": [11.625, 2.375, 12, 2.5], "texture": "#0"},
				"up": {"uv": [6.375, 11.25, 6.125, 10.875], "texture": "#0"},
				"down": {"uv": [7.25, 10.875, 7, 11.25], "texture": "#0"}
			}
		},
		{
			"from": [6.25, 7.625, -10.875],
			"to": [7.5, 8.625, -7.4375],
			"rotation": {"angle": 22.5, "axis": "x", "origin": [9.25, 8.75, -9.75]},
			"faces": {
				"north": {"uv": [12.375, 0.375, 12.5, 0.5], "texture": "#0"},
				"east": {"uv": [11.625, 9.375, 12, 9.5], "texture": "#0"},
				"south": {"uv": [12.375, 0.5, 12.5, 0.625], "texture": "#0"},
				"west": {"uv": [11.625, 9.5, 12, 9.625], "texture": "#0"},
				"up": {"uv": [3, 12.125, 2.875, 11.75], "texture": "#0"},
				"down": {"uv": [3.125, 11.75, 3, 12.125], "texture": "#0"}
			}
		},
		{
			"from": [8.5, 7.625, -10.875],
			"to": [9.5, 8.625, -7.4375],
			"rotation": {"angle": 22.5, "axis": "x", "origin": [11.25, 8.75, -9.75]},
			"faces": {
				"north": {"uv": [12.375, 0.625, 12.5, 0.75], "texture": "#0"},
				"east": {"uv": [11.625, 11.5, 12, 11.625], "texture": "#0"},
				"south": {"uv": [12.375, 0.75, 12.5, 0.875], "texture": "#0"},
				"west": {"uv": [4.375, 11.75, 4.75, 11.875], "texture": "#0"},
				"up": {"uv": [3.5, 12.125, 3.375, 11.75], "texture": "#0"},
				"down": {"uv": [3.625, 11.75, 3.5, 12.125], "texture": "#0"}
			}
		},
		{
			"from": [9.5, 7.625, -10.875],
			"to": [11.75, 8.625, -7.4375],
			"rotation": {"angle": 22.5, "axis": "x", "origin": [12.5, 8.75, -9.75]},
			"faces": {
				"north": {"uv": [12, 9.75, 12.25, 9.875], "texture": "#0"},
				"east": {"uv": [11.625, 2.5, 12, 2.625], "texture": "#0"},
				"south": {"uv": [12, 10.125, 12.25, 10.25], "texture": "#0"},
				"west": {"uv": [11.625, 5.125, 12, 5.25], "texture": "#0"},
				"up": {"uv": [7.5, 11.25, 7.25, 10.875], "texture": "#0"},
				"down": {"uv": [8.5, 10.875, 8.25, 11.25], "texture": "#0"}
			}
		},
		{
			"from": [6.3125, 8.375, -10.5],
			"to": [9.5625, 9.375, -7.0625],
			"rotation": {"angle": 22.5, "axis": "x", "origin": [11.25, 9.5, -9.375]},
			"faces": {
				"north": {"uv": [11.625, 5.5, 12, 5.625], "texture": "#0"},
				"east": {"uv": [11.625, 5.625, 12, 5.75], "texture": "#0"},
				"south": {"uv": [11.625, 7.375, 12, 7.5], "texture": "#0"},
				"west": {"uv": [11.625, 8, 12, 8.125], "texture": "#0"},
				"up": {"uv": [2.25, 9, 1.875, 8.625], "texture": "#0"},
				"down": {"uv": [4.75, 10.5, 4.375, 10.875], "texture": "#0"}
			}
		}
	],
	"display": {
		"thirdperson_righthand": {
			"translation": [0, 3, 1],
			"scale": [0.55, 0.55, 0.55]
		},
		"thirdperson_lefthand": {
			"translation": [0, 3, 1],
			"scale": [0.55, 0.55, 0.55]
		},
		"firstperson_righthand": {
			"rotation": [0, -90, 25],
			"translation": [1.13, 3.2, 1.13],
			"scale": [0.68, 0.68, 0.68]
		},
		"firstperson_lefthand": {
			"rotation": [0, -90, 25],
			"translation": [1.13, 3.2, 1.13],
			"scale": [0.68, 0.68, 0.68]
		},
		"ground": {
			"translation": [0, 2, 0],
			"scale": [0.5, 0.5, 0.5]
		},
		"gui": {
			"rotation": [0, -180, 0],
			"scale": [0.58398, 0.67578, 1]
		},
		"head": {
			"translation": [0, 13, 7],
			"scale": [2, 2, 2]
		},
		"fixed": {
			"translation": [0, 0, 26.25],
			"scale": [2, 2, 2]
		}
	}
}