{
	"credit": "Made with Blockbench",
	"ambientocclusion": false,
	"texture_size": [128, 128],
	"textures": {
		"0": "ohben/SteeleelFRNT",
		"1": "ohben/SEARMS",
		"particle": "ohben/SteeleelFRNT"
	},
	"elements": [
		{
			"from": [-3, 0, 3],
			"to": [-2, 10, 11],
			"rotation": {"angle": 0, "axis": "y", "origin": [5, 8, 5]},
			"faces": {
				"north": {"uv": [1, 1, 1.125, 2.25], "texture": "#0"},
				"east": {"uv": [0, 1, 1, 2.25], "texture": "#0"},
				"south": {"uv": [2.125, 1, 2.25, 2.25], "texture": "#0"},
				"west": {"uv": [1.125, 1, 2.125, 2.25], "texture": "#0"},
				"up": {"uv": [1.125, 1, 1, 0], "texture": "#0"},
				"down": {"uv": [1.25, 0, 1.125, 1], "texture": "#0"}
			}
		},
		{
			"from": [18, 0, 3],
			"to": [19, 10, 11],
			"rotation": {"angle": 0, "axis": "y", "origin": [26, 8, 5]},
			"faces": {
				"north": {"uv": [10, 10, 10.125, 11.25], "texture": "#0"},
				"east": {"uv": [9, 10, 10, 11.25], "texture": "#0"},
				"south": {"uv": [11.125, 10, 11.25, 11.25], "texture": "#0"},
				"west": {"uv": [10.125, 10, 11.125, 11.25], "texture": "#0"},
				"up": {"uv": [10.125, 10, 10, 9], "texture": "#0"},
				"down": {"uv": [10.25, 9, 10.125, 10], "texture": "#0"}
			}
		},
		{
			"from": [-3, 0, -6],
			"to": [19, 12, -1],
			"rotation": {"angle": 0, "axis": "y", "origin": [8, 8, 6]},
			"faces": {
				"north": {"uv": [0.625, 5.125, 3.375, 6.625], "texture": "#0"},
				"east": {"uv": [0, 5.125, 0.625, 6.625], "texture": "#0"},
				"south": {"uv": [4, 5.125, 6.75, 6.625], "texture": "#0"},
				"west": {"uv": [3.375, 5.125, 4, 6.625], "texture": "#0"},
				"up": {"uv": [3.375, 5.125, 0.625, 4.5], "texture": "#0"},
				"down": {"uv": [6.125, 4.5, 3.375, 5.125], "texture": "#0"}
			}
		},
		{
			"from": [-2, 0, -1],
			"to": [18, 1, 11],
			"rotation": {"angle": 0, "axis": "y", "origin": [8, 8, 15]},
			"faces": {
				"north": {"uv": [4.375, 4.375, 6.875, 4.5], "texture": "#0"},
				"east": {"uv": [0, 4.375, 4.375, 4.5], "texture": "#0"},
				"south": {"uv": [11.25, 4.375, 13.75, 4.5], "texture": "#0"},
				"west": {"uv": [6.875, 4.375, 11.25, 4.5], "texture": "#0"},
				"up": {"uv": [6.875, 4.375, 4.375, 0], "texture": "#0"},
				"down": {"uv": [9.375, 0, 6.875, 4.375], "texture": "#0"}
			}
		},
		{
			"from": [-1, 1, 9],
			"to": [17, 13, 11],
			"rotation": {"angle": 0, "axis": "y", "origin": [8, 9, 17]},
			"faces": {
				"north": {"uv": [0.25, 8.125, 2.5, 9.625], "texture": "#0"},
				"east": {"uv": [0, 8.125, 0.25, 9.625], "texture": "#0"},
				"south": {"uv": [2.75, 8.125, 5, 9.625], "texture": "#0"},
				"west": {"uv": [2.5, 8.125, 2.75, 9.625], "texture": "#0"},
				"up": {"uv": [2.5, 8.125, 0.25, 7.875], "texture": "#0"},
				"down": {"uv": [4.75, 7.875, 2.5, 8.125], "texture": "#0"}
			}
		},
		{
			"from": [-1, 1, 4],
			"to": [7, 3, 8],
			"rotation": {"angle": 0, "axis": "y", "origin": [7, 9, 15]},
			"faces": {
				"north": {"uv": [0.5, 4, 1.5, 4.25], "texture": "#0"},
				"east": {"uv": [0, 4, 0.5, 4.25], "texture": "#0"},
				"south": {"uv": [2, 4, 3, 4.25], "texture": "#0"},
				"west": {"uv": [1.5, 4, 2, 4.25], "texture": "#0"},
				"up": {"uv": [1.5, 4, 0.5, 3.5], "texture": "#0"},
				"down": {"uv": [2.5, 3.5, 1.5, 4], "texture": "#0"}
			}
		},
		{
			"from": [9, 1, 4],
			"to": [17, 3, 8],
			"rotation": {"angle": 0, "axis": "y", "origin": [17, 9, 15]},
			"faces": {
				"north": {"uv": [1.75, 0.5, 2.75, 0.75], "texture": "#0"},
				"east": {"uv": [1.25, 0.5, 1.75, 0.75], "texture": "#0"},
				"south": {"uv": [3.25, 0.5, 4.25, 0.75], "texture": "#0"},
				"west": {"uv": [2.75, 0.5, 3.25, 0.75], "texture": "#0"},
				"up": {"uv": [2.75, 0.5, 1.75, 0], "texture": "#0"},
				"down": {"uv": [3.75, 0, 2.75, 0.5], "texture": "#0"}
			}
		},
		{
			"from": [-1, 1, 8],
			"to": [7, 10, 9],
			"rotation": {"angle": 0, "axis": "y", "origin": [7, 9, 16]},
			"faces": {
				"north": {"uv": [12.75, 6.25, 13.75, 7.375], "texture": "#0"},
				"east": {"uv": [12.625, 6.25, 12.75, 7.375], "texture": "#0"},
				"south": {"uv": [13.875, 6.25, 14.875, 7.375], "texture": "#0"},
				"west": {"uv": [13.75, 6.25, 13.875, 7.375], "texture": "#0"},
				"up": {"uv": [13.75, 6.25, 12.75, 6.125], "texture": "#0"},
				"down": {"uv": [14.75, 6.125, 13.75, 6.25], "texture": "#0"}
			}
		},
		{
			"from": [9, 1, 8],
			"to": [17, 10, 9],
			"rotation": {"angle": 0, "axis": "y", "origin": [17, 9, 16]},
			"faces": {
				"north": {"uv": [5.375, 12.125, 6.375, 13.25], "texture": "#0"},
				"east": {"uv": [5.25, 12.125, 5.375, 13.25], "texture": "#0"},
				"south": {"uv": [6.5, 12.125, 7.5, 13.25], "texture": "#0"},
				"west": {"uv": [6.375, 12.125, 6.5, 13.25], "texture": "#0"},
				"up": {"uv": [6.375, 12.125, 5.375, 12], "texture": "#0"},
				"down": {"uv": [7.375, 12, 6.375, 12.125], "texture": "#0"}
			}
		},
		{
			"from": [0, 10, 8],
			"to": [6, 12, 9],
			"rotation": {"angle": 0, "axis": "y", "origin": [7, 18, 16]},
			"faces": {
				"north": {"uv": [13.375, 4.125, 14.125, 4.375], "texture": "#0"},
				"east": {"uv": [13.25, 4.125, 13.375, 4.375], "texture": "#0"},
				"south": {"uv": [14.25, 4.125, 15, 4.375], "texture": "#0"},
				"west": {"uv": [14.125, 4.125, 14.25, 4.375], "texture": "#0"},
				"up": {"uv": [14.125, 4.125, 13.375, 4], "texture": "#0"},
				"down": {"uv": [14.875, 4, 14.125, 4.125], "texture": "#0"}
			}
		},
		{
			"from": [10, 10, 8],
			"to": [16, 12, 9],
			"rotation": {"angle": 0, "axis": "y", "origin": [17, 18, 16]},
			"faces": {
				"north": {"uv": [12.875, 5.875, 13.625, 6.125], "texture": "#0"},
				"east": {"uv": [12.75, 5.875, 12.875, 6.125], "texture": "#0"},
				"south": {"uv": [13.75, 5.875, 14.5, 6.125], "texture": "#0"},
				"west": {"uv": [13.625, 5.875, 13.75, 6.125], "texture": "#0"},
				"up": {"uv": [13.625, 5.875, 12.875, 5.75], "texture": "#0"},
				"down": {"uv": [14.375, 5.75, 13.625, 5.875], "texture": "#0"}
			}
		},
		{
			"from": [-2, 1, 9],
			"to": [-1, 11, 11],
			"rotation": {"angle": 0, "axis": "y", "origin": [6, 9, 17]},
			"faces": {
				"north": {"uv": [1, 14, 1.125, 15.25], "texture": "#0"},
				"east": {"uv": [0.75, 14, 1, 15.25], "texture": "#0"},
				"south": {"uv": [1.375, 14, 1.5, 15.25], "texture": "#0"},
				"west": {"uv": [1.125, 14, 1.375, 15.25], "texture": "#0"},
				"up": {"uv": [1.125, 14, 1, 13.75], "texture": "#0"},
				"down": {"uv": [1.25, 13.75, 1.125, 14], "texture": "#0"}
			}
		},
		{
			"from": [17, 1, 9],
			"to": [18, 11, 11],
			"rotation": {"angle": 0, "axis": "y", "origin": [25, 9, 17]},
			"faces": {
				"north": {"uv": [0.25, 14, 0.375, 15.25], "texture": "#0"},
				"east": {"uv": [0, 14, 0.25, 15.25], "texture": "#0"},
				"south": {"uv": [0.625, 14, 0.75, 15.25], "texture": "#0"},
				"west": {"uv": [0.375, 14, 0.625, 15.25], "texture": "#0"},
				"up": {"uv": [0.375, 14, 0.25, 13.75], "texture": "#0"},
				"down": {"uv": [0.5, 13.75, 0.375, 14], "texture": "#0"}
			}
		},
		{
			"from": [18, 0, -1],
			"to": [19, 1, 3],
			"rotation": {"angle": 0, "axis": "y", "origin": [26, 8, 10]},
			"faces": {
				"north": {"uv": [1.5, 12.375, 1.625, 12.5], "texture": "#0"},
				"east": {"uv": [1, 12.375, 1.5, 12.5], "texture": "#0"},
				"south": {"uv": [2.125, 12.375, 2.25, 12.5], "texture": "#0"},
				"west": {"uv": [1.625, 12.375, 2.125, 12.5], "texture": "#0"},
				"up": {"uv": [1.625, 12.375, 1.5, 11.875], "texture": "#0"},
				"down": {"uv": [1.75, 11.875, 1.625, 12.375], "texture": "#0"}
			}
		},
		{
			"from": [-3, 0, -1],
			"to": [-2, 1, 3],
			"rotation": {"angle": 0, "axis": "y", "origin": [5, 8, 10]},
			"faces": {
				"north": {"uv": [3.5, 4.125, 3.625, 4.25], "texture": "#0"},
				"east": {"uv": [3, 4.125, 3.5, 4.25], "texture": "#0"},
				"south": {"uv": [4.125, 4.125, 4.25, 4.25], "texture": "#0"},
				"west": {"uv": [3.625, 4.125, 4.125, 4.25], "texture": "#0"},
				"up": {"uv": [3.625, 4.125, 3.5, 3.625], "texture": "#0"},
				"down": {"uv": [3.75, 3.625, 3.625, 4.125], "texture": "#0"}
			}
		},
		{
			"from": [16, 2, 0],
			"to": [17, 10, 1],
			"rotation": {"angle": 22.5, "axis": "x", "origin": [17, 7, 0]},
			"faces": {
				"north": {"uv": [11.875, 14.75, 12, 15.75], "texture": "#0"},
				"east": {"uv": [11.75, 14.75, 11.875, 15.75], "texture": "#0"},
				"south": {"uv": [12.125, 14.75, 12.25, 15.75], "texture": "#0"},
				"west": {"uv": [12, 14.75, 12.125, 15.75], "texture": "#0"},
				"up": {"uv": [12, 14.75, 11.875, 14.625], "texture": "#0"},
				"down": {"uv": [12.125, 14.625, 12, 14.75], "texture": "#0"}
			}
		},
		{
			"from": [9, 2, 0],
			"to": [10, 10, 1],
			"rotation": {"angle": 22.5, "axis": "x", "origin": [10, 7, 0]},
			"faces": {
				"north": {"uv": [6.75, 14.75, 6.875, 15.75], "texture": "#0"},
				"east": {"uv": [6.625, 14.75, 6.75, 15.75], "texture": "#0"},
				"south": {"uv": [7, 14.75, 7.125, 15.75], "texture": "#0"},
				"west": {"uv": [6.875, 14.75, 7, 15.75], "texture": "#0"},
				"up": {"uv": [6.875, 14.75, 6.75, 14.625], "texture": "#0"},
				"down": {"uv": [7, 14.625, 6.875, 14.75], "texture": "#0"}
			}
		},
		{
			"from": [6, 2, 0],
			"to": [7, 10, 1],
			"rotation": {"angle": 22.5, "axis": "x", "origin": [7, 7, 0]},
			"faces": {
				"north": {"uv": [6.25, 14.75, 6.375, 15.75], "texture": "#0"},
				"east": {"uv": [6.125, 14.75, 6.25, 15.75], "texture": "#0"},
				"south": {"uv": [6.5, 14.75, 6.625, 15.75], "texture": "#0"},
				"west": {"uv": [6.375, 14.75, 6.5, 15.75], "texture": "#0"},
				"up": {"uv": [6.375, 14.75, 6.25, 14.625], "texture": "#0"},
				"down": {"uv": [6.5, 14.625, 6.375, 14.75], "texture": "#0"}
			}
		},
		{
			"from": [-1, 2, 0],
			"to": [0, 10, 1],
			"rotation": {"angle": 22.5, "axis": "x", "origin": [0, 7, 0]},
			"faces": {
				"north": {"uv": [9, 14.5, 9.125, 15.5], "texture": "#0"},
				"east": {"uv": [8.875, 14.5, 9, 15.5], "texture": "#0"},
				"south": {"uv": [9.25, 14.5, 9.375, 15.5], "texture": "#0"},
				"west": {"uv": [9.125, 14.5, 9.25, 15.5], "texture": "#0"},
				"up": {"uv": [9.125, 14.5, 9, 14.375], "texture": "#0"},
				"down": {"uv": [9.25, 14.375, 9.125, 14.5], "texture": "#0"}
			}
		},
		{
			"from": [0, 9, 0],
			"to": [6, 10, 1],
			"rotation": {"angle": 22.5, "axis": "x", "origin": [1, 7, 0]},
			"faces": {
				"north": {"uv": [13.875, 9.875, 14.625, 10], "texture": "#0"},
				"east": {"uv": [13.75, 9.875, 13.875, 10], "texture": "#0"},
				"south": {"uv": [14.75, 9.875, 15.5, 10], "texture": "#0"},
				"west": {"uv": [14.625, 9.875, 14.75, 10], "texture": "#0"},
				"up": {"uv": [14.625, 9.875, 13.875, 9.75], "texture": "#0"},
				"down": {"uv": [15.375, 9.75, 14.625, 9.875], "texture": "#0"}
			}
		},
		{
			"from": [10, 9, 0],
			"to": [16, 10, 1],
			"rotation": {"angle": 22.5, "axis": "x", "origin": [11, 7, 0]},
			"faces": {
				"north": {"uv": [13.875, 9.625, 14.625, 9.75], "texture": "#0"},
				"east": {"uv": [13.75, 9.625, 13.875, 9.75], "texture": "#0"},
				"south": {"uv": [14.75, 9.625, 15.5, 9.75], "texture": "#0"},
				"west": {"uv": [14.625, 9.625, 14.75, 9.75], "texture": "#0"},
				"up": {"uv": [14.625, 9.625, 13.875, 9.5], "texture": "#0"},
				"down": {"uv": [15.375, 9.5, 14.625, 9.625], "texture": "#0"}
			}
		},
		{
			"from": [-2, 1, 3],
			"to": [-1, 10, 9],
			"rotation": {"angle": 0, "axis": "y", "origin": [6, 10, 8]},
			"faces": {
				"north": {"uv": [4.25, 12.625, 4.375, 13.75], "texture": "#0"},
				"east": {"uv": [3.5, 12.625, 4.25, 13.75], "texture": "#0"},
				"south": {"uv": [5.125, 12.625, 5.25, 13.75], "texture": "#0"},
				"west": {"uv": [4.375, 12.625, 5.125, 13.75], "texture": "#0"},
				"up": {"uv": [4.375, 12.625, 4.25, 11.875], "texture": "#0"},
				"down": {"uv": [4.5, 11.875, 4.375, 12.625], "texture": "#0"}
			}
		},
		{
			"from": [17, 1, 3],
			"to": [18, 10, 9],
			"rotation": {"angle": 0, "axis": "y", "origin": [25, 10, 8]},
			"faces": {
				"north": {"uv": [2.5, 12.625, 2.625, 13.75], "texture": "#0"},
				"east": {"uv": [1.75, 12.625, 2.5, 13.75], "texture": "#0"},
				"south": {"uv": [3.375, 12.625, 3.5, 13.75], "texture": "#0"},
				"west": {"uv": [2.625, 12.625, 3.375, 13.75], "texture": "#0"},
				"up": {"uv": [2.625, 12.625, 2.5, 11.875], "texture": "#0"},
				"down": {"uv": [2.75, 11.875, 2.625, 12.625], "texture": "#0"}
			}
		},
		{
			"from": [7, 1, 8],
			"to": [9, 10, 9],
			"rotation": {"angle": 0, "axis": "y", "origin": [15, 14, 16]},
			"faces": {
				"north": {"uv": [5.5, 14.125, 5.75, 15.25], "texture": "#0"},
				"east": {"uv": [5.375, 14.125, 5.5, 15.25], "texture": "#0"},
				"south": {"uv": [5.875, 14.125, 6.125, 15.25], "texture": "#0"},
				"west": {"uv": [5.75, 14.125, 5.875, 15.25], "texture": "#0"},
				"up": {"uv": [5.75, 14.125, 5.5, 14], "texture": "#0"},
				"down": {"uv": [6, 14, 5.75, 14.125], "texture": "#0"}
			}
		},
		{
			"from": [7, 1, 4],
			"to": [9, 4, 8],
			"rotation": {"angle": 0, "axis": "y", "origin": [15, 10, 13]},
			"faces": {
				"north": {"uv": [13.75, 10.75, 14, 11.125], "texture": "#0"},
				"east": {"uv": [13.25, 10.75, 13.75, 11.125], "texture": "#0"},
				"south": {"uv": [14.5, 10.75, 14.75, 11.125], "texture": "#0"},
				"west": {"uv": [14, 10.75, 14.5, 11.125], "texture": "#0"},
				"up": {"uv": [14, 10.75, 13.75, 10.25], "texture": "#0"},
				"down": {"uv": [14.25, 10.25, 14, 10.75], "texture": "#0"}
			}
		},
		{
			"from": [-3, 10, 3],
			"to": [-1, 10.5, 8],
			"rotation": {"angle": 0, "axis": "y", "origin": [6, 18, 14]},
			"faces": {
				"north": {"uv": [3, 4.125, 3.25, 4.125], "texture": "#1"},
				"east": {"uv": [2.375, 4.125, 3, 4.125], "texture": "#1"},
				"south": {"uv": [3.875, 4.125, 4.125, 4.125], "texture": "#1"},
				"west": {"uv": [3.25, 4.125, 3.875, 4.125], "texture": "#1"},
				"up": {"uv": [3.25, 4.125, 3, 3.5], "texture": "#1"},
				"down": {"uv": [3.5, 3.5, 3.25, 4.125], "texture": "#1"}
			}
		},
		{
			"from": [17, 10, 3],
			"to": [19, 10.5, 8],
			"rotation": {"angle": 0, "axis": "y", "origin": [26, 18, 14]},
			"faces": {
				"north": {"uv": [3.5, 2.875, 3.75, 2.875], "texture": "#1"},
				"east": {"uv": [2.875, 2.875, 3.5, 2.875], "texture": "#1"},
				"south": {"uv": [4.375, 2.875, 4.625, 2.875], "texture": "#1"},
				"west": {"uv": [3.75, 2.875, 4.375, 2.875], "texture": "#1"},
				"up": {"uv": [3.75, 2.875, 3.5, 2.25], "texture": "#1"},
				"down": {"uv": [4, 2.25, 3.75, 2.875], "texture": "#1"}
			}
		},
		{
			"from": [-3.25, 1, 3],
			"to": [-3, 5, 11],
			"rotation": {"angle": 0, "axis": "y", "origin": [3.75, 9, 11]},
			"faces": {
				"north": {"uv": [10.375, 3.75, 10.375, 4.25], "texture": "#0"},
				"east": {"uv": [9.375, 3.75, 10.375, 4.25], "texture": "#0"},
				"south": {"uv": [11.375, 3.75, 11.375, 4.25], "texture": "#0"},
				"west": {"uv": [10.375, 3.75, 11.375, 4.25], "texture": "#0"},
				"up": {"uv": [10.375, 3.75, 10.375, 2.75], "texture": "#0"},
				"down": {"uv": [10.375, 2.75, 10.375, 3.75], "texture": "#0"}
			}
		},
		{
			"from": [19, 1, 3],
			"to": [19.25, 5, 11],
			"rotation": {"angle": 0, "axis": "y", "origin": [26, 9, 11]},
			"faces": {
				"north": {"uv": [2.25, 9.625, 2.25, 10.125], "texture": "#0"},
				"east": {"uv": [1.25, 9.625, 2.25, 10.125], "texture": "#0"},
				"south": {"uv": [3.25, 9.625, 3.25, 10.125], "texture": "#0"},
				"west": {"uv": [2.25, 9.625, 3.25, 10.125], "texture": "#0"},
				"up": {"uv": [2.25, 9.625, 2.25, 8.625], "texture": "#0"},
				"down": {"uv": [2.25, 8.625, 2.25, 9.625], "texture": "#0"}
			}
		},
		{
			"from": [19, 1, -6],
			"to": [19.25, 5, -1],
			"rotation": {"angle": 0, "axis": "y", "origin": [26, 9, -1]},
			"faces": {
				"north": {"uv": [0.625, 2.75, 0.625, 3.25], "texture": "#0"},
				"east": {"uv": [0, 2.75, 0.625, 3.25], "texture": "#0"},
				"south": {"uv": [1.25, 2.75, 1.25, 3.25], "texture": "#0"},
				"west": {"uv": [0.625, 2.75, 1.25, 3.25], "texture": "#0"},
				"up": {"uv": [0.625, 2.75, 0.625, 2.125], "texture": "#0"},
				"down": {"uv": [0.625, 2.125, 0.625, 2.75], "texture": "#0"}
			}
		},
		{
			"from": [-3.25, 1, -6],
			"to": [-3, 5, -1],
			"rotation": {"angle": 0, "axis": "y", "origin": [3.75, 9, -1]},
			"faces": {
				"north": {"uv": [0.625, 2.25, 0.625, 2.75], "texture": "#0"},
				"east": {"uv": [0, 2.25, 0.625, 2.75], "texture": "#0"},
				"south": {"uv": [1.25, 2.25, 1.25, 2.75], "texture": "#0"},
				"west": {"uv": [0.625, 2.25, 1.25, 2.75], "texture": "#0"},
				"up": {"uv": [0.625, 2.25, 0.625, 1.625], "texture": "#0"},
				"down": {"uv": [0.625, 1.625, 0.625, 2.25], "texture": "#0"}
			}
		},
		{
			"from": [-3.25, 5, 3],
			"to": [-3, 8, 11],
			"rotation": {"angle": 0, "axis": "y", "origin": [4, 13, 13]},
			"faces": {
				"north": {"uv": [12.875, 13.625, 12.875, 14], "texture": "#0"},
				"east": {"uv": [11.875, 13.625, 12.875, 14], "texture": "#0"},
				"south": {"uv": [13.875, 13.625, 13.875, 14], "texture": "#0"},
				"west": {"uv": [12.875, 13.625, 13.875, 14], "texture": "#0"},
				"up": {"uv": [12.875, 13.625, 12.875, 12.625], "texture": "#0"},
				"down": {"uv": [12.875, 12.625, 12.875, 13.625], "texture": "#0"}
			}
		},
		{
			"from": [-3.25, 5, -6],
			"to": [-3, 8, -1],
			"rotation": {"angle": 0, "axis": "y", "origin": [4, 13, 4]},
			"faces": {
				"north": {"uv": [9.875, 11.25, 9.875, 11.625], "texture": "#0"},
				"east": {"uv": [9.25, 11.25, 9.875, 11.625], "texture": "#0"},
				"south": {"uv": [10.5, 11.25, 10.5, 11.625], "texture": "#0"},
				"west": {"uv": [9.875, 11.25, 10.5, 11.625], "texture": "#0"},
				"up": {"uv": [9.875, 11.25, 9.875, 10.625], "texture": "#0"},
				"down": {"uv": [9.875, 10.625, 9.875, 11.25], "texture": "#0"}
			}
		},
		{
			"from": [19, 5, -6],
			"to": [19.25, 8, -1],
			"rotation": {"angle": 0, "axis": "y", "origin": [26.25, 13, 4]},
			"faces": {
				"north": {"uv": [10.875, 9.5, 10.875, 9.875], "texture": "#0"},
				"east": {"uv": [10.25, 9.5, 10.875, 9.875], "texture": "#0"},
				"south": {"uv": [11.5, 9.5, 11.5, 9.875], "texture": "#0"},
				"west": {"uv": [10.875, 9.5, 11.5, 9.875], "texture": "#0"},
				"up": {"uv": [10.875, 9.5, 10.875, 8.875], "texture": "#0"},
				"down": {"uv": [10.875, 8.875, 10.875, 9.5], "texture": "#0"}
			}
		},
		{
			"from": [19, 5, 3],
			"to": [19.25, 8, 11],
			"rotation": {"angle": 0, "axis": "y", "origin": [26.25, 13, 13]},
			"faces": {
				"north": {"uv": [4.5, 10.25, 4.5, 10.625], "texture": "#0"},
				"east": {"uv": [3.5, 10.25, 4.5, 10.625], "texture": "#0"},
				"south": {"uv": [5.5, 10.25, 5.5, 10.625], "texture": "#0"},
				"west": {"uv": [4.5, 10.25, 5.5, 10.625], "texture": "#0"},
				"up": {"uv": [4.5, 10.25, 4.5, 9.25], "texture": "#0"},
				"down": {"uv": [4.5, 9.25, 4.5, 10.25], "texture": "#0"}
			}
		},
		{
			"from": [-3, 1, -9],
			"to": [19, 11, -6],
			"rotation": {"angle": 0, "axis": "y", "origin": [8.5, 9, 1]},
			"faces": {
				"north": {"uv": [6.75, 6.75, 9.5, 8], "texture": "#0"},
				"east": {"uv": [6.375, 6.75, 6.75, 8], "texture": "#0"},
				"south": {"uv": [9.875, 6.75, 12.625, 8], "texture": "#0"},
				"west": {"uv": [9.5, 6.75, 9.875, 8], "texture": "#0"},
				"up": {"uv": [9.5, 6.75, 6.75, 6.375], "texture": "#0"},
				"down": {"uv": [12.25, 6.375, 9.5, 6.75], "texture": "#0"}
			}
		},
		{
			"from": [-3, 2, -11],
			"to": [19, 10, -9],
			"rotation": {"angle": 0, "axis": "y", "origin": [11, 10, -2]},
			"faces": {
				"north": {"uv": [0.25, 6.875, 3, 7.875], "texture": "#0"},
				"east": {"uv": [0, 6.875, 0.25, 7.875], "texture": "#0"},
				"south": {"uv": [3.25, 6.875, 6, 7.875], "texture": "#0"},
				"west": {"uv": [3, 6.875, 3.25, 7.875], "texture": "#0"},
				"up": {"uv": [3, 6.875, 0.25, 6.625], "texture": "#0"},
				"down": {"uv": [5.75, 6.625, 3, 6.875], "texture": "#0"}
			}
		},
		{
			"from": [-3, 3, -13],
			"to": [19, 9, -11],
			"rotation": {"angle": 0, "axis": "y", "origin": [8, 11, -4]},
			"faces": {
				"north": {"uv": [7, 4.75, 9.75, 5.5], "texture": "#0"},
				"east": {"uv": [6.75, 4.75, 7, 5.5], "texture": "#0"},
				"south": {"uv": [10, 4.75, 12.75, 5.5], "texture": "#0"},
				"west": {"uv": [9.75, 4.75, 10, 5.5], "texture": "#0"},
				"up": {"uv": [9.75, 4.75, 7, 4.5], "texture": "#0"},
				"down": {"uv": [12.5, 4.5, 9.75, 4.75], "texture": "#0"}
			}
		},
		{
			"from": [-3, 4, -15],
			"to": [19, 8, -13],
			"rotation": {"angle": 0, "axis": "y", "origin": [8, 12, -7]},
			"faces": {
				"north": {"uv": [7, 5.75, 9.75, 6.25], "texture": "#0"},
				"east": {"uv": [6.75, 5.75, 7, 6.25], "texture": "#0"},
				"south": {"uv": [10, 5.75, 12.75, 6.25], "texture": "#0"},
				"west": {"uv": [9.75, 5.75, 10, 6.25], "texture": "#0"},
				"up": {"uv": [9.75, 5.75, 7, 5.5], "texture": "#0"},
				"down": {"uv": [12.5, 5.5, 9.75, 5.75], "texture": "#0"}
			}
		},
		{
			"from": [-3.25, 5, -13],
			"to": [-3, 8, -6],
			"rotation": {"angle": 0, "axis": "y", "origin": [4, 15, 1]},
			"faces": {
				"north": {"uv": [3.375, 1.25, 3.375, 1.625], "texture": "#0"},
				"east": {"uv": [2.5, 1.25, 3.375, 1.625], "texture": "#0"},
				"south": {"uv": [4.25, 1.25, 4.25, 1.625], "texture": "#0"},
				"west": {"uv": [3.375, 1.25, 4.25, 1.625], "texture": "#0"},
				"up": {"uv": [3.375, 1.25, 3.375, 0.375], "texture": "#0"},
				"down": {"uv": [3.375, 0.375, 3.375, 1.25], "texture": "#0"}
			}
		},
		{
			"from": [19, 5, -13],
			"to": [19.25, 8, -6],
			"rotation": {"angle": 0, "axis": "y", "origin": [26.25, 15, 1]},
			"faces": {
				"north": {"uv": [3.125, 0.875, 3.125, 1.25], "texture": "#0"},
				"east": {"uv": [2.25, 0.875, 3.125, 1.25], "texture": "#0"},
				"south": {"uv": [4, 0.875, 4, 1.25], "texture": "#0"},
				"west": {"uv": [3.125, 0.875, 4, 1.25], "texture": "#0"},
				"up": {"uv": [3.125, 0.875, 3.125, 0], "texture": "#0"},
				"down": {"uv": [3.125, 0, 3.125, 0.875], "texture": "#0"}
			}
		},
		{
			"from": [-3.25, 2, -9],
			"to": [-3, 5, -6],
			"rotation": {"angle": 0, "axis": "y", "origin": [4, 12, 1]},
			"faces": {
				"north": {"uv": [0.375, 9.625, 0.375, 10], "texture": "#0"},
				"east": {"uv": [0, 9.625, 0.375, 10], "texture": "#0"},
				"south": {"uv": [0.75, 9.625, 0.75, 10], "texture": "#0"},
				"west": {"uv": [0.375, 9.625, 0.75, 10], "texture": "#0"},
				"up": {"uv": [0.375, 9.625, 0.375, 9.25], "texture": "#0"},
				"down": {"uv": [0.375, 9.25, 0.375, 9.625], "texture": "#0"}
			}
		},
		{
			"from": [19, 2, -9],
			"to": [19.25, 5, -6],
			"rotation": {"angle": 0, "axis": "y", "origin": [26.25, 12, 1]},
			"faces": {
				"north": {"uv": [0.375, 0.375, 0.375, 0.75], "texture": "#0"},
				"east": {"uv": [0, 0.375, 0.375, 0.75], "texture": "#0"},
				"south": {"uv": [0.75, 0.375, 0.75, 0.75], "texture": "#0"},
				"west": {"uv": [0.375, 0.375, 0.75, 0.75], "texture": "#0"},
				"up": {"uv": [0.375, 0.375, 0.375, 0], "texture": "#0"},
				"down": {"uv": [0.375, 0, 0.375, 0.375], "texture": "#0"}
			}
		},
		{
			"from": [-3.25, 2, -11],
			"to": [-3, 5, -9],
			"rotation": {"angle": 0, "axis": "y", "origin": [4, 12, -2]},
			"faces": {
				"north": {"uv": [2.75, 3.5, 2.75, 3.875], "texture": "#0"},
				"east": {"uv": [2.5, 3.5, 2.75, 3.875], "texture": "#0"},
				"south": {"uv": [3, 3.5, 3, 3.875], "texture": "#0"},
				"west": {"uv": [2.75, 3.5, 3, 3.875], "texture": "#0"},
				"up": {"uv": [2.75, 3.5, 2.75, 3.25], "texture": "#0"},
				"down": {"uv": [2.75, 3.25, 2.75, 3.5], "texture": "#0"}
			}
		},
		{
			"from": [19, 2, -11],
			"to": [19.25, 5, -9],
			"rotation": {"angle": 0, "axis": "y", "origin": [26.25, 12, -2]},
			"faces": {
				"north": {"uv": [0.25, 3.25, 0.25, 3.625], "texture": "#0"},
				"east": {"uv": [0, 3.25, 0.25, 3.625], "texture": "#0"},
				"south": {"uv": [0.5, 3.25, 0.5, 3.625], "texture": "#0"},
				"west": {"uv": [0.25, 3.25, 0.5, 3.625], "texture": "#0"},
				"up": {"uv": [0.25, 3.25, 0.25, 3], "texture": "#0"},
				"down": {"uv": [0.25, 3, 0.25, 3.25], "texture": "#0"}
			}
		},
		{
			"from": [-3.25, 3, -13],
			"to": [-3, 5, -11],
			"rotation": {"angle": 0, "axis": "y", "origin": [4, 11, -4]},
			"faces": {
				"north": {"uv": [1.5, 0.75, 1.5, 1], "texture": "#0"},
				"east": {"uv": [1.25, 0.75, 1.5, 1], "texture": "#0"},
				"south": {"uv": [1.75, 0.75, 1.75, 1], "texture": "#0"},
				"west": {"uv": [1.5, 0.75, 1.75, 1], "texture": "#0"},
				"up": {"uv": [1.5, 0.75, 1.5, 0.5], "texture": "#0"},
				"down": {"uv": [1.5, 0.5, 1.5, 0.75], "texture": "#0"}
			}
		},
		{
			"from": [19, 3, -13],
			"to": [19.25, 5, -11],
			"rotation": {"angle": 0, "axis": "y", "origin": [26.25, 11, -4]},
			"faces": {
				"north": {"uv": [0.25, 0.75, 0.25, 1], "texture": "#0"},
				"east": {"uv": [0, 0.75, 0.25, 1], "texture": "#0"},
				"south": {"uv": [0.5, 0.75, 0.5, 1], "texture": "#0"},
				"west": {"uv": [0.25, 0.75, 0.5, 1], "texture": "#0"},
				"up": {"uv": [0.25, 0.75, 0.25, 0.5], "texture": "#0"},
				"down": {"uv": [0.25, 0.5, 0.25, 0.75], "texture": "#0"}
			}
		},
		{
			"from": [-3.25, 4, -15],
			"to": [-3, 5, -13],
			"rotation": {"angle": 0, "axis": "y", "origin": [4, 12, -6]},
			"faces": {
				"north": {"uv": [0.75, 0.25, 0.75, 0.375], "texture": "#0"},
				"east": {"uv": [0.5, 0.25, 0.75, 0.375], "texture": "#0"},
				"south": {"uv": [1, 0.25, 1, 0.375], "texture": "#0"},
				"west": {"uv": [0.75, 0.25, 1, 0.375], "texture": "#0"},
				"up": {"uv": [0.75, 0.25, 0.75, 0], "texture": "#0"},
				"down": {"uv": [0.75, 0, 0.75, 0.25], "texture": "#0"}
			}
		},
		{
			"from": [19, 4, -15],
			"to": [19.25, 5, -13],
			"rotation": {"angle": 0, "axis": "y", "origin": [26.25, 12, -6]},
			"faces": {
				"north": {"uv": [0.25, 0.25, 0.25, 0.375], "texture": "#0"},
				"east": {"uv": [0, 0.25, 0.25, 0.375], "texture": "#0"},
				"south": {"uv": [0.5, 0.25, 0.5, 0.375], "texture": "#0"},
				"west": {"uv": [0.25, 0.25, 0.5, 0.375], "texture": "#0"},
				"up": {"uv": [0.25, 0.25, 0.25, 0], "texture": "#0"},
				"down": {"uv": [0.25, 0, 0.25, 0.25], "texture": "#0"}
			}
		},
		{
			"from": [-3.25, 5, -15],
			"to": [-3, 7, -13],
			"rotation": {"angle": 0, "axis": "y", "origin": [4, 13, -6]},
			"faces": {
				"north": {"uv": [1.5, 0.25, 1.5, 0.5], "texture": "#0"},
				"east": {"uv": [1.25, 0.25, 1.5, 0.5], "texture": "#0"},
				"south": {"uv": [1.75, 0.25, 1.75, 0.5], "texture": "#0"},
				"west": {"uv": [1.5, 0.25, 1.75, 0.5], "texture": "#0"},
				"up": {"uv": [1.5, 0.25, 1.5, 0], "texture": "#0"},
				"down": {"uv": [1.5, 0, 1.5, 0.25], "texture": "#0"}
			}
		},
		{
			"from": [19, 5, -15],
			"to": [19.25, 7, -13],
			"rotation": {"angle": 0, "axis": "y", "origin": [26.25, 13, -6]},
			"faces": {
				"north": {"uv": [0.75, 0.75, 0.75, 1], "texture": "#0"},
				"east": {"uv": [0.5, 0.75, 0.75, 1], "texture": "#0"},
				"south": {"uv": [1, 0.75, 1, 1], "texture": "#0"},
				"west": {"uv": [0.75, 0.75, 1, 1], "texture": "#0"},
				"up": {"uv": [0.75, 0.75, 0.75, 0.5], "texture": "#0"},
				"down": {"uv": [0.75, 0.5, 0.75, 0.75], "texture": "#0"}
			}
		},
		{
			"from": [-3, 4, -15.25],
			"to": [19, 5, -15],
			"rotation": {"angle": 0, "axis": "y", "origin": [8, 12, -8]},
			"faces": {
				"north": {"uv": [6.75, 6.25, 9.5, 6.375], "texture": "#0"},
				"east": {"uv": [6.75, 6.25, 6.75, 6.375], "texture": "#0"},
				"south": {"uv": [9.5, 6.25, 12.25, 6.375], "texture": "#0"},
				"west": {"uv": [9.5, 6.25, 9.5, 6.375], "texture": "#0"},
				"up": {"uv": [9.5, 6.25, 6.75, 6.25], "texture": "#0"},
				"down": {"uv": [12.25, 6.25, 9.5, 6.25], "texture": "#0"}
			}
		},
		{
			"from": [-3, 5, -15.25],
			"to": [19, 7, -15],
			"rotation": {"angle": 0, "axis": "y", "origin": [8, 14, -8]},
			"faces": {
				"north": {"uv": [9.375, 3, 12.125, 3.25], "texture": "#0"},
				"east": {"uv": [9.375, 3, 9.375, 3.25], "texture": "#0"},
				"south": {"uv": [12.125, 3, 14.875, 3.25], "texture": "#0"},
				"west": {"uv": [12.125, 3, 12.125, 3.25], "texture": "#0"},
				"up": {"uv": [12.125, 3, 9.375, 3], "texture": "#0"},
				"down": {"uv": [14.875, 3, 12.125, 3], "texture": "#0"}
			}
		}
	],
	"display": {
		"thirdperson_righthand": {
			"rotation": [0, 90, 0],
			"translation": [0, -1, -2.5],
			"scale": [0.25, 0.25, 0.25]
		},
		"thirdperson_lefthand": {
			"rotation": [0, 90, 0],
			"translation": [0, 3, -2.5],
			"scale": [0.25, 0.25, 0.25]
		},
		"firstperson_righthand": {
			"rotation": [0, -25, 0],
			"translation": [-16.37, 5.2, 5.63],
			"scale": [0.25, 0.25, 0.25]
		},
		"firstperson_lefthand": {
			"rotation": [0, -25, 0],
			"translation": [-16.37, 5.2, 5.63],
			"scale": [0.25, 0.25, 0.25]
		},
		"ground": {
			"scale": [0.25, 0.25, 0.25]
		},
		"gui": {
			"rotation": [0, 90, 0],
			"scale": [0.25, 0.25, 0.25]
		},
		"head": {
			"translation": [0, 0, -7],
			"scale": [2, 2, 2]
		},
		"fixed": {
			"rotation": [0, 90, 0],
			"scale": [0.25, 0.25, 0.25]
		}
	}
}