{
	"credit": "Made with Blockbench",
	"ambientocclusion": false,
	"texture_size": [128, 128],
	"textures": {
		"1": "ohben/SEARMS",
		"particle": "ohben/Steeleel",
		"voxels_atlas": "ohben/Steeleel"
	},
	"elements": [
		{
			"from": [-3, 0, 22],
			"to": [-2, 10, 30],
			"rotation": {"angle": 0, "axis": "y", "origin": [5, 8, 24]},
			"faces": {
				"north": {"uv": [5.5, 10.875, 5.625, 12.125], "texture": "#voxels_atlas"},
				"east": {"uv": [4.5, 10.875, 5.5, 12.125], "texture": "#voxels_atlas"},
				"south": {"uv": [6.625, 10.875, 6.75, 12.125], "texture": "#voxels_atlas"},
				"west": {"uv": [5.625, 10.875, 6.625, 12.125], "texture": "#voxels_atlas"},
				"up": {"uv": [5.625, 10.875, 5.5, 9.875], "texture": "#voxels_atlas"},
				"down": {"uv": [5.75, 9.875, 5.625, 10.875], "texture": "#voxels_atlas"}
			}
		},
		{
			"from": [-3, 0, 10],
			"to": [-2, 10, 18],
			"rotation": {"angle": 0, "axis": "y", "origin": [5, 8, 12]},
			"faces": {
				"north": {"uv": [9.625, 9.875, 9.75, 11.125], "texture": "#voxels_atlas"},
				"east": {"uv": [8.625, 9.875, 9.625, 11.125], "texture": "#voxels_atlas"},
				"south": {"uv": [10.75, 9.875, 10.875, 11.125], "texture": "#voxels_atlas"},
				"west": {"uv": [9.75, 9.875, 10.75, 11.125], "texture": "#voxels_atlas"},
				"up": {"uv": [9.75, 9.875, 9.625, 8.875], "texture": "#voxels_atlas"},
				"down": {"uv": [9.875, 8.875, 9.75, 9.875], "texture": "#voxels_atlas"}
			}
		},
		{
			"from": [18, 0, 10],
			"to": [19, 10, 18],
			"rotation": {"angle": 0, "axis": "y", "origin": [26, 8, 12]},
			"faces": {
				"north": {"uv": [2.25, 2.25, 2.375, 3.5], "texture": "#voxels_atlas"},
				"east": {"uv": [1.25, 2.25, 2.25, 3.5], "texture": "#voxels_atlas"},
				"south": {"uv": [3.375, 2.25, 3.5, 3.5], "texture": "#voxels_atlas"},
				"west": {"uv": [2.375, 2.25, 3.375, 3.5], "texture": "#voxels_atlas"},
				"up": {"uv": [2.375, 2.25, 2.25, 1.25], "texture": "#voxels_atlas"},
				"down": {"uv": [2.5, 1.25, 2.375, 2.25], "texture": "#voxels_atlas"}
			}
		},
		{
			"from": [-3, 0, -2],
			"to": [-2, 10, 6],
			"rotation": {"angle": 0, "axis": "y", "origin": [5, 8, 0]},
			"faces": {
				"north": {"uv": [1, 1, 1.125, 2.25], "texture": "#voxels_atlas"},
				"east": {"uv": [0, 1, 1, 2.25], "texture": "#voxels_atlas"},
				"south": {"uv": [2.125, 1, 2.25, 2.25], "texture": "#voxels_atlas"},
				"west": {"uv": [1.125, 1, 2.125, 2.25], "texture": "#voxels_atlas"},
				"up": {"uv": [1.125, 1, 1, 0], "texture": "#voxels_atlas"},
				"down": {"uv": [1.25, 0, 1.125, 1], "texture": "#voxels_atlas"}
			}
		},
		{
			"from": [18, 0, -2],
			"to": [19, 10, 6],
			"rotation": {"angle": 0, "axis": "y", "origin": [26, 8, 0]},
			"faces": {
				"north": {"uv": [1, 9.875, 1.125, 11.125], "texture": "#voxels_atlas"},
				"east": {"uv": [0, 9.875, 1, 11.125], "texture": "#voxels_atlas"},
				"south": {"uv": [2.125, 9.875, 2.25, 11.125], "texture": "#voxels_atlas"},
				"west": {"uv": [1.125, 9.875, 2.125, 11.125], "texture": "#voxels_atlas"},
				"up": {"uv": [1.125, 9.875, 1, 8.875], "texture": "#voxels_atlas"},
				"down": {"uv": [1.25, 8.875, 1.125, 9.875], "texture": "#voxels_atlas"}
			}
		},
		{
			"from": [18, 0, 22],
			"to": [19, 10, 30],
			"rotation": {"angle": 0, "axis": "y", "origin": [26, 8, 24]},
			"faces": {
				"north": {"uv": [10.375, 1.375, 10.5, 2.625], "texture": "#voxels_atlas"},
				"east": {"uv": [9.375, 1.375, 10.375, 2.625], "texture": "#voxels_atlas"},
				"south": {"uv": [11.5, 1.375, 11.625, 2.625], "texture": "#voxels_atlas"},
				"west": {"uv": [10.5, 1.375, 11.5, 2.625], "texture": "#voxels_atlas"},
				"up": {"uv": [10.5, 1.375, 10.375, 0.375], "texture": "#voxels_atlas"},
				"down": {"uv": [10.625, 0.375, 10.5, 1.375], "texture": "#voxels_atlas"}
			}
		},
		{
			"from": [-2, 0, 29],
			"to": [18, 10, 30],
			"rotation": {"angle": 0, "axis": "y", "origin": [8, 8, 37]},
			"faces": {
				"north": {"uv": [6.875, 4.625, 9.375, 5.875], "texture": "#voxels_atlas"},
				"east": {"uv": [6.75, 4.625, 6.875, 5.875], "texture": "#voxels_atlas"},
				"south": {"uv": [9.5, 4.625, 12, 5.875], "texture": "#voxels_atlas"},
				"west": {"uv": [9.375, 4.625, 9.5, 5.875], "texture": "#voxels_atlas"},
				"up": {"uv": [9.375, 4.625, 6.875, 4.5], "texture": "#voxels_atlas"},
				"down": {"uv": [11.875, 4.5, 9.375, 4.625], "texture": "#voxels_atlas"}
			}
		},
		{
			"from": [-1, 10, 29],
			"to": [17, 13, 30],
			"rotation": {"angle": 0, "axis": "y", "origin": [8, 18, 37]},
			"faces": {
				"north": {"uv": [0.125, 8.5, 2.375, 8.875], "texture": "#voxels_atlas"},
				"east": {"uv": [0, 8.5, 0.125, 8.875], "texture": "#voxels_atlas"},
				"south": {"uv": [2.5, 8.5, 4.75, 8.875], "texture": "#voxels_atlas"},
				"west": {"uv": [2.375, 8.5, 2.5, 8.875], "texture": "#voxels_atlas"},
				"up": {"uv": [2.375, 8.5, 0.125, 8.375], "texture": "#voxels_atlas"},
				"down": {"uv": [4.625, 8.375, 2.375, 8.5], "texture": "#voxels_atlas"}
			}
		},
		{
			"from": [17, 10, 29],
			"to": [18, 11, 30],
			"rotation": {"angle": 0, "axis": "y", "origin": [26, 18, 37]},
			"faces": {
				"north": {"uv": [0.125, 0.375, 0.25, 0.5], "texture": "#voxels_atlas"},
				"east": {"uv": [0, 0.375, 0.125, 0.5], "texture": "#voxels_atlas"},
				"south": {"uv": [0.375, 0.375, 0.5, 0.5], "texture": "#voxels_atlas"},
				"west": {"uv": [0.25, 0.375, 0.375, 0.5], "texture": "#voxels_atlas"},
				"up": {"uv": [0.25, 0.375, 0.125, 0.25], "texture": "#voxels_atlas"},
				"down": {"uv": [0.375, 0.25, 0.25, 0.375], "texture": "#voxels_atlas"}
			}
		},
		{
			"from": [-2, 10, 29],
			"to": [-1, 11, 30],
			"rotation": {"angle": 0, "axis": "y", "origin": [7, 18, 37]},
			"faces": {
				"north": {"uv": [0.125, 0.125, 0.25, 0.25], "texture": "#voxels_atlas"},
				"east": {"uv": [0, 0.125, 0.125, 0.25], "texture": "#voxels_atlas"},
				"south": {"uv": [0.375, 0.125, 0.5, 0.25], "texture": "#voxels_atlas"},
				"west": {"uv": [0.25, 0.125, 0.375, 0.25], "texture": "#voxels_atlas"},
				"up": {"uv": [0.25, 0.125, 0.125, 0], "texture": "#voxels_atlas"},
				"down": {"uv": [0.375, 0, 0.25, 0.125], "texture": "#voxels_atlas"}
			}
		},
		{
			"from": [-3, 0, -11],
			"to": [19, 12, -6],
			"rotation": {"angle": 0, "axis": "y", "origin": [8, 8, 1]},
			"faces": {
				"north": {"uv": [0.625, 5.125, 3.375, 6.625], "texture": "#voxels_atlas"},
				"east": {"uv": [0, 5.125, 0.625, 6.625], "texture": "#voxels_atlas"},
				"south": {"uv": [4, 5.125, 6.75, 6.625], "texture": "#voxels_atlas"},
				"west": {"uv": [3.375, 5.125, 4, 6.625], "texture": "#voxels_atlas"},
				"up": {"uv": [3.375, 5.125, 0.625, 4.5], "texture": "#voxels_atlas"},
				"down": {"uv": [6.125, 4.5, 3.375, 5.125], "texture": "#voxels_atlas"}
			}
		},
		{
			"from": [-2, 0, -6],
			"to": [18, 1, 29],
			"rotation": {"angle": 0, "axis": "y", "origin": [8, 8, 10]},
			"faces": {
				"north": {"uv": [4.375, 4.375, 6.875, 4.5], "texture": "#voxels_atlas"},
				"east": {"uv": [0, 4.375, 4.375, 4.5], "texture": "#voxels_atlas"},
				"south": {"uv": [11.25, 4.375, 13.75, 4.5], "texture": "#voxels_atlas"},
				"west": {"uv": [6.875, 4.375, 11.25, 4.5], "texture": "#voxels_atlas"},
				"up": {"uv": [6.875, 4.375, 4.375, 0], "texture": "#voxels_atlas"},
				"down": {"uv": [9.375, 0, 6.875, 4.375], "texture": "#voxels_atlas"}
			}
		},
		{
			"from": [-1, 1, 28],
			"to": [17, 13, 29],
			"rotation": {"angle": 0, "axis": "y", "origin": [8, 9, 36]},
			"faces": {
				"north": {"uv": [5, 8.375, 7.25, 9.875], "texture": "#voxels_atlas"},
				"east": {"uv": [4.875, 8.375, 5, 9.875], "texture": "#voxels_atlas"},
				"south": {"uv": [7.375, 8.375, 9.625, 9.875], "texture": "#voxels_atlas"},
				"west": {"uv": [7.25, 8.375, 7.375, 9.875], "texture": "#voxels_atlas"},
				"up": {"uv": [7.25, 8.375, 5, 8.25], "texture": "#voxels_atlas"},
				"down": {"uv": [9.5, 8.25, 7.25, 8.375], "texture": "#voxels_atlas"}
			}
		},
		{
			"from": [-1, 1, 16],
			"to": [17, 13, 18],
			"rotation": {"angle": 0, "axis": "y", "origin": [8, 9, 24]},
			"faces": {
				"north": {"uv": [0.25, 6.875, 2.5, 8.375], "texture": "#voxels_atlas"},
				"east": {"uv": [0, 6.875, 0.25, 8.375], "texture": "#voxels_atlas"},
				"south": {"uv": [2.75, 6.875, 5, 8.375], "texture": "#voxels_atlas"},
				"west": {"uv": [2.5, 6.875, 2.75, 8.375], "texture": "#voxels_atlas"},
				"up": {"uv": [2.5, 6.875, 0.25, 6.625], "texture": "#voxels_atlas"},
				"down": {"uv": [4.75, 6.625, 2.5, 6.875], "texture": "#voxels_atlas"}
			}
		},
		{
			"from": [-1, 1, 4],
			"to": [17, 13, 6],
			"rotation": {"angle": 0, "axis": "y", "origin": [8, 9, 12]},
			"faces": {
				"north": {"uv": [6.75, 6.75, 9, 8.25], "texture": "#voxels_atlas"},
				"east": {"uv": [6.5, 6.75, 6.75, 8.25], "texture": "#voxels_atlas"},
				"south": {"uv": [9.25, 6.75, 11.5, 8.25], "texture": "#voxels_atlas"},
				"west": {"uv": [9, 6.75, 9.25, 8.25], "texture": "#voxels_atlas"},
				"up": {"uv": [9, 6.75, 6.75, 6.5], "texture": "#voxels_atlas"},
				"down": {"uv": [11.25, 6.5, 9, 6.75], "texture": "#voxels_atlas"}
			}
		},
		{
			"from": [-1, 1, 23],
			"to": [7, 3, 27],
			"rotation": {"angle": 0, "axis": "y", "origin": [7, 9, 34]},
			"faces": {
				"north": {"uv": [10.375, 9.5, 11.375, 9.75], "texture": "#voxels_atlas"},
				"east": {"uv": [9.875, 9.5, 10.375, 9.75], "texture": "#voxels_atlas"},
				"south": {"uv": [11.875, 9.5, 12.875, 9.75], "texture": "#voxels_atlas"},
				"west": {"uv": [11.375, 9.5, 11.875, 9.75], "texture": "#voxels_atlas"},
				"up": {"uv": [11.375, 9.5, 10.375, 9], "texture": "#voxels_atlas"},
				"down": {"uv": [12.375, 9, 11.375, 9.5], "texture": "#voxels_atlas"}
			}
		},
		{
			"from": [-1, 1, 11],
			"to": [7, 3, 15],
			"rotation": {"angle": 0, "axis": "y", "origin": [7, 9, 22]},
			"faces": {
				"north": {"uv": [9.875, 3.875, 10.875, 4.125], "texture": "#voxels_atlas"},
				"east": {"uv": [9.375, 3.875, 9.875, 4.125], "texture": "#voxels_atlas"},
				"south": {"uv": [11.375, 3.875, 12.375, 4.125], "texture": "#voxels_atlas"},
				"west": {"uv": [10.875, 3.875, 11.375, 4.125], "texture": "#voxels_atlas"},
				"up": {"uv": [10.875, 3.875, 9.875, 3.375], "texture": "#voxels_atlas"},
				"down": {"uv": [11.875, 3.375, 10.875, 3.875], "texture": "#voxels_atlas"}
			}
		},
		{
			"from": [-1, 1, -1],
			"to": [7, 3, 3],
			"rotation": {"angle": 0, "axis": "y", "origin": [7, 9, 10]},
			"faces": {
				"north": {"uv": [0.5, 4, 1.5, 4.25], "texture": "#voxels_atlas"},
				"east": {"uv": [0, 4, 0.5, 4.25], "texture": "#voxels_atlas"},
				"south": {"uv": [2, 4, 3, 4.25], "texture": "#voxels_atlas"},
				"west": {"uv": [1.5, 4, 2, 4.25], "texture": "#voxels_atlas"},
				"up": {"uv": [1.5, 4, 0.5, 3.5], "texture": "#voxels_atlas"},
				"down": {"uv": [2.5, 3.5, 1.5, 4], "texture": "#voxels_atlas"}
			}
		},
		{
			"from": [9, 1, 11],
			"to": [17, 3, 15],
			"rotation": {"angle": 0, "axis": "y", "origin": [17, 9, 22]},
			"faces": {
				"north": {"uv": [9.875, 3.125, 10.875, 3.375], "texture": "#voxels_atlas"},
				"east": {"uv": [9.375, 3.125, 9.875, 3.375], "texture": "#voxels_atlas"},
				"south": {"uv": [11.375, 3.125, 12.375, 3.375], "texture": "#voxels_atlas"},
				"west": {"uv": [10.875, 3.125, 11.375, 3.375], "texture": "#voxels_atlas"},
				"up": {"uv": [10.875, 3.125, 9.875, 2.625], "texture": "#voxels_atlas"},
				"down": {"uv": [11.875, 2.625, 10.875, 3.125], "texture": "#voxels_atlas"}
			}
		},
		{
			"from": [9, 1, -1],
			"to": [17, 3, 3],
			"rotation": {"angle": 0, "axis": "y", "origin": [17, 9, 10]},
			"faces": {
				"north": {"uv": [1.75, 0.5, 2.75, 0.75], "texture": "#voxels_atlas"},
				"east": {"uv": [1.25, 0.5, 1.75, 0.75], "texture": "#voxels_atlas"},
				"south": {"uv": [3.25, 0.5, 4.25, 0.75], "texture": "#voxels_atlas"},
				"west": {"uv": [2.75, 0.5, 3.25, 0.75], "texture": "#voxels_atlas"},
				"up": {"uv": [2.75, 0.5, 1.75, 0], "texture": "#voxels_atlas"},
				"down": {"uv": [3.75, 0, 2.75, 0.5], "texture": "#voxels_atlas"}
			}
		},
		{
			"from": [9, 1, 23],
			"to": [17, 3, 27],
			"rotation": {"angle": 0, "axis": "y", "origin": [17, 9, 34]},
			"faces": {
				"north": {"uv": [10.375, 8.75, 11.375, 9], "texture": "#voxels_atlas"},
				"east": {"uv": [9.875, 8.75, 10.375, 9], "texture": "#voxels_atlas"},
				"south": {"uv": [11.875, 8.75, 12.875, 9], "texture": "#voxels_atlas"},
				"west": {"uv": [11.375, 8.75, 11.875, 9], "texture": "#voxels_atlas"},
				"up": {"uv": [11.375, 8.75, 10.375, 8.25], "texture": "#voxels_atlas"},
				"down": {"uv": [12.375, 8.25, 11.375, 8.75], "texture": "#voxels_atlas"}
			}
		},
		{
			"from": [-1, 1, 27],
			"to": [7, 10, 28],
			"rotation": {"angle": 0, "axis": "y", "origin": [7, 9, 35]},
			"faces": {
				"north": {"uv": [12.5, 3, 13.5, 4.125], "texture": "#voxels_atlas"},
				"east": {"uv": [12.375, 3, 12.5, 4.125], "texture": "#voxels_atlas"},
				"south": {"uv": [13.625, 3, 14.625, 4.125], "texture": "#voxels_atlas"},
				"west": {"uv": [13.5, 3, 13.625, 4.125], "texture": "#voxels_atlas"},
				"up": {"uv": [13.5, 3, 12.5, 2.875], "texture": "#voxels_atlas"},
				"down": {"uv": [14.5, 2.875, 13.5, 3], "texture": "#voxels_atlas"}
			}
		},
		{
			"from": [-1, 1, 15],
			"to": [7, 10, 16],
			"rotation": {"angle": 0, "axis": "y", "origin": [7, 9, 23]},
			"faces": {
				"north": {"uv": [12, 1.75, 13, 2.875], "texture": "#voxels_atlas"},
				"east": {"uv": [11.875, 1.75, 12, 2.875], "texture": "#voxels_atlas"},
				"south": {"uv": [13.125, 1.75, 14.125, 2.875], "texture": "#voxels_atlas"},
				"west": {"uv": [13, 1.75, 13.125, 2.875], "texture": "#voxels_atlas"},
				"up": {"uv": [13, 1.75, 12, 1.625], "texture": "#voxels_atlas"},
				"down": {"uv": [14, 1.625, 13, 1.75], "texture": "#voxels_atlas"}
			}
		},
		{
			"from": [-1, 1, 3],
			"to": [7, 10, 4],
			"rotation": {"angle": 0, "axis": "y", "origin": [7, 9, 11]},
			"faces": {
				"north": {"uv": [11.75, 0.5, 12.75, 1.625], "texture": "#voxels_atlas"},
				"east": {"uv": [11.625, 0.5, 11.75, 1.625], "texture": "#voxels_atlas"},
				"south": {"uv": [12.875, 0.5, 13.875, 1.625], "texture": "#voxels_atlas"},
				"west": {"uv": [12.75, 0.5, 12.875, 1.625], "texture": "#voxels_atlas"},
				"up": {"uv": [12.75, 0.5, 11.75, 0.375], "texture": "#voxels_atlas"},
				"down": {"uv": [13.75, 0.375, 12.75, 0.5], "texture": "#voxels_atlas"}
			}
		},
		{
			"from": [9, 1, 27],
			"to": [17, 10, 28],
			"rotation": {"angle": 0, "axis": "y", "origin": [17, 9, 35]},
			"faces": {
				"north": {"uv": [12.125, 4.625, 13.125, 5.75], "texture": "#voxels_atlas"},
				"east": {"uv": [12, 4.625, 12.125, 5.75], "texture": "#voxels_atlas"},
				"south": {"uv": [13.25, 4.625, 14.25, 5.75], "texture": "#voxels_atlas"},
				"west": {"uv": [13.125, 4.625, 13.25, 5.75], "texture": "#voxels_atlas"},
				"up": {"uv": [13.125, 4.625, 12.125, 4.5], "texture": "#voxels_atlas"},
				"down": {"uv": [14.125, 4.5, 13.125, 4.625], "texture": "#voxels_atlas"}
			}
		},
		{
			"from": [9, 1, 15],
			"to": [17, 10, 16],
			"rotation": {"angle": 0, "axis": "y", "origin": [17, 9, 23]},
			"faces": {
				"north": {"uv": [12, 12, 13, 13.125], "texture": "#voxels_atlas"},
				"east": {"uv": [11.875, 12, 12, 13.125], "texture": "#voxels_atlas"},
				"south": {"uv": [13.125, 12, 14.125, 13.125], "texture": "#voxels_atlas"},
				"west": {"uv": [13, 12, 13.125, 13.125], "texture": "#voxels_atlas"},
				"up": {"uv": [13, 12, 12, 11.875], "texture": "#voxels_atlas"},
				"down": {"uv": [14, 11.875, 13, 12], "texture": "#voxels_atlas"}
			}
		},
		{
			"from": [9, 1, 3],
			"to": [17, 10, 4],
			"rotation": {"angle": 0, "axis": "y", "origin": [17, 9, 11]},
			"faces": {
				"north": {"uv": [11.625, 6.5, 12.625, 7.625], "texture": "#voxels_atlas"},
				"east": {"uv": [11.5, 6.5, 11.625, 7.625], "texture": "#voxels_atlas"},
				"south": {"uv": [12.75, 6.5, 13.75, 7.625], "texture": "#voxels_atlas"},
				"west": {"uv": [12.625, 6.5, 12.75, 7.625], "texture": "#voxels_atlas"},
				"up": {"uv": [12.625, 6.5, 11.625, 6.375], "texture": "#voxels_atlas"},
				"down": {"uv": [13.625, 6.375, 12.625, 6.5], "texture": "#voxels_atlas"}
			}
		},
		{
			"from": [0, 10, 27],
			"to": [6, 12, 28],
			"rotation": {"angle": 0, "axis": "y", "origin": [7, 18, 35]},
			"faces": {
				"north": {"uv": [13, 9.875, 13.75, 10.125], "texture": "#voxels_atlas"},
				"east": {"uv": [12.875, 9.875, 13, 10.125], "texture": "#voxels_atlas"},
				"south": {"uv": [13.875, 9.875, 14.625, 10.125], "texture": "#voxels_atlas"},
				"west": {"uv": [13.75, 9.875, 13.875, 10.125], "texture": "#voxels_atlas"},
				"up": {"uv": [13.75, 9.875, 13, 9.75], "texture": "#voxels_atlas"},
				"down": {"uv": [14.5, 9.75, 13.75, 9.875], "texture": "#voxels_atlas"}
			}
		},
		{
			"from": [0, 10, 15],
			"to": [6, 12, 16],
			"rotation": {"angle": 0, "axis": "y", "origin": [7, 18, 23]},
			"faces": {
				"north": {"uv": [12.5, 8.125, 13.25, 8.375], "texture": "#voxels_atlas"},
				"east": {"uv": [12.375, 8.125, 12.5, 8.375], "texture": "#voxels_atlas"},
				"south": {"uv": [13.375, 8.125, 14.125, 8.375], "texture": "#voxels_atlas"},
				"west": {"uv": [13.25, 8.125, 13.375, 8.375], "texture": "#voxels_atlas"},
				"up": {"uv": [13.25, 8.125, 12.5, 8], "texture": "#voxels_atlas"},
				"down": {"uv": [14, 8, 13.25, 8.125], "texture": "#voxels_atlas"}
			}
		},
		{
			"from": [0, 10, 3],
			"to": [6, 12, 4],
			"rotation": {"angle": 0, "axis": "y", "origin": [7, 18, 11]},
			"faces": {
				"north": {"uv": [5.875, 10.375, 6.625, 10.625], "texture": "#voxels_atlas"},
				"east": {"uv": [5.75, 10.375, 5.875, 10.625], "texture": "#voxels_atlas"},
				"south": {"uv": [6.75, 10.375, 7.5, 10.625], "texture": "#voxels_atlas"},
				"west": {"uv": [6.625, 10.375, 6.75, 10.625], "texture": "#voxels_atlas"},
				"up": {"uv": [6.625, 10.375, 5.875, 10.25], "texture": "#voxels_atlas"},
				"down": {"uv": [7.375, 10.25, 6.625, 10.375], "texture": "#voxels_atlas"}
			}
		},
		{
			"from": [10, 10, 27],
			"to": [16, 12, 28],
			"rotation": {"angle": 0, "axis": "y", "origin": [17, 18, 35]},
			"faces": {
				"north": {"uv": [13, 9.5, 13.75, 9.75], "texture": "#voxels_atlas"},
				"east": {"uv": [12.875, 9.5, 13, 9.75], "texture": "#voxels_atlas"},
				"south": {"uv": [13.875, 9.5, 14.625, 9.75], "texture": "#voxels_atlas"},
				"west": {"uv": [13.75, 9.5, 13.875, 9.75], "texture": "#voxels_atlas"},
				"up": {"uv": [13.75, 9.5, 13, 9.375], "texture": "#voxels_atlas"},
				"down": {"uv": [14.5, 9.375, 13.75, 9.5], "texture": "#voxels_atlas"}
			}
		},
		{
			"from": [10, 10, 15],
			"to": [16, 12, 16],
			"rotation": {"angle": 0, "axis": "y", "origin": [17, 18, 23]},
			"faces": {
				"north": {"uv": [12.375, 5.875, 13.125, 6.125], "texture": "#voxels_atlas"},
				"east": {"uv": [12.25, 5.875, 12.375, 6.125], "texture": "#voxels_atlas"},
				"south": {"uv": [13.25, 5.875, 14, 6.125], "texture": "#voxels_atlas"},
				"west": {"uv": [13.125, 5.875, 13.25, 6.125], "texture": "#voxels_atlas"},
				"up": {"uv": [13.125, 5.875, 12.375, 5.75], "texture": "#voxels_atlas"},
				"down": {"uv": [13.875, 5.75, 13.125, 5.875], "texture": "#voxels_atlas"}
			}
		},
		{
			"from": [10, 10, 3],
			"to": [16, 12, 4],
			"rotation": {"angle": 0, "axis": "y", "origin": [17, 18, 11]},
			"faces": {
				"north": {"uv": [5.875, 10, 6.625, 10.25], "texture": "#voxels_atlas"},
				"east": {"uv": [5.75, 10, 5.875, 10.25], "texture": "#voxels_atlas"},
				"south": {"uv": [6.75, 10, 7.5, 10.25], "texture": "#voxels_atlas"},
				"west": {"uv": [6.625, 10, 6.75, 10.25], "texture": "#voxels_atlas"},
				"up": {"uv": [6.625, 10, 5.875, 9.875], "texture": "#voxels_atlas"},
				"down": {"uv": [7.375, 9.875, 6.625, 10], "texture": "#voxels_atlas"}
			}
		},
		{
			"from": [-2, 1, 28],
			"to": [-1, 11, 29],
			"rotation": {"angle": 0, "axis": "y", "origin": [6, 9, 36]},
			"faces": {
				"north": {"uv": [10.875, 13.25, 11, 14.5], "texture": "#voxels_atlas"},
				"east": {"uv": [10.75, 13.25, 10.875, 14.5], "texture": "#voxels_atlas"},
				"south": {"uv": [11.125, 13.25, 11.25, 14.5], "texture": "#voxels_atlas"},
				"west": {"uv": [11, 13.25, 11.125, 14.5], "texture": "#voxels_atlas"},
				"up": {"uv": [11, 13.25, 10.875, 13.125], "texture": "#voxels_atlas"},
				"down": {"uv": [11.125, 13.125, 11, 13.25], "texture": "#voxels_atlas"}
			}
		},
		{
			"from": [-2, 1, 16],
			"to": [-1, 11, 18],
			"rotation": {"angle": 0, "axis": "y", "origin": [6, 9, 24]},
			"faces": {
				"north": {"uv": [1, 13.25, 1.125, 14.5], "texture": "#voxels_atlas"},
				"east": {"uv": [0.75, 13.25, 1, 14.5], "texture": "#voxels_atlas"},
				"south": {"uv": [1.375, 13.25, 1.5, 14.5], "texture": "#voxels_atlas"},
				"west": {"uv": [1.125, 13.25, 1.375, 14.5], "texture": "#voxels_atlas"},
				"up": {"uv": [1.125, 13.25, 1, 13], "texture": "#voxels_atlas"},
				"down": {"uv": [1.25, 13, 1.125, 13.25], "texture": "#voxels_atlas"}
			}
		},
		{
			"from": [-2, 1, 4],
			"to": [-1, 11, 6],
			"rotation": {"angle": 0, "axis": "y", "origin": [6, 9, 12]},
			"faces": {
				"north": {"uv": [11.5, 13.125, 11.625, 14.375], "texture": "#voxels_atlas"},
				"east": {"uv": [11.25, 13.125, 11.5, 14.375], "texture": "#voxels_atlas"},
				"south": {"uv": [11.875, 13.125, 12, 14.375], "texture": "#voxels_atlas"},
				"west": {"uv": [11.625, 13.125, 11.875, 14.375], "texture": "#voxels_atlas"},
				"up": {"uv": [11.625, 13.125, 11.5, 12.875], "texture": "#voxels_atlas"},
				"down": {"uv": [11.75, 12.875, 11.625, 13.125], "texture": "#voxels_atlas"}
			}
		},
		{
			"from": [17, 1, 16],
			"to": [18, 11, 18],
			"rotation": {"angle": 0, "axis": "y", "origin": [25, 9, 24]},
			"faces": {
				"north": {"uv": [0.25, 13.25, 0.375, 14.5], "texture": "#voxels_atlas"},
				"east": {"uv": [0, 13.25, 0.25, 14.5], "texture": "#voxels_atlas"},
				"south": {"uv": [0.625, 13.25, 0.75, 14.5], "texture": "#voxels_atlas"},
				"west": {"uv": [0.375, 13.25, 0.625, 14.5], "texture": "#voxels_atlas"},
				"up": {"uv": [0.375, 13.25, 0.25, 13], "texture": "#voxels_atlas"},
				"down": {"uv": [0.5, 13, 0.375, 13.25], "texture": "#voxels_atlas"}
			}
		},
		{
			"from": [17, 1, 4],
			"to": [18, 11, 6],
			"rotation": {"angle": 0, "axis": "y", "origin": [25, 9, 12]},
			"faces": {
				"north": {"uv": [3.75, 1.625, 3.875, 2.875], "texture": "#voxels_atlas"},
				"east": {"uv": [3.5, 1.625, 3.75, 2.875], "texture": "#voxels_atlas"},
				"south": {"uv": [4.125, 1.625, 4.25, 2.875], "texture": "#voxels_atlas"},
				"west": {"uv": [3.875, 1.625, 4.125, 2.875], "texture": "#voxels_atlas"},
				"up": {"uv": [3.875, 1.625, 3.75, 1.375], "texture": "#voxels_atlas"},
				"down": {"uv": [4, 1.375, 3.875, 1.625], "texture": "#voxels_atlas"}
			}
		},
		{
			"from": [17, 1, 28],
			"to": [18, 11, 29],
			"rotation": {"angle": 0, "axis": "y", "origin": [25, 9, 36]},
			"faces": {
				"north": {"uv": [3.125, 13.125, 3.25, 14.375], "texture": "#voxels_atlas"},
				"east": {"uv": [3, 13.125, 3.125, 14.375], "texture": "#voxels_atlas"},
				"south": {"uv": [3.375, 13.125, 3.5, 14.375], "texture": "#voxels_atlas"},
				"west": {"uv": [3.25, 13.125, 3.375, 14.375], "texture": "#voxels_atlas"},
				"up": {"uv": [3.25, 13.125, 3.125, 13], "texture": "#voxels_atlas"},
				"down": {"uv": [3.375, 13, 3.25, 13.125], "texture": "#voxels_atlas"}
			}
		},
		{
			"from": [-3, 0, 6],
			"to": [-2, 1, 10],
			"rotation": {"angle": 0, "axis": "y", "origin": [5, 8, 17]},
			"faces": {
				"north": {"uv": [10, 13.625, 10.125, 13.75], "texture": "#voxels_atlas"},
				"east": {"uv": [9.5, 13.625, 10, 13.75], "texture": "#voxels_atlas"},
				"south": {"uv": [10.625, 13.625, 10.75, 13.75], "texture": "#voxels_atlas"},
				"west": {"uv": [10.125, 13.625, 10.625, 13.75], "texture": "#voxels_atlas"},
				"up": {"uv": [10.125, 13.625, 10, 13.125], "texture": "#voxels_atlas"},
				"down": {"uv": [10.25, 13.125, 10.125, 13.625], "texture": "#voxels_atlas"}
			}
		},
		{
			"from": [-3, 0, 18],
			"to": [-2, 1, 22],
			"rotation": {"angle": 0, "axis": "y", "origin": [5, 8, 29]},
			"faces": {
				"north": {"uv": [6.5, 13.5, 6.625, 13.625], "texture": "#voxels_atlas"},
				"east": {"uv": [6, 13.5, 6.5, 13.625], "texture": "#voxels_atlas"},
				"south": {"uv": [7.125, 13.5, 7.25, 13.625], "texture": "#voxels_atlas"},
				"west": {"uv": [6.625, 13.5, 7.125, 13.625], "texture": "#voxels_atlas"},
				"up": {"uv": [6.625, 13.5, 6.5, 13], "texture": "#voxels_atlas"},
				"down": {"uv": [6.75, 13, 6.625, 13.5], "texture": "#voxels_atlas"}
			}
		},
		{
			"from": [18, 0, 18],
			"to": [19, 1, 22],
			"rotation": {"angle": 0, "axis": "y", "origin": [26, 8, 29]},
			"faces": {
				"north": {"uv": [9.25, 11.625, 9.375, 11.75], "texture": "#voxels_atlas"},
				"east": {"uv": [8.75, 11.625, 9.25, 11.75], "texture": "#voxels_atlas"},
				"south": {"uv": [9.875, 11.625, 10, 11.75], "texture": "#voxels_atlas"},
				"west": {"uv": [9.375, 11.625, 9.875, 11.75], "texture": "#voxels_atlas"},
				"up": {"uv": [9.375, 11.625, 9.25, 11.125], "texture": "#voxels_atlas"},
				"down": {"uv": [9.5, 11.125, 9.375, 11.625], "texture": "#voxels_atlas"}
			}
		},
		{
			"from": [18, 0, 6],
			"to": [19, 1, 10],
			"rotation": {"angle": 0, "axis": "y", "origin": [26, 8, 17]},
			"faces": {
				"north": {"uv": [1.5, 11.625, 1.625, 11.75], "texture": "#voxels_atlas"},
				"east": {"uv": [1, 11.625, 1.5, 11.75], "texture": "#voxels_atlas"},
				"south": {"uv": [2.125, 11.625, 2.25, 11.75], "texture": "#voxels_atlas"},
				"west": {"uv": [1.625, 11.625, 2.125, 11.75], "texture": "#voxels_atlas"},
				"up": {"uv": [1.625, 11.625, 1.5, 11.125], "texture": "#voxels_atlas"},
				"down": {"uv": [1.75, 11.125, 1.625, 11.625], "texture": "#voxels_atlas"}
			}
		},
		{
			"from": [18, 0, -6],
			"to": [19, 1, -2],
			"rotation": {"angle": 0, "axis": "y", "origin": [26, 8, 5]},
			"faces": {
				"north": {"uv": [4, 9.375, 4.125, 9.5], "texture": "#voxels_atlas"},
				"east": {"uv": [3.5, 9.375, 4, 9.5], "texture": "#voxels_atlas"},
				"south": {"uv": [4.625, 9.375, 4.75, 9.5], "texture": "#voxels_atlas"},
				"west": {"uv": [4.125, 9.375, 4.625, 9.5], "texture": "#voxels_atlas"},
				"up": {"uv": [4.125, 9.375, 4, 8.875], "texture": "#voxels_atlas"},
				"down": {"uv": [4.25, 8.875, 4.125, 9.375], "texture": "#voxels_atlas"}
			}
		},
		{
			"from": [-3, 0, -6],
			"to": [-2, 1, -2],
			"rotation": {"angle": 0, "axis": "y", "origin": [5, 8, 5]},
			"faces": {
				"north": {"uv": [5.5, 8, 5.625, 8.125], "texture": "#voxels_atlas"},
				"east": {"uv": [5, 8, 5.5, 8.125], "texture": "#voxels_atlas"},
				"south": {"uv": [6.125, 8, 6.25, 8.125], "texture": "#voxels_atlas"},
				"west": {"uv": [5.625, 8, 6.125, 8.125], "texture": "#voxels_atlas"},
				"up": {"uv": [5.625, 8, 5.5, 7.5], "texture": "#voxels_atlas"},
				"down": {"uv": [5.75, 7.5, 5.625, 8], "texture": "#voxels_atlas"}
			}
		},
		{
			"from": [16, 2, -5],
			"to": [17, 10, -4],
			"rotation": {"angle": 22.5, "axis": "x", "origin": [17, 7, -5]},
			"faces": {
				"north": {"uv": [13.625, 13.625, 13.75, 14.625], "texture": "#voxels_atlas"},
				"east": {"uv": [13.5, 13.625, 13.625, 14.625], "texture": "#voxels_atlas"},
				"south": {"uv": [13.875, 13.625, 14, 14.625], "texture": "#voxels_atlas"},
				"west": {"uv": [13.75, 13.625, 13.875, 14.625], "texture": "#voxels_atlas"},
				"up": {"uv": [13.75, 13.625, 13.625, 13.5], "texture": "#voxels_atlas"},
				"down": {"uv": [13.875, 13.5, 13.75, 13.625], "texture": "#voxels_atlas"}
			}
		},
		{
			"from": [16, 2, 7],
			"to": [17, 10, 8],
			"rotation": {"angle": 22.5, "axis": "x", "origin": [17, 7, 7]},
			"faces": {
				"north": {"uv": [12.125, 13.25, 12.25, 14.25], "texture": "#voxels_atlas"},
				"east": {"uv": [12, 13.25, 12.125, 14.25], "texture": "#voxels_atlas"},
				"south": {"uv": [12.375, 13.25, 12.5, 14.25], "texture": "#voxels_atlas"},
				"west": {"uv": [12.25, 13.25, 12.375, 14.25], "texture": "#voxels_atlas"},
				"up": {"uv": [12.25, 13.25, 12.125, 13.125], "texture": "#voxels_atlas"},
				"down": {"uv": [12.375, 13.125, 12.25, 13.25], "texture": "#voxels_atlas"}
			}
		},
		{
			"from": [16, 2, 19],
			"to": [17, 10, 20],
			"rotation": {"angle": 22.5, "axis": "x", "origin": [17, 7, 19]},
			"faces": {
				"north": {"uv": [4.625, 9.875, 4.75, 10.875], "texture": "#voxels_atlas"},
				"east": {"uv": [4.5, 9.875, 4.625, 10.875], "texture": "#voxels_atlas"},
				"south": {"uv": [4.875, 9.875, 5, 10.875], "texture": "#voxels_atlas"},
				"west": {"uv": [4.75, 9.875, 4.875, 10.875], "texture": "#voxels_atlas"},
				"up": {"uv": [4.75, 9.875, 4.625, 9.75], "texture": "#voxels_atlas"},
				"down": {"uv": [4.875, 9.75, 4.75, 9.875], "texture": "#voxels_atlas"}
			}
		},
		{
			"from": [9, 2, -5],
			"to": [10, 10, -4],
			"rotation": {"angle": 22.5, "axis": "x", "origin": [10, 7, -5]},
			"faces": {
				"north": {"uv": [8.875, 13.5, 9, 14.5], "texture": "#voxels_atlas"},
				"east": {"uv": [8.75, 13.5, 8.875, 14.5], "texture": "#voxels_atlas"},
				"south": {"uv": [9.125, 13.5, 9.25, 14.5], "texture": "#voxels_atlas"},
				"west": {"uv": [9, 13.5, 9.125, 14.5], "texture": "#voxels_atlas"},
				"up": {"uv": [9, 13.5, 8.875, 13.375], "texture": "#voxels_atlas"},
				"down": {"uv": [9.125, 13.375, 9, 13.5], "texture": "#voxels_atlas"}
			}
		},
		{
			"from": [9, 2, 7],
			"to": [10, 10, 8],
			"rotation": {"angle": 22.5, "axis": "x", "origin": [10, 7, 7]},
			"faces": {
				"north": {"uv": [13.125, 13.25, 13.25, 14.25], "texture": "#voxels_atlas"},
				"east": {"uv": [13, 13.25, 13.125, 14.25], "texture": "#voxels_atlas"},
				"south": {"uv": [13.375, 13.25, 13.5, 14.25], "texture": "#voxels_atlas"},
				"west": {"uv": [13.25, 13.25, 13.375, 14.25], "texture": "#voxels_atlas"},
				"up": {"uv": [13.25, 13.25, 13.125, 13.125], "texture": "#voxels_atlas"},
				"down": {"uv": [13.375, 13.125, 13.25, 13.25], "texture": "#voxels_atlas"}
			}
		},
		{
			"from": [9, 2, 19],
			"to": [10, 10, 20],
			"rotation": {"angle": 22.5, "axis": "x", "origin": [10, 7, 19]},
			"faces": {
				"north": {"uv": [12.625, 13.25, 12.75, 14.25], "texture": "#voxels_atlas"},
				"east": {"uv": [12.5, 13.25, 12.625, 14.25], "texture": "#voxels_atlas"},
				"south": {"uv": [12.875, 13.25, 13, 14.25], "texture": "#voxels_atlas"},
				"west": {"uv": [12.75, 13.25, 12.875, 14.25], "texture": "#voxels_atlas"},
				"up": {"uv": [12.75, 13.25, 12.625, 13.125], "texture": "#voxels_atlas"},
				"down": {"uv": [12.875, 13.125, 12.75, 13.25], "texture": "#voxels_atlas"}
			}
		},
		{
			"from": [6, 2, -5],
			"to": [7, 10, -4],
			"rotation": {"angle": 22.5, "axis": "x", "origin": [7, 7, -5]},
			"faces": {
				"north": {"uv": [8.375, 13.5, 8.5, 14.5], "texture": "#voxels_atlas"},
				"east": {"uv": [8.25, 13.5, 8.375, 14.5], "texture": "#voxels_atlas"},
				"south": {"uv": [8.625, 13.5, 8.75, 14.5], "texture": "#voxels_atlas"},
				"west": {"uv": [8.5, 13.5, 8.625, 14.5], "texture": "#voxels_atlas"},
				"up": {"uv": [8.5, 13.5, 8.375, 13.375], "texture": "#voxels_atlas"},
				"down": {"uv": [8.625, 13.375, 8.5, 13.5], "texture": "#voxels_atlas"}
			}
		},
		{
			"from": [6, 2, 7],
			"to": [7, 10, 8],
			"rotation": {"angle": 22.5, "axis": "x", "origin": [7, 7, 7]},
			"faces": {
				"north": {"uv": [4.125, 13.375, 4.25, 14.375], "texture": "#voxels_atlas"},
				"east": {"uv": [4, 13.375, 4.125, 14.375], "texture": "#voxels_atlas"},
				"south": {"uv": [4.375, 13.375, 4.5, 14.375], "texture": "#voxels_atlas"},
				"west": {"uv": [4.25, 13.375, 4.375, 14.375], "texture": "#voxels_atlas"},
				"up": {"uv": [4.25, 13.375, 4.125, 13.25], "texture": "#voxels_atlas"},
				"down": {"uv": [4.375, 13.25, 4.25, 13.375], "texture": "#voxels_atlas"}
			}
		},
		{
			"from": [6, 2, 19],
			"to": [7, 10, 20],
			"rotation": {"angle": 22.5, "axis": "x", "origin": [7, 7, 19]},
			"faces": {
				"north": {"uv": [3.625, 13.375, 3.75, 14.375], "texture": "#voxels_atlas"},
				"east": {"uv": [3.5, 13.375, 3.625, 14.375], "texture": "#voxels_atlas"},
				"south": {"uv": [3.875, 13.375, 4, 14.375], "texture": "#voxels_atlas"},
				"west": {"uv": [3.75, 13.375, 3.875, 14.375], "texture": "#voxels_atlas"},
				"up": {"uv": [3.75, 13.375, 3.625, 13.25], "texture": "#voxels_atlas"},
				"down": {"uv": [3.875, 13.25, 3.75, 13.375], "texture": "#voxels_atlas"}
			}
		},
		{
			"from": [-1, 2, 7],
			"to": [0, 10, 8],
			"rotation": {"angle": 22.5, "axis": "x", "origin": [0, 7, 7]},
			"faces": {
				"north": {"uv": [7.875, 13.5, 8, 14.5], "texture": "#voxels_atlas"},
				"east": {"uv": [7.75, 13.5, 7.875, 14.5], "texture": "#voxels_atlas"},
				"south": {"uv": [8.125, 13.5, 8.25, 14.5], "texture": "#voxels_atlas"},
				"west": {"uv": [8, 13.5, 8.125, 14.5], "texture": "#voxels_atlas"},
				"up": {"uv": [8, 13.5, 7.875, 13.375], "texture": "#voxels_atlas"},
				"down": {"uv": [8.125, 13.375, 8, 13.5], "texture": "#voxels_atlas"}
			}
		},
		{
			"from": [-1, 2, 19],
			"to": [0, 10, 20],
			"rotation": {"angle": 22.5, "axis": "x", "origin": [0, 7, 19]},
			"faces": {
				"north": {"uv": [4.625, 13.375, 4.75, 14.375], "texture": "#voxels_atlas"},
				"east": {"uv": [4.5, 13.375, 4.625, 14.375], "texture": "#voxels_atlas"},
				"south": {"uv": [4.875, 13.375, 5, 14.375], "texture": "#voxels_atlas"},
				"west": {"uv": [4.75, 13.375, 4.875, 14.375], "texture": "#voxels_atlas"},
				"up": {"uv": [4.75, 13.375, 4.625, 13.25], "texture": "#voxels_atlas"},
				"down": {"uv": [4.875, 13.25, 4.75, 13.375], "texture": "#voxels_atlas"}
			}
		},
		{
			"from": [-1, 2, -5],
			"to": [0, 10, -4],
			"rotation": {"angle": 22.5, "axis": "x", "origin": [0, 7, -5]},
			"faces": {
				"north": {"uv": [7.375, 13.5, 7.5, 14.5], "texture": "#voxels_atlas"},
				"east": {"uv": [7.25, 13.5, 7.375, 14.5], "texture": "#voxels_atlas"},
				"south": {"uv": [7.625, 13.5, 7.75, 14.5], "texture": "#voxels_atlas"},
				"west": {"uv": [7.5, 13.5, 7.625, 14.5], "texture": "#voxels_atlas"},
				"up": {"uv": [7.5, 13.5, 7.375, 13.375], "texture": "#voxels_atlas"},
				"down": {"uv": [7.625, 13.375, 7.5, 13.5], "texture": "#voxels_atlas"}
			}
		},
		{
			"from": [0, 9, -5],
			"to": [6, 10, -4],
			"rotation": {"angle": 22.5, "axis": "x", "origin": [1, 7, -5]},
			"faces": {
				"north": {"uv": [8.375, 13.25, 9.125, 13.375], "texture": "#voxels_atlas"},
				"east": {"uv": [8.25, 13.25, 8.375, 13.375], "texture": "#voxels_atlas"},
				"south": {"uv": [9.25, 13.25, 10, 13.375], "texture": "#voxels_atlas"},
				"west": {"uv": [9.125, 13.25, 9.25, 13.375], "texture": "#voxels_atlas"},
				"up": {"uv": [9.125, 13.25, 8.375, 13.125], "texture": "#voxels_atlas"},
				"down": {"uv": [9.875, 13.125, 9.125, 13.25], "texture": "#voxels_atlas"}
			}
		},
		{
			"from": [10, 9, -5],
			"to": [16, 10, -4],
			"rotation": {"angle": 22.5, "axis": "x", "origin": [11, 7, -5]},
			"faces": {
				"north": {"uv": [13, 4.25, 13.75, 4.375], "texture": "#voxels_atlas"},
				"east": {"uv": [12.875, 4.25, 13, 4.375], "texture": "#voxels_atlas"},
				"south": {"uv": [13.875, 4.25, 14.625, 4.375], "texture": "#voxels_atlas"},
				"west": {"uv": [13.75, 4.25, 13.875, 4.375], "texture": "#voxels_atlas"},
				"up": {"uv": [13.75, 4.25, 13, 4.125], "texture": "#voxels_atlas"},
				"down": {"uv": [14.5, 4.125, 13.75, 4.25], "texture": "#voxels_atlas"}
			}
		},
		{
			"from": [10, 9, 7],
			"to": [16, 10, 8],
			"rotation": {"angle": 22.5, "axis": "x", "origin": [11, 7, 7]},
			"faces": {
				"north": {"uv": [12.375, 6.25, 13.125, 6.375], "texture": "#voxels_atlas"},
				"east": {"uv": [12.25, 6.25, 12.375, 6.375], "texture": "#voxels_atlas"},
				"south": {"uv": [13.25, 6.25, 14, 6.375], "texture": "#voxels_atlas"},
				"west": {"uv": [13.125, 6.25, 13.25, 6.375], "texture": "#voxels_atlas"},
				"up": {"uv": [13.125, 6.25, 12.375, 6.125], "texture": "#voxels_atlas"},
				"down": {"uv": [13.875, 6.125, 13.125, 6.25], "texture": "#voxels_atlas"}
			}
		},
		{
			"from": [0, 9, 7],
			"to": [6, 10, 8],
			"rotation": {"angle": 22.5, "axis": "x", "origin": [1, 7, 7]},
			"faces": {
				"north": {"uv": [11.25, 4.25, 12, 4.375], "texture": "#voxels_atlas"},
				"east": {"uv": [11.125, 4.25, 11.25, 4.375], "texture": "#voxels_atlas"},
				"south": {"uv": [12.125, 4.25, 12.875, 4.375], "texture": "#voxels_atlas"},
				"west": {"uv": [12, 4.25, 12.125, 4.375], "texture": "#voxels_atlas"},
				"up": {"uv": [12, 4.25, 11.25, 4.125], "texture": "#voxels_atlas"},
				"down": {"uv": [12.75, 4.125, 12, 4.25], "texture": "#voxels_atlas"}
			}
		},
		{
			"from": [0, 9, 19],
			"to": [6, 10, 20],
			"rotation": {"angle": 22.5, "axis": "x", "origin": [1, 7, 19]},
			"faces": {
				"north": {"uv": [2.875, 11.25, 3.625, 11.375], "texture": "#voxels_atlas"},
				"east": {"uv": [2.75, 11.25, 2.875, 11.375], "texture": "#voxels_atlas"},
				"south": {"uv": [3.75, 11.25, 4.5, 11.375], "texture": "#voxels_atlas"},
				"west": {"uv": [3.625, 11.25, 3.75, 11.375], "texture": "#voxels_atlas"},
				"up": {"uv": [3.625, 11.25, 2.875, 11.125], "texture": "#voxels_atlas"},
				"down": {"uv": [4.375, 11.125, 3.625, 11.25], "texture": "#voxels_atlas"}
			}
		},
		{
			"from": [10, 9, 19],
			"to": [16, 10, 20],
			"rotation": {"angle": 22.5, "axis": "x", "origin": [11, 7, 19]},
			"faces": {
				"north": {"uv": [9.5, 4.25, 10.25, 4.375], "texture": "#voxels_atlas"},
				"east": {"uv": [9.375, 4.25, 9.5, 4.375], "texture": "#voxels_atlas"},
				"south": {"uv": [10.375, 4.25, 11.125, 4.375], "texture": "#voxels_atlas"},
				"west": {"uv": [10.25, 4.25, 10.375, 4.375], "texture": "#voxels_atlas"},
				"up": {"uv": [10.25, 4.25, 9.5, 4.125], "texture": "#voxels_atlas"},
				"down": {"uv": [11, 4.125, 10.25, 4.25], "texture": "#voxels_atlas"}
			}
		},
		{
			"from": [-2, 1, -2],
			"to": [-1, 10, 4],
			"rotation": {"angle": 0, "axis": "y", "origin": [6, 10, 3]},
			"faces": {
				"north": {"uv": [4.25, 12.125, 4.375, 13.25], "texture": "#voxels_atlas"},
				"east": {"uv": [3.5, 12.125, 4.25, 13.25], "texture": "#voxels_atlas"},
				"south": {"uv": [5.125, 12.125, 5.25, 13.25], "texture": "#voxels_atlas"},
				"west": {"uv": [4.375, 12.125, 5.125, 13.25], "texture": "#voxels_atlas"},
				"up": {"uv": [4.375, 12.125, 4.25, 11.375], "texture": "#voxels_atlas"},
				"down": {"uv": [4.5, 11.375, 4.375, 12.125], "texture": "#voxels_atlas"}
			}
		},
		{
			"from": [-2, 1, 10],
			"to": [-1, 10, 16],
			"rotation": {"angle": 0, "axis": "y", "origin": [6, 10, 15]},
			"faces": {
				"north": {"uv": [2.5, 11.875, 2.625, 13], "texture": "#voxels_atlas"},
				"east": {"uv": [1.75, 11.875, 2.5, 13], "texture": "#voxels_atlas"},
				"south": {"uv": [3.375, 11.875, 3.5, 13], "texture": "#voxels_atlas"},
				"west": {"uv": [2.625, 11.875, 3.375, 13], "texture": "#voxels_atlas"},
				"up": {"uv": [2.625, 11.875, 2.5, 11.125], "texture": "#voxels_atlas"},
				"down": {"uv": [2.75, 11.125, 2.625, 11.875], "texture": "#voxels_atlas"}
			}
		},
		{
			"from": [-2, 1, 22],
			"to": [-1, 10, 28],
			"rotation": {"angle": 0, "axis": "y", "origin": [6, 10, 27]},
			"faces": {
				"north": {"uv": [0.75, 11.875, 0.875, 13], "texture": "#voxels_atlas"},
				"east": {"uv": [0, 11.875, 0.75, 13], "texture": "#voxels_atlas"},
				"south": {"uv": [1.625, 11.875, 1.75, 13], "texture": "#voxels_atlas"},
				"west": {"uv": [0.875, 11.875, 1.625, 13], "texture": "#voxels_atlas"},
				"up": {"uv": [0.875, 11.875, 0.75, 11.125], "texture": "#voxels_atlas"},
				"down": {"uv": [1, 11.125, 0.875, 11.875], "texture": "#voxels_atlas"}
			}
		},
		{
			"from": [17, 1, 22],
			"to": [18, 10, 28],
			"rotation": {"angle": 0, "axis": "y", "origin": [25, 10, 27]},
			"faces": {
				"north": {"uv": [10.875, 11.125, 11, 12.25], "texture": "#voxels_atlas"},
				"east": {"uv": [10.125, 11.125, 10.875, 12.25], "texture": "#voxels_atlas"},
				"south": {"uv": [11.75, 11.125, 11.875, 12.25], "texture": "#voxels_atlas"},
				"west": {"uv": [11, 11.125, 11.75, 12.25], "texture": "#voxels_atlas"},
				"up": {"uv": [11, 11.125, 10.875, 10.375], "texture": "#voxels_atlas"},
				"down": {"uv": [11.125, 10.375, 11, 11.125], "texture": "#voxels_atlas"}
			}
		},
		{
			"from": [17, 1, 10],
			"to": [18, 10, 16],
			"rotation": {"angle": 0, "axis": "y", "origin": [25, 10, 15]},
			"faces": {
				"north": {"uv": [7.5, 10.625, 7.625, 11.75], "texture": "#voxels_atlas"},
				"east": {"uv": [6.75, 10.625, 7.5, 11.75], "texture": "#voxels_atlas"},
				"south": {"uv": [8.375, 10.625, 8.5, 11.75], "texture": "#voxels_atlas"},
				"west": {"uv": [7.625, 10.625, 8.375, 11.75], "texture": "#voxels_atlas"},
				"up": {"uv": [7.625, 10.625, 7.5, 9.875], "texture": "#voxels_atlas"},
				"down": {"uv": [7.75, 9.875, 7.625, 10.625], "texture": "#voxels_atlas"}
			}
		},
		{
			"from": [17, 1, -2],
			"to": [18, 10, 4],
			"rotation": {"angle": 0, "axis": "y", "origin": [25, 10, 3]},
			"faces": {
				"north": {"uv": [8.5, 11.875, 8.625, 13], "texture": "#voxels_atlas"},
				"east": {"uv": [7.75, 11.875, 8.5, 13], "texture": "#voxels_atlas"},
				"south": {"uv": [9.375, 11.875, 9.5, 13], "texture": "#voxels_atlas"},
				"west": {"uv": [8.625, 11.875, 9.375, 13], "texture": "#voxels_atlas"},
				"up": {"uv": [8.625, 11.875, 8.5, 11.125], "texture": "#voxels_atlas"},
				"down": {"uv": [8.75, 11.125, 8.625, 11.875], "texture": "#voxels_atlas"}
			}
		},
		{
			"from": [7, 1, 3],
			"to": [9, 10, 4],
			"rotation": {"angle": 0, "axis": "y", "origin": [15, 14, 11]},
			"faces": {
				"north": {"uv": [5.375, 13.125, 5.625, 14.25], "texture": "#voxels_atlas"},
				"east": {"uv": [5.25, 13.125, 5.375, 14.25], "texture": "#voxels_atlas"},
				"south": {"uv": [5.75, 13.125, 6, 14.25], "texture": "#voxels_atlas"},
				"west": {"uv": [5.625, 13.125, 5.75, 14.25], "texture": "#voxels_atlas"},
				"up": {"uv": [5.625, 13.125, 5.375, 13], "texture": "#voxels_atlas"},
				"down": {"uv": [5.875, 13, 5.625, 13.125], "texture": "#voxels_atlas"}
			}
		},
		{
			"from": [7, 1, 15],
			"to": [9, 10, 16],
			"rotation": {"angle": 0, "axis": "y", "origin": [15, 14, 23]},
			"faces": {
				"north": {"uv": [2.375, 13.125, 2.625, 14.25], "texture": "#voxels_atlas"},
				"east": {"uv": [2.25, 13.125, 2.375, 14.25], "texture": "#voxels_atlas"},
				"south": {"uv": [2.75, 13.125, 3, 14.25], "texture": "#voxels_atlas"},
				"west": {"uv": [2.625, 13.125, 2.75, 14.25], "texture": "#voxels_atlas"},
				"up": {"uv": [2.625, 13.125, 2.375, 13], "texture": "#voxels_atlas"},
				"down": {"uv": [2.875, 13, 2.625, 13.125], "texture": "#voxels_atlas"}
			}
		},
		{
			"from": [7, 1, 27],
			"to": [9, 10, 28],
			"rotation": {"angle": 0, "axis": "y", "origin": [15, 14, 35]},
			"faces": {
				"north": {"uv": [1.625, 13.125, 1.875, 14.25], "texture": "#voxels_atlas"},
				"east": {"uv": [1.5, 13.125, 1.625, 14.25], "texture": "#voxels_atlas"},
				"south": {"uv": [2, 13.125, 2.25, 14.25], "texture": "#voxels_atlas"},
				"west": {"uv": [1.875, 13.125, 2, 14.25], "texture": "#voxels_atlas"},
				"up": {"uv": [1.875, 13.125, 1.625, 13], "texture": "#voxels_atlas"},
				"down": {"uv": [2.125, 13, 1.875, 13.125], "texture": "#voxels_atlas"}
			}
		},
		{
			"from": [7, 1, -1],
			"to": [9, 4, 3],
			"rotation": {"angle": 0, "axis": "y", "origin": [15, 10, 8]},
			"faces": {
				"north": {"uv": [7.25, 13, 7.5, 13.375], "texture": "#voxels_atlas"},
				"east": {"uv": [6.75, 13, 7.25, 13.375], "texture": "#voxels_atlas"},
				"south": {"uv": [8, 13, 8.25, 13.375], "texture": "#voxels_atlas"},
				"west": {"uv": [7.5, 13, 8, 13.375], "texture": "#voxels_atlas"},
				"up": {"uv": [7.5, 13, 7.25, 12.5], "texture": "#voxels_atlas"},
				"down": {"uv": [7.75, 12.5, 7.5, 13], "texture": "#voxels_atlas"}
			}
		},
		{
			"from": [7, 1, 11],
			"to": [9, 4, 15],
			"rotation": {"angle": 0, "axis": "y", "origin": [15, 10, 20]},
			"faces": {
				"north": {"uv": [12.875, 9, 13.125, 9.375], "texture": "#voxels_atlas"},
				"east": {"uv": [12.375, 9, 12.875, 9.375], "texture": "#voxels_atlas"},
				"south": {"uv": [13.625, 9, 13.875, 9.375], "texture": "#voxels_atlas"},
				"west": {"uv": [13.125, 9, 13.625, 9.375], "texture": "#voxels_atlas"},
				"up": {"uv": [13.125, 9, 12.875, 8.5], "texture": "#voxels_atlas"},
				"down": {"uv": [13.375, 8.5, 13.125, 9], "texture": "#voxels_atlas"}
			}
		},
		{
			"from": [7, 1, 23],
			"to": [9, 4, 27],
			"rotation": {"angle": 0, "axis": "y", "origin": [15, 10, 32]},
			"faces": {
				"north": {"uv": [5.5, 7.125, 5.75, 7.5], "texture": "#voxels_atlas"},
				"east": {"uv": [5, 7.125, 5.5, 7.5], "texture": "#voxels_atlas"},
				"south": {"uv": [6.25, 7.125, 6.5, 7.5], "texture": "#voxels_atlas"},
				"west": {"uv": [5.75, 7.125, 6.25, 7.5], "texture": "#voxels_atlas"},
				"up": {"uv": [5.75, 7.125, 5.5, 6.625], "texture": "#voxels_atlas"},
				"down": {"uv": [6, 6.625, 5.75, 7.125], "texture": "#voxels_atlas"}
			}
		},
		{
			"from": [-3, 10, -2],
			"to": [-1, 10.25, 3],
			"rotation": {"angle": 0, "axis": "y", "origin": [6, 18, 9]},
			"faces": {
				"north": {"uv": [3.5, 1.375, 3.75, 1.375], "texture": "#1"},
				"east": {"uv": [2.875, 1.375, 3.5, 1.375], "texture": "#1"},
				"south": {"uv": [4.375, 1.375, 4.625, 1.375], "texture": "#1"},
				"west": {"uv": [3.75, 1.375, 4.375, 1.375], "texture": "#1"},
				"up": {"uv": [3.75, 1.375, 3.5, 0.75], "texture": "#1"},
				"down": {"uv": [4, 0.75, 3.75, 1.375], "texture": "#1"}
			}
		},
		{
			"from": [17, 10, -2],
			"to": [19, 10.25, 3],
			"rotation": {"angle": 0, "axis": "y", "origin": [26, 18, 9]},
			"faces": {
				"north": {"uv": [3.5, 3.5, 3.75, 3.5], "texture": "#1"},
				"east": {"uv": [2.875, 3.5, 3.5, 3.5], "texture": "#1"},
				"south": {"uv": [4.375, 3.5, 4.625, 3.5], "texture": "#1"},
				"west": {"uv": [3.75, 3.5, 4.375, 3.5], "texture": "#1"},
				"up": {"uv": [3.75, 3.5, 3.5, 2.875], "texture": "#1"},
				"down": {"uv": [4, 2.875, 3.75, 3.5], "texture": "#1"}
			}
		},
		{
			"from": [17, 10, 10],
			"to": [19, 10.25, 15],
			"rotation": {"angle": 0, "axis": "y", "origin": [26, 18, 21]},
			"faces": {
				"north": {"uv": [3, 2, 3.25, 2], "texture": "#1"},
				"east": {"uv": [2.375, 2, 3, 2], "texture": "#1"},
				"south": {"uv": [3.875, 2, 4.125, 2], "texture": "#1"},
				"west": {"uv": [3.25, 2, 3.875, 2], "texture": "#1"},
				"up": {"uv": [3.25, 2, 3, 1.375], "texture": "#1"},
				"down": {"uv": [3.5, 1.375, 3.25, 2], "texture": "#1"}
			}
		},
		{
			"from": [-3, 10, 10],
			"to": [-1, 10.25, 15],
			"rotation": {"angle": 0, "axis": "y", "origin": [6, 18, 21]},
			"faces": {
				"north": {"uv": [3, 1.375, 3.25, 1.375], "texture": "#1"},
				"east": {"uv": [2.375, 1.375, 3, 1.375], "texture": "#1"},
				"south": {"uv": [3.875, 1.375, 4.125, 1.375], "texture": "#1"},
				"west": {"uv": [3.25, 1.375, 3.875, 1.375], "texture": "#1"},
				"up": {"uv": [3.25, 1.375, 3, 0.75], "texture": "#1"},
				"down": {"uv": [3.5, 0.75, 3.25, 1.375], "texture": "#1"}
			}
		},
		{
			"from": [-3, 10, 22],
			"to": [-1, 10.25, 27],
			"rotation": {"angle": 0, "axis": "y", "origin": [6, 18, 33]},
			"faces": {
				"north": {"uv": [2.5, 2, 2.75, 2], "texture": "#1"},
				"east": {"uv": [1.875, 2, 2.5, 2], "texture": "#1"},
				"south": {"uv": [3.375, 2, 3.625, 2], "texture": "#1"},
				"west": {"uv": [2.75, 2, 3.375, 2], "texture": "#1"},
				"up": {"uv": [2.75, 2, 2.5, 1.375], "texture": "#1"},
				"down": {"uv": [3, 1.375, 2.75, 2], "texture": "#1"}
			}
		},
		{
			"from": [17, 10, 22],
			"to": [19, 10.25, 27],
			"rotation": {"angle": 0, "axis": "y", "origin": [26, 18, 33]},
			"faces": {
				"north": {"uv": [2.5, 1.375, 2.75, 1.375], "texture": "#1"},
				"east": {"uv": [1.875, 1.375, 2.5, 1.375], "texture": "#1"},
				"south": {"uv": [3.375, 1.375, 3.625, 1.375], "texture": "#1"},
				"west": {"uv": [2.75, 1.375, 3.375, 1.375], "texture": "#1"},
				"up": {"uv": [2.75, 1.375, 2.5, 0.75], "texture": "#1"},
				"down": {"uv": [3, 0.75, 2.75, 1.375], "texture": "#1"}
			}
		},
		{
			"from": [-3.25, 1, -2],
			"to": [-3, 5, 6],
			"rotation": {"angle": 0, "axis": "y", "origin": [3.75, 9, 6]},
			"faces": {
				"north": {"uv": [10.5, 12.25, 10.5, 12.75], "texture": "#voxels_atlas"},
				"east": {"uv": [9.5, 12.25, 10.5, 12.75], "texture": "#voxels_atlas"},
				"south": {"uv": [11.5, 12.25, 11.5, 12.75], "texture": "#voxels_atlas"},
				"west": {"uv": [10.5, 12.25, 11.5, 12.75], "texture": "#voxels_atlas"},
				"up": {"uv": [10.5, 12.25, 10.5, 11.25], "texture": "#voxels_atlas"},
				"down": {"uv": [10.5, 11.25, 10.5, 12.25], "texture": "#voxels_atlas"}
			}
		},
		{
			"from": [-3.25, 1, 10],
			"to": [-3, 5, 18],
			"rotation": {"angle": 0, "axis": "y", "origin": [3.75, 9, 18]},
			"faces": {
				"north": {"uv": [12.125, 10.25, 12.125, 10.75], "texture": "#voxels_atlas"},
				"east": {"uv": [11.125, 10.25, 12.125, 10.75], "texture": "#voxels_atlas"},
				"south": {"uv": [13.125, 10.25, 13.125, 10.75], "texture": "#voxels_atlas"},
				"west": {"uv": [12.125, 10.25, 13.125, 10.75], "texture": "#voxels_atlas"},
				"up": {"uv": [12.125, 10.25, 12.125, 9.25], "texture": "#voxels_atlas"},
				"down": {"uv": [12.125, 9.25, 12.125, 10.25], "texture": "#voxels_atlas"}
			}
		},
		{
			"from": [-3.25, 1, 22],
			"to": [-3, 5, 30],
			"rotation": {"angle": 0, "axis": "y", "origin": [3.75, 9, 30]},
			"faces": {
				"north": {"uv": [6.25, 12.125, 6.25, 12.625], "texture": "#voxels_atlas"},
				"east": {"uv": [5.25, 12.125, 6.25, 12.625], "texture": "#voxels_atlas"},
				"south": {"uv": [7.25, 12.125, 7.25, 12.625], "texture": "#voxels_atlas"},
				"west": {"uv": [6.25, 12.125, 7.25, 12.625], "texture": "#voxels_atlas"},
				"up": {"uv": [6.25, 12.125, 6.25, 11.125], "texture": "#voxels_atlas"},
				"down": {"uv": [6.25, 11.125, 6.25, 12.125], "texture": "#voxels_atlas"}
			}
		},
		{
			"from": [19, 1, 22],
			"to": [19.25, 5, 30],
			"rotation": {"angle": 0, "axis": "y", "origin": [26, 9, 30]},
			"faces": {
				"north": {"uv": [11.875, 9.75, 11.875, 10.25], "texture": "#voxels_atlas"},
				"east": {"uv": [10.875, 9.75, 11.875, 10.25], "texture": "#voxels_atlas"},
				"south": {"uv": [12.875, 9.75, 12.875, 10.25], "texture": "#voxels_atlas"},
				"west": {"uv": [11.875, 9.75, 12.875, 10.25], "texture": "#voxels_atlas"},
				"up": {"uv": [11.875, 9.75, 11.875, 8.75], "texture": "#voxels_atlas"},
				"down": {"uv": [11.875, 8.75, 11.875, 9.75], "texture": "#voxels_atlas"}
			}
		},
		{
			"from": [19, 1, 10],
			"to": [19.25, 5, 18],
			"rotation": {"angle": 0, "axis": "y", "origin": [26, 9, 18]},
			"faces": {
				"north": {"uv": [2.25, 9.375, 2.25, 9.875], "texture": "#voxels_atlas"},
				"east": {"uv": [1.25, 9.375, 2.25, 9.875], "texture": "#voxels_atlas"},
				"south": {"uv": [3.25, 9.375, 3.25, 9.875], "texture": "#voxels_atlas"},
				"west": {"uv": [2.25, 9.375, 3.25, 9.875], "texture": "#voxels_atlas"},
				"up": {"uv": [2.25, 9.375, 2.25, 8.375], "texture": "#voxels_atlas"},
				"down": {"uv": [2.25, 8.375, 2.25, 9.375], "texture": "#voxels_atlas"}
			}
		},
		{
			"from": [19, 1, -2],
			"to": [19.25, 5, 6],
			"rotation": {"angle": 0, "axis": "y", "origin": [26, 9, 6]},
			"faces": {
				"north": {"uv": [2.25, 8.875, 2.25, 9.375], "texture": "#voxels_atlas"},
				"east": {"uv": [1.25, 8.875, 2.25, 9.375], "texture": "#voxels_atlas"},
				"south": {"uv": [3.25, 8.875, 3.25, 9.375], "texture": "#voxels_atlas"},
				"west": {"uv": [2.25, 8.875, 3.25, 9.375], "texture": "#voxels_atlas"},
				"up": {"uv": [2.25, 8.875, 2.25, 7.875], "texture": "#voxels_atlas"},
				"down": {"uv": [2.25, 7.875, 2.25, 8.875], "texture": "#voxels_atlas"}
			}
		},
		{
			"from": [19, 1, -11],
			"to": [19.25, 5, -6],
			"rotation": {"angle": 0, "axis": "y", "origin": [26, 9, -6]},
			"faces": {
				"north": {"uv": [0.625, 2.75, 0.625, 3.25], "texture": "#voxels_atlas"},
				"east": {"uv": [0, 2.75, 0.625, 3.25], "texture": "#voxels_atlas"},
				"south": {"uv": [1.25, 2.75, 1.25, 3.25], "texture": "#voxels_atlas"},
				"west": {"uv": [0.625, 2.75, 1.25, 3.25], "texture": "#voxels_atlas"},
				"up": {"uv": [0.625, 2.75, 0.625, 2.125], "texture": "#voxels_atlas"},
				"down": {"uv": [0.625, 2.125, 0.625, 2.75], "texture": "#voxels_atlas"}
			}
		},
		{
			"from": [-3.25, 1, -11],
			"to": [-3, 5, -6],
			"rotation": {"angle": 0, "axis": "y", "origin": [3.75, 9, -6]},
			"faces": {
				"north": {"uv": [0.625, 2.25, 0.625, 2.75], "texture": "#voxels_atlas"},
				"east": {"uv": [0, 2.25, 0.625, 2.75], "texture": "#voxels_atlas"},
				"south": {"uv": [1.25, 2.25, 1.25, 2.75], "texture": "#voxels_atlas"},
				"west": {"uv": [0.625, 2.25, 1.25, 2.75], "texture": "#voxels_atlas"},
				"up": {"uv": [0.625, 2.25, 0.625, 1.625], "texture": "#voxels_atlas"},
				"down": {"uv": [0.625, 1.625, 0.625, 2.25], "texture": "#voxels_atlas"}
			}
		},
		{
			"from": [-3.25, 5, -2],
			"to": [-3, 8, 6],
			"rotation": {"angle": 0, "axis": "y", "origin": [4, 13, 8]},
			"faces": {
				"north": {"uv": [12.875, 11.5, 12.875, 11.875], "texture": "#voxels_atlas"},
				"east": {"uv": [11.875, 11.5, 12.875, 11.875], "texture": "#voxels_atlas"},
				"south": {"uv": [13.875, 11.5, 13.875, 11.875], "texture": "#voxels_atlas"},
				"west": {"uv": [12.875, 11.5, 13.875, 11.875], "texture": "#voxels_atlas"},
				"up": {"uv": [12.875, 11.5, 12.875, 10.5], "texture": "#voxels_atlas"},
				"down": {"uv": [12.875, 10.5, 12.875, 11.5], "texture": "#voxels_atlas"}
			}
		},
		{
			"from": [-3.25, 5, -11],
			"to": [-3, 8, -6],
			"rotation": {"angle": 0, "axis": "y", "origin": [4, 13, -1]},
			"faces": {
				"north": {"uv": [3.625, 3.875, 3.625, 4.25], "texture": "#voxels_atlas"},
				"east": {"uv": [3, 3.875, 3.625, 4.25], "texture": "#voxels_atlas"},
				"south": {"uv": [4.25, 3.875, 4.25, 4.25], "texture": "#voxels_atlas"},
				"west": {"uv": [3.625, 3.875, 4.25, 4.25], "texture": "#voxels_atlas"},
				"up": {"uv": [3.625, 3.875, 3.625, 3.25], "texture": "#voxels_atlas"},
				"down": {"uv": [3.625, 3.25, 3.625, 3.875], "texture": "#voxels_atlas"}
			}
		},
		{
			"from": [19, 5, -11],
			"to": [19.25, 8, -6],
			"rotation": {"angle": 0, "axis": "y", "origin": [26.25, 13, -1]},
			"faces": {
				"north": {"uv": [3.125, 3.5, 3.125, 3.875], "texture": "#voxels_atlas"},
				"east": {"uv": [2.5, 3.5, 3.125, 3.875], "texture": "#voxels_atlas"},
				"south": {"uv": [3.75, 3.5, 3.75, 3.875], "texture": "#voxels_atlas"},
				"west": {"uv": [3.125, 3.5, 3.75, 3.875], "texture": "#voxels_atlas"},
				"up": {"uv": [3.125, 3.5, 3.125, 2.875], "texture": "#voxels_atlas"},
				"down": {"uv": [3.125, 2.875, 3.125, 3.5], "texture": "#voxels_atlas"}
			}
		},
		{
			"from": [-3.25, 5, 10],
			"to": [-3, 8, 18],
			"rotation": {"angle": 0, "axis": "y", "origin": [4, 13, 20]},
			"faces": {
				"north": {"uv": [12.875, 11.125, 12.875, 11.5], "texture": "#voxels_atlas"},
				"east": {"uv": [11.875, 11.125, 12.875, 11.5], "texture": "#voxels_atlas"},
				"south": {"uv": [13.875, 11.125, 13.875, 11.5], "texture": "#voxels_atlas"},
				"west": {"uv": [12.875, 11.125, 13.875, 11.5], "texture": "#voxels_atlas"},
				"up": {"uv": [12.875, 11.125, 12.875, 10.125], "texture": "#voxels_atlas"},
				"down": {"uv": [12.875, 10.125, 12.875, 11.125], "texture": "#voxels_atlas"}
			}
		},
		{
			"from": [-3.25, 5, 22],
			"to": [-3, 8, 30],
			"rotation": {"angle": 0, "axis": "y", "origin": [4, 13, 32]},
			"faces": {
				"north": {"uv": [10.5, 12.75, 10.5, 13.125], "texture": "#voxels_atlas"},
				"east": {"uv": [9.5, 12.75, 10.5, 13.125], "texture": "#voxels_atlas"},
				"south": {"uv": [11.5, 12.75, 11.5, 13.125], "texture": "#voxels_atlas"},
				"west": {"uv": [10.5, 12.75, 11.5, 13.125], "texture": "#voxels_atlas"},
				"up": {"uv": [10.5, 12.75, 10.5, 11.75], "texture": "#voxels_atlas"},
				"down": {"uv": [10.5, 11.75, 10.5, 12.75], "texture": "#voxels_atlas"}
			}
		},
		{
			"from": [19, 5, 22],
			"to": [19.25, 8, 30],
			"rotation": {"angle": 0, "axis": "y", "origin": [26.25, 13, 32]},
			"faces": {
				"north": {"uv": [6.25, 12.625, 6.25, 13], "texture": "#voxels_atlas"},
				"east": {"uv": [5.25, 12.625, 6.25, 13], "texture": "#voxels_atlas"},
				"south": {"uv": [7.25, 12.625, 7.25, 13], "texture": "#voxels_atlas"},
				"west": {"uv": [6.25, 12.625, 7.25, 13], "texture": "#voxels_atlas"},
				"up": {"uv": [6.25, 12.625, 6.25, 11.625], "texture": "#voxels_atlas"},
				"down": {"uv": [6.25, 11.625, 6.25, 12.625], "texture": "#voxels_atlas"}
			}
		},
		{
			"from": [19, 5, 10],
			"to": [19.25, 8, 18],
			"rotation": {"angle": 0, "axis": "y", "origin": [26.25, 13, 20]},
			"faces": {
				"north": {"uv": [12.5, 7.625, 12.5, 8], "texture": "#voxels_atlas"},
				"east": {"uv": [11.5, 7.625, 12.5, 8], "texture": "#voxels_atlas"},
				"south": {"uv": [13.5, 7.625, 13.5, 8], "texture": "#voxels_atlas"},
				"west": {"uv": [12.5, 7.625, 13.5, 8], "texture": "#voxels_atlas"},
				"up": {"uv": [12.5, 7.625, 12.5, 6.625], "texture": "#voxels_atlas"},
				"down": {"uv": [12.5, 6.625, 12.5, 7.625], "texture": "#voxels_atlas"}
			}
		},
		{
			"from": [19, 5, -2],
			"to": [19.25, 8, 6],
			"rotation": {"angle": 0, "axis": "y", "origin": [26.25, 13, 8]},
			"faces": {
				"north": {"uv": [12.125, 10.75, 12.125, 11.125], "texture": "#voxels_atlas"},
				"east": {"uv": [11.125, 10.75, 12.125, 11.125], "texture": "#voxels_atlas"},
				"south": {"uv": [13.125, 10.75, 13.125, 11.125], "texture": "#voxels_atlas"},
				"west": {"uv": [12.125, 10.75, 13.125, 11.125], "texture": "#voxels_atlas"},
				"up": {"uv": [12.125, 10.75, 12.125, 9.75], "texture": "#voxels_atlas"},
				"down": {"uv": [12.125, 9.75, 12.125, 10.75], "texture": "#voxels_atlas"}
			}
		},
		{
			"from": [-3, 1, -11.25],
			"to": [19, 5, -11],
			"rotation": {"angle": 0, "axis": "y", "origin": [8, 9, -4]},
			"faces": {
				"north": {"uv": [6.75, 5.875, 9.5, 6.375], "texture": "#voxels_atlas"},
				"east": {"uv": [6.75, 5.875, 6.75, 6.375], "texture": "#voxels_atlas"},
				"south": {"uv": [9.5, 5.875, 12.25, 6.375], "texture": "#voxels_atlas"},
				"west": {"uv": [9.5, 5.875, 9.5, 6.375], "texture": "#voxels_atlas"},
				"up": {"uv": [9.5, 5.875, 6.75, 5.875], "texture": "#voxels_atlas"},
				"down": {"uv": [12.25, 5.875, 9.5, 5.875], "texture": "#voxels_atlas"}
			}
		},
		{
			"from": [-3, 5, -11.25],
			"to": [19, 8, -11],
			"rotation": {"angle": 0, "axis": "y", "origin": [8, 13, -4]},
			"faces": {
				"north": {"uv": [9.375, 0, 12.125, 0.375], "texture": "#voxels_atlas"},
				"east": {"uv": [9.375, 0, 9.375, 0.375], "texture": "#voxels_atlas"},
				"south": {"uv": [12.125, 0, 14.875, 0.375], "texture": "#voxels_atlas"},
				"west": {"uv": [12.125, 0, 12.125, 0.375], "texture": "#voxels_atlas"},
				"up": {"uv": [12.125, 0, 9.375, 0], "texture": "#voxels_atlas"},
				"down": {"uv": [14.875, 0, 12.125, 0], "texture": "#voxels_atlas"}
			}
		}
	],
	"display": {
		"thirdperson_righthand": {
			"translation": [0, 3, 1],
			"scale": [0.25, 0.25, 0.25]
		},
		"thirdperson_lefthand": {
			"translation": [0, 3, 1],
			"scale": [0.25, 0.25, 0.25]
		},
		"firstperson_righthand": {
			"rotation": [0, -90, 25],
			"translation": [1.13, 3.2, 1.13],
			"scale": [0.25, 0.25, 0.25]
		},
		"firstperson_lefthand": {
			"rotation": [0, -90, 25],
			"translation": [1.13, 3.2, 1.13],
			"scale": [0.25, 0.25, 0.25]
		},
		"ground": {
			"translation": [0, 2, 0],
			"scale": [0.5, 0.5, 0.5]
		},
		"gui": {
			"scale": [0.66406, 0.67578, 1]
		},
		"head": {
			"scale": [2, 2, 2]
		},
		"fixed": {
			"rotation": [0, 90, 0],
			"scale": [0.25, 0.39648, 0.39844]
		}
	}
}