{
	"credit": "Made with Blockbench",
	"texture_size": [128, 128],
	"textures": {
		"0": "ohben/TexasStingCR",
		"particle": "ohben/TexasStingCR"
	},
	"elements": [
		{
			"from": [8.5, 3, 9],
			"to": [15, 6, 13],
			"rotation": {"angle": 0, "axis": "y", "origin": [9.5, 14, 20]},
			"faces": {
				"north": {"uv": [1.5, 6.625, 2.375, 7], "texture": "#0"},
				"east": {"uv": [4.625, 7.375, 5.125, 7.75], "texture": "#0"},
				"south": {"uv": [5, 6.625, 5.875, 7], "texture": "#0"},
				"west": {"uv": [7, 7.5, 7.5, 7.875], "texture": "#0"},
				"up": {"uv": [6.125, 5.75, 5.25, 5.25], "texture": "#0"},
				"down": {"uv": [6.125, 4, 5.25, 4.5], "texture": "#0"}
			}
		},
		{
			"from": [7.5, 3, 10],
			"to": [8.5, 7.75, 13],
			"rotation": {"angle": 0, "axis": "y", "origin": [16, 14, 21]},
			"faces": {
				"north": {"uv": [2.5, 5.875, 2.625, 6.5], "texture": "#0"},
				"east": {"uv": [5.25, 7.25, 5.625, 7.875], "texture": "#0"},
				"south": {"uv": [3.125, 8.375, 3.25, 9], "texture": "#0"},
				"west": {"uv": [7.25, 0.75, 7.625, 1.375], "texture": "#0"},
				"up": {"uv": [5.625, 9.125, 5.5, 8.75], "texture": "#0"},
				"down": {"uv": [5.75, 8.75, 5.625, 9.125], "texture": "#0"}
			}
		},
		{
			"from": [15, 6, 9.25],
			"to": [16, 7.75, 11.75],
			"rotation": {"angle": 0, "axis": "y", "origin": [24, 14, 21]},
			"faces": {
				"north": {"uv": [9, 4.375, 9.125, 4.625], "texture": "#0"},
				"east": {"uv": [4.875, 5.375, 5.25, 5.625], "texture": "#0"},
				"south": {"uv": [9, 4.625, 9.125, 4.875], "texture": "#0"},
				"west": {"uv": [7.875, 0.375, 8.25, 0.625], "texture": "#0"},
				"up": {"uv": [7.75, 9.125, 7.625, 8.75], "texture": "#0"},
				"down": {"uv": [7.875, 8.75, 7.75, 9.125], "texture": "#0"}
			}
		},
		{
			"from": [0, 5.9375, 9.25],
			"to": [1, 7.6875, 11.75],
			"rotation": {"angle": 0, "axis": "y", "origin": [9, 13.9375, 21]},
			"faces": {
				"north": {"uv": [7.125, 9.125, 7.25, 9.375], "texture": "#0"},
				"east": {"uv": [7.875, 4, 8.25, 4.25], "texture": "#0"},
				"south": {"uv": [7.25, 9.125, 7.375, 9.375], "texture": "#0"},
				"west": {"uv": [7.875, 4.25, 8.25, 4.5], "texture": "#0"},
				"up": {"uv": [8, 9.125, 7.875, 8.75], "texture": "#0"},
				"down": {"uv": [8.875, 8.75, 8.75, 9.125], "texture": "#0"}
			}
		},
		{
			"from": [-0.5, 5.9375, 9.25],
			"to": [0, 7.6875, 11.75],
			"rotation": {"angle": 0, "axis": "y", "origin": [8, 13.9375, 21]},
			"faces": {
				"north": {"uv": [9.125, 0, 9.25, 0.25], "texture": "#0"},
				"east": {"uv": [7.875, 5.75, 8.25, 6], "texture": "#0"},
				"south": {"uv": [9.125, 0.5, 9.25, 0.75], "texture": "#0"},
				"west": {"uv": [2.25, 8, 2.625, 8.25], "texture": "#0"},
				"up": {"uv": [8.875, 1.375, 8.75, 1], "texture": "#0"},
				"down": {"uv": [8.875, 7.375, 8.75, 7.75], "texture": "#0"}
			}
		},
		{
			"from": [16, 5.9375, 9.25],
			"to": [16.5, 7.6875, 11.75],
			"rotation": {"angle": 0, "axis": "y", "origin": [24.5, 13.9375, 21]},
			"faces": {
				"north": {"uv": [9.125, 3.25, 9.25, 3.5], "texture": "#0"},
				"east": {"uv": [2.625, 8, 3, 8.25], "texture": "#0"},
				"south": {"uv": [9.125, 3.5, 9.25, 3.75], "texture": "#0"},
				"west": {"uv": [8, 8, 8.375, 8.25], "texture": "#0"},
				"up": {"uv": [1.125, 9.25, 1, 8.875], "texture": "#0"},
				"down": {"uv": [1.25, 8.875, 1.125, 9.25], "texture": "#0"}
			}
		},
		{
			"from": [15, 7.75, 10],
			"to": [16, 9.25, 11.75],
			"rotation": {"angle": 0, "axis": "y", "origin": [24, 15.5, 21]},
			"faces": {
				"north": {"uv": [9, 5.25, 9.125, 5.5], "texture": "#0"},
				"east": {"uv": [5.875, 8.625, 6.125, 8.875], "texture": "#0"},
				"south": {"uv": [9, 5.5, 9.125, 5.75], "texture": "#0"},
				"west": {"uv": [6.125, 8.625, 6.375, 8.875], "texture": "#0"},
				"up": {"uv": [9.125, 6, 9, 5.75], "texture": "#0"},
				"down": {"uv": [9.125, 7.25, 9, 7.5], "texture": "#0"}
			}
		},
		{
			"from": [0, 7.6875, 10],
			"to": [1, 9.1875, 11.75],
			"rotation": {"angle": 0, "axis": "y", "origin": [9, 15.4375, 21]},
			"faces": {
				"north": {"uv": [6.375, 9.125, 6.5, 9.375], "texture": "#0"},
				"east": {"uv": [8, 8.625, 8.25, 8.875], "texture": "#0"},
				"south": {"uv": [6.625, 9.125, 6.75, 9.375], "texture": "#0"},
				"west": {"uv": [8.25, 8.625, 8.5, 8.875], "texture": "#0"},
				"up": {"uv": [6.875, 9.375, 6.75, 9.125], "texture": "#0"},
				"down": {"uv": [7.125, 9.125, 7, 9.375], "texture": "#0"}
			}
		},
		{
			"from": [-0.5, 7.6875, 10],
			"to": [0, 9.1875, 11.75],
			"rotation": {"angle": 0, "axis": "y", "origin": [8, 15.4375, 21]},
			"faces": {
				"north": {"uv": [7.375, 9.125, 7.5, 9.375], "texture": "#0"},
				"east": {"uv": [8.5, 8.625, 8.75, 8.875], "texture": "#0"},
				"south": {"uv": [7.5, 9.125, 7.625, 9.375], "texture": "#0"},
				"west": {"uv": [0, 8.75, 0.25, 9], "texture": "#0"},
				"up": {"uv": [7.75, 9.375, 7.625, 9.125], "texture": "#0"},
				"down": {"uv": [7.875, 9.125, 7.75, 9.375], "texture": "#0"}
			}
		},
		{
			"from": [16, 7.6875, 10],
			"to": [16.5, 9.1875, 11.75],
			"rotation": {"angle": 0, "axis": "y", "origin": [24.5, 15.4375, 21]},
			"faces": {
				"north": {"uv": [9.125, 0.75, 9.25, 1], "texture": "#0"},
				"east": {"uv": [2.5, 8.75, 2.75, 9], "texture": "#0"},
				"south": {"uv": [9.125, 1, 9.25, 1.25], "texture": "#0"},
				"west": {"uv": [2.875, 8.75, 3.125, 9], "texture": "#0"},
				"up": {"uv": [9.25, 1.5, 9.125, 1.25], "texture": "#0"},
				"down": {"uv": [9.25, 1.5, 9.125, 1.75], "texture": "#0"}
			}
		},
		{
			"from": [15, 9.25, 10.6875],
			"to": [16, 10.75, 11.75],
			"rotation": {"angle": 0, "axis": "y", "origin": [24, 17, 21]},
			"faces": {
				"north": {"uv": [9, 7.5, 9.125, 7.75], "texture": "#0"},
				"east": {"uv": [9, 8, 9.125, 8.25], "texture": "#0"},
				"south": {"uv": [2.25, 9.125, 2.375, 9.375], "texture": "#0"},
				"west": {"uv": [2.375, 9.125, 2.5, 9.375], "texture": "#0"},
				"up": {"uv": [9.5, 6.25, 9.375, 6.125], "texture": "#0"},
				"down": {"uv": [9.5, 6.25, 9.375, 6.375], "texture": "#0"}
			}
		},
		{
			"from": [0, 9.1875, 10.6875],
			"to": [1, 10.6875, 11.75],
			"rotation": {"angle": 0, "axis": "y", "origin": [9, 16.9375, 21]},
			"faces": {
				"north": {"uv": [5.125, 9.125, 5.25, 9.375], "texture": "#0"},
				"east": {"uv": [5.5, 9.125, 5.625, 9.375], "texture": "#0"},
				"south": {"uv": [5.625, 9.125, 5.75, 9.375], "texture": "#0"},
				"west": {"uv": [5.75, 9.125, 5.875, 9.375], "texture": "#0"},
				"up": {"uv": [9.5, 8.125, 9.375, 8], "texture": "#0"},
				"down": {"uv": [9.5, 8.125, 9.375, 8.25], "texture": "#0"}
			}
		},
		{
			"from": [-0.5, 9.1875, 10.6875],
			"to": [0, 10.6875, 11.75],
			"rotation": {"angle": 0, "axis": "y", "origin": [8, 16.9375, 21]},
			"faces": {
				"north": {"uv": [7.875, 9.125, 8, 9.375], "texture": "#0"},
				"east": {"uv": [8.75, 9.125, 8.875, 9.375], "texture": "#0"},
				"south": {"uv": [9, 9.125, 9.125, 9.375], "texture": "#0"},
				"west": {"uv": [9.125, 9.125, 9.25, 9.375], "texture": "#0"},
				"up": {"uv": [1.25, 9.625, 1.125, 9.5], "texture": "#0"},
				"down": {"uv": [1.375, 9.5, 1.25, 9.625], "texture": "#0"}
			}
		},
		{
			"from": [16, 9.1875, 10.6875],
			"to": [16.5, 10.6875, 11.75],
			"rotation": {"angle": 0, "axis": "y", "origin": [24.5, 16.9375, 21]},
			"faces": {
				"north": {"uv": [9.125, 2, 9.25, 2.25], "texture": "#0"},
				"east": {"uv": [9.125, 2.25, 9.25, 2.5], "texture": "#0"},
				"south": {"uv": [9.125, 2.75, 9.25, 3], "texture": "#0"},
				"west": {"uv": [9.125, 3, 9.25, 3.25], "texture": "#0"},
				"up": {"uv": [3.375, 9.625, 3.25, 9.5], "texture": "#0"},
				"down": {"uv": [3.5, 9.5, 3.375, 9.625], "texture": "#0"}
			}
		},
		{
			"from": [15, 10.75, 10.9375],
			"to": [16, 11.5, 11.75],
			"rotation": {"angle": 0, "axis": "y", "origin": [24, 18.5, 21]},
			"faces": {
				"north": {"uv": [9.375, 6.375, 9.5, 6.5], "texture": "#0"},
				"east": {"uv": [9.375, 6.5, 9.5, 6.625], "texture": "#0"},
				"south": {"uv": [9.375, 6.625, 9.5, 6.75], "texture": "#0"},
				"west": {"uv": [9.375, 6.75, 9.5, 6.875], "texture": "#0"},
				"up": {"uv": [9.5, 7.125, 9.375, 7], "texture": "#0"},
				"down": {"uv": [9.5, 7.125, 9.375, 7.25], "texture": "#0"}
			}
		},
		{
			"from": [0, 10.6875, 10.9375],
			"to": [1, 11.4375, 11.75],
			"rotation": {"angle": 0, "axis": "y", "origin": [9, 18.4375, 21]},
			"faces": {
				"north": {"uv": [9.375, 7.25, 9.5, 7.375], "texture": "#0"},
				"east": {"uv": [9.375, 7.375, 9.5, 7.5], "texture": "#0"},
				"south": {"uv": [9.375, 7.5, 9.5, 7.625], "texture": "#0"},
				"west": {"uv": [9.375, 7.625, 9.5, 7.75], "texture": "#0"},
				"up": {"uv": [9.5, 7.875, 9.375, 7.75], "texture": "#0"},
				"down": {"uv": [9.5, 7.875, 9.375, 8], "texture": "#0"}
			}
		},
		{
			"from": [-0.5, 10.6875, 10.9375],
			"to": [0, 11.4375, 11.75],
			"rotation": {"angle": 0, "axis": "y", "origin": [8, 18.4375, 21]},
			"faces": {
				"north": {"uv": [1.375, 9.5, 1.5, 9.625], "texture": "#0"},
				"east": {"uv": [1.5, 9.5, 1.625, 9.625], "texture": "#0"},
				"south": {"uv": [1.625, 9.5, 1.75, 9.625], "texture": "#0"},
				"west": {"uv": [1.75, 9.5, 1.875, 9.625], "texture": "#0"},
				"up": {"uv": [2, 9.625, 1.875, 9.5], "texture": "#0"},
				"down": {"uv": [2.125, 9.5, 2, 9.625], "texture": "#0"}
			}
		},
		{
			"from": [16, 10.6875, 10.9375],
			"to": [16.5, 11.4375, 11.75],
			"rotation": {"angle": 0, "axis": "y", "origin": [24.5, 18.4375, 21]},
			"faces": {
				"north": {"uv": [3.5, 9.5, 3.625, 9.625], "texture": "#0"},
				"east": {"uv": [3.625, 9.5, 3.75, 9.625], "texture": "#0"},
				"south": {"uv": [3.75, 9.5, 3.875, 9.625], "texture": "#0"},
				"west": {"uv": [3.875, 9.5, 4, 9.625], "texture": "#0"},
				"up": {"uv": [4.125, 9.625, 4, 9.5], "texture": "#0"},
				"down": {"uv": [4.25, 9.5, 4.125, 9.625], "texture": "#0"}
			}
		},
		{
			"from": [7.5, 3, 8.75],
			"to": [8.5, 6, 10],
			"rotation": {"angle": 0, "axis": "y", "origin": [16, 14, 18]},
			"faces": {
				"north": {"uv": [5.75, 8.75, 5.875, 9.125], "texture": "#0"},
				"east": {"uv": [6.625, 8.75, 6.75, 9.125], "texture": "#0"},
				"south": {"uv": [6.75, 8.75, 6.875, 9.125], "texture": "#0"},
				"west": {"uv": [7, 8.75, 7.125, 9.125], "texture": "#0"},
				"up": {"uv": [3, 8.375, 2.875, 8.25], "texture": "#0"},
				"down": {"uv": [6.75, 8.25, 6.625, 8.375], "texture": "#0"}
			}
		},
		{
			"from": [15, 3, 8.3125],
			"to": [16, 6, 16],
			"rotation": {"angle": 0, "axis": "y", "origin": [23.5, 14, 18]},
			"faces": {
				"north": {"uv": [7.125, 8.75, 7.25, 9.125], "texture": "#0"},
				"east": {"uv": [1.5, 5.875, 2.5, 6.25], "texture": "#0"},
				"south": {"uv": [7.25, 8.75, 7.375, 9.125], "texture": "#0"},
				"west": {"uv": [1.5, 6.25, 2.5, 6.625], "texture": "#0"},
				"up": {"uv": [3.375, 8.875, 3.25, 7.875], "texture": "#0"},
				"down": {"uv": [3.5, 7.875, 3.375, 8.875], "texture": "#0"}
			}
		},
		{
			"from": [0, 3, 8.3125],
			"to": [1, 6, 16],
			"rotation": {"angle": 0, "axis": "y", "origin": [8.5, 14, 18]},
			"faces": {
				"north": {"uv": [7.375, 8.75, 7.5, 9.125], "texture": "#0"},
				"east": {"uv": [4.125, 6.25, 5.125, 6.625], "texture": "#0"},
				"south": {"uv": [7.5, 8.75, 7.625, 9.125], "texture": "#0"},
				"west": {"uv": [5.125, 6.25, 6.125, 6.625], "texture": "#0"},
				"up": {"uv": [3.625, 8.875, 3.5, 7.875], "texture": "#0"},
				"down": {"uv": [3.75, 7.875, 3.625, 8.875], "texture": "#0"}
			}
		},
		{
			"from": [-0.5, 3, 8.3125],
			"to": [0, 6, 16],
			"rotation": {"angle": 0, "axis": "y", "origin": [7.5, 14, 18]},
			"faces": {
				"north": {"uv": [0.25, 8.875, 0.375, 9.25], "texture": "#0"},
				"east": {"uv": [6.125, 6.25, 7.125, 6.625], "texture": "#0"},
				"south": {"uv": [0.375, 8.875, 0.5, 9.25], "texture": "#0"},
				"west": {"uv": [6.25, 2.75, 7.25, 3.125], "texture": "#0"},
				"up": {"uv": [3.875, 8.875, 3.75, 7.875], "texture": "#0"},
				"down": {"uv": [4, 7.875, 3.875, 8.875], "texture": "#0"}
			}
		},
		{
			"from": [16, 3, 8.3125],
			"to": [16.5, 6, 16],
			"rotation": {"angle": 0, "axis": "y", "origin": [24, 14, 18]},
			"faces": {
				"north": {"uv": [1.25, 8.875, 1.375, 9.25], "texture": "#0"},
				"east": {"uv": [6.25, 3.125, 7.25, 3.5], "texture": "#0"},
				"south": {"uv": [1.375, 8.875, 1.5, 9.25], "texture": "#0"},
				"west": {"uv": [2.5, 6.5, 3.5, 6.875], "texture": "#0"},
				"up": {"uv": [4.125, 8.875, 4, 7.875], "texture": "#0"},
				"down": {"uv": [4.25, 7.875, 4.125, 8.875], "texture": "#0"}
			}
		},
		{
			"from": [15, 6, 11.75],
			"to": [16, 13, 16],
			"rotation": {"angle": 0, "axis": "y", "origin": [23.5, 17, 18]},
			"faces": {
				"north": {"uv": [4.25, 7.875, 4.375, 8.75], "texture": "#0"},
				"east": {"uv": [1.75, 3.25, 2.25, 4.125], "texture": "#0"},
				"south": {"uv": [4.375, 7.875, 4.5, 8.75], "texture": "#0"},
				"west": {"uv": [4.375, 5.375, 4.875, 6.25], "texture": "#0"},
				"up": {"uv": [7, 8.875, 6.875, 8.375], "texture": "#0"},
				"down": {"uv": [2.875, 8.5, 2.75, 9], "texture": "#0"}
			}
		},
		{
			"from": [0, 6, 11.75],
			"to": [1, 13, 16],
			"rotation": {"angle": 0, "axis": "y", "origin": [8.5, 17, 18]},
			"faces": {
				"north": {"uv": [4.5, 7.875, 4.625, 8.75], "texture": "#0"},
				"east": {"uv": [2.625, 5.625, 3.125, 6.5], "texture": "#0"},
				"south": {"uv": [5.25, 7.875, 5.375, 8.75], "texture": "#0"},
				"west": {"uv": [3.125, 5.625, 3.625, 6.5], "texture": "#0"},
				"up": {"uv": [6.625, 9, 6.5, 8.5], "texture": "#0"},
				"down": {"uv": [2.375, 8.625, 2.25, 9.125], "texture": "#0"}
			}
		},
		{
			"from": [-0.5, 6, 11.75],
			"to": [0, 13, 16],
			"rotation": {"angle": 0, "axis": "y", "origin": [7.5, 17, 18]},
			"faces": {
				"north": {"uv": [1.25, 8, 1.375, 8.875], "texture": "#0"},
				"east": {"uv": [3.625, 5.625, 4.125, 6.5], "texture": "#0"},
				"south": {"uv": [1.375, 8, 1.5, 8.875], "texture": "#0"},
				"west": {"uv": [0, 5.75, 0.5, 6.625], "texture": "#0"},
				"up": {"uv": [2.5, 9.125, 2.375, 8.625], "texture": "#0"},
				"down": {"uv": [5.25, 8.625, 5.125, 9.125], "texture": "#0"}
			}
		},
		{
			"from": [16, 6, 11.75],
			"to": [16.5, 13, 16],
			"rotation": {"angle": 0, "axis": "y", "origin": [24, 17, 18]},
			"faces": {
				"north": {"uv": [2, 8, 2.125, 8.875], "texture": "#0"},
				"east": {"uv": [0.5, 5.75, 1, 6.625], "texture": "#0"},
				"south": {"uv": [2.125, 8, 2.25, 8.875], "texture": "#0"},
				"west": {"uv": [1, 5.75, 1.5, 6.625], "texture": "#0"},
				"up": {"uv": [6.5, 9.125, 6.375, 8.625], "texture": "#0"},
				"down": {"uv": [4.375, 8.75, 4.25, 9.25], "texture": "#0"}
			}
		},
		{
			"from": [7.5, 6.54289, 9.25],
			"to": [8.5, 7.54289, 10.5],
			"rotation": {"angle": -45, "axis": "x", "origin": [8, 7.04289, 10]},
			"faces": {
				"north": {"uv": [8.625, 7.375, 8.75, 7.5], "texture": "#0"},
				"east": {"uv": [9, 1, 9.125, 1.125], "texture": "#0"},
				"south": {"uv": [9, 3.375, 9.125, 3.5], "texture": "#0"},
				"west": {"uv": [9.375, 1.875, 9.5, 2], "texture": "#0"},
				"up": {"uv": [9.5, 2.125, 9.375, 2], "texture": "#0"},
				"down": {"uv": [9.5, 2.125, 9.375, 2.25], "texture": "#0"}
			}
		},
		{
			"from": [15, 11.66789, 11],
			"to": [16, 12.79289, 12.25],
			"rotation": {"angle": -45, "axis": "x", "origin": [15.5, 12.29289, 11.75]},
			"faces": {
				"north": {"uv": [9.375, 4, 9.5, 4.125], "texture": "#0"},
				"east": {"uv": [9.375, 4.125, 9.5, 4.25], "texture": "#0"},
				"south": {"uv": [9.375, 4.25, 9.5, 4.375], "texture": "#0"},
				"west": {"uv": [9.375, 4.375, 9.5, 4.5], "texture": "#0"},
				"up": {"uv": [9.5, 4.625, 9.375, 4.5], "texture": "#0"},
				"down": {"uv": [9.5, 4.625, 9.375, 4.75], "texture": "#0"}
			}
		},
		{
			"from": [0, 11.66789, 11],
			"to": [1, 12.79289, 12.25],
			"rotation": {"angle": -45, "axis": "x", "origin": [0.5, 12.29289, 11.75]},
			"faces": {
				"north": {"uv": [9.375, 5.25, 9.5, 5.375], "texture": "#0"},
				"east": {"uv": [9.375, 5.375, 9.5, 5.5], "texture": "#0"},
				"south": {"uv": [9.375, 5.5, 9.5, 5.625], "texture": "#0"},
				"west": {"uv": [9.375, 5.75, 9.5, 5.875], "texture": "#0"},
				"up": {"uv": [9.5, 6, 9.375, 5.875], "texture": "#0"},
				"down": {"uv": [9.5, 6, 9.375, 6.125], "texture": "#0"}
			}
		},
		{
			"from": [-0.5, 11.66789, 11],
			"to": [0, 12.79289, 12.25],
			"rotation": {"angle": -45, "axis": "x", "origin": [-0.5, 12.29289, 11.75]},
			"faces": {
				"north": {"uv": [9.375, 8.25, 9.5, 8.375], "texture": "#0"},
				"east": {"uv": [9.375, 8.5, 9.5, 8.625], "texture": "#0"},
				"south": {"uv": [9.375, 8.75, 9.5, 8.875], "texture": "#0"},
				"west": {"uv": [9.375, 8.875, 9.5, 9], "texture": "#0"},
				"up": {"uv": [9.5, 9.125, 9.375, 9], "texture": "#0"},
				"down": {"uv": [0.375, 9.5, 0.25, 9.625], "texture": "#0"}
			}
		},
		{
			"from": [16, 11.66789, 11],
			"to": [16.5, 12.79289, 12.25],
			"rotation": {"angle": -45, "axis": "x", "origin": [16, 12.29289, 11.75]},
			"faces": {
				"north": {"uv": [2.125, 9.5, 2.25, 9.625], "texture": "#0"},
				"east": {"uv": [2.25, 9.5, 2.375, 9.625], "texture": "#0"},
				"south": {"uv": [2.375, 9.5, 2.5, 9.625], "texture": "#0"},
				"west": {"uv": [2.5, 9.5, 2.625, 9.625], "texture": "#0"},
				"up": {"uv": [2.75, 9.625, 2.625, 9.5], "texture": "#0"},
				"down": {"uv": [2.875, 9.5, 2.75, 9.625], "texture": "#0"}
			}
		},
		{
			"from": [7.5, 5.7706, 8.90328],
			"to": [8.5, 6.7706, 10.90328],
			"rotation": {"angle": 22.5, "axis": "x", "origin": [8, 6.2706, 9.40328]},
			"faces": {
				"north": {"uv": [9.375, 2.75, 9.5, 2.875], "texture": "#0"},
				"east": {"uv": [8.875, 6.125, 9.125, 6.25], "texture": "#0"},
				"south": {"uv": [9.375, 2.875, 9.5, 3], "texture": "#0"},
				"west": {"uv": [8.875, 7.125, 9.125, 7.25], "texture": "#0"},
				"up": {"uv": [5.375, 9.25, 5.25, 9], "texture": "#0"},
				"down": {"uv": [5.5, 9, 5.375, 9.25], "texture": "#0"}
			}
		},
		{
			"from": [15, 5.65594, 8.7233],
			"to": [16, 12.34344, 9.6608],
			"rotation": {"angle": 22.5, "axis": "x", "origin": [15.5, 6.84344, 9.2233]},
			"faces": {
				"north": {"uv": [5.375, 7.875, 5.5, 8.75], "texture": "#0"},
				"east": {"uv": [5.5, 7.875, 5.625, 8.75], "texture": "#0"},
				"south": {"uv": [7, 7.875, 7.125, 8.75], "texture": "#0"},
				"west": {"uv": [7.125, 7.875, 7.25, 8.75], "texture": "#0"},
				"up": {"uv": [9.5, 4.875, 9.375, 4.75], "texture": "#0"},
				"down": {"uv": [9.5, 4.875, 9.375, 5], "texture": "#0"}
			}
		},
		{
			"from": [0, 5.59344, 8.7233],
			"to": [1, 12.28094, 9.6608],
			"rotation": {"angle": 22.5, "axis": "x", "origin": [0.5, 6.78094, 9.2233]},
			"faces": {
				"north": {"uv": [7.25, 7.875, 7.375, 8.75], "texture": "#0"},
				"east": {"uv": [7.375, 7.875, 7.5, 8.75], "texture": "#0"},
				"south": {"uv": [7.5, 7.875, 7.625, 8.75], "texture": "#0"},
				"west": {"uv": [7.625, 7.875, 7.75, 8.75], "texture": "#0"},
				"up": {"uv": [9.5, 5.125, 9.375, 5], "texture": "#0"},
				"down": {"uv": [9.5, 5.125, 9.375, 5.25], "texture": "#0"}
			}
		},
		{
			"from": [-0.5, 5.59344, 8.7233],
			"to": [0, 12.28094, 9.6608],
			"rotation": {"angle": 22.5, "axis": "x", "origin": [-0.5, 6.78094, 9.2233]},
			"faces": {
				"north": {"uv": [7.75, 7.875, 7.875, 8.75], "texture": "#0"},
				"east": {"uv": [7.875, 7.875, 8, 8.75], "texture": "#0"},
				"south": {"uv": [1, 8, 1.125, 8.875], "texture": "#0"},
				"west": {"uv": [1.125, 8, 1.25, 8.875], "texture": "#0"},
				"up": {"uv": [0.5, 9.625, 0.375, 9.5], "texture": "#0"},
				"down": {"uv": [1.125, 9.5, 1, 9.625], "texture": "#0"}
			}
		},
		{
			"from": [16, 5.59344, 8.7233],
			"to": [16.5, 12.28094, 9.6608],
			"rotation": {"angle": 22.5, "axis": "x", "origin": [16, 6.78094, 9.2233]},
			"faces": {
				"north": {"uv": [1.5, 8, 1.625, 8.875], "texture": "#0"},
				"east": {"uv": [1.625, 8, 1.75, 8.875], "texture": "#0"},
				"south": {"uv": [1.75, 8, 1.875, 8.875], "texture": "#0"},
				"west": {"uv": [1.875, 8, 2, 8.875], "texture": "#0"},
				"up": {"uv": [3, 9.625, 2.875, 9.5], "texture": "#0"},
				"down": {"uv": [3.25, 9.5, 3.125, 9.625], "texture": "#0"}
			}
		},
		{
			"from": [1, 3, 13],
			"to": [15, 13, 15],
			"rotation": {"angle": 0, "axis": "y", "origin": [9.5, 10, 14.5]},
			"faces": {
				"north": {"uv": [0, 3.25, 1.75, 4.5], "texture": "#0"},
				"east": {"uv": [6.75, 6.75, 7, 8], "texture": "#0"},
				"south": {"uv": [1.75, 4.125, 3.5, 5.375], "texture": "#0"},
				"west": {"uv": [0, 6.875, 0.25, 8.125], "texture": "#0"},
				"up": {"uv": [7, 5.25, 5.25, 5], "texture": "#0"},
				"down": {"uv": [4.375, 5.375, 2.625, 5.625], "texture": "#0"}
			}
		},
		{
			"from": [1, 3, 15],
			"to": [15, 13, 16],
			"rotation": {"angle": 0, "axis": "y", "origin": [9.5, 10, 15.5]},
			"faces": {
				"north": {"uv": [3.5, 4.125, 5.25, 5.375], "texture": "#0"},
				"east": {"uv": [6.625, 7, 6.75, 8.25], "texture": "#0"},
				"south": {"uv": [0, 4.5, 1.75, 5.75], "texture": "#0"},
				"west": {"uv": [5.125, 7.375, 5.25, 8.625], "texture": "#0"},
				"up": {"uv": [9, 3.25, 7.25, 3.125], "texture": "#0"},
				"down": {"uv": [9, 3.25, 7.25, 3.375], "texture": "#0"}
			}
		},
		{
			"from": [9.14645, 14.3033, 13],
			"to": [10.64645, 15.3033, 15],
			"rotation": {"angle": -45, "axis": "z", "origin": [9.5, 10, 14.5]},
			"faces": {
				"north": {"uv": [1.5, 5.75, 1.75, 5.875], "texture": "#0"},
				"east": {"uv": [8.75, 8.375, 9, 8.5], "texture": "#0"},
				"south": {"uv": [8.75, 8.625, 9, 8.75], "texture": "#0"},
				"west": {"uv": [8.875, 0.5, 9.125, 0.625], "texture": "#0"},
				"up": {"uv": [2.75, 8.75, 2.5, 8.5], "texture": "#0"},
				"down": {"uv": [8.75, 7.5, 8.5, 7.75], "texture": "#0"}
			}
		},
		{
			"from": [9.14645, 14.3033, 15],
			"to": [10.64645, 15.3033, 16],
			"rotation": {"angle": -45, "axis": "z", "origin": [9.5, 10, 14.5]},
			"faces": {
				"north": {"uv": [8.875, 7.75, 9.125, 7.875], "texture": "#0"},
				"east": {"uv": [9.375, 3, 9.5, 3.125], "texture": "#0"},
				"south": {"uv": [8.875, 8.75, 9.125, 8.875], "texture": "#0"},
				"west": {"uv": [9.375, 3.125, 9.5, 3.25], "texture": "#0"},
				"up": {"uv": [9.25, 9.125, 9, 9], "texture": "#0"},
				"down": {"uv": [9.25, 0.375, 9, 0.5], "texture": "#0"}
			}
		},
		{
			"from": [2.07538, 6.73223, 13],
			"to": [3.07538, 8.23223, 15],
			"rotation": {"angle": -45, "axis": "z", "origin": [9.5, 10, 14.5]},
			"faces": {
				"north": {"uv": [8.875, 4.75, 9, 5], "texture": "#0"},
				"east": {"uv": [8.5, 8.25, 8.75, 8.5], "texture": "#0"},
				"south": {"uv": [3.125, 9, 3.25, 9.25], "texture": "#0"},
				"west": {"uv": [0.25, 8.625, 0.5, 8.875], "texture": "#0"},
				"up": {"uv": [4.5, 9.25, 4.375, 9], "texture": "#0"},
				"down": {"uv": [4.625, 9, 4.5, 9.25], "texture": "#0"}
			}
		},
		{
			"from": [2.07538, 6.73223, 15],
			"to": [3.07538, 8.23223, 16],
			"rotation": {"angle": -45, "axis": "z", "origin": [9.5, 10, 14.5]},
			"faces": {
				"north": {"uv": [6.5, 9, 6.625, 9.25], "texture": "#0"},
				"east": {"uv": [9, 0.75, 9.125, 1], "texture": "#0"},
				"south": {"uv": [9, 2, 9.125, 2.25], "texture": "#0"},
				"west": {"uv": [9, 3.125, 9.125, 3.375], "texture": "#0"},
				"up": {"uv": [9.5, 3.625, 9.375, 3.5], "texture": "#0"},
				"down": {"uv": [9.5, 3.625, 9.375, 3.75], "texture": "#0"}
			}
		},
		{
			"from": [3, 13, 13],
			"to": [13, 14, 15],
			"rotation": {"angle": 0, "axis": "y", "origin": [9.5, 10, 14.5]},
			"faces": {
				"north": {"uv": [0.25, 6.875, 1.5, 7], "texture": "#0"},
				"east": {"uv": [8.875, 1.125, 9.125, 1.25], "texture": "#0"},
				"south": {"uv": [1.25, 7.125, 2.5, 7.25], "texture": "#0"},
				"west": {"uv": [8.875, 1.25, 9.125, 1.375], "texture": "#0"},
				"up": {"uv": [7.875, 0.625, 6.625, 0.375], "texture": "#0"},
				"down": {"uv": [7.875, 5.75, 6.625, 6], "texture": "#0"}
			}
		},
		{
			"from": [3, 13, 15],
			"to": [13, 14, 16],
			"rotation": {"angle": 0, "axis": "y", "origin": [9.5, 10, 14.5]},
			"faces": {
				"north": {"uv": [7.5, 2.25, 8.75, 2.375], "texture": "#0"},
				"east": {"uv": [9.375, 3.25, 9.5, 3.375], "texture": "#0"},
				"south": {"uv": [7.5, 2.375, 8.75, 2.5], "texture": "#0"},
				"west": {"uv": [9.375, 3.375, 9.5, 3.5], "texture": "#0"},
				"up": {"uv": [2.5, 7.75, 1.25, 7.625], "texture": "#0"},
				"down": {"uv": [3.75, 7.625, 2.5, 7.75], "texture": "#0"}
			}
		},
		{
			"from": [0, 13, 17],
			"to": [16, 14, 18],
			"rotation": {"angle": 0, "axis": "y", "origin": [9.5, 10, 16.5]},
			"faces": {
				"north": {"uv": [7.125, 6.5, 9.125, 6.625], "texture": "#0"},
				"east": {"uv": [9.5, 7.625, 9.625, 7.75], "texture": "#0"},
				"south": {"uv": [1.25, 7.25, 3.25, 7.375], "texture": "#0"},
				"west": {"uv": [9.5, 7.75, 9.625, 7.875], "texture": "#0"},
				"up": {"uv": [5.25, 7.375, 3.25, 7.25], "texture": "#0"},
				"down": {"uv": [9, 7.25, 7, 7.375], "texture": "#0"}
			}
		},
		{
			"from": [15.78212, 13, 16.83623],
			"to": [16.78212, 14, 17.83623],
			"rotation": {"angle": 22.5, "axis": "y", "origin": [16.30272, 10, 17.37045]},
			"faces": {
				"north": {"uv": [9.5, 8.625, 9.625, 8.75], "texture": "#0"},
				"east": {"uv": [9.5, 8.75, 9.625, 8.875], "texture": "#0"},
				"south": {"uv": [9.5, 8.875, 9.625, 9], "texture": "#0"},
				"west": {"uv": [9.5, 9, 9.625, 9.125], "texture": "#0"},
				"up": {"uv": [9.625, 9.25, 9.5, 9.125], "texture": "#0"},
				"down": {"uv": [9.625, 9.25, 9.5, 9.375], "texture": "#0"}
			}
		},
		{
			"from": [-0.78526, 13, 16.852],
			"to": [0.21474, 14, 17.852],
			"rotation": {"angle": -22.5, "axis": "y", "origin": [-0.26466, 10, 17.38621]},
			"faces": {
				"north": {"uv": [1.625, 9.625, 1.75, 9.75], "texture": "#0"},
				"east": {"uv": [1.75, 9.625, 1.875, 9.75], "texture": "#0"},
				"south": {"uv": [1.875, 9.625, 2, 9.75], "texture": "#0"},
				"west": {"uv": [2, 9.625, 2.125, 9.75], "texture": "#0"},
				"up": {"uv": [2.25, 9.75, 2.125, 9.625], "texture": "#0"},
				"down": {"uv": [2.375, 9.625, 2.25, 9.75], "texture": "#0"}
			}
		},
		{
			"from": [-1.45411, 13, 16.41475],
			"to": [-0.45411, 14, 17.41475],
			"rotation": {"angle": -45, "axis": "y", "origin": [-0.93351, 10, 16.94897]},
			"faces": {
				"north": {"uv": [2.375, 9.625, 2.5, 9.75], "texture": "#0"},
				"east": {"uv": [2.5, 9.625, 2.625, 9.75], "texture": "#0"},
				"south": {"uv": [2.625, 9.625, 2.75, 9.75], "texture": "#0"},
				"west": {"uv": [2.75, 9.625, 2.875, 9.75], "texture": "#0"},
				"up": {"uv": [3, 9.75, 2.875, 9.625], "texture": "#0"},
				"down": {"uv": [3.125, 9.625, 3, 9.75], "texture": "#0"}
			}
		},
		{
			"from": [-1.8499, 13, 15.76846],
			"to": [-0.8499, 14, 16.76846],
			"rotation": {"angle": 22.5, "axis": "y", "origin": [-1.38412, 10, 16.28905]},
			"faces": {
				"north": {"uv": [3.125, 9.625, 3.25, 9.75], "texture": "#0"},
				"east": {"uv": [3.25, 9.625, 3.375, 9.75], "texture": "#0"},
				"south": {"uv": [3.375, 9.625, 3.5, 9.75], "texture": "#0"},
				"west": {"uv": [3.5, 9.625, 3.625, 9.75], "texture": "#0"},
				"up": {"uv": [3.75, 9.75, 3.625, 9.625], "texture": "#0"},
				"down": {"uv": [3.875, 9.625, 3.75, 9.75], "texture": "#0"}
			}
		},
		{
			"from": [-2.01367, 13, 12.98633],
			"to": [-1.01367, 14, 15.98633],
			"rotation": {"angle": 0, "axis": "y", "origin": [-1.54789, 10, 15.50693]},
			"faces": {
				"north": {"uv": [3.875, 9.625, 4, 9.75], "texture": "#0"},
				"east": {"uv": [8.75, 2.25, 9.125, 2.375], "texture": "#0"},
				"south": {"uv": [4, 9.625, 4.125, 9.75], "texture": "#0"},
				"west": {"uv": [8.75, 2.375, 9.125, 2.5], "texture": "#0"},
				"up": {"uv": [1, 9.375, 0.875, 9], "texture": "#0"},
				"down": {"uv": [2.625, 9, 2.5, 9.375], "texture": "#0"}
			}
		},
		{
			"from": [16.44204, 13, 16.38562],
			"to": [17.44204, 14, 17.38562],
			"rotation": {"angle": 45, "axis": "y", "origin": [16.96264, 10, 16.91984]},
			"faces": {
				"north": {"uv": [9.5, 9.375, 9.625, 9.5], "texture": "#0"},
				"east": {"uv": [0, 9.625, 0.125, 9.75], "texture": "#0"},
				"south": {"uv": [0.125, 9.625, 0.25, 9.75], "texture": "#0"},
				"west": {"uv": [0.25, 9.625, 0.375, 9.75], "texture": "#0"},
				"up": {"uv": [0.5, 9.75, 0.375, 9.625], "texture": "#0"},
				"down": {"uv": [0.625, 9.625, 0.5, 9.75], "texture": "#0"}
			}
		},
		{
			"from": [16.86567, 13, 15.77159],
			"to": [17.86567, 14, 16.77159],
			"rotation": {"angle": -22.5, "axis": "y", "origin": [17.39988, 10, 16.25099]},
			"faces": {
				"north": {"uv": [0.625, 9.625, 0.75, 9.75], "texture": "#0"},
				"east": {"uv": [0.75, 9.625, 0.875, 9.75], "texture": "#0"},
				"south": {"uv": [0.875, 9.625, 1, 9.75], "texture": "#0"},
				"west": {"uv": [1, 9.625, 1.125, 9.75], "texture": "#0"},
				"up": {"uv": [1.25, 9.75, 1.125, 9.625], "texture": "#0"},
				"down": {"uv": [1.375, 9.625, 1.25, 9.75], "texture": "#0"}
			}
		},
		{
			"from": [17.01367, 13, 12.98633],
			"to": [18.01367, 14, 15.98633],
			"rotation": {"angle": 0, "axis": "y", "origin": [17.54789, 10, 15.46573]},
			"faces": {
				"north": {"uv": [1.375, 9.625, 1.5, 9.75], "texture": "#0"},
				"east": {"uv": [8.5, 7.125, 8.875, 7.25], "texture": "#0"},
				"south": {"uv": [1.5, 9.625, 1.625, 9.75], "texture": "#0"},
				"west": {"uv": [8.5, 7.75, 8.875, 7.875], "texture": "#0"},
				"up": {"uv": [0.75, 9.375, 0.625, 9], "texture": "#0"},
				"down": {"uv": [0.875, 9, 0.75, 9.375], "texture": "#0"}
			}
		},
		{
			"from": [17.01367, 12.83884, 12.2173],
			"to": [18.01367, 13.83884, 13.2173],
			"rotation": {"angle": -22.5, "axis": "x", "origin": [17.54789, 13.33884, 12.6967]},
			"faces": {
				"north": {"uv": [4.125, 9.625, 4.25, 9.75], "texture": "#0"},
				"east": {"uv": [4.25, 9.625, 4.375, 9.75], "texture": "#0"},
				"south": {"uv": [4.375, 9.625, 4.5, 9.75], "texture": "#0"},
				"west": {"uv": [4.5, 9.625, 4.625, 9.75], "texture": "#0"},
				"up": {"uv": [4.75, 9.75, 4.625, 9.625], "texture": "#0"},
				"down": {"uv": [4.875, 9.625, 4.75, 9.75], "texture": "#0"}
			}
		},
		{
			"from": [-1.98633, 12.83884, 12.2173],
			"to": [-0.98633, 13.83884, 13.2173],
			"rotation": {"angle": -22.5, "axis": "x", "origin": [-1.45211, 13.33884, 12.6967]},
			"faces": {
				"north": {"uv": [9.625, 5.625, 9.75, 5.75], "texture": "#0"},
				"east": {"uv": [9.625, 5.75, 9.75, 5.875], "texture": "#0"},
				"south": {"uv": [9.625, 5.875, 9.75, 6], "texture": "#0"},
				"west": {"uv": [9.625, 6, 9.75, 6.125], "texture": "#0"},
				"up": {"uv": [9.75, 6.25, 9.625, 6.125], "texture": "#0"},
				"down": {"uv": [9.75, 6.25, 9.625, 6.375], "texture": "#0"}
			}
		},
		{
			"from": [17.01367, 12.39564, 11.56848],
			"to": [18.01367, 13.39564, 12.56848],
			"rotation": {"angle": -45, "axis": "x", "origin": [17.54789, 12.89564, 12.04789]},
			"faces": {
				"north": {"uv": [4.875, 9.625, 5, 9.75], "texture": "#0"},
				"east": {"uv": [5, 9.625, 5.125, 9.75], "texture": "#0"},
				"south": {"uv": [5.125, 9.625, 5.25, 9.75], "texture": "#0"},
				"west": {"uv": [5.25, 9.625, 5.375, 9.75], "texture": "#0"},
				"up": {"uv": [5.5, 9.75, 5.375, 9.625], "texture": "#0"},
				"down": {"uv": [5.625, 9.625, 5.5, 9.75], "texture": "#0"}
			}
		},
		{
			"from": [-1.98633, 12.39564, 11.56848],
			"to": [-0.98633, 13.39564, 12.56848],
			"rotation": {"angle": -45, "axis": "x", "origin": [-1.45211, 12.89564, 12.04789]},
			"faces": {
				"north": {"uv": [9.625, 4.875, 9.75, 5], "texture": "#0"},
				"east": {"uv": [9.625, 5, 9.75, 5.125], "texture": "#0"},
				"south": {"uv": [9.625, 5.125, 9.75, 5.25], "texture": "#0"},
				"west": {"uv": [9.625, 5.25, 9.75, 5.375], "texture": "#0"},
				"up": {"uv": [9.75, 5.5, 9.625, 5.375], "texture": "#0"},
				"down": {"uv": [9.75, 5.5, 9.625, 5.625], "texture": "#0"}
			}
		},
		{
			"from": [17.01367, 11.7585, 11.11806],
			"to": [18.01367, 12.7585, 12.11806],
			"rotation": {"angle": 22.5, "axis": "x", "origin": [17.54789, 12.2379, 11.61806]},
			"faces": {
				"north": {"uv": [5.625, 9.625, 5.75, 9.75], "texture": "#0"},
				"east": {"uv": [5.75, 9.625, 5.875, 9.75], "texture": "#0"},
				"south": {"uv": [5.875, 9.625, 6, 9.75], "texture": "#0"},
				"west": {"uv": [6, 9.625, 6.125, 9.75], "texture": "#0"},
				"up": {"uv": [6.25, 9.75, 6.125, 9.625], "texture": "#0"},
				"down": {"uv": [6.375, 9.625, 6.25, 9.75], "texture": "#0"}
			}
		},
		{
			"from": [-1.98633, 11.7585, 11.11806],
			"to": [-0.98633, 12.7585, 12.11806],
			"rotation": {"angle": 22.5, "axis": "x", "origin": [-1.45211, 12.2379, 11.61806]},
			"faces": {
				"north": {"uv": [9.625, 4.125, 9.75, 4.25], "texture": "#0"},
				"east": {"uv": [9.625, 4.25, 9.75, 4.375], "texture": "#0"},
				"south": {"uv": [9.625, 4.375, 9.75, 4.5], "texture": "#0"},
				"west": {"uv": [9.625, 4.5, 9.75, 4.625], "texture": "#0"},
				"up": {"uv": [9.75, 4.75, 9.625, 4.625], "texture": "#0"},
				"down": {"uv": [9.75, 4.75, 9.625, 4.875], "texture": "#0"}
			}
		},
		{
			"from": [17.01367, 10.98633, 10.97266],
			"to": [18.01367, 11.98633, 11.97266],
			"rotation": {"angle": 0, "axis": "y", "origin": [17.54789, 11.46573, 11.47266]},
			"faces": {
				"north": {"uv": [6.375, 9.625, 6.5, 9.75], "texture": "#0"},
				"east": {"uv": [6.5, 9.625, 6.625, 9.75], "texture": "#0"},
				"south": {"uv": [6.625, 9.625, 6.75, 9.75], "texture": "#0"},
				"west": {"uv": [6.75, 9.625, 6.875, 9.75], "texture": "#0"},
				"up": {"uv": [7, 9.75, 6.875, 9.625], "texture": "#0"},
				"down": {"uv": [7.125, 9.625, 7, 9.75], "texture": "#0"}
			}
		},
		{
			"from": [-1.98633, 10.98633, 10.97266],
			"to": [-0.98633, 11.98633, 11.97266],
			"rotation": {"angle": 0, "axis": "y", "origin": [-1.45211, 11.46573, 11.47266]},
			"faces": {
				"north": {"uv": [9.625, 3.375, 9.75, 3.5], "texture": "#0"},
				"east": {"uv": [9.625, 3.5, 9.75, 3.625], "texture": "#0"},
				"south": {"uv": [9.625, 3.625, 9.75, 3.75], "texture": "#0"},
				"west": {"uv": [9.625, 3.75, 9.75, 3.875], "texture": "#0"},
				"up": {"uv": [9.75, 4, 9.625, 3.875], "texture": "#0"},
				"down": {"uv": [9.75, 4, 9.625, 4.125], "texture": "#0"}
			}
		},
		{
			"from": [17.01367, 9.98633, 11.97266],
			"to": [18.01367, 12.98633, 13.47266],
			"rotation": {"angle": 0, "axis": "y", "origin": [17.54789, 11.46573, 12.47266]},
			"faces": {
				"north": {"uv": [2.625, 9, 2.75, 9.375], "texture": "#0"},
				"east": {"uv": [8.25, 7.5, 8.5, 7.875], "texture": "#0"},
				"south": {"uv": [2.75, 9, 2.875, 9.375], "texture": "#0"},
				"west": {"uv": [2.875, 8.375, 3.125, 8.75], "texture": "#0"},
				"up": {"uv": [6, 9.625, 5.875, 9.375], "texture": "#0"},
				"down": {"uv": [6.125, 9.375, 6, 9.625], "texture": "#0"}
			}
		},
		{
			"from": [-1.98633, 9.98633, 11.97266],
			"to": [-0.98633, 12.98633, 13.47266],
			"rotation": {"angle": 0, "axis": "y", "origin": [-1.45211, 11.46573, 12.47266]},
			"faces": {
				"north": {"uv": [2.875, 9, 3, 9.375], "texture": "#0"},
				"east": {"uv": [5.625, 8.375, 5.875, 8.75], "texture": "#0"},
				"south": {"uv": [3, 9, 3.125, 9.375], "texture": "#0"},
				"west": {"uv": [6.625, 8.375, 6.875, 8.75], "texture": "#0"},
				"up": {"uv": [9.5, 1.5, 9.375, 1.25], "texture": "#0"},
				"down": {"uv": [9.5, 1.5, 9.375, 1.75], "texture": "#0"}
			}
		},
		{
			"from": [17.01367, 10.2173, 11.13382],
			"to": [18.01367, 11.2173, 12.13382],
			"rotation": {"angle": -22.5, "axis": "x", "origin": [17.54789, 10.6967, 11.63382]},
			"faces": {
				"north": {"uv": [7.125, 9.625, 7.25, 9.75], "texture": "#0"},
				"east": {"uv": [7.25, 9.625, 7.375, 9.75], "texture": "#0"},
				"south": {"uv": [7.375, 9.625, 7.5, 9.75], "texture": "#0"},
				"west": {"uv": [7.5, 9.625, 7.625, 9.75], "texture": "#0"},
				"up": {"uv": [7.75, 9.75, 7.625, 9.625], "texture": "#0"},
				"down": {"uv": [7.875, 9.625, 7.75, 9.75], "texture": "#0"}
			}
		},
		{
			"from": [-1.98633, 10.2173, 11.13382],
			"to": [-0.98633, 11.2173, 12.13382],
			"rotation": {"angle": -22.5, "axis": "x", "origin": [-1.45211, 10.6967, 11.63382]},
			"faces": {
				"north": {"uv": [9.625, 2.625, 9.75, 2.75], "texture": "#0"},
				"east": {"uv": [9.625, 2.75, 9.75, 2.875], "texture": "#0"},
				"south": {"uv": [9.625, 2.875, 9.75, 3], "texture": "#0"},
				"west": {"uv": [9.625, 3, 9.75, 3.125], "texture": "#0"},
				"up": {"uv": [9.75, 3.25, 9.625, 3.125], "texture": "#0"},
				"down": {"uv": [9.75, 3.25, 9.625, 3.375], "texture": "#0"}
			}
		},
		{
			"from": [17.01367, 9.56848, 11.57702],
			"to": [18.01367, 10.56848, 12.57702],
			"rotation": {"angle": -45, "axis": "x", "origin": [17.54789, 10.04789, 12.07702]},
			"faces": {
				"north": {"uv": [7.875, 9.625, 8, 9.75], "texture": "#0"},
				"east": {"uv": [8, 9.625, 8.125, 9.75], "texture": "#0"},
				"south": {"uv": [8.125, 9.625, 8.25, 9.75], "texture": "#0"},
				"west": {"uv": [8.25, 9.625, 8.375, 9.75], "texture": "#0"},
				"up": {"uv": [8.5, 9.75, 8.375, 9.625], "texture": "#0"},
				"down": {"uv": [8.625, 9.625, 8.5, 9.75], "texture": "#0"}
			}
		},
		{
			"from": [-1.98633, 9.56848, 11.57702],
			"to": [-0.98633, 10.56848, 12.57702],
			"rotation": {"angle": -45, "axis": "x", "origin": [-1.45211, 10.04789, 12.07702]},
			"faces": {
				"north": {"uv": [9.625, 1.875, 9.75, 2], "texture": "#0"},
				"east": {"uv": [9.625, 2, 9.75, 2.125], "texture": "#0"},
				"south": {"uv": [9.625, 2.125, 9.75, 2.25], "texture": "#0"},
				"west": {"uv": [9.625, 2.25, 9.75, 2.375], "texture": "#0"},
				"up": {"uv": [9.75, 2.5, 9.625, 2.375], "texture": "#0"},
				"down": {"uv": [9.75, 2.5, 9.625, 2.625], "texture": "#0"}
			}
		},
		{
			"from": [17.01367, 9.11806, 12.21416],
			"to": [18.01367, 10.11806, 13.21416],
			"rotation": {"angle": 22.5, "axis": "x", "origin": [17.54789, 9.61806, 12.73476]},
			"faces": {
				"north": {"uv": [8.625, 9.625, 8.75, 9.75], "texture": "#0"},
				"east": {"uv": [8.75, 9.625, 8.875, 9.75], "texture": "#0"},
				"south": {"uv": [8.875, 9.625, 9, 9.75], "texture": "#0"},
				"west": {"uv": [9, 9.625, 9.125, 9.75], "texture": "#0"},
				"up": {"uv": [9.25, 9.75, 9.125, 9.625], "texture": "#0"},
				"down": {"uv": [9.375, 9.625, 9.25, 9.75], "texture": "#0"}
			}
		},
		{
			"from": [-1.98633, 9.11806, 12.21416],
			"to": [-0.98633, 10.11806, 13.21416],
			"rotation": {"angle": 22.5, "axis": "x", "origin": [-1.45211, 9.61806, 12.73476]},
			"faces": {
				"north": {"uv": [9.625, 1.125, 9.75, 1.25], "texture": "#0"},
				"east": {"uv": [9.625, 1.25, 9.75, 1.375], "texture": "#0"},
				"south": {"uv": [9.625, 1.375, 9.75, 1.5], "texture": "#0"},
				"west": {"uv": [9.625, 1.5, 9.75, 1.625], "texture": "#0"},
				"up": {"uv": [9.75, 1.75, 9.625, 1.625], "texture": "#0"},
				"down": {"uv": [9.75, 1.75, 9.625, 1.875], "texture": "#0"}
			}
		},
		{
			"from": [17.01367, 8.97266, 12.98633],
			"to": [18.01367, 9.97266, 14.98633],
			"rotation": {"angle": 0, "axis": "y", "origin": [17.54789, 9.47266, 13.50693]},
			"faces": {
				"north": {"uv": [9.375, 9.625, 9.5, 9.75], "texture": "#0"},
				"east": {"uv": [5.375, 9.375, 5.625, 9.5], "texture": "#0"},
				"south": {"uv": [9.5, 9.625, 9.625, 9.75], "texture": "#0"},
				"west": {"uv": [5.625, 9.375, 5.875, 9.5], "texture": "#0"},
				"up": {"uv": [1, 9.625, 0.875, 9.375], "texture": "#0"},
				"down": {"uv": [3.125, 9.375, 3, 9.625], "texture": "#0"}
			}
		},
		{
			"from": [-1.98633, 8.97266, 12.98633],
			"to": [-0.98633, 9.97266, 14.98633],
			"rotation": {"angle": 0, "axis": "y", "origin": [-1.45211, 9.47266, 13.50693]},
			"faces": {
				"north": {"uv": [9.625, 0.875, 9.75, 1], "texture": "#0"},
				"east": {"uv": [9.375, 0.25, 9.625, 0.375], "texture": "#0"},
				"south": {"uv": [9.625, 1, 9.75, 1.125], "texture": "#0"},
				"west": {"uv": [9.375, 0.375, 9.625, 0.5], "texture": "#0"},
				"up": {"uv": [9.5, 1, 9.375, 0.75], "texture": "#0"},
				"down": {"uv": [9.5, 1, 9.375, 1.25], "texture": "#0"}
			}
		},
		{
			"from": [7, 13, 16],
			"to": [9, 14, 17],
			"rotation": {"angle": 0, "axis": "y", "origin": [9.5, 10, 15.5]},
			"faces": {
				"north": {"uv": [1.75, 9.375, 2, 9.5], "texture": "#0"},
				"east": {"uv": [9.5, 7.875, 9.625, 8], "texture": "#0"},
				"south": {"uv": [2, 9.375, 2.25, 9.5], "texture": "#0"},
				"west": {"uv": [9.5, 8, 9.625, 8.125], "texture": "#0"},
				"up": {"uv": [2.5, 9.5, 2.25, 9.375], "texture": "#0"},
				"down": {"uv": [2.75, 9.375, 2.5, 9.5], "texture": "#0"}
			}
		},
		{
			"from": [3, 13, 16],
			"to": [5, 14, 17],
			"rotation": {"angle": 0, "axis": "y", "origin": [5.5, 10, 15.5]},
			"faces": {
				"north": {"uv": [2.75, 9.375, 3, 9.5], "texture": "#0"},
				"east": {"uv": [9.5, 8.125, 9.625, 8.25], "texture": "#0"},
				"south": {"uv": [3.375, 9.375, 3.625, 9.5], "texture": "#0"},
				"west": {"uv": [9.5, 8.25, 9.625, 8.375], "texture": "#0"},
				"up": {"uv": [3.875, 9.5, 3.625, 9.375], "texture": "#0"},
				"down": {"uv": [4.375, 9.375, 4.125, 9.5], "texture": "#0"}
			}
		},
		{
			"from": [11, 13, 16],
			"to": [13, 14, 17],
			"rotation": {"angle": 0, "axis": "y", "origin": [13.5, 10, 15.5]},
			"faces": {
				"north": {"uv": [4.375, 9.375, 4.625, 9.5], "texture": "#0"},
				"east": {"uv": [9.5, 8.375, 9.625, 8.5], "texture": "#0"},
				"south": {"uv": [4.625, 9.375, 4.875, 9.5], "texture": "#0"},
				"west": {"uv": [9.5, 8.5, 9.625, 8.625], "texture": "#0"},
				"up": {"uv": [5.125, 9.5, 4.875, 9.375], "texture": "#0"},
				"down": {"uv": [5.375, 9.375, 5.125, 9.5], "texture": "#0"}
			}
		},
		{
			"from": [16, 13, 13],
			"to": [17, 14, 15],
			"rotation": {"angle": 0, "axis": "y", "origin": [17.5, 10, 12.5]},
			"faces": {
				"north": {"uv": [9.625, 9.625, 9.75, 9.75], "texture": "#0"},
				"east": {"uv": [6.125, 9.375, 6.375, 9.5], "texture": "#0"},
				"south": {"uv": [9.625, 0, 9.75, 0.125], "texture": "#0"},
				"west": {"uv": [6.625, 9.375, 6.875, 9.5], "texture": "#0"},
				"up": {"uv": [6.5, 9.625, 6.375, 9.375], "texture": "#0"},
				"down": {"uv": [7.125, 9.375, 7, 9.625], "texture": "#0"}
			}
		},
		{
			"from": [-1, 13, 13],
			"to": [0, 14, 15],
			"rotation": {"angle": 0, "axis": "y", "origin": [0, 10, 12.5]},
			"faces": {
				"north": {"uv": [9.625, 0.375, 9.75, 0.5], "texture": "#0"},
				"east": {"uv": [7.875, 9.375, 8.125, 9.5], "texture": "#0"},
				"south": {"uv": [9.625, 0.5, 9.75, 0.625], "texture": "#0"},
				"west": {"uv": [8.125, 9.375, 8.375, 9.5], "texture": "#0"},
				"up": {"uv": [8.5, 9.625, 8.375, 9.375], "texture": "#0"},
				"down": {"uv": [8.625, 9.375, 8.5, 9.625], "texture": "#0"}
			}
		},
		{
			"from": [16.5, 9, 13],
			"to": [17, 10, 15],
			"rotation": {"angle": 0, "axis": "y", "origin": [17.5, 6, 12.5]},
			"faces": {
				"north": {"uv": [9.625, 0.125, 9.75, 0.25], "texture": "#0"},
				"east": {"uv": [7.125, 9.375, 7.375, 9.5], "texture": "#0"},
				"south": {"uv": [9.625, 0.25, 9.75, 0.375], "texture": "#0"},
				"west": {"uv": [7.375, 9.375, 7.625, 9.5], "texture": "#0"},
				"up": {"uv": [7.75, 9.625, 7.625, 9.375], "texture": "#0"},
				"down": {"uv": [7.875, 9.375, 7.75, 9.625], "texture": "#0"}
			}
		},
		{
			"from": [-1, 9, 13],
			"to": [-0.5, 10, 15],
			"rotation": {"angle": 0, "axis": "y", "origin": [0, 6, 12.5]},
			"faces": {
				"north": {"uv": [9.625, 0.625, 9.75, 0.75], "texture": "#0"},
				"east": {"uv": [8.625, 9.375, 8.875, 9.5], "texture": "#0"},
				"south": {"uv": [9.625, 0.75, 9.75, 0.875], "texture": "#0"},
				"west": {"uv": [9, 9.375, 9.25, 9.5], "texture": "#0"},
				"up": {"uv": [9.375, 9.625, 9.25, 9.375], "texture": "#0"},
				"down": {"uv": [9.5, 9.375, 9.375, 9.625], "texture": "#0"}
			}
		},
		{
			"from": [1, 3, 9],
			"to": [7.5, 6, 13],
			"rotation": {"angle": 0, "axis": "y", "origin": [3.5, 14, 20]},
			"faces": {
				"north": {"uv": [5.875, 6.625, 6.75, 7], "texture": "#0"},
				"east": {"uv": [7.5, 7.5, 8, 7.875], "texture": "#0"},
				"south": {"uv": [6.625, 0, 7.5, 0.375], "texture": "#0"},
				"west": {"uv": [7.5, 0, 8, 0.375], "texture": "#0"},
				"up": {"uv": [6.125, 5, 5.25, 4.5], "texture": "#0"},
				"down": {"uv": [2.625, 5.375, 1.75, 5.875], "texture": "#0"}
			}
		},
		{
			"from": [-2, 2, 3.25],
			"to": [18, 3, 16],
			"rotation": {"angle": 0, "axis": "y", "origin": [8, 10, 23]},
			"faces": {
				"north": {"uv": [6.625, 0.625, 9.125, 0.75], "texture": "#0"},
				"east": {"uv": [3, 7.375, 4.625, 7.5], "texture": "#0"},
				"south": {"uv": [6.625, 6, 9.125, 6.125], "texture": "#0"},
				"west": {"uv": [7, 7.375, 8.625, 7.5], "texture": "#0"},
				"up": {"uv": [2.5, 1.625, 0, 0], "texture": "#0"},
				"down": {"uv": [2.5, 1.625, 0, 3.25], "texture": "#0"}
			}
		},
		{
			"from": [-2, 0, 3.25],
			"to": [18, 2, 16],
			"rotation": {"angle": 0, "axis": "y", "origin": [8, 9, 23]},
			"faces": {
				"north": {"uv": [2.5, 1.625, 5, 1.875], "texture": "#0"},
				"east": {"uv": [6.125, 4.5, 7.75, 4.75], "texture": "#0"},
				"south": {"uv": [2.5, 1.875, 5, 2.125], "texture": "#0"},
				"west": {"uv": [6.125, 4.75, 7.75, 5], "texture": "#0"},
				"up": {"uv": [5, 4.125, 2.5, 2.5], "texture": "#0"},
				"down": {"uv": [5, 0, 2.5, 1.625], "texture": "#0"}
			}
		},
		{
			"from": [1.55585, 2, -5.06492],
			"to": [14.55585, 3, -2.50242],
			"rotation": {"angle": 0, "axis": "y", "origin": [8.55585, 10, 2.68508]},
			"faces": {
				"north": {"uv": [1.25, 7.5, 2.875, 7.625], "texture": "#0"},
				"east": {"uv": [4.875, 5.625, 5.25, 5.75], "texture": "#0"},
				"south": {"uv": [2.875, 7.5, 4.5, 7.625], "texture": "#0"},
				"west": {"uv": [4.625, 6.875, 5, 7], "texture": "#0"},
				"up": {"uv": [4.125, 2.5, 2.5, 2.125], "texture": "#0"},
				"down": {"uv": [5.75, 2.125, 4.125, 2.5], "texture": "#0"}
			}
		},
		{
			"from": [1.55585, 0, -5.06492],
			"to": [14.55585, 2, -2.50242],
			"rotation": {"angle": 0, "axis": "y", "origin": [8.55585, 9, 2.68508]},
			"faces": {
				"north": {"uv": [6.125, 5.25, 7.75, 5.5], "texture": "#0"},
				"east": {"uv": [8.125, 7, 8.5, 7.25], "texture": "#0"},
				"south": {"uv": [6.125, 5.5, 7.75, 5.75], "texture": "#0"},
				"west": {"uv": [2.5, 8.25, 2.875, 8.5], "texture": "#0"},
				"up": {"uv": [6.625, 0.375, 5, 0], "texture": "#0"},
				"down": {"uv": [6.625, 0.375, 5, 0.75], "texture": "#0"}
			}
		},
		{
			"from": [-0.94415, 2, 1.93508],
			"to": [17.05585, 3, 3.24758],
			"rotation": {"angle": 0, "axis": "y", "origin": [8.55585, 10, 8.68508]},
			"faces": {
				"north": {"uv": [6.625, 6.125, 8.875, 6.25], "texture": "#0"},
				"east": {"uv": [9.5, 2.625, 9.625, 2.75], "texture": "#0"},
				"south": {"uv": [6.75, 6.625, 9, 6.75], "texture": "#0"},
				"west": {"uv": [9.5, 2.75, 9.625, 2.875], "texture": "#0"},
				"up": {"uv": [4.625, 7, 2.375, 6.875], "texture": "#0"},
				"down": {"uv": [9.125, 3.5, 6.875, 3.625], "texture": "#0"}
			}
		},
		{
			"from": [-0.94415, 0, 1.93508],
			"to": [17.05585, 2, 3.24758],
			"rotation": {"angle": 0, "axis": "y", "origin": [8.55585, 9, 8.68508]},
			"faces": {
				"north": {"uv": [5, 0.75, 7.25, 1], "texture": "#0"},
				"east": {"uv": [9.25, 5.125, 9.375, 5.375], "texture": "#0"},
				"south": {"uv": [5, 1, 7.25, 1.25], "texture": "#0"},
				"west": {"uv": [9.25, 5.375, 9.375, 5.625], "texture": "#0"},
				"up": {"uv": [9.25, 5.125, 7, 5], "texture": "#0"},
				"down": {"uv": [9.25, 5.125, 7, 5.25], "texture": "#0"}
			}
		},
		{
			"from": [-0.88165, 2, 0.93508],
			"to": [17.05585, 3, 2.24758],
			"rotation": {"angle": 0, "axis": "y", "origin": [8.55585, 10, 7.68508]},
			"faces": {
				"north": {"uv": [6.875, 3.625, 9.125, 3.75], "texture": "#0"},
				"east": {"uv": [9.5, 2.875, 9.625, 3], "texture": "#0"},
				"south": {"uv": [6.875, 3.75, 9.125, 3.875], "texture": "#0"},
				"west": {"uv": [9.5, 3, 9.625, 3.125], "texture": "#0"},
				"up": {"uv": [9.125, 4, 6.875, 3.875], "texture": "#0"},
				"down": {"uv": [2.5, 7, 0.25, 7.125], "texture": "#0"}
			}
		},
		{
			"from": [-0.88165, 0, 0.93508],
			"to": [17.05585, 2, 2.24758],
			"rotation": {"angle": 0, "axis": "y", "origin": [8.55585, 9, 7.68508]},
			"faces": {
				"north": {"uv": [5, 1.25, 7.25, 1.5], "texture": "#0"},
				"east": {"uv": [9.25, 6.25, 9.375, 6.5], "texture": "#0"},
				"south": {"uv": [5, 1.5, 7.25, 1.75], "texture": "#0"},
				"west": {"uv": [9.25, 6.625, 9.375, 6.875], "texture": "#0"},
				"up": {"uv": [9.25, 6.875, 7, 6.75], "texture": "#0"},
				"down": {"uv": [9.25, 6.875, 7, 7], "texture": "#0"}
			}
		},
		{
			"from": [-0.38165, 2, -0.06492],
			"to": [16.30585, 3, 1.24758],
			"rotation": {"angle": 0, "axis": "y", "origin": [8.55585, 10, 6.68508]},
			"faces": {
				"north": {"uv": [7.125, 1.75, 9.25, 1.875], "texture": "#0"},
				"east": {"uv": [9.5, 3.125, 9.625, 3.25], "texture": "#0"},
				"south": {"uv": [7.125, 1.875, 9.25, 2], "texture": "#0"},
				"west": {"uv": [9.5, 3.25, 9.625, 3.375], "texture": "#0"},
				"up": {"uv": [9.25, 2.625, 7.125, 2.5], "texture": "#0"},
				"down": {"uv": [9.25, 2.625, 7.125, 2.75], "texture": "#0"}
			}
		},
		{
			"from": [-0.38165, 0, -0.06492],
			"to": [16.30585, 2, 1.24758],
			"rotation": {"angle": 0, "axis": "y", "origin": [8.55585, 9, 6.68508]},
			"faces": {
				"north": {"uv": [5, 1.75, 7.125, 2], "texture": "#0"},
				"east": {"uv": [9.25, 7.5, 9.375, 7.75], "texture": "#0"},
				"south": {"uv": [5, 2.5, 7.125, 2.75], "texture": "#0"},
				"west": {"uv": [9.25, 7.75, 9.375, 8], "texture": "#0"},
				"up": {"uv": [9.25, 6.375, 7.125, 6.25], "texture": "#0"},
				"down": {"uv": [9.25, 6.375, 7.125, 6.5], "texture": "#0"}
			}
		},
		{
			"from": [0.61835, 2, -1.31492],
			"to": [15.30585, 3, -0.00242],
			"rotation": {"angle": 0, "axis": "y", "origin": [8.55585, 10, 5.43508]},
			"faces": {
				"north": {"uv": [7.25, 1.375, 9.125, 1.5], "texture": "#0"},
				"east": {"uv": [9.5, 3.375, 9.625, 3.5], "texture": "#0"},
				"south": {"uv": [7.25, 1.5, 9.125, 1.625], "texture": "#0"},
				"west": {"uv": [9.5, 3.5, 9.625, 3.625], "texture": "#0"},
				"up": {"uv": [9.125, 1.75, 7.25, 1.625], "texture": "#0"},
				"down": {"uv": [9.125, 2.75, 7.25, 2.875], "texture": "#0"}
			}
		},
		{
			"from": [0.61835, 0, -1.31492],
			"to": [15.30585, 2, -0.00242],
			"rotation": {"angle": 0, "axis": "y", "origin": [8.55585, 9, 5.43508]},
			"faces": {
				"north": {"uv": [5, 3.5, 6.875, 3.75], "texture": "#0"},
				"east": {"uv": [9.25, 8.875, 9.375, 9.125], "texture": "#0"},
				"south": {"uv": [5, 3.75, 6.875, 4], "texture": "#0"},
				"west": {"uv": [0, 9.375, 0.125, 9.625], "texture": "#0"},
				"up": {"uv": [9.125, 3, 7.25, 2.875], "texture": "#0"},
				"down": {"uv": [9.125, 3, 7.25, 3.125], "texture": "#0"}
			}
		},
		{
			"from": [0.61835, 2, -2.81492],
			"to": [15.05585, 3, -1.25242],
			"rotation": {"angle": 0, "axis": "y", "origin": [8.55585, 10, 4.18508]},
			"faces": {
				"north": {"uv": [7.25, 3.375, 9, 3.5], "texture": "#0"},
				"east": {"uv": [9.25, 3.75, 9.5, 3.875], "texture": "#0"},
				"south": {"uv": [1.25, 7.375, 3, 7.5], "texture": "#0"},
				"west": {"uv": [9.25, 3.875, 9.5, 4], "texture": "#0"},
				"up": {"uv": [6.625, 6, 4.875, 5.75], "texture": "#0"},
				"down": {"uv": [7.5, 2, 5.75, 2.25], "texture": "#0"}
			}
		},
		{
			"from": [0.61835, 0, -2.81492],
			"to": [15.05585, 2, -1.25242],
			"rotation": {"angle": 0, "axis": "y", "origin": [8.55585, 9, 4.18508]},
			"faces": {
				"north": {"uv": [5.75, 2.25, 7.5, 2.5], "texture": "#0"},
				"east": {"uv": [4.375, 8.75, 4.625, 9], "texture": "#0"},
				"south": {"uv": [4.875, 6, 6.625, 6.25], "texture": "#0"},
				"west": {"uv": [5.25, 8.75, 5.5, 9], "texture": "#0"},
				"up": {"uv": [7.875, 4.25, 6.125, 4], "texture": "#0"},
				"down": {"uv": [7.875, 4.25, 6.125, 4.5], "texture": "#0"}
			}
		},
		{
			"from": [16.84672, 2, -5.5206],
			"to": [17.84672, 3, 3.4794],
			"rotation": {"angle": 22.5, "axis": "y", "origin": [17.34672, 10, 2.9794]},
			"faces": {
				"north": {"uv": [9.5, 2.125, 9.625, 2.25], "texture": "#0"},
				"east": {"uv": [7.75, 4.75, 8.875, 4.875], "texture": "#0"},
				"south": {"uv": [9.5, 2.25, 9.625, 2.375], "texture": "#0"},
				"west": {"uv": [7.75, 4.875, 8.875, 5], "texture": "#0"},
				"up": {"uv": [4.75, 8.875, 4.625, 7.75], "texture": "#0"},
				"down": {"uv": [4.875, 7.75, 4.75, 8.875], "texture": "#0"}
			}
		},
		{
			"from": [16.84672, 0, -5.5206],
			"to": [17.84672, 2, 3.4794],
			"rotation": {"angle": 22.5, "axis": "y", "origin": [17.34672, 9, 2.9794]},
			"faces": {
				"north": {"uv": [9.25, 4, 9.375, 4.25], "texture": "#0"},
				"east": {"uv": [2.5, 7, 3.625, 7.25], "texture": "#0"},
				"south": {"uv": [9.25, 4.25, 9.375, 4.5], "texture": "#0"},
				"west": {"uv": [3.625, 7, 4.75, 7.25], "texture": "#0"},
				"up": {"uv": [0.625, 9, 0.5, 7.875], "texture": "#0"},
				"down": {"uv": [0.75, 7.875, 0.625, 9], "texture": "#0"}
			}
		},
		{
			"from": [-1.84672, 2, -5.5206],
			"to": [-0.84672, 3, 3.4794],
			"rotation": {"angle": -22.5, "axis": "y", "origin": [-1.34672, 10, 2.9794]},
			"faces": {
				"north": {"uv": [9.5, 2.375, 9.625, 2.5], "texture": "#0"},
				"east": {"uv": [7.75, 5.25, 8.875, 5.375], "texture": "#0"},
				"south": {"uv": [9.5, 2.5, 9.625, 2.625], "texture": "#0"},
				"west": {"uv": [7.75, 5.375, 8.875, 5.5], "texture": "#0"},
				"up": {"uv": [5, 8.875, 4.875, 7.75], "texture": "#0"},
				"down": {"uv": [5.125, 7.75, 5, 8.875], "texture": "#0"}
			}
		},
		{
			"from": [-1.84672, 0, -5.5206],
			"to": [-0.84672, 2, 3.4794],
			"rotation": {"angle": -22.5, "axis": "y", "origin": [-1.34672, 9, 2.9794]},
			"faces": {
				"north": {"uv": [9.25, 4.5, 9.375, 4.75], "texture": "#0"},
				"east": {"uv": [4.75, 7, 5.875, 7.25], "texture": "#0"},
				"south": {"uv": [9.25, 4.875, 9.375, 5.125], "texture": "#0"},
				"west": {"uv": [7, 7, 8.125, 7.25], "texture": "#0"},
				"up": {"uv": [0.875, 9, 0.75, 7.875], "texture": "#0"},
				"down": {"uv": [1, 7.875, 0.875, 9], "texture": "#0"}
			}
		},
		{
			"from": [15.5, 7, 1],
			"to": [16.5, 8, 3],
			"rotation": {"angle": 0, "axis": "y", "origin": [23.5, 15, 10]},
			"faces": {
				"north": {"uv": [4.25, 9.5, 4.375, 9.625], "texture": "#0"},
				"east": {"uv": [9, 4.875, 9.25, 5], "texture": "#0"},
				"south": {"uv": [4.375, 9.5, 4.5, 9.625], "texture": "#0"},
				"west": {"uv": [9, 6.625, 9.25, 6.75], "texture": "#0"},
				"up": {"uv": [9.25, 4, 9.125, 3.75], "texture": "#0"},
				"down": {"uv": [9.25, 4, 9.125, 4.25], "texture": "#0"}
			}
		},
		{
			"from": [15.5, 3, 1],
			"to": [16.5, 4, 3],
			"rotation": {"angle": 0, "axis": "y", "origin": [23.5, 11, 10]},
			"faces": {
				"north": {"uv": [7.5, 9.5, 7.625, 9.625], "texture": "#0"},
				"east": {"uv": [9.125, 8.75, 9.375, 8.875], "texture": "#0"},
				"south": {"uv": [7.875, 9.5, 8, 9.625], "texture": "#0"},
				"west": {"uv": [1.25, 9.25, 1.5, 9.375], "texture": "#0"},
				"up": {"uv": [1.625, 9.5, 1.5, 9.25], "texture": "#0"},
				"down": {"uv": [1.75, 9.25, 1.625, 9.5], "texture": "#0"}
			}
		},
		{
			"from": [15.5, 4, 2],
			"to": [16.5, 7, 3],
			"rotation": {"angle": 0, "axis": "y", "origin": [23.5, 12, 10]},
			"faces": {
				"north": {"uv": [1.5, 8.875, 1.625, 9.25], "texture": "#0"},
				"east": {"uv": [1.625, 8.875, 1.75, 9.25], "texture": "#0"},
				"south": {"uv": [1.75, 8.875, 1.875, 9.25], "texture": "#0"},
				"west": {"uv": [1.875, 8.875, 2, 9.25], "texture": "#0"},
				"up": {"uv": [7, 9.625, 6.875, 9.5], "texture": "#0"},
				"down": {"uv": [7.25, 9.5, 7.125, 9.625], "texture": "#0"}
			}
		},
		{
			"from": [15.5, 4, 1],
			"to": [16.5, 7, 2],
			"rotation": {"angle": 0, "axis": "y", "origin": [23.5, 12, 9]},
			"faces": {
				"north": {"uv": [8.375, 8.875, 8.5, 9.25], "texture": "#0"},
				"east": {"uv": [8.5, 8.875, 8.625, 9.25], "texture": "#0"},
				"south": {"uv": [8.625, 8.875, 8.75, 9.25], "texture": "#0"},
				"west": {"uv": [8.875, 8.875, 9, 9.25], "texture": "#0"},
				"up": {"uv": [9.625, 1.625, 9.5, 1.5], "texture": "#0"},
				"down": {"uv": [9.625, 1.625, 9.5, 1.75], "texture": "#0"}
			}
		},
		{
			"from": [-0.75, 4, 1],
			"to": [0.25, 7, 2],
			"rotation": {"angle": 0, "axis": "y", "origin": [7.25, 12, 9]},
			"faces": {
				"north": {"uv": [8.875, 0.75, 9, 1.125], "texture": "#0"},
				"east": {"uv": [8.875, 4.375, 9, 4.75], "texture": "#0"},
				"south": {"uv": [8.875, 5.25, 9, 5.625], "texture": "#0"},
				"west": {"uv": [8.875, 5.625, 9, 6], "texture": "#0"},
				"up": {"uv": [9.625, 2, 9.5, 1.875], "texture": "#0"},
				"down": {"uv": [9.625, 2, 9.5, 2.125], "texture": "#0"}
			}
		},
		{
			"from": [-0.75, 6, 2],
			"to": [0.25, 7, 3],
			"rotation": {"angle": 0, "axis": "y", "origin": [7.25, 12, 10]},
			"faces": {
				"north": {"uv": [2, 8.875, 2.125, 9.25], "texture": "#0"},
				"east": {"uv": [2.125, 8.875, 2.25, 9.25], "texture": "#0"},
				"south": {"uv": [3.25, 8.875, 3.375, 9.25], "texture": "#0"},
				"west": {"uv": [3.375, 8.875, 3.5, 9.25], "texture": "#0"},
				"up": {"uv": [7.375, 9.625, 7.25, 9.5], "texture": "#0"},
				"down": {"uv": [7.5, 9.5, 7.375, 9.625], "texture": "#0"}
			}
		},
		{
			"from": [-0.75, 3, 2],
			"to": [0.25, 6, 3],
			"rotation": {"angle": 0, "axis": "y", "origin": [7.25, 11, 10]},
			"faces": {
				"north": {"uv": [3.5, 8.875, 3.625, 9.25], "texture": "#0"},
				"east": {"uv": [3.625, 8.875, 3.75, 9.25], "texture": "#0"},
				"south": {"uv": [3.75, 8.875, 3.875, 9.25], "texture": "#0"},
				"west": {"uv": [3.875, 8.875, 4, 9.25], "texture": "#0"},
				"up": {"uv": [9.625, 1.375, 9.5, 1.25], "texture": "#0"},
				"down": {"uv": [9.625, 1.375, 9.5, 1.5], "texture": "#0"}
			}
		},
		{
			"from": [-0.75, 7, 1],
			"to": [0.25, 8, 3],
			"rotation": {"angle": 0, "axis": "y", "origin": [7.25, 15, 10]},
			"faces": {
				"north": {"uv": [5.75, 9.5, 5.875, 9.625], "texture": "#0"},
				"east": {"uv": [9.125, 7.25, 9.375, 7.375], "texture": "#0"},
				"south": {"uv": [6.125, 9.5, 6.25, 9.625], "texture": "#0"},
				"west": {"uv": [9.125, 7.375, 9.375, 7.5], "texture": "#0"},
				"up": {"uv": [9.25, 7.75, 9.125, 7.5], "texture": "#0"},
				"down": {"uv": [9.25, 7.75, 9.125, 8], "texture": "#0"}
			}
		},
		{
			"from": [-0.75, 3, 1],
			"to": [0.25, 4, 3],
			"rotation": {"angle": 0, "axis": "y", "origin": [7.25, 11, 10]},
			"faces": {
				"north": {"uv": [9.5, 0.125, 9.625, 0.25], "texture": "#0"},
				"east": {"uv": [8.25, 9.25, 8.5, 9.375], "texture": "#0"},
				"south": {"uv": [9.5, 0.625, 9.625, 0.75], "texture": "#0"},
				"west": {"uv": [8.5, 9.25, 8.75, 9.375], "texture": "#0"},
				"up": {"uv": [6.625, 9.5, 6.5, 9.25], "texture": "#0"},
				"down": {"uv": [7, 9.25, 6.875, 9.5], "texture": "#0"}
			}
		},
		{
			"from": [15.15538, 7, -0.73254],
			"to": [16.15538, 8, 1.26746],
			"rotation": {"angle": 22.5, "axis": "y", "origin": [15.65538, 15, 0.26746]},
			"faces": {
				"north": {"uv": [4.5, 9.5, 4.625, 9.625], "texture": "#0"},
				"east": {"uv": [9, 8.375, 9.25, 8.5], "texture": "#0"},
				"south": {"uv": [4.625, 9.5, 4.75, 9.625], "texture": "#0"},
				"west": {"uv": [9, 8.625, 9.25, 8.75], "texture": "#0"},
				"up": {"uv": [9.25, 4.5, 9.125, 4.25], "texture": "#0"},
				"down": {"uv": [9.25, 4.5, 9.125, 4.75], "texture": "#0"}
			}
		},
		{
			"from": [15.15538, 4, -0.73254],
			"to": [16.15538, 7, 1.26746],
			"rotation": {"angle": 22.5, "axis": "y", "origin": [15.65538, 14, 0.26746]},
			"faces": {
				"north": {"uv": [4, 8.875, 4.125, 9.25], "texture": "#0"},
				"east": {"uv": [4.125, 5.625, 4.375, 6], "texture": "#0"},
				"south": {"uv": [4.125, 8.875, 4.25, 9.25], "texture": "#0"},
				"west": {"uv": [3, 8, 3.25, 8.375], "texture": "#0"},
				"up": {"uv": [9.375, 1.5, 9.25, 1.25], "texture": "#0"},
				"down": {"uv": [9.375, 1.5, 9.25, 1.75], "texture": "#0"}
			}
		},
		{
			"from": [15.15538, 3, -0.73254],
			"to": [16.15538, 4, 1.26746],
			"rotation": {"angle": 22.5, "axis": "y", "origin": [15.65538, 11, 0.26746]},
			"faces": {
				"north": {"uv": [8, 9.5, 8.125, 9.625], "texture": "#0"},
				"east": {"uv": [1.75, 9.25, 2, 9.375], "texture": "#0"},
				"south": {"uv": [8.125, 9.5, 8.25, 9.625], "texture": "#0"},
				"west": {"uv": [2, 9.25, 2.25, 9.375], "texture": "#0"},
				"up": {"uv": [3.25, 9.5, 3.125, 9.25], "texture": "#0"},
				"down": {"uv": [3.375, 9.25, 3.25, 9.5], "texture": "#0"}
			}
		},
		{
			"from": [0.57603, 7, -2.20131],
			"to": [1.57603, 8, -0.20131],
			"rotation": {"angle": -45, "axis": "y", "origin": [1.07603, 15, -1.20131]},
			"faces": {
				"north": {"uv": [6.25, 9.5, 6.375, 9.625], "texture": "#0"},
				"east": {"uv": [9.125, 8, 9.375, 8.125], "texture": "#0"},
				"south": {"uv": [6.5, 9.5, 6.625, 9.625], "texture": "#0"},
				"west": {"uv": [9.125, 8.125, 9.375, 8.25], "texture": "#0"},
				"up": {"uv": [0.375, 9.5, 0.25, 9.25], "texture": "#0"},
				"down": {"uv": [0.5, 9.25, 0.375, 9.5], "texture": "#0"}
			}
		},
		{
			"from": [0.57603, 4, -2.20131],
			"to": [1.57603, 7, -0.20131],
			"rotation": {"angle": -45, "axis": "y", "origin": [1.07603, 14, -1.20131]},
			"faces": {
				"north": {"uv": [6.875, 8.875, 7, 9.25], "texture": "#0"},
				"east": {"uv": [6.125, 8.125, 6.375, 8.5], "texture": "#0"},
				"south": {"uv": [8, 8.875, 8.125, 9.25], "texture": "#0"},
				"west": {"uv": [6.375, 8.125, 6.625, 8.5], "texture": "#0"},
				"up": {"uv": [9.375, 3, 9.25, 2.75], "texture": "#0"},
				"down": {"uv": [9.375, 3, 9.25, 3.25], "texture": "#0"}
			}
		},
		{
			"from": [0.57603, 3, -2.20131],
			"to": [1.57603, 4, -0.20131],
			"rotation": {"angle": -45, "axis": "y", "origin": [1.07603, 11, -1.20131]},
			"faces": {
				"north": {"uv": [9.5, 0.75, 9.625, 0.875], "texture": "#0"},
				"east": {"uv": [9.25, 9.25, 9.5, 9.375], "texture": "#0"},
				"south": {"uv": [9.5, 0.875, 9.625, 1], "texture": "#0"},
				"west": {"uv": [9.25, 0, 9.5, 0.125], "texture": "#0"},
				"up": {"uv": [9, 9.5, 8.875, 9.25], "texture": "#0"},
				"down": {"uv": [9.375, 0.375, 9.25, 0.625], "texture": "#0"}
			}
		},
		{
			"from": [-0.40538, 7, -0.73254],
			"to": [0.59462, 8, 1.26746],
			"rotation": {"angle": -22.5, "axis": "y", "origin": [0.09462, 15, 0.26746]},
			"faces": {
				"north": {"uv": [6.625, 9.5, 6.75, 9.625], "texture": "#0"},
				"east": {"uv": [9.125, 8.25, 9.375, 8.375], "texture": "#0"},
				"south": {"uv": [6.75, 9.5, 6.875, 9.625], "texture": "#0"},
				"west": {"uv": [9.125, 8.5, 9.375, 8.625], "texture": "#0"},
				"up": {"uv": [1.125, 9.5, 1, 9.25], "texture": "#0"},
				"down": {"uv": [1.25, 9.25, 1.125, 9.5], "texture": "#0"}
			}
		},
		{
			"from": [-0.40538, 4, -0.73254],
			"to": [0.59462, 7, 1.26746],
			"rotation": {"angle": -22.5, "axis": "y", "origin": [0.09462, 14, 0.26746]},
			"faces": {
				"north": {"uv": [8.125, 8.875, 8.25, 9.25], "texture": "#0"},
				"east": {"uv": [0.25, 8.25, 0.5, 8.625], "texture": "#0"},
				"south": {"uv": [8.25, 8.875, 8.375, 9.25], "texture": "#0"},
				"west": {"uv": [2.25, 8.25, 2.5, 8.625], "texture": "#0"},
				"up": {"uv": [9.375, 3.5, 9.25, 3.25], "texture": "#0"},
				"down": {"uv": [9.375, 3.5, 9.25, 3.75], "texture": "#0"}
			}
		},
		{
			"from": [-0.40538, 3, -0.73254],
			"to": [0.59462, 4, 1.26746],
			"rotation": {"angle": -22.5, "axis": "y", "origin": [0.09462, 11, 0.26746]},
			"faces": {
				"north": {"uv": [9.5, 1, 9.625, 1.125], "texture": "#0"},
				"east": {"uv": [9.25, 0.125, 9.5, 0.25], "texture": "#0"},
				"south": {"uv": [9.5, 1.125, 9.625, 1.25], "texture": "#0"},
				"west": {"uv": [9.25, 0.625, 9.5, 0.75], "texture": "#0"},
				"up": {"uv": [9.375, 1, 9.25, 0.75], "texture": "#0"},
				"down": {"uv": [9.375, 1, 9.25, 1.25], "texture": "#0"}
			}
		},
		{
			"from": [14.17397, 7, -2.20131],
			"to": [15.17397, 8, -0.20131],
			"rotation": {"angle": 45, "axis": "y", "origin": [14.67397, 15, -1.20131]},
			"faces": {
				"north": {"uv": [4.75, 9.5, 4.875, 9.625], "texture": "#0"},
				"east": {"uv": [9, 8.875, 9.25, 9], "texture": "#0"},
				"south": {"uv": [4.875, 9.5, 5, 9.625], "texture": "#0"},
				"west": {"uv": [9.125, 0.25, 9.375, 0.375], "texture": "#0"},
				"up": {"uv": [9.25, 5.5, 9.125, 5.25], "texture": "#0"},
				"down": {"uv": [9.25, 5.5, 9.125, 5.75], "texture": "#0"}
			}
		},
		{
			"from": [14.17397, 4, -2.20131],
			"to": [15.17397, 7, -0.20131],
			"rotation": {"angle": 45, "axis": "y", "origin": [14.67397, 14, -1.20131]},
			"faces": {
				"north": {"uv": [4.625, 8.875, 4.75, 9.25], "texture": "#0"},
				"east": {"uv": [5.625, 8, 5.875, 8.375], "texture": "#0"},
				"south": {"uv": [4.75, 8.875, 4.875, 9.25], "texture": "#0"},
				"west": {"uv": [6.75, 8, 7, 8.375], "texture": "#0"},
				"up": {"uv": [9.375, 2, 9.25, 1.75], "texture": "#0"},
				"down": {"uv": [9.375, 2, 9.25, 2.25], "texture": "#0"}
			}
		},
		{
			"from": [14.17397, 3, -2.20131],
			"to": [15.17397, 4, -0.20131],
			"rotation": {"angle": 45, "axis": "y", "origin": [14.67397, 11, -1.20131]},
			"faces": {
				"north": {"uv": [8.25, 9.5, 8.375, 9.625], "texture": "#0"},
				"east": {"uv": [3.375, 9.25, 3.625, 9.375], "texture": "#0"},
				"south": {"uv": [8.625, 9.5, 8.75, 9.625], "texture": "#0"},
				"west": {"uv": [3.625, 9.25, 3.875, 9.375], "texture": "#0"},
				"up": {"uv": [4, 9.5, 3.875, 9.25], "texture": "#0"},
				"down": {"uv": [4.125, 9.25, 4, 9.5], "texture": "#0"}
			}
		},
		{
			"from": [12.2052, 7, -2.68272],
			"to": [14.2052, 8, -1.68272],
			"rotation": {"angle": -22.5, "axis": "y", "origin": [13.2052, 15, -2.18272]},
			"faces": {
				"north": {"uv": [9.125, 4.75, 9.375, 4.875], "texture": "#0"},
				"east": {"uv": [5, 9.5, 5.125, 9.625], "texture": "#0"},
				"south": {"uv": [9.125, 5.75, 9.375, 5.875], "texture": "#0"},
				"west": {"uv": [5.125, 9.5, 5.25, 9.625], "texture": "#0"},
				"up": {"uv": [9.375, 6, 9.125, 5.875], "texture": "#0"},
				"down": {"uv": [9.375, 6, 9.125, 6.125], "texture": "#0"}
			}
		},
		{
			"from": [12.2052, 4, -2.68272],
			"to": [14.2052, 7, -1.68272],
			"rotation": {"angle": -22.5, "axis": "y", "origin": [13.2052, 14, -2.18272]},
			"faces": {
				"north": {"uv": [8, 0, 8.25, 0.375], "texture": "#0"},
				"east": {"uv": [4.875, 8.875, 5, 9.25], "texture": "#0"},
				"south": {"uv": [8, 7.5, 8.25, 7.875], "texture": "#0"},
				"west": {"uv": [5, 8.875, 5.125, 9.25], "texture": "#0"},
				"up": {"uv": [9.5, 2.375, 9.25, 2.25], "texture": "#0"},
				"down": {"uv": [9.5, 2.375, 9.25, 2.5], "texture": "#0"}
			}
		},
		{
			"from": [12.2052, 3, -2.68272],
			"to": [14.2052, 4, -1.68272],
			"rotation": {"angle": -22.5, "axis": "y", "origin": [13.2052, 11, -2.18272]},
			"faces": {
				"north": {"uv": [4.125, 9.25, 4.375, 9.375], "texture": "#0"},
				"east": {"uv": [8.75, 9.5, 8.875, 9.625], "texture": "#0"},
				"south": {"uv": [4.375, 9.25, 4.625, 9.375], "texture": "#0"},
				"west": {"uv": [8.875, 9.5, 9, 9.625], "texture": "#0"},
				"up": {"uv": [4.875, 9.375, 4.625, 9.25], "texture": "#0"},
				"down": {"uv": [5.125, 9.25, 4.875, 9.375], "texture": "#0"}
			}
		},
		{
			"from": [1.5448, 7, -2.68272],
			"to": [3.5448, 8, -1.68272],
			"rotation": {"angle": 22.5, "axis": "y", "origin": [2.5448, 15, -2.18272]},
			"faces": {
				"north": {"uv": [9.125, 6.125, 9.375, 6.25], "texture": "#0"},
				"east": {"uv": [5.5, 9.5, 5.625, 9.625], "texture": "#0"},
				"south": {"uv": [9.125, 6.5, 9.375, 6.625], "texture": "#0"},
				"west": {"uv": [5.625, 9.5, 5.75, 9.625], "texture": "#0"},
				"up": {"uv": [9.375, 7.125, 9.125, 7], "texture": "#0"},
				"down": {"uv": [9.375, 7.125, 9.125, 7.25], "texture": "#0"}
			}
		},
		{
			"from": [1.5448, 4, -2.68272],
			"to": [3.5448, 7, -1.68272],
			"rotation": {"angle": 22.5, "axis": "y", "origin": [2.5448, 14, -2.18272]},
			"faces": {
				"north": {"uv": [0, 8.125, 0.25, 8.5], "texture": "#0"},
				"east": {"uv": [6.125, 8.875, 6.25, 9.25], "texture": "#0"},
				"south": {"uv": [5.875, 8.125, 6.125, 8.5], "texture": "#0"},
				"west": {"uv": [6.25, 8.875, 6.375, 9.25], "texture": "#0"},
				"up": {"uv": [9.5, 2.625, 9.25, 2.5], "texture": "#0"},
				"down": {"uv": [9.5, 2.625, 9.25, 2.75], "texture": "#0"}
			}
		},
		{
			"from": [1.5448, 3, -2.68272],
			"to": [3.5448, 4, -1.68272],
			"rotation": {"angle": 22.5, "axis": "y", "origin": [2.5448, 11, -2.18272]},
			"faces": {
				"north": {"uv": [5.25, 9.25, 5.5, 9.375], "texture": "#0"},
				"east": {"uv": [9.5, 9.5, 9.625, 9.625], "texture": "#0"},
				"south": {"uv": [5.875, 9.25, 6.125, 9.375], "texture": "#0"},
				"west": {"uv": [9.5, 0, 9.625, 0.125], "texture": "#0"},
				"up": {"uv": [6.375, 9.375, 6.125, 9.25], "texture": "#0"},
				"down": {"uv": [8.25, 9.25, 8, 9.375], "texture": "#0"}
			}
		},
		{
			"from": [3.22266, 7, -3.02734],
			"to": [12.47266, 8, -2.02734],
			"rotation": {"angle": 0, "axis": "y", "origin": [12.97266, 15, -2.52734]},
			"faces": {
				"north": {"uv": [7.625, 1, 8.75, 1.125], "texture": "#0"},
				"east": {"uv": [5.25, 9.5, 5.375, 9.625], "texture": "#0"},
				"south": {"uv": [7.625, 1.125, 8.75, 1.25], "texture": "#0"},
				"west": {"uv": [5.375, 9.5, 5.5, 9.625], "texture": "#0"},
				"up": {"uv": [8.75, 1.375, 7.625, 1.25], "texture": "#0"},
				"down": {"uv": [2.375, 7.75, 1.25, 7.875], "texture": "#0"}
			}
		},
		{
			"from": [3.22266, 4, -3.02734],
			"to": [12.72266, 7, -2.02734],
			"rotation": {"angle": 0, "axis": "y", "origin": [12.97266, 14, -2.52734]},
			"faces": {
				"north": {"uv": [5, 2.75, 6.25, 3.125], "texture": "#0"},
				"east": {"uv": [5.875, 8.875, 6, 9.25], "texture": "#0"},
				"south": {"uv": [5, 3.125, 6.25, 3.5], "texture": "#0"},
				"west": {"uv": [6, 8.875, 6.125, 9.25], "texture": "#0"},
				"up": {"uv": [8.875, 0.875, 7.625, 0.75], "texture": "#0"},
				"down": {"uv": [8.875, 0.875, 7.625, 1], "texture": "#0"}
			}
		},
		{
			"from": [3.22266, 3, -3.02734],
			"to": [12.47266, 4, -2.02734],
			"rotation": {"angle": 0, "axis": "y", "origin": [12.97266, 11, -2.52734]},
			"faces": {
				"north": {"uv": [2.375, 7.75, 3.5, 7.875], "texture": "#0"},
				"east": {"uv": [9, 9.5, 9.125, 9.625], "texture": "#0"},
				"south": {"uv": [3.5, 7.75, 4.625, 7.875], "texture": "#0"},
				"west": {"uv": [9.125, 9.5, 9.25, 9.625], "texture": "#0"},
				"up": {"uv": [8.875, 4.625, 7.75, 4.5], "texture": "#0"},
				"down": {"uv": [8.875, 4.625, 7.75, 4.75], "texture": "#0"}
			}
		},
		{
			"from": [3.5, 5.5, 1],
			"to": [5.5, 6.5, 10],
			"rotation": {"angle": -22.5, "axis": "x", "origin": [4.5, 5.5, 2]},
			"faces": {
				"north": {"uv": [9.25, 5.625, 9.5, 5.75], "texture": "#0"},
				"east": {"uv": [7.75, 5.5, 8.875, 5.625], "texture": "#0"},
				"south": {"uv": [9.25, 6.875, 9.5, 7], "texture": "#0"},
				"west": {"uv": [7.75, 5.625, 8.875, 5.75], "texture": "#0"},
				"up": {"uv": [6.125, 8.125, 5.875, 7], "texture": "#0"},
				"down": {"uv": [6.375, 7, 6.125, 8.125], "texture": "#0"}
			}
		},
		{
			"from": [10.5, 5.5, 1],
			"to": [12.5, 6.5, 10],
			"rotation": {"angle": -22.5, "axis": "x", "origin": [11.5, 5.5, 2]},
			"faces": {
				"north": {"uv": [9.25, 8.375, 9.5, 8.5], "texture": "#0"},
				"east": {"uv": [1, 7.875, 2.125, 8], "texture": "#0"},
				"south": {"uv": [9.25, 8.625, 9.5, 8.75], "texture": "#0"},
				"west": {"uv": [2.125, 7.875, 3.25, 8], "texture": "#0"},
				"up": {"uv": [6.625, 8.125, 6.375, 7], "texture": "#0"},
				"down": {"uv": [0.5, 7.125, 0.25, 8.25], "texture": "#0"}
			}
		},
		{
			"from": [2, 9, 9.25],
			"to": [7, 10, 10.25],
			"rotation": {"angle": -22.5, "axis": "x", "origin": [4.5, 9, 10.25]},
			"faces": {
				"north": {"uv": [3.5, 6.5, 4.125, 6.625], "texture": "#0"},
				"east": {"uv": [9.5, 3.625, 9.625, 3.75], "texture": "#0"},
				"south": {"uv": [8.25, 0.5, 8.875, 0.625], "texture": "#0"},
				"west": {"uv": [9.5, 3.75, 9.625, 3.875], "texture": "#0"},
				"up": {"uv": [8.875, 4.5, 8.25, 4.375], "texture": "#0"},
				"down": {"uv": [8.875, 5.75, 8.25, 5.875], "texture": "#0"}
			}
		},
		{
			"from": [9, 9, 9.25],
			"to": [14, 10, 10.25],
			"rotation": {"angle": -22.5, "axis": "x", "origin": [11.5, 9, 10.25]},
			"faces": {
				"north": {"uv": [8.5, 4, 9.125, 4.125], "texture": "#0"},
				"east": {"uv": [9.5, 6.625, 9.625, 6.75], "texture": "#0"},
				"south": {"uv": [8.5, 4.125, 9.125, 4.25], "texture": "#0"},
				"west": {"uv": [9.5, 6.75, 9.625, 6.875], "texture": "#0"},
				"up": {"uv": [9.125, 4.375, 8.5, 4.25], "texture": "#0"},
				"down": {"uv": [9.125, 7, 8.5, 7.125], "texture": "#0"}
			}
		},
		{
			"from": [2, 7.25, 10],
			"to": [7, 8.25, 11],
			"rotation": {"angle": -22.5, "axis": "x", "origin": [4.5, 7.25, 11]},
			"faces": {
				"north": {"uv": [8.25, 5.875, 8.875, 6], "texture": "#0"},
				"east": {"uv": [9.5, 3.875, 9.625, 4], "texture": "#0"},
				"south": {"uv": [8.375, 8, 9, 8.125], "texture": "#0"},
				"west": {"uv": [9.5, 4, 9.625, 4.125], "texture": "#0"},
				"up": {"uv": [9, 8.25, 8.375, 8.125], "texture": "#0"},
				"down": {"uv": [6.5, 8.5, 5.875, 8.625], "texture": "#0"}
			}
		},
		{
			"from": [9, 7.25, 10],
			"to": [14, 8.25, 11],
			"rotation": {"angle": -22.5, "axis": "x", "origin": [11.5, 7.25, 11]},
			"faces": {
				"north": {"uv": [8.5, 8.5, 9.125, 8.625], "texture": "#0"},
				"east": {"uv": [9.5, 6.375, 9.625, 6.5], "texture": "#0"},
				"south": {"uv": [8.5, 0, 9.125, 0.125], "texture": "#0"},
				"west": {"uv": [9.5, 6.5, 9.625, 6.625], "texture": "#0"},
				"up": {"uv": [9.125, 0.25, 8.5, 0.125], "texture": "#0"},
				"down": {"uv": [9.125, 0.25, 8.5, 0.375], "texture": "#0"}
			}
		},
		{
			"from": [6, 8.25, 9.5],
			"to": [7, 9.25, 10.5],
			"rotation": {"angle": -22.5, "axis": "x", "origin": [4.5, 8.25, 10.5]},
			"faces": {
				"north": {"uv": [9.5, 4.125, 9.625, 4.25], "texture": "#0"},
				"east": {"uv": [9.5, 4.25, 9.625, 4.375], "texture": "#0"},
				"south": {"uv": [9.5, 4.375, 9.625, 4.5], "texture": "#0"},
				"west": {"uv": [9.5, 4.5, 9.625, 4.625], "texture": "#0"},
				"up": {"uv": [9.625, 4.75, 9.5, 4.625], "texture": "#0"},
				"down": {"uv": [9.625, 4.75, 9.5, 4.875], "texture": "#0"}
			}
		},
		{
			"from": [13, 8.25, 9.5],
			"to": [14, 9.25, 10.5],
			"rotation": {"angle": -22.5, "axis": "x", "origin": [11.5, 8.25, 10.5]},
			"faces": {
				"north": {"uv": [9.5, 6.875, 9.625, 7], "texture": "#0"},
				"east": {"uv": [9.5, 7, 9.625, 7.125], "texture": "#0"},
				"south": {"uv": [9.5, 7.125, 9.625, 7.25], "texture": "#0"},
				"west": {"uv": [9.5, 7.25, 9.625, 7.375], "texture": "#0"},
				"up": {"uv": [9.625, 7.5, 9.5, 7.375], "texture": "#0"},
				"down": {"uv": [9.625, 7.5, 9.5, 7.625], "texture": "#0"}
			}
		},
		{
			"from": [2, 8.25, 9.5],
			"to": [3, 9.25, 10.5],
			"rotation": {"angle": -22.5, "axis": "x", "origin": [0.5, 8.25, 10.5]},
			"faces": {
				"north": {"uv": [9.5, 4.875, 9.625, 5], "texture": "#0"},
				"east": {"uv": [9.5, 5, 9.625, 5.125], "texture": "#0"},
				"south": {"uv": [9.5, 5.125, 9.625, 5.25], "texture": "#0"},
				"west": {"uv": [9.5, 5.25, 9.625, 5.375], "texture": "#0"},
				"up": {"uv": [9.625, 5.5, 9.5, 5.375], "texture": "#0"},
				"down": {"uv": [9.625, 5.5, 9.5, 5.625], "texture": "#0"}
			}
		},
		{
			"from": [9, 8.25, 9.5],
			"to": [10, 9.25, 10.5],
			"rotation": {"angle": -22.5, "axis": "x", "origin": [7.5, 8.25, 10.5]},
			"faces": {
				"north": {"uv": [9.5, 5.625, 9.625, 5.75], "texture": "#0"},
				"east": {"uv": [9.5, 5.75, 9.625, 5.875], "texture": "#0"},
				"south": {"uv": [9.5, 5.875, 9.625, 6], "texture": "#0"},
				"west": {"uv": [9.5, 6, 9.625, 6.125], "texture": "#0"},
				"up": {"uv": [9.625, 6.25, 9.5, 6.125], "texture": "#0"},
				"down": {"uv": [9.625, 6.25, 9.5, 6.375], "texture": "#0"}
			}
		},
		{
			"from": [1, 3, 0.5],
			"to": [2, 6, 2.5],
			"rotation": {"angle": 0, "axis": "y", "origin": [9, 11, 8.5]},
			"faces": {
				"north": {"uv": [8.875, 7.375, 9, 7.75], "texture": "#0"},
				"east": {"uv": [8, 8.25, 8.25, 8.625], "texture": "#0"},
				"south": {"uv": [0, 9, 0.125, 9.375], "texture": "#0"},
				"west": {"uv": [8.25, 8.25, 8.5, 8.625], "texture": "#0"},
				"up": {"uv": [0.25, 9.625, 0.125, 9.375], "texture": "#0"},
				"down": {"uv": [0.625, 9.375, 0.5, 9.625], "texture": "#0"}
			}
		},
		{
			"from": [14, 3, 0.5],
			"to": [15, 6, 2.5],
			"rotation": {"angle": 0, "axis": "y", "origin": [22, 11, 8.5]},
			"faces": {
				"north": {"uv": [0.125, 9, 0.25, 9.375], "texture": "#0"},
				"east": {"uv": [8.25, 0, 8.5, 0.375], "texture": "#0"},
				"south": {"uv": [0.5, 9, 0.625, 9.375], "texture": "#0"},
				"west": {"uv": [8.25, 4, 8.5, 4.375], "texture": "#0"},
				"up": {"uv": [0.75, 9.625, 0.625, 9.375], "texture": "#0"},
				"down": {"uv": [0.875, 9.375, 0.75, 9.625], "texture": "#0"}
			}
		},
		{
			"from": [2, 5, 0.5],
			"to": [14, 6, 2.5],
			"rotation": {"angle": 0, "axis": "y", "origin": [21, 11, 8.5]},
			"faces": {
				"north": {"uv": [7.5, 2, 9, 2.125], "texture": "#0"},
				"east": {"uv": [9.25, 9.125, 9.5, 9.25], "texture": "#0"},
				"south": {"uv": [7.5, 2.125, 9, 2.25], "texture": "#0"},
				"west": {"uv": [1.25, 9.375, 1.5, 9.5], "texture": "#0"},
				"up": {"uv": [1.5, 6.875, 0, 6.625], "texture": "#0"},
				"down": {"uv": [5, 6.625, 3.5, 6.875], "texture": "#0"}
			}
		},
		{
			"from": [-2, 3, 3],
			"to": [0.25, 3.5, 8.5],
			"rotation": {"angle": 0, "axis": "y", "origin": [7, 11, 13]},
			"faces": {
				"north": {"uv": [9.375, 0.5, 9.625, 0.625], "texture": "#0"},
				"east": {"uv": [5, 2, 5.75, 2.125], "texture": "#0"},
				"south": {"uv": [9.375, 1.75, 9.625, 1.875], "texture": "#0"},
				"west": {"uv": [3.75, 7.625, 4.5, 7.75], "texture": "#0"},
				"up": {"uv": [2.5, 4, 2.25, 3.25], "texture": "#0"},
				"down": {"uv": [5.875, 7.25, 5.625, 8], "texture": "#0"}
			}
		},
		{
			"from": [15.5, 3, 3],
			"to": [18, 3.5, 8.5],
			"rotation": {"angle": 0, "axis": "y", "origin": [24.5, 11, 13]},
			"faces": {
				"north": {"uv": [8.75, 7.875, 9.125, 8], "texture": "#0"},
				"east": {"uv": [8, 7.875, 8.75, 8], "texture": "#0"},
				"south": {"uv": [8.75, 8.25, 9.125, 8.375], "texture": "#0"},
				"west": {"uv": [8.25, 0.375, 9, 0.5], "texture": "#0"},
				"up": {"uv": [0.875, 7.875, 0.5, 7.125], "texture": "#0"},
				"down": {"uv": [1.25, 7.125, 0.875, 7.875], "texture": "#0"}
			}
		},
		{
			"from": [7, 0, -6],
			"to": [9, 2, -5],
			"rotation": {"angle": 0, "axis": "y", "origin": [15, 8, 2]},
			"faces": {
				"north": {"uv": [4.125, 6, 4.375, 6.25], "texture": "#0"},
				"east": {"uv": [2.375, 6.625, 2.5, 6.875], "texture": "#0"},
				"south": {"uv": [0, 8.5, 0.25, 8.75], "texture": "#0"},
				"west": {"uv": [4.5, 7.5, 4.625, 7.75], "texture": "#0"},
				"up": {"uv": [2.5, 4.125, 2.25, 4], "texture": "#0"},
				"down": {"uv": [5.25, 4, 5, 4.125], "texture": "#0"}
			}
		}
	],
	"display": {
		"thirdperson_righthand": {
			"rotation": [0, 45, 0],
			"translation": [0, 2, 1],
			"scale": [0.25, 0.25, 0.25]
		},
		"thirdperson_lefthand": {
			"rotation": [0, 45, 0],
			"translation": [0, 2, 1],
			"scale": [0.25, 0.25, 0.25]
		},
		"firstperson_righthand": {
			"rotation": [0, 45, 25],
			"translation": [1.13, 3.2, 1.13],
			"scale": [0.25, 0.25, 0.25]
		},
		"firstperson_lefthand": {
			"rotation": [0, 45, 25],
			"translation": [1.13, 3.2, 1.13],
			"scale": [0.25, 0.25, 0.25]
		},
		"ground": {
			"scale": [0.3, 0.3, 0.3]
		},
		"gui": {
			"rotation": [0, 90, 0],
			"scale": [0.5, 0.5, 0.5]
		},
		"head": {
			"scale": [2, 2, 2]
		},
		"fixed": {
			"rotation": [0, 90, 0],
			"scale": [0.5, 0.5, 0.5]
		}
	}
}