{
	"credit": "Made with Blockbench",
	"textures": {
		"1": "block/podzol_top",
		"2": "block/birch_planks",
		"3": "block/quartz_block_side",
		"particle": "block/quartz_block_side"
	},
	"elements": [
		{
			"from": [1, 1, 1],
			"to": [15, 10, 23],
			"faces": {
				"north": {"uv": [0.25, 0.25, 15.75, 15.75], "texture": "#3"},
				"east": {"uv": [0.25, 0.25, 15.75, 15.75], "texture": "#3"},
				"south": {"uv": [0.25, 0.25, 15.75, 15.75], "texture": "#3"},
				"west": {"uv": [0.25, 0.25, 15.75, 15.75], "texture": "#3"},
				"up": {"uv": [0.25, 0.25, 15.75, 15.75], "texture": "#1"},
				"down": {"uv": [6.5, 2, 10.5, 3.75], "texture": "#3"}
			}
		},
		{
			"from": [0, 11, 0],
			"to": [2, 12.5, 24],
			"faces": {
				"north": {"uv": [4, 8.25, 5.25, 9], "texture": "#2"},
				"east": {"uv": [4, 8.25, 5.25, 9], "texture": "#2"},
				"south": {"uv": [4, 8.25, 5.25, 9], "texture": "#2"},
				"west": {"uv": [4, 8.25, 5.25, 9], "texture": "#2"},
				"up": {"uv": [13.25, 14.25, 14.5, 15], "texture": "#2"},
				"down": {"uv": [13.25, 14.25, 14.5, 15], "texture": "#2"}
			}
		},
		{
			"from": [14, 11, 0],
			"to": [16, 12.5, 24],
			"faces": {
				"north": {"uv": [4, 8.25, 5.25, 9], "texture": "#2"},
				"east": {"uv": [4, 8.25, 5.25, 9], "texture": "#2"},
				"south": {"uv": [4, 8.25, 5.25, 9], "texture": "#2"},
				"west": {"uv": [4, 8.25, 5.25, 9], "texture": "#2"},
				"up": {"uv": [13.25, 14.25, 14.5, 15], "texture": "#2"},
				"down": {"uv": [13.25, 14.25, 14.5, 15], "texture": "#2"}
			}
		},
		{
			"from": [2, 11, 0],
			"to": [14, 12.5, 2],
			"faces": {
				"north": {"uv": [4, 8.25, 5.25, 9], "texture": "#2"},
				"east": {"uv": [4, 8.25, 5.25, 9], "texture": "#2"},
				"south": {"uv": [4, 8.25, 5.25, 9], "texture": "#2"},
				"west": {"uv": [4, 8.25, 5.25, 9], "texture": "#2"},
				"up": {"uv": [13.25, 14.25, 14.5, 15], "texture": "#2"},
				"down": {"uv": [13.25, 14.25, 14.5, 15], "texture": "#2"}
			}
		},
		{
			"from": [2.5, 0, 0.5],
			"to": [13.5, 1, 2.5],
			"faces": {
				"north": {"uv": [4, 8.25, 5.25, 9], "texture": "#2"},
				"east": {"uv": [4, 8.25, 5.25, 9], "texture": "#2"},
				"south": {"uv": [4, 8.25, 5.25, 9], "texture": "#2"},
				"west": {"uv": [4, 8.25, 5.25, 9], "texture": "#2"},
				"up": {"uv": [13.25, 14.25, 14.5, 15], "texture": "#2"},
				"down": {"uv": [13.25, 14.25, 14.5, 15], "texture": "#2"}
			}
		},
		{
			"from": [13.5, 0, 0.5],
			"to": [15.5, 1, 23.5],
			"faces": {
				"north": {"uv": [4, 8.25, 5.25, 9], "texture": "#2"},
				"east": {"uv": [4, 8.25, 5.25, 9], "texture": "#2"},
				"south": {"uv": [4, 8.25, 5.25, 9], "texture": "#2"},
				"west": {"uv": [4, 8.25, 5.25, 9], "texture": "#2"},
				"up": {"uv": [13.25, 14.25, 14.5, 15], "texture": "#2"},
				"down": {"uv": [13.25, 14.25, 14.5, 15], "texture": "#2"}
			}
		},
		{
			"from": [2, 11, 22],
			"to": [14, 12.5, 24],
			"faces": {
				"north": {"uv": [4, 8.25, 5.25, 9], "texture": "#2"},
				"east": {"uv": [4, 8.25, 5.25, 9], "texture": "#2"},
				"south": {"uv": [4, 8.25, 5.25, 9], "texture": "#2"},
				"west": {"uv": [4, 8.25, 5.25, 9], "texture": "#2"},
				"up": {"uv": [13.25, 14.25, 14.5, 15], "texture": "#2"},
				"down": {"uv": [13.25, 14.25, 14.5, 15], "texture": "#2"}
			}
		},
		{
			"from": [2.5, 0, 21.5],
			"to": [13.5, 1, 23.5],
			"faces": {
				"north": {"uv": [4, 8.25, 5.25, 9], "texture": "#2"},
				"east": {"uv": [4, 8.25, 5.25, 9], "texture": "#2"},
				"south": {"uv": [4, 8.25, 5.25, 9], "texture": "#2"},
				"west": {"uv": [4, 8.25, 5.25, 9], "texture": "#2"},
				"up": {"uv": [13.25, 14.25, 14.5, 15], "texture": "#2"},
				"down": {"uv": [13.25, 14.25, 14.5, 15], "texture": "#2"}
			}
		},
		{
			"from": [0.5, 0, 0.5],
			"to": [2.5, 1, 23.5],
			"faces": {
				"north": {"uv": [4, 8.25, 5.25, 9], "texture": "#2"},
				"east": {"uv": [4, 8.25, 5.25, 9], "texture": "#2"},
				"south": {"uv": [4, 8.25, 5.25, 9], "texture": "#2"},
				"west": {"uv": [4, 8.25, 5.25, 9], "texture": "#2"},
				"up": {"uv": [13.25, 14.25, 14.5, 15], "texture": "#2"},
				"down": {"uv": [13.25, 14.25, 14.5, 15], "texture": "#2"}
			}
		},
		{
			"from": [0.5, 9.9, 0.5],
			"to": [15.5, 10.7, 23.5],
			"faces": {
				"north": {"uv": [4, 8.25, 5.25, 9], "texture": "#3"},
				"east": {"uv": [4, 8.25, 5.25, 9], "texture": "#3"},
				"south": {"uv": [4, 8.25, 5.25, 9], "texture": "#3"},
				"west": {"uv": [4, 8.25, 5.25, 9], "texture": "#3"},
				"up": {"uv": [13.25, 14.25, 14.5, 15], "texture": "#3"},
				"down": {"uv": [13.25, 14.25, 14.5, 15], "texture": "#3"}
			}
		},
		{
			"from": [0.8, 1, 0.8],
			"to": [2.5, 2, 23.2],
			"faces": {
				"north": {"uv": [4, 8.25, 5.25, 9], "texture": "#2"},
				"east": {"uv": [4, 8.25, 5.25, 9], "texture": "#2"},
				"south": {"uv": [4, 8.25, 5.25, 9], "texture": "#2"},
				"west": {"uv": [4, 8.25, 5.25, 9], "texture": "#2"},
				"up": {"uv": [0, 0, 2, 16], "texture": "#2"},
				"down": {"uv": [0, 0, 2, 16], "texture": "#2"}
			}
		},
		{
			"from": [13.5, 1, 0.8],
			"to": [15.2, 2, 23.2],
			"faces": {
				"north": {"uv": [4, 8.25, 5.25, 9], "texture": "#2"},
				"east": {"uv": [4, 8.25, 5.25, 9], "texture": "#2"},
				"south": {"uv": [4, 8.25, 5.25, 9], "texture": "#2"},
				"west": {"uv": [4, 8.25, 5.25, 9], "texture": "#2"},
				"up": {"uv": [0, 0, 2, 16], "texture": "#2"},
				"down": {"uv": [0, 0, 2, 16], "texture": "#2"}
			}
		},
		{
			"from": [2.5, 1, 0.8],
			"to": [13.5, 2, 2.8],
			"faces": {
				"north": {"uv": [4, 8.25, 5.25, 9], "texture": "#2"},
				"east": {"uv": [4, 8.25, 5.25, 9], "texture": "#2"},
				"south": {"uv": [4, 8.25, 5.25, 9], "texture": "#2"},
				"west": {"uv": [4, 8.25, 5.25, 9], "texture": "#2"},
				"up": {"uv": [0, 0, 12, 2], "texture": "#2"},
				"down": {"uv": [0, 0, 12, 2], "texture": "#2"}
			}
		},
		{
			"from": [2.5, 1, 21.2],
			"to": [13.5, 2, 23.2],
			"faces": {
				"north": {"uv": [4, 8.25, 5.25, 9], "texture": "#2"},
				"east": {"uv": [4, 8.25, 5.25, 9], "texture": "#2"},
				"south": {"uv": [4, 8.25, 5.25, 9], "texture": "#2"},
				"west": {"uv": [4, 8.25, 5.25, 9], "texture": "#2"},
				"up": {"uv": [0, 0, 12, 2], "texture": "#2"},
				"down": {"uv": [0, 0, 12, 2], "texture": "#2"}
			}
		},
		{
			"from": [0.6, 1.6, 0.6],
			"to": [15.4, 2.1, 23.4],
			"faces": {
				"north": {"uv": [0.5, 0.5, 15.3, 1], "texture": "#3"},
				"east": {"uv": [0.5, 0.5, 15.3, 1], "texture": "#3"},
				"south": {"uv": [0.5, 0.5, 15.3, 1], "texture": "#3"},
				"west": {"uv": [0.5, 0.5, 15.3, 1], "texture": "#3"},
				"up": {"uv": [0, 0.25, 0, 14], "texture": "#3"},
				"down": {"uv": [0.5, 0, 15.3, 0.25], "texture": "#3"}
			}
		},
		{
			"from": [0.6, 10.6, 0.6],
			"to": [15.4, 11.1, 23.4],
			"faces": {
				"north": {"uv": [4, 8.25, 5.25, 9], "texture": "#2"},
				"east": {"uv": [4, 8.25, 5.25, 9], "texture": "#2"},
				"south": {"uv": [4, 8.25, 5.25, 9], "texture": "#2"},
				"west": {"uv": [4, 8.25, 5.25, 9], "texture": "#2"},
				"up": {"uv": [1.2, 4.5, 12, 15.5], "texture": "#1"},
				"down": {"uv": [0.5, 0.5, 15.3, 1], "texture": "#2"}
			}
		}
	]
}