{"credit":"Copyright 2020 MagicalDreams.US - Made With Blockbench","ambientocclusion":false,"textures":{"top":"block/cauldron_top","bottom":"block/cauldron_bottom","particle":"block/cauldron_side","side":"block/cauldron_side","inside":"block/cauldron_inner"},"elements":[{"from":[0,3,0],"to":[2,16,16],"faces":{"north":{"uv":[14,0,16,13],"texture":"#side","cullface":"north"},"east":{"uv":[0,0,16,13],"texture":"#side"},"south":{"uv":[0,0,2,13],"texture":"#side","cullface":"south"},"west":{"uv":[0,0,16,13],"texture":"#side","cullface":"west"},"up":{"uv":[0,0,2,16],"texture":"#top","cullface":"up"},"down":{"uv":[10.5,7.5,13.25,11],"texture":"#bottom","cullface":"down"}}},{"from":[2,3,2],"to":[14,4,14],"faces":{"north":{"uv":[2,0,0,13],"texture":"#side","cullface":"north"},"east":{"uv":[0,0,16,13],"texture":"#side","cullface":"east"},"south":{"uv":[0,0,2,13],"texture":"#side","cullface":"south"},"west":{"uv":[0,0,16,13],"texture":"#side","cullface":"west"},"up":{"uv":[2,2,14,14],"texture":"#inside","cullface":"up"},"down":{"uv":[9.25,4.5,14.25,11.75],"texture":"#bottom","cullface":"down"}}},{"from":[14,3,0],"to":[16,16,16],"faces":{"north":{"uv":[0,0,2,13],"texture":"#side","cullface":"north"},"east":{"uv":[0,0,16,13],"texture":"#side","cullface":"east"},"south":{"uv":[14,0,16,13],"texture":"#side","cullface":"south"},"west":{"uv":[0,0,16,13],"texture":"#side"},"up":{"uv":[14,0,16,16],"texture":"#top","cullface":"up"},"down":{"uv":[10.5,7.5,13.25,11],"texture":"#bottom","cullface":"down"}}},{"from":[2,3,0],"to":[14,16,2],"faces":{"north":{"uv":[2,0,14,13],"texture":"#side","cullface":"north"},"east":{"uv":[0,0,2,13],"texture":"#side","cullface":"east"},"south":{"uv":[2,0,14,13],"texture":"#side"},"west":{"uv":[0,0,2,13],"texture":"#side","cullface":"west"},"up":{"uv":[2,0,14,2],"texture":"#top","cullface":"up"},"down":{"uv":[10.5,7.5,13.25,11],"texture":"#bottom","cullface":"down"}}},{"from":[2,3,14],"to":[14,16,16],"faces":{"north":{"uv":[2,0,14,13],"texture":"#side"},"east":{"uv":[14,0,16,13],"texture":"#side","cullface":"east"},"south":{"uv":[2,0,14,13],"texture":"#side","cullface":"south"},"west":{"uv":[14,0,16,13],"texture":"#side","cullface":"west"},"up":{"uv":[2,14,14,16],"texture":"#top","cullface":"up"},"down":{"uv":[10.5,7.5,13.25,11],"texture":"#bottom","cullface":"down"}}},{"from":[0,0,0],"to":[4,3,2],"faces":{"north":{"uv":[12,13,16,15.25],"texture":"#side","cullface":"north"},"east":{"uv":[10.5,10,12.5,13],"texture":"#side","cullface":"east"},"south":{"uv":[10,11.25,14,14.25],"texture":"#side","cullface":"south"},"west":{"uv":[0,12.25,2,15.25],"texture":"#side","cullface":"west"},"up":{"uv":[0,0,2,16],"texture":"#top","cullface":"up"},"down":{"uv":[11.25,8.5,13.25,10.5],"texture":"#bottom","cullface":"down"}}},{"from":[0,0,2],"to":[2,3,4],"faces":{"north":{"uv":[2,13,0,16],"texture":"#side","cullface":"north"},"east":{"uv":[10.5,10,12.5,13],"texture":"#side","cullface":"east"},"south":{"uv":[10,11.25,14,14.25],"texture":"#side","cullface":"south"},"west":{"uv":[1.5,12.25,3.5,15.25],"texture":"#side","cullface":"west"},"up":{"uv":[0,0,2,16],"texture":"#top","cullface":"up"},"down":{"uv":[11.25,8.5,13.25,10.5],"texture":"#bottom","cullface":"down"}}},{"from":[12,0,0],"to":[16,3,2],"faces":{"north":{"uv":[0,12.25,4,15.25],"texture":"#side","cullface":"north"},"east":{"uv":[14,12,16,15],"texture":"#side","cullface":"east"},"south":{"uv":[10,11.25,14,14.25],"texture":"#side","cullface":"south"},"west":{"uv":[11.25,10.75,13.25,13.75],"texture":"#side","cullface":"west"},"up":{"uv":[0,0,2,16],"texture":"#top","cullface":"up"},"down":{"uv":[11.25,8.5,13.25,10.5],"texture":"#bottom","cullface":"down"}}},{"from":[14,0,2],"to":[16,3,4],"faces":{"north":{"uv":[16,13,14,16],"texture":"#side"},"east":{"uv":[4.5,12.25,2.5,15.25],"texture":"#side"},"south":{"uv":[10,11.25,14,14.25],"texture":"#side"},"west":{"uv":[11.25,10.75,13.25,13.75],"texture":"#side"},"up":{"uv":[0,0,2,16],"texture":"#top"},"down":{"uv":[11.25,8.5,13.25,10.5],"texture":"#bottom"}}},{"from":[0,0,14],"to":[4,3,16],"faces":{"north":{"uv":[13.25,11.5,9.25,14.5],"texture":"#side"},"east":{"uv":[11.75,11.5,13.75,14.5],"texture":"#side"},"south":{"uv":[0,12,4,15],"texture":"#side"},"west":{"uv":[14,12.25,16,15.25],"texture":"#side"},"up":{"uv":[14,0,16,16],"texture":"#top"},"down":{"uv":[11.25,8.5,13.25,10.5],"texture":"#bottom"}}},{"from":[0,0,12],"to":[2,3,14],"faces":{"north":{"uv":[12,9.75,10,12.75],"texture":"#side"},"east":{"uv":[11.25,10.25,13.25,13.25],"texture":"#side"},"south":{"uv":[0,13,2,16],"texture":"#side"},"west":{"uv":[11.75,12.25,13.75,15.25],"texture":"#side"},"up":{"uv":[14,0,16,16],"texture":"#top"},"down":{"uv":[11.25,8.5,13.25,10.5],"texture":"#bottom"}}},{"from":[12,0,14],"to":[16,3,16],"faces":{"north":{"uv":[14,9.25,10,12.25],"texture":"#side"},"east":{"uv":[0,12,2,15],"texture":"#side"},"south":{"uv":[12,12,16,15],"texture":"#side"},"west":{"uv":[11.25,10.75,13.25,13.75],"texture":"#side"},"up":{"uv":[14,0,16,16],"texture":"#top"},"down":{"uv":[11.25,8.5,13.25,10.5],"texture":"#bottom"}}},{"from":[14,0,12],"to":[16,3,14],"faces":{"north":{"uv":[13.5,11.25,11.5,14.25],"texture":"#side"},"east":{"uv":[4.25,12,2.25,15],"texture":"#side"},"south":{"uv":[14,13,16,16],"texture":"#side"},"west":{"uv":[11.25,10.75,13.25,13.75],"texture":"#side"},"up":{"uv":[14,0,16,16],"texture":"#top"},"down":{"uv":[11.25,8.5,13.25,10.5],"texture":"#bottom"}}}]}