{
	"credit": "Made with Blockbench",
	"textures": {
		"0": "custom/mellow_apricot",
		"particle": "custom/mellow_apricot"
	},
	"elements": [
		{
			"from": [6, 0, 7],
			"to": [10, 12, 11],
			"rotation": {"angle": 0, "axis": "y", "origin": [15, 15.5, 15]},
			"faces": {
				"north": {"uv": [0, 0, 4, 12], "texture": "#0"},
				"east": {"uv": [0, 0, 4, 12], "texture": "#0"},
				"south": {"uv": [0, 0, 4, 12], "texture": "#0"},
				"west": {"uv": [0, 0, 4, 12], "texture": "#0"},
				"up": {"uv": [0, 0, 4, 4], "texture": "#0"},
				"down": {"uv": [0, 0, 4, 4], "texture": "#0"}
			}
		}
	],
	"display": {
		"thirdperson_righthand": {
			"rotation": [-90, 0, 0],
			"translation": [0, -3, 3.99]
		}
	}
}