{
	"credit": "Made with Blockbench",
	"textures": {
		"6": "custom/pianocover",
		"7": "custom/pianokeys",
		"8": "block/coal_block",
		"9": "block/cyan_terracotta",
		"10": "block/red_wool"
	},
	"elements": [
		{
			"name": "hexadecagon",
			"from": [-1.25, 9.5, 0],
			"to": [20.35, 10.25, 22.5],
			"rotation": {"angle": -45, "axis": "z", "origin": [19.75, 11.75, 7.5]},
			"faces": {
				"north": {"uv": [15, 0, 15.722, 0.839], "rotation": 180, "texture": "#6"},
				"east": {"uv": [0, 0, 0.722, 0.839], "rotation": 180, "texture": "#6"},
				"south": {"uv": [0, 0, 0.722, 0.839], "rotation": 180, "texture": "#6"},
				"west": {"uv": [15, 0, 15.722, 0.839], "rotation": 180, "texture": "#6"},
				"up": {"uv": [1.026, 0, 14.798, 15.53], "rotation": 180, "texture": "#6"},
				"down": {"uv": [0, 0.41, 15.722, 15.838], "rotation": 270, "texture": "#6"}
			}
		},
		{
			"name": "hexadecagon",
			"from": [-2.75, 7.25, 0],
			"to": [18.85, 7.25, 22.5],
			"rotation": {"angle": 0, "axis": "y", "origin": [-1.25, 8.75, 7.5]},
			"faces": {
				"north": {"uv": [0, 0, 1, 1], "texture": "#missing"},
				"east": {"uv": [0, 0, 1, 1], "texture": "#missing"},
				"south": {"uv": [0, 0, 1, 1], "texture": "#missing"},
				"west": {"uv": [0, 0, 1, 1], "texture": "#missing"},
				"up": {"uv": [0, 0, 15.607, 15.839], "rotation": 180, "texture": "#6"},
				"down": {"uv": [0.923, 15.443, 14.725, 0.308], "rotation": 180, "texture": "#6"}
			}
		},
		{
			"name": "hexadecagon",
			"from": [-2.75, 7.25, 0],
			"to": [18.85, 7.25, 12.75],
			"rotation": {"angle": 0, "axis": "y", "origin": [-1.25, 8.75, 7.5]},
			"faces": {
				"north": {"uv": [0, 0, 1, 1], "texture": "#missing"},
				"east": {"uv": [0, 0, 1, 1], "texture": "#missing"},
				"south": {"uv": [0, 0, 1, 1], "texture": "#missing"},
				"west": {"uv": [0, 0, 1, 1], "texture": "#missing"},
				"up": {"uv": [0, 7.652, 15.956, 15.954], "rotation": 180, "texture": "#6"},
				"down": {"uv": [0.923, 15.546, 14.827, 7.385], "rotation": 180, "texture": "#6"}
			}
		},
		{
			"name": "hexadecagon",
			"from": [10.28299, 7.25, 22.20362],
			"to": [13.26668, 10.25, 22.80362],
			"rotation": {"angle": -45, "axis": "y", "origin": [11.77484, 8.75, 15.30362]},
			"faces": {
				"north": {"uv": [8, 9, 9, 10], "texture": "#8"},
				"east": {"uv": [8, 9, 9, 10], "texture": "#8"},
				"south": {"uv": [8, 9, 9, 10], "texture": "#8"},
				"west": {"uv": [8, 9, 9, 10], "texture": "#8"},
				"up": {"uv": [8, 9, 9, 10], "texture": "#8"},
				"down": {"uv": [8, 9, 9, 10], "texture": "#8"}
			}
		},
		{
			"name": "hexadecagon",
			"from": [10.28299, 7.25, 22.20362],
			"to": [13.26668, 10.25, 22.80362],
			"rotation": {"angle": -22.5, "axis": "y", "origin": [11.77484, 8.75, 15.30362]},
			"faces": {
				"north": {"uv": [8, 9, 9, 10], "texture": "#8"},
				"east": {"uv": [8, 9, 9, 10], "texture": "#8"},
				"south": {"uv": [8, 9, 9, 10], "texture": "#8"},
				"west": {"uv": [8, 9, 9, 10], "texture": "#8"},
				"up": {"uv": [8, 9, 9, 10], "texture": "#8"},
				"down": {"uv": [8, 9, 9, 10], "texture": "#8"}
			}
		},
		{
			"name": "hexadecagon",
			"from": [10.28299, 7.25, 22.20362],
			"to": [13.26668, 10.25, 22.80362],
			"rotation": {"angle": 0, "axis": "y", "origin": [11.77484, 8.75, 15.30362]},
			"faces": {
				"north": {"uv": [8, 9, 9, 10], "texture": "#8"},
				"east": {"uv": [8, 9, 9, 10], "texture": "#8"},
				"south": {"uv": [8, 9, 9, 10], "texture": "#8"},
				"west": {"uv": [8, 9, 9, 10], "texture": "#8"},
				"up": {"uv": [8, 9, 9, 10], "texture": "#8"},
				"down": {"uv": [8, 9, 9, 10], "texture": "#8"}
			}
		},
		{
			"name": "hexadecagon",
			"from": [10.28299, 7.25, 22.20362],
			"to": [13.26668, 10.25, 22.80362],
			"rotation": {"angle": 22.5, "axis": "y", "origin": [11.77484, 8.75, 15.30362]},
			"faces": {
				"north": {"uv": [8, 9, 9, 10], "texture": "#8"},
				"east": {"uv": [8, 9, 9, 10], "texture": "#8"},
				"south": {"uv": [8, 9, 9, 10], "texture": "#8"},
				"west": {"uv": [8, 9, 9, 10], "texture": "#8"},
				"up": {"uv": [8, 9, 9, 10], "texture": "#8"},
				"down": {"uv": [8, 9, 9, 10], "texture": "#8"}
			}
		},
		{
			"name": "hexadecagon",
			"from": [10.28299, 7.25, 22.20362],
			"to": [13.26668, 10.25, 22.80362],
			"rotation": {"angle": 45, "axis": "y", "origin": [11.77484, 8.75, 15.30362]},
			"faces": {
				"north": {"uv": [8, 9, 9, 10], "texture": "#8"},
				"east": {"uv": [8, 9, 9, 10], "texture": "#8"},
				"south": {"uv": [8, 9, 9, 10], "texture": "#8"},
				"west": {"uv": [8, 9, 9, 10], "texture": "#8"},
				"up": {"uv": [8, 9, 9, 10], "texture": "#8"},
				"down": {"uv": [8, 9, 9, 10], "texture": "#8"}
			}
		},
		{
			"name": "hexadecagon",
			"from": [4.27484, 7.25, 14.56178],
			"to": [4.87484, 10.25, 16.79547],
			"rotation": {"angle": 0, "axis": "y", "origin": [11.77484, 8.75, 15.30362]},
			"faces": {
				"north": {"uv": [8, 9, 9, 10], "texture": "#8"},
				"east": {"uv": [8, 9, 9, 10], "texture": "#8"},
				"south": {"uv": [8, 9, 9, 10], "texture": "#8"},
				"west": {"uv": [8, 9, 9, 10], "texture": "#8"},
				"up": {"uv": [8, 9, 9, 10], "texture": "#8"},
				"down": {"uv": [8, 9, 9, 10], "texture": "#8"}
			}
		},
		{
			"name": "hexadecagon",
			"from": [4.27484, 7.25, 13.81178],
			"to": [4.87484, 10.25, 16.79547],
			"rotation": {"angle": 22.5, "axis": "y", "origin": [11.77484, 8.75, 15.30362]},
			"faces": {
				"north": {"uv": [8, 9, 9, 10], "texture": "#8"},
				"east": {"uv": [8, 9, 9, 10], "texture": "#8"},
				"south": {"uv": [8, 9, 9, 10], "texture": "#8"},
				"west": {"uv": [8, 9, 9, 10], "texture": "#8"},
				"up": {"uv": [8, 9, 9, 10], "texture": "#8"},
				"down": {"uv": [8, 9, 9, 10], "texture": "#8"}
			}
		},
		{
			"name": "hexadecagon",
			"from": [18.67484, 7.25, 13.81178],
			"to": [19.27484, 10.25, 16.79547],
			"rotation": {"angle": -22.5, "axis": "y", "origin": [11.77484, 8.75, 15.30362]},
			"faces": {
				"north": {"uv": [8, 9, 9, 10], "texture": "#8"},
				"east": {"uv": [8, 9, 9, 10], "texture": "#8"},
				"south": {"uv": [8, 9, 9, 10], "texture": "#8"},
				"west": {"uv": [8, 9, 9, 10], "texture": "#8"},
				"up": {"uv": [8, 9, 9, 10], "texture": "#8"},
				"down": {"uv": [8, 9, 9, 10], "texture": "#8"}
			}
		},
		{
			"name": "hexadecagon",
			"from": [18.4, 7.25, 13.50816],
			"to": [19, 10.25, 16.49184],
			"rotation": {"angle": 0, "axis": "y", "origin": [11.5, 8.75, 15]},
			"faces": {
				"north": {"uv": [8, 9, 9, 10], "texture": "#8"},
				"east": {"uv": [8, 9, 9, 10], "texture": "#8"},
				"south": {"uv": [8, 9, 9, 10], "texture": "#8"},
				"west": {"uv": [8, 9, 9, 10], "texture": "#8"},
				"up": {"uv": [8, 9, 9, 10], "texture": "#8"},
				"down": {"uv": [8, 9, 9, 10], "texture": "#8"}
			}
		},
		{
			"name": "hexadecagon",
			"from": [3.26842, 7.25, 12.72001],
			"to": [3.86515, 10.25, 13.32001],
			"rotation": {"angle": -45, "axis": "y", "origin": [3.41842, 8.75, 14.01001]},
			"faces": {
				"north": {"uv": [8, 9, 9, 10], "texture": "#8"},
				"east": {"uv": [8, 9, 9, 10], "texture": "#8"},
				"south": {"uv": [8, 9, 9, 10], "texture": "#8"},
				"west": {"uv": [8, 9, 9, 10], "texture": "#8"},
				"up": {"uv": [8, 9, 9, 10], "texture": "#8"},
				"down": {"uv": [8, 9, 9, 10], "texture": "#8"}
			}
		},
		{
			"name": "hexadecagon",
			"from": [-1.54837, 7.25, 10.65],
			"to": [-0.95163, 10.25, 11.25],
			"rotation": {"angle": -45, "axis": "y", "origin": [-1.25, 8.75, 9.75]},
			"faces": {
				"north": {"uv": [8, 9, 9, 10], "texture": "#8"},
				"east": {"uv": [8, 9, 9, 10], "texture": "#8"},
				"south": {"uv": [8, 9, 9, 10], "texture": "#8"},
				"west": {"uv": [8, 9, 9, 10], "texture": "#8"},
				"up": {"uv": [8, 9, 9, 10], "texture": "#8"},
				"down": {"uv": [8, 9, 9, 10], "texture": "#8"}
			}
		},
		{
			"name": "hexadecagon",
			"from": [-2.92353, 7.25, 12.76341],
			"to": [3.67321, 10.25, 13.36341],
			"rotation": {"angle": -22.5, "axis": "y", "origin": [3.37484, 8.75, 14.26341]},
			"faces": {
				"north": {"uv": [8, 9, 9, 10], "texture": "#8"},
				"east": {"uv": [8, 9, 9, 10], "texture": "#8"},
				"south": {"uv": [8, 9, 9, 10], "texture": "#8"},
				"west": {"uv": [8, 9, 9, 10], "texture": "#8"},
				"up": {"uv": [8, 9, 9, 10], "texture": "#8"},
				"down": {"uv": [8, 9, 9, 10], "texture": "#8"}
			}
		},
		{
			"name": "hexadecagon",
			"from": [4.27484, 7.25, 13.96504],
			"to": [4.87484, 10.25, 14.56178],
			"rotation": {"angle": 0, "axis": "y", "origin": [3.55484, 8.75, 14.26341]},
			"faces": {
				"north": {"uv": [8, 9, 9, 10], "texture": "#8"},
				"east": {"uv": [8, 9, 9, 10], "texture": "#8"},
				"south": {"uv": [8, 9, 9, 10], "texture": "#8"},
				"west": {"uv": [8, 9, 9, 10], "texture": "#8"},
				"up": {"uv": [8, 9, 9, 10], "texture": "#8"},
				"down": {"uv": [8, 9, 9, 10], "texture": "#8"}
			}
		},
		{
			"name": "hexadecagon",
			"from": [-2.32516, 7.25, 0.29547],
			"to": [19.27484, 10.25, 1.04547],
			"rotation": {"angle": 0, "axis": "y", "origin": [-0.82516, 8.75, 7.79547]},
			"faces": {
				"north": {"uv": [8, 9, 9, 10], "texture": "#8"},
				"east": {"uv": [8, 9, 9, 10], "texture": "#8"},
				"south": {"uv": [8, 9, 9, 10], "texture": "#8"},
				"west": {"uv": [8, 9, 9, 10], "texture": "#8"},
				"up": {"uv": [8, 9, 9, 10], "texture": "#8"},
				"down": {"uv": [8, 9, 9, 10], "texture": "#8"}
			}
		},
		{
			"name": "hexadecagon",
			"from": [-2.75, 7.25, 0.29837],
			"to": [-2.15, 10.25, 10.04837],
			"rotation": {"angle": 0, "axis": "y", "origin": [-1.25, 8.75, 7.34674]},
			"faces": {
				"north": {"uv": [8, 9, 9, 10], "texture": "#8"},
				"east": {"uv": [8, 9, 9, 10], "texture": "#8"},
				"south": {"uv": [8, 9, 9, 10], "texture": "#8"},
				"west": {"uv": [8, 9, 9, 10], "texture": "#8"},
				"up": {"uv": [8, 9, 9, 10], "texture": "#8"},
				"down": {"uv": [8, 9, 9, 10], "texture": "#8"}
			}
		},
		{
			"name": "hexadecagon",
			"from": [4.26114, 7.25, 13.89616],
			"to": [4.86114, 10.25, 14.4929],
			"rotation": {"angle": 22.5, "axis": "y", "origin": [3.54114, 8.75, 14.19453]},
			"faces": {
				"north": {"uv": [8, 9, 9, 10], "texture": "#8"},
				"east": {"uv": [8, 9, 9, 10], "texture": "#8"},
				"south": {"uv": [8, 9, 9, 10], "texture": "#8"},
				"west": {"uv": [8, 9, 9, 10], "texture": "#8"},
				"up": {"uv": [8, 9, 9, 10], "texture": "#8"},
				"down": {"uv": [8, 9, 9, 10], "texture": "#8"}
			}
		},
		{
			"name": "hexadecagon",
			"from": [-2.75, 7.25, 9.45163],
			"to": [-2.15, 10.25, 10.04837],
			"rotation": {"angle": 22.5, "axis": "y", "origin": [-1.25, 8.75, 9.75]},
			"faces": {
				"north": {"uv": [8, 9, 9, 10], "texture": "#8"},
				"east": {"uv": [8, 9, 9, 10], "texture": "#8"},
				"south": {"uv": [8, 9, 9, 10], "texture": "#8"},
				"west": {"uv": [8, 9, 9, 10], "texture": "#8"},
				"up": {"uv": [8, 9, 9, 10], "texture": "#8"},
				"down": {"uv": [8, 9, 9, 10], "texture": "#8"}
			}
		},
		{
			"from": [18.52484, 7.25, 1.04547],
			"to": [19.27484, 10.25, 16.79547],
			"rotation": {"angle": 0, "axis": "y", "origin": [18.52484, 11.75, 7.04547]},
			"faces": {
				"north": {"uv": [8, 9, 9, 10], "texture": "#8"},
				"east": {"uv": [8, 9, 9, 10], "texture": "#8"},
				"south": {"uv": [8, 9, 9, 10], "texture": "#8"},
				"west": {"uv": [8, 9, 9, 10], "texture": "#8"},
				"up": {"uv": [8, 9, 9, 10], "texture": "#8"},
				"down": {"uv": [8, 9, 9, 10], "texture": "#8"}
			}
		},
		{
			"from": [-2.75, -1, 0.3],
			"to": [-2, 8, 1.05],
			"rotation": {"angle": 0, "axis": "y", "origin": [19, 29, 24.75]},
			"faces": {
				"north": {"uv": [8, 9, 9.25, 10], "texture": "#8"},
				"east": {"uv": [8, 9, 9.25, 10], "texture": "#8"},
				"south": {"uv": [8, 9, 9.25, 10], "texture": "#8"},
				"west": {"uv": [8, 9, 9.25, 10], "texture": "#8"},
				"up": {"uv": [8, 9, 9.25, 10], "texture": "#8"},
				"down": {"uv": [8, 9, 9.25, 10], "texture": "#8"}
			}
		},
		{
			"from": [18.52484, -1, 0.29547],
			"to": [19.27484, 10.25, 1.04547],
			"rotation": {"angle": 0, "axis": "y", "origin": [39.97484, 31.25, 24.74547]},
			"faces": {
				"north": {"uv": [8, 9, 9.25, 10], "texture": "#8"},
				"east": {"uv": [8, 9, 9.25, 10], "texture": "#8"},
				"south": {"uv": [8, 9, 9.25, 10], "texture": "#8"},
				"west": {"uv": [8, 9, 9.25, 10], "texture": "#8"},
				"up": {"uv": [8, 9, 9.25, 10], "texture": "#8"},
				"down": {"uv": [8, 9, 9.25, 10], "texture": "#8"}
			}
		},
		{
			"from": [11.77484, -1, 18.29547],
			"to": [12.52484, 7.25, 19.04547],
			"rotation": {"angle": 0, "axis": "y", "origin": [33.22484, 31.25, 42.74547]},
			"faces": {
				"north": {"uv": [8, 9, 9.25, 10], "texture": "#8"},
				"east": {"uv": [8, 9, 9.25, 10], "texture": "#8"},
				"south": {"uv": [8, 9, 9.25, 10], "texture": "#8"},
				"west": {"uv": [8, 9, 9.25, 10], "texture": "#8"},
				"up": {"uv": [8, 9, 9.25, 10], "texture": "#8"},
				"down": {"uv": [8, 9, 9.25, 10], "texture": "#8"}
			}
		},
		{
			"from": [-2.75, 6.95, -3],
			"to": [19, 7.55, 0.75],
			"rotation": {"angle": 0, "axis": "y", "origin": [40, 29, 21]},
			"faces": {
				"north": {"uv": [0, 0, 7.25, 1], "texture": "#8"},
				"east": {"uv": [0, 0, 7.25, 1], "texture": "#8"},
				"south": {"uv": [0, 0, 7.25, 1], "texture": "#8"},
				"west": {"uv": [0, 0, 7.25, 1], "texture": "#8"},
				"up": {"uv": [0, 0, 7.25, 1], "texture": "#8"},
				"down": {"uv": [0, 0, 7.25, 1], "texture": "#8"}
			}
		},
		{
			"from": [-2.75, 7.25, -3],
			"to": [-2, 8.3, 0.75],
			"rotation": {"angle": 0, "axis": "y", "origin": [40, 29, 21]},
			"faces": {
				"north": {"uv": [0, 0, 0.25, 1], "texture": "#8"},
				"east": {"uv": [0, 0, 0.25, 1], "texture": "#8"},
				"south": {"uv": [0, 0, 0.25, 1], "texture": "#8"},
				"west": {"uv": [0, 0, 0.25, 1], "texture": "#8"},
				"up": {"uv": [0, 0, 0.25, 1], "texture": "#8"},
				"down": {"uv": [0, 0, 0.25, 1], "texture": "#8"}
			}
		},
		{
			"from": [18.25, 7.25, -3],
			"to": [19, 8.3, 0.75],
			"rotation": {"angle": 0, "axis": "y", "origin": [61, 29, 21]},
			"faces": {
				"north": {"uv": [0, 0, 0.25, 1], "texture": "#8"},
				"east": {"uv": [0, 0, 0.25, 1], "texture": "#8"},
				"south": {"uv": [0, 0, 0.25, 1], "texture": "#8"},
				"west": {"uv": [0, 0, 0.25, 1], "texture": "#8"},
				"up": {"uv": [0, 0, 0.25, 1], "texture": "#8"},
				"down": {"uv": [0, 0, 0.25, 1], "texture": "#8"}
			}
		},
		{
			"from": [-2, 7.55, -3],
			"to": [18.25, 7.85, 0.75],
			"rotation": {"angle": 0, "axis": "y", "origin": [60.25, 29, 21]},
			"faces": {
				"north": {"uv": [0.024, 9.593, 15.985, 10.12], "rotation": 180, "texture": "#7"},
				"east": {"uv": [0.024, 5.798, 15.985, 10.12], "rotation": 180, "texture": "#7"},
				"south": {"uv": [0.024, 5.798, 15.985, 10.12], "rotation": 180, "texture": "#7"},
				"west": {"uv": [0.024, 5.798, 15.985, 10.12], "rotation": 180, "texture": "#7"},
				"up": {"uv": [0.024, 5.798, 15.985, 10.12], "rotation": 180, "texture": "#7"},
				"down": {"uv": [0.024, 5.798, 15.985, 10.12], "rotation": 180, "texture": "#7"}
			}
		},
		{
			"from": [1, 8, 1.5],
			"to": [1.15, 8.15, 10.5],
			"rotation": {"angle": 0, "axis": "y", "origin": [25, 32, 32.25]},
			"faces": {
				"north": {"uv": [0, 0, 15.8, 16], "texture": "#9"},
				"east": {"uv": [0, 0, 15.8, 16], "texture": "#9"},
				"south": {"uv": [0, 0, 15.8, 16], "texture": "#9"},
				"west": {"uv": [0, 0, 15.8, 16], "texture": "#9"},
				"up": {"uv": [0, 0, 15.8, 16], "texture": "#9"},
				"down": {"uv": [0, 0, 15.8, 16], "texture": "#9"}
			}
		},
		{
			"from": [-1.25, 8, 0.75],
			"to": [-1.1, 8.15, 10.5],
			"rotation": {"angle": 0, "axis": "y", "origin": [22.75, 32, 31.5]},
			"faces": {
				"north": {"uv": [0, 0, 15.8, 16], "texture": "#9"},
				"east": {"uv": [0, 0, 15.8, 16], "texture": "#9"},
				"south": {"uv": [0, 0, 15.8, 16], "texture": "#9"},
				"west": {"uv": [0, 0, 15.8, 16], "texture": "#9"},
				"up": {"uv": [0, 0, 15.8, 16], "texture": "#9"},
				"down": {"uv": [0, 0, 15.8, 16], "texture": "#9"}
			}
		},
		{
			"from": [-2.46299, 7.4, 3.80709],
			"to": [3.68701, 7.55, 4.55709],
			"rotation": {"angle": 0, "axis": "y", "origin": [21.53701, 31.25, 31.55709]},
			"faces": {
				"north": {"uv": [0, 0, 2.05, 0.25], "texture": "#10"},
				"east": {"uv": [0, 0, 2.05, 0.25], "texture": "#10"},
				"south": {"uv": [0, 0, 2.05, 0.25], "texture": "#10"},
				"west": {"uv": [0, 0, 2.05, 0.25], "texture": "#10"},
				"up": {"uv": [0, 0, 2.05, 0.25], "texture": "#10"},
				"down": {"uv": [0, 0, 2.05, 0.25], "texture": "#10"}
			}
		},
		{
			"from": [2.94328, 7.4, 6.0461],
			"to": [9.09328, 7.55, 6.7961],
			"rotation": {"angle": -22.5, "axis": "y", "origin": [8.94328, 7.25, 6.7961]},
			"faces": {
				"north": {"uv": [0, 0, 2.05, 0.25], "texture": "#10"},
				"east": {"uv": [0, 0, 2.05, 0.25], "texture": "#10"},
				"south": {"uv": [0, 0, 2.05, 0.25], "texture": "#10"},
				"west": {"uv": [0, 0, 2.05, 0.25], "texture": "#10"},
				"up": {"uv": [0, 0, 2.05, 0.25], "texture": "#10"},
				"down": {"uv": [0, 0, 2.05, 0.25], "texture": "#10"}
			}
		},
		{
			"from": [7.08118, 7.4, 10.18356],
			"to": [20.73118, 7.55, 10.93356],
			"rotation": {"angle": -45, "axis": "y", "origin": [13.08118, 7.25, 10.93356]},
			"faces": {
				"north": {"uv": [0, 0, 4.55, 0.25], "texture": "#10"},
				"east": {"uv": [0, 0, 4.55, 0.25], "texture": "#10"},
				"south": {"uv": [0, 0, 4.55, 0.25], "texture": "#10"},
				"west": {"uv": [0, 0, 4.55, 0.25], "texture": "#10"},
				"up": {"uv": [0, 0, 4.55, 0.25], "texture": "#10"},
				"down": {"uv": [0, 0, 4.55, 0.25], "texture": "#10"}
			}
		},
		{
			"from": [-0.5, 8, 1.5],
			"to": [-0.35, 8.15, 10.5],
			"rotation": {"angle": 0, "axis": "y", "origin": [23.5, 32, 32.25]},
			"faces": {
				"north": {"uv": [0, 0, 15.8, 16], "texture": "#9"},
				"east": {"uv": [0, 0, 15.8, 16], "texture": "#9"},
				"south": {"uv": [0, 0, 15.8, 16], "texture": "#9"},
				"west": {"uv": [0, 0, 15.8, 16], "texture": "#9"},
				"up": {"uv": [0, 0, 15.8, 16], "texture": "#9"},
				"down": {"uv": [0, 0, 15.8, 16], "texture": "#9"}
			}
		},
		{
			"from": [0.25, 8, 0.75],
			"to": [0.4, 8.15, 10.5],
			"rotation": {"angle": 0, "axis": "y", "origin": [24.25, 32, 31.5]},
			"faces": {
				"north": {"uv": [0, 0, 15.8, 16], "texture": "#9"},
				"east": {"uv": [0, 0, 15.8, 16], "texture": "#9"},
				"south": {"uv": [0, 0, 15.8, 16], "texture": "#9"},
				"west": {"uv": [0, 0, 15.8, 16], "texture": "#9"},
				"up": {"uv": [0, 0, 15.8, 16], "texture": "#9"},
				"down": {"uv": [0, 0, 15.8, 16], "texture": "#9"}
			}
		},
		{
			"from": [1.75, 8, 0.75],
			"to": [1.9, 8.15, 10.5],
			"rotation": {"angle": 0, "axis": "y", "origin": [25.75, 32, 31.5]},
			"faces": {
				"north": {"uv": [0, 0, 15.8, 16], "texture": "#9"},
				"east": {"uv": [0, 0, 15.8, 16], "texture": "#9"},
				"south": {"uv": [0, 0, 15.8, 16], "texture": "#9"},
				"west": {"uv": [0, 0, 15.8, 16], "texture": "#9"},
				"up": {"uv": [0, 0, 15.8, 16], "texture": "#9"},
				"down": {"uv": [0, 0, 15.8, 16], "texture": "#9"}
			}
		},
		{
			"from": [2.5, 8, 1.5],
			"to": [2.65, 8.15, 10.5],
			"rotation": {"angle": 0, "axis": "y", "origin": [26.5, 32, 32.25]},
			"faces": {
				"north": {"uv": [0, 0, 15.8, 16], "texture": "#9"},
				"east": {"uv": [0, 0, 15.8, 16], "texture": "#9"},
				"south": {"uv": [0, 0, 15.8, 16], "texture": "#9"},
				"west": {"uv": [0, 0, 15.8, 16], "texture": "#9"},
				"up": {"uv": [0, 0, 15.8, 16], "texture": "#9"},
				"down": {"uv": [0, 0, 15.8, 16], "texture": "#9"}
			}
		},
		{
			"from": [3.25, 8, 0.75],
			"to": [3.4, 8.15, 11.25],
			"rotation": {"angle": 0, "axis": "y", "origin": [27.25, 32, 31.5]},
			"faces": {
				"north": {"uv": [0, 0, 15.8, 16], "texture": "#9"},
				"east": {"uv": [0, 0, 15.8, 16], "texture": "#9"},
				"south": {"uv": [0, 0, 15.8, 16], "texture": "#9"},
				"west": {"uv": [0, 0, 15.8, 16], "texture": "#9"},
				"up": {"uv": [0, 0, 15.8, 16], "texture": "#9"},
				"down": {"uv": [0, 0, 15.8, 16], "texture": "#9"}
			}
		},
		{
			"from": [4, 8, 1.5],
			"to": [4.15, 8.15, 11.25],
			"rotation": {"angle": 0, "axis": "y", "origin": [28, 32, 32.25]},
			"faces": {
				"north": {"uv": [0, 0, 15.8, 16], "texture": "#9"},
				"east": {"uv": [0, 0, 15.8, 16], "texture": "#9"},
				"south": {"uv": [0, 0, 15.8, 16], "texture": "#9"},
				"west": {"uv": [0, 0, 15.8, 16], "texture": "#9"},
				"up": {"uv": [0, 0, 15.8, 16], "texture": "#9"},
				"down": {"uv": [0, 0, 15.8, 16], "texture": "#9"}
			}
		},
		{
			"from": [4.75, 8, 0.75],
			"to": [4.9, 8.15, 12.75],
			"rotation": {"angle": 0, "axis": "y", "origin": [28.75, 32, 31.5]},
			"faces": {
				"north": {"uv": [0, 0, 15.8, 16], "texture": "#9"},
				"east": {"uv": [0, 0, 15.8, 16], "texture": "#9"},
				"south": {"uv": [0, 0, 15.8, 16], "texture": "#9"},
				"west": {"uv": [0, 0, 15.8, 16], "texture": "#9"},
				"up": {"uv": [0, 0, 15.8, 16], "texture": "#9"},
				"down": {"uv": [0, 0, 15.8, 16], "texture": "#9"}
			}
		},
		{
			"from": [5.5, 8, 1.5],
			"to": [5.65, 8.15, 16.5],
			"rotation": {"angle": 0, "axis": "y", "origin": [29.5, 32, 32.25]},
			"faces": {
				"north": {"uv": [0, 0, 15.8, 16], "texture": "#9"},
				"east": {"uv": [0, 0, 15.8, 16], "texture": "#9"},
				"south": {"uv": [0, 0, 15.8, 16], "texture": "#9"},
				"west": {"uv": [0, 0, 15.8, 16], "texture": "#9"},
				"up": {"uv": [0, 0, 15.8, 16], "texture": "#9"},
				"down": {"uv": [0, 0, 15.8, 16], "texture": "#9"}
			}
		},
		{
			"from": [6.25, 8, 0.75],
			"to": [6.4, 8.15, 18],
			"rotation": {"angle": 0, "axis": "y", "origin": [30.25, 32, 31.5]},
			"faces": {
				"north": {"uv": [0, 0, 15.8, 16], "texture": "#9"},
				"east": {"uv": [0, 0, 15.8, 16], "texture": "#9"},
				"south": {"uv": [0, 0, 15.8, 16], "texture": "#9"},
				"west": {"uv": [0, 0, 15.8, 16], "texture": "#9"},
				"up": {"uv": [0, 0, 15.8, 16], "texture": "#9"},
				"down": {"uv": [0, 0, 15.8, 16], "texture": "#9"}
			}
		},
		{
			"from": [7, 8, 1.5],
			"to": [7.15, 8.15, 18.75],
			"rotation": {"angle": 0, "axis": "y", "origin": [31, 32, 32.25]},
			"faces": {
				"north": {"uv": [0, 0, 15.8, 16], "texture": "#9"},
				"east": {"uv": [0, 0, 15.8, 16], "texture": "#9"},
				"south": {"uv": [0, 0, 15.8, 16], "texture": "#9"},
				"west": {"uv": [0, 0, 15.8, 16], "texture": "#9"},
				"up": {"uv": [0, 0, 15.8, 16], "texture": "#9"},
				"down": {"uv": [0, 0, 15.8, 16], "texture": "#9"}
			}
		},
		{
			"from": [7.75, 8, 0.75],
			"to": [7.9, 8.15, 19.5],
			"rotation": {"angle": 0, "axis": "y", "origin": [31.75, 32, 31.5]},
			"faces": {
				"north": {"uv": [0, 0, 15.8, 16], "texture": "#9"},
				"east": {"uv": [0, 0, 15.8, 16], "texture": "#9"},
				"south": {"uv": [0, 0, 15.8, 16], "texture": "#9"},
				"west": {"uv": [0, 0, 15.8, 16], "texture": "#9"},
				"up": {"uv": [0, 0, 15.8, 16], "texture": "#9"},
				"down": {"uv": [0, 0, 15.8, 16], "texture": "#9"}
			}
		},
		{
			"name": "cube2",
			"from": [8.5, 8, 1.5],
			"to": [8.65, 8.15, 20.25],
			"rotation": {"angle": 0, "axis": "y", "origin": [32.5, 32, 32.25]},
			"faces": {
				"north": {"uv": [0, 0, 15.8, 16], "texture": "#9"},
				"east": {"uv": [0, 0, 15.8, 16], "texture": "#9"},
				"south": {"uv": [0, 0, 15.8, 16], "texture": "#9"},
				"west": {"uv": [0, 0, 15.8, 16], "texture": "#9"},
				"up": {"uv": [0, 0, 15.8, 16], "texture": "#9"},
				"down": {"uv": [0, 0, 15.8, 16], "texture": "#9"}
			}
		},
		{
			"from": [9.25, 8, 0.75],
			"to": [9.4, 8.15, 21],
			"rotation": {"angle": 0, "axis": "y", "origin": [33.25, 32, 31.5]},
			"faces": {
				"north": {"uv": [0, 0, 15.8, 16], "texture": "#9"},
				"east": {"uv": [0, 0, 15.8, 16], "texture": "#9"},
				"south": {"uv": [0, 0, 15.8, 16], "texture": "#9"},
				"west": {"uv": [0, 0, 15.8, 16], "texture": "#9"},
				"up": {"uv": [0, 0, 15.8, 16], "texture": "#9"},
				"down": {"uv": [0, 0, 15.8, 16], "texture": "#9"}
			}
		},
		{
			"from": [10, 8, 1.5],
			"to": [10.15, 8.15, 21.75],
			"rotation": {"angle": 0, "axis": "y", "origin": [34, 32, 32.25]},
			"faces": {
				"north": {"uv": [0, 0, 15.8, 16], "texture": "#9"},
				"east": {"uv": [0, 0, 15.8, 16], "texture": "#9"},
				"south": {"uv": [0, 0, 15.8, 16], "texture": "#9"},
				"west": {"uv": [0, 0, 15.8, 16], "texture": "#9"},
				"up": {"uv": [0, 0, 15.8, 16], "texture": "#9"},
				"down": {"uv": [0, 0, 15.8, 16], "texture": "#9"}
			}
		},
		{
			"from": [10.75, 8, 0.75],
			"to": [10.9, 8.15, 21.75],
			"rotation": {"angle": 0, "axis": "y", "origin": [34.75, 32, 31.5]},
			"faces": {
				"north": {"uv": [0, 0, 15.8, 16], "texture": "#9"},
				"east": {"uv": [0, 0, 15.8, 16], "texture": "#9"},
				"south": {"uv": [0, 0, 15.8, 16], "texture": "#9"},
				"west": {"uv": [0, 0, 15.8, 16], "texture": "#9"},
				"up": {"uv": [0, 0, 15.8, 16], "texture": "#9"},
				"down": {"uv": [0, 0, 15.8, 16], "texture": "#9"}
			}
		},
		{
			"from": [11.5, 8, 1.5],
			"to": [11.65, 8.15, 21.75],
			"rotation": {"angle": 0, "axis": "y", "origin": [35.5, 32, 32.25]},
			"faces": {
				"north": {"uv": [0, 0, 15.8, 16], "texture": "#9"},
				"east": {"uv": [0, 0, 15.8, 16], "texture": "#9"},
				"south": {"uv": [0, 0, 15.8, 16], "texture": "#9"},
				"west": {"uv": [0, 0, 15.8, 16], "texture": "#9"},
				"up": {"uv": [0, 0, 15.8, 16], "texture": "#9"},
				"down": {"uv": [0, 0, 15.8, 16], "texture": "#9"}
			}
		},
		{
			"from": [12.25, 8, 0.75],
			"to": [12.4, 8.15, 21.75],
			"rotation": {"angle": 0, "axis": "y", "origin": [36.25, 32, 31.5]},
			"faces": {
				"north": {"uv": [0, 0, 15.8, 16], "texture": "#9"},
				"east": {"uv": [0, 0, 15.8, 16], "texture": "#9"},
				"south": {"uv": [0, 0, 15.8, 16], "texture": "#9"},
				"west": {"uv": [0, 0, 15.8, 16], "texture": "#9"},
				"up": {"uv": [0, 0, 15.8, 16], "texture": "#9"},
				"down": {"uv": [0, 0, 15.8, 16], "texture": "#9"}
			}
		},
		{
			"from": [13, 8, 1.5],
			"to": [13.15, 8.15, 21.75],
			"rotation": {"angle": 0, "axis": "y", "origin": [37, 32, 32.25]},
			"faces": {
				"north": {"uv": [0, 0, 15.8, 16], "texture": "#9"},
				"east": {"uv": [0, 0, 15.8, 16], "texture": "#9"},
				"south": {"uv": [0, 0, 15.8, 16], "texture": "#9"},
				"west": {"uv": [0, 0, 15.8, 16], "texture": "#9"},
				"up": {"uv": [0, 0, 15.8, 16], "texture": "#9"},
				"down": {"uv": [0, 0, 15.8, 16], "texture": "#9"}
			}
		},
		{
			"from": [13.75, 8, 0.75],
			"to": [13.9, 8.15, 21.75],
			"rotation": {"angle": 0, "axis": "y", "origin": [37.75, 32, 31.5]},
			"faces": {
				"north": {"uv": [0, 0, 15.8, 16], "texture": "#9"},
				"east": {"uv": [0, 0, 15.8, 16], "texture": "#9"},
				"south": {"uv": [0, 0, 15.8, 16], "texture": "#9"},
				"west": {"uv": [0, 0, 15.8, 16], "texture": "#9"},
				"up": {"uv": [0, 0, 15.8, 16], "texture": "#9"},
				"down": {"uv": [0, 0, 15.8, 16], "texture": "#9"}
			}
		},
		{
			"from": [14.5, 8, 1.5],
			"to": [14.65, 8.15, 21.75],
			"rotation": {"angle": 0, "axis": "y", "origin": [38.5, 32, 32.25]},
			"faces": {
				"north": {"uv": [0, 0, 15.8, 16], "texture": "#9"},
				"east": {"uv": [0, 0, 15.8, 16], "texture": "#9"},
				"south": {"uv": [0, 0, 15.8, 16], "texture": "#9"},
				"west": {"uv": [0, 0, 15.8, 16], "texture": "#9"},
				"up": {"uv": [0, 0, 15.8, 16], "texture": "#9"},
				"down": {"uv": [0, 0, 15.8, 16], "texture": "#9"}
			}
		},
		{
			"from": [15.25, 8, 0.75],
			"to": [15.4, 8.15, 21],
			"rotation": {"angle": 0, "axis": "y", "origin": [39.25, 32, 31.5]},
			"faces": {
				"north": {"uv": [0, 0, 15.8, 16], "texture": "#9"},
				"east": {"uv": [0, 0, 15.8, 16], "texture": "#9"},
				"south": {"uv": [0, 0, 15.8, 16], "texture": "#9"},
				"west": {"uv": [0, 0, 15.8, 16], "texture": "#9"},
				"up": {"uv": [0, 0, 15.8, 16], "texture": "#9"},
				"down": {"uv": [0, 0, 15.8, 16], "texture": "#9"}
			}
		},
		{
			"from": [16, 8, 1.5],
			"to": [16.15, 8.15, 20.25],
			"rotation": {"angle": 0, "axis": "y", "origin": [40, 32, 32.25]},
			"faces": {
				"north": {"uv": [0, 0, 15.8, 16], "texture": "#9"},
				"east": {"uv": [0, 0, 15.8, 16], "texture": "#9"},
				"south": {"uv": [0, 0, 15.8, 16], "texture": "#9"},
				"west": {"uv": [0, 0, 15.8, 16], "texture": "#9"},
				"up": {"uv": [0, 0, 15.8, 16], "texture": "#9"},
				"down": {"uv": [0, 0, 15.8, 16], "texture": "#9"}
			}
		},
		{
			"from": [16.75, 8, 0.75],
			"to": [16.9, 8.15, 19.5],
			"rotation": {"angle": 0, "axis": "y", "origin": [40.75, 32, 31.5]},
			"faces": {
				"north": {"uv": [0, 0, 15.8, 16], "texture": "#9"},
				"east": {"uv": [0, 0, 15.8, 16], "texture": "#9"},
				"south": {"uv": [0, 0, 15.8, 16], "texture": "#9"},
				"west": {"uv": [0, 0, 15.8, 16], "texture": "#9"},
				"up": {"uv": [0, 0, 15.8, 16], "texture": "#9"},
				"down": {"uv": [0, 0, 15.8, 16], "texture": "#9"}
			}
		},
		{
			"from": [17.5, 8, 1.5],
			"to": [17.65, 8.15, 18.75],
			"rotation": {"angle": 0, "axis": "y", "origin": [41.5, 32, 32.25]},
			"faces": {
				"north": {"uv": [0, 0, 15.8, 16], "texture": "#9"},
				"east": {"uv": [0, 0, 15.8, 16], "texture": "#9"},
				"south": {"uv": [0, 0, 15.8, 16], "texture": "#9"},
				"west": {"uv": [0, 0, 15.8, 16], "texture": "#9"},
				"up": {"uv": [0, 0, 15.8, 16], "texture": "#9"},
				"down": {"uv": [0, 0, 15.8, 16], "texture": "#9"}
			}
		}
	],
	"display": {
		"thirdperson_righthand": {
			"translation": [0, 1.25, 0],
			"scale": [2, 2, 2]
		},
		"thirdperson_lefthand": {
			"translation": [0, 1.25, 0],
			"scale": [2, 2, 2]
		},
		"firstperson_righthand": {
			"rotation": [0, 118, 0],
			"translation": [-1.5, 6, 5],
			"scale": [0.25, 0.25, 0.25]
		},
		"firstperson_lefthand": {
			"rotation": [0, 118, 0],
			"translation": [-1.5, 6, 5],
			"scale": [0.25, 0.25, 0.25]
		},
		"ground": {
			"translation": [0, 9, 0],
			"scale": [1.5, 1.5, 1.5]
		},
		"gui": {
			"translation": [0.5, -0.75, 0],
			"scale": [0.67, 0.48, 1]
		},
		"head": {
			"translation": [-11, 8, -7.75],
			"scale": [3.5, 3.5, 3.5]
		},
		"fixed": {
			"rotation": [0, -5, 0],
			"translation": [0.25, 0.25, -0.5],
			"scale": [0.66, 1, 0.27]
		}
	},
	"groups": [
		{
			"name": "Piano",
			"origin": [8, 8, 8],
			"children": [
				{
					"name": "Lid",
					"origin": [8, 8, 8],
					"children": [0]
				},
				{
					"name": "Bottom",
					"origin": [8, 8, 8],
					"children": [1, 2]
				},
				{
					"name": "Body",
					"origin": [8, 8, 8],
					"children": [3, 4, 5, 6, 7, 8, 9, 10, 11,
						{
							"name": "hexadecagon",
							"origin": [8, 8, 8],
							"children": [12, 13, 14, 15, 16, 17, 18, 19]
						}, 20]
				},
				{
					"name": "Legs",
					"origin": [8, 8, 8],
					"children": [21, 22, 23]
				},
				{
					"name": "Keyboard",
					"origin": [8, 8, 8],
					"children": [24, 25, 26, 27]
				},
				{
					"name": "Strings",
					"origin": [21.5, 11, 17.75],
					"children": [28, 29, 30, 31, 32, 33, 34, 35, 36, 37, 38, 39, 40, 41, 42, 43, 44, 45, 46, 47, 48, 49, 50, 51, 52, 53, 54, 55, 56]
				}
			]
		}
	]
}